id,role_id:id,skill_id:id,importance
req_cook_cooking_methods,spec_cook,spec_cooking_methods,core
req_cook_following_recipes,spec_cook,spec_following_recipes,core
req_cook_food_safety_basics,spec_cook,spec_food_safety_basics,core
req_cook_personal_hygiene,spec_cook,spec_personal_hygiene,core
req_cook_knife_skills,spec_cook,spec_knife_skills,core
req_cook_mise_en_place,spec_cook,spec_mise_en_place,core
req_cook_tasting_and_seasoning,spec_cook,spec_tasting_and_seasoning,core
req_cook_temperature_control,spec_cook,spec_temperature_control,core
req_cook_portion_control,spec_cook,spec_portion_control,common
req_cook_plating,spec_cook,spec_plating,common
req_cook_gas_range_safety,spec_cook,spec_gas_range_safety,common
req_cook_slip_and_burn_prevention,spec_cook,spec_slip_and_burn_prevention,common
req_cook_teamwork,spec_cook,spec_teamwork,common
req_cook_doneness_testing,spec_cook,spec_doneness_testing,common
req_cook_allergen_management,spec_cook,spec_allergen_management,common
req_line_cook_reading_order_tickets,spec_line_cook,spec_reading_order_tickets,core
req_line_cook_cooking_methods,spec_line_cook,spec_cooking_methods,core
req_line_cook_mise_en_place,spec_line_cook,spec_mise_en_place,core
req_line_cook_station_management,spec_line_cook,spec_station_management,core
req_line_cook_plating,spec_line_cook,spec_plating,core
req_line_cook_time_management,spec_line_cook,spec_time_management,core
req_line_cook_portion_control,spec_line_cook,spec_portion_control,core
req_line_cook_food_safety_basics,spec_line_cook,spec_food_safety_basics,core
req_line_cook_sauteing_pan_frying,spec_line_cook,spec_sauteing_pan_frying,common
req_line_cook_grilling_broiling,spec_line_cook,spec_grilling_broiling,common
req_line_cook_griddle_cooking,spec_line_cook,spec_griddle_cooking,common
req_line_cook_teamwork,spec_line_cook,spec_teamwork,common
req_line_cook_shift_handover,spec_line_cook,spec_shift_handover,common
req_line_cook_slip_and_burn_prevention,spec_line_cook,spec_slip_and_burn_prevention,common
req_prep_knife_skills,spec_prep,spec_knife_skills,core
req_prep_knife_safety,spec_prep,spec_knife_safety,core
req_prep_mise_en_place,spec_prep,spec_mise_en_place,core
req_prep_greens_washing_disinfection,spec_prep,spec_greens_washing_disinfection,core
req_prep_food_labeling,spec_prep,spec_food_labeling,core
req_prep_stock_rotation_fifo,spec_prep,spec_stock_rotation_fifo,core
req_prep_following_recipes,spec_prep,spec_following_recipes,core
req_prep_food_safety_basics,spec_prep,spec_food_safety_basics,core
req_prep_personal_hygiene,spec_prep,spec_personal_hygiene,core
req_prep_classical_vegetable_cuts,spec_prep,spec_classical_vegetable_cuts,common
req_prep_cold_chain_handling,spec_prep,spec_cold_chain_handling,common
req_prep_kitchen_food_machines,spec_prep,spec_kitchen_food_machines,common
req_prep_legume_and_grain_preparation,spec_prep,spec_legume_and_grain_preparation,common
req_prep_meat_marinating,spec_prep,spec_meat_marinating,common
req_commis_cook_mise_en_place,spec_commis_cook,spec_mise_en_place,core
req_commis_cook_knife_skills,spec_commis_cook,spec_knife_skills,core
req_commis_cook_knife_safety,spec_commis_cook,spec_knife_safety,core
req_commis_cook_following_recipes,spec_commis_cook,spec_following_recipes,core
req_commis_cook_food_safety_basics,spec_commis_cook,spec_food_safety_basics,core
req_commis_cook_personal_hygiene,spec_commis_cook,spec_personal_hygiene,core
req_commis_cook_teamwork,spec_commis_cook,spec_teamwork,core
req_commis_cook_cooking_methods,spec_commis_cook,spec_cooking_methods,common
req_commis_cook_cleaning_sanitation_routines,spec_commis_cook,spec_cleaning_sanitation_routines,common
req_commis_cook_stock_rotation_fifo,spec_commis_cook,spec_stock_rotation_fifo,common
req_commis_cook_slip_and_burn_prevention,spec_commis_cook,spec_slip_and_burn_prevention,common
req_commis_cook_culinary_terminology,spec_commis_cook,spec_culinary_terminology,common
req_dishwashing_dishwasher_operation,spec_dishwashing,spec_dishwasher_operation,core
req_dishwashing_pot_and_pan_washing,spec_dishwashing,spec_pot_and_pan_washing,core
req_dishwashing_cleaning_chemicals_safety,spec_dishwashing,spec_cleaning_chemicals_safety,core
req_dishwashing_cleaning_sanitation_routines,spec_dishwashing,spec_cleaning_sanitation_routines,core
req_dishwashing_personal_hygiene,spec_dishwashing,spec_personal_hygiene,core
req_dishwashing_slip_and_burn_prevention,spec_dishwashing,spec_slip_and_burn_prevention,core
req_dishwashing_crockery_and_cutlery_care,spec_dishwashing,spec_crockery_and_cutlery_care,common
req_dishwashing_waste_sorting,spec_dishwashing,spec_waste_sorting,common
req_dishwashing_manual_handling,spec_dishwashing,spec_manual_handling,common
req_dishwashing_teamwork,spec_dishwashing,spec_teamwork,common
req_dishwashing_equipment_cleaning_basics,spec_dishwashing,spec_equipment_cleaning_basics,common
req_chef_menu_development,spec_chef,spec_menu_development,core
req_chef_team_leadership,spec_chef,spec_team_leadership,core
req_chef_menu_costing,spec_chef,spec_menu_costing,core
req_chef_cost_control,spec_chef,spec_cost_control,core
req_chef_haccp,spec_chef,spec_haccp,core
req_chef_allergen_management,spec_chef,spec_allergen_management,core
req_chef_standard_recipe_cards,spec_chef,spec_standard_recipe_cards,core
req_chef_tasting_and_seasoning,spec_chef,spec_tasting_and_seasoning,core
req_chef_plating,spec_chef,spec_plating,core
req_chef_health_inspection_readiness,spec_chef,spec_health_inspection_readiness,core
req_chef_staff_scheduling,spec_chef,spec_staff_scheduling,common
req_chef_kitchen_ordering_par_levels,spec_chef,spec_kitchen_ordering_par_levels,common
req_chef_coaching_others,spec_chef,spec_coaching_others,common
req_chef_food_waste_reduction,spec_chef,spec_food_waste_reduction,common
req_kitchen_porter_manual_handling,spec_kitchen_porter,spec_manual_handling,core
req_kitchen_porter_waste_sorting,spec_kitchen_porter,spec_waste_sorting,core
req_kitchen_porter_cleaning_sanitation_routines,spec_kitchen_porter,spec_cleaning_sanitation_routines,core
req_kitchen_porter_personal_hygiene,spec_kitchen_porter,spec_personal_hygiene,core
req_kitchen_porter_slip_and_burn_prevention,spec_kitchen_porter,spec_slip_and_burn_prevention,core
req_kitchen_porter_receiving_deliveries,spec_kitchen_porter,spec_receiving_deliveries,common
req_kitchen_porter_stock_rotation_fifo,spec_kitchen_porter,spec_stock_rotation_fifo,common
req_kitchen_porter_cleaning_chemicals_safety,spec_kitchen_porter,spec_cleaning_chemicals_safety,common
req_kitchen_porter_kitchen_deep_cleaning,spec_kitchen_porter,spec_kitchen_deep_cleaning,common
req_kitchen_porter_pot_and_pan_washing,spec_kitchen_porter,spec_pot_and_pan_washing,common
req_kitchen_porter_cold_chain_handling,spec_kitchen_porter,spec_cold_chain_handling,common
req_kitchen_porter_teamwork,spec_kitchen_porter,spec_teamwork,common
req_kitchen_steward_team_leadership,spec_kitchen_steward,spec_team_leadership,core
req_kitchen_steward_inventory_counting,spec_kitchen_steward,spec_inventory_counting,core
req_kitchen_steward_crockery_and_cutlery_care,spec_kitchen_steward,spec_crockery_and_cutlery_care,core
req_kitchen_steward_cleaning_chemicals_safety,spec_kitchen_steward,spec_cleaning_chemicals_safety,core
req_kitchen_steward_dishwasher_operation,spec_kitchen_steward,spec_dishwasher_operation,core
req_kitchen_steward_kitchen_deep_cleaning,spec_kitchen_steward,spec_kitchen_deep_cleaning,core
req_kitchen_steward_staff_scheduling,spec_kitchen_steward,spec_staff_scheduling,common
req_kitchen_steward_pest_prevention,spec_kitchen_steward,spec_pest_prevention,common
req_kitchen_steward_waste_sorting,spec_kitchen_steward,spec_waste_sorting,common
req_kitchen_steward_health_inspection_readiness,spec_kitchen_steward,spec_health_inspection_readiness,common
req_kitchen_steward_cost_control,spec_kitchen_steward,spec_cost_control,common
req_kitchen_steward_coaching_others,spec_kitchen_steward,spec_coaching_others,common
req_kitchen_apprentice_personal_hygiene,spec_kitchen_apprentice,spec_personal_hygiene,core
req_kitchen_apprentice_food_safety_basics,spec_kitchen_apprentice,spec_food_safety_basics,core
req_kitchen_apprentice_knife_safety,spec_kitchen_apprentice,spec_knife_safety,core
req_kitchen_apprentice_following_recipes,spec_kitchen_apprentice,spec_following_recipes,core
req_kitchen_apprentice_teamwork,spec_kitchen_apprentice,spec_teamwork,core
req_kitchen_apprentice_slip_and_burn_prevention,spec_kitchen_apprentice,spec_slip_and_burn_prevention,core
req_kitchen_apprentice_knife_skills,spec_kitchen_apprentice,spec_knife_skills,common
req_kitchen_apprentice_mise_en_place,spec_kitchen_apprentice,spec_mise_en_place,common
req_kitchen_apprentice_culinary_terminology,spec_kitchen_apprentice,spec_culinary_terminology,common
req_kitchen_apprentice_cleaning_sanitation_routines,spec_kitchen_apprentice,spec_cleaning_sanitation_routines,common
req_chef_de_partie_station_management,spec_chef_de_partie,spec_station_management,core
req_chef_de_partie_cooking_methods,spec_chef_de_partie,spec_cooking_methods,core
req_chef_de_partie_mise_en_place,spec_chef_de_partie,spec_mise_en_place,core
req_chef_de_partie_plating,spec_chef_de_partie,spec_plating,core
req_chef_de_partie_tasting_and_seasoning,spec_chef_de_partie,spec_tasting_and_seasoning,core
req_chef_de_partie_coaching_others,spec_chef_de_partie,spec_coaching_others,core
req_chef_de_partie_food_safety_basics,spec_chef_de_partie,spec_food_safety_basics,core
req_chef_de_partie_portion_control,spec_chef_de_partie,spec_portion_control,core
req_chef_de_partie_kitchen_ordering_par_levels,spec_chef_de_partie,spec_kitchen_ordering_par_levels,common
req_chef_de_partie_haccp,spec_chef_de_partie,spec_haccp,common
req_chef_de_partie_shift_handover,spec_chef_de_partie,spec_shift_handover,common
req_chef_de_partie_standard_recipe_cards,spec_chef_de_partie,spec_standard_recipe_cards,common
req_sous_chef_team_leadership,spec_sous_chef,spec_team_leadership,core
req_sous_chef_staff_scheduling,spec_sous_chef,spec_staff_scheduling,core
req_sous_chef_expediting_the_pass,spec_sous_chef,spec_expediting_the_pass,core
req_sous_chef_cooking_methods,spec_sous_chef,spec_cooking_methods,core
req_sous_chef_haccp,spec_sous_chef,spec_haccp,core
req_sous_chef_kitchen_ordering_par_levels,spec_sous_chef,spec_kitchen_ordering_par_levels,core
req_sous_chef_coaching_others,spec_sous_chef,spec_coaching_others,core
req_sous_chef_shift_handover,spec_sous_chef,spec_shift_handover,core
req_sous_chef_inventory_counting,spec_sous_chef,spec_inventory_counting,common
req_sous_chef_cost_control,spec_sous_chef,spec_cost_control,common
req_sous_chef_standard_recipe_cards,spec_sous_chef,spec_standard_recipe_cards,common
req_sous_chef_health_inspection_readiness,spec_sous_chef,spec_health_inspection_readiness,common
req_sous_chef_food_waste_reduction,spec_sous_chef,spec_food_waste_reduction,common
req_sous_chef_plating,spec_sous_chef,spec_plating,common
req_executive_chef_team_leadership,spec_executive_chef,spec_team_leadership,core
req_executive_chef_menu_development,spec_executive_chef,spec_menu_development,core
req_executive_chef_cost_control,spec_executive_chef,spec_cost_control,core
req_executive_chef_menu_costing,spec_executive_chef,spec_menu_costing,core
req_executive_chef_haccp,spec_executive_chef,spec_haccp,core
req_executive_chef_kitchen_production_planning,spec_executive_chef,spec_kitchen_production_planning,core
req_executive_chef_standard_recipe_cards,spec_executive_chef,spec_standard_recipe_cards,core
req_executive_chef_coaching_others,spec_executive_chef,spec_coaching_others,core
req_executive_chef_kitchen_layout_workflow,spec_executive_chef,spec_kitchen_layout_workflow,common
req_executive_chef_staff_scheduling,spec_executive_chef,spec_staff_scheduling,common
req_executive_chef_health_inspection_readiness,spec_executive_chef,spec_health_inspection_readiness,common
req_executive_chef_halal_food_compliance,spec_executive_chef,spec_halal_food_compliance,common
req_head_of_kitchen_operations_kitchen_production_planning,spec_head_of_kitchen_operations,spec_kitchen_production_planning,core
req_head_of_kitchen_operations_kitchen_layout_workflow,spec_head_of_kitchen_operations,spec_kitchen_layout_workflow,core
req_head_of_kitchen_operations_cost_control,spec_head_of_kitchen_operations,spec_cost_control,core
req_head_of_kitchen_operations_staff_scheduling,spec_head_of_kitchen_operations,spec_staff_scheduling,core
req_head_of_kitchen_operations_team_leadership,spec_head_of_kitchen_operations,spec_team_leadership,core
req_head_of_kitchen_operations_kitchen_ordering_par_levels,spec_head_of_kitchen_operations,spec_kitchen_ordering_par_levels,core
req_head_of_kitchen_operations_haccp,spec_head_of_kitchen_operations,spec_haccp,core
req_head_of_kitchen_operations_health_inspection_readiness,spec_head_of_kitchen_operations,spec_health_inspection_readiness,core
req_head_of_kitchen_operations_food_waste_reduction,spec_head_of_kitchen_operations,spec_food_waste_reduction,common
req_head_of_kitchen_operations_fire_safety,spec_head_of_kitchen_operations,spec_fire_safety,common
req_head_of_kitchen_operations_inventory_counting,spec_head_of_kitchen_operations,spec_inventory_counting,common
req_kitchen_supervisor_team_leadership,spec_kitchen_supervisor,spec_team_leadership,core
req_kitchen_supervisor_shift_handover,spec_kitchen_supervisor,spec_shift_handover,core
req_kitchen_supervisor_food_safety_basics,spec_kitchen_supervisor,spec_food_safety_basics,core
req_kitchen_supervisor_cleaning_sanitation_routines,spec_kitchen_supervisor,spec_cleaning_sanitation_routines,core
req_kitchen_supervisor_staff_scheduling,spec_kitchen_supervisor,spec_staff_scheduling,common
req_kitchen_supervisor_haccp,spec_kitchen_supervisor,spec_haccp,common
req_kitchen_supervisor_portion_control,spec_kitchen_supervisor,spec_portion_control,common
req_kitchen_supervisor_inventory_counting,spec_kitchen_supervisor,spec_inventory_counting,common
req_kitchen_supervisor_cooking_methods,spec_kitchen_supervisor,spec_cooking_methods,common
req_kitchen_supervisor_retained_food_samples,spec_kitchen_supervisor,spec_retained_food_samples,common
req_kitchen_supervisor_coaching_others,spec_kitchen_supervisor,spec_coaching_others,common
req_sauce_cook_stock_making,spec_sauce_cook,spec_stock_making,core
req_sauce_cook_classical_sauces,spec_sauce_cook,spec_classical_sauces,core
req_sauce_cook_emulsified_sauces,spec_sauce_cook,spec_emulsified_sauces,core
req_sauce_cook_sauteing_pan_frying,spec_sauce_cook,spec_sauteing_pan_frying,core
req_sauce_cook_tasting_and_seasoning,spec_sauce_cook,spec_tasting_and_seasoning,core
req_sauce_cook_mise_en_place,spec_sauce_cook,spec_mise_en_place,core
req_sauce_cook_braising_stewing,spec_sauce_cook,spec_braising_stewing,common
req_sauce_cook_station_management,spec_sauce_cook,spec_station_management,common
req_sauce_cook_temperature_control,spec_sauce_cook,spec_temperature_control,common
req_sauce_cook_culinary_terminology,spec_sauce_cook,spec_culinary_terminology,common
req_fish_cook_fish_and_seafood_preparation,spec_fish_cook,spec_fish_and_seafood_preparation,core
req_fish_cook_cooking_methods,spec_fish_cook,spec_cooking_methods,core
req_fish_cook_sauteing_pan_frying,spec_fish_cook,spec_sauteing_pan_frying,core
req_fish_cook_knife_skills,spec_fish_cook,spec_knife_skills,core
req_fish_cook_cold_chain_handling,spec_fish_cook,spec_cold_chain_handling,core
req_fish_cook_allergen_management,spec_fish_cook,spec_allergen_management,core
req_fish_cook_deep_frying,spec_fish_cook,spec_deep_frying,common
req_fish_cook_classical_sauces,spec_fish_cook,spec_classical_sauces,common
req_fish_cook_doneness_testing,spec_fish_cook,spec_doneness_testing,common
req_fish_cook_plating,spec_fish_cook,spec_plating,common
req_roast_cook_dry_heat_roasting,spec_roast_cook,spec_dry_heat_roasting,core
req_roast_cook_doneness_testing,spec_roast_cook,spec_doneness_testing,core
req_roast_cook_temperature_control,spec_roast_cook,spec_temperature_control,core
req_roast_cook_braising_stewing,spec_roast_cook,spec_braising_stewing,common
req_roast_cook_classical_sauces,spec_roast_cook,spec_classical_sauces,common
req_roast_cook_meat_butchery,spec_roast_cook,spec_meat_butchery,common
req_roast_cook_combi_oven_operation,spec_roast_cook,spec_combi_oven_operation,common
req_roast_cook_tasting_and_seasoning,spec_roast_cook,spec_tasting_and_seasoning,common
req_roast_cook_portion_control,spec_roast_cook,spec_portion_control,common
req_roast_cook_vertical_rotisserie_cooking,spec_roast_cook,spec_vertical_rotisserie_cooking,specialist
req_grill_cook_grilling_broiling,spec_grill_cook,spec_grilling_broiling,core
req_grill_cook_doneness_testing,spec_grill_cook,spec_doneness_testing,core
req_grill_cook_reading_order_tickets,spec_grill_cook,spec_reading_order_tickets,core
req_grill_cook_slip_and_burn_prevention,spec_grill_cook,spec_slip_and_burn_prevention,core
req_grill_cook_griddle_cooking,spec_grill_cook,spec_griddle_cooking,common
req_grill_cook_meat_marinating,spec_grill_cook,spec_meat_marinating,common
req_grill_cook_charcoal_fire_management,spec_grill_cook,spec_charcoal_fire_management,common
req_grill_cook_portion_control,spec_grill_cook,spec_portion_control,common
req_grill_cook_gas_range_safety,spec_grill_cook,spec_gas_range_safety,common
req_grill_cook_time_management,spec_grill_cook,spec_time_management,common
req_fry_cook_deep_frying,spec_fry_cook,spec_deep_frying,core
req_fry_cook_fryer_operation_and_oil_care,spec_fry_cook,spec_fryer_operation_and_oil_care,core
req_fry_cook_fire_safety,spec_fry_cook,spec_fire_safety,core
req_fry_cook_slip_and_burn_prevention,spec_fry_cook,spec_slip_and_burn_prevention,core
req_fry_cook_portion_control,spec_fry_cook,spec_portion_control,common
req_fry_cook_time_management,spec_fry_cook,spec_time_management,common
req_fry_cook_reading_order_tickets,spec_fry_cook,spec_reading_order_tickets,common
req_fry_cook_allergen_management,spec_fry_cook,spec_allergen_management,common
req_fry_cook_waste_sorting,spec_fry_cook,spec_waste_sorting,common
req_entremetier_moist_heat_cooking,spec_entremetier,spec_moist_heat_cooking,core
req_entremetier_egg_cookery,spec_entremetier,spec_egg_cookery,core
req_entremetier_classical_vegetable_cuts,spec_entremetier,spec_classical_vegetable_cuts,core
req_entremetier_mise_en_place,spec_entremetier,spec_mise_en_place,core
req_entremetier_sauteing_pan_frying,spec_entremetier,spec_sauteing_pan_frying,common
req_entremetier_legume_and_grain_preparation,spec_entremetier,spec_legume_and_grain_preparation,common
req_entremetier_soup_making,spec_entremetier,spec_soup_making,common
req_entremetier_plating,spec_entremetier,spec_plating,common
req_entremetier_vegetarian_cooking,spec_entremetier,spec_vegetarian_cooking,common
req_soup_cook_soup_making,spec_soup_cook,spec_soup_making,core
req_soup_cook_stock_making,spec_soup_cook,spec_stock_making,core
req_soup_cook_moist_heat_cooking,spec_soup_cook,spec_moist_heat_cooking,core
req_soup_cook_tasting_and_seasoning,spec_soup_cook,spec_tasting_and_seasoning,core
req_soup_cook_legume_and_grain_preparation,spec_soup_cook,spec_legume_and_grain_preparation,common
req_soup_cook_batch_cooking,spec_soup_cook,spec_batch_cooking,common
req_soup_cook_cook_chill,spec_soup_cook,spec_cook_chill,common
req_soup_cook_hot_holding_and_reheating,spec_soup_cook,spec_hot_holding_and_reheating,common
req_vegetable_cook_classical_vegetable_cuts,spec_vegetable_cook,spec_classical_vegetable_cuts,core
req_vegetable_cook_greens_washing_disinfection,spec_vegetable_cook,spec_greens_washing_disinfection,core
req_vegetable_cook_moist_heat_cooking,spec_vegetable_cook,spec_moist_heat_cooking,core
req_vegetable_cook_knife_skills,spec_vegetable_cook,spec_knife_skills,core
req_vegetable_cook_sauteing_pan_frying,spec_vegetable_cook,spec_sauteing_pan_frying,common
req_vegetable_cook_vegetarian_cooking,spec_vegetable_cook,spec_vegetarian_cooking,common
req_vegetable_cook_dry_heat_roasting,spec_vegetable_cook,spec_dry_heat_roasting,common
req_vegetable_cook_garnishing,spec_vegetable_cook,spec_garnishing,common
req_garde_manger_garde_manger_cold_preparations,spec_garde_manger,spec_garde_manger_cold_preparations,core
req_garde_manger_salad_and_dressing,spec_garde_manger,spec_salad_and_dressing,core
req_garde_manger_garnishing,spec_garde_manger,spec_garnishing,core
req_garde_manger_cold_chain_handling,spec_garde_manger,spec_cold_chain_handling,core
req_garde_manger_allergen_management,spec_garde_manger,spec_allergen_management,core
req_garde_manger_knife_skills,spec_garde_manger,spec_knife_skills,core
req_garde_manger_emulsified_sauces,spec_garde_manger,spec_emulsified_sauces,common
req_garde_manger_fruit_and_vegetable_carving,spec_garde_manger,spec_fruit_and_vegetable_carving,common
req_garde_manger_buffet_food_replenishment,spec_garde_manger,spec_buffet_food_replenishment,common
req_garde_manger_food_labeling,spec_garde_manger,spec_food_labeling,common
req_garde_manger_curing_and_smoking,spec_garde_manger,spec_curing_and_smoking,specialist
req_relief_cook_cooking_methods,spec_relief_cook,spec_cooking_methods,core
req_relief_cook_station_management,spec_relief_cook,spec_station_management,core
req_relief_cook_mise_en_place,spec_relief_cook,spec_mise_en_place,core
req_relief_cook_reading_order_tickets,spec_relief_cook,spec_reading_order_tickets,core
req_relief_cook_teamwork,spec_relief_cook,spec_teamwork,core
req_relief_cook_shift_handover,spec_relief_cook,spec_shift_handover,core
req_relief_cook_classical_sauces,spec_relief_cook,spec_classical_sauces,common
req_relief_cook_grilling_broiling,spec_relief_cook,spec_grilling_broiling,common
req_relief_cook_deep_frying,spec_relief_cook,spec_deep_frying,common
req_relief_cook_garde_manger_cold_preparations,spec_relief_cook,spec_garde_manger_cold_preparations,common
req_kitchen_butcher_meat_butchery,spec_kitchen_butcher,spec_meat_butchery,core
req_kitchen_butcher_poultry_preparation,spec_kitchen_butcher,spec_poultry_preparation,core
req_kitchen_butcher_slicer_and_grinder_operation,spec_kitchen_butcher,spec_slicer_and_grinder_operation,core
req_kitchen_butcher_knife_skills,spec_kitchen_butcher,spec_knife_skills,core
req_kitchen_butcher_knife_safety,spec_kitchen_butcher,spec_knife_safety,core
req_kitchen_butcher_portion_control,spec_kitchen_butcher,spec_portion_control,core
req_kitchen_butcher_cold_chain_handling,spec_kitchen_butcher,spec_cold_chain_handling,core
req_kitchen_butcher_ground_meat_preparation,spec_kitchen_butcher,spec_ground_meat_preparation,common
req_kitchen_butcher_recipe_scaling_and_yield,spec_kitchen_butcher,spec_recipe_scaling_and_yield,common
req_kitchen_butcher_vacuum_packing,spec_kitchen_butcher,spec_vacuum_packing,common
req_kitchen_butcher_halal_food_compliance,spec_kitchen_butcher,spec_halal_food_compliance,common
req_kitchen_butcher_offal_preparation,spec_kitchen_butcher,spec_offal_preparation,common
req_fish_preparer_fish_and_seafood_preparation,spec_fish_preparer,spec_fish_and_seafood_preparation,core
req_fish_preparer_knife_skills,spec_fish_preparer,spec_knife_skills,core
req_fish_preparer_knife_safety,spec_fish_preparer,spec_knife_safety,core
req_fish_preparer_cold_chain_handling,spec_fish_preparer,spec_cold_chain_handling,core
req_fish_preparer_cleaning_sanitation_routines,spec_fish_preparer,spec_cleaning_sanitation_routines,core
req_fish_preparer_vacuum_packing,spec_fish_preparer,spec_vacuum_packing,common
req_fish_preparer_recipe_scaling_and_yield,spec_fish_preparer,spec_recipe_scaling_and_yield,common
req_fish_preparer_food_labeling,spec_fish_preparer,spec_food_labeling,common
req_fish_preparer_allergen_management,spec_fish_preparer,spec_allergen_management,common
req_salad_cook_salad_and_dressing,spec_salad_cook,spec_salad_and_dressing,core
req_salad_cook_greens_washing_disinfection,spec_salad_cook,spec_greens_washing_disinfection,core
req_salad_cook_knife_skills,spec_salad_cook,spec_knife_skills,core
req_salad_cook_cold_chain_handling,spec_salad_cook,spec_cold_chain_handling,core
req_salad_cook_classical_vegetable_cuts,spec_salad_cook,spec_classical_vegetable_cuts,common
req_salad_cook_allergen_management,spec_salad_cook,spec_allergen_management,common
req_salad_cook_portion_control,spec_salad_cook,spec_portion_control,common
req_salad_cook_garnishing,spec_salad_cook,spec_garnishing,common
req_salad_cook_food_labeling,spec_salad_cook,spec_food_labeling,common
req_breakfast_cook_egg_cookery,spec_breakfast_cook,spec_egg_cookery,core
req_breakfast_cook_griddle_cooking,spec_breakfast_cook,spec_griddle_cooking,core
req_breakfast_cook_time_management,spec_breakfast_cook,spec_time_management,core
req_breakfast_cook_live_cooking_station,spec_breakfast_cook,spec_live_cooking_station,common
req_breakfast_cook_buffet_food_replenishment,spec_breakfast_cook,spec_buffet_food_replenishment,common
req_breakfast_cook_hot_holding_and_reheating,spec_breakfast_cook,spec_hot_holding_and_reheating,common
req_breakfast_cook_legume_and_grain_preparation,spec_breakfast_cook,spec_legume_and_grain_preparation,common
req_breakfast_cook_reading_order_tickets,spec_breakfast_cook,spec_reading_order_tickets,common
req_breakfast_cook_customer_service,spec_breakfast_cook,spec_customer_service,common
req_short_order_cook_griddle_cooking,spec_short_order_cook,spec_griddle_cooking,core
req_short_order_cook_reading_order_tickets,spec_short_order_cook,spec_reading_order_tickets,core
req_short_order_cook_time_management,spec_short_order_cook,spec_time_management,core
req_short_order_cook_food_safety_basics,spec_short_order_cook,spec_food_safety_basics,core
req_short_order_cook_grilling_broiling,spec_short_order_cook,spec_grilling_broiling,common
req_short_order_cook_deep_frying,spec_short_order_cook,spec_deep_frying,common
req_short_order_cook_egg_cookery,spec_short_order_cook,spec_egg_cookery,common
req_short_order_cook_sandwich_assembly,spec_short_order_cook,spec_sandwich_assembly,common
req_short_order_cook_slip_and_burn_prevention,spec_short_order_cook,spec_slip_and_burn_prevention,common
req_expeditor_expediting_the_pass,spec_expeditor,spec_expediting_the_pass,core
req_expeditor_reading_order_tickets,spec_expeditor,spec_reading_order_tickets,core
req_expeditor_plating,spec_expeditor,spec_plating,core
req_expeditor_menu_knowledge,spec_expeditor,spec_menu_knowledge,core
req_expeditor_allergen_management,spec_expeditor,spec_allergen_management,core
req_expeditor_time_management,spec_expeditor,spec_time_management,core
req_expeditor_teamwork,spec_expeditor,spec_teamwork,core
req_expeditor_digital_ordering_platforms,spec_expeditor,spec_digital_ordering_platforms,common
req_expeditor_complaint_handling,spec_expeditor,spec_complaint_handling,common
req_private_chef_private_client_cooking,spec_private_chef,spec_private_client_cooking,core
req_private_chef_menu_development,spec_private_chef,spec_menu_development,core
req_private_chef_allergen_management,spec_private_chef,spec_allergen_management,core
req_private_chef_cooking_methods,spec_private_chef,spec_cooking_methods,core
req_private_chef_special_diet_cooking,spec_private_chef,spec_special_diet_cooking,common
req_private_chef_plating,spec_private_chef,spec_plating,common
req_private_chef_kitchen_ordering_par_levels,spec_private_chef,spec_kitchen_ordering_par_levels,common
req_private_chef_persian_hospitality_etiquette,spec_private_chef,spec_persian_hospitality_etiquette,common
req_private_chef_regional_iranian_cuisine,spec_private_chef,spec_regional_iranian_cuisine,common
req_private_chef_international_cuisines,spec_private_chef,spec_international_cuisines,common
req_development_chef_menu_development,spec_development_chef,spec_menu_development,core
req_development_chef_standard_recipe_cards,spec_development_chef,spec_standard_recipe_cards,core
req_development_chef_recipe_scaling_and_yield,spec_development_chef,spec_recipe_scaling_and_yield,core
req_development_chef_menu_costing,spec_development_chef,spec_menu_costing,core
req_development_chef_tasting_and_seasoning,spec_development_chef,spec_tasting_and_seasoning,core
req_development_chef_allergen_management,spec_development_chef,spec_allergen_management,core
req_development_chef_cook_chill,spec_development_chef,spec_cook_chill,common
req_development_chef_sous_vide_cooking,spec_development_chef,spec_sous_vide_cooking,common
req_development_chef_special_diet_cooking,spec_development_chef,spec_special_diet_cooking,common
req_development_chef_food_labeling,spec_development_chef,spec_food_labeling,common
req_development_chef_international_cuisines,spec_development_chef,spec_international_cuisines,common
req_cloud_kitchen_cook_cooking_methods,spec_cloud_kitchen_cook,spec_cooking_methods,core
req_cloud_kitchen_cook_following_recipes,spec_cloud_kitchen_cook,spec_following_recipes,core
req_cloud_kitchen_cook_digital_ordering_platforms,spec_cloud_kitchen_cook,spec_digital_ordering_platforms,core
req_cloud_kitchen_cook_delivery_packaging,spec_cloud_kitchen_cook,spec_delivery_packaging,core
req_cloud_kitchen_cook_reading_order_tickets,spec_cloud_kitchen_cook,spec_reading_order_tickets,core
req_cloud_kitchen_cook_time_management,spec_cloud_kitchen_cook,spec_time_management,core
req_cloud_kitchen_cook_portion_control,spec_cloud_kitchen_cook,spec_portion_control,core
req_cloud_kitchen_cook_food_safety_basics,spec_cloud_kitchen_cook,spec_food_safety_basics,core
req_cloud_kitchen_cook_food_labeling,spec_cloud_kitchen_cook,spec_food_labeling,common
req_cloud_kitchen_cook_allergen_management,spec_cloud_kitchen_cook,spec_allergen_management,common
req_meal_prep_cook_batch_cooking,spec_meal_prep_cook,spec_batch_cooking,core
req_meal_prep_cook_special_diet_cooking,spec_meal_prep_cook,spec_special_diet_cooking,core
req_meal_prep_cook_cook_chill,spec_meal_prep_cook,spec_cook_chill,core
req_meal_prep_cook_portion_control,spec_meal_prep_cook,spec_portion_control,core
req_meal_prep_cook_food_labeling,spec_meal_prep_cook,spec_food_labeling,core
req_meal_prep_cook_allergen_management,spec_meal_prep_cook,spec_allergen_management,core
req_meal_prep_cook_vacuum_packing,spec_meal_prep_cook,spec_vacuum_packing,common
req_meal_prep_cook_delivery_packaging,spec_meal_prep_cook,spec_delivery_packaging,common
req_meal_prep_cook_recipe_scaling_and_yield,spec_meal_prep_cook,spec_recipe_scaling_and_yield,common
req_international_cuisine_cook_international_cuisines,spec_international_cuisine_cook,spec_international_cuisines,core
req_international_cuisine_cook_cooking_methods,spec_international_cuisine_cook,spec_cooking_methods,core
req_international_cuisine_cook_tasting_and_seasoning,spec_international_cuisine_cook,spec_tasting_and_seasoning,core
req_international_cuisine_cook_classical_sauces,spec_international_cuisine_cook,spec_classical_sauces,common
req_international_cuisine_cook_pasta_and_noodle_making,spec_international_cuisine_cook,spec_pasta_and_noodle_making,common
req_international_cuisine_cook_grilling_broiling,spec_international_cuisine_cook,spec_grilling_broiling,common
req_international_cuisine_cook_culinary_terminology,spec_international_cuisine_cook,spec_culinary_terminology,common
req_international_cuisine_cook_plating,spec_international_cuisine_cook,spec_plating,common
req_italian_cuisine_cook_pasta_and_noodle_making,spec_italian_cuisine_cook,spec_pasta_and_noodle_making,core
req_italian_cuisine_cook_classical_sauces,spec_italian_cuisine_cook,spec_classical_sauces,core
req_italian_cuisine_cook_international_cuisines,spec_italian_cuisine_cook,spec_international_cuisines,core
req_italian_cuisine_cook_sauteing_pan_frying,spec_italian_cuisine_cook,spec_sauteing_pan_frying,core
req_italian_cuisine_cook_tasting_and_seasoning,spec_italian_cuisine_cook,spec_tasting_and_seasoning,core
req_italian_cuisine_cook_pizza_making,spec_italian_cuisine_cook,spec_pizza_making,common
req_italian_cuisine_cook_plating,spec_italian_cuisine_cook,spec_plating,common
req_asian_cuisine_cook_wok_cooking,spec_asian_cuisine_cook,spec_wok_cooking,core
req_asian_cuisine_cook_international_cuisines,spec_asian_cuisine_cook,spec_international_cuisines,core
req_asian_cuisine_cook_knife_skills,spec_asian_cuisine_cook,spec_knife_skills,core
req_asian_cuisine_cook_pasta_and_noodle_making,spec_asian_cuisine_cook,spec_pasta_and_noodle_making,common
req_asian_cuisine_cook_moist_heat_cooking,spec_asian_cuisine_cook,spec_moist_heat_cooking,common
req_asian_cuisine_cook_deep_frying,spec_asian_cuisine_cook,spec_deep_frying,common
req_asian_cuisine_cook_allergen_management,spec_asian_cuisine_cook,spec_allergen_management,common
req_sushi_cook_sushi_making,spec_sushi_cook,spec_sushi_making,core
req_sushi_cook_fish_and_seafood_preparation,spec_sushi_cook,spec_fish_and_seafood_preparation,core
req_sushi_cook_knife_skills,spec_sushi_cook,spec_knife_skills,core
req_sushi_cook_cold_chain_handling,spec_sushi_cook,spec_cold_chain_handling,core
req_sushi_cook_allergen_management,spec_sushi_cook,spec_allergen_management,core
req_sushi_cook_personal_hygiene,spec_sushi_cook,spec_personal_hygiene,core
req_sushi_cook_plating,spec_sushi_cook,spec_plating,common
req_sushi_cook_international_cuisines,spec_sushi_cook,spec_international_cuisines,common
req_fast_food_cook_qsr_standard_procedures,spec_fast_food_cook,spec_qsr_standard_procedures,core
req_fast_food_cook_griddle_cooking,spec_fast_food_cook,spec_griddle_cooking,core
req_fast_food_cook_deep_frying,spec_fast_food_cook,spec_deep_frying,core
req_fast_food_cook_fryer_operation_and_oil_care,spec_fast_food_cook,spec_fryer_operation_and_oil_care,core
req_fast_food_cook_reading_order_tickets,spec_fast_food_cook,spec_reading_order_tickets,core
req_fast_food_cook_time_management,spec_fast_food_cook,spec_time_management,core
req_fast_food_cook_food_safety_basics,spec_fast_food_cook,spec_food_safety_basics,core
req_fast_food_cook_sandwich_assembly,spec_fast_food_cook,spec_sandwich_assembly,common
req_fast_food_cook_cleaning_sanitation_routines,spec_fast_food_cook,spec_cleaning_sanitation_routines,common
req_fast_food_cook_slip_and_burn_prevention,spec_fast_food_cook,spec_slip_and_burn_prevention,common
req_fast_food_cook_delivery_packaging,spec_fast_food_cook,spec_delivery_packaging,common
req_pizza_cook_pizza_making,spec_pizza_cook,spec_pizza_making,core
req_pizza_cook_bread_dough_handling,spec_pizza_cook,spec_bread_dough_handling,core
req_pizza_cook_portion_control,spec_pizza_cook,spec_portion_control,core
req_pizza_cook_food_safety_basics,spec_pizza_cook,spec_food_safety_basics,core
req_pizza_cook_wood_fired_oven,spec_pizza_cook,spec_wood_fired_oven,common
req_pizza_cook_reading_order_tickets,spec_pizza_cook,spec_reading_order_tickets,common
req_pizza_cook_kitchen_food_machines,spec_pizza_cook,spec_kitchen_food_machines,common
req_pizza_cook_time_management,spec_pizza_cook,spec_time_management,common
req_pizza_cook_delivery_packaging,spec_pizza_cook,spec_delivery_packaging,common
req_sandwich_cook_sandwich_assembly,spec_sandwich_cook,spec_sandwich_assembly,core
req_sandwich_cook_griddle_cooking,spec_sandwich_cook,spec_griddle_cooking,core
req_sandwich_cook_portion_control,spec_sandwich_cook,spec_portion_control,core
req_sandwich_cook_food_safety_basics,spec_sandwich_cook,spec_food_safety_basics,core
req_sandwich_cook_knife_skills,spec_sandwich_cook,spec_knife_skills,common
req_sandwich_cook_cold_chain_handling,spec_sandwich_cook,spec_cold_chain_handling,common
req_sandwich_cook_allergen_management,spec_sandwich_cook,spec_allergen_management,common
req_sandwich_cook_customer_service,spec_sandwich_cook,spec_customer_service,common
req_sandwich_cook_time_management,spec_sandwich_cook,spec_time_management,common
req_shawarma_cook_vertical_rotisserie_cooking,spec_shawarma_cook,spec_vertical_rotisserie_cooking,core
req_shawarma_cook_meat_marinating,spec_shawarma_cook,spec_meat_marinating,core
req_shawarma_cook_knife_skills,spec_shawarma_cook,spec_knife_skills,core
req_shawarma_cook_doneness_testing,spec_shawarma_cook,spec_doneness_testing,core
req_shawarma_cook_sandwich_assembly,spec_shawarma_cook,spec_sandwich_assembly,common
req_shawarma_cook_gas_range_safety,spec_shawarma_cook,spec_gas_range_safety,common
req_shawarma_cook_temperature_control,spec_shawarma_cook,spec_temperature_control,common
req_shawarma_cook_portion_control,spec_shawarma_cook,spec_portion_control,common
req_falafel_cook_falafel_making,spec_falafel_cook,spec_falafel_making,core
req_falafel_cook_legume_and_grain_preparation,spec_falafel_cook,spec_legume_and_grain_preparation,core
req_falafel_cook_deep_frying,spec_falafel_cook,spec_deep_frying,core
req_falafel_cook_fryer_operation_and_oil_care,spec_falafel_cook,spec_fryer_operation_and_oil_care,common
req_falafel_cook_sandwich_assembly,spec_falafel_cook,spec_sandwich_assembly,common
req_falafel_cook_pickling_and_preserving,spec_falafel_cook,spec_pickling_and_preserving,common
req_falafel_cook_customer_service,spec_falafel_cook,spec_customer_service,common
req_falafel_cook_cash_handling,spec_falafel_cook,spec_cash_handling,common
req_sambuseh_cook_filled_pastry_folding,spec_sambuseh_cook,spec_filled_pastry_folding,core
req_sambuseh_cook_deep_frying,spec_sambuseh_cook,spec_deep_frying,core
req_sambuseh_cook_food_safety_basics,spec_sambuseh_cook,spec_food_safety_basics,core
req_sambuseh_cook_legume_and_grain_preparation,spec_sambuseh_cook,spec_legume_and_grain_preparation,common
req_sambuseh_cook_fryer_operation_and_oil_care,spec_sambuseh_cook,spec_fryer_operation_and_oil_care,common
req_sambuseh_cook_portion_control,spec_sambuseh_cook,spec_portion_control,common
req_sambuseh_cook_customer_service,spec_sambuseh_cook,spec_customer_service,common
req_street_food_cook_food_safety_basics,spec_street_food_cook,spec_food_safety_basics,core
req_street_food_cook_personal_hygiene,spec_street_food_cook,spec_personal_hygiene,core
req_street_food_cook_hot_holding_and_reheating,spec_street_food_cook,spec_hot_holding_and_reheating,core
req_street_food_cook_cash_handling,spec_street_food_cook,spec_cash_handling,core
req_street_food_cook_customer_service,spec_street_food_cook,spec_customer_service,core
req_street_food_cook_moist_heat_cooking,spec_street_food_cook,spec_moist_heat_cooking,common
req_street_food_cook_charcoal_fire_management,spec_street_food_cook,spec_charcoal_fire_management,common
req_street_food_cook_waste_sorting,spec_street_food_cook,spec_waste_sorting,common
req_street_food_cook_gas_range_safety,spec_street_food_cook,spec_gas_range_safety,common
req_food_truck_cook_mobile_kitchen_operation,spec_food_truck_cook,spec_mobile_kitchen_operation,core
req_food_truck_cook_mise_en_place,spec_food_truck_cook,spec_mise_en_place,core
req_food_truck_cook_food_safety_basics,spec_food_truck_cook,spec_food_safety_basics,core
req_food_truck_cook_gas_range_safety,spec_food_truck_cook,spec_gas_range_safety,core
req_food_truck_cook_griddle_cooking,spec_food_truck_cook,spec_griddle_cooking,common
req_food_truck_cook_deep_frying,spec_food_truck_cook,spec_deep_frying,common
req_food_truck_cook_cash_handling,spec_food_truck_cook,spec_cash_handling,common
req_food_truck_cook_pos_operation,spec_food_truck_cook,spec_pos_operation,common
req_food_truck_cook_customer_service,spec_food_truck_cook,spec_customer_service,common
req_food_truck_cook_waste_sorting,spec_food_truck_cook,spec_waste_sorting,common
req_tabbakh_persian_khoresh,spec_tabbakh,spec_persian_khoresh,core
req_tabbakh_rice_cooking_persian,spec_tabbakh,spec_rice_cooking_persian,core
req_tabbakh_polo_mixed_rice,spec_tabbakh,spec_polo_mixed_rice,core
req_tabbakh_large_pot_rice_cooking,spec_tabbakh,spec_large_pot_rice_cooking,core
req_tabbakh_batch_cooking,spec_tabbakh,spec_batch_cooking,core
req_tabbakh_tasting_and_seasoning,spec_tabbakh,spec_tasting_and_seasoning,core
req_tabbakh_food_safety_basics,spec_tabbakh,spec_food_safety_basics,core
req_tabbakh_saffron_preparation,spec_tabbakh,spec_saffron_preparation,common
req_tabbakh_gas_range_safety,spec_tabbakh,spec_gas_range_safety,common
req_tabbakh_manual_handling,spec_tabbakh,spec_manual_handling,common
req_tabbakh_hot_holding_and_reheating,spec_tabbakh,spec_hot_holding_and_reheating,common
req_rice_cook_rice_cooking_persian,spec_rice_cook,spec_rice_cooking_persian,core
req_rice_cook_polo_mixed_rice,spec_rice_cook,spec_polo_mixed_rice,core
req_rice_cook_large_pot_rice_cooking,spec_rice_cook,spec_large_pot_rice_cooking,core
req_rice_cook_saffron_preparation,spec_rice_cook,spec_saffron_preparation,core
req_rice_cook_portion_control,spec_rice_cook,spec_portion_control,common
req_rice_cook_hot_holding_and_reheating,spec_rice_cook,spec_hot_holding_and_reheating,common
req_rice_cook_gas_range_safety,spec_rice_cook,spec_gas_range_safety,common
req_rice_cook_manual_handling,spec_rice_cook,spec_manual_handling,common
req_rice_cook_time_management,spec_rice_cook,spec_time_management,common
req_kebab_cook_kebab_grilling,spec_kebab_cook,spec_kebab_grilling,core
req_kebab_cook_charcoal_fire_management,spec_kebab_cook,spec_charcoal_fire_management,core
req_kebab_cook_doneness_testing,spec_kebab_cook,spec_doneness_testing,core
req_kebab_cook_slip_and_burn_prevention,spec_kebab_cook,spec_slip_and_burn_prevention,core
req_kebab_cook_kebab_skewering,spec_kebab_cook,spec_kebab_skewering,common
req_kebab_cook_meat_marinating,spec_kebab_cook,spec_meat_marinating,common
req_kebab_cook_reading_order_tickets,spec_kebab_cook,spec_reading_order_tickets,common
req_kebab_cook_fire_safety,spec_kebab_cook,spec_fire_safety,common
req_kebab_cook_time_management,spec_kebab_cook,spec_time_management,common
req_kebab_skewer_preparer_kebab_skewering,spec_kebab_skewer_preparer,spec_kebab_skewering,core
req_kebab_skewer_preparer_ground_meat_preparation,spec_kebab_skewer_preparer,spec_ground_meat_preparation,core
req_kebab_skewer_preparer_meat_marinating,spec_kebab_skewer_preparer,spec_meat_marinating,core
req_kebab_skewer_preparer_cold_chain_handling,spec_kebab_skewer_preparer,spec_cold_chain_handling,core
req_kebab_skewer_preparer_portion_control,spec_kebab_skewer_preparer,spec_portion_control,core
req_kebab_skewer_preparer_personal_hygiene,spec_kebab_skewer_preparer,spec_personal_hygiene,core
req_kebab_skewer_preparer_slicer_and_grinder_operation,spec_kebab_skewer_preparer,spec_slicer_and_grinder_operation,common
req_kebab_skewer_preparer_knife_skills,spec_kebab_skewer_preparer,spec_knife_skills,common
req_khoresh_cook_persian_khoresh,spec_khoresh_cook,spec_persian_khoresh,core
req_khoresh_cook_braising_stewing,spec_khoresh_cook,spec_braising_stewing,core
req_khoresh_cook_tasting_and_seasoning,spec_khoresh_cook,spec_tasting_and_seasoning,core
req_khoresh_cook_legume_and_grain_preparation,spec_khoresh_cook,spec_legume_and_grain_preparation,common
req_khoresh_cook_batch_cooking,spec_khoresh_cook,spec_batch_cooking,common
req_khoresh_cook_cook_chill,spec_khoresh_cook,spec_cook_chill,common
req_khoresh_cook_hot_holding_and_reheating,spec_khoresh_cook,spec_hot_holding_and_reheating,common
req_khoresh_cook_saffron_preparation,spec_khoresh_cook,spec_saffron_preparation,common
req_home_style_food_cook_persian_khoresh,spec_home_style_food_cook,spec_persian_khoresh,core
req_home_style_food_cook_rice_cooking_persian,spec_home_style_food_cook,spec_rice_cooking_persian,core
req_home_style_food_cook_tasting_and_seasoning,spec_home_style_food_cook,spec_tasting_and_seasoning,core
req_home_style_food_cook_portion_control,spec_home_style_food_cook,spec_portion_control,core
req_home_style_food_cook_food_safety_basics,spec_home_style_food_cook,spec_food_safety_basics,core
req_home_style_food_cook_delivery_packaging,spec_home_style_food_cook,spec_delivery_packaging,common
req_home_style_food_cook_batch_cooking,spec_home_style_food_cook,spec_batch_cooking,common
req_home_style_food_cook_food_labeling,spec_home_style_food_cook,spec_food_labeling,common
req_home_style_food_cook_cook_chill,spec_home_style_food_cook,spec_cook_chill,common
req_home_style_food_cook_pressure_cooker_operation,spec_home_style_food_cook,spec_pressure_cooker_operation,common
req_ash_cook_ash_and_haleem_cooking,spec_ash_cook,spec_ash_and_haleem_cooking,core
req_ash_cook_legume_and_grain_preparation,spec_ash_cook,spec_legume_and_grain_preparation,core
req_ash_cook_greens_washing_disinfection,spec_ash_cook,spec_greens_washing_disinfection,core
req_ash_cook_tasting_and_seasoning,spec_ash_cook,spec_tasting_and_seasoning,core
req_ash_cook_batch_cooking,spec_ash_cook,spec_batch_cooking,common
req_ash_cook_hot_holding_and_reheating,spec_ash_cook,spec_hot_holding_and_reheating,common
req_ash_cook_garnishing,spec_ash_cook,spec_garnishing,common
req_haleem_cook_ash_and_haleem_cooking,spec_haleem_cook,spec_ash_and_haleem_cooking,core
req_haleem_cook_batch_cooking,spec_haleem_cook,spec_batch_cooking,core
req_haleem_cook_manual_handling,spec_haleem_cook,spec_manual_handling,core
req_haleem_cook_hot_holding_and_reheating,spec_haleem_cook,spec_hot_holding_and_reheating,core
req_haleem_cook_tilting_kettle_bratt_pan,spec_haleem_cook,spec_tilting_kettle_bratt_pan,common
req_haleem_cook_gas_range_safety,spec_haleem_cook,spec_gas_range_safety,common
req_haleem_cook_pressure_cooker_operation,spec_haleem_cook,spec_pressure_cooker_operation,common
req_haleem_cook_customer_service,spec_haleem_cook,spec_customer_service,common
req_haleem_cook_cash_handling,spec_haleem_cook,spec_cash_handling,common
req_dizi_cook_dizi_abgoosht_cooking,spec_dizi_cook,spec_dizi_abgoosht_cooking,core
req_dizi_cook_legume_and_grain_preparation,spec_dizi_cook,spec_legume_and_grain_preparation,core
req_dizi_cook_braising_stewing,spec_dizi_cook,spec_braising_stewing,common
req_dizi_cook_batch_cooking,spec_dizi_cook,spec_batch_cooking,common
req_dizi_cook_hot_holding_and_reheating,spec_dizi_cook,spec_hot_holding_and_reheating,common
req_dizi_cook_tasting_and_seasoning,spec_dizi_cook,spec_tasting_and_seasoning,common
req_dizi_cook_gas_range_safety,spec_dizi_cook,spec_gas_range_safety,common
req_dizi_cook_pressure_cooker_operation,spec_dizi_cook,spec_pressure_cooker_operation,common
req_liver_kebab_cook_offal_preparation,spec_liver_kebab_cook,spec_offal_preparation,core
req_liver_kebab_cook_kebab_grilling,spec_liver_kebab_cook,spec_kebab_grilling,core
req_liver_kebab_cook_charcoal_fire_management,spec_liver_kebab_cook,spec_charcoal_fire_management,core
req_liver_kebab_cook_doneness_testing,spec_liver_kebab_cook,spec_doneness_testing,core
req_liver_kebab_cook_cold_chain_handling,spec_liver_kebab_cook,spec_cold_chain_handling,core
req_liver_kebab_cook_customer_service,spec_liver_kebab_cook,spec_customer_service,common
req_liver_kebab_cook_cash_handling,spec_liver_kebab_cook,spec_cash_handling,common
req_kalleh_pacheh_cook_kalleh_pacheh_cooking,spec_kalleh_pacheh_cook,spec_kalleh_pacheh_cooking,core
req_kalleh_pacheh_cook_offal_preparation,spec_kalleh_pacheh_cook,spec_offal_preparation,core
req_kalleh_pacheh_cook_hot_holding_and_reheating,spec_kalleh_pacheh_cook,spec_hot_holding_and_reheating,core
req_kalleh_pacheh_cook_cleaning_sanitation_routines,spec_kalleh_pacheh_cook,spec_cleaning_sanitation_routines,core
req_kalleh_pacheh_cook_batch_cooking,spec_kalleh_pacheh_cook,spec_batch_cooking,common
req_kalleh_pacheh_cook_knife_skills,spec_kalleh_pacheh_cook,spec_knife_skills,common
req_kalleh_pacheh_cook_pressure_cooker_operation,spec_kalleh_pacheh_cook,spec_pressure_cooker_operation,common
req_kalleh_pacheh_cook_customer_service,spec_kalleh_pacheh_cook,spec_customer_service,common
req_sirabi_cook_kalleh_pacheh_cooking,spec_sirabi_cook,spec_kalleh_pacheh_cooking,core
req_sirabi_cook_offal_preparation,spec_sirabi_cook,spec_offal_preparation,core
req_sirabi_cook_cleaning_sanitation_routines,spec_sirabi_cook,spec_cleaning_sanitation_routines,core
req_sirabi_cook_hot_holding_and_reheating,spec_sirabi_cook,spec_hot_holding_and_reheating,common
req_sirabi_cook_customer_service,spec_sirabi_cook,spec_customer_service,common
req_sirabi_cook_cash_handling,spec_sirabi_cook,spec_cash_handling,common
req_beryani_cook_beryani_making,spec_beryani_cook,spec_beryani_making,core
req_beryani_cook_ground_meat_preparation,spec_beryani_cook,spec_ground_meat_preparation,core
req_beryani_cook_offal_preparation,spec_beryani_cook,spec_offal_preparation,common
req_beryani_cook_regional_iranian_cuisine,spec_beryani_cook,spec_regional_iranian_cuisine,common
req_beryani_cook_gas_range_safety,spec_beryani_cook,spec_gas_range_safety,common
req_beryani_cook_customer_service,spec_beryani_cook,spec_customer_service,common
req_regional_cuisine_cook_regional_iranian_cuisine,spec_regional_cuisine_cook,spec_regional_iranian_cuisine,core
req_regional_cuisine_cook_tasting_and_seasoning,spec_regional_cuisine_cook,spec_tasting_and_seasoning,core
req_regional_cuisine_cook_persian_khoresh,spec_regional_cuisine_cook,spec_persian_khoresh,common
req_regional_cuisine_cook_rice_cooking_persian,spec_regional_cuisine_cook,spec_rice_cooking_persian,common
req_regional_cuisine_cook_fish_and_seafood_preparation,spec_regional_cuisine_cook,spec_fish_and_seafood_preparation,common
req_regional_cuisine_cook_pickling_and_preserving,spec_regional_cuisine_cook,spec_pickling_and_preserving,common
req_regional_cuisine_cook_standard_recipe_cards,spec_regional_cuisine_cook,spec_standard_recipe_cards,common
req_institutional_cook_batch_cooking,spec_institutional_cook,spec_batch_cooking,core
req_institutional_cook_large_pot_rice_cooking,spec_institutional_cook,spec_large_pot_rice_cooking,core
req_institutional_cook_tilting_kettle_bratt_pan,spec_institutional_cook,spec_tilting_kettle_bratt_pan,core
req_institutional_cook_retained_food_samples,spec_institutional_cook,spec_retained_food_samples,core
req_institutional_cook_hot_holding_and_reheating,spec_institutional_cook,spec_hot_holding_and_reheating,core
req_institutional_cook_manual_handling,spec_institutional_cook,spec_manual_handling,core
req_institutional_cook_recipe_scaling_and_yield,spec_institutional_cook,spec_recipe_scaling_and_yield,common
req_institutional_cook_institutional_menu_standards,spec_institutional_cook,spec_institutional_menu_standards,common
req_institutional_cook_haccp,spec_institutional_cook,spec_haccp,common
req_institutional_cook_cooked_food_transport,spec_institutional_cook,spec_cooked_food_transport,common
req_institutional_cook_persian_khoresh,spec_institutional_cook,spec_persian_khoresh,common
req_institutional_cook_food_waste_reduction,spec_institutional_cook,spec_food_waste_reduction,common
req_central_kitchen_cook_batch_cooking,spec_central_kitchen_cook,spec_batch_cooking,core
req_central_kitchen_cook_cook_chill,spec_central_kitchen_cook,spec_cook_chill,core
req_central_kitchen_cook_blast_chiller_cold_room,spec_central_kitchen_cook,spec_blast_chiller_cold_room,core
req_central_kitchen_cook_food_labeling,spec_central_kitchen_cook,spec_food_labeling,core
req_central_kitchen_cook_haccp,spec_central_kitchen_cook,spec_haccp,core
req_central_kitchen_cook_vacuum_packing,spec_central_kitchen_cook,spec_vacuum_packing,common
req_central_kitchen_cook_kitchen_production_planning,spec_central_kitchen_cook,spec_kitchen_production_planning,common
req_central_kitchen_cook_combi_oven_operation,spec_central_kitchen_cook,spec_combi_oven_operation,common
req_central_kitchen_cook_tilting_kettle_bratt_pan,spec_central_kitchen_cook,spec_tilting_kettle_bratt_pan,common
req_central_kitchen_cook_cooked_food_transport,spec_central_kitchen_cook,spec_cooked_food_transport,common
req_banquet_cook_batch_cooking,spec_banquet_cook,spec_batch_cooking,core
req_banquet_cook_banquet_plating_lines,spec_banquet_cook,spec_banquet_plating_lines,core
req_banquet_cook_hot_holding_and_reheating,spec_banquet_cook,spec_hot_holding_and_reheating,core
req_banquet_cook_teamwork,spec_banquet_cook,spec_teamwork,core
req_banquet_cook_time_management,spec_banquet_cook,spec_time_management,core
req_banquet_cook_buffet_food_replenishment,spec_banquet_cook,spec_buffet_food_replenishment,common
req_banquet_cook_large_pot_rice_cooking,spec_banquet_cook,spec_large_pot_rice_cooking,common
req_banquet_cook_combi_oven_operation,spec_banquet_cook,spec_combi_oven_operation,common
req_banquet_cook_polo_mixed_rice,spec_banquet_cook,spec_polo_mixed_rice,common
req_hospital_cook_special_diet_cooking,spec_hospital_cook,spec_special_diet_cooking,core
req_hospital_cook_texture_modified_food,spec_hospital_cook,spec_texture_modified_food,core
req_hospital_cook_tray_line_assembly,spec_hospital_cook,spec_tray_line_assembly,core
req_hospital_cook_institutional_menu_standards,spec_hospital_cook,spec_institutional_menu_standards,core
req_hospital_cook_allergen_management,spec_hospital_cook,spec_allergen_management,core
req_hospital_cook_retained_food_samples,spec_hospital_cook,spec_retained_food_samples,core
req_hospital_cook_personal_hygiene,spec_hospital_cook,spec_personal_hygiene,core
req_hospital_cook_batch_cooking,spec_hospital_cook,spec_batch_cooking,common
req_hospital_cook_haccp,spec_hospital_cook,spec_haccp,common
req_hospital_cook_food_labeling,spec_hospital_cook,spec_food_labeling,common
req_school_cook_institutional_menu_standards,spec_school_cook,spec_institutional_menu_standards,core
req_school_cook_allergen_management,spec_school_cook,spec_allergen_management,core
req_school_cook_batch_cooking,spec_school_cook,spec_batch_cooking,core
req_school_cook_portion_control,spec_school_cook,spec_portion_control,core
req_school_cook_food_safety_basics,spec_school_cook,spec_food_safety_basics,core
req_school_cook_personal_hygiene,spec_school_cook,spec_personal_hygiene,core
req_school_cook_special_diet_cooking,spec_school_cook,spec_special_diet_cooking,common
req_school_cook_retained_food_samples,spec_school_cook,spec_retained_food_samples,common
req_care_home_cook_texture_modified_food,spec_care_home_cook,spec_texture_modified_food,core
req_care_home_cook_special_diet_cooking,spec_care_home_cook,spec_special_diet_cooking,core
req_care_home_cook_institutional_menu_standards,spec_care_home_cook,spec_institutional_menu_standards,core
req_care_home_cook_food_safety_basics,spec_care_home_cook,spec_food_safety_basics,core
req_care_home_cook_personal_hygiene,spec_care_home_cook,spec_personal_hygiene,core
req_care_home_cook_allergen_management,spec_care_home_cook,spec_allergen_management,common
req_care_home_cook_batch_cooking,spec_care_home_cook,spec_batch_cooking,common
req_care_home_cook_tray_line_assembly,spec_care_home_cook,spec_tray_line_assembly,common
req_military_cook_batch_cooking,spec_military_cook,spec_batch_cooking,core
req_military_cook_remote_site_kitchen_logistics,spec_military_cook,spec_remote_site_kitchen_logistics,core
req_military_cook_large_pot_rice_cooking,spec_military_cook,spec_large_pot_rice_cooking,core
req_military_cook_food_safety_basics,spec_military_cook,spec_food_safety_basics,core
req_military_cook_manual_handling,spec_military_cook,spec_manual_handling,core
req_military_cook_tilting_kettle_bratt_pan,spec_military_cook,spec_tilting_kettle_bratt_pan,common
req_military_cook_cooked_food_transport,spec_military_cook,spec_cooked_food_transport,common
req_military_cook_retained_food_samples,spec_military_cook,spec_retained_food_samples,common
req_military_cook_fire_safety,spec_military_cook,spec_fire_safety,common
req_airline_catering_cook_cook_chill,spec_airline_catering_cook,spec_cook_chill,core
req_airline_catering_cook_tray_line_assembly,spec_airline_catering_cook,spec_tray_line_assembly,core
req_airline_catering_cook_blast_chiller_cold_room,spec_airline_catering_cook,spec_blast_chiller_cold_room,core
req_airline_catering_cook_portion_control,spec_airline_catering_cook,spec_portion_control,core
req_airline_catering_cook_food_labeling,spec_airline_catering_cook,spec_food_labeling,core
req_airline_catering_cook_haccp,spec_airline_catering_cook,spec_haccp,core
req_airline_catering_cook_allergen_management,spec_airline_catering_cook,spec_allergen_management,core
req_airline_catering_cook_special_diet_cooking,spec_airline_catering_cook,spec_special_diet_cooking,common
req_airline_catering_cook_halal_food_compliance,spec_airline_catering_cook,spec_halal_food_compliance,common
req_airline_catering_cook_combi_oven_operation,spec_airline_catering_cook,spec_combi_oven_operation,common
req_cruise_ship_cook_remote_site_kitchen_logistics,spec_cruise_ship_cook,spec_remote_site_kitchen_logistics,core
req_cruise_ship_cook_batch_cooking,spec_cruise_ship_cook,spec_batch_cooking,core
req_cruise_ship_cook_cooking_methods,spec_cruise_ship_cook,spec_cooking_methods,core
req_cruise_ship_cook_fire_safety,spec_cruise_ship_cook,spec_fire_safety,core
req_cruise_ship_cook_food_safety_basics,spec_cruise_ship_cook,spec_food_safety_basics,core
req_cruise_ship_cook_kitchen_ordering_par_levels,spec_cruise_ship_cook,spec_kitchen_ordering_par_levels,common
req_cruise_ship_cook_blast_chiller_cold_room,spec_cruise_ship_cook,spec_blast_chiller_cold_room,common
req_cruise_ship_cook_international_cuisines,spec_cruise_ship_cook,spec_international_cuisines,common
req_cruise_ship_cook_food_waste_reduction,spec_cruise_ship_cook,spec_food_waste_reduction,common
req_camp_cook_remote_site_kitchen_logistics,spec_camp_cook,spec_remote_site_kitchen_logistics,core
req_camp_cook_batch_cooking,spec_camp_cook,spec_batch_cooking,core
req_camp_cook_gas_range_safety,spec_camp_cook,spec_gas_range_safety,core
req_camp_cook_food_safety_basics,spec_camp_cook,spec_food_safety_basics,core
req_camp_cook_large_pot_rice_cooking,spec_camp_cook,spec_large_pot_rice_cooking,common
req_camp_cook_fire_safety,spec_camp_cook,spec_fire_safety,common
req_camp_cook_kitchen_ordering_par_levels,spec_camp_cook,spec_kitchen_ordering_par_levels,common
req_camp_cook_retained_food_samples,spec_camp_cook,spec_retained_food_samples,common
req_camp_cook_manual_handling,spec_camp_cook,spec_manual_handling,common
req_bread_baker_assistant_personal_hygiene,spec_bread_baker_assistant,spec_personal_hygiene,core
req_bread_baker_assistant_food_safety_basics,spec_bread_baker_assistant,spec_food_safety_basics,core
req_bread_baker_assistant_cleaning_sanitation_routines,spec_bread_baker_assistant,spec_cleaning_sanitation_routines,core
req_bread_baker_assistant_manual_handling,spec_bread_baker_assistant,spec_manual_handling,core
req_bread_baker_assistant_slip_and_burn_prevention,spec_bread_baker_assistant,spec_slip_and_burn_prevention,core
req_bread_baker_assistant_precise_weighing,spec_bread_baker_assistant,spec_precise_weighing,common
req_bread_baker_assistant_bread_dough_handling,spec_bread_baker_assistant,spec_bread_dough_handling,common
req_bread_baker_assistant_teamwork,spec_bread_baker_assistant,spec_teamwork,common
req_bread_baker_assistant_stock_rotation_fifo,spec_bread_baker_assistant,spec_stock_rotation_fifo,common
req_dough_mixer_dough_mixing,spec_dough_mixer,spec_dough_mixing,core
req_dough_mixer_dough_mixer_operation,spec_dough_mixer,spec_dough_mixer_operation,core
req_dough_mixer_fermentation_management,spec_dough_mixer,spec_fermentation_management,core
req_dough_mixer_precise_weighing,spec_dough_mixer,spec_precise_weighing,core
req_dough_mixer_dough_temperature_control,spec_dough_mixer,spec_dough_temperature_control,core
req_dough_mixer_flour_and_ingredient_knowledge,spec_dough_mixer,spec_flour_and_ingredient_knowledge,common
req_dough_mixer_bakers_percentage,spec_dough_mixer,spec_bakers_percentage,common
req_dough_mixer_bread_additive_rules,spec_dough_mixer,spec_bread_additive_rules,common
req_dough_mixer_personal_hygiene,spec_dough_mixer,spec_personal_hygiene,common
req_dough_mixer_manual_handling,spec_dough_mixer,spec_manual_handling,common
req_dough_mixer_equipment_cleaning_basics,spec_dough_mixer,spec_equipment_cleaning_basics,common
req_dough_divider_dough_dividing_shaping,spec_dough_divider,spec_dough_dividing_shaping,core
req_dough_divider_bread_dough_handling,spec_dough_divider,spec_bread_dough_handling,core
req_dough_divider_precise_weighing,spec_dough_divider,spec_precise_weighing,core
req_dough_divider_proofing_control,spec_dough_divider,spec_proofing_control,common
req_dough_divider_personal_hygiene,spec_dough_divider,spec_personal_hygiene,common
req_dough_divider_teamwork,spec_dough_divider,spec_teamwork,common
req_dough_divider_manual_handling,spec_dough_divider,spec_manual_handling,common
req_sangak_baker_sangak_stone_bed_baking,spec_sangak_baker,spec_sangak_stone_bed_baking,core
req_sangak_baker_tanur_firing,spec_sangak_baker,spec_tanur_firing,core
req_sangak_baker_bread_dough_handling,spec_sangak_baker,spec_bread_dough_handling,core
req_sangak_baker_slip_and_burn_prevention,spec_sangak_baker,spec_slip_and_burn_prevention,core
req_sangak_baker_fermentation_management,spec_sangak_baker,spec_fermentation_management,common
req_sangak_baker_bakery_gas_burner_safety,spec_sangak_baker,spec_bakery_gas_burner_safety,common
req_sangak_baker_bread_additive_rules,spec_sangak_baker,spec_bread_additive_rules,common
req_sangak_baker_personal_hygiene,spec_sangak_baker,spec_personal_hygiene,common
req_sangak_baker_teamwork,spec_sangak_baker,spec_teamwork,common
req_sangak_baker_time_management,spec_sangak_baker,spec_time_management,common
req_barbari_baker_barbari_shaping_baking,spec_barbari_baker,spec_barbari_shaping_baking,core
req_barbari_baker_bread_dough_handling,spec_barbari_baker,spec_bread_dough_handling,core
req_barbari_baker_bakery_oven_operation,spec_barbari_baker,spec_bakery_oven_operation,core
req_barbari_baker_tanur_firing,spec_barbari_baker,spec_tanur_firing,common
req_barbari_baker_fermentation_management,spec_barbari_baker,spec_fermentation_management,common
req_barbari_baker_bakery_gas_burner_safety,spec_barbari_baker,spec_bakery_gas_burner_safety,common
req_barbari_baker_bread_additive_rules,spec_barbari_baker,spec_bread_additive_rules,common
req_barbari_baker_slip_and_burn_prevention,spec_barbari_baker,spec_slip_and_burn_prevention,common
req_barbari_baker_personal_hygiene,spec_barbari_baker,spec_personal_hygiene,common
req_lavash_baker_tanur_flatbread_baking,spec_lavash_baker,spec_tanur_flatbread_baking,core
req_lavash_baker_tanur_firing,spec_lavash_baker,spec_tanur_firing,core
req_lavash_baker_bread_dough_handling,spec_lavash_baker,spec_bread_dough_handling,core
req_lavash_baker_slip_and_burn_prevention,spec_lavash_baker,spec_slip_and_burn_prevention,core
req_lavash_baker_dough_dividing_shaping,spec_lavash_baker,spec_dough_dividing_shaping,common
req_lavash_baker_bakery_gas_burner_safety,spec_lavash_baker,spec_bakery_gas_burner_safety,common
req_lavash_baker_bread_additive_rules,spec_lavash_baker,spec_bread_additive_rules,common
req_lavash_baker_personal_hygiene,spec_lavash_baker,spec_personal_hygiene,common
req_lavash_baker_industrial_bread_line_operation,spec_lavash_baker,spec_industrial_bread_line_operation,specialist
req_taftoon_baker_tanur_flatbread_baking,spec_taftoon_baker,spec_tanur_flatbread_baking,core
req_taftoon_baker_tanur_firing,spec_taftoon_baker,spec_tanur_firing,core
req_taftoon_baker_bread_dough_handling,spec_taftoon_baker,spec_bread_dough_handling,core
req_taftoon_baker_slip_and_burn_prevention,spec_taftoon_baker,spec_slip_and_burn_prevention,core
req_taftoon_baker_bakery_gas_burner_safety,spec_taftoon_baker,spec_bakery_gas_burner_safety,common
req_taftoon_baker_bread_additive_rules,spec_taftoon_baker,spec_bread_additive_rules,common
req_taftoon_baker_personal_hygiene,spec_taftoon_baker,spec_personal_hygiene,common
req_taftoon_baker_fermentation_management,spec_taftoon_baker,spec_fermentation_management,common
req_regional_bread_baker_regional_bread_techniques,spec_regional_bread_baker,spec_regional_bread_techniques,core
req_regional_bread_baker_bread_dough_handling,spec_regional_bread_baker,spec_bread_dough_handling,core
req_regional_bread_baker_fermentation_management,spec_regional_bread_baker,spec_fermentation_management,core
req_regional_bread_baker_tanur_firing,spec_regional_bread_baker,spec_tanur_firing,common
req_regional_bread_baker_tanur_flatbread_baking,spec_regional_bread_baker,spec_tanur_flatbread_baking,common
req_regional_bread_baker_flour_and_ingredient_knowledge,spec_regional_bread_baker,spec_flour_and_ingredient_knowledge,common
req_regional_bread_baker_saffron_and_aromatics,spec_regional_bread_baker,spec_saffron_and_aromatics,common
req_regional_bread_baker_personal_hygiene,spec_regional_bread_baker,spec_personal_hygiene,common
req_regional_bread_baker_slip_and_burn_prevention,spec_regional_bread_baker,spec_slip_and_burn_prevention,common
req_traditional_bakery_master_dough_mixing,spec_traditional_bakery_master,spec_dough_mixing,core
req_traditional_bakery_master_fermentation_management,spec_traditional_bakery_master,spec_fermentation_management,core
req_traditional_bakery_master_tanur_firing,spec_traditional_bakery_master,spec_tanur_firing,core
req_traditional_bakery_master_bakery_gas_burner_safety,spec_traditional_bakery_master,spec_bakery_gas_burner_safety,core
req_traditional_bakery_master_bread_additive_rules,spec_traditional_bakery_master,spec_bread_additive_rules,core
req_traditional_bakery_master_sangak_stone_bed_baking,spec_traditional_bakery_master,spec_sangak_stone_bed_baking,common
req_traditional_bakery_master_tanur_flatbread_baking,spec_traditional_bakery_master,spec_tanur_flatbread_baking,common
req_traditional_bakery_master_flour_and_ingredient_knowledge,spec_traditional_bakery_master,spec_flour_and_ingredient_knowledge,common
req_traditional_bakery_master_coaching_others,spec_traditional_bakery_master,spec_coaching_others,common
req_traditional_bakery_master_team_leadership,spec_traditional_bakery_master,spec_team_leadership,common
req_traditional_bakery_master_bakery_production_planning,spec_traditional_bakery_master,spec_bakery_production_planning,common
req_traditional_bakery_master_shift_handover,spec_traditional_bakery_master,spec_shift_handover,common
req_bread_baker_dough_mixing,spec_bread_baker,spec_dough_mixing,core
req_bread_baker_fermentation_management,spec_bread_baker,spec_fermentation_management,core
req_bread_baker_dough_dividing_shaping,spec_bread_baker,spec_dough_dividing_shaping,core
req_bread_baker_proofing_control,spec_bread_baker,spec_proofing_control,core
req_bread_baker_deck_oven_baking,spec_bread_baker,spec_deck_oven_baking,core
req_bread_baker_bakery_oven_operation,spec_bread_baker,spec_bakery_oven_operation,core
req_bread_baker_bakers_percentage,spec_bread_baker,spec_bakers_percentage,common
req_bread_baker_dough_temperature_control,spec_bread_baker,spec_dough_temperature_control,common
req_bread_baker_dough_mixer_operation,spec_bread_baker,spec_dough_mixer_operation,common
req_bread_baker_flour_and_ingredient_knowledge,spec_bread_baker,spec_flour_and_ingredient_knowledge,common
req_bread_baker_bakery_shelf_life,spec_bread_baker,spec_bakery_shelf_life,common
req_bread_baker_food_safety_basics,spec_bread_baker,spec_food_safety_basics,common
req_bread_baker_proofer_retarder_operation,spec_bread_baker,spec_proofer_retarder_operation,common
req_sourdough_baker_sourdough_starter_care,spec_sourdough_baker,spec_sourdough_starter_care,core
req_sourdough_baker_fermentation_management,spec_sourdough_baker,spec_fermentation_management,core
req_sourdough_baker_deck_oven_baking,spec_sourdough_baker,spec_deck_oven_baking,core
req_sourdough_baker_bakers_percentage,spec_sourdough_baker,spec_bakers_percentage,core
req_sourdough_baker_dough_dividing_shaping,spec_sourdough_baker,spec_dough_dividing_shaping,core
req_sourdough_baker_dough_temperature_control,spec_sourdough_baker,spec_dough_temperature_control,common
req_sourdough_baker_proofer_retarder_operation,spec_sourdough_baker,spec_proofer_retarder_operation,common
req_sourdough_baker_flour_and_ingredient_knowledge,spec_sourdough_baker,spec_flour_and_ingredient_knowledge,common
req_sourdough_baker_recipe_development_baking,spec_sourdough_baker,spec_recipe_development_baking,common
req_sourdough_baker_bakery_shelf_life,spec_sourdough_baker,spec_bakery_shelf_life,common
req_head_baker_bakery_production_planning,spec_head_baker,spec_bakery_production_planning,core
req_head_baker_bakers_percentage,spec_head_baker,spec_bakers_percentage,core
req_head_baker_fermentation_management,spec_head_baker,spec_fermentation_management,core
req_head_baker_team_leadership,spec_head_baker,spec_team_leadership,core
req_head_baker_bakery_quality_inspection,spec_head_baker,spec_bakery_quality_inspection,core
req_head_baker_recipe_development_baking,spec_head_baker,spec_recipe_development_baking,common
req_head_baker_coaching_others,spec_head_baker,spec_coaching_others,common
req_head_baker_staff_scheduling,spec_head_baker,spec_staff_scheduling,common
req_head_baker_cost_control,spec_head_baker,spec_cost_control,common
req_head_baker_haccp,spec_head_baker,spec_haccp,common
req_head_baker_bakery_equipment_care,spec_head_baker,spec_bakery_equipment_care,common
req_head_baker_stock_rotation_fifo,spec_head_baker,spec_stock_rotation_fifo,common
req_head_baker_deck_oven_baking,spec_head_baker,spec_deck_oven_baking,common
req_industrial_bread_line_operator_industrial_bread_line_operation,spec_industrial_bread_line_operator,spec_industrial_bread_line_operation,core
req_industrial_bread_line_operator_bakery_oven_operation,spec_industrial_bread_line_operator,spec_bakery_oven_operation,core
req_industrial_bread_line_operator_dough_mixer_operation,spec_industrial_bread_line_operator,spec_dough_mixer_operation,core
req_industrial_bread_line_operator_bakery_equipment_care,spec_industrial_bread_line_operator,spec_bakery_equipment_care,common
req_industrial_bread_line_operator_bakery_quality_inspection,spec_industrial_bread_line_operator,spec_bakery_quality_inspection,common
req_industrial_bread_line_operator_haccp,spec_industrial_bread_line_operator,spec_haccp,common
req_industrial_bread_line_operator_personal_hygiene,spec_industrial_bread_line_operator,spec_personal_hygiene,common
req_industrial_bread_line_operator_manual_handling,spec_industrial_bread_line_operator,spec_manual_handling,common
req_industrial_bread_line_operator_shift_handover,spec_industrial_bread_line_operator,spec_shift_handover,common
req_bread_counter_seller_customer_service,spec_bread_counter_seller,spec_customer_service,core
req_bread_counter_seller_cash_handling,spec_bread_counter_seller,spec_cash_handling,core
req_bread_counter_seller_personal_hygiene,spec_bread_counter_seller,spec_personal_hygiene,core
req_bread_counter_seller_card_payments,spec_bread_counter_seller,spec_card_payments,common
req_bread_counter_seller_pos_operation,spec_bread_counter_seller,spec_pos_operation,common
req_bread_counter_seller_basic_arithmetic,spec_bread_counter_seller,spec_basic_arithmetic,common
req_bread_counter_seller_bakery_product_knowledge,spec_bread_counter_seller,spec_bakery_product_knowledge,common
req_bread_counter_seller_complaint_handling,spec_bread_counter_seller,spec_complaint_handling,common
req_pastry_assistant_precise_weighing,spec_pastry_assistant,spec_precise_weighing,core
req_pastry_assistant_following_recipes,spec_pastry_assistant,spec_following_recipes,core
req_pastry_assistant_personal_hygiene,spec_pastry_assistant,spec_personal_hygiene,core
req_pastry_assistant_food_safety_basics,spec_pastry_assistant,spec_food_safety_basics,core
req_pastry_assistant_cleaning_sanitation_routines,spec_pastry_assistant,spec_cleaning_sanitation_routines,core
req_pastry_assistant_mise_en_place,spec_pastry_assistant,spec_mise_en_place,common
req_pastry_assistant_pastry_box_packing,spec_pastry_assistant,spec_pastry_box_packing,common
req_pastry_assistant_whipped_cream_handling,spec_pastry_assistant,spec_whipped_cream_handling,common
req_pastry_assistant_teamwork,spec_pastry_assistant,spec_teamwork,common
req_pastry_assistant_slip_and_burn_prevention,spec_pastry_assistant,spec_slip_and_burn_prevention,common
req_pastry_assistant_allergen_management,spec_pastry_assistant,spec_allergen_management,common
req_pastry_cook_cake_batter_mixing,spec_pastry_cook,spec_cake_batter_mixing,core
req_pastry_cook_creams_and_fillings,spec_pastry_cook,spec_creams_and_fillings,core
req_pastry_cook_pastry_oven_baking,spec_pastry_cook,spec_pastry_oven_baking,core
req_pastry_cook_following_recipes,spec_pastry_cook,spec_following_recipes,core
req_pastry_cook_precise_weighing,spec_pastry_cook,spec_precise_weighing,core
req_pastry_cook_shortcrust_and_cookie_dough,spec_pastry_cook,spec_shortcrust_and_cookie_dough,common
req_pastry_cook_choux_pastry,spec_pastry_cook,spec_choux_pastry,common
req_pastry_cook_whipped_cream_handling,spec_pastry_cook,spec_whipped_cream_handling,common
req_pastry_cook_piping,spec_pastry_cook,spec_piping,common
req_pastry_cook_meringue_making,spec_pastry_cook,spec_meringue_making,common
req_pastry_cook_bakers_percentage,spec_pastry_cook,spec_bakers_percentage,common
req_pastry_cook_allergen_management,spec_pastry_cook,spec_allergen_management,common
req_pastry_cook_food_safety_basics,spec_pastry_cook,spec_food_safety_basics,common
req_pastry_cook_bakery_oven_operation,spec_pastry_cook,spec_bakery_oven_operation,common
req_cream_pastry_maker_choux_pastry,spec_cream_pastry_maker,spec_choux_pastry,core
req_cream_pastry_maker_whipped_cream_handling,spec_cream_pastry_maker,spec_whipped_cream_handling,core
req_cream_pastry_maker_creams_and_fillings,spec_cream_pastry_maker,spec_creams_and_fillings,core
req_cream_pastry_maker_lamination,spec_cream_pastry_maker,spec_lamination,core
req_cream_pastry_maker_piping,spec_cream_pastry_maker,spec_piping,core
req_cream_pastry_maker_pastry_oven_baking,spec_cream_pastry_maker,spec_pastry_oven_baking,common
req_cream_pastry_maker_temperature_control,spec_cream_pastry_maker,spec_temperature_control,common
req_cream_pastry_maker_food_safety_basics,spec_cream_pastry_maker,spec_food_safety_basics,common
req_cream_pastry_maker_personal_hygiene,spec_cream_pastry_maker,spec_personal_hygiene,common
req_cream_pastry_maker_bakery_shelf_life,spec_cream_pastry_maker,spec_bakery_shelf_life,common
req_dry_pastry_baker_shortcrust_and_cookie_dough,spec_dry_pastry_baker,spec_shortcrust_and_cookie_dough,core
req_dry_pastry_baker_pastry_oven_baking,spec_dry_pastry_baker,spec_pastry_oven_baking,core
req_dry_pastry_baker_precise_weighing,spec_dry_pastry_baker,spec_precise_weighing,core
req_dry_pastry_baker_following_recipes,spec_dry_pastry_baker,spec_following_recipes,core
req_dry_pastry_baker_piping,spec_dry_pastry_baker,spec_piping,common
req_dry_pastry_baker_chemical_leavening,spec_dry_pastry_baker,spec_chemical_leavening,common
req_dry_pastry_baker_pastry_box_packing,spec_dry_pastry_baker,spec_pastry_box_packing,common
req_dry_pastry_baker_bakery_shelf_life,spec_dry_pastry_baker,spec_bakery_shelf_life,common
req_dry_pastry_baker_sheeter_operation,spec_dry_pastry_baker,spec_sheeter_operation,common
req_dry_pastry_baker_food_safety_basics,spec_dry_pastry_baker,spec_food_safety_basics,common
req_cake_maker_cake_batter_mixing,spec_cake_maker,spec_cake_batter_mixing,core
req_cake_maker_chemical_leavening,spec_cake_maker,spec_chemical_leavening,core
req_cake_maker_pastry_oven_baking,spec_cake_maker,spec_pastry_oven_baking,core
req_cake_maker_precise_weighing,spec_cake_maker,spec_precise_weighing,core
req_cake_maker_cake_assembly,spec_cake_maker,spec_cake_assembly,common
req_cake_maker_following_recipes,spec_cake_maker,spec_following_recipes,common
req_cake_maker_bakers_percentage,spec_cake_maker,spec_bakers_percentage,common
req_cake_maker_dough_mixer_operation,spec_cake_maker,spec_dough_mixer_operation,common
req_cake_maker_food_safety_basics,spec_cake_maker,spec_food_safety_basics,common
req_cake_maker_bakery_shelf_life,spec_cake_maker,spec_bakery_shelf_life,common
req_cake_decorator_cake_assembly,spec_cake_decorator,spec_cake_assembly,core
req_cake_decorator_cake_icing_finishing,spec_cake_decorator,spec_cake_icing_finishing,core
req_cake_decorator_piping,spec_cake_decorator,spec_piping,core
req_cake_decorator_cake_decorating_design,spec_cake_decorator,spec_cake_decorating_design,core
req_cake_decorator_whipped_cream_handling,spec_cake_decorator,spec_whipped_cream_handling,core
req_cake_decorator_fondant_modelling,spec_cake_decorator,spec_fondant_modelling,common
req_cake_decorator_chocolate_tempering,spec_cake_decorator,spec_chocolate_tempering,common
req_cake_decorator_cake_order_consultation,spec_cake_decorator,spec_cake_order_consultation,common
req_cake_decorator_food_labeling,spec_cake_decorator,spec_food_labeling,common
req_cake_decorator_temperature_control,spec_cake_decorator,spec_temperature_control,common
req_cake_decorator_allergen_management,spec_cake_decorator,spec_allergen_management,common
req_celebration_cake_designer_cake_decorating_design,spec_celebration_cake_designer,spec_cake_decorating_design,core
req_celebration_cake_designer_tiered_cake_structure,spec_celebration_cake_designer,spec_tiered_cake_structure,core
req_celebration_cake_designer_fondant_modelling,spec_celebration_cake_designer,spec_fondant_modelling,core
req_celebration_cake_designer_cake_order_consultation,spec_celebration_cake_designer,spec_cake_order_consultation,core
req_celebration_cake_designer_cake_icing_finishing,spec_celebration_cake_designer,spec_cake_icing_finishing,core
req_celebration_cake_designer_piping,spec_celebration_cake_designer,spec_piping,common
req_celebration_cake_designer_pulled_blown_sugar,spec_celebration_cake_designer,spec_pulled_blown_sugar,common
req_celebration_cake_designer_chocolate_moulding,spec_celebration_cake_designer,spec_chocolate_moulding,common
req_celebration_cake_designer_menu_costing,spec_celebration_cake_designer,spec_menu_costing,common
req_celebration_cake_designer_time_management,spec_celebration_cake_designer,spec_time_management,common
req_viennoiserie_baker_lamination,spec_viennoiserie_baker,spec_lamination,core
req_viennoiserie_baker_viennoiserie_shaping,spec_viennoiserie_baker,spec_viennoiserie_shaping,core
req_viennoiserie_baker_sheeter_operation,spec_viennoiserie_baker,spec_sheeter_operation,core
req_viennoiserie_baker_fermentation_management,spec_viennoiserie_baker,spec_fermentation_management,core
req_viennoiserie_baker_proofer_retarder_operation,spec_viennoiserie_baker,spec_proofer_retarder_operation,common
req_viennoiserie_baker_bakers_percentage,spec_viennoiserie_baker,spec_bakers_percentage,common
req_viennoiserie_baker_deck_oven_baking,spec_viennoiserie_baker,spec_deck_oven_baking,common
req_viennoiserie_baker_dough_temperature_control,spec_viennoiserie_baker,spec_dough_temperature_control,common
req_viennoiserie_baker_temperature_control,spec_viennoiserie_baker,spec_temperature_control,common
req_banquet_pastry_cook_creams_and_fillings,spec_banquet_pastry_cook,spec_creams_and_fillings,core
req_banquet_pastry_cook_cake_assembly,spec_banquet_pastry_cook,spec_cake_assembly,core
req_banquet_pastry_cook_bakers_percentage,spec_banquet_pastry_cook,spec_bakers_percentage,core
req_banquet_pastry_cook_mise_en_place,spec_banquet_pastry_cook,spec_mise_en_place,core
req_banquet_pastry_cook_haccp,spec_banquet_pastry_cook,spec_haccp,core
req_banquet_pastry_cook_viennoiserie_shaping,spec_banquet_pastry_cook,spec_viennoiserie_shaping,common
req_banquet_pastry_cook_plated_dessert_composition,spec_banquet_pastry_cook,spec_plated_dessert_composition,common
req_banquet_pastry_cook_gelatin_and_setting_agents,spec_banquet_pastry_cook,spec_gelatin_and_setting_agents,common
req_banquet_pastry_cook_allergen_management,spec_banquet_pastry_cook,spec_allergen_management,common
req_banquet_pastry_cook_food_labeling,spec_banquet_pastry_cook,spec_food_labeling,common
req_banquet_pastry_cook_time_management,spec_banquet_pastry_cook,spec_time_management,common
req_banquet_pastry_cook_teamwork,spec_banquet_pastry_cook,spec_teamwork,common
req_banquet_pastry_cook_english_for_hospitality,spec_banquet_pastry_cook,spec_english_for_hospitality,common
req_pastry_sous_chef_bakery_production_planning,spec_pastry_sous_chef,spec_bakery_production_planning,core
req_pastry_sous_chef_creams_and_fillings,spec_pastry_sous_chef,spec_creams_and_fillings,core
req_pastry_sous_chef_plated_dessert_composition,spec_pastry_sous_chef,spec_plated_dessert_composition,core
req_pastry_sous_chef_team_leadership,spec_pastry_sous_chef,spec_team_leadership,core
req_pastry_sous_chef_haccp,spec_pastry_sous_chef,spec_haccp,core
req_pastry_sous_chef_chocolate_tempering,spec_pastry_sous_chef,spec_chocolate_tempering,common
req_pastry_sous_chef_gelatin_and_setting_agents,spec_pastry_sous_chef,spec_gelatin_and_setting_agents,common
req_pastry_sous_chef_coaching_others,spec_pastry_sous_chef,spec_coaching_others,common
req_pastry_sous_chef_stock_rotation_fifo,spec_pastry_sous_chef,spec_stock_rotation_fifo,common
req_pastry_sous_chef_staff_scheduling,spec_pastry_sous_chef,spec_staff_scheduling,common
req_pastry_sous_chef_bakery_quality_inspection,spec_pastry_sous_chef,spec_bakery_quality_inspection,common
req_pastry_chef_recipe_development_baking,spec_pastry_chef,spec_recipe_development_baking,core
req_pastry_chef_plated_dessert_composition,spec_pastry_chef,spec_plated_dessert_composition,core
req_pastry_chef_team_leadership,spec_pastry_chef,spec_team_leadership,core
req_pastry_chef_menu_costing,spec_pastry_chef,spec_menu_costing,core
req_pastry_chef_haccp,spec_pastry_chef,spec_haccp,core
req_pastry_chef_chocolate_tempering,spec_pastry_chef,spec_chocolate_tempering,common
req_pastry_chef_cake_decorating_design,spec_pastry_chef,spec_cake_decorating_design,common
req_pastry_chef_bakery_production_planning,spec_pastry_chef,spec_bakery_production_planning,common
req_pastry_chef_coaching_others,spec_pastry_chef,spec_coaching_others,common
req_pastry_chef_cost_control,spec_pastry_chef,spec_cost_control,common
req_pastry_chef_allergen_management,spec_pastry_chef,spec_allergen_management,common
req_pastry_chef_special_diet_baking,spec_pastry_chef,spec_special_diet_baking,common
req_pastry_chef_sensory_evaluation,spec_pastry_chef,spec_sensory_evaluation,common
req_executive_pastry_chef_team_leadership,spec_executive_pastry_chef,spec_team_leadership,core
req_executive_pastry_chef_cost_control,spec_executive_pastry_chef,spec_cost_control,core
req_executive_pastry_chef_menu_costing,spec_executive_pastry_chef,spec_menu_costing,core
req_executive_pastry_chef_recipe_development_baking,spec_executive_pastry_chef,spec_recipe_development_baking,core
req_executive_pastry_chef_haccp,spec_executive_pastry_chef,spec_haccp,core
req_executive_pastry_chef_bakery_production_planning,spec_executive_pastry_chef,spec_bakery_production_planning,common
req_executive_pastry_chef_staff_scheduling,spec_executive_pastry_chef,spec_staff_scheduling,common
req_executive_pastry_chef_coaching_others,spec_executive_pastry_chef,spec_coaching_others,common
req_executive_pastry_chef_sensory_evaluation,spec_executive_pastry_chef,spec_sensory_evaluation,common
req_executive_pastry_chef_bakery_quality_inspection,spec_executive_pastry_chef,spec_bakery_quality_inspection,common
req_executive_pastry_chef_receiving_deliveries,spec_executive_pastry_chef,spec_receiving_deliveries,common
req_executive_pastry_chef_english_for_hospitality,spec_executive_pastry_chef,spec_english_for_hospitality,common
req_chocolatier_chocolate_tempering,spec_chocolatier,spec_chocolate_tempering,core
req_chocolatier_chocolate_moulding,spec_chocolatier,spec_chocolate_moulding,core
req_chocolatier_creams_and_fillings,spec_chocolatier,spec_creams_and_fillings,core
req_chocolatier_temperature_control,spec_chocolatier,spec_temperature_control,core
req_chocolatier_nut_preparation,spec_chocolatier,spec_nut_preparation,common
req_chocolatier_pastry_box_packing,spec_chocolatier,spec_pastry_box_packing,common
req_chocolatier_bakery_shelf_life,spec_chocolatier,spec_bakery_shelf_life,common
req_chocolatier_food_labeling,spec_chocolatier,spec_food_labeling,common
req_chocolatier_allergen_management,spec_chocolatier,spec_allergen_management,common
req_chocolatier_recipe_development_baking,spec_chocolatier,spec_recipe_development_baking,specialist
req_sugar_artist_pulled_blown_sugar,spec_sugar_artist,spec_pulled_blown_sugar,core
req_sugar_artist_sugar_cooking_stages,spec_sugar_artist,spec_sugar_cooking_stages,core
req_sugar_artist_chocolate_tempering,spec_sugar_artist,spec_chocolate_tempering,core
req_sugar_artist_fondant_modelling,spec_sugar_artist,spec_fondant_modelling,core
req_sugar_artist_tiered_cake_structure,spec_sugar_artist,spec_tiered_cake_structure,common
req_sugar_artist_cake_decorating_design,spec_sugar_artist,spec_cake_decorating_design,common
req_sugar_artist_slip_and_burn_prevention,spec_sugar_artist,spec_slip_and_burn_prevention,common
req_sugar_artist_chocolate_moulding,spec_sugar_artist,spec_chocolate_moulding,specialist
req_confectionery_maker_candy_making,spec_confectionery_maker,spec_candy_making,core
req_confectionery_maker_sugar_cooking_stages,spec_confectionery_maker,spec_sugar_cooking_stages,core
req_confectionery_maker_precise_weighing,spec_confectionery_maker,spec_precise_weighing,core
req_confectionery_maker_food_safety_basics,spec_confectionery_maker,spec_food_safety_basics,core
req_confectionery_maker_gelatin_and_setting_agents,spec_confectionery_maker,spec_gelatin_and_setting_agents,common
req_confectionery_maker_chocolate_tempering,spec_confectionery_maker,spec_chocolate_tempering,common
req_confectionery_maker_pastry_box_packing,spec_confectionery_maker,spec_pastry_box_packing,common
req_confectionery_maker_food_labeling,spec_confectionery_maker,spec_food_labeling,common
req_confectionery_maker_bakery_packaging_machine,spec_confectionery_maker,spec_bakery_packaging_machine,common
req_confectionery_maker_personal_hygiene,spec_confectionery_maker,spec_personal_hygiene,common
req_gluten_free_baker_special_diet_baking,spec_gluten_free_baker,spec_special_diet_baking,core
req_gluten_free_baker_allergen_management,spec_gluten_free_baker,spec_allergen_management,core
req_gluten_free_baker_food_labeling,spec_gluten_free_baker,spec_food_labeling,core
req_gluten_free_baker_precise_weighing,spec_gluten_free_baker,spec_precise_weighing,core
req_gluten_free_baker_recipe_development_baking,spec_gluten_free_baker,spec_recipe_development_baking,common
req_gluten_free_baker_pastry_oven_baking,spec_gluten_free_baker,spec_pastry_oven_baking,common
req_gluten_free_baker_cleaning_sanitation_routines,spec_gluten_free_baker,spec_cleaning_sanitation_routines,common
req_gluten_free_baker_bakery_product_knowledge,spec_gluten_free_baker,spec_bakery_product_knowledge,common
req_gluten_free_baker_rice_flour_and_chickpea_cookies,spec_gluten_free_baker,spec_rice_flour_and_chickpea_cookies,common
req_industrial_pastry_line_operator_industrial_bread_line_operation,spec_industrial_pastry_line_operator,spec_industrial_bread_line_operation,core
req_industrial_pastry_line_operator_bakery_oven_operation,spec_industrial_pastry_line_operator,spec_bakery_oven_operation,core
req_industrial_pastry_line_operator_bakery_packaging_machine,spec_industrial_pastry_line_operator,spec_bakery_packaging_machine,core
req_industrial_pastry_line_operator_haccp,spec_industrial_pastry_line_operator,spec_haccp,common
req_industrial_pastry_line_operator_bakery_quality_inspection,spec_industrial_pastry_line_operator,spec_bakery_quality_inspection,common
req_industrial_pastry_line_operator_bakery_equipment_care,spec_industrial_pastry_line_operator,spec_bakery_equipment_care,common
req_industrial_pastry_line_operator_personal_hygiene,spec_industrial_pastry_line_operator,spec_personal_hygiene,common
req_industrial_pastry_line_operator_shift_handover,spec_industrial_pastry_line_operator,spec_shift_handover,common
req_industrial_pastry_line_operator_manual_handling,spec_industrial_pastry_line_operator,spec_manual_handling,common
req_traditional_confectioner_rice_flour_and_chickpea_cookies,spec_traditional_confectioner,spec_rice_flour_and_chickpea_cookies,core
req_traditional_confectioner_saffron_and_aromatics,spec_traditional_confectioner,spec_saffron_and_aromatics,core
req_traditional_confectioner_sugar_cooking_stages,spec_traditional_confectioner,spec_sugar_cooking_stages,core
req_traditional_confectioner_syrup_soaking,spec_traditional_confectioner,spec_syrup_soaking,core
req_traditional_confectioner_nut_preparation,spec_traditional_confectioner,spec_nut_preparation,core
req_traditional_confectioner_baklava_phyllo,spec_traditional_confectioner,spec_baklava_phyllo,common
req_traditional_confectioner_regional_sweets_techniques,spec_traditional_confectioner,spec_regional_sweets_techniques,common
req_traditional_confectioner_pastry_oven_baking,spec_traditional_confectioner,spec_pastry_oven_baking,common
req_traditional_confectioner_precise_weighing,spec_traditional_confectioner,spec_precise_weighing,common
req_traditional_confectioner_food_safety_basics,spec_traditional_confectioner,spec_food_safety_basics,common
req_traditional_confectioner_pastry_box_packing,spec_traditional_confectioner,spec_pastry_box_packing,common
req_traditional_sweets_master_saffron_and_aromatics,spec_traditional_sweets_master,spec_saffron_and_aromatics,core
req_traditional_sweets_master_sugar_cooking_stages,spec_traditional_sweets_master,spec_sugar_cooking_stages,core
req_traditional_sweets_master_regional_sweets_techniques,spec_traditional_sweets_master,spec_regional_sweets_techniques,core
req_traditional_sweets_master_coaching_others,spec_traditional_sweets_master,spec_coaching_others,core
req_traditional_sweets_master_bakery_production_planning,spec_traditional_sweets_master,spec_bakery_production_planning,core
req_traditional_sweets_master_team_leadership,spec_traditional_sweets_master,spec_team_leadership,common
req_traditional_sweets_master_recipe_development_baking,spec_traditional_sweets_master,spec_recipe_development_baking,common
req_traditional_sweets_master_sensory_evaluation,spec_traditional_sweets_master,spec_sensory_evaluation,common
req_traditional_sweets_master_cost_control,spec_traditional_sweets_master,spec_cost_control,common
req_traditional_sweets_master_haccp,spec_traditional_sweets_master,spec_haccp,common
req_traditional_sweets_master_nut_preparation,spec_traditional_sweets_master,spec_nut_preparation,common
req_baklava_maker_baklava_phyllo,spec_baklava_maker,spec_baklava_phyllo,core
req_baklava_maker_syrup_soaking,spec_baklava_maker,spec_syrup_soaking,core
req_baklava_maker_sugar_cooking_stages,spec_baklava_maker,spec_sugar_cooking_stages,core
req_baklava_maker_nut_preparation,spec_baklava_maker,spec_nut_preparation,core
req_baklava_maker_saffron_and_aromatics,spec_baklava_maker,spec_saffron_and_aromatics,common
req_baklava_maker_pastry_oven_baking,spec_baklava_maker,spec_pastry_oven_baking,common
req_baklava_maker_sheeter_operation,spec_baklava_maker,spec_sheeter_operation,common
req_baklava_maker_pastry_box_packing,spec_baklava_maker,spec_pastry_box_packing,common
req_baklava_maker_allergen_management,spec_baklava_maker,spec_allergen_management,common
req_sohan_maker_sohan_cooking,spec_sohan_maker,spec_sohan_cooking,core
req_sohan_maker_sugar_cooking_stages,spec_sohan_maker,spec_sugar_cooking_stages,core
req_sohan_maker_saffron_and_aromatics,spec_sohan_maker,spec_saffron_and_aromatics,core
req_sohan_maker_nut_preparation,spec_sohan_maker,spec_nut_preparation,core
req_sohan_maker_pastry_box_packing,spec_sohan_maker,spec_pastry_box_packing,common
req_sohan_maker_slip_and_burn_prevention,spec_sohan_maker,spec_slip_and_burn_prevention,common
req_sohan_maker_food_labeling,spec_sohan_maker,spec_food_labeling,common
req_sohan_maker_bakery_shelf_life,spec_sohan_maker,spec_bakery_shelf_life,common
req_gaz_maker_gaz_making,spec_gaz_maker,spec_gaz_making,core
req_gaz_maker_sugar_cooking_stages,spec_gaz_maker,spec_sugar_cooking_stages,core
req_gaz_maker_meringue_making,spec_gaz_maker,spec_meringue_making,core
req_gaz_maker_nut_preparation,spec_gaz_maker,spec_nut_preparation,core
req_gaz_maker_saffron_and_aromatics,spec_gaz_maker,spec_saffron_and_aromatics,common
req_gaz_maker_pastry_box_packing,spec_gaz_maker,spec_pastry_box_packing,common
req_gaz_maker_food_labeling,spec_gaz_maker,spec_food_labeling,common
req_gaz_maker_bakery_packaging_machine,spec_gaz_maker,spec_bakery_packaging_machine,common
req_zoolbia_bamieh_maker_zoolbia_bamieh_frying,spec_zoolbia_bamieh_maker,spec_zoolbia_bamieh_frying,core
req_zoolbia_bamieh_maker_syrup_soaking,spec_zoolbia_bamieh_maker,spec_syrup_soaking,core
req_zoolbia_bamieh_maker_sugar_cooking_stages,spec_zoolbia_bamieh_maker,spec_sugar_cooking_stages,core
req_zoolbia_bamieh_maker_slip_and_burn_prevention,spec_zoolbia_bamieh_maker,spec_slip_and_burn_prevention,core
req_zoolbia_bamieh_maker_saffron_and_aromatics,spec_zoolbia_bamieh_maker,spec_saffron_and_aromatics,common
req_zoolbia_bamieh_maker_fire_safety,spec_zoolbia_bamieh_maker,spec_fire_safety,common
req_zoolbia_bamieh_maker_food_safety_basics,spec_zoolbia_bamieh_maker,spec_food_safety_basics,common
req_zoolbia_bamieh_maker_personal_hygiene,spec_zoolbia_bamieh_maker,spec_personal_hygiene,common
req_traditional_cookie_baker_rice_flour_and_chickpea_cookies,spec_traditional_cookie_baker,spec_rice_flour_and_chickpea_cookies,core
req_traditional_cookie_baker_saffron_and_aromatics,spec_traditional_cookie_baker,spec_saffron_and_aromatics,core
req_traditional_cookie_baker_precise_weighing,spec_traditional_cookie_baker,spec_precise_weighing,core
req_traditional_cookie_baker_pastry_oven_baking,spec_traditional_cookie_baker,spec_pastry_oven_baking,core
req_traditional_cookie_baker_nut_preparation,spec_traditional_cookie_baker,spec_nut_preparation,common
req_traditional_cookie_baker_piping,spec_traditional_cookie_baker,spec_piping,common
req_traditional_cookie_baker_pastry_box_packing,spec_traditional_cookie_baker,spec_pastry_box_packing,common
req_traditional_cookie_baker_allergen_management,spec_traditional_cookie_baker,spec_allergen_management,common
req_regional_sweets_maker_regional_sweets_techniques,spec_regional_sweets_maker,spec_regional_sweets_techniques,core
req_regional_sweets_maker_saffron_and_aromatics,spec_regional_sweets_maker,spec_saffron_and_aromatics,core
req_regional_sweets_maker_nut_preparation,spec_regional_sweets_maker,spec_nut_preparation,core
req_regional_sweets_maker_sugar_cooking_stages,spec_regional_sweets_maker,spec_sugar_cooking_stages,common
req_regional_sweets_maker_pastry_oven_baking,spec_regional_sweets_maker,spec_pastry_oven_baking,common
req_regional_sweets_maker_pastry_box_packing,spec_regional_sweets_maker,spec_pastry_box_packing,common
req_regional_sweets_maker_food_labeling,spec_regional_sweets_maker,spec_food_labeling,common
req_regional_sweets_maker_bakery_shelf_life,spec_regional_sweets_maker,spec_bakery_shelf_life,common
req_pashmak_noghl_maker_pashmak_and_noghl,spec_pashmak_noghl_maker,spec_pashmak_and_noghl,core
req_pashmak_noghl_maker_sugar_cooking_stages,spec_pashmak_noghl_maker,spec_sugar_cooking_stages,core
req_pashmak_noghl_maker_saffron_and_aromatics,spec_pashmak_noghl_maker,spec_saffron_and_aromatics,core
req_pashmak_noghl_maker_nut_preparation,spec_pashmak_noghl_maker,spec_nut_preparation,common
req_pashmak_noghl_maker_slip_and_burn_prevention,spec_pashmak_noghl_maker,spec_slip_and_burn_prevention,common
req_pashmak_noghl_maker_pastry_box_packing,spec_pashmak_noghl_maker,spec_pastry_box_packing,common
req_pashmak_noghl_maker_food_labeling,spec_pashmak_noghl_maker,spec_food_labeling,common
req_ice_cream_maker_ice_cream_mix_formulation,spec_ice_cream_maker,spec_ice_cream_mix_formulation,core
req_ice_cream_maker_mix_pasteurisation,spec_ice_cream_maker,spec_mix_pasteurisation,core
req_ice_cream_maker_ice_cream_churning,spec_ice_cream_maker,spec_ice_cream_churning,core
req_ice_cream_maker_ice_cream_hardening_storage,spec_ice_cream_maker,spec_ice_cream_hardening_storage,core
req_ice_cream_maker_haccp,spec_ice_cream_maker,spec_haccp,core
req_ice_cream_maker_ice_cream_machine_care,spec_ice_cream_maker,spec_ice_cream_machine_care,common
req_ice_cream_maker_precise_weighing,spec_ice_cream_maker,spec_precise_weighing,common
req_ice_cream_maker_allergen_management,spec_ice_cream_maker,spec_allergen_management,common
req_ice_cream_maker_food_labeling,spec_ice_cream_maker,spec_food_labeling,common
req_ice_cream_maker_cold_chain_handling,spec_ice_cream_maker,spec_cold_chain_handling,common
req_traditional_ice_cream_maker_traditional_ice_cream_making,spec_traditional_ice_cream_maker,spec_traditional_ice_cream_making,core
req_traditional_ice_cream_maker_saffron_and_aromatics,spec_traditional_ice_cream_maker,spec_saffron_and_aromatics,core
req_traditional_ice_cream_maker_mix_pasteurisation,spec_traditional_ice_cream_maker,spec_mix_pasteurisation,core
req_traditional_ice_cream_maker_ice_cream_churning,spec_traditional_ice_cream_maker,spec_ice_cream_churning,core
req_traditional_ice_cream_maker_ice_cream_hardening_storage,spec_traditional_ice_cream_maker,spec_ice_cream_hardening_storage,common
req_traditional_ice_cream_maker_nut_preparation,spec_traditional_ice_cream_maker,spec_nut_preparation,common
req_traditional_ice_cream_maker_ice_cream_machine_care,spec_traditional_ice_cream_maker,spec_ice_cream_machine_care,common
req_traditional_ice_cream_maker_haccp,spec_traditional_ice_cream_maker,spec_haccp,common
req_traditional_ice_cream_maker_cold_chain_handling,spec_traditional_ice_cream_maker,spec_cold_chain_handling,common
req_gelato_maker_ice_cream_mix_formulation,spec_gelato_maker,spec_ice_cream_mix_formulation,core
req_gelato_maker_ice_cream_churning,spec_gelato_maker,spec_ice_cream_churning,core
req_gelato_maker_mix_pasteurisation,spec_gelato_maker,spec_mix_pasteurisation,core
req_gelato_maker_ice_cream_hardening_storage,spec_gelato_maker,spec_ice_cream_hardening_storage,core
req_gelato_maker_recipe_development_baking,spec_gelato_maker,spec_recipe_development_baking,common
req_gelato_maker_ice_cream_machine_care,spec_gelato_maker,spec_ice_cream_machine_care,common
req_gelato_maker_bakery_display_merchandising,spec_gelato_maker,spec_bakery_display_merchandising,common
req_gelato_maker_allergen_management,spec_gelato_maker,spec_allergen_management,common
req_gelato_maker_sensory_evaluation,spec_gelato_maker,spec_sensory_evaluation,common
req_faloodeh_maker_faloodeh_making,spec_faloodeh_maker,spec_faloodeh_making,core
req_faloodeh_maker_sugar_cooking_stages,spec_faloodeh_maker,spec_sugar_cooking_stages,core
req_faloodeh_maker_temperature_control,spec_faloodeh_maker,spec_temperature_control,core
req_faloodeh_maker_ice_cream_hardening_storage,spec_faloodeh_maker,spec_ice_cream_hardening_storage,common
req_faloodeh_maker_personal_hygiene,spec_faloodeh_maker,spec_personal_hygiene,common
req_faloodeh_maker_customer_service,spec_faloodeh_maker,spec_customer_service,common
req_faloodeh_maker_food_safety_basics,spec_faloodeh_maker,spec_food_safety_basics,common
req_ice_cream_counter_server_customer_service,spec_ice_cream_counter_server,spec_customer_service,core
req_ice_cream_counter_server_portion_control,spec_ice_cream_counter_server,spec_portion_control,core
req_ice_cream_counter_server_personal_hygiene,spec_ice_cream_counter_server,spec_personal_hygiene,core
req_ice_cream_counter_server_ice_cream_hardening_storage,spec_ice_cream_counter_server,spec_ice_cream_hardening_storage,core
req_ice_cream_counter_server_cash_handling,spec_ice_cream_counter_server,spec_cash_handling,common
req_ice_cream_counter_server_pos_operation,spec_ice_cream_counter_server,spec_pos_operation,common
req_ice_cream_counter_server_bakery_display_merchandising,spec_ice_cream_counter_server,spec_bakery_display_merchandising,common
req_ice_cream_counter_server_allergen_management,spec_ice_cream_counter_server,spec_allergen_management,common
req_ice_cream_counter_server_upselling,spec_ice_cream_counter_server,spec_upselling,common
req_ice_cream_counter_server_cleaning_sanitation_routines,spec_ice_cream_counter_server,spec_cleaning_sanitation_routines,common
req_ice_cream_production_operator_mix_pasteurisation,spec_ice_cream_production_operator,spec_mix_pasteurisation,core
req_ice_cream_production_operator_ice_cream_churning,spec_ice_cream_production_operator,spec_ice_cream_churning,core
req_ice_cream_production_operator_bakery_packaging_machine,spec_ice_cream_production_operator,spec_bakery_packaging_machine,core
req_ice_cream_production_operator_cold_chain_handling,spec_ice_cream_production_operator,spec_cold_chain_handling,core
req_ice_cream_production_operator_ice_cream_machine_care,spec_ice_cream_production_operator,spec_ice_cream_machine_care,common
req_ice_cream_production_operator_haccp,spec_ice_cream_production_operator,spec_haccp,common
req_ice_cream_production_operator_bakery_quality_inspection,spec_ice_cream_production_operator,spec_bakery_quality_inspection,common
req_ice_cream_production_operator_personal_hygiene,spec_ice_cream_production_operator,spec_personal_hygiene,common
req_ice_cream_production_operator_shift_handover,spec_ice_cream_production_operator,spec_shift_handover,common
req_dessert_cook_plated_dessert_composition,spec_dessert_cook,spec_plated_dessert_composition,core
req_dessert_cook_plating,spec_dessert_cook,spec_plating,core
req_dessert_cook_creams_and_fillings,spec_dessert_cook,spec_creams_and_fillings,core
req_dessert_cook_gelatin_and_setting_agents,spec_dessert_cook,spec_gelatin_and_setting_agents,core
req_dessert_cook_mise_en_place,spec_dessert_cook,spec_mise_en_place,core
req_dessert_cook_reading_order_tickets,spec_dessert_cook,spec_reading_order_tickets,common
req_dessert_cook_whipped_cream_handling,spec_dessert_cook,spec_whipped_cream_handling,common
req_dessert_cook_ice_cream_hardening_storage,spec_dessert_cook,spec_ice_cream_hardening_storage,common
req_dessert_cook_allergen_management,spec_dessert_cook,spec_allergen_management,common
req_dessert_cook_temperature_control,spec_dessert_cook,spec_temperature_control,common
req_dessert_cook_shortcrust_and_cookie_dough,spec_dessert_cook,spec_shortcrust_and_cookie_dough,common
req_traditional_dessert_maker_traditional_dessert_cooking,spec_traditional_dessert_maker,spec_traditional_dessert_cooking,core
req_traditional_dessert_maker_saffron_and_aromatics,spec_traditional_dessert_maker,spec_saffron_and_aromatics,core
req_traditional_dessert_maker_food_safety_basics,spec_traditional_dessert_maker,spec_food_safety_basics,core
req_traditional_dessert_maker_temperature_control,spec_traditional_dessert_maker,spec_temperature_control,core
req_traditional_dessert_maker_portion_control,spec_traditional_dessert_maker,spec_portion_control,common
req_traditional_dessert_maker_nut_preparation,spec_traditional_dessert_maker,spec_nut_preparation,common
req_traditional_dessert_maker_following_recipes,spec_traditional_dessert_maker,spec_following_recipes,common
req_traditional_dessert_maker_slip_and_burn_prevention,spec_traditional_dessert_maker,spec_slip_and_burn_prevention,common
req_crepe_waffle_maker_crepe_waffle_cooking,spec_crepe_waffle_maker,spec_crepe_waffle_cooking,core
req_crepe_waffle_maker_customer_service,spec_crepe_waffle_maker,spec_customer_service,core
req_crepe_waffle_maker_portion_control,spec_crepe_waffle_maker,spec_portion_control,core
req_crepe_waffle_maker_personal_hygiene,spec_crepe_waffle_maker,spec_personal_hygiene,core
req_crepe_waffle_maker_plating,spec_crepe_waffle_maker,spec_plating,common
req_crepe_waffle_maker_cash_handling,spec_crepe_waffle_maker,spec_cash_handling,common
req_crepe_waffle_maker_allergen_management,spec_crepe_waffle_maker,spec_allergen_management,common
req_crepe_waffle_maker_slip_and_burn_prevention,spec_crepe_waffle_maker,spec_slip_and_burn_prevention,common
req_bakery_sales_associate_customer_service,spec_bakery_sales_associate,spec_customer_service,core
req_bakery_sales_associate_bakery_product_knowledge,spec_bakery_sales_associate,spec_bakery_product_knowledge,core
req_bakery_sales_associate_cash_handling,spec_bakery_sales_associate,spec_cash_handling,core
req_bakery_sales_associate_pastry_box_packing,spec_bakery_sales_associate,spec_pastry_box_packing,core
req_bakery_sales_associate_personal_hygiene,spec_bakery_sales_associate,spec_personal_hygiene,core
req_bakery_sales_associate_bakery_display_merchandising,spec_bakery_sales_associate,spec_bakery_display_merchandising,common
req_bakery_sales_associate_pos_operation,spec_bakery_sales_associate,spec_pos_operation,common
req_bakery_sales_associate_card_payments,spec_bakery_sales_associate,spec_card_payments,common
req_bakery_sales_associate_cake_order_consultation,spec_bakery_sales_associate,spec_cake_order_consultation,common
req_bakery_sales_associate_allergen_management,spec_bakery_sales_associate,spec_allergen_management,common
req_bakery_sales_associate_upselling,spec_bakery_sales_associate,spec_upselling,common
req_bakery_sales_associate_complaint_handling,spec_bakery_sales_associate,spec_complaint_handling,common
req_bakery_sales_associate_digital_ordering_platforms,spec_bakery_sales_associate,spec_digital_ordering_platforms,common
req_bakery_oven_operator_bakery_oven_operation,spec_bakery_oven_operator,spec_bakery_oven_operation,core
req_bakery_oven_operator_bakery_gas_burner_safety,spec_bakery_oven_operator,spec_bakery_gas_burner_safety,core
req_bakery_oven_operator_slip_and_burn_prevention,spec_bakery_oven_operator,spec_slip_and_burn_prevention,core
req_bakery_oven_operator_time_management,spec_bakery_oven_operator,spec_time_management,core
req_bakery_oven_operator_pastry_oven_baking,spec_bakery_oven_operator,spec_pastry_oven_baking,common
req_bakery_oven_operator_deck_oven_baking,spec_bakery_oven_operator,spec_deck_oven_baking,common
req_bakery_oven_operator_bakery_equipment_care,spec_bakery_oven_operator,spec_bakery_equipment_care,common
req_bakery_oven_operator_manual_handling,spec_bakery_oven_operator,spec_manual_handling,common
req_bakery_oven_operator_fire_safety,spec_bakery_oven_operator,spec_fire_safety,common
req_bakery_oven_operator_shift_handover,spec_bakery_oven_operator,spec_shift_handover,common
req_bakery_packer_pastry_box_packing,spec_bakery_packer,spec_pastry_box_packing,core
req_bakery_packer_personal_hygiene,spec_bakery_packer,spec_personal_hygiene,core
req_bakery_packer_food_labeling,spec_bakery_packer,spec_food_labeling,core
req_bakery_packer_precise_weighing,spec_bakery_packer,spec_precise_weighing,core
req_bakery_packer_bakery_packaging_machine,spec_bakery_packer,spec_bakery_packaging_machine,common
req_bakery_packer_bakery_shelf_life,spec_bakery_packer,spec_bakery_shelf_life,common
req_bakery_packer_food_safety_basics,spec_bakery_packer,spec_food_safety_basics,common
req_bakery_packer_manual_handling,spec_bakery_packer,spec_manual_handling,common
req_bakery_packer_teamwork,spec_bakery_packer,spec_teamwork,common
req_bakery_production_supervisor_bakery_production_planning,spec_bakery_production_supervisor,spec_bakery_production_planning,core
req_bakery_production_supervisor_team_leadership,spec_bakery_production_supervisor,spec_team_leadership,core
req_bakery_production_supervisor_bakery_quality_inspection,spec_bakery_production_supervisor,spec_bakery_quality_inspection,core
req_bakery_production_supervisor_haccp,spec_bakery_production_supervisor,spec_haccp,core
req_bakery_production_supervisor_staff_scheduling,spec_bakery_production_supervisor,spec_staff_scheduling,common
req_bakery_production_supervisor_bakers_percentage,spec_bakery_production_supervisor,spec_bakers_percentage,common
req_bakery_production_supervisor_stock_rotation_fifo,spec_bakery_production_supervisor,spec_stock_rotation_fifo,common
req_bakery_production_supervisor_inventory_counting,spec_bakery_production_supervisor,spec_inventory_counting,common
req_bakery_production_supervisor_cost_control,spec_bakery_production_supervisor,spec_cost_control,common
req_bakery_production_supervisor_shift_handover,spec_bakery_production_supervisor,spec_shift_handover,common
req_bakery_production_supervisor_coaching_others,spec_bakery_production_supervisor,spec_coaching_others,common
req_bakery_production_supervisor_bakery_equipment_care,spec_bakery_production_supervisor,spec_bakery_equipment_care,common
req_bakery_production_supervisor_bakery_gas_burner_safety,spec_bakery_production_supervisor,spec_bakery_gas_burner_safety,common
req_bakery_quality_controller_bakery_quality_inspection,spec_bakery_quality_controller,spec_bakery_quality_inspection,core
req_bakery_quality_controller_sensory_evaluation,spec_bakery_quality_controller,spec_sensory_evaluation,core
req_bakery_quality_controller_haccp,spec_bakery_quality_controller,spec_haccp,core
req_bakery_quality_controller_food_labeling,spec_bakery_quality_controller,spec_food_labeling,core
req_bakery_quality_controller_bakery_shelf_life,spec_bakery_quality_controller,spec_bakery_shelf_life,common
req_bakery_quality_controller_bread_additive_rules,spec_bakery_quality_controller,spec_bread_additive_rules,common
req_bakery_quality_controller_allergen_management,spec_bakery_quality_controller,spec_allergen_management,common
req_bakery_quality_controller_flour_and_ingredient_knowledge,spec_bakery_quality_controller,spec_flour_and_ingredient_knowledge,common
req_bakery_quality_controller_receiving_deliveries,spec_bakery_quality_controller,spec_receiving_deliveries,common
req_bakery_quality_controller_pest_prevention,spec_bakery_quality_controller,spec_pest_prevention,common
req_bakery_product_developer_recipe_development_baking,spec_bakery_product_developer,spec_recipe_development_baking,core
req_bakery_product_developer_bakers_percentage,spec_bakery_product_developer,spec_bakers_percentage,core
req_bakery_product_developer_sensory_evaluation,spec_bakery_product_developer,spec_sensory_evaluation,core
req_bakery_product_developer_flour_and_ingredient_knowledge,spec_bakery_product_developer,spec_flour_and_ingredient_knowledge,core
req_bakery_product_developer_bakery_shelf_life,spec_bakery_product_developer,spec_bakery_shelf_life,common
req_bakery_product_developer_special_diet_baking,spec_bakery_product_developer,spec_special_diet_baking,common
req_bakery_product_developer_menu_costing,spec_bakery_product_developer,spec_menu_costing,common
req_bakery_product_developer_food_labeling,spec_bakery_product_developer,spec_food_labeling,common
req_bakery_product_developer_bread_additive_rules,spec_bakery_product_developer,spec_bread_additive_rules,common
req_bakery_product_developer_ice_cream_mix_formulation,spec_bakery_product_developer,spec_ice_cream_mix_formulation,common
req_bakery_manager_team_leadership,spec_bakery_manager,spec_team_leadership,core
req_bakery_manager_cost_control,spec_bakery_manager,spec_cost_control,core
req_bakery_manager_staff_scheduling,spec_bakery_manager,spec_staff_scheduling,core
req_bakery_manager_bakery_production_planning,spec_bakery_manager,spec_bakery_production_planning,core
req_bakery_manager_customer_service,spec_bakery_manager,spec_customer_service,core
req_bakery_manager_menu_costing,spec_bakery_manager,spec_menu_costing,common
req_bakery_manager_inventory_counting,spec_bakery_manager,spec_inventory_counting,common
req_bakery_manager_receiving_deliveries,spec_bakery_manager,spec_receiving_deliveries,common
req_bakery_manager_haccp,spec_bakery_manager,spec_haccp,common
req_bakery_manager_bread_additive_rules,spec_bakery_manager,spec_bread_additive_rules,common
req_bakery_manager_complaint_handling,spec_bakery_manager,spec_complaint_handling,common
req_bakery_manager_digital_ordering_platforms,spec_bakery_manager,spec_digital_ordering_platforms,common
req_bakery_manager_coaching_others,spec_bakery_manager,spec_coaching_others,common
req_barista_trainee_espresso,spec_barista_trainee,spec_espresso,core
req_barista_trainee_milk_texturing,spec_barista_trainee,spec_milk_texturing,core
req_barista_trainee_personal_hygiene,spec_barista_trainee,spec_personal_hygiene,core
req_barista_trainee_cleaning_sanitation_routines,spec_barista_trainee,spec_cleaning_sanitation_routines,core
req_barista_trainee_bar_setup_closing,spec_barista_trainee,spec_bar_setup_closing,core
req_barista_trainee_following_recipes,spec_barista_trainee,spec_following_recipes,core
req_barista_trainee_coffee_drink_recipes,spec_barista_trainee,spec_coffee_drink_recipes,common
req_barista_trainee_customer_service,spec_barista_trainee,spec_customer_service,common
req_barista_trainee_teamwork,spec_barista_trainee,spec_teamwork,common
req_barista_trainee_espresso_machine_backflushing,spec_barista_trainee,spec_espresso_machine_backflushing,common
req_barista_trainee_slip_and_burn_prevention,spec_barista_trainee,spec_slip_and_burn_prevention,common
req_barista_trainee_pos_operation,spec_barista_trainee,spec_pos_operation,common
req_barista_espresso,spec_barista,spec_espresso,core
req_barista_milk_texturing,spec_barista,spec_milk_texturing,core
req_barista_grinder_dial_in,spec_barista,spec_grinder_dial_in,core
req_barista_coffee_drink_recipes,spec_barista,spec_coffee_drink_recipes,core
req_barista_latte_art,spec_barista,spec_latte_art,core
req_barista_bar_workflow,spec_barista,spec_bar_workflow,core
req_barista_customer_service,spec_barista,spec_customer_service,core
req_barista_personal_hygiene,spec_barista,spec_personal_hygiene,core
req_barista_brewbar,spec_barista,spec_brewbar,common
req_barista_espresso_machine_backflushing,spec_barista,spec_espresso_machine_backflushing,common
req_barista_bar_setup_closing,spec_barista,spec_bar_setup_closing,common
req_barista_cash_handling,spec_barista,spec_cash_handling,common
req_barista_pos_operation,spec_barista,spec_pos_operation,common
req_barista_chocolate_drinks,spec_barista,spec_chocolate_drinks,common
req_barista_extraction_theory,spec_barista,spec_extraction_theory,specialist
req_senior_barista_espresso,spec_senior_barista,spec_espresso,core
req_senior_barista_grinder_dial_in,spec_senior_barista,spec_grinder_dial_in,core
req_senior_barista_extraction_theory,spec_senior_barista,spec_extraction_theory,core
req_senior_barista_latte_art,spec_senior_barista,spec_latte_art,core
req_senior_barista_brewbar,spec_senior_barista,spec_brewbar,core
req_senior_barista_bar_quality_control,spec_senior_barista,spec_bar_quality_control,core
req_senior_barista_coaching_others,spec_senior_barista,spec_coaching_others,core
req_senior_barista_milk_science,spec_senior_barista,spec_milk_science,common
req_senior_barista_water_chemistry_for_coffee,spec_senior_barista,spec_water_chemistry_for_coffee,common
req_senior_barista_coffee_origins_processing,spec_senior_barista,spec_coffee_origins_processing,common
req_senior_barista_guest_beverage_guidance,spec_senior_barista,spec_guest_beverage_guidance,common
req_senior_barista_cold_brew,spec_senior_barista,spec_cold_brew,common
req_senior_barista_stock_rotation_fifo,spec_senior_barista,spec_stock_rotation_fifo,common
req_senior_barista_espresso_machine_descaling,spec_senior_barista,spec_espresso_machine_descaling,common
req_senior_barista_sensory_evaluation,spec_senior_barista,spec_sensory_evaluation,specialist
req_head_barista_extraction_theory,spec_head_barista,spec_extraction_theory,core
req_head_barista_grinder_dial_in,spec_head_barista,spec_grinder_dial_in,core
req_head_barista_bar_quality_control,spec_head_barista,spec_bar_quality_control,core
req_head_barista_coaching_others,spec_head_barista,spec_coaching_others,core
req_head_barista_team_leadership,spec_head_barista,spec_team_leadership,core
req_head_barista_signature_drink_development,spec_head_barista,spec_signature_drink_development,core
req_head_barista_sensory_evaluation,spec_head_barista,spec_sensory_evaluation,common
req_head_barista_water_chemistry_for_coffee,spec_head_barista,spec_water_chemistry_for_coffee,common
req_head_barista_coffee_storage_freshness,spec_head_barista,spec_coffee_storage_freshness,common
req_head_barista_inventory_counting,spec_head_barista,spec_inventory_counting,common
req_head_barista_beverage_costing,spec_head_barista,spec_beverage_costing,common
req_head_barista_staff_scheduling,spec_head_barista,spec_staff_scheduling,common
req_head_barista_water_filtration_maintenance,spec_head_barista,spec_water_filtration_maintenance,common
req_head_barista_cupping_protocol,spec_head_barista,spec_cupping_protocol,specialist
req_head_barista_espresso_machine_programming,spec_head_barista,spec_espresso_machine_programming,specialist
req_bar_supervisor_team_leadership,spec_bar_supervisor,spec_team_leadership,core
req_bar_supervisor_bar_workflow,spec_bar_supervisor,spec_bar_workflow,core
req_bar_supervisor_bar_quality_control,spec_bar_supervisor,spec_bar_quality_control,core
req_bar_supervisor_complaint_handling,spec_bar_supervisor,spec_complaint_handling,core
req_bar_supervisor_shift_handover,spec_bar_supervisor,spec_shift_handover,core
req_bar_supervisor_inventory_counting,spec_bar_supervisor,spec_inventory_counting,core
req_bar_supervisor_staff_scheduling,spec_bar_supervisor,spec_staff_scheduling,common
req_bar_supervisor_cash_handling,spec_bar_supervisor,spec_cash_handling,common
req_bar_supervisor_cost_control,spec_bar_supervisor,spec_cost_control,common
req_bar_supervisor_coaching_others,spec_bar_supervisor,spec_coaching_others,common
req_bar_supervisor_food_safety_basics,spec_bar_supervisor,spec_food_safety_basics,common
req_bar_supervisor_beverage_costing,spec_bar_supervisor,spec_beverage_costing,common
req_brew_bar_barista_brewbar,spec_brew_bar_barista,spec_brewbar,core
req_brew_bar_barista_extraction_theory,spec_brew_bar_barista,spec_extraction_theory,core
req_brew_bar_barista_coffee_origins_processing,spec_brew_bar_barista,spec_coffee_origins_processing,core
req_brew_bar_barista_grinder_dial_in,spec_brew_bar_barista,spec_grinder_dial_in,core
req_brew_bar_barista_water_chemistry_for_coffee,spec_brew_bar_barista,spec_water_chemistry_for_coffee,core
req_brew_bar_barista_guest_beverage_guidance,spec_brew_bar_barista,spec_guest_beverage_guidance,core
req_brew_bar_barista_cold_brew,spec_brew_bar_barista,spec_cold_brew,common
req_brew_bar_barista_sensory_evaluation,spec_brew_bar_barista,spec_sensory_evaluation,common
req_brew_bar_barista_coffee_storage_freshness,spec_brew_bar_barista,spec_coffee_storage_freshness,common
req_brew_bar_barista_espresso,spec_brew_bar_barista,spec_espresso,common
req_brew_bar_barista_coffee_bean_retail_guidance,spec_brew_bar_barista,spec_coffee_bean_retail_guidance,common
req_brew_bar_barista_cupping_protocol,spec_brew_bar_barista,spec_cupping_protocol,specialist
req_non_alcoholic_mixologist_mocktail_mixology,spec_non_alcoholic_mixologist,spec_mocktail_mixology,core
req_non_alcoholic_mixologist_syrup_making,spec_non_alcoholic_mixologist,spec_syrup_making,core
req_non_alcoholic_mixologist_garnish_preparation,spec_non_alcoholic_mixologist,spec_garnish_preparation,core
req_non_alcoholic_mixologist_ice_handling,spec_non_alcoholic_mixologist,spec_ice_handling,core
req_non_alcoholic_mixologist_signature_drink_development,spec_non_alcoholic_mixologist,spec_signature_drink_development,core
req_non_alcoholic_mixologist_carbonation_soda_systems,spec_non_alcoholic_mixologist,spec_carbonation_soda_systems,common
req_non_alcoholic_mixologist_fruit_selection_handling,spec_non_alcoholic_mixologist,spec_fruit_selection_handling,common
req_non_alcoholic_mixologist_sharbat_making,spec_non_alcoholic_mixologist,spec_sharbat_making,common
req_non_alcoholic_mixologist_beverage_costing,spec_non_alcoholic_mixologist,spec_beverage_costing,common
req_non_alcoholic_mixologist_customer_service,spec_non_alcoholic_mixologist,spec_customer_service,common
req_non_alcoholic_mixologist_fermented_soft_drinks,spec_non_alcoholic_mixologist,spec_fermented_soft_drinks,common
req_soda_fountain_attendant_carbonation_soda_systems,spec_soda_fountain_attendant,spec_carbonation_soda_systems,core
req_soda_fountain_attendant_ice_handling,spec_soda_fountain_attendant,spec_ice_handling,core
req_soda_fountain_attendant_cleaning_sanitation_routines,spec_soda_fountain_attendant,spec_cleaning_sanitation_routines,core
req_soda_fountain_attendant_personal_hygiene,spec_soda_fountain_attendant,spec_personal_hygiene,core
req_soda_fountain_attendant_takeaway_beverage_packaging,spec_soda_fountain_attendant,spec_takeaway_beverage_packaging,common
req_soda_fountain_attendant_order_taking,spec_soda_fountain_attendant,spec_order_taking,common
req_soda_fountain_attendant_pos_operation,spec_soda_fountain_attendant,spec_pos_operation,common
req_bar_back_bar_setup_closing,spec_bar_back,spec_bar_setup_closing,core
req_bar_back_ice_handling,spec_bar_back,spec_ice_handling,core
req_bar_back_manual_handling,spec_bar_back,spec_manual_handling,core
req_bar_back_cleaning_sanitation_routines,spec_bar_back,spec_cleaning_sanitation_routines,core
req_bar_back_teamwork,spec_bar_back,spec_teamwork,core
req_bar_back_stock_rotation_fifo,spec_bar_back,spec_stock_rotation_fifo,common
req_bar_back_receiving_deliveries,spec_bar_back,spec_receiving_deliveries,common
req_bar_back_dishwasher_operation,spec_bar_back,spec_dishwasher_operation,common
req_bar_back_waste_sorting,spec_bar_back,spec_waste_sorting,common
req_bar_back_slip_and_burn_prevention,spec_bar_back,spec_slip_and_burn_prevention,common
req_beverage_runner_tray_carrying,spec_beverage_runner,spec_tray_carrying,core
req_beverage_runner_table_service,spec_beverage_runner,spec_table_service,core
req_beverage_runner_reading_order_tickets,spec_beverage_runner,spec_reading_order_tickets,core
req_beverage_runner_teamwork,spec_beverage_runner,spec_teamwork,core
req_beverage_runner_customer_service,spec_beverage_runner,spec_customer_service,common
req_beverage_runner_persian_hospitality_etiquette,spec_beverage_runner,spec_persian_hospitality_etiquette,common
req_beverage_runner_slip_and_burn_prevention,spec_beverage_runner,spec_slip_and_burn_prevention,common
req_beverage_runner_menu_knowledge,spec_beverage_runner,spec_menu_knowledge,common
req_beverage_manager_beverage_menu_design,spec_beverage_manager,spec_beverage_menu_design,core
req_beverage_manager_beverage_costing,spec_beverage_manager,spec_beverage_costing,core
req_beverage_manager_cost_control,spec_beverage_manager,spec_cost_control,core
req_beverage_manager_team_leadership,spec_beverage_manager,spec_team_leadership,core
req_beverage_manager_staff_scheduling,spec_beverage_manager,spec_staff_scheduling,core
req_beverage_manager_bar_quality_control,spec_beverage_manager,spec_bar_quality_control,core
req_beverage_manager_menu_costing,spec_beverage_manager,spec_menu_costing,common
req_beverage_manager_inventory_counting,spec_beverage_manager,spec_inventory_counting,common
req_beverage_manager_receiving_deliveries,spec_beverage_manager,spec_receiving_deliveries,common
req_beverage_manager_coffee_bar_design_equipment,spec_beverage_manager,spec_coffee_bar_design_equipment,common
req_beverage_manager_coaching_others,spec_beverage_manager,spec_coaching_others,common
req_beverage_manager_complaint_handling,spec_beverage_manager,spec_complaint_handling,common
req_beverage_manager_haccp,spec_beverage_manager,spec_haccp,common
req_beverage_manager_sensory_evaluation,spec_beverage_manager,spec_sensory_evaluation,specialist
req_coffee_cart_operator_mobile_bar_operation,spec_coffee_cart_operator,spec_mobile_bar_operation,core
req_coffee_cart_operator_espresso,spec_coffee_cart_operator,spec_espresso,core
req_coffee_cart_operator_milk_texturing,spec_coffee_cart_operator,spec_milk_texturing,core
req_coffee_cart_operator_cash_handling,spec_coffee_cart_operator,spec_cash_handling,core
req_coffee_cart_operator_bar_setup_closing,spec_coffee_cart_operator,spec_bar_setup_closing,core
req_coffee_cart_operator_card_payments,spec_coffee_cart_operator,spec_card_payments,common
req_coffee_cart_operator_takeaway_beverage_packaging,spec_coffee_cart_operator,spec_takeaway_beverage_packaging,common
req_coffee_cart_operator_food_safety_basics,spec_coffee_cart_operator,spec_food_safety_basics,common
req_coffee_cart_operator_waste_sorting,spec_coffee_cart_operator,spec_waste_sorting,common
req_coffee_cart_operator_customer_service,spec_coffee_cart_operator,spec_customer_service,common
req_breakfast_beverage_attendant_buffet_beverage_station,spec_breakfast_beverage_attendant,spec_buffet_beverage_station,core
req_breakfast_beverage_attendant_batch_brew,spec_breakfast_beverage_attendant,spec_batch_brew,core
req_breakfast_beverage_attendant_persian_tea_service,spec_breakfast_beverage_attendant,spec_persian_tea_service,core
req_breakfast_beverage_attendant_temperature_control,spec_breakfast_beverage_attendant,spec_temperature_control,core
req_breakfast_beverage_attendant_personal_hygiene,spec_breakfast_beverage_attendant,spec_personal_hygiene,core
req_breakfast_beverage_attendant_customer_service,spec_breakfast_beverage_attendant,spec_customer_service,common
req_breakfast_beverage_attendant_stock_rotation_fifo,spec_breakfast_beverage_attendant,spec_stock_rotation_fifo,common
req_breakfast_beverage_attendant_cleaning_sanitation_routines,spec_breakfast_beverage_attendant,spec_cleaning_sanitation_routines,common
req_breakfast_beverage_attendant_samovar_operation,spec_breakfast_beverage_attendant,spec_samovar_operation,common
req_coffee_vending_attendant_automatic_coffee_machine_care,spec_coffee_vending_attendant,spec_automatic_coffee_machine_care,core
req_coffee_vending_attendant_stock_rotation_fifo,spec_coffee_vending_attendant,spec_stock_rotation_fifo,core
req_coffee_vending_attendant_cleaning_sanitation_routines,spec_coffee_vending_attendant,spec_cleaning_sanitation_routines,core
req_coffee_vending_attendant_cash_handling,spec_coffee_vending_attendant,spec_cash_handling,core
req_coffee_vending_attendant_time_management,spec_coffee_vending_attendant,spec_time_management,common
req_coffee_vending_attendant_food_safety_basics,spec_coffee_vending_attendant,spec_food_safety_basics,common
req_beverage_menu_developer_signature_drink_development,spec_beverage_menu_developer,spec_signature_drink_development,core
req_beverage_menu_developer_beverage_menu_design,spec_beverage_menu_developer,spec_beverage_menu_design,core
req_beverage_menu_developer_beverage_costing,spec_beverage_menu_developer,spec_beverage_costing,core
req_beverage_menu_developer_sensory_evaluation,spec_beverage_menu_developer,spec_sensory_evaluation,core
req_beverage_menu_developer_coffee_drink_recipes,spec_beverage_menu_developer,spec_coffee_drink_recipes,core
req_beverage_menu_developer_mocktail_mixology,spec_beverage_menu_developer,spec_mocktail_mixology,common
req_beverage_menu_developer_syrup_making,spec_beverage_menu_developer,spec_syrup_making,common
req_beverage_menu_developer_coaching_others,spec_beverage_menu_developer,spec_coaching_others,common
req_beverage_menu_developer_allergen_management,spec_beverage_menu_developer,spec_allergen_management,common
req_beverage_menu_developer_food_labeling,spec_beverage_menu_developer,spec_food_labeling,common
req_coffee_trainer_barista_curriculum_teaching,spec_coffee_trainer,spec_barista_curriculum_teaching,core
req_coffee_trainer_espresso,spec_coffee_trainer,spec_espresso,core
req_coffee_trainer_extraction_theory,spec_coffee_trainer,spec_extraction_theory,core
req_coffee_trainer_milk_texturing,spec_coffee_trainer,spec_milk_texturing,core
req_coffee_trainer_latte_art,spec_coffee_trainer,spec_latte_art,core
req_coffee_trainer_brewbar,spec_coffee_trainer,spec_brewbar,core
req_coffee_trainer_coaching_others,spec_coffee_trainer,spec_coaching_others,core
req_coffee_trainer_sensory_evaluation,spec_coffee_trainer,spec_sensory_evaluation,common
req_coffee_trainer_water_chemistry_for_coffee,spec_coffee_trainer,spec_water_chemistry_for_coffee,common
req_coffee_trainer_espresso_machine_backflushing,spec_coffee_trainer,spec_espresso_machine_backflushing,common
req_coffee_trainer_coffee_origins_processing,spec_coffee_trainer,spec_coffee_origins_processing,common
req_coffee_trainer_cupping_protocol,spec_coffee_trainer,spec_cupping_protocol,specialist
req_specialty_coffee_consultant_coffee_bar_design_equipment,spec_specialty_coffee_consultant,spec_coffee_bar_design_equipment,core
req_specialty_coffee_consultant_beverage_menu_design,spec_specialty_coffee_consultant,spec_beverage_menu_design,core
req_specialty_coffee_consultant_beverage_costing,spec_specialty_coffee_consultant,spec_beverage_costing,core
req_specialty_coffee_consultant_extraction_theory,spec_specialty_coffee_consultant,spec_extraction_theory,core
req_specialty_coffee_consultant_coaching_others,spec_specialty_coffee_consultant,spec_coaching_others,core
req_specialty_coffee_consultant_water_chemistry_for_coffee,spec_specialty_coffee_consultant,spec_water_chemistry_for_coffee,common
req_specialty_coffee_consultant_sensory_evaluation,spec_specialty_coffee_consultant,spec_sensory_evaluation,common
req_specialty_coffee_consultant_cost_control,spec_specialty_coffee_consultant,spec_cost_control,common
req_specialty_coffee_consultant_staff_scheduling,spec_specialty_coffee_consultant,spec_staff_scheduling,common
req_specialty_coffee_consultant_coffee_tea_import_compliance,spec_specialty_coffee_consultant,spec_coffee_tea_import_compliance,common
req_gahwa_maker_arabic_coffee_gahwa,spec_gahwa_maker,spec_arabic_coffee_gahwa,core
req_gahwa_maker_turkish_coffee,spec_gahwa_maker,spec_turkish_coffee,core
req_gahwa_maker_persian_hospitality_etiquette,spec_gahwa_maker,spec_persian_hospitality_etiquette,core
req_gahwa_maker_personal_hygiene,spec_gahwa_maker,spec_personal_hygiene,core
req_gahwa_maker_tray_carrying,spec_gahwa_maker,spec_tray_carrying,common
req_gahwa_maker_buffet_beverage_station,spec_gahwa_maker,spec_buffet_beverage_station,common
req_gahwa_maker_customer_service,spec_gahwa_maker,spec_customer_service,common
req_gahwa_maker_slip_and_burn_prevention,spec_gahwa_maker,spec_slip_and_burn_prevention,common
req_coffee_tea_retail_specialist_coffee_bean_retail_guidance,spec_coffee_tea_retail_specialist,spec_coffee_bean_retail_guidance,core
req_coffee_tea_retail_specialist_coffee_storage_freshness,spec_coffee_tea_retail_specialist,spec_coffee_storage_freshness,core
req_coffee_tea_retail_specialist_tea_varieties,spec_coffee_tea_retail_specialist,spec_tea_varieties,core
req_coffee_tea_retail_specialist_cash_handling,spec_coffee_tea_retail_specialist,spec_cash_handling,core
req_coffee_tea_retail_specialist_customer_service,spec_coffee_tea_retail_specialist,spec_customer_service,core
req_coffee_tea_retail_specialist_coffee_origins_processing,spec_coffee_tea_retail_specialist,spec_coffee_origins_processing,common
req_coffee_tea_retail_specialist_herbal_infusions,spec_coffee_tea_retail_specialist,spec_herbal_infusions,common
req_coffee_tea_retail_specialist_brewbar,spec_coffee_tea_retail_specialist,spec_brewbar,common
req_coffee_tea_retail_specialist_pos_operation,spec_coffee_tea_retail_specialist,spec_pos_operation,common
req_coffee_tea_retail_specialist_stock_rotation_fifo,spec_coffee_tea_retail_specialist,spec_stock_rotation_fifo,common
req_coffee_tea_retail_specialist_upselling,spec_coffee_tea_retail_specialist,spec_upselling,common
req_roastery_assistant_coffee_packaging_degassing,spec_roastery_assistant,spec_coffee_packaging_degassing,core
req_roastery_assistant_manual_handling,spec_roastery_assistant,spec_manual_handling,core
req_roastery_assistant_food_labeling,spec_roastery_assistant,spec_food_labeling,core
req_roastery_assistant_cleaning_sanitation_routines,spec_roastery_assistant,spec_cleaning_sanitation_routines,core
req_roastery_assistant_personal_hygiene,spec_roastery_assistant,spec_personal_hygiene,core
req_roastery_assistant_green_coffee_storage,spec_roastery_assistant,spec_green_coffee_storage,common
req_roastery_assistant_stock_rotation_fifo,spec_roastery_assistant,spec_stock_rotation_fifo,common
req_roastery_assistant_roastery_fire_gas_safety,spec_roastery_assistant,spec_roastery_fire_gas_safety,common
req_roastery_assistant_teamwork,spec_roastery_assistant,spec_teamwork,common
req_coffee_roaster_roaster_operation,spec_coffee_roaster,spec_roaster_operation,core
req_coffee_roaster_roast_profiling,spec_coffee_roaster,spec_roast_profiling,core
req_coffee_roaster_roast_logging_software,spec_coffee_roaster,spec_roast_logging_software,core
req_coffee_roaster_roast_color_analysis,spec_coffee_roaster,spec_roast_color_analysis,core
req_coffee_roaster_roastery_fire_gas_safety,spec_coffee_roaster,spec_roastery_fire_gas_safety,core
req_coffee_roaster_cupping_protocol,spec_coffee_roaster,spec_cupping_protocol,core
req_coffee_roaster_coffee_blending,spec_coffee_roaster,spec_coffee_blending,common
req_coffee_roaster_green_coffee_storage,spec_coffee_roaster,spec_green_coffee_storage,common
req_coffee_roaster_coffee_packaging_degassing,spec_coffee_roaster,spec_coffee_packaging_degassing,common
req_coffee_roaster_sensory_evaluation,spec_coffee_roaster,spec_sensory_evaluation,common
req_coffee_roaster_food_safety_basics,spec_coffee_roaster,spec_food_safety_basics,common
req_coffee_roaster_coffee_origins_processing,spec_coffee_roaster,spec_coffee_origins_processing,common
req_coffee_roaster_sample_roasting,spec_coffee_roaster,spec_sample_roasting,specialist
req_roastery_operator_roaster_operation,spec_roastery_operator,spec_roaster_operation,core
req_roastery_operator_roastery_fire_gas_safety,spec_roastery_operator,spec_roastery_fire_gas_safety,core
req_roastery_operator_roast_logging_software,spec_roastery_operator,spec_roast_logging_software,core
req_roastery_operator_coffee_packaging_degassing,spec_roastery_operator,spec_coffee_packaging_degassing,core
req_roastery_operator_haccp,spec_roastery_operator,spec_haccp,core
req_roastery_operator_roast_color_analysis,spec_roastery_operator,spec_roast_color_analysis,common
req_roastery_operator_manual_handling,spec_roastery_operator,spec_manual_handling,common
req_roastery_operator_food_labeling,spec_roastery_operator,spec_food_labeling,common
req_roastery_operator_shift_handover,spec_roastery_operator,spec_shift_handover,common
req_head_roaster_roast_profiling,spec_head_roaster,spec_roast_profiling,core
req_head_roaster_coffee_blending,spec_head_roaster,spec_coffee_blending,core
req_head_roaster_cupping_protocol,spec_head_roaster,spec_cupping_protocol,core
req_head_roaster_team_leadership,spec_head_roaster,spec_team_leadership,core
req_head_roaster_roastery_fire_gas_safety,spec_head_roaster,spec_roastery_fire_gas_safety,core
req_head_roaster_haccp,spec_head_roaster,spec_haccp,core
req_head_roaster_green_coffee_grading,spec_head_roaster,spec_green_coffee_grading,common
req_head_roaster_roast_logging_software,spec_head_roaster,spec_roast_logging_software,common
req_head_roaster_cost_control,spec_head_roaster,spec_cost_control,common
req_head_roaster_coaching_others,spec_head_roaster,spec_coaching_others,common
req_head_roaster_coffee_tea_import_compliance,spec_head_roaster,spec_coffee_tea_import_compliance,common
req_head_roaster_inventory_counting,spec_head_roaster,spec_inventory_counting,common
req_green_coffee_buyer_green_coffee_trade,spec_green_coffee_buyer,spec_green_coffee_trade,core
req_green_coffee_buyer_green_coffee_grading,spec_green_coffee_buyer,spec_green_coffee_grading,core
req_green_coffee_buyer_cupping_protocol,spec_green_coffee_buyer,spec_cupping_protocol,core
req_green_coffee_buyer_sample_roasting,spec_green_coffee_buyer,spec_sample_roasting,core
req_green_coffee_buyer_coffee_tea_import_compliance,spec_green_coffee_buyer,spec_coffee_tea_import_compliance,core
req_green_coffee_buyer_green_coffee_storage,spec_green_coffee_buyer,spec_green_coffee_storage,common
req_green_coffee_buyer_coffee_origins_processing,spec_green_coffee_buyer,spec_coffee_origins_processing,common
req_green_coffee_buyer_english_for_hospitality,spec_green_coffee_buyer,spec_english_for_hospitality,common
req_green_coffee_buyer_cost_control,spec_green_coffee_buyer,spec_cost_control,common
req_q_grader_cupping_protocol,spec_q_grader,spec_cupping_protocol,core
req_q_grader_sensory_evaluation,spec_q_grader,spec_sensory_evaluation,core
req_q_grader_green_coffee_grading,spec_q_grader,spec_green_coffee_grading,core
req_q_grader_roast_color_analysis,spec_q_grader,spec_roast_color_analysis,core
req_q_grader_sample_roasting,spec_q_grader,spec_sample_roasting,core
req_q_grader_coffee_origins_processing,spec_q_grader,spec_coffee_origins_processing,common
req_q_grader_extraction_theory,spec_q_grader,spec_extraction_theory,common
req_q_grader_english_for_hospitality,spec_q_grader,spec_english_for_hospitality,common
req_coffee_quality_controller_cupping_protocol,spec_coffee_quality_controller,spec_cupping_protocol,core
req_coffee_quality_controller_roast_color_analysis,spec_coffee_quality_controller,spec_roast_color_analysis,core
req_coffee_quality_controller_bar_quality_control,spec_coffee_quality_controller,spec_bar_quality_control,core
req_coffee_quality_controller_sensory_evaluation,spec_coffee_quality_controller,spec_sensory_evaluation,core
req_coffee_quality_controller_haccp,spec_coffee_quality_controller,spec_haccp,core
req_coffee_quality_controller_green_coffee_grading,spec_coffee_quality_controller,spec_green_coffee_grading,common
req_coffee_quality_controller_extraction_theory,spec_coffee_quality_controller,spec_extraction_theory,common
req_coffee_quality_controller_food_labeling,spec_coffee_quality_controller,spec_food_labeling,common
req_coffee_quality_controller_water_chemistry_for_coffee,spec_coffee_quality_controller,spec_water_chemistry_for_coffee,common
req_coffee_packaging_operator_coffee_packaging_degassing,spec_coffee_packaging_operator,spec_coffee_packaging_degassing,core
req_coffee_packaging_operator_food_labeling,spec_coffee_packaging_operator,spec_food_labeling,core
req_coffee_packaging_operator_personal_hygiene,spec_coffee_packaging_operator,spec_personal_hygiene,core
req_coffee_packaging_operator_cleaning_sanitation_routines,spec_coffee_packaging_operator,spec_cleaning_sanitation_routines,core
req_coffee_packaging_operator_manual_handling,spec_coffee_packaging_operator,spec_manual_handling,common
req_coffee_packaging_operator_shift_handover,spec_coffee_packaging_operator,spec_shift_handover,common
req_coffee_packaging_operator_haccp,spec_coffee_packaging_operator,spec_haccp,common
req_coffee_brand_ambassador_product_demonstration,spec_coffee_brand_ambassador,spec_product_demonstration,core
req_coffee_brand_ambassador_coffee_origins_processing,spec_coffee_brand_ambassador,spec_coffee_origins_processing,core
req_coffee_brand_ambassador_espresso,spec_coffee_brand_ambassador,spec_espresso,core
req_coffee_brand_ambassador_grinder_dial_in,spec_coffee_brand_ambassador,spec_grinder_dial_in,core
req_coffee_brand_ambassador_customer_service,spec_coffee_brand_ambassador,spec_customer_service,core
req_coffee_brand_ambassador_cupping_protocol,spec_coffee_brand_ambassador,spec_cupping_protocol,common
req_coffee_brand_ambassador_barista_curriculum_teaching,spec_coffee_brand_ambassador,spec_barista_curriculum_teaching,common
req_coffee_brand_ambassador_english_for_hospitality,spec_coffee_brand_ambassador,spec_english_for_hospitality,common
req_coffee_brand_ambassador_coffee_bean_retail_guidance,spec_coffee_brand_ambassador,spec_coffee_bean_retail_guidance,common
req_teahouse_attendant_persian_tea_service,spec_teahouse_attendant,spec_persian_tea_service,core
req_teahouse_attendant_samovar_operation,spec_teahouse_attendant,spec_samovar_operation,core
req_teahouse_attendant_tea_brewing,spec_teahouse_attendant,spec_tea_brewing,core
req_teahouse_attendant_personal_hygiene,spec_teahouse_attendant,spec_personal_hygiene,core
req_teahouse_attendant_persian_hospitality_etiquette,spec_teahouse_attendant,spec_persian_hospitality_etiquette,core
req_teahouse_attendant_herbal_infusions,spec_teahouse_attendant,spec_herbal_infusions,common
req_teahouse_attendant_traditional_teahouse_customs,spec_teahouse_attendant,spec_traditional_teahouse_customs,common
req_teahouse_attendant_tray_carrying,spec_teahouse_attendant,spec_tray_carrying,common
req_teahouse_attendant_cash_handling,spec_teahouse_attendant,spec_cash_handling,common
req_teahouse_attendant_cleaning_sanitation_routines,spec_teahouse_attendant,spec_cleaning_sanitation_routines,common
req_samovar_keeper_samovar_operation,spec_samovar_keeper,spec_samovar_operation,core
req_samovar_keeper_persian_tea_service,spec_samovar_keeper,spec_persian_tea_service,core
req_samovar_keeper_slip_and_burn_prevention,spec_samovar_keeper,spec_slip_and_burn_prevention,core
req_samovar_keeper_personal_hygiene,spec_samovar_keeper,spec_personal_hygiene,core
req_samovar_keeper_fire_safety,spec_samovar_keeper,spec_fire_safety,common
req_samovar_keeper_manual_handling,spec_samovar_keeper,spec_manual_handling,common
req_samovar_keeper_buffet_beverage_station,spec_samovar_keeper,spec_buffet_beverage_station,common
req_samovar_keeper_cleaning_sanitation_routines,spec_samovar_keeper,spec_cleaning_sanitation_routines,common
req_sofrekhaneh_service_traditional_teahouse_customs,spec_sofrekhaneh_service,spec_traditional_teahouse_customs,core
req_sofrekhaneh_service_persian_tea_service,spec_sofrekhaneh_service,spec_persian_tea_service,core
req_sofrekhaneh_service_table_service,spec_sofrekhaneh_service,spec_table_service,core
req_sofrekhaneh_service_tray_carrying,spec_sofrekhaneh_service,spec_tray_carrying,core
req_sofrekhaneh_service_order_taking,spec_sofrekhaneh_service,spec_order_taking,core
req_sofrekhaneh_service_persian_hospitality_etiquette,spec_sofrekhaneh_service,spec_persian_hospitality_etiquette,core
req_sofrekhaneh_service_menu_knowledge,spec_sofrekhaneh_service,spec_menu_knowledge,common
req_sofrekhaneh_service_customer_service,spec_sofrekhaneh_service,spec_customer_service,common
req_sofrekhaneh_service_complaint_handling,spec_sofrekhaneh_service,spec_complaint_handling,common
req_sofrekhaneh_service_cash_handling,spec_sofrekhaneh_service,spec_cash_handling,common
req_sofrekhaneh_service_allergen_management,spec_sofrekhaneh_service,spec_allergen_management,common
req_teahouse_manager_team_leadership,spec_teahouse_manager,spec_team_leadership,core
req_teahouse_manager_staff_scheduling,spec_teahouse_manager,spec_staff_scheduling,core
req_teahouse_manager_traditional_teahouse_customs,spec_teahouse_manager,spec_traditional_teahouse_customs,core
req_teahouse_manager_cost_control,spec_teahouse_manager,spec_cost_control,core
req_teahouse_manager_food_safety_basics,spec_teahouse_manager,spec_food_safety_basics,core
req_teahouse_manager_tea_varieties,spec_teahouse_manager,spec_tea_varieties,common
req_teahouse_manager_inventory_counting,spec_teahouse_manager,spec_inventory_counting,common
req_teahouse_manager_complaint_handling,spec_teahouse_manager,spec_complaint_handling,common
req_teahouse_manager_menu_costing,spec_teahouse_manager,spec_menu_costing,common
req_teahouse_manager_tobacco_control_compliance,spec_teahouse_manager,spec_tobacco_control_compliance,common
req_teahouse_manager_receiving_deliveries,spec_teahouse_manager,spec_receiving_deliveries,common
req_hookah_attendant_hookah_preparation,spec_hookah_attendant,spec_hookah_preparation,core
req_hookah_attendant_hookah_hygiene_coal_safety,spec_hookah_attendant,spec_hookah_hygiene_coal_safety,core
req_hookah_attendant_tobacco_control_compliance,spec_hookah_attendant,spec_tobacco_control_compliance,core
req_hookah_attendant_slip_and_burn_prevention,spec_hookah_attendant,spec_slip_and_burn_prevention,core
req_hookah_attendant_fire_safety,spec_hookah_attendant,spec_fire_safety,common
req_hookah_attendant_customer_service,spec_hookah_attendant,spec_customer_service,common
req_hookah_attendant_persian_hospitality_etiquette,spec_hookah_attendant,spec_persian_hospitality_etiquette,common
req_hookah_attendant_cleaning_sanitation_routines,spec_hookah_attendant,spec_cleaning_sanitation_routines,common
req_tea_master_tea_varieties,spec_tea_master,spec_tea_varieties,core
req_tea_master_specialty_tea_brewing,spec_tea_master,spec_specialty_tea_brewing,core
req_tea_master_tea_tasting_evaluation,spec_tea_master,spec_tea_tasting_evaluation,core
req_tea_master_herbal_infusions,spec_tea_master,spec_herbal_infusions,core
req_tea_master_guest_beverage_guidance,spec_tea_master,spec_guest_beverage_guidance,core
req_tea_master_tea_blending,spec_tea_master,spec_tea_blending,common
req_tea_master_beverage_menu_design,spec_tea_master,spec_beverage_menu_design,common
req_tea_master_persian_tea_service,spec_tea_master,spec_persian_tea_service,common
req_tea_master_coaching_others,spec_tea_master,spec_coaching_others,common
req_tea_master_sensory_evaluation,spec_tea_master,spec_sensory_evaluation,common
req_tea_bar_attendant_iced_and_bubble_tea,spec_tea_bar_attendant,spec_iced_and_bubble_tea,core
req_tea_bar_attendant_tea_brewing,spec_tea_bar_attendant,spec_tea_brewing,core
req_tea_bar_attendant_following_recipes,spec_tea_bar_attendant,spec_following_recipes,core
req_tea_bar_attendant_syrup_making,spec_tea_bar_attendant,spec_syrup_making,core
req_tea_bar_attendant_personal_hygiene,spec_tea_bar_attendant,spec_personal_hygiene,core
req_tea_bar_attendant_milk_texturing,spec_tea_bar_attendant,spec_milk_texturing,common
req_tea_bar_attendant_takeaway_beverage_packaging,spec_tea_bar_attendant,spec_takeaway_beverage_packaging,common
req_tea_bar_attendant_pos_operation,spec_tea_bar_attendant,spec_pos_operation,common
req_tea_bar_attendant_specialty_tea_brewing,spec_tea_bar_attendant,spec_specialty_tea_brewing,common
req_tea_bar_attendant_ice_handling,spec_tea_bar_attendant,spec_ice_handling,common
req_tea_taster_tea_tasting_evaluation,spec_tea_taster,spec_tea_tasting_evaluation,core
req_tea_taster_tea_varieties,spec_tea_taster,spec_tea_varieties,core
req_tea_taster_sensory_evaluation,spec_tea_taster,spec_sensory_evaluation,core
req_tea_taster_tea_blending,spec_tea_taster,spec_tea_blending,core
req_tea_taster_tea_processing,spec_tea_taster,spec_tea_processing,common
req_tea_taster_coffee_tea_import_compliance,spec_tea_taster,spec_coffee_tea_import_compliance,common
req_tea_blender_tea_blending,spec_tea_blender,spec_tea_blending,core
req_tea_blender_herbal_infusions,spec_tea_blender,spec_herbal_infusions,core
req_tea_blender_food_labeling,spec_tea_blender,spec_food_labeling,core
req_tea_blender_haccp,spec_tea_blender,spec_haccp,core
req_tea_blender_personal_hygiene,spec_tea_blender,spec_personal_hygiene,core
req_tea_blender_tea_tasting_evaluation,spec_tea_blender,spec_tea_tasting_evaluation,common
req_tea_blender_manual_handling,spec_tea_blender,spec_manual_handling,common
req_tea_blender_stock_rotation_fifo,spec_tea_blender,spec_stock_rotation_fifo,common
req_tea_blender_coffee_tea_import_compliance,spec_tea_blender,spec_coffee_tea_import_compliance,common
req_tea_processing_operator_tea_processing,spec_tea_processing_operator,spec_tea_processing,core
req_tea_processing_operator_manual_handling,spec_tea_processing_operator,spec_manual_handling,core
req_tea_processing_operator_haccp,spec_tea_processing_operator,spec_haccp,core
req_tea_processing_operator_personal_hygiene,spec_tea_processing_operator,spec_personal_hygiene,core
req_tea_processing_operator_tea_tasting_evaluation,spec_tea_processing_operator,spec_tea_tasting_evaluation,common
req_tea_processing_operator_fire_safety,spec_tea_processing_operator,spec_fire_safety,common
req_tea_processing_operator_shift_handover,spec_tea_processing_operator,spec_shift_handover,common
req_juice_bar_attendant_fresh_juice_hygiene,spec_juice_bar_attendant,spec_fresh_juice_hygiene,core
req_juice_bar_attendant_fruit_selection_handling,spec_juice_bar_attendant,spec_fruit_selection_handling,core
req_juice_bar_attendant_juicer_blender_operation,spec_juice_bar_attendant,spec_juicer_blender_operation,core
req_juice_bar_attendant_smoothies_blended_drinks,spec_juice_bar_attendant,spec_smoothies_blended_drinks,core
req_juice_bar_attendant_personal_hygiene,spec_juice_bar_attendant,spec_personal_hygiene,core
req_juice_bar_attendant_ice_handling,spec_juice_bar_attendant,spec_ice_handling,common
req_juice_bar_attendant_cash_handling,spec_juice_bar_attendant,spec_cash_handling,common
req_juice_bar_attendant_takeaway_beverage_packaging,spec_juice_bar_attendant,spec_takeaway_beverage_packaging,common
req_juice_bar_attendant_stock_rotation_fifo,spec_juice_bar_attendant,spec_stock_rotation_fifo,common
req_juice_bar_attendant_knife_safety,spec_juice_bar_attendant,spec_knife_safety,common
req_juice_bar_attendant_cleaning_sanitation_routines,spec_juice_bar_attendant,spec_cleaning_sanitation_routines,common
req_juice_ice_cream_attendant_ice_cream_serving,spec_juice_ice_cream_attendant,spec_ice_cream_serving,core
req_juice_ice_cream_attendant_smoothies_blended_drinks,spec_juice_ice_cream_attendant,spec_smoothies_blended_drinks,core
req_juice_ice_cream_attendant_fresh_juice_hygiene,spec_juice_ice_cream_attendant,spec_fresh_juice_hygiene,core
req_juice_ice_cream_attendant_personal_hygiene,spec_juice_ice_cream_attendant,spec_personal_hygiene,core
req_juice_ice_cream_attendant_faloodeh_making,spec_juice_ice_cream_attendant,spec_faloodeh_making,common
req_juice_ice_cream_attendant_juicer_blender_operation,spec_juice_ice_cream_attendant,spec_juicer_blender_operation,common
req_juice_ice_cream_attendant_allergen_management,spec_juice_ice_cream_attendant,spec_allergen_management,common
req_juice_ice_cream_attendant_cash_handling,spec_juice_ice_cream_attendant,spec_cash_handling,common
req_juice_ice_cream_attendant_temperature_control,spec_juice_ice_cream_attendant,spec_temperature_control,common
req_traditional_drinks_maker_sharbat_making,spec_traditional_drinks_maker,spec_sharbat_making,core
req_traditional_drinks_maker_syrup_making,spec_traditional_drinks_maker,spec_syrup_making,core
req_traditional_drinks_maker_doogh_making,spec_traditional_drinks_maker,spec_doogh_making,core
req_traditional_drinks_maker_personal_hygiene,spec_traditional_drinks_maker,spec_personal_hygiene,core
req_traditional_drinks_maker_following_recipes,spec_traditional_drinks_maker,spec_following_recipes,core
req_traditional_drinks_maker_herbal_infusions,spec_traditional_drinks_maker,spec_herbal_infusions,common
req_traditional_drinks_maker_fermented_soft_drinks,spec_traditional_drinks_maker,spec_fermented_soft_drinks,common
req_traditional_drinks_maker_food_labeling,spec_traditional_drinks_maker,spec_food_labeling,common
req_traditional_drinks_maker_temperature_control,spec_traditional_drinks_maker,spec_temperature_control,common
req_traditional_drinks_maker_beverage_costing,spec_traditional_drinks_maker,spec_beverage_costing,common
req_juice_bar_supervisor_fruit_selection_handling,spec_juice_bar_supervisor,spec_fruit_selection_handling,core
req_juice_bar_supervisor_fresh_juice_hygiene,spec_juice_bar_supervisor,spec_fresh_juice_hygiene,core
req_juice_bar_supervisor_team_leadership,spec_juice_bar_supervisor,spec_team_leadership,core
req_juice_bar_supervisor_cost_control,spec_juice_bar_supervisor,spec_cost_control,core
req_juice_bar_supervisor_receiving_deliveries,spec_juice_bar_supervisor,spec_receiving_deliveries,core
req_juice_bar_supervisor_beverage_costing,spec_juice_bar_supervisor,spec_beverage_costing,common
req_juice_bar_supervisor_staff_scheduling,spec_juice_bar_supervisor,spec_staff_scheduling,common
req_juice_bar_supervisor_cash_handling,spec_juice_bar_supervisor,spec_cash_handling,common
req_juice_bar_supervisor_haccp,spec_juice_bar_supervisor,spec_haccp,common
req_juice_bar_supervisor_inventory_counting,spec_juice_bar_supervisor,spec_inventory_counting,common
req_herbal_distillate_maker_herbal_distillation,spec_herbal_distillate_maker,spec_herbal_distillation,core
req_herbal_distillate_maker_personal_hygiene,spec_herbal_distillate_maker,spec_personal_hygiene,core
req_herbal_distillate_maker_food_labeling,spec_herbal_distillate_maker,spec_food_labeling,core
req_herbal_distillate_maker_fire_safety,spec_herbal_distillate_maker,spec_fire_safety,core
req_herbal_distillate_maker_coffee_tea_import_compliance,spec_herbal_distillate_maker,spec_coffee_tea_import_compliance,common
req_herbal_distillate_maker_haccp,spec_herbal_distillate_maker,spec_haccp,common
req_herbal_distillate_maker_manual_handling,spec_herbal_distillate_maker,spec_manual_handling,common
req_herbal_distillate_maker_slip_and_burn_prevention,spec_herbal_distillate_maker,spec_slip_and_burn_prevention,common
req_malt_beverage_brewer_malt_beverage_brewing,spec_malt_beverage_brewer,spec_malt_beverage_brewing,core
req_malt_beverage_brewer_haccp,spec_malt_beverage_brewer,spec_haccp,core
req_malt_beverage_brewer_cleaning_sanitation_routines,spec_malt_beverage_brewer,spec_cleaning_sanitation_routines,core
req_malt_beverage_brewer_personal_hygiene,spec_malt_beverage_brewer,spec_personal_hygiene,core
req_malt_beverage_brewer_carbonation_soda_systems,spec_malt_beverage_brewer,spec_carbonation_soda_systems,common
req_malt_beverage_brewer_sensory_evaluation,spec_malt_beverage_brewer,spec_sensory_evaluation,common
req_malt_beverage_brewer_shift_handover,spec_malt_beverage_brewer,spec_shift_handover,common
req_malt_beverage_brewer_manual_handling,spec_malt_beverage_brewer,spec_manual_handling,common
req_bartender_cocktail_mixology,spec_bartender,spec_cocktail_mixology,core
req_bartender_responsible_alcohol_service,spec_bartender,spec_responsible_alcohol_service,core
req_bartender_garnish_preparation,spec_bartender,spec_garnish_preparation,core
req_bartender_ice_handling,spec_bartender,spec_ice_handling,core
req_bartender_cash_handling,spec_bartender,spec_cash_handling,common
req_bartender_customer_service,spec_bartender,spec_customer_service,common
req_bartender_bar_workflow,spec_bartender,spec_bar_workflow,common
req_head_bartender_cocktail_mixology,spec_head_bartender,spec_cocktail_mixology,core
req_head_bartender_responsible_alcohol_service,spec_head_bartender,spec_responsible_alcohol_service,core
req_head_bartender_team_leadership,spec_head_bartender,spec_team_leadership,core
req_head_bartender_beverage_menu_design,spec_head_bartender,spec_beverage_menu_design,core
req_head_bartender_beverage_costing,spec_head_bartender,spec_beverage_costing,common
req_head_bartender_inventory_counting,spec_head_bartender,spec_inventory_counting,common
req_sommelier_wine_knowledge,spec_sommelier,spec_wine_knowledge,core
req_sommelier_sensory_evaluation,spec_sommelier,spec_sensory_evaluation,core
req_sommelier_responsible_alcohol_service,spec_sommelier,spec_responsible_alcohol_service,core
req_sommelier_guest_beverage_guidance,spec_sommelier,spec_guest_beverage_guidance,core
req_sommelier_cellar_management,spec_sommelier,spec_cellar_management,common
req_sommelier_menu_knowledge,spec_sommelier,spec_menu_knowledge,common
req_cellar_master_cellar_management,spec_cellar_master,spec_cellar_management,core
req_cellar_master_wine_knowledge,spec_cellar_master,spec_wine_knowledge,core
req_cellar_master_inventory_counting,spec_cellar_master,spec_inventory_counting,core
req_cellar_master_temperature_control,spec_cellar_master,spec_temperature_control,common
req_cellar_master_cost_control,spec_cellar_master,spec_cost_control,common
req_brewer_beer_brewing,spec_brewer,spec_beer_brewing,core
req_brewer_malt_beverage_brewing,spec_brewer,spec_malt_beverage_brewing,core
req_brewer_haccp,spec_brewer,spec_haccp,core
req_brewer_cleaning_sanitation_routines,spec_brewer,spec_cleaning_sanitation_routines,core
req_brewer_sensory_evaluation,spec_brewer,spec_sensory_evaluation,common
req_distiller_spirits_distillation,spec_distiller,spec_spirits_distillation,core
req_distiller_herbal_distillation,spec_distiller,spec_herbal_distillation,core
req_distiller_fire_safety,spec_distiller,spec_fire_safety,core
req_distiller_haccp,spec_distiller,spec_haccp,core
req_distiller_sensory_evaluation,spec_distiller,spec_sensory_evaluation,common
req_waiter_order_taking,spec_waiter,spec_order_taking,core
req_waiter_table_service,spec_waiter,spec_table_service,core
req_waiter_service_sequence,spec_waiter,spec_service_sequence,core
req_waiter_plate_carrying,spec_waiter,spec_plate_carrying,core
req_waiter_tray_carrying,spec_waiter,spec_tray_carrying,core
req_waiter_menu_explanation,spec_waiter,spec_menu_explanation,core
req_waiter_menu_knowledge,spec_waiter,spec_menu_knowledge,common
req_waiter_dietary_allergen_communication,spec_waiter,spec_dietary_allergen_communication,core
req_waiter_bill_splitting,spec_waiter,spec_bill_splitting,common
req_waiter_persian_hospitality_etiquette,spec_waiter,spec_persian_hospitality_etiquette,core
req_waiter_customer_service,spec_waiter,spec_customer_service,core
req_waiter_reading_guest_cues,spec_waiter,spec_reading_guest_cues,common
req_waiter_upselling,spec_waiter,spec_upselling,common
req_waiter_pos_operation,spec_waiter,spec_pos_operation,common
req_waiter_table_clearing,spec_waiter,spec_table_clearing,common
req_waiter_trainee_table_setting,spec_waiter_trainee,spec_table_setting,core
req_waiter_trainee_table_clearing,spec_waiter_trainee,spec_table_clearing,core
req_waiter_trainee_tray_carrying,spec_waiter_trainee,spec_tray_carrying,core
req_waiter_trainee_greeting_and_seating,spec_waiter_trainee,spec_greeting_and_seating,common
req_waiter_trainee_personal_hygiene,spec_waiter_trainee,spec_personal_hygiene,core
req_waiter_trainee_teamwork,spec_waiter_trainee,spec_teamwork,core
req_waiter_trainee_persian_hospitality_etiquette,spec_waiter_trainee,spec_persian_hospitality_etiquette,core
req_waiter_trainee_opening_closing_sidework,spec_waiter_trainee,spec_opening_closing_sidework,core
req_waiter_trainee_food_safety_basics,spec_waiter_trainee,spec_food_safety_basics,common
req_senior_waiter_table_service,spec_senior_waiter,spec_table_service,core
req_senior_waiter_service_sequence,spec_senior_waiter,spec_service_sequence,core
req_senior_waiter_silver_service,spec_senior_waiter,spec_silver_service,common
req_senior_waiter_menu_explanation,spec_senior_waiter,spec_menu_explanation,core
req_senior_waiter_dietary_allergen_communication,spec_senior_waiter,spec_dietary_allergen_communication,core
req_senior_waiter_vip_guest_handling,spec_senior_waiter,spec_vip_guest_handling,common
req_senior_waiter_de_escalation,spec_senior_waiter,spec_de_escalation,common
req_senior_waiter_coaching_others,spec_senior_waiter,spec_coaching_others,common
req_senior_waiter_upselling,spec_senior_waiter,spec_upselling,common
req_senior_waiter_bill_splitting,spec_senior_waiter,spec_bill_splitting,core
req_senior_waiter_kitchen_floor_coordination,spec_senior_waiter,spec_kitchen_floor_coordination,core
req_senior_waiter_english_for_hospitality,spec_senior_waiter,spec_english_for_hospitality,common
req_section_captain_station_management,spec_section_captain,spec_station_management,core
req_section_captain_table_service,spec_section_captain,spec_table_service,core
req_section_captain_kitchen_floor_coordination,spec_section_captain,spec_kitchen_floor_coordination,core
req_section_captain_menu_explanation,spec_section_captain,spec_menu_explanation,core
req_section_captain_dietary_allergen_communication,spec_section_captain,spec_dietary_allergen_communication,core
req_section_captain_complaint_handling,spec_section_captain,spec_complaint_handling,core
req_section_captain_team_leadership,spec_section_captain,spec_team_leadership,common
req_section_captain_reading_guest_cues,spec_section_captain,spec_reading_guest_cues,common
req_head_waiter_team_leadership,spec_head_waiter,spec_team_leadership,core
req_head_waiter_station_management,spec_head_waiter,spec_station_management,core
req_head_waiter_kitchen_floor_coordination,spec_head_waiter,spec_kitchen_floor_coordination,core
req_head_waiter_complaint_handling,spec_head_waiter,spec_complaint_handling,core
req_head_waiter_de_escalation,spec_head_waiter,spec_de_escalation,core
req_head_waiter_shift_handover,spec_head_waiter,spec_shift_handover,core
req_head_waiter_coaching_others,spec_head_waiter,spec_coaching_others,core
req_head_waiter_staff_scheduling,spec_head_waiter,spec_staff_scheduling,common
req_head_waiter_service_sequence,spec_head_waiter,spec_service_sequence,core
req_head_waiter_cash_handling,spec_head_waiter,spec_cash_handling,common
req_head_waiter_emergency_guest_evacuation,spec_head_waiter,spec_emergency_guest_evacuation,common
req_floor_manager_team_leadership,spec_floor_manager,spec_team_leadership,core
req_floor_manager_staff_scheduling,spec_floor_manager,spec_staff_scheduling,core
req_floor_manager_reservation_systems,spec_floor_manager,spec_reservation_systems,core
req_floor_manager_complaint_handling,spec_floor_manager,spec_complaint_handling,core
req_floor_manager_de_escalation,spec_floor_manager,spec_de_escalation,core
req_floor_manager_vip_guest_handling,spec_floor_manager,spec_vip_guest_handling,core
req_floor_manager_seating_plan_and_layout,spec_floor_manager,spec_seating_plan_and_layout,common
req_floor_manager_cost_control,spec_floor_manager,spec_cost_control,common
req_floor_manager_coaching_others,spec_floor_manager,spec_coaching_others,core
req_floor_manager_emergency_guest_evacuation,spec_floor_manager,spec_emergency_guest_evacuation,core
req_floor_manager_accessible_service,spec_floor_manager,spec_accessible_service,common
req_floor_manager_cultural_sensitivity,spec_floor_manager,spec_cultural_sensitivity,common
req_floor_manager_peak_demand_planning,spec_floor_manager,spec_peak_demand_planning,common
req_host_greeting_and_seating,spec_host,spec_greeting_and_seating,core
req_host_reservation_systems,spec_host,spec_reservation_systems,core
req_host_waitlist_management,spec_host,spec_waitlist_management,core
req_host_persian_hospitality_etiquette,spec_host,spec_persian_hospitality_etiquette,core
req_host_customer_service,spec_host,spec_customer_service,core
req_host_phone_etiquette,spec_host,spec_phone_etiquette,common
req_host_accessible_service,spec_host,spec_accessible_service,common
req_host_families_and_children,spec_host,spec_families_and_children,common
req_host_english_for_hospitality,spec_host,spec_english_for_hospitality,common
req_host_cultural_sensitivity,spec_host,spec_cultural_sensitivity,common
req_host_sign_language_basics,spec_host,spec_sign_language_basics,specialist
req_reservations_agent_reservation_systems,spec_reservations_agent,spec_reservation_systems,core
req_reservations_agent_phone_etiquette,spec_reservations_agent,spec_phone_etiquette,core
req_reservations_agent_chat_support_writing,spec_reservations_agent,spec_chat_support_writing,common
req_reservations_agent_customer_service,spec_reservations_agent,spec_customer_service,core
req_reservations_agent_waitlist_management,spec_reservations_agent,spec_waitlist_management,common
req_reservations_agent_basic_arithmetic,spec_reservations_agent,spec_basic_arithmetic,common
req_reservations_agent_english_for_hospitality,spec_reservations_agent,spec_english_for_hospitality,common
req_guest_relations_vip_guest_handling,spec_guest_relations,spec_vip_guest_handling,core
req_guest_relations_complaint_handling,spec_guest_relations,spec_complaint_handling,core
req_guest_relations_de_escalation,spec_guest_relations,spec_de_escalation,core
req_guest_relations_cultural_sensitivity,spec_guest_relations,spec_cultural_sensitivity,core
req_guest_relations_english_for_hospitality,spec_guest_relations,spec_english_for_hospitality,core
req_guest_relations_arabic_for_hospitality,spec_guest_relations,spec_arabic_for_hospitality,specialist
req_guest_relations_discretion_confidentiality,spec_guest_relations,spec_discretion_confidentiality,core
req_guest_relations_reading_guest_cues,spec_guest_relations,spec_reading_guest_cues,common
req_food_runner_plate_carrying,spec_food_runner,spec_plate_carrying,core
req_food_runner_tray_carrying,spec_food_runner,spec_tray_carrying,core
req_food_runner_reading_order_tickets,spec_food_runner,spec_reading_order_tickets,core
req_food_runner_kitchen_floor_coordination,spec_food_runner,spec_kitchen_floor_coordination,core
req_food_runner_service_sequence,spec_food_runner,spec_service_sequence,common
req_food_runner_dietary_allergen_communication,spec_food_runner,spec_dietary_allergen_communication,common
req_food_runner_slip_and_burn_prevention,spec_food_runner,spec_slip_and_burn_prevention,core
req_food_runner_teamwork,spec_food_runner,spec_teamwork,core
req_busser_table_clearing,spec_busser,spec_table_clearing,core
req_busser_table_setting,spec_busser,spec_table_setting,core
req_busser_tray_carrying,spec_busser,spec_tray_carrying,core
req_busser_waste_sorting,spec_busser,spec_waste_sorting,core
req_busser_cleaning_sanitation_routines,spec_busser,spec_cleaning_sanitation_routines,core
req_busser_manual_handling,spec_busser,spec_manual_handling,common
req_busser_slip_and_burn_prevention,spec_busser,spec_slip_and_burn_prevention,core
req_busser_teamwork,spec_busser,spec_teamwork,core
req_buffet_attendant_buffet_replenishment,spec_buffet_attendant,spec_buffet_replenishment,core
req_buffet_attendant_chafing_dish_operation,spec_buffet_attendant,spec_chafing_dish_operation,core
req_buffet_attendant_temperature_control,spec_buffet_attendant,spec_temperature_control,core
req_buffet_attendant_food_labeling,spec_buffet_attendant,spec_food_labeling,common
req_buffet_attendant_allergen_management,spec_buffet_attendant,spec_allergen_management,common
req_buffet_attendant_dietary_allergen_communication,spec_buffet_attendant,spec_dietary_allergen_communication,common
req_buffet_attendant_food_safety_basics,spec_buffet_attendant,spec_food_safety_basics,core
req_buffet_attendant_customer_service,spec_buffet_attendant,spec_customer_service,core
req_room_service_attendant_room_service_delivery,spec_room_service_attendant,spec_room_service_delivery,core
req_room_service_attendant_order_taking,spec_room_service_attendant,spec_order_taking,core
req_room_service_attendant_phone_etiquette,spec_room_service_attendant,spec_phone_etiquette,core
req_room_service_attendant_tray_carrying,spec_room_service_attendant,spec_tray_carrying,core
req_room_service_attendant_discretion_confidentiality,spec_room_service_attendant,spec_discretion_confidentiality,core
req_room_service_attendant_bill_splitting,spec_room_service_attendant,spec_bill_splitting,common
req_room_service_attendant_english_for_hospitality,spec_room_service_attendant,spec_english_for_hospitality,common
req_room_service_attendant_hot_food_transport,spec_room_service_attendant,spec_hot_food_transport,common
req_minibar_attendant_minibar_stock_control,spec_minibar_attendant,spec_minibar_stock_control,core
req_minibar_attendant_inventory_counting,spec_minibar_attendant,spec_inventory_counting,core
req_minibar_attendant_stock_rotation_fifo,spec_minibar_attendant,spec_stock_rotation_fifo,core
req_minibar_attendant_discretion_confidentiality,spec_minibar_attendant,spec_discretion_confidentiality,core
req_minibar_attendant_pos_operation,spec_minibar_attendant,spec_pos_operation,common
req_lounge_vip_attendant_vip_guest_handling,spec_lounge_vip_attendant,spec_vip_guest_handling,core
req_lounge_vip_attendant_discretion_confidentiality,spec_lounge_vip_attendant,spec_discretion_confidentiality,core
req_lounge_vip_attendant_table_service,spec_lounge_vip_attendant,spec_table_service,core
req_lounge_vip_attendant_buffet_replenishment,spec_lounge_vip_attendant,spec_buffet_replenishment,common
req_lounge_vip_attendant_english_for_hospitality,spec_lounge_vip_attendant,spec_english_for_hospitality,core
req_lounge_vip_attendant_cultural_sensitivity,spec_lounge_vip_attendant,spec_cultural_sensitivity,core
req_lounge_vip_attendant_espresso,spec_lounge_vip_attendant,spec_espresso,specialist
req_lounge_vip_attendant_tea_brewing,spec_lounge_vip_attendant,spec_tea_brewing,common
req_teahouse_server_samovar_tea_service,spec_teahouse_server,spec_samovar_tea_service,core
req_teahouse_server_tea_brewing,spec_teahouse_server,spec_tea_brewing,core
req_teahouse_server_sofreh_service,spec_teahouse_server,spec_sofreh_service,common
req_teahouse_server_persian_hospitality_etiquette,spec_teahouse_server,spec_persian_hospitality_etiquette,core
req_teahouse_server_cash_handling,spec_teahouse_server,spec_cash_handling,common
req_teahouse_server_table_clearing,spec_teahouse_server,spec_table_clearing,core
req_teahouse_server_customer_service,spec_teahouse_server,spec_customer_service,core
req_sofrekhaneh_server_sofreh_service,spec_sofrekhaneh_server,spec_sofreh_service,core
req_sofrekhaneh_server_samovar_tea_service,spec_sofrekhaneh_server,spec_samovar_tea_service,core
req_sofrekhaneh_server_order_taking,spec_sofrekhaneh_server,spec_order_taking,core
req_sofrekhaneh_server_menu_explanation,spec_sofrekhaneh_server,spec_menu_explanation,core
req_sofrekhaneh_server_persian_hospitality_etiquette,spec_sofrekhaneh_server,spec_persian_hospitality_etiquette,core
req_sofrekhaneh_server_table_clearing,spec_sofrekhaneh_server,spec_table_clearing,core
req_sofrekhaneh_server_families_and_children,spec_sofrekhaneh_server,spec_families_and_children,common
req_sofrekhaneh_server_tray_carrying,spec_sofrekhaneh_server,spec_tray_carrying,core
req_front_of_house_steward_dining_area_cleaning,spec_front_of_house_steward,spec_dining_area_cleaning,core
req_front_of_house_steward_cleaning_sanitation_routines,spec_front_of_house_steward,spec_cleaning_sanitation_routines,core
req_front_of_house_steward_glassware_cutlery_polishing,spec_front_of_house_steward,spec_glassware_cutlery_polishing,core
req_front_of_house_steward_linen_handling,spec_front_of_house_steward,spec_linen_handling,common
req_front_of_house_steward_waste_sorting,spec_front_of_house_steward,spec_waste_sorting,core
req_front_of_house_steward_slip_and_burn_prevention,spec_front_of_house_steward,spec_slip_and_burn_prevention,core
req_front_of_house_steward_pest_prevention,spec_front_of_house_steward,spec_pest_prevention,common
req_front_of_house_steward_personal_hygiene,spec_front_of_house_steward,spec_personal_hygiene,core
req_cashier_cash_handling,spec_cashier,spec_cash_handling,core
req_cashier_pos_operation,spec_cashier,spec_pos_operation,core
req_cashier_card_payments,spec_cashier,spec_card_payments,core
req_cashier_bill_splitting,spec_cashier,spec_bill_splitting,core
req_cashier_basic_arithmetic,spec_cashier,spec_basic_arithmetic,core
req_cashier_customer_service,spec_cashier,spec_customer_service,core
req_cashier_shift_handover,spec_cashier,spec_shift_handover,core
req_cashier_tipping_etiquette_iran,spec_cashier,spec_tipping_etiquette_iran,common
req_cashier_meal_card_systems,spec_cashier,spec_meal_card_systems,specialist
req_counter_attendant_order_taking,spec_counter_attendant,spec_order_taking,core
req_counter_attendant_pos_operation,spec_counter_attendant,spec_pos_operation,core
req_counter_attendant_cash_handling,spec_counter_attendant,spec_cash_handling,core
req_counter_attendant_customer_service,spec_counter_attendant,spec_customer_service,core
req_counter_attendant_food_safety_basics,spec_counter_attendant,spec_food_safety_basics,core
req_counter_attendant_portion_control,spec_counter_attendant,spec_portion_control,common
req_counter_attendant_queue_management,spec_counter_attendant,spec_queue_management,common
req_counter_attendant_delivery_packaging,spec_counter_attendant,spec_delivery_packaging,common
req_counter_attendant_menu_knowledge,spec_counter_attendant,spec_menu_knowledge,core
req_counter_attendant_sign_language_basics,spec_counter_attendant,spec_sign_language_basics,specialist
req_qsr_crew_speed_of_service,spec_qsr_crew,spec_speed_of_service,core
req_qsr_crew_order_accuracy_check,spec_qsr_crew,spec_order_accuracy_check,core
req_qsr_crew_pos_operation,spec_qsr_crew,spec_pos_operation,core
req_qsr_crew_following_recipes,spec_qsr_crew,spec_following_recipes,core
req_qsr_crew_food_safety_basics,spec_qsr_crew,spec_food_safety_basics,core
req_qsr_crew_slip_and_burn_prevention,spec_qsr_crew,spec_slip_and_burn_prevention,core
req_qsr_crew_teamwork,spec_qsr_crew,spec_teamwork,core
req_qsr_crew_delivery_packaging,spec_qsr_crew,spec_delivery_packaging,common
req_qsr_crew_cleaning_sanitation_routines,spec_qsr_crew,spec_cleaning_sanitation_routines,common
req_drive_through_attendant_drive_through_communication,spec_drive_through_attendant,spec_drive_through_communication,core
req_drive_through_attendant_order_taking,spec_drive_through_attendant,spec_order_taking,core
req_drive_through_attendant_order_accuracy_check,spec_drive_through_attendant,spec_order_accuracy_check,core
req_drive_through_attendant_card_payments,spec_drive_through_attendant,spec_card_payments,core
req_drive_through_attendant_speed_of_service,spec_drive_through_attendant,spec_speed_of_service,core
req_drive_through_attendant_customer_service,spec_drive_through_attendant,spec_customer_service,core
req_drive_through_attendant_weather_self_care,spec_drive_through_attendant,spec_weather_self_care,common
req_order_taker_order_taking,spec_order_taker,spec_order_taking,core
req_order_taker_pos_operation,spec_order_taker,spec_pos_operation,core
req_order_taker_phone_etiquette,spec_order_taker,spec_phone_etiquette,core
req_order_taker_menu_knowledge,spec_order_taker,spec_menu_knowledge,core
req_order_taker_dietary_allergen_communication,spec_order_taker,spec_dietary_allergen_communication,common
req_order_taker_upselling,spec_order_taker,spec_upselling,common
req_order_taker_self_order_kiosk_assistance,spec_order_taker,spec_self_order_kiosk_assistance,common
req_order_taker_digital_ordering_platforms,spec_order_taker,spec_digital_ordering_platforms,common
req_cafeteria_line_attendant_portion_control,spec_cafeteria_line_attendant,spec_portion_control,core
req_cafeteria_line_attendant_bulk_serving,spec_cafeteria_line_attendant,spec_bulk_serving,core
req_cafeteria_line_attendant_meal_card_systems,spec_cafeteria_line_attendant,spec_meal_card_systems,core
req_cafeteria_line_attendant_queue_management,spec_cafeteria_line_attendant,spec_queue_management,core
req_cafeteria_line_attendant_temperature_control,spec_cafeteria_line_attendant,spec_temperature_control,core
req_cafeteria_line_attendant_food_safety_basics,spec_cafeteria_line_attendant,spec_food_safety_basics,core
req_cafeteria_line_attendant_personal_hygiene,spec_cafeteria_line_attendant,spec_personal_hygiene,core
req_cafeteria_line_attendant_chafing_dish_operation,spec_cafeteria_line_attendant,spec_chafing_dish_operation,common
req_hospital_meal_server_patient_meal_service,spec_hospital_meal_server,spec_patient_meal_service,core
req_hospital_meal_server_infection_control_basics,spec_hospital_meal_server,spec_infection_control_basics,core
req_hospital_meal_server_dietary_allergen_communication,spec_hospital_meal_server,spec_dietary_allergen_communication,core
req_hospital_meal_server_hot_food_transport,spec_hospital_meal_server,spec_hot_food_transport,core
req_hospital_meal_server_personal_hygiene,spec_hospital_meal_server,spec_personal_hygiene,core
req_hospital_meal_server_manual_handling,spec_hospital_meal_server,spec_manual_handling,common
req_hospital_meal_server_cultural_sensitivity,spec_hospital_meal_server,spec_cultural_sensitivity,common
req_hospital_meal_server_discretion_confidentiality,spec_hospital_meal_server,spec_discretion_confidentiality,common
req_elderly_care_meal_assistant_feeding_assistance,spec_elderly_care_meal_assistant,spec_feeding_assistance,core
req_elderly_care_meal_assistant_patient_meal_service,spec_elderly_care_meal_assistant,spec_patient_meal_service,core
req_elderly_care_meal_assistant_accessible_service,spec_elderly_care_meal_assistant,spec_accessible_service,core
req_elderly_care_meal_assistant_infection_control_basics,spec_elderly_care_meal_assistant,spec_infection_control_basics,core
req_elderly_care_meal_assistant_first_aid,spec_elderly_care_meal_assistant,spec_first_aid,common
req_elderly_care_meal_assistant_reading_guest_cues,spec_elderly_care_meal_assistant,spec_reading_guest_cues,common
req_elderly_care_meal_assistant_discretion_confidentiality,spec_elderly_care_meal_assistant,spec_discretion_confidentiality,common
req_school_canteen_attendant_school_nutrition_rules,spec_school_canteen_attendant,spec_school_nutrition_rules,core
req_school_canteen_attendant_child_safeguarding,spec_school_canteen_attendant,spec_child_safeguarding,core
req_school_canteen_attendant_allergen_management,spec_school_canteen_attendant,spec_allergen_management,core
req_school_canteen_attendant_cash_handling,spec_school_canteen_attendant,spec_cash_handling,common
req_school_canteen_attendant_queue_management,spec_school_canteen_attendant,spec_queue_management,core
req_school_canteen_attendant_food_safety_basics,spec_school_canteen_attendant,spec_food_safety_basics,core
req_school_canteen_attendant_families_and_children,spec_school_canteen_attendant,spec_families_and_children,common
req_inflight_food_service_moving_vehicle_service,spec_inflight_food_service,spec_moving_vehicle_service,core
req_inflight_food_service_transport_catering_security,spec_inflight_food_service,spec_transport_catering_security,core
req_inflight_food_service_dietary_allergen_communication,spec_inflight_food_service,spec_dietary_allergen_communication,core
req_inflight_food_service_emergency_guest_evacuation,spec_inflight_food_service,spec_emergency_guest_evacuation,core
req_inflight_food_service_first_aid,spec_inflight_food_service,spec_first_aid,core
req_inflight_food_service_english_for_hospitality,spec_inflight_food_service,spec_english_for_hospitality,core
req_inflight_food_service_customer_service,spec_inflight_food_service,spec_customer_service,core
req_inflight_food_service_cultural_sensitivity,spec_inflight_food_service,spec_cultural_sensitivity,common
req_rail_catering_attendant_moving_vehicle_service,spec_rail_catering_attendant,spec_moving_vehicle_service,core
req_rail_catering_attendant_order_taking,spec_rail_catering_attendant,spec_order_taking,core
req_rail_catering_attendant_cash_handling,spec_rail_catering_attendant,spec_cash_handling,common
req_rail_catering_attendant_hot_food_transport,spec_rail_catering_attendant,spec_hot_food_transport,common
req_rail_catering_attendant_customer_service,spec_rail_catering_attendant,spec_customer_service,core
req_rail_catering_attendant_emergency_guest_evacuation,spec_rail_catering_attendant,spec_emergency_guest_evacuation,common
req_rail_catering_attendant_families_and_children,spec_rail_catering_attendant,spec_families_and_children,common
req_cruise_dining_server_table_service,spec_cruise_dining_server,spec_table_service,core
req_cruise_dining_server_buffet_replenishment,spec_cruise_dining_server,spec_buffet_replenishment,core
req_cruise_dining_server_moving_vehicle_service,spec_cruise_dining_server,spec_moving_vehicle_service,core
req_cruise_dining_server_emergency_guest_evacuation,spec_cruise_dining_server,spec_emergency_guest_evacuation,core
req_cruise_dining_server_english_for_hospitality,spec_cruise_dining_server,spec_english_for_hospitality,core
req_cruise_dining_server_cultural_sensitivity,spec_cruise_dining_server,spec_cultural_sensitivity,common
req_transport_catering_loader_transport_catering_security,spec_transport_catering_loader,spec_transport_catering_security,core
req_transport_catering_loader_cold_chain_handling,spec_transport_catering_loader,spec_cold_chain_handling,core
req_transport_catering_loader_vehicle_loading_securing,spec_transport_catering_loader,spec_vehicle_loading_securing,core
req_transport_catering_loader_manual_handling,spec_transport_catering_loader,spec_manual_handling,core
req_transport_catering_loader_inventory_counting,spec_transport_catering_loader,spec_inventory_counting,core
req_transport_catering_loader_defensive_driving,spec_transport_catering_loader,spec_defensive_driving,common
req_majles_server_celebration_service_etiquette,spec_majles_server,spec_celebration_service_etiquette,core
req_majles_server_mourning_religious_service_etiquette,spec_majles_server,spec_mourning_religious_service_etiquette,core
req_majles_server_samovar_tea_service,spec_majles_server,spec_samovar_tea_service,core
req_majles_server_tray_carrying,spec_majles_server,spec_tray_carrying,core
req_majles_server_table_clearing,spec_majles_server,spec_table_clearing,core
req_majles_server_persian_hospitality_etiquette,spec_majles_server,spec_persian_hospitality_etiquette,core
req_majles_server_teamwork,spec_majles_server,spec_teamwork,core
req_majles_server_bulk_serving,spec_majles_server,spec_bulk_serving,common
req_majles_server_cultural_sensitivity,spec_majles_server,spec_cultural_sensitivity,common
req_banquet_server_banquet_service_styles,spec_banquet_server,spec_banquet_service_styles,core
req_banquet_server_table_setting,spec_banquet_server,spec_table_setting,core
req_banquet_server_plate_carrying,spec_banquet_server,spec_plate_carrying,core
req_banquet_server_tray_carrying,spec_banquet_server,spec_tray_carrying,core
req_banquet_server_service_sequence,spec_banquet_server,spec_service_sequence,core
req_banquet_server_event_setup_breakdown,spec_banquet_server,spec_event_setup_breakdown,common
req_banquet_server_teamwork,spec_banquet_server,spec_teamwork,core
req_banquet_server_celebration_service_etiquette,spec_banquet_server,spec_celebration_service_etiquette,common
req_majles_service_supervisor_team_leadership,spec_majles_service_supervisor,spec_team_leadership,core
req_majles_service_supervisor_celebration_service_etiquette,spec_majles_service_supervisor,spec_celebration_service_etiquette,core
req_majles_service_supervisor_mourning_religious_service_etiquette,spec_majles_service_supervisor,spec_mourning_religious_service_etiquette,core
req_majles_service_supervisor_event_timeline_coordination,spec_majles_service_supervisor,spec_event_timeline_coordination,core
req_majles_service_supervisor_event_headcount_quantity_planning,spec_majles_service_supervisor,spec_event_headcount_quantity_planning,common
req_majles_service_supervisor_cash_handling,spec_majles_service_supervisor,spec_cash_handling,common
req_majles_service_supervisor_de_escalation,spec_majles_service_supervisor,spec_de_escalation,common
req_majles_service_supervisor_tipping_etiquette_iran,spec_majles_service_supervisor,spec_tipping_etiquette_iran,common
req_banquet_captain_banquet_service_styles,spec_banquet_captain,spec_banquet_service_styles,core
req_banquet_captain_team_leadership,spec_banquet_captain,spec_team_leadership,core
req_banquet_captain_seating_plan_and_layout,spec_banquet_captain,spec_seating_plan_and_layout,core
req_banquet_captain_event_timeline_coordination,spec_banquet_captain,spec_event_timeline_coordination,core
req_banquet_captain_kitchen_floor_coordination,spec_banquet_captain,spec_kitchen_floor_coordination,core
req_banquet_captain_emergency_guest_evacuation,spec_banquet_captain,spec_emergency_guest_evacuation,common
req_banquet_captain_dietary_allergen_communication,spec_banquet_captain,spec_dietary_allergen_communication,common
req_banquet_manager_event_timeline_coordination,spec_banquet_manager,spec_event_timeline_coordination,core
req_banquet_manager_catering_quotation,spec_banquet_manager,spec_catering_quotation,core
req_banquet_manager_catering_sales_consultation,spec_banquet_manager,spec_catering_sales_consultation,core
req_banquet_manager_staff_scheduling,spec_banquet_manager,spec_staff_scheduling,core
req_banquet_manager_cost_control,spec_banquet_manager,spec_cost_control,core
req_banquet_manager_team_leadership,spec_banquet_manager,spec_team_leadership,core
req_banquet_manager_event_headcount_quantity_planning,spec_banquet_manager,spec_event_headcount_quantity_planning,core
req_banquet_manager_complaint_handling,spec_banquet_manager,spec_complaint_handling,common
req_banquet_manager_seating_plan_and_layout,spec_banquet_manager,spec_seating_plan_and_layout,common
req_event_coordinator_event_timeline_coordination,spec_event_coordinator,spec_event_timeline_coordination,core
req_event_coordinator_seating_plan_and_layout,spec_event_coordinator,spec_seating_plan_and_layout,core
req_event_coordinator_catering_sales_consultation,spec_event_coordinator,spec_catering_sales_consultation,common
req_event_coordinator_event_headcount_quantity_planning,spec_event_coordinator,spec_event_headcount_quantity_planning,core
req_event_coordinator_catering_quotation,spec_event_coordinator,spec_catering_quotation,common
req_event_coordinator_accessible_service,spec_event_coordinator,spec_accessible_service,common
req_event_coordinator_cultural_sensitivity,spec_event_coordinator,spec_cultural_sensitivity,common
req_event_coordinator_time_management,spec_event_coordinator,spec_time_management,core
req_event_coordinator_complaint_handling,spec_event_coordinator,spec_complaint_handling,common
req_event_staff_greeting_and_seating,spec_event_staff,spec_greeting_and_seating,core
req_event_staff_event_setup_breakdown,spec_event_staff,spec_event_setup_breakdown,core
req_event_staff_tray_carrying,spec_event_staff,spec_tray_carrying,common
req_event_staff_queue_management,spec_event_staff,spec_queue_management,core
req_event_staff_emergency_guest_evacuation,spec_event_staff,spec_emergency_guest_evacuation,common
req_event_staff_teamwork,spec_event_staff,spec_teamwork,core
req_event_staff_customer_service,spec_event_staff,spec_customer_service,core
req_event_setup_crew_event_setup_breakdown,spec_event_setup_crew,spec_event_setup_breakdown,core
req_event_setup_crew_manual_handling,spec_event_setup_crew,spec_manual_handling,core
req_event_setup_crew_vehicle_loading_securing,spec_event_setup_crew,spec_vehicle_loading_securing,core
req_event_setup_crew_linen_handling,spec_event_setup_crew,spec_linen_handling,common
req_event_setup_crew_table_setting,spec_event_setup_crew,spec_table_setting,common
req_event_setup_crew_seating_plan_and_layout,spec_event_setup_crew,spec_seating_plan_and_layout,common
req_event_setup_crew_weather_self_care,spec_event_setup_crew,spec_weather_self_care,common
req_event_setup_crew_teamwork,spec_event_setup_crew,spec_teamwork,core
req_table_decor_specialist_table_decor_design,spec_table_decor_specialist,spec_table_decor_design,core
req_table_decor_specialist_table_setting,spec_table_decor_specialist,spec_table_setting,core
req_table_decor_specialist_linen_handling,spec_table_decor_specialist,spec_linen_handling,core
req_table_decor_specialist_catering_sales_consultation,spec_table_decor_specialist,spec_catering_sales_consultation,common
req_table_decor_specialist_catering_quotation,spec_table_decor_specialist,spec_catering_quotation,common
req_table_decor_specialist_celebration_service_etiquette,spec_table_decor_specialist,spec_celebration_service_etiquette,common
req_beverage_station_attendant_samovar_tea_service,spec_beverage_station_attendant,spec_samovar_tea_service,core
req_beverage_station_attendant_tea_brewing,spec_beverage_station_attendant,spec_tea_brewing,core
req_beverage_station_attendant_glassware_cutlery_polishing,spec_beverage_station_attendant,spec_glassware_cutlery_polishing,core
req_beverage_station_attendant_slip_and_burn_prevention,spec_beverage_station_attendant,spec_slip_and_burn_prevention,core
req_beverage_station_attendant_mourning_religious_service_etiquette,spec_beverage_station_attendant,spec_mourning_religious_service_etiquette,common
req_beverage_station_attendant_celebration_service_etiquette,spec_beverage_station_attendant,spec_celebration_service_etiquette,common
req_beverage_station_attendant_fire_safety,spec_beverage_station_attendant,spec_fire_safety,common
req_event_food_stand_attendant_order_taking,spec_event_food_stand_attendant,spec_order_taking,core
req_event_food_stand_attendant_cash_handling,spec_event_food_stand_attendant,spec_cash_handling,core
req_event_food_stand_attendant_card_payments,spec_event_food_stand_attendant,spec_card_payments,core
req_event_food_stand_attendant_speed_of_service,spec_event_food_stand_attendant,spec_speed_of_service,core
req_event_food_stand_attendant_outdoor_site_hygiene,spec_event_food_stand_attendant,spec_outdoor_site_hygiene,core
req_event_food_stand_attendant_queue_management,spec_event_food_stand_attendant,spec_queue_management,common
req_event_food_stand_attendant_weather_self_care,spec_event_food_stand_attendant,spec_weather_self_care,common
req_outdoor_catering_crew_hot_food_transport,spec_outdoor_catering_crew,spec_hot_food_transport,core
req_outdoor_catering_crew_outdoor_site_hygiene,spec_outdoor_catering_crew,spec_outdoor_site_hygiene,core
req_outdoor_catering_crew_chafing_dish_operation,spec_outdoor_catering_crew,spec_chafing_dish_operation,core
req_outdoor_catering_crew_bulk_serving,spec_outdoor_catering_crew,spec_bulk_serving,core
req_outdoor_catering_crew_event_setup_breakdown,spec_outdoor_catering_crew,spec_event_setup_breakdown,core
req_outdoor_catering_crew_buffet_replenishment,spec_outdoor_catering_crew,spec_buffet_replenishment,common
req_outdoor_catering_crew_weather_self_care,spec_outdoor_catering_crew,spec_weather_self_care,common
req_outdoor_catering_crew_manual_handling,spec_outdoor_catering_crew,spec_manual_handling,core
req_outdoor_catering_crew_food_safety_basics,spec_outdoor_catering_crew,spec_food_safety_basics,core
req_catering_driver_defensive_driving,spec_catering_driver,spec_defensive_driving,core
req_catering_driver_hot_food_transport,spec_catering_driver,spec_hot_food_transport,core
req_catering_driver_vehicle_loading_securing,spec_catering_driver,spec_vehicle_loading_securing,core
req_catering_driver_route_planning,spec_catering_driver,spec_route_planning,core
req_catering_driver_traffic_rules_iran,spec_catering_driver,spec_traffic_rules_iran,core
req_catering_driver_manual_handling,spec_catering_driver,spec_manual_handling,common
req_catering_driver_cash_on_delivery,spec_catering_driver,spec_cash_on_delivery,common
req_catering_driver_cold_chain_handling,spec_catering_driver,spec_cold_chain_handling,common
req_catering_sales_catering_sales_consultation,spec_catering_sales,spec_catering_sales_consultation,core
req_catering_sales_catering_quotation,spec_catering_sales,spec_catering_quotation,core
req_catering_sales_menu_costing,spec_catering_sales,spec_menu_costing,common
req_catering_sales_phone_etiquette,spec_catering_sales,spec_phone_etiquette,core
req_catering_sales_event_headcount_quantity_planning,spec_catering_sales,spec_event_headcount_quantity_planning,common
req_catering_sales_dietary_allergen_communication,spec_catering_sales,spec_dietary_allergen_communication,common
req_catering_sales_chat_support_writing,spec_catering_sales,spec_chat_support_writing,common
req_delivery_rider_motorcycle_safe_motorcycle_riding,spec_delivery_rider_motorcycle,spec_safe_motorcycle_riding,core
req_delivery_rider_motorcycle_navigation_apps,spec_delivery_rider_motorcycle,spec_navigation_apps,core
req_delivery_rider_motorcycle_delivery_app_operation,spec_delivery_rider_motorcycle,spec_delivery_app_operation,core
req_delivery_rider_motorcycle_hot_food_transport,spec_delivery_rider_motorcycle,spec_hot_food_transport,core
req_delivery_rider_motorcycle_doorstep_etiquette,spec_delivery_rider_motorcycle,spec_doorstep_etiquette,core
req_delivery_rider_motorcycle_cash_on_delivery,spec_delivery_rider_motorcycle,spec_cash_on_delivery,common
req_delivery_rider_motorcycle_traffic_rules_iran,spec_delivery_rider_motorcycle,spec_traffic_rules_iran,core
req_delivery_rider_motorcycle_personal_security_awareness,spec_delivery_rider_motorcycle,spec_personal_security_awareness,common
req_delivery_rider_motorcycle_weather_self_care,spec_delivery_rider_motorcycle,spec_weather_self_care,common
req_delivery_rider_motorcycle_vehicle_basic_maintenance,spec_delivery_rider_motorcycle,spec_vehicle_basic_maintenance,common
req_delivery_rider_motorcycle_delivery_bag_care,spec_delivery_rider_motorcycle,spec_delivery_bag_care,common
req_delivery_rider_motorcycle_route_planning,spec_delivery_rider_motorcycle,spec_route_planning,common
req_delivery_rider_bicycle_safe_cycling,spec_delivery_rider_bicycle,spec_safe_cycling,core
req_delivery_rider_bicycle_navigation_apps,spec_delivery_rider_bicycle,spec_navigation_apps,core
req_delivery_rider_bicycle_delivery_app_operation,spec_delivery_rider_bicycle,spec_delivery_app_operation,core
req_delivery_rider_bicycle_hot_food_transport,spec_delivery_rider_bicycle,spec_hot_food_transport,core
req_delivery_rider_bicycle_doorstep_etiquette,spec_delivery_rider_bicycle,spec_doorstep_etiquette,core
req_delivery_rider_bicycle_weather_self_care,spec_delivery_rider_bicycle,spec_weather_self_care,core
req_delivery_rider_bicycle_vehicle_basic_maintenance,spec_delivery_rider_bicycle,spec_vehicle_basic_maintenance,common
req_delivery_rider_bicycle_delivery_bag_care,spec_delivery_rider_bicycle,spec_delivery_bag_care,common
req_delivery_driver_car_defensive_driving,spec_delivery_driver_car,spec_defensive_driving,core
req_delivery_driver_car_navigation_apps,spec_delivery_driver_car,spec_navigation_apps,core
req_delivery_driver_car_route_planning,spec_delivery_driver_car,spec_route_planning,core
req_delivery_driver_car_delivery_app_operation,spec_delivery_driver_car,spec_delivery_app_operation,core
req_delivery_driver_car_hot_food_transport,spec_delivery_driver_car,spec_hot_food_transport,core
req_delivery_driver_car_vehicle_loading_securing,spec_delivery_driver_car,spec_vehicle_loading_securing,common
req_delivery_driver_car_cash_on_delivery,spec_delivery_driver_car,spec_cash_on_delivery,common
req_delivery_driver_car_traffic_rules_iran,spec_delivery_driver_car,spec_traffic_rules_iran,core
req_delivery_driver_car_doorstep_etiquette,spec_delivery_driver_car,spec_doorstep_etiquette,core
req_delivery_on_foot_navigation_apps,spec_delivery_on_foot,spec_navigation_apps,common
req_delivery_on_foot_doorstep_etiquette,spec_delivery_on_foot,spec_doorstep_etiquette,core
req_delivery_on_foot_hot_food_transport,spec_delivery_on_foot,spec_hot_food_transport,core
req_delivery_on_foot_delivery_app_operation,spec_delivery_on_foot,spec_delivery_app_operation,common
req_delivery_on_foot_cash_on_delivery,spec_delivery_on_foot,spec_cash_on_delivery,common
req_delivery_on_foot_manual_handling,spec_delivery_on_foot,spec_manual_handling,common
req_delivery_packer_delivery_packaging,spec_delivery_packer,spec_delivery_packaging,core
req_delivery_packer_order_accuracy_check,spec_delivery_packer,spec_order_accuracy_check,core
req_delivery_packer_reading_order_tickets,spec_delivery_packer,spec_reading_order_tickets,core
req_delivery_packer_food_safety_basics,spec_delivery_packer,spec_food_safety_basics,core
req_delivery_packer_food_labeling,spec_delivery_packer,spec_food_labeling,common
req_delivery_packer_speed_of_service,spec_delivery_packer,spec_speed_of_service,common
req_delivery_packer_allergen_management,spec_delivery_packer,spec_allergen_management,common
req_takeaway_handoff_attendant_order_accuracy_check,spec_takeaway_handoff_attendant,spec_order_accuracy_check,core
req_takeaway_handoff_attendant_queue_management,spec_takeaway_handoff_attendant,spec_queue_management,core
req_takeaway_handoff_attendant_delivery_app_operation,spec_takeaway_handoff_attendant,spec_delivery_app_operation,common
req_takeaway_handoff_attendant_customer_service,spec_takeaway_handoff_attendant,spec_customer_service,core
req_takeaway_handoff_attendant_cash_handling,spec_takeaway_handoff_attendant,spec_cash_handling,common
req_delivery_dispatcher_dispatch_assignment,spec_delivery_dispatcher,spec_dispatch_assignment,core
req_delivery_dispatcher_route_planning,spec_delivery_dispatcher,spec_route_planning,core
req_delivery_dispatcher_phone_etiquette,spec_delivery_dispatcher,spec_phone_etiquette,core
req_delivery_dispatcher_order_issue_resolution,spec_delivery_dispatcher,spec_order_issue_resolution,core
req_delivery_dispatcher_delivery_app_operation,spec_delivery_dispatcher,spec_delivery_app_operation,core
req_delivery_dispatcher_peak_demand_planning,spec_delivery_dispatcher,spec_peak_demand_planning,common
req_delivery_dispatcher_time_management,spec_delivery_dispatcher,spec_time_management,core
req_online_orders_coordinator_digital_ordering_platforms,spec_online_orders_coordinator,spec_digital_ordering_platforms,core
req_online_orders_coordinator_menu_listing_management,spec_online_orders_coordinator,spec_menu_listing_management,core
req_online_orders_coordinator_order_accuracy_check,spec_online_orders_coordinator,spec_order_accuracy_check,core
req_online_orders_coordinator_order_issue_resolution,spec_online_orders_coordinator,spec_order_issue_resolution,core
req_online_orders_coordinator_chat_support_writing,spec_online_orders_coordinator,spec_chat_support_writing,common
req_online_orders_coordinator_kitchen_floor_coordination,spec_online_orders_coordinator,spec_kitchen_floor_coordination,core
req_online_orders_coordinator_peak_demand_planning,spec_online_orders_coordinator,spec_peak_demand_planning,common
req_platform_customer_support_order_issue_resolution,spec_platform_customer_support,spec_order_issue_resolution,core
req_platform_customer_support_chat_support_writing,spec_platform_customer_support,spec_chat_support_writing,core
req_platform_customer_support_phone_etiquette,spec_platform_customer_support,spec_phone_etiquette,core
req_platform_customer_support_support_ticketing,spec_platform_customer_support,spec_support_ticketing,core
req_platform_customer_support_de_escalation,spec_platform_customer_support,spec_de_escalation,core
req_platform_customer_support_complaint_handling,spec_platform_customer_support,spec_complaint_handling,core
req_platform_customer_support_dietary_allergen_communication,spec_platform_customer_support,spec_dietary_allergen_communication,common
req_delivery_fleet_supervisor_team_leadership,spec_delivery_fleet_supervisor,spec_team_leadership,core
req_delivery_fleet_supervisor_staff_scheduling,spec_delivery_fleet_supervisor,spec_staff_scheduling,core
req_delivery_fleet_supervisor_safe_motorcycle_riding,spec_delivery_fleet_supervisor,spec_safe_motorcycle_riding,core
req_delivery_fleet_supervisor_peak_demand_planning,spec_delivery_fleet_supervisor,spec_peak_demand_planning,core
req_delivery_fleet_supervisor_dispatch_assignment,spec_delivery_fleet_supervisor,spec_dispatch_assignment,core
req_delivery_fleet_supervisor_coaching_others,spec_delivery_fleet_supervisor,spec_coaching_others,core
req_delivery_fleet_supervisor_traffic_rules_iran,spec_delivery_fleet_supervisor,spec_traffic_rules_iran,common
req_delivery_fleet_supervisor_personal_security_awareness,spec_delivery_fleet_supervisor,spec_personal_security_awareness,common
req_delivery_fleet_supervisor_cost_control,spec_delivery_fleet_supervisor,spec_cost_control,common
req_restaurant_manager_team_leadership,spec_restaurant_manager,spec_team_leadership,core
req_restaurant_manager_staff_scheduling,spec_restaurant_manager,spec_staff_scheduling,core
req_restaurant_manager_operations_planning,spec_restaurant_manager,spec_operations_planning,core
req_restaurant_manager_cost_control,spec_restaurant_manager,spec_cost_control,core
req_restaurant_manager_customer_service,spec_restaurant_manager,spec_customer_service,core
req_restaurant_manager_complaint_handling,spec_restaurant_manager,spec_complaint_handling,core
req_restaurant_manager_p_and_l_reading,spec_restaurant_manager,spec_p_and_l_reading,common
req_restaurant_manager_budgeting,spec_restaurant_manager,spec_budgeting,common
req_restaurant_manager_recruitment_interviewing,spec_restaurant_manager,spec_recruitment_interviewing,common
req_restaurant_manager_iran_labour_law,spec_restaurant_manager,spec_iran_labour_law,common
req_restaurant_manager_health_card_and_permits,spec_restaurant_manager,spec_health_card_and_permits,common
req_restaurant_manager_food_safety_basics,spec_restaurant_manager,spec_food_safety_basics,common
req_restaurant_manager_kpi_reporting,spec_restaurant_manager,spec_kpi_reporting,common
req_restaurant_manager_conflict_resolution,spec_restaurant_manager,spec_conflict_resolution,common
req_restaurant_manager_menu_engineering,spec_restaurant_manager,spec_menu_engineering,specialist
req_cafe_manager_team_leadership,spec_cafe_manager,spec_team_leadership,core
req_cafe_manager_staff_scheduling,spec_cafe_manager,spec_staff_scheduling,core
req_cafe_manager_operations_planning,spec_cafe_manager,spec_operations_planning,core
req_cafe_manager_cost_control,spec_cafe_manager,spec_cost_control,core
req_cafe_manager_customer_service,spec_cafe_manager,spec_customer_service,core
req_cafe_manager_espresso,spec_cafe_manager,spec_espresso,core
req_cafe_manager_purchase_ordering,spec_cafe_manager,spec_purchase_ordering,common
req_cafe_manager_cash_reconciliation,spec_cafe_manager,spec_cash_reconciliation,common
req_cafe_manager_health_card_and_permits,spec_cafe_manager,spec_health_card_and_permits,common
req_cafe_manager_food_safety_basics,spec_cafe_manager,spec_food_safety_basics,common
req_cafe_manager_recruitment_interviewing,spec_cafe_manager,spec_recruitment_interviewing,common
req_cafe_manager_social_media_management,spec_cafe_manager,spec_social_media_management,common
req_cafe_manager_grinder_dial_in,spec_cafe_manager,spec_grinder_dial_in,specialist
req_cafe_manager_menu_engineering,spec_cafe_manager,spec_menu_engineering,specialist
req_owner_operator_business_planning,spec_owner_operator,spec_business_planning,core
req_owner_operator_p_and_l_reading,spec_owner_operator,spec_p_and_l_reading,core
req_owner_operator_budgeting,spec_owner_operator,spec_budgeting,core
req_owner_operator_business_licensing,spec_owner_operator,spec_business_licensing,core
req_owner_operator_iran_labour_law,spec_owner_operator,spec_iran_labour_law,core
req_owner_operator_team_leadership,spec_owner_operator,spec_team_leadership,core
req_owner_operator_tax_and_vat,spec_owner_operator,spec_tax_and_vat,common
req_owner_operator_social_security_insurance,spec_owner_operator,spec_social_security_insurance,common
req_owner_operator_health_card_and_permits,spec_owner_operator,spec_health_card_and_permits,common
req_owner_operator_purchasing_negotiation,spec_owner_operator,spec_purchasing_negotiation,common
req_owner_operator_cost_control,spec_owner_operator,spec_cost_control,common
req_owner_operator_customer_service,spec_owner_operator,spec_customer_service,common
req_owner_operator_brand_identity,spec_owner_operator,spec_brand_identity,specialist
req_assistant_manager_team_leadership,spec_assistant_manager,spec_team_leadership,core
req_assistant_manager_staff_scheduling,spec_assistant_manager,spec_staff_scheduling,core
req_assistant_manager_customer_service,spec_assistant_manager,spec_customer_service,core
req_assistant_manager_complaint_handling,spec_assistant_manager,spec_complaint_handling,core
req_assistant_manager_shift_handover,spec_assistant_manager,spec_shift_handover,core
req_assistant_manager_inventory_counting,spec_assistant_manager,spec_inventory_counting,common
req_assistant_manager_cash_reconciliation,spec_assistant_manager,spec_cash_reconciliation,common
req_assistant_manager_coaching_others,spec_assistant_manager,spec_coaching_others,common
req_assistant_manager_food_safety_basics,spec_assistant_manager,spec_food_safety_basics,common
req_assistant_manager_operations_planning,spec_assistant_manager,spec_operations_planning,common
req_assistant_manager_kpi_reporting,spec_assistant_manager,spec_kpi_reporting,specialist
req_shift_supervisor_team_leadership,spec_shift_supervisor,spec_team_leadership,core
req_shift_supervisor_shift_handover,spec_shift_supervisor,spec_shift_handover,core
req_shift_supervisor_customer_service,spec_shift_supervisor,spec_customer_service,core
req_shift_supervisor_complaint_handling,spec_shift_supervisor,spec_complaint_handling,core
req_shift_supervisor_time_management,spec_shift_supervisor,spec_time_management,core
req_shift_supervisor_cash_reconciliation,spec_shift_supervisor,spec_cash_reconciliation,common
req_shift_supervisor_food_safety_basics,spec_shift_supervisor,spec_food_safety_basics,common
req_shift_supervisor_problem_solving,spec_shift_supervisor,spec_problem_solving,common
req_shift_supervisor_conflict_resolution,spec_shift_supervisor,spec_conflict_resolution,common
req_shift_supervisor_first_aid,spec_shift_supervisor,spec_first_aid,common
req_shift_supervisor_fire_safety,spec_shift_supervisor,spec_fire_safety,common
req_payroll_accounting_clerk_bookkeeping_basics,spec_payroll_accounting_clerk,spec_bookkeeping_basics,core
req_payroll_accounting_clerk_payroll_calculation,spec_payroll_accounting_clerk,spec_payroll_calculation,core
req_payroll_accounting_clerk_accounting_software,spec_payroll_accounting_clerk,spec_accounting_software,core
req_payroll_accounting_clerk_cash_reconciliation,spec_payroll_accounting_clerk,spec_cash_reconciliation,core
req_payroll_accounting_clerk_tax_and_vat,spec_payroll_accounting_clerk,spec_tax_and_vat,common
req_payroll_accounting_clerk_social_security_insurance,spec_payroll_accounting_clerk,spec_social_security_insurance,common
req_payroll_accounting_clerk_computer_spreadsheets,spec_payroll_accounting_clerk,spec_computer_spreadsheets,common
req_payroll_accounting_clerk_iran_labour_law,spec_payroll_accounting_clerk,spec_iran_labour_law,common
req_payroll_accounting_clerk_p_and_l_reading,spec_payroll_accounting_clerk,spec_p_and_l_reading,specialist
req_general_manager_business_planning,spec_general_manager,spec_business_planning,core
req_general_manager_budgeting,spec_general_manager,spec_budgeting,core
req_general_manager_p_and_l_reading,spec_general_manager,spec_p_and_l_reading,core
req_general_manager_kpi_reporting,spec_general_manager,spec_kpi_reporting,core
req_general_manager_team_leadership,spec_general_manager,spec_team_leadership,core
req_general_manager_recruitment_interviewing,spec_general_manager,spec_recruitment_interviewing,common
req_general_manager_performance_review,spec_general_manager,spec_performance_review,common
req_general_manager_iran_labour_law,spec_general_manager,spec_iran_labour_law,common
req_general_manager_revenue_management_pricing,spec_general_manager,spec_revenue_management_pricing,common
req_general_manager_conflict_resolution,spec_general_manager,spec_conflict_resolution,common
req_general_manager_supply_contracts,spec_general_manager,spec_supply_contracts,common
req_general_manager_brand_identity,spec_general_manager,spec_brand_identity,specialist
req_fnb_director_budgeting,spec_fnb_director,spec_budgeting,core
req_fnb_director_p_and_l_reading,spec_fnb_director,spec_p_and_l_reading,core
req_fnb_director_kpi_reporting,spec_fnb_director,spec_kpi_reporting,core
req_fnb_director_team_leadership,spec_fnb_director,spec_team_leadership,core
req_fnb_director_revenue_management_pricing,spec_fnb_director,spec_revenue_management_pricing,core
req_fnb_director_menu_engineering,spec_fnb_director,spec_menu_engineering,common
req_fnb_director_supplier_evaluation,spec_fnb_director,spec_supplier_evaluation,common
req_fnb_director_haccp,spec_fnb_director,spec_haccp,common
req_fnb_director_performance_review,spec_fnb_director,spec_performance_review,common
req_fnb_director_multi_site_coordination,spec_fnb_director,spec_multi_site_coordination,common
req_fnb_director_english_for_hospitality,spec_fnb_director,spec_english_for_hospitality,common
req_fnb_director_iso_22000_basics,spec_fnb_director,spec_iso_22000_basics,specialist
req_outlet_manager_team_leadership,spec_outlet_manager,spec_team_leadership,core
req_outlet_manager_staff_scheduling,spec_outlet_manager,spec_staff_scheduling,core
req_outlet_manager_customer_service,spec_outlet_manager,spec_customer_service,core
req_outlet_manager_cost_control,spec_outlet_manager,spec_cost_control,core
req_outlet_manager_kpi_reporting,spec_outlet_manager,spec_kpi_reporting,common
req_outlet_manager_english_for_hospitality,spec_outlet_manager,spec_english_for_hospitality,common
req_outlet_manager_complaint_handling,spec_outlet_manager,spec_complaint_handling,common
req_outlet_manager_persian_hospitality_etiquette,spec_outlet_manager,spec_persian_hospitality_etiquette,common
req_outlet_manager_food_safety_basics,spec_outlet_manager,spec_food_safety_basics,common
req_operations_area_manager_multi_site_coordination,spec_operations_area_manager,spec_multi_site_coordination,core
req_operations_area_manager_kpi_reporting,spec_operations_area_manager,spec_kpi_reporting,core
req_operations_area_manager_p_and_l_reading,spec_operations_area_manager,spec_p_and_l_reading,core
req_operations_area_manager_team_leadership,spec_operations_area_manager,spec_team_leadership,core
req_operations_area_manager_franchise_standards,spec_operations_area_manager,spec_franchise_standards,core
req_operations_area_manager_budgeting,spec_operations_area_manager,spec_budgeting,common
req_operations_area_manager_performance_review,spec_operations_area_manager,spec_performance_review,common
req_operations_area_manager_food_safety_auditing,spec_operations_area_manager,spec_food_safety_auditing,common
req_operations_area_manager_data_analysis_basics,spec_operations_area_manager,spec_data_analysis_basics,common
req_operations_area_manager_recruitment_interviewing,spec_operations_area_manager,spec_recruitment_interviewing,common
req_operations_area_manager_lean_continuous_improvement,spec_operations_area_manager,spec_lean_continuous_improvement,specialist
req_franchise_manager_franchise_standards,spec_franchise_manager,spec_franchise_standards,core
req_franchise_manager_supply_contracts,spec_franchise_manager,spec_supply_contracts,core
req_franchise_manager_multi_site_coordination,spec_franchise_manager,spec_multi_site_coordination,core
req_franchise_manager_business_planning,spec_franchise_manager,spec_business_planning,core
req_franchise_manager_training_design,spec_franchise_manager,spec_training_design,common
req_franchise_manager_food_safety_auditing,spec_franchise_manager,spec_food_safety_auditing,common
req_franchise_manager_brand_identity,spec_franchise_manager,spec_brand_identity,common
req_franchise_manager_kpi_reporting,spec_franchise_manager,spec_kpi_reporting,common
req_franchise_manager_presentation_skills,spec_franchise_manager,spec_presentation_skills,common
req_kitchen_manager_staff_scheduling,spec_kitchen_manager,spec_staff_scheduling,core
req_kitchen_manager_purchase_ordering,spec_kitchen_manager,spec_purchase_ordering,core
req_kitchen_manager_cost_control,spec_kitchen_manager,spec_cost_control,core
req_kitchen_manager_menu_costing,spec_kitchen_manager,spec_menu_costing,core
req_kitchen_manager_haccp,spec_kitchen_manager,spec_haccp,core
req_kitchen_manager_inventory_systems,spec_kitchen_manager,spec_inventory_systems,common
req_kitchen_manager_par_level_setting,spec_kitchen_manager,spec_par_level_setting,common
req_kitchen_manager_food_waste_reduction,spec_kitchen_manager,spec_food_waste_reduction,common
req_kitchen_manager_preventive_maintenance_planning,spec_kitchen_manager,spec_preventive_maintenance_planning,common
req_kitchen_manager_team_leadership,spec_kitchen_manager,spec_team_leadership,common
req_kitchen_manager_health_card_and_permits,spec_kitchen_manager,spec_health_card_and_permits,common
req_kitchen_manager_yield_testing,spec_kitchen_manager,spec_yield_testing,specialist
req_cloud_kitchen_manager_virtual_brand_management,spec_cloud_kitchen_manager,spec_virtual_brand_management,core
req_cloud_kitchen_manager_marketplace_management,spec_cloud_kitchen_manager,spec_marketplace_management,core
req_cloud_kitchen_manager_operations_planning,spec_cloud_kitchen_manager,spec_operations_planning,core
req_cloud_kitchen_manager_digital_ordering_platforms,spec_cloud_kitchen_manager,spec_digital_ordering_platforms,core
req_cloud_kitchen_manager_cost_control,spec_cloud_kitchen_manager,spec_cost_control,core
req_cloud_kitchen_manager_packaging_specification,spec_cloud_kitchen_manager,spec_packaging_specification,common
req_cloud_kitchen_manager_online_reviews_management,spec_cloud_kitchen_manager,spec_online_reviews_management,common
req_cloud_kitchen_manager_kpi_reporting,spec_cloud_kitchen_manager,spec_kpi_reporting,common
req_cloud_kitchen_manager_staff_scheduling,spec_cloud_kitchen_manager,spec_staff_scheduling,common
req_cloud_kitchen_manager_menu_engineering,spec_cloud_kitchen_manager,spec_menu_engineering,common
req_cloud_kitchen_manager_food_safety_basics,spec_cloud_kitchen_manager,spec_food_safety_basics,common
req_food_truck_operator_business_licensing,spec_food_truck_operator,spec_business_licensing,core
req_food_truck_operator_health_card_and_permits,spec_food_truck_operator,spec_health_card_and_permits,core
req_food_truck_operator_cash_handling,spec_food_truck_operator,spec_cash_handling,core
req_food_truck_operator_food_safety_basics,spec_food_truck_operator,spec_food_safety_basics,core
req_food_truck_operator_gas_safety,spec_food_truck_operator,spec_gas_safety,core
req_food_truck_operator_cost_control,spec_food_truck_operator,spec_cost_control,common
req_food_truck_operator_social_media_management,spec_food_truck_operator,spec_social_media_management,common
req_food_truck_operator_customer_service,spec_food_truck_operator,spec_customer_service,common
req_food_truck_operator_temperature_control,spec_food_truck_operator,spec_temperature_control,common
req_food_truck_operator_waste_sorting,spec_food_truck_operator,spec_waste_sorting,common
req_food_truck_operator_safe_driving,spec_food_truck_operator,spec_safe_driving,specialist
req_catering_business_manager_supply_contracts,spec_catering_business_manager,spec_supply_contracts,core
req_catering_business_manager_menu_costing,spec_catering_business_manager,spec_menu_costing,core
req_catering_business_manager_production_planning,spec_catering_business_manager,spec_production_planning,core
req_catering_business_manager_cold_chain_handling,spec_catering_business_manager,spec_cold_chain_handling,core
req_catering_business_manager_budgeting,spec_catering_business_manager,spec_budgeting,core
req_catering_business_manager_haccp,spec_catering_business_manager,spec_haccp,common
req_catering_business_manager_diet_planning,spec_catering_business_manager,spec_diet_planning,common
req_catering_business_manager_logistics_coordination,spec_catering_business_manager,spec_logistics_coordination,common
req_catering_business_manager_staff_scheduling,spec_catering_business_manager,spec_staff_scheduling,common
req_catering_business_manager_purchasing_negotiation,spec_catering_business_manager,spec_purchasing_negotiation,common
req_catering_business_manager_customer_service,spec_catering_business_manager,spec_customer_service,common
req_hospitality_hr_officer_iran_labour_law,spec_hospitality_hr_officer,spec_iran_labour_law,core
req_hospitality_hr_officer_recruitment_interviewing,spec_hospitality_hr_officer,spec_recruitment_interviewing,core
req_hospitality_hr_officer_social_security_insurance,spec_hospitality_hr_officer,spec_social_security_insurance,core
req_hospitality_hr_officer_onboarding_programmes,spec_hospitality_hr_officer,spec_onboarding_programmes,core
req_hospitality_hr_officer_performance_review,spec_hospitality_hr_officer,spec_performance_review,common
req_hospitality_hr_officer_conflict_resolution,spec_hospitality_hr_officer,spec_conflict_resolution,common
req_hospitality_hr_officer_payroll_calculation,spec_hospitality_hr_officer,spec_payroll_calculation,common
req_hospitality_hr_officer_health_card_and_permits,spec_hospitality_hr_officer,spec_health_card_and_permits,common
req_hospitality_hr_officer_persian_business_writing,spec_hospitality_hr_officer,spec_persian_business_writing,common
req_hospitality_hr_officer_computer_spreadsheets,spec_hospitality_hr_officer,spec_computer_spreadsheets,common
req_hospitality_hr_officer_training_needs_analysis,spec_hospitality_hr_officer,spec_training_needs_analysis,specialist
req_cost_controller_cost_control,spec_cost_controller,spec_cost_control,core
req_cost_controller_menu_costing,spec_cost_controller,spec_menu_costing,core
req_cost_controller_inventory_counting,spec_cost_controller,spec_inventory_counting,core
req_cost_controller_yield_testing,spec_cost_controller,spec_yield_testing,core
req_cost_controller_p_and_l_reading,spec_cost_controller,spec_p_and_l_reading,core
req_cost_controller_inventory_systems,spec_cost_controller,spec_inventory_systems,common
req_cost_controller_data_analysis_basics,spec_cost_controller,spec_data_analysis_basics,common
req_cost_controller_computer_spreadsheets,spec_cost_controller,spec_computer_spreadsheets,common
req_cost_controller_kpi_reporting,spec_cost_controller,spec_kpi_reporting,common
req_cost_controller_purchase_ordering,spec_cost_controller,spec_purchase_ordering,common
req_cost_controller_food_waste_reduction,spec_cost_controller,spec_food_waste_reduction,specialist
req_revenue_pricing_analyst_revenue_management_pricing,spec_revenue_pricing_analyst,spec_revenue_management_pricing,core
req_revenue_pricing_analyst_sales_forecasting,spec_revenue_pricing_analyst,spec_sales_forecasting,core
req_revenue_pricing_analyst_data_analysis_basics,spec_revenue_pricing_analyst,spec_data_analysis_basics,core
req_revenue_pricing_analyst_menu_engineering,spec_revenue_pricing_analyst,spec_menu_engineering,core
req_revenue_pricing_analyst_p_and_l_reading,spec_revenue_pricing_analyst,spec_p_and_l_reading,common
req_revenue_pricing_analyst_computer_spreadsheets,spec_revenue_pricing_analyst,spec_computer_spreadsheets,common
req_revenue_pricing_analyst_marketplace_management,spec_revenue_pricing_analyst,spec_marketplace_management,common
req_revenue_pricing_analyst_consumer_price_rules,spec_revenue_pricing_analyst,spec_consumer_price_rules,common
req_revenue_pricing_analyst_marketing_analytics,spec_revenue_pricing_analyst,spec_marketing_analytics,specialist
req_food_safety_officer_haccp,spec_food_safety_officer,spec_haccp,core
req_food_safety_officer_haccp_plan_development,spec_food_safety_officer,spec_haccp_plan_development,core
req_food_safety_officer_food_safety_auditing,spec_food_safety_officer,spec_food_safety_auditing,core
req_food_safety_officer_temperature_control,spec_food_safety_officer,spec_temperature_control,core
req_food_safety_officer_allergen_management,spec_food_safety_officer,spec_allergen_management,core
req_food_safety_officer_cleaning_sanitation_routines,spec_food_safety_officer,spec_cleaning_sanitation_routines,core
req_food_safety_officer_health_card_and_permits,spec_food_safety_officer,spec_health_card_and_permits,common
req_food_safety_officer_environmental_swab_sampling,spec_food_safety_officer,spec_environmental_swab_sampling,common
req_food_safety_officer_traceability_and_recall,spec_food_safety_officer,spec_traceability_and_recall,common
req_food_safety_officer_training_design,spec_food_safety_officer,spec_training_design,common
req_food_safety_officer_sop_writing,spec_food_safety_officer,spec_sop_writing,common
req_food_safety_officer_pest_prevention,spec_food_safety_officer,spec_pest_prevention,common
req_food_safety_officer_iso_22000_basics,spec_food_safety_officer,spec_iso_22000_basics,specialist
req_quality_control_inspector_quality_inspection_sampling,spec_quality_control_inspector,spec_quality_inspection_sampling,core
req_quality_control_inspector_specification_writing,spec_quality_control_inspector,spec_specification_writing,core
req_quality_control_inspector_receiving_deliveries,spec_quality_control_inspector,spec_receiving_deliveries,core
req_quality_control_inspector_food_safety_basics,spec_quality_control_inspector,spec_food_safety_basics,core
req_quality_control_inspector_lab_testing_basics,spec_quality_control_inspector,spec_lab_testing_basics,common
req_quality_control_inspector_statistical_process_control,spec_quality_control_inspector,spec_statistical_process_control,common
req_quality_control_inspector_sensory_evaluation,spec_quality_control_inspector,spec_sensory_evaluation,common
req_quality_control_inspector_traceability_and_recall,spec_quality_control_inspector,spec_traceability_and_recall,common
req_quality_control_inspector_food_labeling,spec_quality_control_inspector,spec_food_labeling,common
req_quality_control_inspector_food_fraud_detection,spec_quality_control_inspector,spec_food_fraud_detection,specialist
req_dietitian_nutritionist_nutrition_analysis,spec_dietitian_nutritionist,spec_nutrition_analysis,core
req_dietitian_nutritionist_diet_planning,spec_dietitian_nutritionist,spec_diet_planning,core
req_dietitian_nutritionist_special_diets,spec_dietitian_nutritionist,spec_special_diets,core
req_dietitian_nutritionist_allergen_management,spec_dietitian_nutritionist,spec_allergen_management,core
req_dietitian_nutritionist_menu_costing,spec_dietitian_nutritionist,spec_menu_costing,common
req_dietitian_nutritionist_food_safety_basics,spec_dietitian_nutritionist,spec_food_safety_basics,common
req_dietitian_nutritionist_adult_instruction,spec_dietitian_nutritionist,spec_adult_instruction,common
req_dietitian_nutritionist_persian_business_writing,spec_dietitian_nutritionist,spec_persian_business_writing,common
req_dietitian_nutritionist_food_labeling,spec_dietitian_nutritionist,spec_food_labeling,specialist
req_ohs_officer_risk_assessment,spec_ohs_officer,spec_risk_assessment,core
req_ohs_officer_incident_investigation,spec_ohs_officer,spec_incident_investigation,core
req_ohs_officer_fire_safety,spec_ohs_officer,spec_fire_safety,core
req_ohs_officer_first_aid,spec_ohs_officer,spec_first_aid,core
req_ohs_officer_ppe_use,spec_ohs_officer,spec_ppe_use,core
req_ohs_officer_gas_safety,spec_ohs_officer,spec_gas_safety,common
req_ohs_officer_electrical_safety,spec_ohs_officer,spec_electrical_safety,common
req_ohs_officer_chemical_handling_safety,spec_ohs_officer,spec_chemical_handling_safety,common
req_ohs_officer_manual_handling,spec_ohs_officer,spec_manual_handling,common
req_ohs_officer_slip_and_burn_prevention,spec_ohs_officer,spec_slip_and_burn_prevention,common
req_ohs_officer_training_design,spec_ohs_officer,spec_training_design,common
req_ohs_officer_lockout_tagout,spec_ohs_officer,spec_lockout_tagout,specialist
req_hygiene_auditor_food_safety_auditing,spec_hygiene_auditor,spec_food_safety_auditing,core
req_hygiene_auditor_haccp,spec_hygiene_auditor,spec_haccp,core
req_hygiene_auditor_cleaning_sanitation_routines,spec_hygiene_auditor,spec_cleaning_sanitation_routines,core
req_hygiene_auditor_pest_prevention,spec_hygiene_auditor,spec_pest_prevention,core
req_hygiene_auditor_persian_business_writing,spec_hygiene_auditor,spec_persian_business_writing,core
req_hygiene_auditor_environmental_swab_sampling,spec_hygiene_auditor,spec_environmental_swab_sampling,common
req_hygiene_auditor_health_card_and_permits,spec_hygiene_auditor,spec_health_card_and_permits,common
req_hygiene_auditor_iso_22000_basics,spec_hygiene_auditor,spec_iso_22000_basics,common
req_hygiene_auditor_allergen_management,spec_hygiene_auditor,spec_allergen_management,common
req_hygiene_auditor_gmp,spec_hygiene_auditor,spec_gmp,specialist
req_menu_nutrition_analyst_nutrition_analysis,spec_menu_nutrition_analyst,spec_nutrition_analysis,core
req_menu_nutrition_analyst_recipe_standardization,spec_menu_nutrition_analyst,spec_recipe_standardization,core
req_menu_nutrition_analyst_food_labeling,spec_menu_nutrition_analyst,spec_food_labeling,core
req_menu_nutrition_analyst_computer_spreadsheets,spec_menu_nutrition_analyst,spec_computer_spreadsheets,core
req_menu_nutrition_analyst_special_diets,spec_menu_nutrition_analyst,spec_special_diets,common
req_menu_nutrition_analyst_allergen_management,spec_menu_nutrition_analyst,spec_allergen_management,common
req_menu_nutrition_analyst_food_regulatory_standards,spec_menu_nutrition_analyst,spec_food_regulatory_standards,common
req_menu_nutrition_analyst_portion_control,spec_menu_nutrition_analyst,spec_portion_control,common
req_allergen_coordinator_allergen_management,spec_allergen_coordinator,spec_allergen_management,core
req_allergen_coordinator_food_labeling,spec_allergen_coordinator,spec_food_labeling,core
req_allergen_coordinator_recipe_standardization,spec_allergen_coordinator,spec_recipe_standardization,core
req_allergen_coordinator_sop_writing,spec_allergen_coordinator,spec_sop_writing,core
req_allergen_coordinator_special_diets,spec_allergen_coordinator,spec_special_diets,common
req_allergen_coordinator_supplier_evaluation,spec_allergen_coordinator,spec_supplier_evaluation,common
req_allergen_coordinator_training_design,spec_allergen_coordinator,spec_training_design,common
req_allergen_coordinator_cleaning_sanitation_routines,spec_allergen_coordinator,spec_cleaning_sanitation_routines,common
req_allergen_coordinator_customer_service,spec_allergen_coordinator,spec_customer_service,common
req_sensory_panelist_sensory_evaluation,spec_sensory_panelist,spec_sensory_evaluation,core
req_sensory_panelist_personal_hygiene,spec_sensory_panelist,spec_personal_hygiene,core
req_sensory_panelist_menu_knowledge,spec_sensory_panelist,spec_menu_knowledge,common
req_sensory_panelist_specification_writing,spec_sensory_panelist,spec_specification_writing,common
req_sensory_panelist_green_coffee_grading,spec_sensory_panelist,spec_green_coffee_grading,specialist
req_sensory_panelist_tea_grading,spec_sensory_panelist,spec_tea_grading,specialist
req_food_lab_technician_lab_testing_basics,spec_food_lab_technician,spec_lab_testing_basics,core
req_food_lab_technician_environmental_swab_sampling,spec_food_lab_technician,spec_environmental_swab_sampling,core
req_food_lab_technician_personal_hygiene,spec_food_lab_technician,spec_personal_hygiene,core
req_food_lab_technician_chemical_handling_safety,spec_food_lab_technician,spec_chemical_handling_safety,core
req_food_lab_technician_shelf_life_testing,spec_food_lab_technician,spec_shelf_life_testing,common
req_food_lab_technician_quality_inspection_sampling,spec_food_lab_technician,spec_quality_inspection_sampling,common
req_food_lab_technician_computer_spreadsheets,spec_food_lab_technician,spec_computer_spreadsheets,common
req_food_lab_technician_food_fraud_detection,spec_food_lab_technician,spec_food_fraud_detection,specialist
req_technical_responsible_officer_food_regulatory_standards,spec_technical_responsible_officer,spec_food_regulatory_standards,core
req_technical_responsible_officer_gmp,spec_technical_responsible_officer,spec_gmp,core
req_technical_responsible_officer_haccp_plan_development,spec_technical_responsible_officer,spec_haccp_plan_development,core
req_technical_responsible_officer_quality_inspection_sampling,spec_technical_responsible_officer,spec_quality_inspection_sampling,core
req_technical_responsible_officer_food_labeling,spec_technical_responsible_officer,spec_food_labeling,core
req_technical_responsible_officer_lab_testing_basics,spec_technical_responsible_officer,spec_lab_testing_basics,common
req_technical_responsible_officer_traceability_and_recall,spec_technical_responsible_officer,spec_traceability_and_recall,common
req_technical_responsible_officer_shelf_life_testing,spec_technical_responsible_officer,spec_shelf_life_testing,common
req_technical_responsible_officer_iso_22000_basics,spec_technical_responsible_officer,spec_iso_22000_basics,common
req_technical_responsible_officer_persian_business_writing,spec_technical_responsible_officer,spec_persian_business_writing,common
req_espresso_machine_technician_espresso_machine_repair,spec_espresso_machine_technician,spec_espresso_machine_repair,core
req_espresso_machine_technician_water_filtration_softening,spec_espresso_machine_technician,spec_water_filtration_softening,core
req_espresso_machine_technician_electrical_safety,spec_espresso_machine_technician,spec_electrical_safety,core
req_espresso_machine_technician_reading_technical_manuals,spec_espresso_machine_technician,spec_reading_technical_manuals,core
req_espresso_machine_technician_electronic_board_troubleshooting,spec_espresso_machine_technician,spec_electronic_board_troubleshooting,common
req_espresso_machine_technician_plumbing_repair,spec_espresso_machine_technician,spec_plumbing_repair,common
req_espresso_machine_technician_grinder_dial_in,spec_espresso_machine_technician,spec_grinder_dial_in,common
req_espresso_machine_technician_espresso,spec_espresso_machine_technician,spec_espresso,common
req_espresso_machine_technician_customer_service,spec_espresso_machine_technician,spec_customer_service,common
req_espresso_machine_technician_hand_and_power_tools,spec_espresso_machine_technician,spec_hand_and_power_tools,common
req_espresso_machine_technician_water_chemistry_for_coffee,spec_espresso_machine_technician,spec_water_chemistry_for_coffee,specialist
req_kitchen_equipment_technician_kitchen_equipment_diagnostics,spec_kitchen_equipment_technician,spec_kitchen_equipment_diagnostics,core
req_kitchen_equipment_technician_electrical_safety,spec_kitchen_equipment_technician,spec_electrical_safety,core
req_kitchen_equipment_technician_gas_safety,spec_kitchen_equipment_technician,spec_gas_safety,core
req_kitchen_equipment_technician_reading_technical_manuals,spec_kitchen_equipment_technician,spec_reading_technical_manuals,core
req_kitchen_equipment_technician_hand_and_power_tools,spec_kitchen_equipment_technician,spec_hand_and_power_tools,core
req_kitchen_equipment_technician_electronic_board_troubleshooting,spec_kitchen_equipment_technician,spec_electronic_board_troubleshooting,common
req_kitchen_equipment_technician_preventive_maintenance_planning,spec_kitchen_equipment_technician,spec_preventive_maintenance_planning,common
req_kitchen_equipment_technician_lockout_tagout,spec_kitchen_equipment_technician,spec_lockout_tagout,common
req_kitchen_equipment_technician_plumbing_repair,spec_kitchen_equipment_technician,spec_plumbing_repair,common
req_kitchen_equipment_technician_gas_appliance_installation,spec_kitchen_equipment_technician,spec_gas_appliance_installation,specialist
req_refrigeration_technician_refrigeration_cycle,spec_refrigeration_technician,spec_refrigeration_cycle,core
req_refrigeration_technician_refrigerant_handling,spec_refrigeration_technician,spec_refrigerant_handling,core
req_refrigeration_technician_electrical_safety,spec_refrigeration_technician,spec_electrical_safety,core
req_refrigeration_technician_temperature_control,spec_refrigeration_technician,spec_temperature_control,core
req_refrigeration_technician_ventilation_systems,spec_refrigeration_technician,spec_ventilation_systems,common
req_refrigeration_technician_electronic_board_troubleshooting,spec_refrigeration_technician,spec_electronic_board_troubleshooting,common
req_refrigeration_technician_hand_and_power_tools,spec_refrigeration_technician,spec_hand_and_power_tools,common
req_refrigeration_technician_reading_technical_manuals,spec_refrigeration_technician,spec_reading_technical_manuals,common
req_refrigeration_technician_working_at_height,spec_refrigeration_technician,spec_working_at_height,specialist
req_electrician_electrical_installation_repair,spec_electrician,spec_electrical_installation_repair,core
req_electrician_electrical_safety,spec_electrician,spec_electrical_safety,core
req_electrician_lockout_tagout,spec_electrician,spec_lockout_tagout,core
req_electrician_hand_and_power_tools,spec_electrician,spec_hand_and_power_tools,core
req_electrician_reading_technical_manuals,spec_electrician,spec_reading_technical_manuals,common
req_electrician_working_at_height,spec_electrician,spec_working_at_height,common
req_electrician_electronic_board_troubleshooting,spec_electrician,spec_electronic_board_troubleshooting,common
req_electrician_cctv_access_control,spec_electrician,spec_cctv_access_control,specialist
req_plumber_plumbing_repair,spec_plumber,spec_plumbing_repair,core
req_plumber_hand_and_power_tools,spec_plumber,spec_hand_and_power_tools,core
req_plumber_water_filtration_softening,spec_plumber,spec_water_filtration_softening,common
req_plumber_gas_safety,spec_plumber,spec_gas_safety,common
req_plumber_chemical_handling_safety,spec_plumber,spec_chemical_handling_safety,common
req_plumber_reading_technical_manuals,spec_plumber,spec_reading_technical_manuals,common
req_cleaning_crew_member_cleaning_sanitation_routines,spec_cleaning_crew_member,spec_cleaning_sanitation_routines,core
req_cleaning_crew_member_cleaning_chemicals_dilution,spec_cleaning_crew_member,spec_cleaning_chemicals_dilution,core
req_cleaning_crew_member_personal_hygiene,spec_cleaning_crew_member,spec_personal_hygiene,core
req_cleaning_crew_member_waste_sorting,spec_cleaning_crew_member,spec_waste_sorting,core
req_cleaning_crew_member_slip_and_burn_prevention,spec_cleaning_crew_member,spec_slip_and_burn_prevention,common
req_cleaning_crew_member_chemical_handling_safety,spec_cleaning_crew_member,spec_chemical_handling_safety,common
req_cleaning_crew_member_floor_care_machines,spec_cleaning_crew_member,spec_floor_care_machines,common
req_cleaning_crew_member_teamwork,spec_cleaning_crew_member,spec_teamwork,common
req_cleaning_crew_member_manual_handling,spec_cleaning_crew_member,spec_manual_handling,common
req_gas_appliance_technician_gas_appliance_installation,spec_gas_appliance_technician,spec_gas_appliance_installation,core
req_gas_appliance_technician_gas_safety,spec_gas_appliance_technician,spec_gas_safety,core
req_gas_appliance_technician_risk_assessment,spec_gas_appliance_technician,spec_risk_assessment,core
req_gas_appliance_technician_hand_and_power_tools,spec_gas_appliance_technician,spec_hand_and_power_tools,core
req_gas_appliance_technician_kitchen_equipment_diagnostics,spec_gas_appliance_technician,spec_kitchen_equipment_diagnostics,common
req_gas_appliance_technician_ventilation_systems,spec_gas_appliance_technician,spec_ventilation_systems,common
req_gas_appliance_technician_reading_technical_manuals,spec_gas_appliance_technician,spec_reading_technical_manuals,common
req_gas_appliance_technician_fire_safety,spec_gas_appliance_technician,spec_fire_safety,common
req_exhaust_hood_cleaner_kitchen_exhaust_cleaning,spec_exhaust_hood_cleaner,spec_kitchen_exhaust_cleaning,core
req_exhaust_hood_cleaner_working_at_height,spec_exhaust_hood_cleaner,spec_working_at_height,core
req_exhaust_hood_cleaner_chemical_handling_safety,spec_exhaust_hood_cleaner,spec_chemical_handling_safety,core
req_exhaust_hood_cleaner_ppe_use,spec_exhaust_hood_cleaner,spec_ppe_use,core
req_exhaust_hood_cleaner_ventilation_systems,spec_exhaust_hood_cleaner,spec_ventilation_systems,common
req_exhaust_hood_cleaner_cleaning_chemicals_dilution,spec_exhaust_hood_cleaner,spec_cleaning_chemicals_dilution,common
req_exhaust_hood_cleaner_lockout_tagout,spec_exhaust_hood_cleaner,spec_lockout_tagout,common
req_exhaust_hood_cleaner_fire_safety,spec_exhaust_hood_cleaner,spec_fire_safety,common
req_pos_it_support_pos_hardware_network_support,spec_pos_it_support,spec_pos_hardware_network_support,core
req_pos_it_support_pos_operation,spec_pos_it_support,spec_pos_operation,core
req_pos_it_support_problem_solving,spec_pos_it_support,spec_problem_solving,core
req_pos_it_support_customer_service,spec_pos_it_support,spec_customer_service,core
req_pos_it_support_digital_ordering_platforms,spec_pos_it_support,spec_digital_ordering_platforms,common
req_pos_it_support_card_payments,spec_pos_it_support,spec_card_payments,common
req_pos_it_support_computer_spreadsheets,spec_pos_it_support,spec_computer_spreadsheets,common
req_pos_it_support_accounting_software,spec_pos_it_support,spec_accounting_software,common
req_pos_it_support_cctv_access_control,spec_pos_it_support,spec_cctv_access_control,specialist
req_deep_clean_specialist_deep_cleaning,spec_deep_clean_specialist,spec_deep_cleaning,core
req_deep_clean_specialist_cleaning_chemicals_dilution,spec_deep_clean_specialist,spec_cleaning_chemicals_dilution,core
req_deep_clean_specialist_chemical_handling_safety,spec_deep_clean_specialist,spec_chemical_handling_safety,core
req_deep_clean_specialist_equipment_cleaning_basics,spec_deep_clean_specialist,spec_equipment_cleaning_basics,core
req_deep_clean_specialist_floor_care_machines,spec_deep_clean_specialist,spec_floor_care_machines,common
req_deep_clean_specialist_ppe_use,spec_deep_clean_specialist,spec_ppe_use,common
req_deep_clean_specialist_lockout_tagout,spec_deep_clean_specialist,spec_lockout_tagout,common
req_deep_clean_specialist_working_at_height,spec_deep_clean_specialist,spec_working_at_height,common
req_deep_clean_specialist_pest_prevention,spec_deep_clean_specialist,spec_pest_prevention,common
req_cleaning_supervisor_cleaning_sanitation_routines,spec_cleaning_supervisor,spec_cleaning_sanitation_routines,core
req_cleaning_supervisor_team_leadership,spec_cleaning_supervisor,spec_team_leadership,core
req_cleaning_supervisor_staff_scheduling,spec_cleaning_supervisor,spec_staff_scheduling,core
req_cleaning_supervisor_chemical_handling_safety,spec_cleaning_supervisor,spec_chemical_handling_safety,core
req_cleaning_supervisor_food_safety_auditing,spec_cleaning_supervisor,spec_food_safety_auditing,common
req_cleaning_supervisor_purchase_ordering,spec_cleaning_supervisor,spec_purchase_ordering,common
req_cleaning_supervisor_sop_writing,spec_cleaning_supervisor,spec_sop_writing,common
req_cleaning_supervisor_deep_cleaning,spec_cleaning_supervisor,spec_deep_cleaning,common
req_pest_control_technician_pest_control_treatment,spec_pest_control_technician,spec_pest_control_treatment,core
req_pest_control_technician_integrated_pest_management,spec_pest_control_technician,spec_integrated_pest_management,core
req_pest_control_technician_chemical_handling_safety,spec_pest_control_technician,spec_chemical_handling_safety,core
req_pest_control_technician_ppe_use,spec_pest_control_technician,spec_ppe_use,core
req_pest_control_technician_pest_prevention,spec_pest_control_technician,spec_pest_prevention,common
req_pest_control_technician_food_safety_basics,spec_pest_control_technician,spec_food_safety_basics,common
req_pest_control_technician_persian_business_writing,spec_pest_control_technician,spec_persian_business_writing,common
req_maintenance_supervisor_preventive_maintenance_planning,spec_maintenance_supervisor,spec_preventive_maintenance_planning,core
req_maintenance_supervisor_team_leadership,spec_maintenance_supervisor,spec_team_leadership,core
req_maintenance_supervisor_risk_assessment,spec_maintenance_supervisor,spec_risk_assessment,core
req_maintenance_supervisor_kitchen_equipment_diagnostics,spec_maintenance_supervisor,spec_kitchen_equipment_diagnostics,core
req_maintenance_supervisor_electrical_safety,spec_maintenance_supervisor,spec_electrical_safety,common
req_maintenance_supervisor_gas_safety,spec_maintenance_supervisor,spec_gas_safety,common
req_maintenance_supervisor_refrigeration_cycle,spec_maintenance_supervisor,spec_refrigeration_cycle,common
req_maintenance_supervisor_budgeting,spec_maintenance_supervisor,spec_budgeting,common
req_maintenance_supervisor_purchase_ordering,spec_maintenance_supervisor,spec_purchase_ordering,common
req_maintenance_supervisor_lockout_tagout,spec_maintenance_supervisor,spec_lockout_tagout,common
req_maintenance_supervisor_ventilation_systems,spec_maintenance_supervisor,spec_ventilation_systems,specialist
req_general_maintenance_technician_hand_and_power_tools,spec_general_maintenance_technician,spec_hand_and_power_tools,core
req_general_maintenance_technician_electrical_safety,spec_general_maintenance_technician,spec_electrical_safety,core
req_general_maintenance_technician_problem_solving,spec_general_maintenance_technician,spec_problem_solving,core
req_general_maintenance_technician_plumbing_repair,spec_general_maintenance_technician,spec_plumbing_repair,common
req_general_maintenance_technician_electrical_installation_repair,spec_general_maintenance_technician,spec_electrical_installation_repair,common
req_general_maintenance_technician_working_at_height,spec_general_maintenance_technician,spec_working_at_height,common
req_general_maintenance_technician_preventive_maintenance_planning,spec_general_maintenance_technician,spec_preventive_maintenance_planning,common
req_security_officer_security_procedures,spec_security_officer,spec_security_procedures,core
req_security_officer_cctv_access_control,spec_security_officer,spec_cctv_access_control,core
req_security_officer_fire_safety,spec_security_officer,spec_fire_safety,core
req_security_officer_conflict_resolution,spec_security_officer,spec_conflict_resolution,core
req_security_officer_first_aid,spec_security_officer,spec_first_aid,common
req_security_officer_customer_service,spec_security_officer,spec_customer_service,common
req_security_officer_persian_business_writing,spec_security_officer,spec_persian_business_writing,common
req_purchasing_officer_purchasing_negotiation,spec_purchasing_officer,spec_purchasing_negotiation,core
req_purchasing_officer_supplier_evaluation,spec_purchasing_officer,spec_supplier_evaluation,core
req_purchasing_officer_purchase_ordering,spec_purchasing_officer,spec_purchase_ordering,core
req_purchasing_officer_market_price_tracking,spec_purchasing_officer,spec_market_price_tracking,core
req_purchasing_officer_supply_contracts,spec_purchasing_officer,spec_supply_contracts,common
req_purchasing_officer_inventory_systems,spec_purchasing_officer,spec_inventory_systems,common
req_purchasing_officer_par_level_setting,spec_purchasing_officer,spec_par_level_setting,common
req_purchasing_officer_fresh_produce_grading,spec_purchasing_officer,spec_fresh_produce_grading,common
req_purchasing_officer_meat_fish_grading,spec_purchasing_officer,spec_meat_fish_grading,common
req_purchasing_officer_tax_and_vat,spec_purchasing_officer,spec_tax_and_vat,common
req_purchasing_officer_halal_requirements,spec_purchasing_officer,spec_halal_requirements,specialist
req_storekeeper_inventory_systems,spec_storekeeper,spec_inventory_systems,core
req_storekeeper_inventory_counting,spec_storekeeper,spec_inventory_counting,core
req_storekeeper_stock_rotation_fifo,spec_storekeeper,spec_stock_rotation_fifo,core
req_storekeeper_warehouse_organization,spec_storekeeper,spec_warehouse_organization,core
req_storekeeper_receiving_deliveries,spec_storekeeper,spec_receiving_deliveries,core
req_storekeeper_temperature_control,spec_storekeeper,spec_temperature_control,common
req_storekeeper_par_level_setting,spec_storekeeper,spec_par_level_setting,common
req_storekeeper_pest_prevention,spec_storekeeper,spec_pest_prevention,common
req_storekeeper_manual_handling,spec_storekeeper,spec_manual_handling,common
req_storekeeper_forklift_pallet_jack,spec_storekeeper,spec_forklift_pallet_jack,specialist
req_warehouse_associate_manual_handling,spec_warehouse_associate,spec_manual_handling,core
req_warehouse_associate_stock_rotation_fifo,spec_warehouse_associate,spec_stock_rotation_fifo,core
req_warehouse_associate_warehouse_organization,spec_warehouse_associate,spec_warehouse_organization,core
req_warehouse_associate_forklift_pallet_jack,spec_warehouse_associate,spec_forklift_pallet_jack,common
req_warehouse_associate_cold_chain_handling,spec_warehouse_associate,spec_cold_chain_handling,common
req_warehouse_associate_inventory_counting,spec_warehouse_associate,spec_inventory_counting,common
req_warehouse_associate_load_securing,spec_warehouse_associate,spec_load_securing,common
req_warehouse_associate_ppe_use,spec_warehouse_associate,spec_ppe_use,common
req_warehouse_associate_teamwork,spec_warehouse_associate,spec_teamwork,common
req_cold_chain_driver_safe_driving,spec_cold_chain_driver,spec_safe_driving,core
req_cold_chain_driver_refrigerated_vehicle_operation,spec_cold_chain_driver,spec_refrigerated_vehicle_operation,core
req_cold_chain_driver_cold_chain_handling,spec_cold_chain_driver,spec_cold_chain_handling,core
req_cold_chain_driver_temperature_control,spec_cold_chain_driver,spec_temperature_control,core
req_cold_chain_driver_route_planning,spec_cold_chain_driver,spec_route_planning,common
req_cold_chain_driver_delivery_documentation,spec_cold_chain_driver,spec_delivery_documentation,common
req_cold_chain_driver_load_securing,spec_cold_chain_driver,spec_load_securing,common
req_cold_chain_driver_manual_handling,spec_cold_chain_driver,spec_manual_handling,common
req_receiving_clerk_receiving_deliveries,spec_receiving_clerk,spec_receiving_deliveries,core
req_receiving_clerk_temperature_control,spec_receiving_clerk,spec_temperature_control,core
req_receiving_clerk_purchase_ordering,spec_receiving_clerk,spec_purchase_ordering,core
req_receiving_clerk_food_safety_basics,spec_receiving_clerk,spec_food_safety_basics,core
req_receiving_clerk_fresh_produce_grading,spec_receiving_clerk,spec_fresh_produce_grading,common
req_receiving_clerk_meat_fish_grading,spec_receiving_clerk,spec_meat_fish_grading,common
req_receiving_clerk_inventory_systems,spec_receiving_clerk,spec_inventory_systems,common
req_receiving_clerk_delivery_documentation,spec_receiving_clerk,spec_delivery_documentation,common
req_fresh_produce_sourcing_specialist_fresh_produce_grading,spec_fresh_produce_sourcing_specialist,spec_fresh_produce_grading,core
req_fresh_produce_sourcing_specialist_market_price_tracking,spec_fresh_produce_sourcing_specialist,spec_market_price_tracking,core
req_fresh_produce_sourcing_specialist_purchasing_negotiation,spec_fresh_produce_sourcing_specialist,spec_purchasing_negotiation,core
req_fresh_produce_sourcing_specialist_seasonal_sourcing,spec_fresh_produce_sourcing_specialist,spec_seasonal_sourcing,core
req_fresh_produce_sourcing_specialist_postharvest_handling,spec_fresh_produce_sourcing_specialist,spec_postharvest_handling,common
req_fresh_produce_sourcing_specialist_farmer_relations,spec_fresh_produce_sourcing_specialist,spec_farmer_relations,common
req_fresh_produce_sourcing_specialist_cold_chain_handling,spec_fresh_produce_sourcing_specialist,spec_cold_chain_handling,common
req_fresh_produce_sourcing_specialist_supplier_evaluation,spec_fresh_produce_sourcing_specialist,spec_supplier_evaluation,common
req_meat_fish_sourcing_specialist_meat_fish_grading,spec_meat_fish_sourcing_specialist,spec_meat_fish_grading,core
req_meat_fish_sourcing_specialist_cold_chain_handling,spec_meat_fish_sourcing_specialist,spec_cold_chain_handling,core
req_meat_fish_sourcing_specialist_purchasing_negotiation,spec_meat_fish_sourcing_specialist,spec_purchasing_negotiation,core
req_meat_fish_sourcing_specialist_supplier_evaluation,spec_meat_fish_sourcing_specialist,spec_supplier_evaluation,core
req_meat_fish_sourcing_specialist_halal_requirements,spec_meat_fish_sourcing_specialist,spec_halal_requirements,core
req_meat_fish_sourcing_specialist_yield_testing,spec_meat_fish_sourcing_specialist,spec_yield_testing,common
req_meat_fish_sourcing_specialist_market_price_tracking,spec_meat_fish_sourcing_specialist,spec_market_price_tracking,common
req_meat_fish_sourcing_specialist_temperature_control,spec_meat_fish_sourcing_specialist,spec_temperature_control,common
req_meat_fish_sourcing_specialist_traceability_and_recall,spec_meat_fish_sourcing_specialist,spec_traceability_and_recall,common
req_logistics_coordinator_logistics_coordination,spec_logistics_coordinator,spec_logistics_coordination,core
req_logistics_coordinator_route_planning,spec_logistics_coordinator,spec_route_planning,core
req_logistics_coordinator_delivery_documentation,spec_logistics_coordinator,spec_delivery_documentation,core
req_logistics_coordinator_cold_chain_handling,spec_logistics_coordinator,spec_cold_chain_handling,core
req_logistics_coordinator_inventory_systems,spec_logistics_coordinator,spec_inventory_systems,common
req_logistics_coordinator_computer_spreadsheets,spec_logistics_coordinator,spec_computer_spreadsheets,common
req_logistics_coordinator_problem_solving,spec_logistics_coordinator,spec_problem_solving,common
req_logistics_coordinator_time_management,spec_logistics_coordinator,spec_time_management,common
req_packaging_supplier_liaison_packaging_specification,spec_packaging_supplier_liaison,spec_packaging_specification,core
req_packaging_supplier_liaison_supplier_evaluation,spec_packaging_supplier_liaison,spec_supplier_evaluation,core
req_packaging_supplier_liaison_purchasing_negotiation,spec_packaging_supplier_liaison,spec_purchasing_negotiation,core
req_packaging_supplier_liaison_purchase_ordering,spec_packaging_supplier_liaison,spec_purchase_ordering,core
req_packaging_supplier_liaison_brand_identity,spec_packaging_supplier_liaison,spec_brand_identity,common
req_packaging_supplier_liaison_food_regulatory_standards,spec_packaging_supplier_liaison,spec_food_regulatory_standards,common
req_packaging_supplier_liaison_sustainable_sourcing,spec_packaging_supplier_liaison,spec_sustainable_sourcing,common
req_supply_chain_manager_supply_contracts,spec_supply_chain_manager,spec_supply_contracts,core
req_supply_chain_manager_supplier_evaluation,spec_supply_chain_manager,spec_supplier_evaluation,core
req_supply_chain_manager_logistics_coordination,spec_supply_chain_manager,spec_logistics_coordination,core
req_supply_chain_manager_par_level_setting,spec_supply_chain_manager,spec_par_level_setting,core
req_supply_chain_manager_budgeting,spec_supply_chain_manager,spec_budgeting,core
req_supply_chain_manager_purchasing_negotiation,spec_supply_chain_manager,spec_purchasing_negotiation,common
req_supply_chain_manager_kpi_reporting,spec_supply_chain_manager,spec_kpi_reporting,common
req_supply_chain_manager_team_leadership,spec_supply_chain_manager,spec_team_leadership,common
req_supply_chain_manager_sales_forecasting,spec_supply_chain_manager,spec_sales_forecasting,common
req_supply_chain_manager_traceability_and_recall,spec_supply_chain_manager,spec_traceability_and_recall,common
req_supply_chain_manager_sustainable_sourcing,spec_supply_chain_manager,spec_sustainable_sourcing,specialist
req_production_line_operator_production_line_operation,spec_production_line_operator,spec_production_line_operation,core
req_production_line_operator_personal_hygiene,spec_production_line_operator,spec_personal_hygiene,core
req_production_line_operator_gmp,spec_production_line_operator,spec_gmp,core
req_production_line_operator_following_recipes,spec_production_line_operator,spec_following_recipes,core
req_production_line_operator_process_control_monitoring,spec_production_line_operator,spec_process_control_monitoring,common
req_production_line_operator_cip_cleaning,spec_production_line_operator,spec_cip_cleaning,common
req_production_line_operator_manual_handling,spec_production_line_operator,spec_manual_handling,common
req_production_line_operator_lockout_tagout,spec_production_line_operator,spec_lockout_tagout,common
req_production_line_operator_teamwork,spec_production_line_operator,spec_teamwork,common
req_packaging_operator_packaging_machine_operation,spec_packaging_operator,spec_packaging_machine_operation,core
req_packaging_operator_food_labeling,spec_packaging_operator,spec_food_labeling,core
req_packaging_operator_personal_hygiene,spec_packaging_operator,spec_personal_hygiene,core
req_packaging_operator_gmp,spec_packaging_operator,spec_gmp,core
req_packaging_operator_quality_inspection_sampling,spec_packaging_operator,spec_quality_inspection_sampling,common
req_packaging_operator_manual_handling,spec_packaging_operator,spec_manual_handling,common
req_packaging_operator_teamwork,spec_packaging_operator,spec_teamwork,common
req_process_supervisor_team_leadership,spec_process_supervisor,spec_team_leadership,core
req_process_supervisor_process_control_monitoring,spec_process_supervisor,spec_process_control_monitoring,core
req_process_supervisor_gmp,spec_process_supervisor,spec_gmp,core
req_process_supervisor_haccp,spec_process_supervisor,spec_haccp,core
req_process_supervisor_production_planning,spec_process_supervisor,spec_production_planning,core
req_process_supervisor_statistical_process_control,spec_process_supervisor,spec_statistical_process_control,common
req_process_supervisor_lean_continuous_improvement,spec_process_supervisor,spec_lean_continuous_improvement,common
req_process_supervisor_risk_assessment,spec_process_supervisor,spec_risk_assessment,common
req_process_supervisor_shift_handover,spec_process_supervisor,spec_shift_handover,common
req_process_supervisor_kpi_reporting,spec_process_supervisor,spec_kpi_reporting,common
req_rd_development_chef_product_development,spec_rd_development_chef,spec_product_development,core
req_rd_development_chef_recipe_standardization,spec_rd_development_chef,spec_recipe_standardization,core
req_rd_development_chef_menu_costing,spec_rd_development_chef,spec_menu_costing,core
req_rd_development_chef_sensory_evaluation,spec_rd_development_chef,spec_sensory_evaluation,core
req_rd_development_chef_cooking_methods,spec_rd_development_chef,spec_cooking_methods,core
req_rd_development_chef_food_preservation_principles,spec_rd_development_chef,spec_food_preservation_principles,common
req_rd_development_chef_nutrition_analysis,spec_rd_development_chef,spec_nutrition_analysis,common
req_rd_development_chef_allergen_management,spec_rd_development_chef,spec_allergen_management,common
req_rd_development_chef_shelf_life_testing,spec_rd_development_chef,spec_shelf_life_testing,common
req_rd_development_chef_plating,spec_rd_development_chef,spec_plating,common
req_rd_development_chef_food_styling,spec_rd_development_chef,spec_food_styling,specialist
req_food_technologist_food_preservation_principles,spec_food_technologist,spec_food_preservation_principles,core
req_food_technologist_product_development,spec_food_technologist,spec_product_development,core
req_food_technologist_gmp,spec_food_technologist,spec_gmp,core
req_food_technologist_haccp_plan_development,spec_food_technologist,spec_haccp_plan_development,core
req_food_technologist_shelf_life_testing,spec_food_technologist,spec_shelf_life_testing,common
req_food_technologist_lab_testing_basics,spec_food_technologist,spec_lab_testing_basics,common
req_food_technologist_process_control_monitoring,spec_food_technologist,spec_process_control_monitoring,common
req_food_technologist_food_regulatory_standards,spec_food_technologist,spec_food_regulatory_standards,common
req_food_technologist_packaging_specification,spec_food_technologist,spec_packaging_specification,common
req_food_technologist_statistical_process_control,spec_food_technologist,spec_statistical_process_control,specialist
req_production_planner_production_planning,spec_production_planner,spec_production_planning,core
req_production_planner_sales_forecasting,spec_production_planner,spec_sales_forecasting,core
req_production_planner_recipe_standardization,spec_production_planner,spec_recipe_standardization,core
req_production_planner_inventory_systems,spec_production_planner,spec_inventory_systems,core
req_production_planner_computer_spreadsheets,spec_production_planner,spec_computer_spreadsheets,common
req_production_planner_par_level_setting,spec_production_planner,spec_par_level_setting,common
req_production_planner_logistics_coordination,spec_production_planner,spec_logistics_coordination,common
req_production_planner_food_waste_reduction,spec_production_planner,spec_food_waste_reduction,common
req_labeling_regulatory_specialist_food_labeling,spec_labeling_regulatory_specialist,spec_food_labeling,core
req_labeling_regulatory_specialist_food_regulatory_standards,spec_labeling_regulatory_specialist,spec_food_regulatory_standards,core
req_labeling_regulatory_specialist_nutrition_analysis,spec_labeling_regulatory_specialist,spec_nutrition_analysis,core
req_labeling_regulatory_specialist_allergen_management,spec_labeling_regulatory_specialist,spec_allergen_management,core
req_labeling_regulatory_specialist_persian_business_writing,spec_labeling_regulatory_specialist,spec_persian_business_writing,common
req_labeling_regulatory_specialist_specification_writing,spec_labeling_regulatory_specialist,spec_specification_writing,common
req_labeling_regulatory_specialist_halal_requirements,spec_labeling_regulatory_specialist,spec_halal_requirements,common
req_labeling_regulatory_specialist_consumer_price_rules,spec_labeling_regulatory_specialist,spec_consumer_price_rules,common
req_production_manager_production_planning,spec_production_manager,spec_production_planning,core
req_production_manager_budgeting,spec_production_manager,spec_budgeting,core
req_production_manager_team_leadership,spec_production_manager,spec_team_leadership,core
req_production_manager_gmp,spec_production_manager,spec_gmp,core
req_production_manager_kpi_reporting,spec_production_manager,spec_kpi_reporting,core
req_production_manager_lean_continuous_improvement,spec_production_manager,spec_lean_continuous_improvement,common
req_production_manager_preventive_maintenance_planning,spec_production_manager,spec_preventive_maintenance_planning,common
req_production_manager_risk_assessment,spec_production_manager,spec_risk_assessment,common
req_production_manager_iso_22000_basics,spec_production_manager,spec_iso_22000_basics,common
req_production_manager_iran_labour_law,spec_production_manager,spec_iran_labour_law,common
req_production_manager_cost_control,spec_production_manager,spec_cost_control,common
req_machine_setup_technician_food_machinery_setup,spec_machine_setup_technician,spec_food_machinery_setup,core
req_machine_setup_technician_lockout_tagout,spec_machine_setup_technician,spec_lockout_tagout,core
req_machine_setup_technician_hand_and_power_tools,spec_machine_setup_technician,spec_hand_and_power_tools,core
req_machine_setup_technician_reading_technical_manuals,spec_machine_setup_technician,spec_reading_technical_manuals,core
req_machine_setup_technician_preventive_maintenance_planning,spec_machine_setup_technician,spec_preventive_maintenance_planning,common
req_machine_setup_technician_electrical_safety,spec_machine_setup_technician,spec_electrical_safety,common
req_machine_setup_technician_gmp,spec_machine_setup_technician,spec_gmp,common
req_machine_setup_technician_process_control_monitoring,spec_machine_setup_technician,spec_process_control_monitoring,common
req_social_media_content_creator_social_media_management,spec_social_media_content_creator,spec_social_media_management,core
req_social_media_content_creator_persian_copywriting,spec_social_media_content_creator,spec_persian_copywriting,core
req_social_media_content_creator_video_production,spec_social_media_content_creator,spec_video_production,core
req_social_media_content_creator_food_photography,spec_social_media_content_creator,spec_food_photography,core
req_social_media_content_creator_graphic_design_tools,spec_social_media_content_creator,spec_graphic_design_tools,common
req_social_media_content_creator_marketing_analytics,spec_social_media_content_creator,spec_marketing_analytics,common
req_social_media_content_creator_online_reviews_management,spec_social_media_content_creator,spec_online_reviews_management,common
req_social_media_content_creator_brand_identity,spec_social_media_content_creator,spec_brand_identity,common
req_social_media_content_creator_food_styling,spec_social_media_content_creator,spec_food_styling,specialist
req_food_photographer_food_photography,spec_food_photographer,spec_food_photography,core
req_food_photographer_food_styling,spec_food_photographer,spec_food_styling,core
req_food_photographer_video_production,spec_food_photographer,spec_video_production,common
req_food_photographer_graphic_design_tools,spec_food_photographer,spec_graphic_design_tools,common
req_food_photographer_brand_identity,spec_food_photographer,spec_brand_identity,common
req_menu_designer_engineer_menu_engineering,spec_menu_designer_engineer,spec_menu_engineering,core
req_menu_designer_engineer_menu_design_layout,spec_menu_designer_engineer,spec_menu_design_layout,core
req_menu_designer_engineer_menu_costing,spec_menu_designer_engineer,spec_menu_costing,core
req_menu_designer_engineer_persian_copywriting,spec_menu_designer_engineer,spec_persian_copywriting,core
req_menu_designer_engineer_graphic_design_tools,spec_menu_designer_engineer,spec_graphic_design_tools,common
req_menu_designer_engineer_data_analysis_basics,spec_menu_designer_engineer,spec_data_analysis_basics,common
req_menu_designer_engineer_allergen_management,spec_menu_designer_engineer,spec_allergen_management,common
req_menu_designer_engineer_brand_identity,spec_menu_designer_engineer,spec_brand_identity,common
req_menu_designer_engineer_inclusive_teaching,spec_menu_designer_engineer,spec_inclusive_teaching,specialist
req_marketplace_manager_marketplace_management,spec_marketplace_manager,spec_marketplace_management,core
req_marketplace_manager_digital_ordering_platforms,spec_marketplace_manager,spec_digital_ordering_platforms,core
req_marketplace_manager_online_reviews_management,spec_marketplace_manager,spec_online_reviews_management,core
req_marketplace_manager_revenue_management_pricing,spec_marketplace_manager,spec_revenue_management_pricing,core
req_marketplace_manager_marketing_analytics,spec_marketplace_manager,spec_marketing_analytics,common
req_marketplace_manager_food_photography,spec_marketplace_manager,spec_food_photography,common
req_marketplace_manager_persian_copywriting,spec_marketplace_manager,spec_persian_copywriting,common
req_marketplace_manager_packaging_specification,spec_marketplace_manager,spec_packaging_specification,common
req_food_stylist_food_styling,spec_food_stylist,spec_food_styling,core
req_food_stylist_plating,spec_food_stylist,spec_plating,core
req_food_stylist_food_safety_basics,spec_food_stylist,spec_food_safety_basics,core
req_food_stylist_food_photography,spec_food_stylist,spec_food_photography,common
req_food_stylist_cooking_methods,spec_food_stylist,spec_cooking_methods,common
req_food_stylist_brand_identity,spec_food_stylist,spec_brand_identity,common
req_customer_experience_analyst_customer_experience_analysis,spec_customer_experience_analyst,spec_customer_experience_analysis,core
req_customer_experience_analyst_data_analysis_basics,spec_customer_experience_analyst,spec_data_analysis_basics,core
req_customer_experience_analyst_complaint_handling,spec_customer_experience_analyst,spec_complaint_handling,core
req_customer_experience_analyst_online_reviews_management,spec_customer_experience_analyst,spec_online_reviews_management,core
req_customer_experience_analyst_persian_business_writing,spec_customer_experience_analyst,spec_persian_business_writing,common
req_customer_experience_analyst_presentation_skills,spec_customer_experience_analyst,spec_presentation_skills,common
req_customer_experience_analyst_marketing_analytics,spec_customer_experience_analyst,spec_marketing_analytics,common
req_loyalty_community_coordinator_loyalty_programmes,spec_loyalty_community_coordinator,spec_loyalty_programmes,core
req_loyalty_community_coordinator_community_engagement,spec_loyalty_community_coordinator,spec_community_engagement,core
req_loyalty_community_coordinator_social_media_management,spec_loyalty_community_coordinator,spec_social_media_management,core
req_loyalty_community_coordinator_persian_copywriting,spec_loyalty_community_coordinator,spec_persian_copywriting,core
req_loyalty_community_coordinator_customer_experience_analysis,spec_loyalty_community_coordinator,spec_customer_experience_analysis,common
req_loyalty_community_coordinator_marketing_analytics,spec_loyalty_community_coordinator,spec_marketing_analytics,common
req_interior_concept_designer_interior_concept_design,spec_interior_concept_designer,spec_interior_concept_design,core
req_interior_concept_designer_brand_identity,spec_interior_concept_designer,spec_brand_identity,core
req_interior_concept_designer_ventilation_systems,spec_interior_concept_designer,spec_ventilation_systems,common
req_interior_concept_designer_fire_safety,spec_interior_concept_designer,spec_fire_safety,common
req_interior_concept_designer_budgeting,spec_interior_concept_designer,spec_budgeting,common
req_interior_concept_designer_presentation_skills,spec_interior_concept_designer,spec_presentation_skills,common
req_marketing_manager_brand_identity,spec_marketing_manager,spec_brand_identity,core
req_marketing_manager_marketing_analytics,spec_marketing_manager,spec_marketing_analytics,core
req_marketing_manager_budgeting,spec_marketing_manager,spec_budgeting,core
req_marketing_manager_social_media_management,spec_marketing_manager,spec_social_media_management,core
req_marketing_manager_menu_engineering,spec_marketing_manager,spec_menu_engineering,common
req_marketing_manager_loyalty_programmes,spec_marketing_manager,spec_loyalty_programmes,common
req_marketing_manager_team_leadership,spec_marketing_manager,spec_team_leadership,common
req_marketing_manager_customer_experience_analysis,spec_marketing_manager,spec_customer_experience_analysis,common
req_marketing_manager_marketplace_management,spec_marketing_manager,spec_marketplace_management,common
req_graphic_designer_graphic_design_tools,spec_graphic_designer,spec_graphic_design_tools,core
req_graphic_designer_brand_identity,spec_graphic_designer,spec_brand_identity,core
req_graphic_designer_menu_design_layout,spec_graphic_designer,spec_menu_design_layout,core
req_graphic_designer_packaging_specification,spec_graphic_designer,spec_packaging_specification,common
req_graphic_designer_persian_copywriting,spec_graphic_designer,spec_persian_copywriting,common
req_graphic_designer_food_labeling,spec_graphic_designer,spec_food_labeling,common
req_hospitality_trainer_adult_instruction,spec_hospitality_trainer,spec_adult_instruction,core
req_hospitality_trainer_training_design,spec_hospitality_trainer,spec_training_design,core
req_hospitality_trainer_customer_service,spec_hospitality_trainer,spec_customer_service,core
req_hospitality_trainer_persian_hospitality_etiquette,spec_hospitality_trainer,spec_persian_hospitality_etiquette,core
req_hospitality_trainer_skills_assessment,spec_hospitality_trainer,spec_skills_assessment,common
req_hospitality_trainer_presentation_skills,spec_hospitality_trainer,spec_presentation_skills,common
req_hospitality_trainer_inclusive_teaching,spec_hospitality_trainer,spec_inclusive_teaching,common
req_hospitality_trainer_complaint_handling,spec_hospitality_trainer,spec_complaint_handling,common
req_hospitality_trainer_training_needs_analysis,spec_hospitality_trainer,spec_training_needs_analysis,common
req_culinary_instructor_adult_instruction,spec_culinary_instructor,spec_adult_instruction,core
req_culinary_instructor_cooking_methods,spec_culinary_instructor,spec_cooking_methods,core
req_culinary_instructor_knife_skills,spec_culinary_instructor,spec_knife_skills,core
req_culinary_instructor_food_safety_basics,spec_culinary_instructor,spec_food_safety_basics,core
req_culinary_instructor_training_design,spec_culinary_instructor,spec_training_design,common
req_culinary_instructor_skills_assessment,spec_culinary_instructor,spec_skills_assessment,common
req_culinary_instructor_competency_standards,spec_culinary_instructor,spec_competency_standards,common
req_culinary_instructor_rice_cooking_persian,spec_culinary_instructor,spec_rice_cooking_persian,common
req_culinary_instructor_inclusive_teaching,spec_culinary_instructor,spec_inclusive_teaching,common
req_vocational_assessor_skills_assessment,spec_vocational_assessor,spec_skills_assessment,core
req_vocational_assessor_competency_standards,spec_vocational_assessor,spec_competency_standards,core
req_vocational_assessor_food_safety_basics,spec_vocational_assessor,spec_food_safety_basics,common
req_vocational_assessor_persian_business_writing,spec_vocational_assessor,spec_persian_business_writing,common
req_vocational_assessor_inclusive_teaching,spec_vocational_assessor,spec_inclusive_teaching,common
req_onboarding_coordinator_onboarding_programmes,spec_onboarding_coordinator,spec_onboarding_programmes,core
req_onboarding_coordinator_training_design,spec_onboarding_coordinator,spec_training_design,core
req_onboarding_coordinator_sop_writing,spec_onboarding_coordinator,spec_sop_writing,core
req_onboarding_coordinator_health_card_and_permits,spec_onboarding_coordinator,spec_health_card_and_permits,common
req_onboarding_coordinator_iran_labour_law,spec_onboarding_coordinator,spec_iran_labour_law,common
req_onboarding_coordinator_mentoring,spec_onboarding_coordinator,spec_mentoring,common
req_onboarding_coordinator_inclusive_teaching,spec_onboarding_coordinator,spec_inclusive_teaching,common
req_workplace_mentor_mentoring,spec_workplace_mentor,spec_mentoring,core
req_workplace_mentor_coaching_others,spec_workplace_mentor,spec_coaching_others,core
req_workplace_mentor_conflict_resolution,spec_workplace_mentor,spec_conflict_resolution,common
req_workplace_mentor_inclusive_teaching,spec_workplace_mentor,spec_inclusive_teaching,common
req_workplace_mentor_teamwork,spec_workplace_mentor,spec_teamwork,common
req_food_safety_trainer_adult_instruction,spec_food_safety_trainer,spec_adult_instruction,core
req_food_safety_trainer_food_safety_basics,spec_food_safety_trainer,spec_food_safety_basics,core
req_food_safety_trainer_haccp,spec_food_safety_trainer,spec_haccp,core
req_food_safety_trainer_personal_hygiene,spec_food_safety_trainer,spec_personal_hygiene,core
req_food_safety_trainer_allergen_management,spec_food_safety_trainer,spec_allergen_management,common
req_food_safety_trainer_training_design,spec_food_safety_trainer,spec_training_design,common
req_food_safety_trainer_inclusive_teaching,spec_food_safety_trainer,spec_inclusive_teaching,common
req_food_safety_trainer_skills_assessment,spec_food_safety_trainer,spec_skills_assessment,common
req_food_safety_trainer_health_card_and_permits,spec_food_safety_trainer,spec_health_card_and_permits,common
req_farm_to_table_coordinator_farmer_relations,spec_farm_to_table_coordinator,spec_farmer_relations,core
req_farm_to_table_coordinator_seasonal_sourcing,spec_farm_to_table_coordinator,spec_seasonal_sourcing,core
req_farm_to_table_coordinator_postharvest_handling,spec_farm_to_table_coordinator,spec_postharvest_handling,core
req_farm_to_table_coordinator_supplier_evaluation,spec_farm_to_table_coordinator,spec_supplier_evaluation,core
req_farm_to_table_coordinator_purchasing_negotiation,spec_farm_to_table_coordinator,spec_purchasing_negotiation,common
req_farm_to_table_coordinator_cold_chain_handling,spec_farm_to_table_coordinator,spec_cold_chain_handling,common
req_farm_to_table_coordinator_sustainable_sourcing,spec_farm_to_table_coordinator,spec_sustainable_sourcing,common
req_farm_to_table_coordinator_fresh_produce_grading,spec_farm_to_table_coordinator,spec_fresh_produce_grading,common
req_farm_to_table_coordinator_supply_contracts,spec_farm_to_table_coordinator,spec_supply_contracts,common
req_urban_grower_greenhouse_growing,spec_urban_grower,spec_greenhouse_growing,core
req_urban_grower_soil_irrigation,spec_urban_grower,spec_soil_irrigation,core
req_urban_grower_postharvest_handling,spec_urban_grower,spec_postharvest_handling,core
req_urban_grower_hydroponics,spec_urban_grower,spec_hydroponics,common
req_urban_grower_integrated_pest_management,spec_urban_grower,spec_integrated_pest_management,common
req_urban_grower_seasonal_sourcing,spec_urban_grower,spec_seasonal_sourcing,common
req_urban_grower_personal_hygiene,spec_urban_grower,spec_personal_hygiene,common
req_herb_saffron_sourcing_specialist_saffron_grading,spec_herb_saffron_sourcing_specialist,spec_saffron_grading,core
req_herb_saffron_sourcing_specialist_food_fraud_detection,spec_herb_saffron_sourcing_specialist,spec_food_fraud_detection,core
req_herb_saffron_sourcing_specialist_supplier_evaluation,spec_herb_saffron_sourcing_specialist,spec_supplier_evaluation,core
req_herb_saffron_sourcing_specialist_purchasing_negotiation,spec_herb_saffron_sourcing_specialist,spec_purchasing_negotiation,core
req_herb_saffron_sourcing_specialist_farmer_relations,spec_herb_saffron_sourcing_specialist,spec_farmer_relations,common
req_herb_saffron_sourcing_specialist_lab_testing_basics,spec_herb_saffron_sourcing_specialist,spec_lab_testing_basics,common
req_herb_saffron_sourcing_specialist_food_regulatory_standards,spec_herb_saffron_sourcing_specialist,spec_food_regulatory_standards,common
req_herb_saffron_sourcing_specialist_sensory_evaluation,spec_herb_saffron_sourcing_specialist,spec_sensory_evaluation,common
req_coffee_tea_origin_liaison_green_coffee_grading,spec_coffee_tea_origin_liaison,spec_green_coffee_grading,core
req_coffee_tea_origin_liaison_tea_grading,spec_coffee_tea_origin_liaison,spec_tea_grading,core
req_coffee_tea_origin_liaison_sensory_evaluation,spec_coffee_tea_origin_liaison,spec_sensory_evaluation,core
req_coffee_tea_origin_liaison_supplier_evaluation,spec_coffee_tea_origin_liaison,spec_supplier_evaluation,core
req_coffee_tea_origin_liaison_supply_contracts,spec_coffee_tea_origin_liaison,spec_supply_contracts,common
req_coffee_tea_origin_liaison_english_for_hospitality,spec_coffee_tea_origin_liaison,spec_english_for_hospitality,common
req_coffee_tea_origin_liaison_farmer_relations,spec_coffee_tea_origin_liaison,spec_farmer_relations,common
req_coffee_tea_origin_liaison_market_price_tracking,spec_coffee_tea_origin_liaison,spec_market_price_tracking,common
req_coffee_tea_origin_liaison_sustainable_sourcing,spec_coffee_tea_origin_liaison,spec_sustainable_sourcing,common
req_forager_wild_foraging_identification,spec_forager,spec_wild_foraging_identification,core
req_forager_postharvest_handling,spec_forager,spec_postharvest_handling,core
req_forager_food_safety_basics,spec_forager,spec_food_safety_basics,core
req_forager_seasonal_sourcing,spec_forager,spec_seasonal_sourcing,common
req_forager_sustainable_sourcing,spec_forager,spec_sustainable_sourcing,common
req_forager_manual_handling,spec_forager,spec_manual_handling,common
req_forager_first_aid,spec_forager,spec_first_aid,common
req_espresso_machine_technician_group_head_maintenance,spec_espresso_machine_technician,spec_group_head_maintenance,core
req_espresso_machine_technician_boiler_pressure_safety,spec_espresso_machine_technician,spec_boiler_pressure_safety,core
req_espresso_machine_technician_espresso_machine_electrics,spec_espresso_machine_technician,spec_espresso_machine_electrics,core
req_espresso_machine_technician_pump_pressure_calibration,spec_espresso_machine_technician,spec_pump_pressure_calibration,core
req_espresso_machine_technician_grinder_burr_maintenance,spec_espresso_machine_technician,spec_grinder_burr_maintenance,common
req_espresso_machine_technician_espresso_machine_descaling,spec_espresso_machine_technician,spec_espresso_machine_descaling,common
req_espresso_machine_technician_water_filtration_maintenance,spec_espresso_machine_technician,spec_water_filtration_maintenance,common
req_coffee_trainer_adult_instruction,spec_coffee_trainer,spec_adult_instruction,core
req_coffee_trainer_grinder_dial_in,spec_coffee_trainer,spec_grinder_dial_in,core
req_coffee_trainer_skills_assessment,spec_coffee_trainer,spec_skills_assessment,common
req_coffee_trainer_training_design,spec_coffee_trainer,spec_training_design,common
req_coffee_trainer_inclusive_teaching,spec_coffee_trainer,spec_inclusive_teaching,common
req_coffee_trainer_competency_standards,spec_coffee_trainer,spec_competency_standards,specialist
