id,code,kind,parent_id:id,sequence,name,plain_label,name_en,featured,active,description,hint_terms
spec_fnb,fnb,family,,10,کافه، رستوران و خوراک,کافه و رستوران,Food & beverage,0,1,,
spec_skills,skills,family,,200,مهارت‌ها,,Skills,0,1,,
spec_kitchen,kitchen,family,spec_fnb,10,آشپزخانه,آشپزخونه,Kitchen,0,1,,
spec_bar,bar,family,spec_fnb,20,قهوه، چای و نوشیدنی,قهوه و نوشیدنی,"Coffee, tea & beverages",0,1,,
spec_floor,floor,family,spec_fnb,30,سالن و پذیرایی,سالن و پذیرایی,Dining room & guest service,0,1,,
spec_bakery_pastry,bakery-pastry,family,spec_fnb,40,نانوایی، شیرینی و دسر,نون و شیرینی,"Bakery, pastry & desserts",0,1,,
spec_events_catering,events-catering,family,spec_fnb,50,مراسم و کترینگ,مراسم و کترینگ,Events & catering,0,1,,
spec_delivery,delivery,family,spec_fnb,60,ارسال و تحویل,ارسال و تحویل,Delivery,0,1,,
spec_management,management,family,spec_fnb,70,مدیریت,مدیریت,Management,0,1,,
spec_quality_safety,quality-safety,family,spec_fnb,80,کیفیت، ایمنی و تغذیه,کیفیت و ایمنی,"Quality, safety & nutrition",0,1,,
spec_facilities,facilities,family,spec_fnb,90,نگهداری و فنی,کارهای فنی,Facilities & technical,0,1,,
spec_supply_chain,supply-chain,family,spec_fnb,100,خرید، انبار و تأمین,خرید و انبار,"Purchasing, stores & supply",0,1,,
spec_production,production,family,spec_fnb,110,تولیدِ صنعتیِ غذا,تولیدِ غذا,Food production,0,1,,
spec_marketing_digital,marketing-digital,family,spec_fnb,120,بازاریابی و دیجیتال,بازاریابی,Marketing & digital,0,1,,
spec_training_education,training-education,family,spec_fnb,130,آموزش,آموزش,Training & education,0,1,,
spec_agrifood_sourcing,agrifood-sourcing,family,spec_fnb,140,تأمین از مزرعه,مزرعه و تأمین,Farm & sourcing,0,1,,
spec_food_safety,food-safety,family,spec_skills,210,ایمنی و بهداشتِ غذا,,Food safety & hygiene,0,1,,
spec_culinary_techniques,culinary-techniques,family,spec_skills,220,فنونِ آشپزی,,Culinary techniques,0,1,,
spec_baking_pastry,baking-pastry,family,spec_skills,230,نان‌پزی و شیرینی‌پزی,,Baking & pastry,0,1,,
spec_coffee_tea_beverage,coffee-tea-beverage,family,spec_skills,240,قهوه، چای و نوشیدنی,,"Coffee, tea & beverages",0,1,,
spec_guest_service,guest-service,family,spec_skills,250,پذیرایی و مهمان‌نوازی,,Guest service,0,1,,
spec_communication_languages,communication-languages,family,spec_skills,260,ارتباط و زبان,,Communication & languages,0,1,,
spec_sales_cash,sales-cash,family,spec_skills,270,فروش و صندوق,,Sales & cash,0,1,,
spec_equipment_maintenance,equipment-maintenance,family,spec_skills,280,دستگاه‌ها و نگهداری,,Equipment & maintenance,0,1,,
spec_cleaning_sanitation,cleaning-sanitation,family,spec_skills,290,نظافت و گندزدایی,,Cleaning & sanitation,0,1,,
spec_workplace_safety,workplace-safety,family,spec_skills,300,ایمنیِ محیطِ کار,,Workplace safety,0,1,,
spec_management_leadership,management-leadership,family,spec_skills,310,مدیریت و رهبری,,Management & leadership,0,1,,
spec_purchasing_inventory,purchasing-inventory,family,spec_skills,320,خرید و موجودی,,Purchasing & inventory,0,1,,
spec_finance_cost,finance-cost,family,spec_skills,330,مالی و هزینه,,Finance & cost,0,1,,
spec_nutrition_quality,nutrition-quality,family,spec_skills,340,تغذیه و کیفیت,,Nutrition & quality,0,1,,
spec_digital_marketing,digital-marketing,family,spec_skills,350,بازاریابی و دیجیتال,,Digital & marketing,0,1,,
spec_logistics_delivery,logistics-delivery,family,spec_skills,360,حمل و تحویل,,Logistics & delivery,0,1,,
spec_teaching_training,teaching-training,family,spec_skills,370,آموزش دادن,,Teaching & training,0,1,,
spec_agriculture_sourcing,agriculture-sourcing,family,spec_skills,380,کشاورزی و تأمین,,Agriculture & sourcing,0,1,,
spec_food_processing,food-processing,family,spec_skills,390,فرآوریِ غذا,,Food processing,0,1,,
spec_personal_effectiveness,personal-effectiveness,family,spec_skills,400,کارِ گروهی و مهارت‌های فردی,,Personal effectiveness,0,1,,
spec_legal_compliance,legal-compliance,family,spec_skills,410,قانون و مجوزها,,Legal & compliance,0,1,,
spec_kitchen_iranian,kitchen-iranian,family,spec_kitchen,10,آشپزیِ ایرانی و محلی,غذای ایرانی,Iranian and regional cooking,0,1,,
spec_kitchen_quick_street,kitchen-quick-street,family,spec_kitchen,20,غذای سریع و خیابانی,فست‌فود و خیابانی,Quick-service and street food,0,1,,
spec_kitchen_large_scale,kitchen-large-scale,family,spec_kitchen,30,آشپزخانه‌های بزرگ و سازمانی,آشپزخانهٔ بزرگ,Large-scale and institutional kitchens,0,1,,
spec_culinary_iranian,culinary-iranian,family,spec_culinary_techniques,500,فنونِ آشپزیِ ایرانی,,Iranian culinary techniques,0,1,,
spec_kitchen_equipment_operation,kitchen-equipment-operation,family,spec_equipment_maintenance,500,کار با دستگاه‌های آشپزخانه,,Kitchen equipment operation,0,1,,
spec_bakery_bread,bakery-bread,family,spec_bakery_pastry,10,نانوایی,نان,Bread baking,0,1,,
spec_bakery_pastry_cakes,bakery-pastry-cakes,family,spec_bakery_pastry,20,شیرینی‌پزی، کیک و شکلات,شیرینی و کیک,"Pastry, cakes and chocolate",0,1,,
spec_bakery_traditional_sweets,bakery-traditional-sweets,family,spec_bakery_pastry,30,قنادیِ سنتی,شیرینیِ سنتی,Traditional Iranian sweets,0,1,,
spec_bakery_ice_cream_desserts,bakery-ice-cream-desserts,family,spec_bakery_pastry,40,بستنی و دسر,بستنی و دسر,Ice cream and desserts,0,1,,
spec_baking_bread,baking-bread,family,spec_baking_pastry,500,نان‌پزی,,Bread baking,0,1,,
spec_baking_pastry_cake,baking-pastry-cake,family,spec_baking_pastry,500,شیرینی‌پزی و کیک,,Pastry and cake,0,1,,
spec_baking_chocolate_sugar,baking-chocolate-sugar,family,spec_baking_pastry,500,شکلات و کار با شکر,,Chocolate and sugar work,0,1,,
spec_baking_traditional_sweets,baking-traditional-sweets,family,spec_baking_pastry,500,شیرینی‌های سنتیِ ایرانی,,Traditional Iranian sweets,0,1,,
spec_baking_frozen_desserts,baking-frozen-desserts,family,spec_baking_pastry,500,بستنی و دسر,,Ice cream and desserts,0,1,,
spec_bar_roastery,bar-roastery,family,spec_bar,10,برشته‌کاری و بازرگانیِ قهوه,رُستریِ قهوه,Coffee roasting and trade,0,1,,
spec_bar_tea,bar-tea,family,spec_bar,20,چای، چای‌خانه و سفره‌خانه,چای‌خانه,"Tea, teahouse and sofrekhaneh",0,1,,
spec_bar_juice,bar-juice,family,spec_bar,30,آبمیوه و نوشیدنی‌های سنتی,آبمیوه و شربت,Juice bar and traditional drinks,0,1,,
spec_bar_alcohol,bar-alcohol,family,spec_bar,90,نوشیدنی‌های الکلی,بارِ الکلی,Alcoholic beverage service (not offered in Iran),0,1,,
spec_coffee_making,coffee-making,family,spec_coffee_tea_beverage,500,قهوه‌سازی,,Coffee preparation,0,1,,
spec_coffee_roasting_sourcing,coffee-roasting-sourcing,family,spec_coffee_tea_beverage,500,برشته‌کاری و تأمینِ قهوه,,Coffee roasting and sourcing,0,1,,
spec_tea_teahouse,tea-teahouse,family,spec_coffee_tea_beverage,500,چای و چای‌خانه,,Tea and teahouse,0,1,,
spec_juice_traditional_drinks,juice-traditional-drinks,family,spec_coffee_tea_beverage,500,آبمیوه و نوشیدنی‌های سنتی,,Juice and traditional drinks,0,1,,
spec_bar_operations,bar-operations,family,spec_coffee_tea_beverage,500,کار و گردشِ بار,,Bar operations,0,1,,
spec_alcoholic_beverages,alcoholic-beverages,family,spec_coffee_tea_beverage,500,نوشیدنی‌های الکلی,,Alcoholic beverages (not offered in Iran),0,1,,
spec_beverage_equipment,beverage-equipment,family,spec_equipment_maintenance,500,نگهداریِ دستگاه‌های نوشیدنی,,Beverage equipment maintenance,0,1,,
spec_floor_counter,floor-counter,family,spec_floor,10,پیشخوان و سرویسِ سریع,پیشخوان,Counter and quick service,0,1,,
spec_institutional_service,institutional-service,family,spec_floor,20,پذیرایی در بیمارستان، مدرسه و سالمندان,بیمارستان و مدرسه,Institutional meal service,0,1,,
spec_travel_service,travel-service,family,spec_floor,30,پذیرایی در هواپیما، قطار و کشتی,پذیرایی در سفر,Travel food service,0,1,,
spec_moist_heat_cooking,moist-heat-cooking,competency,spec_culinary_techniques,100,پخت با آب و بخار,آب‌پز و بخارپز,"Moist-heat cooking (boiling, simmering, poaching, steaming)",0,1,پختنِ غذا در آبِ جوش، آبِ کم‌جوش یا بخار، و دانستنِ اینکه هر ماده چه دما و چه زمانی لازم دارد.,آب‌پز بخارپز پوشه جوشاندن
spec_dry_heat_roasting,dry-heat-roasting,competency,spec_culinary_techniques,100,بریان‌کردن و پختِ خشک در فر,پخت در فر,Oven roasting,0,1,پختنِ گوشت، مرغ و سبزی با هوای داغِ فر تا رویه‌اش طلایی و مغزش آبدار بماند.,فر رست بریان کباب تنوری
spec_sauteing_pan_frying,sauteing-pan-frying,competency,spec_culinary_techniques,100,سوته و سرخ‌کردن در تابه,تابه‌ای,Sautéing and pan-frying,0,1,پختِ سریعِ مواد در تابهٔ داغ با کمی روغن و تکان‌دادنِ درست تا یکنواخت بپزند و نسوزند.,سوته تفت تابه ای سرخ کردن سبک
spec_deep_frying,deep-frying,competency,spec_culinary_techniques,100,سرخ‌کردن در روغنِ زیاد,سرخ‌کردنی,Deep-frying,0,1,غوطه‌ورکردنِ غذا در روغنِ داغ با دمای درست تا ترد شود و روغن کم بگیرد.,سوخاری دیپ فرای سیب زمینی سرخ کرده سرخ کردنی
spec_braising_stewing,braising-stewing,competency,spec_culinary_techniques,100,خوراک‌پزی و پختِ آرام,پختِ آرام,Braising and stewing,0,1,پختنِ طولانیِ گوشت و سبزی در کمی مایع و حرارتِ ملایم تا بافتِ سفت نرم شود.,خوراک بریز پخت آرام جاافتادن
spec_grilling_broiling,grilling-broiling,competency,spec_culinary_techniques,100,گریل‌کردن,گریل,Grilling and broiling,0,1,پختنِ گوشت، مرغ، ماهی و سبزی روی گریل یا زیرِ سالامندر با درجهٔ پختی که مهمان خواسته است.,گریل سالامندر استیک کبابی فرنگی
spec_stock_making,stock-making,competency,spec_culinary_techniques,100,تهیهٔ آب‌مایه (فوند),آب‌مایه,Stock making,0,1,جوشاندنِ آرامِ استخوان، گوشت یا سبزی برای آب‌مایهٔ زلال و خوش‌طعم، و سردکردنِ سریعِ آن.,فوند آب مایه آب گوشت پایه استاک آب مرغ
spec_classical_sauces,classical-sauces,competency,spec_culinary_techniques,100,سس‌سازیِ کلاسیک,سس‌سازی,Classical sauce making,0,1,ساختنِ سس‌های پایه مثلِ بشامل و سسِ قهوه‌ای و سس‌هایی که از آن‌ها ساخته می‌شوند.,بشامل سس قارچ رو سس مادر دمی گلاس
spec_emulsified_sauces,emulsified-sauces,competency,spec_culinary_techniques,100,سس‌های امولسیونی,مایونز و سس‌های تخم‌مرغی,Emulsified sauces,0,1,ساختنِ سس‌هایی مثلِ مایونز و هلندز که روغن و آب را با تخم‌مرغ یا کره پایدار به هم می‌آمیزند.,مایونز هلندز سس سیر آیولی
spec_soup_making,soup-making,competency,spec_culinary_techniques,100,سوپ‌پزی,سوپ,Soup making,0,1,پختنِ سوپ‌های صاف، خامه‌ای و پوره‌ای با غلظت و مزهٔ یکسان در هر نوبت.,سوپ سوپ جو سوپ قارچ ولوته
spec_meat_butchery,meat-butchery,competency,spec_culinary_techniques,100,قصابی و بُرشِ گوشت,گوشت‌بُری,Meat butchery and portioning,0,1,جداکردنِ قطعه‌های لاشه، گرفتنِ پیه و عصب، و بُرشِ گوشت به اندازه‌های یکسان برای منو.,قصابی گوشت بری فیله راسته ماهیچه
spec_poultry_preparation,poultry-preparation,competency,spec_culinary_techniques,100,آماده‌سازیِ مرغ و پرنده,مرغ‌بُری,Poultry preparation,0,1,تمیزکردن، قطعه‌کردن، بی‌استخوان‌کردن و آماده‌کردنِ مرغ و بوقلمون برای پخت.,مرغ قطعه کردن مرغ فیله مرغ بوقلمون
spec_fish_and_seafood_preparation,fish-and-seafood-preparation,competency,spec_culinary_techniques,100,آماده‌سازیِ ماهی و غذاهای دریایی,ماهی پاک‌کردن,Fish and seafood preparation,0,1,تشخیصِ تازگی، فلس‌گیری، فیله‌کردن و پاک‌کردنِ ماهی، میگو و دیگر غذاهای دریایی.,ماهی میگو فیله ماهی فلس گیری صدف
spec_offal_preparation,offal-preparation,competency,spec_culinary_techniques,100,پاک‌کردن و آماده‌سازیِ جگر، دل، قلوه، کله و پاچه,دل و جگر,Offal preparation,0,1,شست‌وشو، موزدایی و پاک‌کردنِ دقیقِ اندام‌های خوراکی که زودتر از گوشت آلوده و خراب می‌شوند.,جگر دل و قلوه سیرابی شیردان کله پاچه دنبه
spec_classical_vegetable_cuts,classical-vegetable-cuts,competency,spec_culinary_techniques,100,بُرش‌های استانداردِ سبزی,خردکردنِ سبزی,Classical vegetable cuts,0,1,بُرشِ سبزی به شکل‌ها و اندازه‌های استاندارد مثلِ خلالی، مکعبِ ریز و حلقه، تا یکنواخت بپزد و زیبا باشد.,ژولین برونواز خلالی مکعبی خرد کردن
spec_greens_washing_disinfection,greens-washing-disinfection,competency,spec_culinary_techniques,100,شست‌وشو و ضدعفونیِ سبزی و میوه,سبزی شستن,Washing and disinfecting produce,0,1,پاک‌کردن، شستن و ضدعفونیِ سبزیِ خوردن و سالاد در چند مرحله و آبکشیِ کامل.,سبزی پاک کردن ضدعفونی سبزی سبزی خوردن انگل زدایی
spec_legume_and_grain_preparation,legume-and-grain-preparation,competency,spec_culinary_techniques,100,خیس‌کردن و پختِ حبوبات و غلات,حبوبات,Legume and grain preparation,0,1,پاک‌کردن، خیساندن و پختِ نخود، لوبیا، عدس، گندم و جو تا خوب بپزند و راحت هضم شوند.,حبوبات خیس کردن نخود لوبیا عدس
spec_tasting_and_seasoning,tasting-and-seasoning,competency,spec_culinary_techniques,100,چشیدن و تنظیمِ مزه,مزه‌کردن,Tasting and seasoning,0,1,چشیدنِ غذا با قاشقِ تمیز در مرحله‌های پخت و درست‌کردنِ نمک، ترشی، تندی و ادویه.,مزه کردن نمک ادویه طعم
spec_doneness_testing,doneness-testing,competency,spec_culinary_techniques,100,تشخیصِ پختِ کامل با دماسنج,دماسنجِ غذا,Doneness testing with probe thermometers,0,1,اندازه‌گرفتنِ دمای مغزِ غذا با دماسنجِ سوزنی و شناختنِ نشانه‌های پختِ کامل.,دماسنج مغز پخت مدیوم ول دان پخت کامل
spec_garnishing,garnishing,competency,spec_culinary_techniques,100,تزئینِ غذا,تزئین,Garnishing,0,1,افزودنِ جزئیاتِ خوراکیِ رنگی و متناسب به بشقاب یا دیس بی‌آنکه مزه یا ایمنیِ غذا به خطر بیفتد.,تزئین دیزاین غذا گارنیش
spec_fruit_and_vegetable_carving,fruit-and-vegetable-carving,competency,spec_culinary_techniques,100,میوه‌آرایی و حکاکی روی میوه و سبزی,میوه‌آرایی,Fruit and vegetable carving,0,1,تراشیدنِ میوه و سبزی به شکلِ گل و نقش برای دیس، بوفه و سفرهٔ مراسم.,میوه آرایی حکاکی میوه سفره آرایی
spec_batch_cooking,batch-cooking,competency,spec_culinary_techniques,100,پختِ حجمِ زیاد,پختِ زیاد,Large-batch cooking,0,1,پختنِ یک غذا برای ده‌ها یا صدها نفر با همان مزه و ایمنیِ پختِ کم.,پخت انبوه دیگ بزرگ نذری مجلسی
spec_recipe_scaling_and_yield,recipe-scaling-and-yield,competency,spec_culinary_techniques,100,بزرگ‌کردنِ دستور و محاسبهٔ بازده,حسابِ مواد,Recipe scaling and yield testing,0,1,ضرب و تقسیمِ مقدارِ مواد برای تعدادِ تازه و حسابِ اینکه از هر کیلو ماده پس از پاک‌کردن و پخت چند پُرس می‌ماند.,بازده افت گوشت ضریب دستور محاسبه مواد
spec_cook_chill,cook-chill,competency,spec_culinary_techniques,100,پخت و سردکردنِ سریع (کوک‌چیل و انجماد),پخت و سردکردن,Cook-chill and cook-freeze,0,1,پختنِ غذا، سردکردنِ سریع در بلاست‌چیلر، نگهداریِ سرد یا یخ‌زده و گرم‌کردنِ دوباره با ثبتِ زمان و دما.,کوک چیل بلاست چیلر غذای آماده سرد انجماد
spec_sous_vide_cooking,sous-vide-cooking,competency,spec_culinary_techniques,100,پختِ سووید,سووید,Sous-vide cooking,0,1,پختنِ غذا در کیسهٔ وکیوم‌شده درونِ آبی با دمای ثابت و دقیق، طبقِ جدولِ زمان و دما.,سووید سوس وید پخت در کیسه بن ماری دقیق
spec_vacuum_packing,vacuum-packing,competency,spec_food_processing,100,بسته‌بندیِ وکیوم,وکیوم,Vacuum packing,0,1,بسته‌بندیِ گوشت، ماهی و غذای آماده با دستگاهِ وکیوم، برچسب‌زدن و نگهداری در سرما.,وکیوم بسته بندی کیسه وکیوم
spec_hot_holding_and_reheating,hot-holding-and-reheating,competency,spec_food_safety,100,گرم‌نگه‌داشتن و گرم‌کردنِ دوباره,گرم نگه‌داشتن,Hot holding and reheating,0,1,نگه‌داشتنِ غذای پخته در بن‌ماری یا گرم‌خانه با دمای ایمن و گرم‌کردنِ دوبارهٔ کامل و سریع.,بن ماری گرمخانه گرم کردن غذا هات باکس
spec_special_diet_cooking,special-diet-cooking,competency,spec_nutrition_quality,100,پخت برای رژیم‌های خاص,غذای رژیمی,Cooking for special diets,0,1,پختنِ غذای کم‌نمک، کم‌چرب، دیابتی، بی‌گلوتن و دیگر رژیم‌ها طبقِ برگهٔ رژیم، بی‌آنکه مزه از دست برود.,رژیمی دیابتی کم نمک بدون گلوتن کتو
spec_texture_modified_food,texture-modified-food,competency,spec_nutrition_quality,100,غذای نرم و پوره برای مشکلِ بلع,غذای نرم,Texture-modified food for swallowing difficulties,0,1,آماده‌کردنِ غذا و نوشیدنی با غلظت و نرمیِ دقیق برای کسانی که بلعیدن برایشان دشوار یا خطرناک است.,پوره غذای نرم سوپ صاف بیمار سالمند
spec_vegetarian_cooking,vegetarian-cooking,competency,spec_culinary_techniques,100,پختِ غذای گیاهی,غذای گیاهی,Vegetarian and vegan cooking,0,1,پختنِ غذای سیر و کامل بدونِ گوشت (یا بدونِ هر مادهٔ حیوانی) با پروتئینِ کافی از حبوبات و غلات.,گیاهی وگان گیاه خوار بدون گوشت
spec_egg_cookery,egg-cookery,competency,spec_culinary_techniques,100,پختِ تخم‌مرغ,نیمرو و املت,Egg cookery,0,1,پختنِ نیمرو، املت، تخم‌مرغِ آب‌پز و پوشه با درجهٔ پختِ درست و ایمن.,نیمرو املت تخم مرغ صبحانه
spec_live_cooking_station,live-cooking-station,competency,spec_culinary_techniques,100,پخت در برابرِ مهمان,پخت جلوی مهمان,Live cooking station,0,1,پختنِ غذا جلوی چشمِ مهمان در بوفه یا مراسم، با پاسخ‌دادنِ مؤدبانه و رعایتِ ایمنی نزدیکِ مردم.,لایو استیشن پخت زنده ایستگاه املت شو کوکینگ
spec_salad_and_dressing,salad-and-dressing,competency,spec_culinary_techniques,100,سالاد و سس‌های سالاد,سالاد,Salads and dressings,0,1,آماده‌کردنِ سالادهای تازه و سس‌های آن و نگه‌داشتنِ سبزی ترد و خنک تا لحظهٔ سرو.,سالاد سالاد سزار سس سالاد وینگرت شیرازی
spec_garde_manger_cold_preparations,garde-manger-cold-preparations,competency,spec_culinary_techniques,100,غذاهای سرد، پیش‌غذا و کاناپه,غذای سرد,"Cold preparations (canapés, terrines, platters)",0,1,ساختنِ کاناپه، تِرین، دیس‌های سرد، ژله‌های خوش‌طعم و پیش‌غذاهای سرد برای منو و بوفه.,کاناپه فینگرفود دیس سرد ترین کلد کیچن
spec_curing_and_smoking,curing-and-smoking,competency,spec_culinary_techniques,100,عمل‌آوری و دودی‌کردن,دودی‌کردن,Curing and smoking,0,1,نگه‌داشتنِ گوشت و ماهی با نمک، ادویه و دود، و رعایتِ اندازهٔ دقیقِ نمک‌های عمل‌آوری.,دودی ماهی دودی بسطرمه نمک سود کالباس
spec_pickling_and_preserving,pickling-and-preserving,competency,spec_culinary_techniques,100,ترشی‌انداختن و نگهداری,ترشی,Pickling and preserving,0,1,ساختنِ ترشی، شور و مربای کم‌خطر با اسیدیته و نمکِ کافی و ظرفِ تمیز.,ترشی شور خیارشور لیته مربا
spec_pasta_and_noodle_making,pasta-and-noodle-making,competency,spec_culinary_techniques,100,پاستا و رشته,پاستا,Fresh pasta and noodles,0,1,ساختن، بُرش و پختنِ پاستای تازه و رشته و هماهنگ‌کردنِ آن با سس.,پاستا ماکارونی لازانیا نودل رشته
spec_pizza_making,pizza-making,competency,spec_culinary_techniques,100,پیتزاپزی,پیتزا,Pizza making,0,1,باز‌کردنِ خمیرِ پیتزا، چیدنِ مواد به اندازهٔ درست و پختن در فرِ پیتزا تا زیرش ترد و رویش یکنواخت شود.,پیتزا خمیر پیتزا ناپلی آمریکایی
spec_griddle_cooking,griddle-cooking,competency,spec_culinary_techniques,100,پخت روی صفحهٔ داغ (گریدل),صفحهٔ داغ,Griddle and flat-top cooking,0,1,پختنِ برگر، همبرگر، تخم‌مرغ، نان و سوسیس روی صفحهٔ فلزیِ داغ با منطقه‌های دمای متفاوت.,گریدل صفحه داغ فلت تاپ همبرگر
spec_sandwich_assembly,sandwich-assembly,competency,spec_culinary_techniques,100,ساندویچ‌سازی,ساندویچ,Sandwich and wrap assembly,0,1,چیدنِ سریع و یکسانِ نان، مواد و سس برای ساندویچ و رپ، طبقِ استانداردِ مجموعه.,ساندویچ رپ هات داگ اسنک لقمه
spec_qsr_standard_procedures,qsr-standard-procedures,competency,spec_culinary_techniques,100,کار با استانداردِ غذای سریع,روالِ فست‌فود,Quick-service procedures and holding times,0,1,کار طبقِ روالِ ثابتِ زنجیره‌های غذای سریع: ترتیبِ مونتاژ، زمان‌سنجِ پخت و حداکثرِ زمانِ نگهداریِ آماده.,فست فود روال زنجیره ای هولدینگ تایمر
spec_vertical_rotisserie_cooking,vertical-rotisserie-cooking,competency,spec_culinary_techniques,100,پختِ شاورما، دونر و مرغِ گردان,شاورما,Vertical rotisserie cooking,0,1,ساختنِ سیخِ عمودی یا چیدنِ مرغ در دستگاهِ گردان، پختِ یکنواخت و بُرشِ فقط لایهٔ پخته.,شاورما دونر گیروس مرغ گردان کباب ترکی
spec_falafel_making,falafel-making,competency,spec_culinary_techniques,100,فلافل‌سازی,فلافل,Falafel making,0,1,خیساندن و چرخ‌کردنِ نخود با سبزی و ادویه، قالب‌زدن و سرخ‌کردنِ فلافل تا بیرونش ترد و درونش پخته باشد.,فلافل نخود فلافل جنوبی
spec_filled_pastry_folding,filled-pastry-folding,competency,spec_culinary_techniques,100,پیچیدنِ سمبوسه و خوراکی‌های پُرشده,سمبوسه پیچیدن,Folding filled pastries,0,1,پُرکردن و پیچیدنِ سریع و محکمِ سمبوسه، پیراشکی و دیگر خمیرهای پُرشده تا در روغن باز نشوند.,سمبوسه پیراشکی اسپرینگ رول
spec_wok_cooking,wok-cooking,competency,spec_culinary_techniques,100,پخت در ووک,ووک,Wok cooking and stir-frying,0,1,پختِ بسیار سریعِ مواد خردشده در ووکِ داغ روی شعلهٔ قوی، با ترتیبِ درستِ ریختنِ مواد.,ووک استیر فرای نودل چینی
spec_sushi_making,sushi-making,competency,spec_culinary_techniques,100,سوشی‌سازی,سوشی,Sushi making,0,1,آماده‌کردنِ برنجِ ترش‌شدهٔ سوشی، بُرشِ ماهی و ساختنِ رول و نیگیری با بهداشتِ سخت.,سوشی ماکی نیگیری ساشیمی
spec_international_cuisines,international-cuisines,competency,spec_culinary_techniques,100,آشپزیِ ملل,غذای خارجی,International cuisines,0,1,شناختِ مواد، ادویه و روش‌های پختِ آشپزی‌های کشورهای دیگر و پختنِ غذاهای آن‌ها با مزهٔ اصیل.,فرنگی ایتالیایی مکزیکی عربی ترکی هندی
spec_cooked_food_transport,cooked-food-transport,competency,spec_logistics_delivery,100,جابه‌جاییِ غذای پخته,حملِ غذا,Transporting cooked food,0,1,بسته و حمل‌کردنِ غذای پخته در ظرف‌های گرم‌نگه‌دار یا سرد تا مقصد، با ثبتِ زمان و دما.,هات باکس حمل غذا ترابری غذا ظرف یونولیتی
spec_delivery_packaging,delivery-packaging,competency,spec_logistics_delivery,100,بسته‌بندیِ غذا برای ارسال,بسته‌بندیِ بیرون‌بر,Packaging food for delivery,0,1,انتخاب و بستنِ ظرفِ مناسبِ هر غذا تا گرم، ترد و بی‌نشت به مشتری برسد، با پلمب و برچسب.,بیرون بر بسته بندی پیک ظرف یکبار مصرف
spec_tray_line_assembly,tray-line-assembly,competency,spec_culinary_techniques,100,چیدنِ سینیِ غذا در خطِ توزیع,سینی‌چینی,Tray-line assembly,0,1,چیدنِ سریعِ سینیِ هر نفر طبقِ کارتِ غذا یا رژیمِ او در بیمارستان، هواپیما یا سازمان.,سینی چینی خط توزیع کارت رژیم ترِی
spec_remote_site_kitchen_logistics,remote-site-kitchen-logistics,competency,spec_purchasing_inventory,100,آشپزخانه در جای دور,آشپزی در اردو,Remote-site and field kitchen logistics,0,1,برنامه‌ریزیِ مواد، آب، سوخت و منو برای هفته‌ها در کشتی، اردوگاه، سکوی نفتی یا آشپزخانهٔ صحرایی.,اردوگاه کمپ آشپزخانه صحرایی سکو کشتی
spec_private_client_cooking,private-client-cooking,competency,spec_guest_service,100,آشپزی برای مشتریِ خصوصی,آشپزِ شخصی,Private client cooking,0,1,پختن در خانه یا ویلای مشتری، هماهنگ با سلیقه و رژیمِ خانواده، با رازداری و احترام به حریمِ خانه.,آشپز شخصی آشپز منزل مهمانی خانگی
spec_expediting_the_pass,expediting-the-pass,competency,spec_culinary_techniques,100,هماهنگیِ پاس و فراخوانِ سفارش,پاس,Expediting at the pass,0,1,خواندنِ سفارش برای ایستگاه‌ها، هم‌زمان‌کردنِ غذاهای یک میز و بازبینیِ آخرِ هر بشقاب پیش از رفتن به سالن.,پاس اکسپو فراخوان سفارش
spec_station_management,station-management,competency,spec_culinary_techniques,100,ادارهٔ ایستگاهِ کاری,ایستگاه,Running a kitchen station,0,1,آماده، مرتب و پُر نگه‌داشتنِ ایستگاه پیش و در طولِ سرویس و تحویلِ تمیزِ آن در پایان.,ایستگاه پارتی استیشن
spec_menu_development,menu-development,competency,spec_management_leadership,100,طراحیِ منو و دستورِ تازه,منو نوشتن,Menu and recipe development,0,1,طراحیِ غذاهای تازه و منوی متوازن با توجه به مشتری، فصل، هزینه و توانِ آشپزخانه.,منو طراحی منو غذای جدید آر اند دی
spec_standard_recipe_cards,standard-recipe-cards,competency,spec_culinary_techniques,100,نوشتنِ دستورِ استاندارد,دستورنویسی,Writing standard recipes,0,1,نوشتنِ دستورِ دقیق با مقدار، مراحل، دما، عکس و اندازهٔ پُرس تا هر کس بپزد نتیجه یکی شود.,رسپی دستور پخت کارت دستور استاندارد
spec_kitchen_ordering_par_levels,kitchen-ordering-par-levels,competency,spec_purchasing_inventory,100,سفارشِ مواد و حدِ موجودی,سفارشِ مواد,Kitchen ordering and par levels,0,1,حسابِ اینکه برای چند روزِ آینده از هر ماده چه اندازه لازم است و سفارش‌دادن تا نه کم بیاید نه خراب شود.,سفارش پار خرید آشپزخانه موجودی
spec_kitchen_production_planning,kitchen-production-planning,competency,spec_management_leadership,100,برنامه‌ریزیِ تولیدِ آشپزخانه,برنامهٔ پخت,Kitchen production planning,0,1,تبدیلِ تعدادِ سفارش‌ها و وعده‌ها به برنامهٔ روزانهٔ آماده‌سازی، پخت، نیرو و دستگاه.,برنامه تولید برنامه پخت پروداکشن
spec_kitchen_layout_workflow,kitchen-layout-workflow,competency,spec_management_leadership,100,چیدمان و مسیرِ کار در آشپزخانه,چیدمانِ آشپزخانه,Kitchen layout and workflow design,0,1,چیدنِ ایستگاه‌ها و دستگاه‌ها طوری که مواد خام و پخته از هم جدا بمانند و رفت‌وآمد کوتاه و ایمن باشد.,طراحی آشپزخانه چیدمان لی اوت
spec_health_inspection_readiness,health-inspection-readiness,competency,spec_legal_compliance,100,آمادگی برای بازرسیِ بهداشت,بازرسیِ بهداشت,Health inspection readiness,0,1,آماده نگه‌داشتنِ آشپزخانه و مدارک (کارتِ بهداشت، دفترِ دما، برچسب‌ها) برای بازرسیِ بهداشتِ محیط.,بازرسی بهداشت کارت بهداشت بهداشت محیط پروانه
spec_retained_food_samples,retained-food-samples,competency,spec_food_safety,100,نگه‌داشتنِ نمونهٔ غذا,نمونهٔ غذا,Retained food samples,0,1,برداشتنِ نمونهٔ کوچکی از هر غذای سروشده، برچسب‌زدن و نگه‌داشتن در یخچال تا اگر کسی بیمار شد بشود علت را پیدا کرد.,نمونه غذا نمونه برداری شاهد غذا
spec_halal_food_compliance,halal-food-compliance,competency,spec_legal_compliance,100,رعایتِ حلال‌بودنِ غذا,حلال,Halal food compliance,0,1,اطمینان از منبعِ مجاز و ذبحِ شرعیِ گوشت و جدا نگه‌داشتنِ هر مادهٔ غیرحلال در زنجیرهٔ آشپزخانه.,حلال ذبح شرعی گواهی حلال
spec_culinary_terminology,culinary-terminology,competency,spec_communication_languages,100,اصطلاحاتِ آشپزی,زبانِ آشپزخانه,Culinary terminology,0,1,شناختنِ اصطلاحاتِ فرانسوی، انگلیسی و ایرانیِ آشپزخانه تا دستورها و فرمان‌ها درست فهمیده شوند.,اصطلاحات آشپزی زبان آشپزخانه میزان پلاس
spec_pot_and_pan_washing,pot-and-pan-washing,competency,spec_cleaning_sanitation,100,شست‌وشوی دستیِ دیگ و تابه,دیگ‌شویی,Manual pot and pan washing,0,1,شستنِ دیگ، تابه و سینیِ بزرگ در سه مرحلهٔ شستن، آبکشی و ضدعفونی، بی‌آسیب به ظرف و دست.,دیگ شویی ظرفشویی دستی سه لگنی سینک
spec_cleaning_chemicals_safety,cleaning-chemicals-safety,competency,spec_workplace_safety,100,کارِ ایمن با مواد شوینده و ضدعفونی,مواد شوینده,Safe use of cleaning chemicals,0,1,رقیق‌کردنِ درست، برچسب‌خوانی، نگهداریِ جدا از غذا و استفاده از دستکش و عینک هنگامِ کار با مواد شوینده.,وایتکس جوهرنمک مواد شوینده ضدعفونی
spec_kitchen_deep_cleaning,kitchen-deep-cleaning,competency,spec_cleaning_sanitation,100,نظافتِ عمیقِ هود، فیلتر و چربی‌گیر,هودشویی,"Deep cleaning of hoods, filters and grease traps",0,1,شستنِ دوره‌ایِ هود، فیلترها، پشتِ دستگاه‌ها و چربی‌گیرِ فاضلاب تا خطرِ آتش و بو و حشره کم شود.,هود فیلتر هود چربی گیر نظافت کلی
spec_crockery_and_cutlery_care,crockery-and-cutlery-care,competency,spec_cleaning_sanitation,100,مراقبت از ظرف، لیوان و قاشق‌وچنگال,ظرف و قاشق,"Crockery, glass and cutlery care",0,1,شستن، براق‌کردن، شمردن و چیدنِ ظرف و لیوان و قاشق‌وچنگال و کم‌کردنِ شکستگی.,براق کردن قاشق چنگال لیوان ظرف چینی
spec_meat_marinating,meat-marinating,competency,spec_culinary_techniques,100,خواباندنِ گوشت و مرغ,خواباندن,Marinating meat and poultry,0,1,خواباندنِ گوشت و مرغ در پیاز، ماست، آبلیمو، زعفران و ادویه برای نرمی و مزه، همیشه در یخچال.,مرینیت خواباندن جوجه چنجه
spec_ground_meat_preparation,ground-meat-preparation,competency,spec_culinary_techniques,100,آماده‌کردنِ گوشتِ چرخ‌کرده,گوشتِ چرخ‌کرده,Ground meat preparation,0,1,چرخ‌کردنِ گوشت با نسبتِ درستِ چربی و پیاز برای کباب، کوفته و برگر و نگه‌داشتنِ آن در سرما.,چرخ کرده کوفته برگر دنبه
spec_banquet_plating_lines,banquet-plating-lines,competency,spec_culinary_techniques,100,کشیدنِ غذا برای تعدادِ زیاد,کشیدنِ مجلسی,Banquet plating lines,0,1,چیدنِ صدها بشقابِ یکسان در خطِ کشیدن با تقسیمِ کار، سرعت و گرم‌ماندنِ غذا.,کشیدن غذا مجلسی تالار بنکوئت
spec_buffet_food_replenishment,buffet-food-replenishment,competency,spec_culinary_techniques,100,چیدن و پُرکردنِ غذای بوفه,بوفه,Buffet food setup and replenishment,0,1,چیدنِ غذا در ظرف‌های بوفه، پُرکردن و عوض‌کردنِ به‌موقع و برداشتنِ غذایی که زمانش گذشته.,بوفه سلف شافینگ دیش صبحانه هتل
spec_institutional_menu_standards,institutional-menu-standards,competency,spec_nutrition_quality,100,استانداردهای تغذیهٔ مدرسه، بیمارستان و سازمان,منوی سازمانی,Institutional nutrition standards,0,1,رعایتِ برنامه‌ها و سهمیه‌های غذاییِ مصوب برای کودکان، بیماران، سربازان یا کارکنان در منوی روزانه.,منوی سازمانی برنامه غذایی سهمیه
spec_food_waste_reduction,food-waste-reduction,competency,spec_finance_cost,100,کم‌کردنِ دورریزِ غذا,دور نریختن,Food waste reduction,0,1,ثبتِ دورریز، پختِ به اندازه، استفادهٔ دوباره و ایمن از مواد و بخشیدنِ غذای سالمِ مازاد.,دورریز اسراف ضایعات پسماند غذا
spec_cook,cook,role,spec_kitchen,10,آشپز,آشپز,Cook,1,1,غذای منو را طبقِ دستور می‌پزد، مواد را آماده می‌کند و جای کارش را تمیز و ایمن نگه می‌دارد.,آشپز کوک پخت و پز آشپز رستوران
spec_line_cook,line-cook,role,spec_kitchen,20,آشپزِ خطِ سرویس,آشپزِ سرویس,Line cook,0,1,در ساعتِ سرویس پشتِ ایستگاهِ خودش سفارش‌ها را سریع و یکسان می‌پزد و در بشقاب می‌چیند.,لاین کوک آشپز خط آشپز سرویس
spec_prep,prep,role,spec_kitchen,20,آماده‌سازِ آشپزخانه,آماده‌سازی,Prep cook,1,1,پیش از سرویس مواد را می‌شوید، پاک می‌کند، خرد می‌کند و در ظرف‌های برچسب‌دار می‌چیند تا آشپزها آماده باشند.,کمک آشپز سبزی پاک کن پیاز خرد کن پرپ آماده سازی
spec_commis_cook,commis-cook,role,spec_kitchen,40,دستیارِ آشپز,دستیارِ آشپز,Commis cook,0,1,آشپزِ تازه‌کاری که زیرِ نظرِ سرپرستِ ایستگاه کار می‌کند و قدم‌به‌قدم کارهای بیشتری از پخت را به عهده می‌گیرد.,کمیس کمک آشپز دستیار آشپز
spec_dishwashing,dishwashing,role,spec_kitchen,30,مسئولِ شست‌وشوی آشپزخانه,شست‌وشوی ظرف,Kitchen washing and sanitation,1,1,ظرف‌ها، دیگ‌ها و وسایلِ آشپزخانه را می‌شوید و ضدعفونی می‌کند تا هیچ چیزِ آلوده‌ای به سرویس برنگردد؛ سلامتِ همهٔ مهمان‌ها به این کار بسته است. این نام جای «ظرفشور» را می‌گیرد، چون کار و مسئولیت را نام می‌برد.,ظرفشور ظرف شور ظرفشویی دیش واشر دیگ شور استیوارد
spec_chef,chef,role,spec_kitchen,60,سرآشپز,سرآشپز,"Chef (head chef, chef de cuisine)",1,1,مسئولِ کلِ آشپزخانهٔ یک رستوران است: منو، کیفیت، هزینه، ایمنیِ غذا و گروهِ آشپزها.,شف سرآشپز آشپزباشی هد شف شف دو کوزین
spec_kitchen_porter,kitchen-porter,role,spec_kitchen,70,پشتیبانِ آشپزخانه,پشتیبانِ آشپزخانه,Kitchen porter,0,1,بار و مواد را از انبار و سردخانه به آشپزخانه می‌رساند، زباله را جدا و بیرون می‌برد و در شست‌وشو و نظافت کمک می‌کند.,پادو کارگر آشپزخانه کمک آشپزخانه باربر آشپزخانه
spec_kitchen_steward,kitchen-steward,role,spec_kitchen,80,سرپرستِ شست‌وشو و تجهیزاتِ آشپزخانه,سرپرستِ شست‌وشو,Chief kitchen steward,0,1,گروهِ شست‌وشو را سرپرستی می‌کند، موجودیِ ظرف و وسایل را می‌شمارد، مواد شوینده را سفارش می‌دهد و برنامهٔ نظافتِ عمیق را پیش می‌برد.,استیوارد چیف استیوارد سرپرست ظرفشویی
spec_kitchen_apprentice,kitchen-apprentice,role,spec_kitchen,90,کارآموزِ آشپزی,کارآموزِ آشپزی,Kitchen apprentice,0,1,کسی که کنارِ آشپزهای باتجربه، و گاهی همراه با دوره‌ای آموزشی، کارِ آشپزخانه را از پایه می‌آموزد.,شاگرد آشپز کارآموز هنرجوی آشپزی
spec_chef_de_partie,chef-de-partie,role,spec_kitchen,100,سرپرستِ ایستگاهِ آشپزی,سرپرستِ ایستگاه,Chef de partie,0,1,مسئولِ یک بخش از آشپزخانه (مثلِ گریل، سس یا غذای سرد) است؛ آماده‌سازی و کیفیتِ آن بخش را پیش می‌برد و دستیارهای آشپز را راهنمایی می‌کند.,شف دو پارتی سرپرست بخش سرپارتی
spec_sous_chef,sous-chef,role,spec_kitchen,110,معاونِ سرآشپز,معاونِ سرآشپز,Sous chef,0,1,دستِ راستِ سرآشپز است؛ سرویسِ روزانه را اداره می‌کند، شیفت‌ها را می‌چیند و در نبودنِ سرآشپز جای او را می‌گیرد.,سوشف سو شف معاون آشپزخانه
spec_executive_chef,executive-chef,role,spec_kitchen,120,سرآشپزِ اجرایی,سرآشپزِ اجرایی,Executive chef,0,1,چند آشپزخانه یا شعبه را هم‌زمان هدایت می‌کند؛ منوها، استانداردها، بودجه و سرآشپزهای هر بخش زیرِ نظرِ اوست.,اگزکیوتیو شف سرآشپز کل شف اجرایی
spec_head_of_kitchen_operations,head-of-kitchen-operations,role,spec_kitchen,130,مدیرِ عملیاتِ آشپزخانه,مدیرِ آشپزخانه,Head of kitchen operations,0,1,کارِ روزانهٔ یک یا چند آشپزخانه را از خرید و انبار تا نیرو، هزینه، نگهداریِ دستگاه‌ها و بازرسی‌ها مدیریت می‌کند؛ بیشتر به سازوکار می‌پردازد تا به خودِ پخت.,مدیر آشپزخانه کیچن منیجر مدیر تولید آشپزخانه
spec_kitchen_supervisor,kitchen-supervisor,role,spec_kitchen,140,سرپرستِ آشپزخانه,سرپرستِ آشپزخانه,Kitchen supervisor,0,1,در یک شیفت یا یک آشپزخانهٔ کوچک، کارِ آشپزها را تقسیم می‌کند، کیفیت و نظافت را بررسی می‌کند و گزارش می‌دهد.,سرپرست آشپزخانه سرشیفت آشپزخانه
spec_sauce_cook,sauce-cook,role,spec_kitchen,150,آشپزِ بخشِ سس (سوسیه),آشپزِ سس,Saucier (sauce cook),0,1,در آشپزخانهٔ کلاسیک مسئولِ آب‌مایه‌ها، سس‌ها و خوراک‌های تابه‌ای است؛ از فنی‌ترین ایستگاه‌های آشپزخانه.,سوسیه سس ساز ساسیه
spec_fish_cook,fish-cook,role,spec_kitchen,160,آشپزِ ماهی و غذاهای دریایی (پواسونیه),آشپزِ ماهی,Poissonnier (fish cook),0,1,ماهی و میگو را پاک، بُرش و پخت می‌کند و سس‌های ویژهٔ آن‌ها را آماده می‌کند.,پواسونیه ماهی پز آشپز غذای دریایی قلیه ماهی
spec_roast_cook,roast-cook,role,spec_kitchen,170,آشپزِ بخشِ بریان (روتیسور),آشپزِ بریان,Rôtisseur (roast cook),0,1,گوشت و مرغ را در فر، تنور یا سیخِ گردان بریان می‌کند و سس‌های همان پخت را می‌سازد.,روتیسور مرغ تنوری گوشت بریان رست
spec_grill_cook,grill-cook,role,spec_kitchen,180,آشپزِ بخشِ گریل (گریاردن),آشپزِ گریل,Grillardin (grill cook),0,1,استیک، مرغ، ماهی و برگر را روی گریل یا زیرِ سالامندر با درجهٔ پختِ خواسته‌شده آماده می‌کند.,گریاردن استیک برگر گریل کار
spec_fry_cook,fry-cook,role,spec_kitchen,190,آشپزِ بخشِ سرخ‌کردنی (فریتوریه),سرخ‌کردنی,Friturier (fry cook),0,1,سیب‌زمینی، مرغِ سوخاری، ماهی و هر غذای سرخ‌کردنی را با روغنِ سالم و دمای درست آماده می‌کند.,فریتوریه سوخاری سیب زمینی سرخ کرده سرخ کن
spec_entremetier,entremetier,role,spec_kitchen,200,آشپزِ بخشِ پیش‌غذای گرم و مخلفات (آنترومتیه),آشپزِ مخلفات,Entremetier,0,1,پیش‌غذاهای گرم، غذاهای تخم‌مرغی، سیب‌زمینی، برنج و سبزیجاتِ کنارِ غذا را آماده می‌کند.,آنترمتیه مخلفات ساید دیش دورچین
spec_soup_cook,soup-cook,role,spec_kitchen,210,آشپزِ بخشِ سوپ (پوتاژه),آشپزِ سوپ,Potager (soup cook),0,1,سوپ‌ها و آب‌مایه‌های آن‌ها را روزانه و به مقدارِ درست آماده می‌کند.,پوتاژه سوپ پز
spec_vegetable_cook,vegetable-cook,role,spec_kitchen,220,آشپزِ بخشِ سبزیجات (لگومیه),آشپزِ سبزیجات,Légumier (vegetable cook),0,1,سبزیجات را با بُرش و پختِ درست آماده می‌کند تا رنگ، بافت و مزه‌شان حفظ شود.,لگومیه سبزی پز سبزیجات
spec_garde_manger,garde-manger,role,spec_kitchen,230,آشپزِ بخشِ سرد (گاردمانژه),آشپزِ غذای سرد,Garde manger (cold kitchen cook),0,1,پیش‌غذاهای سرد، سالاد، کاناپه و دیس‌های سرد را می‌سازد، بخشی از آماده‌سازیِ گوشت و ماهی را انجام می‌دهد و بوفه‌های سرد را می‌چیند.,گاردمانژه کلد کیچن آشپزخانه سرد کاناپه
spec_relief_cook,relief-cook,role,spec_kitchen,240,آشپزِ جانشینِ ایستگاه‌ها (تورنان),آشپزِ جانشین,Chef tournant (relief cook),0,1,همهٔ ایستگاه‌ها را می‌شناسد و هر جا کسی نباشد یا کار زیاد شود، به جای او کار می‌کند.,تورنان آشپز چرخشی آشپز جایگزین
spec_kitchen_butcher,kitchen-butcher,role,spec_kitchen,250,قصابِ آشپزخانه (بوشه),گوشت‌بُرِ آشپزخانه,Boucher (kitchen butcher),0,1,قطعه‌های بزرگِ گوشت و مرغ را در آشپزخانه بُرش می‌زند، تمیز و وزن می‌کند و برای ایستگاه‌ها آماده می‌کند.,قصاب بوشه گوشت بر قصاب رستوران
spec_fish_preparer,fish-preparer,role,spec_kitchen,260,آماده‌سازِ ماهی و غذاهای دریایی,ماهی پاک‌کن,Fish preparer,0,1,ماهی و میگو را فلس‌گیری، شکم‌خالی، فیله و بسته‌بندی می‌کند و تازگی‌شان را بررسی می‌کند.,ماهی پاک کن فیله ماهی میگو پاک کن
spec_salad_cook,salad-cook,role,spec_kitchen,270,آشپزِ سالاد و پیش‌غذای سرد,سالادساز,Salad and cold-kitchen cook,0,1,سالادها، سس‌های سالاد و پیش‌غذاهای سردِ ساده را تازه و طبقِ دستور آماده می‌کند.,سالاد ساز سالاد بار پیش غذا
spec_breakfast_cook,breakfast-cook,role,spec_kitchen,280,آشپزِ صبحانه,آشپزِ صبحانه,Breakfast cook,0,1,صبحانهٔ گرم مثلِ نیمرو، املت، عدسی و پنکیک را، گاهی جلوی مهمان در هتل، آماده می‌کند.,صبحانه املت عدسی صبحانه هتل
spec_short_order_cook,short-order-cook,role,spec_kitchen,290,آشپزِ سفارشِ سریع,آشپزِ سفارشِ فوری,Short-order cook,0,1,غذاهای ساده و سریع مثلِ برگر، استیک، تخم‌مرغ و ساندویچِ گرم را هم‌زمان برای چند سفارش آماده می‌کند.,شورت اوردر آشپز فوری گریل کار
spec_expeditor,expeditor,role,spec_kitchen,300,هماهنگ‌کنندهٔ پاس,مسئولِ پاس,Expeditor (aboyeur),0,1,در ساعتِ سرویس سفارش‌ها را برای ایستگاه‌ها می‌خواند، زمان‌بندی را هماهنگ می‌کند و هر بشقاب را پیش از رفتن به سالن بازبینی می‌کند.,اکسپو پاس ابوایور
spec_private_chef,private-chef,role,spec_kitchen,310,آشپزِ شخصی,آشپزِ شخصی,Private chef,0,1,برای یک خانواده، مهمانیِ خانگی، ویلا یا قایق غذا می‌پزد و منو را با سلیقه، رژیم و آیینِ آن خانواده هماهنگ می‌کند.,آشپز خانگی آشپز منزل سرآشپز خصوصی آشپز ویلا
spec_development_chef,development-chef,role,spec_kitchen,320,آشپزِ پژوهش و توسعهٔ منو,آشپزِ توسعهٔ منو,Development chef (R&D),0,1,برای زنجیره‌ها و تولیدکننده‌ها غذای تازه طراحی و آزمایش می‌کند و دستورش را طوری می‌نویسد که در همهٔ شعبه‌ها یکسان پخته شود.,آر اند دی توسعه محصول شف تحقیق و توسعه
spec_cloud_kitchen_cook,cloud-kitchen-cook,role,spec_kitchen,330,آشپزِ آشپزخانهٔ اینترنتی,آشپزِ غذای اینترنتی,Cloud kitchen cook,0,1,در آشپزخانه‌ای بی‌سالن که فقط سفارشِ اینترنتی می‌گیرد، غذای یک یا چند برند را می‌پزد و برای پیک بسته‌بندی می‌کند.,دارک کیچن کلود کیچن آشپزخانه ابری غذای اینترنتی
spec_meal_prep_cook,meal-prep-cook,role,spec_kitchen,340,آشپزِ غذای آماده و رژیمی,غذای رژیمی,Meal-prep cook,0,1,غذای روزانه یا هفتگی را با کالریِ حساب‌شده می‌پزد، سرد می‌کند، بسته‌بندی می‌کند و برچسب می‌زند.,میل پرپ غذای رژیمی غذای سالم باکس غذا
spec_international_cuisine_cook,international-cuisine-cook,role,spec_kitchen,350,آشپزِ غذاهای ملل,آشپزِ غذای ملل,International cuisine cook,0,1,غذاهای کشورهای دیگر مثلِ فرانسوی، عربی، ترکی، هندی و مکزیکی را با فن و مزهٔ اصیلِ خودشان می‌پزد.,فرنگی اینترنشنال غذای خارجی عربی ترکی مکزیکی
spec_italian_cuisine_cook,italian-cuisine-cook,role,spec_kitchen,360,آشپزِ غذای ایتالیایی,آشپزِ ایتالیایی,Italian cuisine cook,0,1,پاستا، ریزوتو، سس‌های ایتالیایی و پیش‌غذاهای آن را آماده می‌کند.,پاستا ریزوتو ایتالیایی لازانیا
spec_asian_cuisine_cook,asian-cuisine-cook,role,spec_kitchen,370,آشپزِ غذای شرقِ آسیا,آشپزِ غذای آسیایی,East Asian cuisine cook,0,1,غذاهای چینی، تایلندی، کره‌ای و ژاپنی را با ووک، بخارپز و سس‌های ویژه آماده می‌کند.,چینی تای کره ای نودل ووک رامن
spec_sushi_cook,sushi-cook,role,spec_kitchen,380,آشپزِ سوشی,سوشی‌ساز,Sushi chef,0,1,برنجِ سوشی را آماده می‌کند، ماهی را با دقتِ بهداشتی بُرش می‌زند و رول و نیگیری می‌سازد.,سوشی ایتامائه رول
spec_precise_weighing,precise-weighing,competency,spec_baking_pastry,100,وزن‌کشیِ دقیقِ مواد,وزن کردن,Precise ingredient weighing,0,1,مواد را با ترازو و با دقتِ لازم وزن می‌کند، به‌ویژه مخمر، نمک و بهبوددهنده که مقدارِ کم و اثرِ زیاد دارند.,ترازو توزین کشیدن مواد
spec_bakery_shelf_life,bakery-shelf-life,competency,spec_nutrition_quality,100,نگهداری و افزایشِ ماندگاریِ نان و شیرینی,ماندگاری,Bakery shelf life and storage,0,1,می‌داند نان و شیرینی چرا بیات یا کپک می‌زنند و با خنک‌کردنِ درست، بسته‌بندی و نگهداری آن را عقب می‌اندازد.,بیات شدن نان کپک نان ماندگاری شیرینی تاریخ مصرف
spec_bread_additive_rules,bread-additive-rules,competency,spec_legal_compliance,100,رعایتِ ضوابطِ افزودنی، نمک و جوش‌شیرین در نان,قوانین نان,Bread additive and salt regulations,0,1,ضوابطِ ایران درباره‌ی ممنوعیتِ جوش‌شیرین در نان، حدِ نمک و افزودنی‌های مجاز را می‌داند و رعایت می‌کند.,جوش شیرین نان نمک نان بازرسی بهداشت نانوایی استاندارد نان
spec_dough_mixer_operation,dough-mixer-operation,competency,spec_baking_pastry,100,کار با خمیرگیرِ برقی و همزنِ صنعتی,کار با خمیرگیر,Dough mixer operation,0,1,خمیرگیرِ مارپیچ، دوقلو یا همزنِ سیاره‌ای را با سرعت و زمانِ درست کار می‌اندازد و ایمن خاموش و تمیز می‌کند.,خمیرگیر برقی میکسر مارپیچ همزن کاسه ای دستگاه خمیر
spec_sheeter_operation,sheeter-operation,competency,spec_baking_pastry,100,کار با دستگاهِ نوردِ خمیر (شیتر),دستگاه نورد,Dough sheeter operation,0,1,ضخامتِ خمیر را مرحله‌به‌مرحله با دستگاهِ نورد کم می‌کند تا خمیر پاره نشود و لایه‌ها سالم بمانند.,شیتر دستگاه نورد وردنه برقی
spec_bakery_oven_operation,bakery-oven-operation,competency,spec_baking_pastry,100,کار با فرهای نانوایی (دوار، طبقه‌ای، کانوکشن، تونلی),کار با فر,Bakery oven operation,0,1,فر را روشن و تنظیم می‌کند، دما، بخار و زمان را برای هر محصول می‌گذارد و بارگذاری و تخلیه را ایمن انجام می‌دهد.,فر دوار فر ریلی فر کانوکشن فر تونلی فر گردان
spec_bakery_gas_burner_safety,bakery-gas-burner-safety,competency,spec_workplace_safety,100,ایمنیِ گاز و مشعل در نانوایی,ایمنی گاز,Bakery gas and burner safety,0,1,نشتِ گاز را تشخیص می‌دهد، مشعل را با ترتیبِ ایمن روشن و خاموش می‌کند و در حادثه شیرِ اصلی را می‌بندد.,نشت گاز مشعل کپسول آتش نشانی نانوایی گاز گرفتگی
spec_industrial_bread_line_operation,industrial-bread-line-operation,competency,spec_food_processing,100,کار با خطِ تولیدِ صنعتیِ نان,خط تولید نان,Industrial bread line operation,0,1,خطِ خودکارِ تقسیم، فرم، تخمیر، پخت، خنک‌کردن و برشِ نان را راه می‌اندازد، سرعت را تنظیم و ایرادها را گزارش می‌کند.,نان صنعتی خط لواش ماشینی نان ماشینی نان تست
spec_bakery_equipment_care,bakery-equipment-care,competency,spec_equipment_maintenance,100,نگهداریِ روزانه‌ی دستگاه‌های نانوایی و قنادی,نگهداری دستگاه,Bakery equipment daily care,0,1,دستگاه‌ها را طبقِ برنامه تمیز، روغن‌کاری و بازدید می‌کند و خرابی را پیش از بزرگ‌شدن به فنی خبر می‌دهد.,سرویس دستگاه روغن کاری تعمیر فر
spec_proofer_retarder_operation,proofer-retarder-operation,competency,spec_baking_pastry,100,کار با دستگاهِ تخمیر و یخچالِ تخمیرِ کند,دستگاه تخمیر,Proofer and retarder operation,0,1,دما و رطوبتِ دستگاهِ تخمیر و یخچالِ تخمیرِ کند را برای شب‌مانی و آماده‌شدنِ صبح تنظیم می‌کند.,پروفر اتاق تخمیر ریتاردر تخمیر شبانه
spec_special_diet_baking,special-diet-baking,competency,spec_baking_pastry,100,پختِ نان و شیرینیِ بدونِ گلوتن، کم‌قند و رژیمی,بدون گلوتن,Gluten-free and special-diet baking,0,1,با آردهای بدونِ گلوتن، جایگزین‌های شکر و بدونِ تخم‌مرغ یا لبنیات نان و شیرینی می‌پزد و از آلودگیِ متقابل دوری می‌کند.,بدون گلوتن سلیاک شیرینی رژیمی دیابتی وگان کتو
spec_recipe_development_baking,recipe-development-baking,competency,spec_baking_pastry,100,ساختنِ دستورِ تازه و آزمونِ محصول,دستور تازه,Bakery recipe development,0,1,دستورِ تازه می‌سازد یا دستورِ قدیمی را بهتر می‌کند، با آزمون‌های کوچک مقایسه و نتیجه را دقیق ثبت می‌کند.,محصول جدید فرمولاسیون آزمایش دستور
spec_ice_cream_machine_care,ice-cream-machine-care,competency,spec_equipment_maintenance,100,شست‌وشو و نگهداریِ دستگاه‌های بستنی,تمیز کردن دستگاه بستنی,Ice cream machine cleaning and care,0,1,بستنی‌ساز، دستگاهِ بستنیِ قیفی و پاستوریزاتور را باز، شست‌وشو و ضدعفونی و قطعاتِ لاستیکی را بازدید می‌کند.,دستگاه بستنی قیفی شستشوی بستنی ساز واشر دستگاه
spec_bakery_display_merchandising,bakery-display-merchandising,competency,spec_sales_cash,100,چیدمانِ ویترینِ نان و شیرینی,چیدن ویترین,Bakery display merchandising,0,1,نان و شیرینی را تمیز، تازه‌به‌تازه و خوش‌رنگ در ویترین می‌چیند و برچسبِ نام و قیمت را درست می‌گذارد.,ویترین شیرینی چیدمان قنادی برچسب قیمت
spec_bakery_product_knowledge,bakery-product-knowledge,competency,spec_sales_cash,100,شناختِ نان‌ها و شیرینی‌ها برای راهنماییِ مشتری,شناخت محصولات,Bakery product knowledge for customers,0,1,مواد، طعم، ماندگاری و حساسیت‌زاهای هر نان و شیرینی را می‌داند و مشتری را درست راهنمایی می‌کند.,معرفی شیرینی مشاوره خرید شیرینی
spec_cake_order_consultation,cake-order-consultation,competency,spec_sales_cash,100,گرفتنِ سفارشِ کیک و شیرینیِ مراسم,سفارش کیک,Cake and event order consultation,0,1,خواسته‌ی مشتری را درباره‌ی طرح، اندازه، تعدادِ مهمان، طعم و زمانِ تحویل می‌پرسد، قیمت می‌دهد و سفارش را دقیق ثبت می‌کند.,سفارش کیک تولد کیک عروسی شیرینی مجلسی پیش پرداخت
spec_pastry_box_packing,pastry-box-packing,competency,spec_food_processing,100,بسته‌بندی و جعبه‌چینیِ نان و شیرینی,جعبه چینی,Bread and pastry packing,0,1,نان و شیرینی را سرد، تمیز و بدونِ له‌شدن در کیسه، جعبه یا ظرف می‌چیند، وزن و برچسب می‌زند و آماده‌ی ارسال می‌کند.,جعبه شیرینی کیسه نان کادوپیچ بسته بندی کیک
spec_bakery_packaging_machine,bakery-packaging-machine,competency,spec_food_processing,100,کار با دستگاه‌های بسته‌بندی، برش و کیسه‌کشی,دستگاه بسته بندی,Bakery packaging machine operation,0,1,دستگاهِ برشِ نانِ تست، کیسه‌کش، سیلر و تاریخ‌زن را تنظیم و راه‌اندازی می‌کند و بسته‌های معیوب را جدا می‌کند.,دستگاه سیلر دستگاه تاریخ زن دستگاه برش نان تست بسته بندی ماشینی
spec_bakery_quality_inspection,bakery-quality-inspection,competency,spec_nutrition_quality,100,بازرسیِ کیفیتِ نان و شیرینی,کنترل کیفیت,Bakery quality inspection,0,1,نمونه‌ها را از نظرِ وزن، رنگ، پخت، بافت و بسته‌بندی با استاندارد مقایسه، ثبت و محصولِ نامناسب را جدا می‌کند.,کنترل کیفی نمونه برداری وزن نان استاندارد
spec_sensory_evaluation,sensory-evaluation,competency,spec_nutrition_quality,100,ارزیابیِ حسیِ نان و شیرینی,چشیدن و سنجش,Sensory evaluation,0,1,رنگ، بو، طعم و بافت را به روشِ منظم می‌سنجد و با واژه‌های روشن و مقایسه‌ای گزارش می‌کند.,تست طعم چشیدن
spec_bakery_production_planning,bakery-production-planning,competency,spec_management_leadership,100,برنامه‌ریزیِ تولیدِ روزانه‌ی نان و شیرینی,برنامه تولید,Bakery production planning,0,1,بر پایه‌ی سفارش‌ها و فروشِ روزهای پیش مقدارِ هر محصول، ترتیبِ کار، زمانِ خمیر و فر و نیروی لازم را برنامه‌ریزی می‌کند.,برنامه تولید سفارش روزانه پیش بینی فروش
spec_bakery_sales_associate,bakery-sales-associate,role,spec_bakery_pastry,60,کارشناسِ فروشِ نانوایی و قنادی,فروش شیرینی,Bakery and pastry sales associate,1,1,پشتِ پیشخوانِ قنادی یا نانواییِ فانتزی مشتری را راهنمایی می‌کند، شیرینی را وزن و بسته می‌کند، ویترین را می‌چیند و پول می‌گیرد. «کارشناس» گفته می‌شود چون این کار شناختِ محصول و راهنماییِ مشتری می‌خواهد.,فروشنده قنادی فروشنده شیرینی فروشی فروشنده نانوایی صندوقدار قنادی شیرینی فروش
spec_bakery_oven_operator,bakery-oven-operator,role,spec_bakery_pastry,20,اپراتورِ فرِ نانوایی و قنادی,مسئول فر,Bakery oven operator,0,1,فر را روشن و تنظیم می‌کند، سینی‌ها را در زمانِ درست بار و خالی می‌کند و پخت و ایمنیِ گاز را زیرِ نظر دارد.,فرکار مسئول فر فر چی تنورکار
spec_bakery_packer,bakery-packer,role,spec_bakery_pastry,30,بسته‌بندِ نان و شیرینی,بسته‌بندی,Bakery packer,0,1,نان، کیک و شیرینی را سرد و سالم در جعبه و کیسه می‌چیند، وزن و برچسب می‌زند و برای فروش یا ارسال آماده می‌کند.,جعبه چین بسته بندی شیرینی کارگر بسته بندی کیسه کش نان
spec_bakery_production_supervisor,bakery-production-supervisor,role,spec_bakery_pastry,40,سرپرستِ تولیدِ نانوایی و قنادی,سرپرست تولید,Bakery production supervisor,0,1,شیفتِ تولیدِ نان یا شیرینی را اداره می‌کند: برنامه‌ی تولید، تقسیمِ کار، کنترلِ کیفیت، ایمنی و گزارشِ روزانه.,سرپرست کارگاه سرشیفت تولید مسئول تولید قنادی
spec_bakery_quality_controller,bakery-quality-controller,role,spec_bakery_pastry,50,کارشناسِ کنترلِ کیفیتِ نان و شیرینی,کنترل کیفیت,Bakery quality controller,0,1,مواد اولیه و محصول را نمونه‌گیری، وزن و ارزیابیِ حسی می‌کند، سوابقِ ایمنیِ غذا را ثبت و محصولِ نامناسب را متوقف می‌کند.,کنترل کیفی قنادی QC نان مسئول فنی کارگاه شیرینی
spec_bakery_product_developer,bakery-product-developer,role,spec_bakery_pastry,60,کارشناسِ توسعه‌ی محصولِ نان و شیرینی,محصول تازه,Bakery product developer,0,1,نان، کیک یا شیرینیِ تازه طراحی می‌کند، فرمول را آزمون و برای تولیدِ انبوه و ماندگاری آماده می‌کند.,فرمولاسیون شیرینی تحقیق و توسعه قنادی R&D نان
spec_bakery_manager,bakery-manager,role,spec_bakery_pastry,70,مدیرِ نانوایی یا قنادی,مدیر قنادی,Bakery and pastry shop manager,0,1,یک نانوایی، قنادی یا بستنی‌فروشی را اداره می‌کند: فروش، تولید، خرید، هزینه، نیرو، مجوزها و رضایتِ مشتری.,مدیر قنادی مدیر نانوایی صاحب قنادی مدیر شیرینی فروشی
spec_roastery_fire_gas_safety,roastery-fire-gas-safety,competency,spec_workplace_safety,100,ایمنیِ آتش و گاز در برشته‌کاری,ایمنیِ رُستری,Roastery fire and gas safety,0,1,پیشگیری از آتش‌گرفتنِ پوسته و دودکش، واکنش به آتش در دیگ، بررسیِ نشتِ گاز، تهویه و خطرِ مونوکسیدکربن، و جای درستِ کپسولِ آتش‌نشانی.,آتش سوزی رستر نشت گاز دودکش رستر مونوکسید کربن کپسول آتش نشانی
spec_coffee_tea_import_compliance,coffee-tea-import-compliance,competency,spec_legal_compliance,100,مقرراتِ واردات و پروانهٔ قهوه و چای,مجوزهای قهوه و چای,Coffee and tea import and licensing compliance,0,1,آشنایی با پروانهٔ ساخت و بهره‌برداری از سازمانِ غذا و دارو، استانداردهای ملیِ قهوه و چای، برچسب‌گذاریِ قانونی و مراحلِ ترخیصِ گمرکی.,پروانه ساخت سازمان غذا و دارو استاندارد ملی ترخیص کالا کد بهداشتی سیب سلامت
spec_coffee_bean_retail_guidance,coffee-bean-retail-guidance,competency,spec_sales_cash,100,راهنماییِ خریدارِ دانهٔ قهوه و چای,فروشِ دانه و چای,Coffee bean and tea retail guidance,0,1,پرسیدن از روشِ دم‌آوریِ مشتری، پیشنهادِ دانه یا چای، آسیاب‌کردن به درشتیِ مناسبِ دستگاهِ او و توضیحِ نگهداری در خانه.,فروش قهوه آسیاب برای موکاپات قهوه برای خانه فروش چای عطاری چای
spec_product_demonstration,product-demonstration,competency,spec_sales_cash,100,معرفی و نمایشِ محصولِ نوشیدنی,معرفیِ محصول,Beverage product demonstration,0,1,معرفیِ یک برندِ قهوه، چای یا دستگاه به کافه‌ها و مشتری‌ها، اجرای جلسهٔ چشیدن، پاسخ به پرسش‌ها و ثبتِ بازخورد.,برند امبسادور نماینده فروش تستینگ نمایشگاه قهوه
spec_tobacco_control_compliance,tobacco-control-compliance,competency,spec_legal_compliance,100,رعایتِ قانونِ کنترلِ دخانیات,قانونِ دخانیات,Tobacco control law compliance,0,1,دانستنِ قانونِ جامعِ کنترل و مبارزهٔ ملی با دخانیات و آیین‌نامه‌هایش: ممنوعیتِ عرضه به زیرِ ۱۸ سال، مجوزِ عرضه، ممنوعیتِ مصرف در فضای عمومیِ بسته بدونِ مجوز و برخورد با بازرسی.,قانون دخانیات مجوز قلیان ممنوعیت قلیان بازرسی بهداشت زیر ۱۸ سال
spec_hookah_hygiene_coal_safety,hookah-hygiene-coal-safety,competency,spec_workplace_safety,100,بهداشتِ قلیان و ایمنیِ زغال,بهداشتِ قلیان,Hookah hygiene and coal safety,0,1,شستنِ شیلنگ، کوزه و سر پس از هر مهمان یا به‌کاربردنِ شیلنگ و سرِ یک‌بارمصرف، روشن‌کردن و جابه‌جاکردنِ ایمنِ زغال، و هوشیاری به نشانه‌های گازگرفتگی.,شستن قلیان شیلنگ یکبار مصرف زغال داغ گازگرفتگی سرگیجه
spec_beverage_costing,beverage-costing,competency,spec_finance_cost,100,قیمت‌تمام‌شدهٔ نوشیدنی,حسابِ هزینهٔ نوشیدنی,Beverage costing,0,1,حساب‌کردنِ هزینهٔ هر فنجان یا لیوان از گرمِ قهوه، میلی‌لیترِ شیر، سیروپ، لیوان و درب، با درنظرگرفتنِ دورریز، و مقایسه با قیمتِ فروش.,قیمت تمام شده هزینه هر فنجان درصد هزینه دورریز شیر فود کاست
spec_guest_beverage_guidance,guest-beverage-guidance,competency,spec_guest_service,100,راهنماییِ مهمان در انتخابِ نوشیدنی,راهنماییِ مهمان,Guiding guests on beverages,0,1,پرسیدن از سلیقهٔ مهمان، توضیحِ ساده دربارهٔ طعمِ دانه یا چای بدونِ واژه‌های سخت، پیشنهادِ جایگزین برای کسی که شیر، کافئین یا قند نمی‌خورد، و گرفتنِ بازخورد.,بی کافئین پیشنهاد نوشیدنی قهوه بدون شیر رژیمی بدون قند
spec_barista_curriculum_teaching,barista-curriculum-teaching,competency,spec_teaching_training,100,آموزشِ باریستایی,آموزشِ باریستا,Barista training delivery,0,1,برنامه‌ریزیِ دورهٔ باریستایی از پایه تا پیشرفته، نشان‌دادنِ کار و تمرینِ عملی، سنجیدنِ مهارتِ کارآموز و آموزش به کسانی که آهسته‌تر می‌خوانند یا تجربه ندارند.,دوره باریستا مدرس باریستا کلاس قهوه آموزش قهوه کارگاه لاته آرت
spec_barista_trainee,barista-trainee,role,spec_bar,10,کارآموزِ باریستا,کارآموزِ قهوه,Trainee barista,0,1,کسی که تازه کارِ بار را شروع کرده و زیرِ نظرِ باریستا اسپرسو، شیر و نوشیدنی‌های ساده را می‌آموزد، بار را آماده و تمیز نگه می‌دارد و به سفارش‌ها کمک می‌کند.,کمک باریستا باریستای تازه کار کافی من کارآموز کافه دستیار بار
spec_barista,barista,role,spec_bar,10,باریستا,باریستا,Barista,1,1,آماده‌کردنِ قهوه و نوشیدنی‌های گرم و سرد پشتِ بار، تنظیمِ آسیاب، بخاردادنِ شیر، پذیراییِ مهمان و تمیز نگه‌داشتنِ دستگاه‌ها در طولِ نوبت.,قهوه چی کافی من قهوه ساز بار من کافه کار
spec_senior_barista,senior-barista,role,spec_bar,30,باریستای ارشد,باریستای باتجربه,Senior barista,0,1,باریستای باتجربه‌ای که کیفیتِ روزانهٔ قهوه را کنترل می‌کند، آسیاب را هر صبح تنظیم می‌کند، کارآموزان را راهنمایی می‌کند و در ساعتِ شلوغ بار را جلو می‌برد.,باریستا حرفه ای باریستای سینیور
spec_head_barista,head-barista,role,spec_bar,40,سرباریستا,سرباریستا,Head barista,0,1,مسئولِ کیفیت و دستورِ نوشیدنی‌های یک کافه: تعیینِ دستورِ روز، آموزشِ همکاران، سفارشِ قهوه و شیر، هماهنگی با برشته‌کار و رسیدگی به نگهداریِ دستگاه‌ها.,هد باریستا سر بار مسئول بار
spec_bar_supervisor,bar-supervisor,role,spec_bar,50,سرپرستِ بار,سرپرستِ بار,Bar supervisor,0,1,سرپرستیِ نوبتِ بار در کافه، هتل یا رستورانِ بزرگ: تقسیمِ کار، کنترلِ سرعت و کیفیت، رسیدگی به گلهٔ مهمان، شمارشِ موجودی و تحویلِ نوبت.,سوپروایزر بار سرپرست کافه شیفت لیدر بار
spec_brew_bar_barista,brew-bar-barista,role,spec_bar,60,باریستای قهوهٔ دمی و اسپشیالتی,قهوهٔ دمی,Brew-bar and specialty coffee barista,0,1,دم‌آوریِ قهوهٔ تک‌خاستگاه با روش‌های دستی مثلِ V60، کمکس، ایروپرس و سایفون، توضیحِ طعم و خاستگاهِ دانه به مهمان، و سنجشِ عصاره با رفرکتومتر.,قهوه دمی باریستای اسپشیالتی برو بار وی شصت کمکس ایروپرس سایفون
spec_non_alcoholic_mixologist,non-alcoholic-mixologist,role,spec_bar,70,میکسولوژیستِ نوشیدنیِ بدونِ الکل,موکتل‌ساز,Non-alcoholic mixologist,0,1,طراحی و ساختنِ نوشیدنی‌های ترکیبیِ بدونِ الکل، از موهیتو و لیموناد تا نوشیدنی‌های ویژهٔ منو، با سیروپ و تزئینِ خانگی و اندازه‌گیریِ دقیق.,موکتل ساز میکسولوژیست بارتندر بدون الکل نوشیدنی ساز
spec_soda_fountain_attendant,soda-fountain-attendant,role,spec_bar,80,متصدیِ نوشابه و نوشیدنی‌های گازدار,نوشابه و سودا,Soda fountain attendant,0,1,کار با دستگاهِ نوشابه و آبِ گازدار در فست‌فود، سینما یا رستوران: پُرکردنِ لیوان، تعویضِ کیسهٔ شربت و کپسولِ گاز، و شستنِ نازل‌ها.,نوشابه سودا دستگاه نوشابه نوشیدنی فست فود
spec_bar_back,bar-back,role,spec_bar,60,دستیارِ بار,دستیارِ بار,Bar back,1,1,پشتیبانیِ باریستا و همکارانِ بار: آوردنِ یخ، شیر، لیوان و مواد از انبار، شستن و چیدنِ ظرف‌ها، خالی‌کردنِ تُفاله و آماده نگه‌داشتنِ ایستگاه.,بار بک کمک بار پادو بار نیروی کمکی کافه
spec_beverage_runner,beverage-runner,role,spec_bar,100,مسئولِ رساندنِ نوشیدنی,رساندنِ نوشیدنی,Beverage runner,0,1,رساندنِ نوشیدنی‌های آماده از بار به میزِ درست، جمع‌کردنِ ظرف‌های خالی و خبردادنِ درخواست‌های مهمان به بار.,رانر نوشیدنی رسان گارسون بار
spec_beverage_manager,beverage-manager,role,spec_bar,110,مدیرِ بخشِ نوشیدنی,مدیرِ نوشیدنی,Beverage manager,0,1,مدیریتِ همهٔ نوشیدنی‌های یک هتل، زنجیرهٔ کافه یا رستورانِ بزرگ: منو و قیمت، خرید و تأمین‌کننده، هزینه، استانداردِ کیفیت، آموزش و برنامهٔ نوبتِ همکاران.,مدیر بار مدیر کافه بیوریج منیجر مدیر نوشیدنی هتل
spec_coffee_cart_operator,coffee-cart-operator,role,spec_bar,120,متصدیِ کافهٔ سیار,کافهٔ سیار,Mobile coffee cart operator,0,1,ادارهٔ کافهٔ سیار، ون یا غرفهٔ قهوه در خیابان، پارک، نمایشگاه یا مراسم: راه‌اندازیِ برق و آب، ساختنِ نوشیدنی، فروش و جمع‌کردنِ غرفه.,کافه سیار ون قهوه غرفه قهوه فود تراک قهوه کافه وانتی
spec_breakfast_beverage_attendant,breakfast-beverage-attendant,role,spec_bar,130,مسئولِ ایستگاهِ نوشیدنیِ صبحانه,نوشیدنیِ صبحانه,Breakfast beverage station attendant,0,1,آماده و پُرنگه‌داشتنِ چای، قهوه، شیر و آبمیوه در صبحانهٔ هتل، بیمارستان، اداره یا مراسم، و پاسخ به درخواستِ نوشیدنیِ ویژهٔ مهمان.,بوفه صبحانه مسئول چای هتل آبدارخانه آبدارچی کلمن چای
spec_coffee_vending_attendant,coffee-vending-attendant,role,spec_bar,140,متصدیِ دستگاه‌های قهوهٔ خودکار,دستگاهِ قهوه,Coffee vending machine attendant,0,1,سرکشی به دستگاه‌های قهوهٔ خودکار در اداره، دانشگاه یا ایستگاه: پُرکردنِ مواد و لیوان، اجرای شستشو، جمع‌کردنِ درآمد و گزارشِ خرابی.,وندینگ دستگاه قهوه اداری دستگاه سکه ای قهوه
spec_beverage_menu_developer,beverage-menu-developer,role,spec_bar,150,طراحِ منوی نوشیدنی,طراحِ منو,Beverage menu developer,0,1,طراحیِ نوشیدنی‌های تازه و منوی فصلی برای کافه‌ها و رستوران‌ها، با آزمونِ دستور، حسابِ هزینه، نوشتنِ دستورِ استاندارد و آموزشِ آن به بار.,منو دیزاینر طراح نوشیدنی آر اند دی بار
spec_coffee_trainer,coffee-trainer,role,spec_bar,160,مدرسِ باریستایی,مدرسِ قهوه,Coffee and barista trainer,0,1,آموزشِ باریستایی از پایه تا پیشرفته در آموزشگاه، زنجیرهٔ کافه یا برشته‌کاری: اسپرسو، شیر، دم‌آوری، کیفیت و نگهداریِ دستگاه، با تمرینِ عملی و سنجشِ کارآموز.,مدرس باریستا استاد قهوه آموزشگاه باریستا ترینر قهوه
spec_specialty_coffee_consultant,specialty-coffee-consultant,role,spec_bar,170,مشاورِ راه‌اندازیِ کافه,مشاورِ کافه,Specialty coffee consultant,0,1,کمک به راه‌اندازی یا بهترکردنِ کافه: انتخابِ دستگاه و دانه، چیدمانِ بار، منو و قیمت، دستورِ نوشیدنی و آموزشِ اولیهٔ همکاران.,مشاوره کافه راه اندازی کافه کافه کانسالتنت
spec_gahwa_maker,gahwa-maker,role,spec_bar,180,قهوه‌سازِ سنتی (قهوهٔ عربی و ترک),قهوهٔ سنتی,Traditional coffee maker (gahwa and Turkish coffee),0,1,آماده‌کردن و پذیراییِ قهوهٔ عربیِ هل‌دار به شیوهٔ جنوبِ ایران و قهوهٔ ترک در قهوه‌خانه، هتل، مراسم و سوگواری‌ها، با آدابِ ریختن و تعارف.,قهوه چی قهوه عربی قهوه بوشهری دله قهوه ترک قهوه مجلسی
spec_coffee_tea_retail_specialist,coffee-tea-retail-specialist,role,spec_bar,190,کارشناسِ فروشِ قهوه و چای,فروشِ قهوه و چای,Coffee and tea retail specialist,0,1,فروشِ دانهٔ قهوه، چای، دمنوش و وسایلِ دم‌آوری در فروشگاه یا برشته‌کاری، راهنماییِ خریدار، آسیاب به سفارش و نگهداریِ تازگیِ کالا.,فروشنده قهوه قهوه فروشی چای فروشی عطاری
spec_malt_beverage_brewer,malt-beverage-brewer,role,spec_production,70,تولیدکنندهٔ ماءالشعیر,ماءالشعیر,Non-alcoholic malt beverage brewer,0,1,کار در تولیدِ ماءالشعیر و نوشیدنی‌های مالتِ بدونِ الکل: ماشینگ، جوشاندن، صاف‌کردن، طعم‌دادن، گازدار و پاستوریزه‌کردن، و کنترلِ کیفیت.,ماءالشعیر نوشیدنی مالت کارخانه نوشابه
spec_greeting_and_seating,greeting-and-seating,competency,spec_guest_service,100,خوشامدگویی و راهنماییِ مهمان به میز,خوشامد و نشاندن,Greeting and seating guests,0,1,مهمان را با روی خوش پذیرفتن، تعدادِ نفرات و خواسته‌اش را پرسیدن و او را به میزِ مناسب رساندن. میزها را طوری پخش می‌کند که به هر بخشِ سالن به اندازه برسد.,خوشامدگویی نشاندن مهمان راهنمایی به میز
spec_reservation_systems,reservation-systems,competency,spec_guest_service,100,کار با سامانه‌ی رزرو,ثبتِ رزرو,Reservation systems,0,1,رزروِ میز را تلفنی، حضوری یا از سامانه‌ی آنلاین ثبت، تأیید و جابه‌جا کردن، و میزها را برای ساعت‌های شلوغ برنامه‌ریزی کردن. شامل یادداشتِ خواسته‌های ویژه و پیگیریِ نیامدن‌ها.,رزرو رزرو میز دفتر رزرو بوک کردن
spec_waitlist_management,waitlist-management,competency,spec_guest_service,100,مدیریتِ صفِ انتظار,نوبت‌دادن,Waitlist management,0,1,وقتی سالن پر است، نام و تعدادِ مهمانان را نوشتن، زمانِ انتظار را درست گفتن و به نوبت خبر دادن. مهمان باید بداند چقدر منتظر می‌ماند.,لیست انتظار نوبت صف رستوران
spec_queue_management,queue-management,competency,spec_guest_service,100,مدیریتِ صف,نظم‌دادن به صف,Queue management,0,1,صفِ مشتریان را در پیشخوان، سلف یا مراسم منظم و محترمانه پیش بردن، و به سالمند، بیمار یا خانواده‌ی با کودکِ کوچک توجه کردن.,صف نوبت شلوغی
spec_table_setting,table-setting,competency,spec_guest_service,100,میزآرایی,چیدنِ میز,Table setting,0,1,چیدنِ درستِ رومیزی، بشقاب، قاشق و چنگال، لیوان و دستمال برای هر نوع سرو، از میزِ ساده‌ی روزانه تا میزِ رسمیِ مراسم. شامل تاکردنِ دستمال و مرتب‌بودنِ همه‌ی میزها مثلِ هم.,میز آرایی چیدن میز ست کردن میز دستمال تاکردن میزچینی
spec_service_sequence,service-sequence,competency,spec_guest_service,100,ترتیب و زمان‌بندیِ سرو,ترتیبِ سرو,Service order and sequence,0,1,دانستنِ اینکه چه چیزی، کِی و از کدام سمت سرو یا جمع شود: نوشیدنی، پیش‌غذا، غذای اصلی، دسر و چای. غذای همه‌ی یک میز باید با هم برسد.,ترتیب سرو سرویس دهی سمت سرو
spec_plate_carrying,plate-carrying,competency,spec_guest_service,100,حملِ چند بشقاب با دست,بشقاب‌گرفتن,Carrying plates,0,1,حملِ دو یا سه بشقاب با یک دست بدونِ لمسِ غذا و لبه‌ی بشقاب، و گذاشتنِ آن جلوی مهمان بدونِ ریختن. کمرِ خود را هم آسیب نمی‌زند.,سه بشقاب حمل بشقاب بشقاب گرفتن
spec_table_clearing,table-clearing,competency,spec_guest_service,100,جمع‌آوری و آماده‌کردنِ دوباره‌ی میز,جمع‌کردنِ میز,Clearing and resetting tables,0,1,ظرف‌های خالی را بی‌صدا و بدونِ عجله‌دادن به مهمان جمع کردن، پس‌مانده‌ها را جدا کردن، میز را تمیز و ضدعفونی کردن و برای مهمانِ بعد دوباره چیدن.,جمع کردن میز باسر میز جمع کن ریست میز
spec_menu_explanation,menu-explanation,competency,spec_guest_service,100,توضیحِ منو به مهمان,توضیحِ غذاها,Explaining the menu,0,1,غذاها را با کلماتِ ساده توصیف کردن: از چه ساخته شده، چطور پخته شده، چه اندازه است و چقدر طول می‌کشد، و بر پایه‌ی سلیقه‌ی مهمان پیشنهاد دادن بی‌آنکه فشار آورد.,معرفی غذا پیشنهاد غذا توضیح منو
spec_dietary_allergen_communication,dietary-allergen-communication,competency,spec_guest_service,100,گفت‌وگو درباره‌ی حساسیتِ غذایی و رژیم,پرسیدنِ حساسیت,Special-diet and allergen communication,0,1,از مهمان درباره‌ی حساسیت یا رژیم (گیاه‌خواری، بدونِ گلوتن، دیابت، کم‌نمک) پرسیدن، آن را دقیق به آشپزخانه رساندن و هرگز حدس نزدن. اگر مطمئن نیست، می‌پرسد.,آلرژی حساسیت غذایی گیاهخواری بدون گلوتن رژیم
spec_bill_splitting,bill-splitting,competency,spec_sales_cash,100,صدورِ صورت‌حساب و تقسیمِ آن,تقسیمِ حساب,Presenting and splitting bills,0,1,صورت‌حساب را درست و در زمانِ مناسب آوردن، آن را میانِ چند نفر به دلخواهِ آن‌ها تقسیم کردن و پرداختِ ترکیبیِ نقد و کارت را بی‌اشتباه ثبت کردن.,صورتحساب دنگی تقسیم حساب فاکتور میز
spec_tipping_etiquette_iran,tipping-etiquette-iran,competency,spec_sales_cash,100,آداب و شفافیتِ انعام در ایران,انعام,Tipping etiquette in Iran,0,1,انعام را محترمانه پذیرفتن یا تعارف را درست پاسخ دادن، و دانستنِ اینکه انعامِ مشترک چطور و با چه شفافیتی میانِ همکارانِ آن شیفت تقسیم می‌شود. انعام هیچ‌وقت درخواست نمی‌شود.,انعام تیپ شیرینی حق سرویس
spec_de_escalation,de-escalation,competency,spec_guest_service,100,آرام‌کردنِ مهمانِ ناراضی یا عصبانی,آرام‌کردنِ مهمان,Handling difficult guests,0,1,با مهمانی که عصبانی، مست، بی‌احترام یا پرخاشگر است آرام و محترمانه رفتار کردن، گوش دادن، مرز گذاشتن و وقتی لازم است سرپرست را صدا زدن. امنیتِ خود و دیگران اول است.,مشتری بدقلق مشتری عصبانی دعوا بحث با مشتری
spec_reading_guest_cues,reading-guest-cues,competency,spec_guest_service,100,خواندنِ نشانه‌های رفتاریِ مهمان,فهمیدنِ حالِ مهمان,Reading guest cues,0,1,از نگاه، حرکتِ دست یا بسته‌شدنِ منو فهمیدن که مهمان آماده‌ی سفارش است، چیزی لازم دارد یا می‌خواهد تنها باشد.,توجه به مهمان حواس جمعی
spec_accessible_service,accessible-service,competency,spec_guest_service,100,پذیرایی از مهمانانِ دارای معلولیت,پذیراییِ دسترس‌پذیر,Accessibility and serving guests with disabilities,0,1,از مهمانی که با ویلچر، عصای سفید، سمعک یا سگِ راهنما می‌آید با احترام پذیرایی کردن: اول می‌پرسد چه کمکی لازم است، مسیر را باز می‌کند، منو را می‌خواند و با خودِ مهمان حرف می‌زند نه همراهش.,معلولیت ویلچر کم بینا ناشنوا توان‌یاب دسترس پذیری
spec_sign_language_basics,sign-language-basics,competency,spec_communication_languages,100,آشنایی با زبانِ اشاره‌ی ایرانی,زبانِ اشاره,Basic Persian Sign Language,0,1,چند اشاره‌ی ساده برای خوشامد، سفارش، پرداخت و تشکر به زبانِ اشاره‌ی ایرانی، تا مهمانِ ناشنوا بی‌واسطه سفارش دهد.,زبان اشاره ناشنوا کم شنوا
spec_arabic_for_hospitality,arabic-for-hospitality,competency,spec_communication_languages,100,عربیِ کاربردی برای پذیرایی,عربیِ پذیرایی,Arabic for hospitality,0,1,جمله‌های لازم برای خوشامد، توضیحِ غذا و پرداخت به عربی، برای پذیرایی از زائران و مهمانانِ عرب‌زبان در شهرهایی مثلِ مشهد و قم.,عربی زائر مهمان عرب
spec_families_and_children,families-and-children,competency,spec_guest_service,100,پذیرایی از خانواده‌ها و کودکان,پذیرایی از بچه‌ها,Serving families and children,0,1,صندلیِ کودک آوردن، غذای داغ را دور از دستِ کودک گذاشتن، غذای کودک را زودتر آماده خواستن و با پدر و مادر درباره‌ی نیازِ کودک با حوصله حرف زدن.,کودک خانواده صندلی کودک منوی کودک
spec_cultural_sensitivity,cultural-sensitivity,competency,spec_guest_service,100,احترام به تفاوت‌های فرهنگی و دینیِ مهمانان,احترام به همه,Cultural and religious sensitivity,0,1,با مهمانانی از قومیت، زبان، دین و شهرهای گوناگون بی‌داوری و برابر رفتار کردن، و نیازهایی مثلِ حلال‌بودن، روزه، یا جای نماز را با احترام پاسخ دادن.,احترام تنوع فرهنگی مهمان خارجی
spec_silver_service,silver-service,competency,spec_guest_service,100,سروِ دیس به بشقاب (سیلور سرویس),سرو از دیس,Silver service,0,1,کشیدنِ غذا از دیس به بشقابِ مهمان سرِ میز با قاشق و چنگالِ سرو در یک دست، به شکلِ رسمی در ضیافت‌ها و هتل‌ها.,سیلور سرویس سرو رسمی سرو فرانسوی
spec_samovar_tea_service,samovar-tea-service,competency,spec_guest_service,100,سروِ چای به رسمِ ایرانی,چای‌دادن,Traditional Persian tea service,0,1,آوردنِ چای در استکان و نعلبکی با قند، نبات یا خرما، نگه‌داشتنِ سماور یا کتری روشن و تازه، و تعارف‌کردنِ چای به ترتیبِ درست در مجلس یا چای‌خانه.,چای ریز چایی دادن سماور قهوه چی استکان
spec_sofreh_service,sofreh-service,competency,spec_guest_service,100,پذیرایی سرِ سفره و تخت,پذیراییِ سفره,Floor-seating sofreh service,0,1,پهن‌کردنِ سفره روی تخت یا زمین، چیدنِ غذا، نان، سبزی و دوغ روی آن، و پذیرایی از مهمانانی که روی زمین نشسته‌اند بی‌آنکه از روی سفره رد شود.,سفره تخت سنتی سفره خانه سفره انداختن
spec_kitchen_floor_coordination,kitchen-floor-coordination,competency,spec_guest_service,100,هماهنگیِ سالن با آشپزخانه,هماهنگی با آشپزخانه,Kitchen and floor coordination,0,1,به آشپزخانه گفتن کِی مرحله‌ی بعدِ غذای یک میز را آماده کند، تأخیر را زود خبر دادن و غذای آماده را بی‌معطلی برداشتن تا سرد نشود.,سفارش به آشپزخانه پاس آماده باش
spec_opening_closing_sidework,opening-closing-sidework,competency,spec_guest_service,100,کارهای آماده‌سازی و بستنِ شیفت,آماده‌کردنِ سالن,Opening and closing side work,0,1,پیش از باز شدن: پرکردنِ نمک‌دان، دستمال، ادویه و آماده‌کردنِ ایستگاه‌ها؛ پس از بسته شدن: جمع‌کردن، شستن، شمارش و آماده گذاشتن برای شیفتِ بعد.,ساید ورک آماده سازی سالن بستن سالن
spec_glassware_cutlery_polishing,glassware-cutlery-polishing,competency,spec_cleaning_sanitation,100,براق‌کردنِ لیوان و قاشق‌وچنگال,برق‌انداختنِ ظرف,Polishing glassware and cutlery,0,1,لیوان، قاشق و چنگالِ شسته را با بخار و دستمالِ تمیز براق کردن، بدونِ گرفتنِ لبه‌ی لیوان یا سرِ قاشق، و کنار گذاشتنِ ظرفِ لب‌پریده.,پولیش برق انداختن لیوان ظرف لب پریده
spec_linen_handling,linen-handling,competency,spec_cleaning_sanitation,100,کار با رومیزی و دستمالِ پارچه‌ای,رومیزی,Linen handling,0,1,پهن‌کردنِ رومیزی بدونِ چین، جداکردنِ پارچه‌ی کثیف از تمیز، شمارشِ تحویل به رخت‌شوی‌خانه و تاکردنِ درستِ آن.,رومیزی دستمال سفره ملحفه میز لینن
spec_dining_area_cleaning,dining-area-cleaning,competency,spec_cleaning_sanitation,100,نظافتِ سالنِ پذیرایی در حینِ کار,تمیزکردنِ سالن,Dining-area cleaning during service,0,1,کف، میز، صندلی، صندلیِ کودک، منو و سرویسِ بهداشتیِ مهمانان را در حینِ کار تمیز نگه‌داشتن، بی‌آنکه مزاحمِ مهمان شود، و علامتِ کفِ خیس گذاشتن.,نظافت سالن تی کشیدن استیوارد نظافتچی
spec_emergency_guest_evacuation,emergency-guest-evacuation,competency,spec_workplace_safety,100,راهنماییِ مهمانان در شرایطِ اضطراری,خروجِ اضطراری,Guiding guests in emergencies,0,1,در آتش‌سوزی، زلزله یا قطعِ برق، آرام مهمانان را از راهِ خروجِ اضطراری بیرون راهنمایی کردن، به کسانی که کمک لازم دارند رسیدن و شمارش در محلِ تجمع.,زلزله تخلیه خروج اضطراری آتش سوزی
spec_vip_guest_handling,vip-guest-handling,competency,spec_guest_service,100,پذیرایی از مهمانانِ ویژه و ثابت,مهمانِ ویژه,VIP and regular guest care,0,1,به‌خاطر سپردنِ نام و سلیقه‌ی مهمانانِ همیشگی و ویژه، آماده‌کردنِ جایشان پیش از رسیدن و پذیراییِ آرام و بی‌سروصدا.,وی آی پی مهمان ویژه مشتری ثابت لانژ
spec_discretion_confidentiality,discretion-confidentiality,competency,spec_personal_effectiveness,100,رازداری,رازداری,Discretion and confidentiality,0,1,آنچه در اتاق یا میزِ مهمان می‌بیند یا می‌شنود را جایی نگفتن و عکس نگرفتن، به‌ویژه درباره‌ی مهمانانِ سرشناس.,رازداری حریم خصوصی
spec_room_service_delivery,room-service-delivery,competency,spec_guest_service,100,سرویسِ اتاقِ هتل,سرویسِ اتاق,In-room dining service,0,1,سفارشِ اتاق را با سینی یا ترولی رساندن، در زدن و اعلامِ خود، چیدنِ غذا در اتاق به خواستِ مهمان، و بعد جمع‌آوریِ ظرف‌ها از راهرو و اتاق.,روم سرویس سرویس اتاق ترولی
spec_minibar_stock_control,minibar-stock-control,competency,spec_purchasing_inventory,100,کنترل و پرکردنِ مینی‌بار,مینی‌بار,Minibar stock control,0,1,شمارشِ آنچه از مینی‌بارِ اتاق مصرف شده، ثبتِ آن به حسابِ مهمان، پرکردن و بررسیِ تاریخِ انقضا.,مینی بار یخچال اتاق
spec_buffet_replenishment,buffet-replenishment,competency,spec_guest_service,100,پرکردن و مرتب‌نگه‌داشتنِ بوفه,رسیدگی به بوفه,Buffet replenishment,0,1,ظرف‌های بوفه را پیش از خالی شدن عوض کردن (نه روی هم ریختن)، قاشقِ سروِ هر غذا را جدا نگه‌داشتن، برچسبِ غذا و آلرژن را درست گذاشتن و میز را مرتب نگه‌داشتن.,بوفه سلف صبحانه هتل میز بوفه
spec_chafing_dish_operation,chafing-dish-operation,competency,spec_equipment_maintenance,100,کار با شوفِ گرم‌کن,شوف,Chafing dish operation,0,1,آب ریختن در شوف، روشن‌کردن و خاموش‌کردنِ ایمنِ ژل یا شعله یا المنتِ برقی و نگه‌داشتنِ غذا در دمای گرمِ درست.,شوف شوفینگ گرمکن غذا بن ماری
spec_speed_of_service,speed-of-service,competency,spec_guest_service,100,سروِ سریع و دقیق,سرعتِ سرو,Speed of service in quick-service,0,1,سفارش را در چند دقیقه با دقت آماده و تحویل دادن، با تقسیمِ کار در خطِ تولید و بدونِ کم‌کردنِ ایمنی و ادب.,فست فود سرعت کار در ساعت شلوغی
spec_order_accuracy_check,order-accuracy-check,competency,spec_guest_service,100,بازبینیِ درستیِ سفارش پیش از تحویل,چک‌کردنِ سفارش,Order accuracy check,0,1,پیش از تحویل، سفارش را با فیش مقایسه کردن: تعداد، اندازه، سس، نوشیدنی، قاشق و دستمال، و خواسته‌های ویژه مثلِ «بدونِ پیاز».,چک سفارش کنترل سفارش سفارش ناقص
spec_drive_through_communication,drive-through-communication,competency,spec_communication_languages,100,گفت‌وگو با هدست و بلندگو,حرف‌زدن با هدست,Drive-through headset communication,0,1,از پشتِ بلندگو سفارش را با صدای روشن گرفتن، آن را برای مشتری دوباره خواندن و هم‌زمان با همکاران هماهنگ بودن.,درایو هدست سفارش از ماشین
spec_self_order_kiosk_assistance,self-order-kiosk-assistance,competency,spec_digital_marketing,100,راهنماییِ مشتری در کیوسک و منوی دیجیتال,کمک با کیوسک,Self-order kiosk and QR menu assistance,0,1,به مشتری، به‌ویژه سالمندان و کسانی که با گوشی راحت نیستند، در کار با کیوسکِ سفارش یا منوی QR با حوصله کمک کردن.,کیوسک منوی کیو آر منو دیجیتال سفارش با گوشی
spec_meal_card_systems,meal-card-systems,competency,spec_sales_cash,100,کار با کارتِ غذا، ژتون و سامانه‌ی رزروِ غذا,کارتِ غذا,Meal card and token systems,0,1,در سلفِ دانشگاه، اداره یا کارخانه، کارت یا کدِ رزروِ غذا را خواندن، ژتون را تحویل گرفتن و مشکلِ رزرونشده‌ها را طبقِ قاعده حل کردن.,ژتون کارت تغذیه سامانه تغذیه رزرو غذا سلف دانشگاه
spec_phone_etiquette,phone-etiquette,competency,spec_communication_languages,100,آدابِ گفت‌وگوی تلفنی,تلفن‌جواب‌دادن,Telephone etiquette,0,1,تلفن را زود و با معرفیِ مجموعه جواب دادن، واضح و آرام حرف زدن، خواسته را یادداشت و بازخوانی کردن و مؤدبانه تمام کردن.,تلفن پاسخگویی اپراتور
spec_chat_support_writing,chat-support-writing,competency,spec_communication_languages,100,پاسخ‌گوییِ نوشتاری و چت,جواب در چت,Written chat support,0,1,به پیامِ مشتری در چت یا پیامک کوتاه، درست، مؤدبانه و با املای درست جواب دادن و وقتِ پاسخ را کوتاه نگه‌داشتن.,چت پشتیبانی آنلاین پیام
spec_support_ticketing,support-ticketing,competency,spec_digital_marketing,100,کار با سامانه‌ی تیکت و پشتیبانی,ثبتِ تیکت,Support ticketing systems,0,1,ثبت، دسته‌بندی، پیگیری و بستنِ درخواست‌های مشتری در سامانه‌ی پشتیبانی و فرستادنِ آن به بخشِ درست.,تیکت CRM پشتیبانی
spec_order_issue_resolution,order-issue-resolution,competency,spec_guest_service,100,حلِ مشکلِ سفارشِ بیرون‌بر,حلِ مشکلِ سفارش,Resolving delivery order issues,0,1,وقتی سفارش دیر، ناقص، سرد یا اشتباه رسیده، با مشتری، مجموعه و پیک هماهنگ کردن و طبقِ قاعده جایگزین، بازپرداخت یا اعتبار پیشنهاد دادن.,سفارش دیر سفارش اشتباه بازپرداخت مرجوعی
spec_menu_listing_management,menu-listing-management,competency,spec_digital_marketing,100,به‌روزکردنِ منو و موجودی در پلتفرم,به‌روزکردنِ منوی آنلاین,Online menu and availability management,0,1,قیمت، عکس، توضیح و موجودیِ غذاها را در پلتفرمِ سفارش درست نگه‌داشتن، غذای تمام‌شده را زود خاموش کردن و ساعتِ کار را به‌روز کردن.,اسنپ فود منوی آنلاین پنل رستوران ناموجود کردن
spec_patient_meal_service,patient-meal-service,competency,spec_nutrition_quality,100,توزیعِ غذای بیمار طبقِ رژیم,غذای بیمار,Patient meal service to diet orders,0,1,غذای هر بیمار را طبقِ کارتِ رژیم (کم‌نمک، دیابتی، نرم، مایعات) و نامِ بیمار و تخت بررسی و تحویل دادن، و اگر بیمار ناشتا است غذا ندادن.,غذای بیمارستان رژیم بیمار توزیع غذا بخش ناشتا
spec_infection_control_basics,infection-control-basics,competency,spec_food_safety,100,مبانیِ پیشگیری از عفونت در مراکزِ درمانی,پیشگیری از عفونت,Infection control basics in care settings,0,1,شستنِ دست پیش و پس از هر اتاق، استفاده‌ی درست از دستکش و ماسک، رعایتِ تابلوی ایزولاسیون و ضدعفونیِ ترولی و سینی.,ایزوله عفونت بیمارستانی دستکش ماسک
spec_feeding_assistance,feeding-assistance,competency,spec_nutrition_quality,100,کمک به غذاخوردنِ سالمند یا بیمار,کمک در غذاخوردن,Feeding assistance,0,1,کنارِ سالمند یا بیمار نشستن و با آرامش در غذاخوردن کمک کردن، نشستنِ درست برای پیشگیری از خفگی، شناختنِ غذای نرم و مایعِ غلیظ‌شده و گزارشِ کم‌خوری.,غذا دادن سالمند مشکل بلع خانه سالمندان
spec_child_safeguarding,child-safeguarding,competency,spec_legal_compliance,100,رفتارِ ایمن و درست با کودکان,رفتار با بچه‌ها,Child safeguarding,0,1,در مدرسه یا مهدکودک با کودکان محترمانه و در حدِ مرزِ حرفه‌ای رفتار کردن، کودک را تنها در جای بسته نگذاشتن و نشانه‌ی آزار یا بیماری را به مسئول خبر دادن.,کودک مدرسه مهد کودک
spec_school_nutrition_rules,school-nutrition-rules,competency,spec_nutrition_quality,100,قواعدِ تغذیه‌ی سالم در بوفه‌ی مدرسه,خوراکیِ سالمِ مدرسه,School healthy-food rules,0,1,دانستن اینکه چه خوراکی‌هایی در بوفه‌ی مدرسه مجاز است و چه چیزهایی (مثلِ نوشابه و هله‌هوله‌ی شور) نیست، و پیشنهادِ خوراکیِ سالم به کودکان.,بوفه مدرسه بوفه سالم هله هوله تغذیه مدرسه
spec_moving_vehicle_service,moving-vehicle-service,competency,spec_guest_service,100,سرو در هواپیما، قطار و کشتی,سرو در سفر,Food service on moving vehicles,0,1,کار با ترولی در راهروی تنگ، قفل‌کردنِ ترولی و کابینت در تکان، سروِ نوشیدنیِ داغ بی‌خطر، و گرم‌کردنِ غذای آماده در آشپزخانه‌ی کوچکِ وسیله‌ی نقلیه.,ترولی گالی پذیرایی قطار پذیرایی پرواز کشتی
spec_transport_catering_security,transport-catering-security,competency,spec_legal_compliance,100,مقرراتِ امنیتیِ کترینگِ حمل‌ونقل,امنیتِ کترینگِ سفر,Transport catering security rules,0,1,پلمبِ ترولی و ظرف‌ها، شمارشِ دقیقِ اقلام، کارتِ تردد و قواعدِ بازرسیِ فرودگاه یا ایستگاه برای غذایی که به هواپیما یا قطار می‌رود.,پلمب کترینگ هوایی فرودگاه بازرسی
spec_banquet_service_styles,banquet-service-styles,competency,spec_guest_service,100,شیوه‌های سرو در ضیافت و تالار,سروِ مراسم,Banquet service styles,0,1,سروِ بشقابیِ هم‌زمان برای میزهای بسیار، بوفه‌ی مراسم، سروِ دیس روی میز و ایستاده (کوکتل بدونِ الکل)، و هماهنگی با گروه تا همه‌ی میزها با هم غذا بگیرند.,تالار ضیافت بنکوئت سرو همزمان
spec_celebration_service_etiquette,celebration-service-etiquette,competency,spec_guest_service,100,آدابِ پذیرایی در جشن و عروسی,پذیراییِ عروسی,Wedding and celebration service etiquette,0,1,آدابِ پذیرایی در عروسی، عقد، تولد و جشن‌ها: ترتیبِ شیرینی، میوه، شام و چای، احترام به خانواده‌ی میزبان و پذیرایی در تالارهای زنانه و مردانه با همکارِ مناسب.,عروسی عقد تالار پذیرایی مجلس پذیرایی مجالس
spec_mourning_religious_service_etiquette,mourning-religious-service-etiquette,competency,spec_guest_service,100,آدابِ پذیرایی در مراسمِ سوگواری و مذهبی,پذیراییِ ختم و روضه,Mourning and religious gathering service,0,1,پذیراییِ آرام و متین در مراسمِ ختم، سوم، چهلم، روضه و افطاری: چای، خرما، حلوا و غذا، با لباس و رفتارِ مناسب و احترام به سوگواران.,ختم مسجد روضه نذری افطاری حلوا خرما
spec_bulk_serving,bulk-serving,competency,spec_culinary_techniques,100,کشیدن و سروِ غذا در حجمِ زیاد,غذاکشیدنِ مجلس,Bulk serving from large pots,0,1,کشیدنِ برنج و خورش از دیگ با کفگیر و ملاقه به اندازه‌ی یکسان برای صدها نفر، سریع و تمیز، و کار با یک گروهِ هماهنگ پشتِ میزِ کشیدن.,دیگ کفگیر غذا کشیدن نذری کشیدن برنج
spec_event_setup_breakdown,event-setup-breakdown,competency,spec_logistics_delivery,100,برپایی و جمع‌کردنِ مراسم,چیدنِ مراسم,Event setup and breakdown,0,1,آوردن و چیدنِ میز، صندلی، رومیزی، ظرف، ایستگاهِ چای و بوفه طبقِ نقشه، و پس از مراسم جمع‌کردن، شمارش و بارزدنِ منظم.,چیدمان میز و صندلی بار زدن وسایل کرایه ظروف
spec_seating_plan_and_layout,seating-plan-and-layout,competency,spec_management_leadership,100,نقشه‌ی سالن و جای نشستنِ مهمانان,نقشه‌ی سالن,Seating plan and floor layout,0,1,کشیدنِ نقشه‌ی جای میزها، مسیرِ رفت‌وآمدِ سرو، راهِ خروجِ اضطراری و جای ویلچر، و جای نشستنِ مهمانان طبقِ خواسته‌ی میزبان.,نقشه سالن جانمایی لی اوت چیدمان سالن
spec_table_decor_design,table-decor-design,competency,spec_guest_service,100,طراحیِ آرایشِ میزِ مراسم,تزئینِ میز,Event table decor design,0,1,طراحیِ رنگ، گل، شمع، ظرف و رومیزیِ میزِ مراسم به سلیقه‌ی مشتری و با بودجه، بدونِ اینکه جای غذا یا دیدِ مهمانان بسته شود.,دیزاین میز گل آرایی تزئین سفره سفره عقد
spec_event_timeline_coordination,event-timeline-coordination,competency,spec_management_leadership,100,هماهنگیِ برنامه‌ی زمانیِ مراسم,زمان‌بندیِ مراسم,Event run-of-show coordination,0,1,نوشتن و اجرای برنامه‌ی ساعت‌به‌ساعتِ مراسم، هماهنگی با آشپزخانه، تالار، عکاس، موسیقی و خانواده‌ی میزبان، و تصمیمِ سریع وقتی چیزی عقب می‌افتد.,برنامه مراسم تشریفات مجری مراسم
spec_event_headcount_quantity_planning,event-headcount-quantity-planning,competency,spec_finance_cost,100,برآوردِ مقدارِ غذا و وسایل برای تعدادِ مهمان,برآوردِ مقدار,Headcount and quantity planning,0,1,از تعدادِ مهمانان، مقدارِ برنج، گوشت، نان، نوشیدنی، ظرف و نیرو را برآورد کردن، با کمی احتیاط ولی بدونِ دورریزِ زیاد.,چند نفره برآورد غذا مقدار برنج سرانه
spec_catering_quotation,catering-quotation,competency,spec_finance_cost,100,پیش‌فاکتور و قراردادِ کترینگ و مراسم,پیش‌فاکتور,Catering quotations and contracts,0,1,نوشتنِ پیش‌فاکتورِ روشن با قیمتِ هر نفر، هزینه‌ی نیرو، ظرف و حمل، شرایطِ بیعانه و لغو، و بستنِ قراردادِ ساده با مشتری.,پیش فاکتور بیعانه قرارداد مراسم قیمت هر پرس
spec_catering_sales_consultation,catering-sales-consultation,competency,spec_sales_cash,100,مشاوره و فروشِ کترینگ و مراسم,فروشِ مراسم,Catering sales consultation,0,1,گفت‌وگو با مشتری یا سازمان درباره‌ی نوعِ مراسم، سلیقه، بودجه و محدودیت‌ها، پیشنهادِ منو و بسته‌ی مناسب و پیگیریِ صادقانه تا بستنِ قرارداد.,فروش کترینگ مشاوره مراسم بازاریابی مراسم
spec_hot_food_transport,hot-food-transport,competency,spec_food_safety,100,حفظِ دمای غذا در جابه‌جایی,گرم‌نگه‌داشتنِ غذا در راه,Food transport temperature,0,1,غذای گرم را در ظرفِ دربسته و جعبه‌ی عایق بالای ۶۰ درجه و غذای سرد را زیرِ ۵ درجه جابه‌جا کردن، دما را در رسیدن اندازه گرفتن و زمانِ راه را کوتاه نگه‌داشتن.,یونولیت باکس عایق کلمن گرم ماندن غذا ترمال
spec_vehicle_loading_securing,vehicle-loading-securing,competency,spec_logistics_delivery,100,بارگیری و مهارِ بار در خودرو,بارزدن,Loading and securing cargo,0,1,دیگ، جعبه و ظرف‌ها را طوری در خودرو چیدن و بستن که در ترمز نریزد، سنگین‌ها پایین، غذا جدا از مواد شوینده و سوخت.,بار زدن بستن بار وانت
spec_outdoor_site_hygiene,outdoor-site-hygiene,competency,spec_cleaning_sanitation,100,بهداشت در محلِ بیرونی,بهداشتِ بیرون,Hygiene at outdoor sites,0,1,در باغ، چادر یا محلی بدونِ آبِ لوله‌کشی، ایستگاهِ شستنِ دست ساختن، غذا را از خاک، حشره و آفتاب دور نگه‌داشتن و پس‌ماند را جمع کردن.,باغ چادر بیرون مراسم در فضای باز
spec_weather_self_care,weather-self-care,competency,spec_workplace_safety,100,مراقبت از خود در گرما، سرما و آلودگیِ هوا,مراقبت در گرما و سرما,"Self-care in heat, cold and air pollution",0,1,نوشیدنِ آب، استراحت در سایه، لباسِ مناسب، شناختنِ نشانه‌های گرمازدگی و سرمازدگی و ماسک در روزهای آلوده، برای کسانی که بیرون کار می‌کنند.,گرمازدگی سرما آلودگی هوا آفتاب
spec_safe_motorcycle_riding,safe-motorcycle-riding,competency,spec_workplace_safety,100,موتورسواریِ ایمن,موتورسواریِ ایمن,Safe motorcycle riding,0,1,همیشه با کلاهِ ایمنیِ بسته، دستکش و لباسِ دیده‌شدنی رانندگی کردن، سرعتِ مطمئن، فاصله از خودروها، و بیشتر احتیاط در باران، شب و ترافیک. هیچ سفارشی از جانِ پیک مهم‌تر نیست.,موتور کلاه کاسکت پیک موتوری تصادف
spec_safe_cycling,safe-cycling,competency,spec_workplace_safety,100,دوچرخه‌سواریِ ایمن,دوچرخه‌سواری,Safe cycling,0,1,با کلاه، چراغ و لباسِ دیده‌شدنی دوچرخه راندن، علامت‌دادن با دست، و بارِ سفارش را طوری بستن که تعادل به هم نخورد.,دوچرخه پیک دوچرخه
spec_defensive_driving,defensive-driving,competency,spec_workplace_safety,100,رانندگیِ ایمن و تدافعی,رانندگیِ ایمن,Defensive driving,0,1,رانندگیِ خودرو یا وانت با پیش‌بینیِ خطا‌های دیگران، فاصله‌ی ایمن، نداشتنِ گوشی در دست و خستگی‌نداشتن در راه‌های طولانی.,رانندگی وانت خودرو
spec_traffic_rules_iran,traffic-rules-iran,competency,spec_legal_compliance,100,قوانینِ راهنمایی و رانندگی و گواهی‌نامه,قانونِ رانندگی,Traffic law and licensing in Iran,0,1,دانستنِ قوانینِ رانندگی، نوعِ گواهی‌نامه‌ی لازم برای موتور یا خودرو، بیمه‌ی شخصِ ثالث و طرحِ ترافیک.,گواهینامه بیمه ثالث طرح ترافیک جریمه
spec_navigation_apps,navigation-apps,competency,spec_logistics_delivery,100,مسیریابی و پیداکردنِ نشانی,مسیریابی,Navigation and address finding,0,1,پیداکردنِ نشانی با نقشه‌ی گوشی، خواندنِ پلاک و کوچه‌ی بن‌بست، و وقتی نقشه اشتباه است با تلفنِ کوتاه به مشتری جای درست را پیدا کردن. گوشی هنگامِ حرکت در جاگوشی است.,نشان بلد نقشه آدرس یابی لوکیشن
spec_route_planning,route-planning,competency,spec_logistics_delivery,100,برنامه‌ریزیِ مسیر,مسیرچینی,Route planning,0,1,چند سفارش را به ترتیبی که زودتر و گرم‌تر برسد رساندن، شناختنِ ساعت‌های ترافیک، کوچه‌های یک‌طرفه و راه‌های جایگزین.,مسیر چند سفارش ترافیک
spec_delivery_app_operation,delivery-app-operation,competency,spec_logistics_delivery,100,کار با اپلیکیشنِ پیک,اپِ پیک,Delivery app operation,0,1,پذیرفتنِ سفارش، اعلامِ رسیدن به مجموعه، برداشت و تحویل در اپ، گزارشِ مشکل و دیدنِ درآمد، با گوشی‌ای که شارژ و اینترنتش آماده است.,اپ پیک اسنپ باکس اسنپ فود قبول سفارش
spec_delivery_bag_care,delivery-bag-care,competency,spec_cleaning_sanitation,100,نظافتِ باکسِ پیک,تمیزکردنِ باکس,Delivery bag and box care,0,1,باکس یا کیفِ حملِ غذا را هر روز شستن و ضدعفونی کردن، خشک نگه‌داشتن و غذا را کنارِ وسایلِ شخصی یا بارِ دیگر نگذاشتن.,باکس کیف عایق یخدان
spec_cash_on_delivery,cash-on-delivery,competency,spec_sales_cash,100,دریافتِ پول در محلِ تحویل,پول‌گرفتن درِ خانه,Cash on delivery,0,1,دریافتِ پولِ نقد یا کارت با کارت‌خوانِ سیار، دادنِ باقیِ پول، گرفتنِ رسید و تسویه‌ی درست با مجموعه در پایانِ شیفت.,پرداخت در محل کارتخوان سیار پوز تسویه
spec_doorstep_etiquette,doorstep-etiquette,competency,spec_guest_service,100,آدابِ تحویلِ سفارش درِ خانه,تحویل درِ خانه,Doorstep delivery etiquette,0,1,سلام و معرفی، تحویلِ سفارش سرِ در بدونِ ورود به خانه، احترام به حریمِ خصوصی و رازداریِ نشانی، و آرام‌ماندن اگر مشتری ناراضی است.,تحویل دم در زنگ زدن
spec_personal_security_awareness,personal-security-awareness,competency,spec_workplace_safety,100,مراقبت از امنیتِ خود در مسیر,امنیتِ خود,Personal security on the road,0,1,پول و گوشی را پنهان نگه‌داشتن، به جای ناامن یا ناآشنا در شب با احتیاط رفتن، و در سرقت یا تهدید جان را مهم‌تر از پول و بار دانستن و گزارش دادن.,سرقت زورگیری امنیت پیک
spec_vehicle_basic_maintenance,vehicle-basic-maintenance,competency,spec_equipment_maintenance,100,نگهداریِ ساده‌ی موتور یا دوچرخه,رسیدگی به موتور,Basic motorcycle and bicycle maintenance,0,1,بررسیِ روزانه‌ی باد و آجِ لاستیک، ترمز، چراغ، زنجیر و روغن، و دانستنِ اینکه کِی باید به تعمیرگاه رفت.,باد لاستیک روغن موتور زنجیر تعمیر موتور
spec_dispatch_assignment,dispatch-assignment,competency,spec_logistics_delivery,100,تخصیصِ سفارش به پیک,تقسیمِ سفارش,Dispatching orders to riders,0,1,سفارش‌ها را بر پایه‌ی آماده‌شدنِ غذا، جای پیک‌ها و مسیر میانِ آن‌ها عادلانه تقسیم کردن، زمانِ رسیدن را برآورد و پیگیری کردن و در ساعتِ شلوغ نیروی بیشتر خواستن.,دیسپچ توزیع سفارش پیک کنترل ناوگان
spec_peak_demand_planning,peak-demand-planning,competency,spec_management_leadership,100,برنامه‌ریزی برای ساعت‌های اوج,برنامه‌ی ساعتِ شلوغ,Peak demand planning,0,1,از سفارش‌های روزها و ماه‌های قبل، شلوغیِ شبِ جمعه، ماهِ رمضان یا بازیِ فوتبال را پیش‌بینی کردن و نیرو و ظرف را از قبل آماده کردن.,شلوغی پیک سفارش رمضان آخر هفته
spec_waiter,waiter,role,spec_floor,10,میزبان,پذیرایی از مهمان,Waiter / server,1,1,میزبانِ سالن از مهمان‌ها پذیرایی می‌کند: سفارش می‌گیرد، غذا و نوشیدنی را سرو می‌کند، میز را مرتب نگه می‌دارد و تا رفتنِ مهمان حواسش به اوست.,گارسون گارسن پیشخدمت ویتر سرویس دهنده کارکن سالن میزبان سرو پذیرایی کارشناس پذیرایی
spec_waiter_trainee,waiter-trainee,role,spec_floor,20,کارآموزِ پذیرایی,کارآموزِ سالن,Trainee server,0,1,کنارِ یک کارشناسِ پذیرایی کار را می‌آموزد: چیدنِ میز، آوردنِ آب و نان، جمع‌کردنِ میز و کم‌کم گرفتنِ سفارش. برای کسی است که تجربه‌ی سالن ندارد.,کمک گارسون شاگرد گارسون کارآموز سالن بدون تجربه
spec_senior_waiter,senior-waiter,role,spec_floor,30,کارشناسِ ارشدِ پذیرایی,پذیراییِ باتجربه,Senior server,0,1,با تجربه‌ی چندساله، میزهای شلوغ‌تر یا مهمانانِ ویژه را می‌گیرد، سروِ رسمی را انجام می‌دهد و به کارآموزان کمک می‌کند.,گارسون باتجربه گارسون ارشد سرویس رسمی
spec_section_captain,section-captain,role,spec_floor,40,سرپرستِ بخشِ سالن,سرپرستِ بخش,Captain / chef de rang,0,1,مسئولِ چند میزِ یک بخشِ سالن است، سفارش‌ها و مهمانانِ آن بخش را اداره می‌کند و کارِ همکارانِ بخش را تقسیم می‌کند.,کاپیتان سرگارسون بخش شف دو رنگ
spec_head_waiter,head-waiter,role,spec_floor,50,سرپرستِ پذیرایی,سرپرستِ سالن,Head server,0,1,همه‌ی کارشناسانِ پذیراییِ یک شیفت را سرپرستی می‌کند، بخش‌ها را تقسیم می‌کند، به میزهای دشوار می‌رسد و با آشپزخانه هماهنگ است.,سرگارسون سر گارسون هدویتر سرپرست شیفت سالن
spec_floor_manager,floor-manager,role,spec_floor,60,مدیرِ سالن,مدیرِ سالن,Maître d' / restaurant floor manager,0,1,مسئولِ همه‌ی سالنِ پذیرایی است: رزروها، چیدمان، نیروها، کیفیتِ پذیرایی، شکایت‌ها و ایمنیِ مهمانان.,مترداتل متر دی مدیر رستوران مدیر سالن پذیرایی سرپرست کل سالن
spec_host,host,role,spec_floor,20,خوشامدگو,خوشامدگویی به مهمان,Host,1,1,مهمان را درِ ورودی خوشامد می‌گوید، رزرو را بررسی می‌کند، به میز راهنمایی می‌کند و صفِ انتظار را اداره می‌کند. «میزبان» برای هر جنسیتی درست است و نیازی به «هاستس» یا «خانمِ پذیرش» نیست.,هاست هاستس پذیرش رستوران خوشامدگو مهماندار ورودی خوشامد پذیرش
spec_reservations_agent,reservations-agent,role,spec_floor,80,کارشناسِ رزرو,رزرو,Reservations agent,0,1,رزروهای تلفنی و آنلاین را ثبت، تأیید و جابه‌جا می‌کند، خواسته‌های ویژه (تولد، صندلیِ کودک، ویلچر) را یادداشت می‌کند و ظرفیتِ سالن را پر نگه می‌دارد.,رزرواسیون رزرو میز تلفنچی رستوران
spec_guest_relations,guest-relations,role,spec_floor,90,کارشناسِ ارتباط با مهمان,ارتباط با مهمان,Guest relations officer,0,1,در هتل یا رستورانِ بزرگ به مهمانانِ ویژه و ثابت می‌رسد، نظرشان را می‌پرسد، مشکل‌ها را پیش از بزرگ شدن حل می‌کند و مناسبت‌های مهمانان را آماده می‌کند.,جی آر او روابط مهمان کانسیرژ رستوران
spec_food_runner,food-runner,role,spec_floor,100,مسئولِ رساندنِ غذا به میز,رساندنِ غذا,Food runner,0,1,غذای آماده را از آشپزخانه بی‌معطلی و درست به میزِ مهمان می‌رساند تا گرم و سالم برسد، و به کارشناسانِ پذیرایی کمک می‌کند.,ران رانر آورنده غذا حمل غذا
spec_busser,busser,role,spec_floor,50,مسئولِ جمع‌آوری و آماده‌سازیِ میز,جمع‌کردنِ میز,Busser / table clearer,1,1,میزهای خالی‌شده را جمع و تمیز می‌کند و دوباره می‌چیند، آب و نان می‌آورد و ظرف‌ها را به ظرف‌شوی‌خانه می‌رساند.,باسر کمک گارسون میزجمع کن پادو سالن
spec_buffet_attendant,buffet-attendant,role,spec_floor,120,مسئولِ میزِ بوفه,بوفه,Buffet attendant,0,1,میزِ بوفه‌ی صبحانه یا غذا را پر، تمیز و مرتب نگه می‌دارد، دمای غذا را می‌پاید و به مهمانان در انتخاب کمک می‌کند.,بوفه صبحانه هتل سلف سرویس
spec_room_service_attendant,room-service-attendant,role,spec_floor,130,کارشناسِ سرویسِ اتاق,سرویسِ اتاق,Room service attendant,0,1,سفارشِ غذای مهمانانِ هتل را تلفنی می‌گیرد یا با ترولی به اتاق می‌رساند و ظرف‌ها را بعد جمع می‌کند.,روم سرویس سرویس اتاق هتل
spec_minibar_attendant,minibar-attendant,role,spec_floor,140,مسئولِ مینی‌بارِ هتل,مینی‌بار,Minibar attendant,0,1,مینی‌بارِ اتاق‌های هتل را هر روز بررسی، شمارش و پر می‌کند و مصرف را به حسابِ مهمان ثبت می‌کند. در ایران مینی‌بار فقط نوشیدنی و خوراکیِ مجاز دارد.,مینی بار یخچال اتاق
spec_lounge_vip_attendant,lounge-vip-attendant,role,spec_floor,150,کارشناسِ پذیراییِ لانژ و مهمانانِ ویژه,پذیراییِ لانژ,Lounge and VIP service attendant,0,1,در لانژِ فرودگاه، هتل یا باشگاه از مهمانانِ ویژه با نوشیدنی، میان‌وعده و خدماتِ شخصی پذیرایی می‌کند.,لانژ سالن سی آی پی وی آی پی تشریفات
spec_teahouse_server,teahouse-server,role,spec_floor,160,کارشناسِ پذیراییِ چای‌خانه,چای‌خانه,Tea-house server,0,1,در چای‌خانه یا قهوه‌خانه‌ی سنتی چای، دمنوش و خوراکی‌های سنتی را به رسمِ ایرانی سرو می‌کند و به تخت‌ها و میزها می‌رسد.,قهوه چی چایخانه قهوه خانه چای ریز
spec_sofrekhaneh_server,sofrekhaneh-server,role,spec_floor,170,کارشناسِ پذیراییِ سفره‌خانه‌ی سنتی,سفره‌خانه,Traditional sofreh-khaneh server,0,1,در سفره‌خانه‌ی سنتی سفره پهن می‌کند و دیزی، کباب، چای و خوراکیِ سنتی را روی تخت و سفره سرو می‌کند.,سفره خانه دیزی سرا سفره سنتی تخت
spec_front_of_house_steward,front-of-house-steward,role,spec_floor,180,مسئولِ نظافت و آماده‌سازیِ سالن,نظافتِ سالن,Dining-area cleaner / front-of-house steward,0,1,سالن، ورودی و سرویسِ بهداشتیِ مهمانان را پیش، حین و پس از کار تمیز و آماده نگه می‌دارد و ظرف و لیوان و رومیزی را براق و آماده می‌کند.,نظافتچی سالن استیوارد خدمه سالن تی کش
spec_cashier,cashier,role,spec_floor,30,صندوق‌دار,صندوق,Cashier,1,1,پولِ نقد و کارت را می‌گیرد، فاکتور می‌دهد، باقیِ پول را درست برمی‌گرداند و در پایانِ شیفت صندوق را می‌بندد و تحویل می‌دهد.,صندوقدار صندوق کاشیر حسابدار سالن
spec_majles_server,majles-server,role,spec_events_catering,10,کارشناسِ پذیراییِ مجالس,پذیراییِ مجالس,Private-function server (مجالس),1,1,در عروسی، مهمانیِ خانگی، ختم، روضه یا افطاری چای، شیرینی، میوه و غذا را پذیرایی می‌کند؛ اغلب پروژه‌ای و چندساعته.,گارسون مجلسی پذیرایی مجالس مهماندار مجلس خدمه مجلس گارسون عروسی
spec_banquet_server,banquet-server,role,spec_events_catering,20,کارشناسِ پذیراییِ تالار و ضیافت,پذیراییِ تالار,Banquet server,1,1,در تالار، هتل یا همایش همراهِ گروه برای صدها مهمان هم‌زمان غذا سرو می‌کند، میزها را آماده و پس از مراسم جمع می‌کند.,گارسون تالار تالار پذیرایی بنکوئت همایش
spec_majles_service_supervisor,majles-service-supervisor,role,spec_events_catering,30,سرپرستِ گروهِ پذیراییِ مجالس,سرگروهِ پذیرایی,Private-function service team leader,0,1,گروهِ پذیراییِ یک مجلس را جمع، هماهنگ و سرپرستی می‌کند، کار را پیش از مراسم تقسیم می‌کند و با صاحبِ مجلس در تماس است.,سرگروه گارسون پیمانکار پذیرایی سرپرست مجالس
spec_banquet_captain,banquet-captain,role,spec_events_catering,40,سرپرستِ پذیراییِ ضیافت,سرپرستِ تالار,Banquet captain,0,1,در ضیافت و همایش، گروهِ سرو را با نقشه‌ی سالن و برنامه‌ی زمانی هدایت می‌کند تا غذای همه‌ی میزها هم‌زمان و درست برسد.,کاپیتان تالار سرگارسون تالار
spec_banquet_manager,banquet-manager,role,spec_events_catering,50,مدیرِ ضیافت و مراسم,مدیرِ مراسم,Banquet and events manager,0,1,بخشِ مراسمِ هتل یا تالار را اداره می‌کند: فروش، قرارداد، برنامه‌ریزی، نیرو، هزینه و کیفیتِ هر رویداد.,مدیر تالار مدیر بنکوئت مدیر تشریفات
spec_event_coordinator,event-coordinator,role,spec_events_catering,60,هماهنگ‌کننده‌ی مراسم,هماهنگیِ مراسم,Event coordinator,0,1,مراسم را از گفت‌وگو با مشتری تا روزِ اجرا پیش می‌برد: منو، جا، چیدمان، نیرو، تأمین‌کنندگان و برنامه‌ی زمانی.,تشریفات برگزارکننده مراسم ایونت ویدینگ پلنر
spec_event_staff,event-staff,role,spec_events_catering,30,کادرِ اجراییِ مراسم,کارِ مراسم,Event staff,1,1,در همایش، نمایشگاه یا جشن در پذیرش، راهنماییِ مهمانان، توزیعِ پذیرایی و چیدن و جمع‌کردن کمک می‌کند؛ مناسبِ کارِ پاره‌وقت و پروژه‌ای.,نیروی مراسم راهنما مراسم انتظامات مراسم کار پروژه ای
spec_event_setup_crew,event-setup-crew,role,spec_events_catering,80,کارشناسِ برپایی و چیدمانِ مراسم,چیدنِ مراسم,Event setup crew,0,1,میز، صندلی، رومیزی، چادر، ظرف و ایستگاه‌ها را پیش از مراسم می‌آورد و طبقِ نقشه می‌چیند و بعد جمع و بار می‌زند.,چیدمان میز و صندلی کرایه ظروف چادر
spec_table_decor_specialist,table-decor-specialist,role,spec_events_catering,90,کارشناسِ میزآرایی و تزئینِ مراسم,میزآرایی,Event table decor specialist,0,1,میز و سفره‌ی مراسم، از سفره‌ی عقد تا میزِ همایش، را با گل، ظرف، پارچه و نور طراحی و اجرا می‌کند.,دیزاین میز سفره عقد گل آرایی دکوراتور
spec_beverage_station_attendant,beverage-station-attendant,role,spec_events_catering,100,مسئولِ ایستگاهِ چای و نوشیدنیِ مراسم,چای‌ریزِ مجلس,Event tea and beverage station attendant,0,1,در مراسم سماور یا دستگاهِ چای و قهوه را راه می‌اندازد، استکان‌ها را آماده می‌کند و جریانِ چای و نوشیدنی را قطع نمی‌کند.,چای ریز سماوردار آبدارچی مجلس قهوه چی مجلس
spec_event_food_stand_attendant,event-food-stand-attendant,role,spec_events_catering,110,کارشناسِ غرفه‌ی غذا در نمایشگاه و رویداد,غرفه‌ی غذا,Event food stand attendant,0,1,در غرفه‌ی غذا یا نوشیدنیِ نمایشگاه، جشنواره یا ورزشگاه سفارش می‌گیرد، سرو می‌کند و پول دریافت می‌کند.,غرفه نمایشگاه جشنواره غذا ورزشگاه
spec_outdoor_catering_crew,outdoor-catering-crew,role,spec_events_catering,40,کادرِ کترینگِ بیرونی,کترینگِ بیرون,Outdoor catering crew,1,1,غذا و وسایل را به باغ، کارگاه یا محلِ مراسم می‌برد، ایستگاهِ گرم و سرد و بوفه را برپا می‌کند، سرو می‌کند و محل را تمیز تحویل می‌دهد.,کترینگ کترینگ باغ غذای کارگاه دیگ و ظرف
spec_catering_driver,catering-driver,role,spec_events_catering,130,راننده‌ی کترینگ,راننده‌ی کترینگ,Catering driver,0,1,غذای آماده را با خودرو یا وانت به مراسم، اداره یا کارخانه می‌رساند، دما را در راه حفظ می‌کند و ظرف‌های برگشتی را می‌آورد.,راننده کترینگ وانت غذا حمل غذا
spec_catering_sales,catering-sales,role,spec_events_catering,140,کارشناسِ فروشِ کترینگ و مراسم,فروشِ کترینگ,Catering sales executive,0,1,با خانواده‌ها، شرکت‌ها و سازمان‌ها درباره‌ی مراسم و غذای سازمانی گفت‌وگو می‌کند، پیش‌فاکتور می‌دهد و قرارداد را پیش می‌برد.,فروش کترینگ بازاریاب مراسم کارشناس فروش تالار
spec_delivery_rider_motorcycle,delivery-rider-motorcycle,role,spec_delivery,10,کارشناسِ ارسال با موتورسیکلت,پیکِ موتوری,Motorcycle delivery rider,1,1,سفارش را از مجموعه برمی‌دارد و با موتورسیکلت سالم، گرم و به‌موقع به مشتری می‌رساند.,پیک پیک موتوری موتوری دلیوری سفیر
spec_delivery_rider_bicycle,delivery-rider-bicycle,role,spec_delivery,20,کارشناسِ ارسال با دوچرخه,پیکِ دوچرخه,Bicycle delivery rider,0,1,سفارش‌های نزدیک را با دوچرخه یا دوچرخه‌ی برقی می‌رساند؛ بی‌نیاز از گواهی‌نامه و مناسبِ محله‌های پرترافیک.,پیک دوچرخه دوچرخه برقی دوچرخه
spec_delivery_driver_car,delivery-driver-car,role,spec_delivery,30,کارشناسِ ارسال با خودرو,پیکِ ماشینی,Car delivery driver,0,1,سفارش‌های بزرگ‌تر یا دورتر، مثلِ غذای اداره یا مهمانی، را با خودرو می‌رساند.,پیک ماشین راننده پیک ارسال با خودرو
spec_delivery_on_foot,delivery-on-foot,role,spec_delivery,40,کارشناسِ تحویلِ پیاده,تحویلِ پیاده,On-foot delivery courier,0,1,در مجتمع، بازار، دانشگاه یا مرکزِ خرید سفارش را پیاده به دفتر، غرفه یا واحد می‌رساند.,پیک پیاده تحویل در مجتمع
spec_delivery_packer,delivery-packer,role,spec_delivery,50,مسئولِ بسته‌بندیِ سفارش,بسته‌بندیِ سفارش,Delivery packing station attendant,1,1,سفارش‌های بیرون‌بر را کامل، مرتب و پلمب‌شده بسته‌بندی می‌کند، با فیش مقایسه می‌کند و به پیکِ درست می‌سپارد.,بسته بندی پک بیرون بر تحویل به پیک
spec_takeaway_handoff_attendant,takeaway-handoff-attendant,role,spec_delivery,60,مسئولِ تحویلِ سفارشِ بیرون‌بر,تحویلِ بیرون‌بر,Takeaway and courier handoff attendant,0,1,سفارش‌های آماده را به مشتریِ حضوری یا پیک تحویل می‌دهد، کد یا نامِ سفارش را بررسی می‌کند و صفِ تحویل را منظم نگه می‌دارد.,تحویل سفارش پیکاپ بیرون بر
spec_delivery_dispatcher,delivery-dispatcher,role,spec_delivery,70,کارشناسِ اعزامِ پیک,هماهنگیِ پیک‌ها,Delivery dispatcher,1,1,سفارش‌ها را میانِ پیک‌ها تقسیم می‌کند، مسیر و زمانِ رسیدن را پیگیری می‌کند و تأخیر یا مشکل را با مجموعه و مشتری هماهنگ می‌کند.,دیسپچر کنترل پیک مسئول پیک ها
spec_online_orders_coordinator,online-orders-coordinator,role,spec_delivery,80,کارشناسِ سفارش‌های آنلاین,سفارشِ آنلاین,Online orders coordinator,1,1,سفارش‌های رسیده از پلتفرم‌ها و سایت را می‌پذیرد، به آشپزخانه می‌رساند، منو و موجودی را به‌روز نگه می‌دارد و با پیک و مشتری هماهنگ است.,اسنپ فود پنل سفارش اپراتور آنلاین سفارش اینترنتی
spec_platform_customer_support,platform-customer-support,role,spec_delivery,90,کارشناسِ پشتیبانیِ مشتریانِ پلتفرمِ غذا,پشتیبانیِ مشتری,Food platform customer support agent,0,1,با تلفن و چت به مشتریان، مجموعه‌ها و پیک‌هایی که با سفارش مشکل دارند پاسخ می‌دهد و مشکل را طبقِ قاعده حل می‌کند.,پشتیبانی کال سنتر مرکز تماس اپراتور
spec_delivery_fleet_supervisor,delivery-fleet-supervisor,role,spec_delivery,100,سرپرستِ ناوگانِ پیک,سرپرستِ پیک‌ها,Delivery fleet supervisor,0,1,گروهِ پیک‌ها را جذب، آموزش و سرپرستی می‌کند، شیفت‌ها را می‌چیند، ایمنی و تجهیزات را بررسی می‌کند و کیفیتِ ارسال را می‌پاید.,مدیر پیک ها سرپرست موتوری ها مسئول ناوگان
spec_operations_planning,operations-planning,competency,spec_management_leadership,100,برنامه‌ریزیِ عملیاتِ روزانه,برنامهٔ کارِ روز,Operations planning,0,1,چیدنِ کارهای روز و هفته، از بازکردن تا بستن، طوری که نیرو، مواد و جا به موقع آماده باشد.,برنامه ریزی مدیریت عملیات چک لیست باز و بسته کردن
spec_kpi_reporting,kpi-reporting,competency,spec_management_leadership,100,گزارش‌گیری با شاخص‌های عملکرد,گزارشِ عددی,KPI reporting,0,1,دنبال‌کردنِ چند عددِ اصلی مثل فروش، هزینهٔ غذا و هزینهٔ نیرو و نوشتنِ گزارشِ کوتاه از آن‌ها.,کی پی آی شاخص عملکرد گزارش مدیریتی
spec_recruitment_interviewing,recruitment-interviewing,competency,spec_management_leadership,100,جذب و مصاحبهٔ همکار,استخدام,Recruitment and interviewing,0,1,نوشتنِ آگهیِ روشن، گفت‌وگو با کارجو و انتخابِ منصفانه بر پایهٔ مهارت، نه آشنایی.,استخدام مصاحبه کاری جذب نیرو
spec_performance_review,performance-review,competency,spec_management_leadership,100,ارزیابیِ عملکردِ همکاران,بازخورد به همکار,Performance review,0,1,دیدنِ کارِ هر همکار در یک بازهٔ مشخص، گفتنِ نقاطِ قوت و جای پیشرفت، و ثبتِ آن به شکلِ منصفانه.,ارزیابی کارکنان بازخورد ارزشیابی
spec_multi_site_coordination,multi-site-coordination,competency,spec_management_leadership,100,هماهنگیِ چند شعبه,مدیریتِ چند شعبه,Multi-site coordination,0,1,یکسان نگه‌داشتنِ کیفیت، قیمت و روشِ کار در چند شعبه و پیگیریِ مدیرانِ هر شعبه.,زنجیره ای شعبه ها مدیر منطقه
spec_franchise_standards,franchise-standards,competency,spec_management_leadership,100,استانداردهای برند و فرانچایز,قواعدِ برند,Franchise and brand standards,0,1,آموزش و بازرسیِ نمایندگی‌ها تا دستور، ظاهر و خدمتِ برند همه‌جا یکی باشد و قراردادِ واگذاری رعایت شود.,فرانچایز نمایندگی برند
spec_business_planning,business-planning,competency,spec_management_leadership,100,نوشتنِ طرحِ کسب‌وکار,طرحِ کسب‌وکار,Business planning,0,1,برآوردِ هزینهٔ راه‌اندازی، فروشِ ممکن و زمانِ برگشتِ سرمایه پیش از بازکردن یا گسترشِ کسب‌وکار.,بیزینس پلن طرح توجیهی امکان سنجی
spec_data_analysis_basics,data-analysis-basics,competency,spec_management_leadership,100,تحلیلِ سادهٔ داده,کار با عددها,Basic data analysis,0,1,مرتب‌کردن و مقایسهٔ داده‌های فروش، مشتری یا هزینه برای دیدنِ روند و پیدا کردنِ مشکل.,تحلیل داده آمار فروش اکسل
spec_virtual_brand_management,virtual-brand-management,competency,spec_management_leadership,100,مدیریتِ برندهای مجازی,برندِ آنلاین,Virtual brand management,0,1,راه‌اندازی و گرداندنِ چند برندِ غذایی که فقط آنلاین فروخته می‌شوند، از یک آشپزخانهٔ مشترک.,آشپزخانه ابری کلود کیچن برند مجازی دارک کیچن
spec_p_and_l_reading,p-and-l-reading,competency,spec_finance_cost,100,خواندنِ صورتِ سود و زیان,سود و زیان,Reading a P&L statement,0,1,فهمیدنِ این‌که درآمد کجا خرجِ مواد، نیرو، اجاره و بقیهٔ هزینه‌ها شده و آخرِ ماه چه مانده است.,صورت سود و زیان ترازنامه سود خالص
spec_budgeting,budgeting,competency,spec_finance_cost,100,بودجه‌ریزی,بودجه,Budgeting,0,1,پیش‌بینیِ درآمد و هزینهٔ ماه یا سال و مقایسهٔ آن با آن‌چه واقعاً شد.,بودجه برآورد هزینه
spec_bookkeeping_basics,bookkeeping-basics,competency,spec_finance_cost,100,دفترداری و ثبتِ اسنادِ مالی,دفترداری,Bookkeeping basics,0,1,ثبتِ درست و روزانهٔ دریافت‌ها، پرداخت‌ها و فاکتورها به‌طوری که هر رقم سند داشته باشد.,حسابداری سند دفتر روزنامه
spec_payroll_calculation,payroll-calculation,competency,spec_finance_cost,100,محاسبهٔ حقوق و دستمزد,حقوق و دستمزد,Payroll calculation,0,1,محاسبهٔ مزدِ ساعتی و ماهانه، اضافه‌کار، شب‌کاری، حقِ بیمه و مالیات از روی ساعتِ کار.,فیش حقوقی لیست بیمه اضافه کار
spec_tax_and_vat,tax-and-vat,competency,spec_finance_cost,100,مالیات و ارزشِ افزوده,مالیات,Tax and VAT basics,0,1,شناختِ مالیات بر ارزشِ افزوده، سامانهٔ مؤدیان و صورت‌حسابِ الکترونیکی و تحویلِ به‌موقعِ اظهارنامه.,مالیات بر ارزش افزوده سامانه مودیان اظهارنامه کارتخوان
spec_revenue_management_pricing,revenue-management-pricing,competency,spec_finance_cost,100,قیمت‌گذاری و مدیریتِ درآمد,قیمت‌گذاری,Revenue management and pricing,0,1,تعیینِ قیمتِ منو، بسته‌ها و تخفیف‌ها بر پایهٔ هزینه، رقیبان و رفتارِ مشتری در ساعت‌ها و روزهای مختلف.,قیمت گذاری تخفیف درآمد
spec_sales_forecasting,sales-forecasting,competency,spec_finance_cost,100,پیش‌بینیِ فروش,پیش‌بینیِ فروش,Sales forecasting,0,1,برآوردِ فروشِ روزها و فصل‌های آینده از روی فروشِ گذشته، تعطیلات و مناسبت‌ها برای خرید و نیرو.,پیش بینی تقاضا مناسبت ها
spec_cash_reconciliation,cash-reconciliation,competency,spec_finance_cost,100,تطبیقِ صندوق و حساب‌ها,بستنِ صندوق,Cash and account reconciliation,0,1,مقایسهٔ پول و تراکنش‌های کارتخوان با گزارشِ فروش و بانک و پیدا کردنِ علتِ اختلاف.,کسری صندوق مغایرت بانکی بستن حساب
spec_accounting_software,accounting-software,competency,spec_finance_cost,100,کار با نرم‌افزارِ حسابداری,نرم‌افزارِ حسابداری,Accounting software,0,1,ثبتِ اسناد، انبار و حقوق در نرم‌افزارهای حسابداری و گرفتنِ گزارش از آن‌ها.,سپیدار هلو محک راهکاران اودو
spec_yield_testing,yield-testing,competency,spec_finance_cost,100,آزمونِ بازده مواد,بازدهِ مواد,Yield testing,0,1,وزن‌کردنِ ماده پیش و پس از تمیزکردن و پختن تا هزینهٔ واقعیِ هر گرمِ قابلِ مصرف معلوم شود.,ضایعات گوشت بازده درصد افت
spec_iran_labour_law,iran-labour-law,competency,spec_legal_compliance,100,آشنایی با قانونِ کار,قانونِ کار,Iranian labour law basics,0,1,شناختِ حقوقِ همکاران و وظایفِ کارفرما در قانونِ کارِ ایران: قرارداد، ساعتِ کار، مرخصی، اضافه‌کار و پایانِ کار.,قانون کار قرارداد کار اداره کار سنوات
spec_social_security_insurance,social-security-insurance,competency,spec_legal_compliance,100,بیمهٔ تأمینِ اجتماعی,بیمهٔ همکاران,Social security insurance,0,1,ثبت و فرستادنِ لیستِ بیمهٔ ماهانه و آشنایی با حقِ بیمه، بیمهٔ بیکاری و حادثه.,تامین اجتماعی لیست بیمه سابقه بیمه
spec_health_card_and_permits,health-card-and-permits,competency,spec_legal_compliance,100,کارتِ بهداشت و مجوزهای بهداشتی,کارتِ بهداشت,Health card and health permits,0,1,گرفتن و تمدیدِ کارتِ بهداشتِ همکاران و آماده‌بودن برای بازدیدِ بازرسِ بهداشتِ محیط.,کارت بهداشت بازرس بهداشت مرکز بهداشت گواهی سلامت
spec_business_licensing,business-licensing,competency,spec_legal_compliance,100,پروانهٔ کسب و مقرراتِ صنفی,پروانهٔ کسب,Business licensing,0,1,گرفتن و تمدیدِ پروانهٔ کسب از اتحادیه و رعایتِ قانونِ نظامِ صنفی.,جواز کسب اتحادیه نظام صنفی پروانه کسب
spec_food_regulatory_standards,food-regulatory-standards,competency,spec_legal_compliance,100,مقرراتِ سازمانِ غذا و دارو و استانداردِ ملی,مجوزِ غذا و دارو,Food regulatory standards,0,1,شناختِ پروانهٔ ساخت، شمارهٔ ثبت، استانداردهای ملیِ اجباری و قواعدِ برچسب‌گذاری.,پروانه ساخت سیب سلامت سازمان غذا و دارو استاندارد ملی ایران کد
spec_consumer_price_rules,consumer-price-rules,competency,spec_legal_compliance,100,حقوقِ مصرف‌کننده و نرخ‌نامه,قیمت‌ها و قانون,Consumer protection and price rules,0,1,نصبِ درستِ قیمت، صدورِ فاکتور و رعایتِ قواعدِ تعزیرات و حمایت از مصرف‌کننده.,نرخ نامه تعزیرات حمایت از مصرف کننده گران فروشی
spec_halal_requirements,halal-requirements,competency,spec_legal_compliance,100,الزاماتِ حلال,حلال,Halal requirements,0,1,شناختِ شرطِ حلال‌بودن در ذبح، مواد اولیه و فرایند و گواهیِ حلال برای صادرات.,حلال ذبح شرعی گواهی حلال
spec_supply_contracts,supply-contracts,competency,spec_legal_compliance,100,بستن و پیگیریِ قراردادِ تأمین,قراردادِ خرید,Supply contracts,0,1,نوشتن و پیگیریِ قرارداد با تأمین‌کننده: قیمت، کیفیت، زمانِ تحویل و جریمهٔ تأخیر.,قرارداد تامین کننده پیمان
spec_haccp_plan_development,haccp-plan-development,competency,spec_food_safety,100,نوشتنِ برنامهٔ HACCP,برنامهٔ ایمنیِ غذا,HACCP plan development,0,1,شناختنِ خطرهای هر مرحله، تعیینِ نقطه‌های کنترلِ بحرانی، حدها، پایش و اقدامِ اصلاحی و ثبتِ آن‌ها.,هسپ HACCP نقاط کنترل بحرانی CCP
spec_food_safety_auditing,food-safety-auditing,competency,spec_food_safety,100,ممیزیِ ایمنی و بهداشتِ غذا,بازرسیِ بهداشت,Food safety auditing,0,1,بازدیدِ برنامه‌ریزی‌شده با چک‌لیست، دیدنِ سوابق، نوشتنِ عدم‌انطباق‌ها و پیگیریِ اصلاحِ آن‌ها.,ممیزی آدیت چک لیست بهداشت بازرسی
spec_environmental_swab_sampling,environmental-swab-sampling,competency,spec_food_safety,100,نمونه‌برداری از سطح‌ها و دست‌ها,نمونه‌برداری,Environmental swab sampling,0,1,گرفتنِ نمونه از سطح، تجهیزات و دست با سوآب یا دستگاهِ ATP تا تمیزیِ واقعی سنجیده شود.,سوآب ATP آزمایش میکروبی نمونه برداری
spec_traceability_and_recall,traceability-and-recall,competency,spec_food_safety,100,ردیابی و جمع‌آوریِ محصول,ردیابیِ محصول,Traceability and recall,0,1,ثبتِ سری‌ساخت و تأمین‌کننده طوری که اگر محصولی ناسالم بود، بشود سریع پیدا و جمعش کرد.,بچ سری ساخت فراخوان ریکال
spec_iso_22000_basics,iso-22000-basics,competency,spec_food_safety,100,آشنایی با ISO 22000,ایزو ۲۲۰۰۰,ISO 22000 basics,0,1,شناختِ الزاماتِ استانداردِ نظامِ مدیریتِ ایمنیِ غذا و مستندسازی برای گرفتنِ گواهی.,ایزو ISO 22000 FSSC گواهینامه
spec_food_fraud_detection,food-fraud-detection,competency,spec_food_safety,100,شناختِ تقلب در مواد غذایی,تشخیصِ تقلب,Food fraud detection,0,1,شناختِ نشانه‌های تقلب مثل رنگِ افزوده به زعفران یا روغنِ مخلوط و فرستادنِ نمونهٔ مشکوک به آزمایشگاه.,تقلب زعفران تقلبی اصالت
spec_gmp,gmp,competency,spec_food_safety,100,اصولِ خوب ساخت (GMP),اصولِ تولیدِ سالم,Good manufacturing practice,0,1,رعایتِ پایه‌های بهداشتِ تولید: طراحیِ جا، جداکردنِ مسیرها، لباسِ کار، نگهداری و نظافتِ تجهیزات.,GMP جی ام پی پیش نیازها PRP
spec_nutrition_analysis,nutrition-analysis,competency,spec_nutrition_quality,100,محاسبهٔ ارزشِ غذایی,کالری و مواد مغذی,Nutrition analysis,0,1,محاسبهٔ انرژی، چربی، قند، نمک و پروتئینِ هر سهم از روی دستور و جدولِ ترکیباتِ غذایی.,کالری ارزش غذایی جدول تغذیه
spec_diet_planning,diet-planning,competency,spec_nutrition_quality,100,برنامه‌ریزیِ غذاییِ متعادل,برنامهٔ غذایی,Diet planning,0,1,چیدنِ منوی روزانه یا دوره‌ای که نیازِ گروه‌هایی مثل کودکان، بیماران یا ورزشکاران را پوشش دهد.,منوی بیمارستان رژیم غذایی برنامه غذایی
spec_special_diets,special-diets,competency,spec_nutrition_quality,100,رژیم‌های ویژه,غذای رژیمی,Special diets,0,1,شناختِ نیازِ رژیم‌های بدونِ گلوتن، دیابتی، کم‌نمک، گیاهی و مانند آن و درست‌کردنِ جایگزینِ مطمئن.,بدون گلوتن دیابتی وگان گیاهخواری کم نمک سلیاک
spec_quality_inspection_sampling,quality-inspection-sampling,competency,spec_nutrition_quality,100,بازرسیِ کیفیت و نمونه‌گیری,کنترلِ کیفیت,Quality inspection and sampling,0,1,برداشتنِ نمونه با برنامهٔ مشخص، سنجیدنِ آن با مشخصات و تصمیمِ پذیرش یا رد.,کنترل کیفیت QC نمونه گیری مرجوعی
spec_lab_testing_basics,lab-testing-basics,competency,spec_nutrition_quality,100,آزمون‌های پایهٔ آزمایشگاهِ غذا,آزمایشگاه,Basic food lab testing,0,1,انجامِ آزمون‌های ساده مثل pH، رطوبت، بریکس، نمک و کشتِ میکروبی و ثبتِ نتیجه.,آزمایشگاه pH بریکس رطوبت سنج
spec_specification_writing,specification-writing,competency,spec_nutrition_quality,100,نوشتنِ مشخصاتِ محصول و مواد,مشخصاتِ کالا,Specification writing,0,1,نوشتنِ دقیقِ ویژگی‌هایی که یک ماده یا محصول باید داشته باشد تا خرید و کنترلِ کیفیت بر آن تکیه کنند.,اسپک مشخصات فنی شناسنامه محصول
spec_shelf_life_testing,shelf-life-testing,competency,spec_nutrition_quality,100,آزمونِ ماندگاری,ماندگاری,Shelf-life testing,0,1,نگهداریِ نمونه‌ها در شرایطِ معین و سنجیدنِ طعم، ظاهر و میکروب در زمان‌های مختلف تا تاریخِ مصرف تعیین شود.,تاریخ انقضا ماندگاری شلف لایف
spec_statistical_process_control,statistical-process-control,competency,spec_nutrition_quality,100,کنترلِ آماریِ فرایند,نمودارِ کنترل,Statistical process control,0,1,ثبتِ منظمِ وزن، دما یا اندازه روی نمودارِ کنترل تا انحرافِ فرایند پیش از خراب‌شدنِ محصول دیده شود.,SPC نمودار کنترل انحراف وزن
spec_risk_assessment,risk-assessment,competency,spec_workplace_safety,100,ارزیابیِ ریسکِ کار,شناختِ خطرها,Risk assessment,0,1,دیدنِ خطرهای هر کار، سنجیدنِ احتمال و شدتِ آسیب و گذاشتنِ کنترلِ مناسب پیش از حادثه.,HSE ریسک خطر ایمنی کار
spec_incident_investigation,incident-investigation,competency,spec_workplace_safety,100,بررسیِ حادثه,بررسیِ حادثه,Incident investigation,0,1,ثبتِ حادثه یا شبه‌حادثه، پیدا کردنِ علتِ ریشه‌ای و گذاشتنِ اقدامی که تکرارش را بگیرد.,گزارش حادثه علت یابی شبه حادثه
spec_ppe_use,ppe-use,competency,spec_workplace_safety,100,استفاده از وسایلِ حفاظتِ فردی,وسایلِ ایمنی,Personal protective equipment,0,1,انتخاب و پوشیدنِ درستِ دستکش، عینک، ماسک، کفشِ ایمنی و لباسِ کار برای هر کار.,دستکش ماسک کفش ایمنی PPE
spec_gas_safety,gas-safety,competency,spec_workplace_safety,100,ایمنیِ گاز,ایمنیِ گاز,Gas safety,0,1,شناختنِ نشتِ گاز، خطرِ مونوکسیدِ کربن و کارِ درست هنگامِ بوی گاز، و بازدیدِ شیرها و شیلنگ‌ها.,نشت گاز گازگرفتگی مونوکسید کربن شیر گاز
spec_electrical_safety,electrical-safety,competency,spec_workplace_safety,100,ایمنیِ برق,ایمنیِ برق,Electrical safety,0,1,کار با برق فقط با قطعِ جریان، شناختِ ارت و کلیدِ محافظِ جان و دور نگه‌داشتنِ آب از برق.,برق گرفتگی ارت محافظ جان فیوز
spec_chemical_handling_safety,chemical-handling-safety,competency,spec_workplace_safety,100,کارِ ایمن با مواد شیمیایی,مواد شوینده ایمن,Chemical handling safety,0,1,خواندنِ برگهٔ ایمنیِ مواد، مخلوط‌نکردنِ شوینده‌ها و نگهداریِ درستِ مواد خطرناک.,وایتکس جوهر نمک MSDS مواد شوینده
spec_working_at_height,working-at-height,competency,spec_workplace_safety,100,کار در ارتفاع,کار روی نردبان,Working at height,0,1,استفادهٔ درست از نردبان و داربست و کمربندِ ایمنی هنگامِ کار روی هود، سقف یا کانال.,نردبان داربست سقوط
spec_lockout_tagout,lockout-tagout,competency,spec_workplace_safety,100,قفل و برچسبِ ایمنی هنگامِ تعمیر,قطعِ ایمنِ دستگاه,Lockout-tagout,0,1,قطع و قفل‌کردنِ برق، گاز یا فشارِ دستگاه و گذاشتنِ برچسب تا هنگامِ تعمیر کسی آن را روشن نکند.,LOTO قفل و برچسب
spec_security_procedures,security-procedures,competency,spec_workplace_safety,100,روش‌های حفاظت و نگهبانی,نگهبانی,Security procedures,0,1,گشت‌زنی، کنترلِ رفت‌وآمد، رفتارِ آرام در درگیری و گزارشِ درستِ رویدادها.,حراست نگهبانی انتظامات
spec_cctv_access_control,cctv-access-control,competency,spec_workplace_safety,100,دوربینِ مداربسته و کنترلِ ورود,دوربین و درِ ورود,CCTV and access control,0,1,پاییدنِ دوربین‌ها، نگهداریِ فیلم‌ها و کار با کارت یا قفلِ الکترونیکی با رعایتِ حریمِ افراد.,دوربین مداربسته دزدگیر کارت تردد
spec_espresso_machine_repair,espresso-machine-repair,competency,spec_equipment_maintenance,100,تعمیرِ دستگاهِ اسپرسو و آسیاب,تعمیرِ دستگاهِ قهوه,Espresso machine and grinder repair,0,1,عیب‌یابی و تعمیرِ پمپ، دیگ، المنت، شیرِ برقی، واشر و تیغهٔ آسیاب و تنظیمِ فشار و دما.,تعمیر اسپرسو ساز سرویس دستگاه قهوه رسوب گیری تعویض واشر گروپ
spec_kitchen_equipment_diagnostics,kitchen-equipment-diagnostics,competency,spec_equipment_maintenance,100,عیب‌یابیِ تجهیزاتِ آشپزخانهٔ صنعتی,تعمیرِ وسایلِ آشپزخانه,Commercial kitchen equipment diagnostics,0,1,پیدا کردنِ علتِ خرابیِ فر، سرخ‌کن، کباب‌پز، ماشینِ ظرف‌شویی و همزن و تعمیر یا تعویضِ قطعه.,تعمیر فر تعمیر سرخ کن کامبی استیمر تجهیزات آشپزخانه صنعتی
spec_refrigeration_cycle,refrigeration-cycle,competency,spec_equipment_maintenance,100,چرخهٔ تبرید و تعمیرِ یخچال,تعمیرِ یخچال,Refrigeration cycle and repair,0,1,فهمِ کارِ کمپرسور، کندانسور، شیرِ انبساط و اواپراتور و عیب‌یابیِ یخچال، فریزر و سردخانه.,یخچال صنعتی سردخانه کمپرسور شارژ گاز تاپینگ
spec_refrigerant_handling,refrigerant-handling,competency,spec_equipment_maintenance,100,کار با گازهای مبرد,گازِ یخچال,Refrigerant handling,0,1,بازیافت و شارژِ درستِ گازِ مبرد بدونِ رهاکردن در هوا، و شناختِ گازهای قابلِ اشتعال مثل R290.,R134a R404A R290 گاز فریون
spec_gas_appliance_installation,gas-appliance-installation,competency,spec_equipment_maintenance,100,نصب و تعمیرِ وسایلِ گازسوز,لوله‌کشیِ گاز,Gas appliance installation and repair,0,1,لوله‌کشی و اتصالِ وسایلِ گازسوز، تنظیمِ مشعل و آزمایشِ نشت طبقِ مقرراتِ ملیِ ساختمان.,گازکش مشعل اجاق صنعتی نشت یابی مبحث ۱۷
spec_electrical_installation_repair,electrical-installation-repair,competency,spec_equipment_maintenance,100,سیم‌کشی و تعمیرِ برق,برق‌کاری,Electrical installation and repair,0,1,سیم‌کشی، تابلو برق، پریز و روشنایی و پیدا کردنِ خرابیِ مدار با ابزارِ اندازه‌گیری.,برقکار تابلو برق سه فاز مولتی متر
spec_plumbing_repair,plumbing-repair,competency,spec_equipment_maintenance,100,لوله‌کشی و تعمیرِ تأسیساتِ آب,لوله‌کشی,Plumbing repair,0,1,تعمیرِ لوله، شیر، سینک، چربی‌گیر و فاضلاب و رفعِ نشتی.,لوله کش چربی گیر فاضلاب نشتی
spec_water_filtration_softening,water-filtration-softening,competency,spec_equipment_maintenance,100,تصفیه و سختی‌گیریِ آب,فیلترِ آب,Water filtration and softening,0,1,نصب و تعویضِ فیلتر، سختی‌گیر و دستگاهِ تصفیه تا دستگاهِ قهوه رسوب نگیرد و آبِ سالم برسد.,سختی گیر فیلتر آب RO رسوب
spec_ventilation_systems,ventilation-systems,competency,spec_equipment_maintenance,100,تهویه و هواسازی,تهویه و کولر,Ventilation and HVAC systems,0,1,نگهداری و تنظیمِ هود، فن، کولر و هواساز تا هوای آشپزخانه و سالن سالم و خنک بماند.,هود فن کولر گازی اسپلیت چیلر
spec_preventive_maintenance_planning,preventive-maintenance-planning,competency,spec_equipment_maintenance,100,برنامهٔ نگهداریِ پیشگیرانه,سرویسِ دوره‌ای,Preventive maintenance planning,0,1,فهرستِ دستگاه‌ها و زمانِ سرویسِ هر کدام، تا خرابی پیش از رسیدن به ساعتِ شلوغ گرفته شود.,PM نت سرویس دوره ای نگهداری و تعمیرات
spec_reading_technical_manuals,reading-technical-manuals,competency,spec_equipment_maintenance,100,خواندنِ دفترچه و نقشهٔ فنی,خواندنِ دفترچهٔ دستگاه,Reading technical manuals,0,1,فهمِ دفترچهٔ سازنده، نقشهٔ برق و قطعه و کدِ خطا، که بیشترِ آن‌ها انگلیسی یا ایتالیایی‌اند.,کاتالوگ نقشه خوانی کد خطا
spec_electronic_board_troubleshooting,electronic-board-troubleshooting,competency,spec_equipment_maintenance,100,عیب‌یابیِ بردِ الکترونیکی,تعمیرِ برد,Electronic board troubleshooting,0,1,پیدا کردنِ قطعهٔ سوخته روی بردِ کنترل، لحیم‌کاری و تعویضِ حسگر و نمایشگر.,برد لحیم کاری سنسور ترموستات
spec_pos_hardware_network_support,pos-hardware-network-support,competency,spec_equipment_maintenance,100,پشتیبانیِ صندوق، چاپگر و شبکه,پشتیبانیِ صندوق و شبکه,POS hardware and network support,0,1,راه‌اندازی و رفعِ اشکالِ صندوقِ فروش، چاپگرِ فیش، کارتخوان، وای‌فای و شبکهٔ سفارش.,پوز فیش پرینتر کارتخوان شبکه وای فای
spec_hand_and_power_tools,hand-and-power-tools,competency,spec_equipment_maintenance,100,کار با ابزارِ دستی و برقی,ابزارکاری,Hand and power tools,0,1,استفادهٔ درست و ایمن از آچار، دریل، فرز و ابزارِ اندازه‌گیری برای تعمیرِ عمومی.,دریل آچار فرز تعمیرات عمومی
spec_food_machinery_setup,food-machinery-setup,competency,spec_equipment_maintenance,100,تنظیم و تعویضِ قالبِ ماشین‌آلاتِ تولید,تنظیمِ دستگاهِ تولید,Food machinery setup and changeover,0,1,آماده‌کردنِ دستگاهِ خطِ تولید برای محصولِ تازه: تعویضِ قالب، تنظیمِ سرعت و وزن و آزمایشِ اولیه.,تعویض قالب ستاپ ماشین آلات
spec_deep_cleaning,deep-cleaning,competency,spec_cleaning_sanitation,100,نظافتِ عمیق,نظافتِ کامل,Deep cleaning,0,1,تمیزکردنِ جاهای پنهان مثل پشتِ دستگاه‌ها، کفِ زیرِ تجهیزات، دیوارها و کانال‌ها با برنامه و ترتیبِ درست.,نظافت کلی خانه تکانی شستشوی کامل
spec_floor_care_machines,floor-care-machines,competency,spec_cleaning_sanitation,100,کار با دستگاه‌های نظافتِ کف,دستگاهِ کف‌شوی,Floor care machines,0,1,کار با اسکرابر، جاروی صنعتی و بخارشوی و نگهداریِ آن‌ها.,اسکرابر بخارشوی جارو برقی صنعتی
spec_cleaning_chemicals_dilution,cleaning-chemicals-dilution,competency,spec_cleaning_sanitation,100,رقیق‌کردنِ درستِ مواد شوینده و ضدعفونی,اندازهٔ شوینده,Cleaning chemical dilution,0,1,درست‌کردنِ محلولِ شوینده و ضدعفونی با اندازهٔ درست و دادنِ زمانِ لازم برای اثر.,ضدعفونی غلظت کلر پرسید
spec_pest_control_treatment,pest-control-treatment,competency,spec_cleaning_sanitation,100,سم‌پاشی و مبارزه با آفات,سم‌پاشی,Pest control treatment,0,1,انتخاب و به‌کاربردنِ ایمنِ طعمه، تله و سم برای سوسک، موش و حشره در جاهای غذایی.,سمپاشی سوسک موش طعمه
spec_integrated_pest_management,integrated-pest-management,competency,spec_cleaning_sanitation,100,مدیریتِ تلفیقیِ آفات,برنامهٔ ضدِ آفت,Integrated pest management,0,1,بستنِ راهِ ورود، برداشتنِ غذا و پناهگاه، پایش با تله و استفادهٔ کم و هدفمند از سم.,IPM پایش آفات تله
spec_kitchen_exhaust_cleaning,kitchen-exhaust-cleaning,competency,spec_cleaning_sanitation,100,شستشوی هود و کانالِ تهویهٔ آشپزخانه,شستنِ هود,Kitchen exhaust cleaning,0,1,پاک‌کردنِ چربیِ فیلتر، هود، کانال و فن تا خطرِ آتش‌سوزی کم و مکش خوب شود.,هودشویی کانال شویی فیلتر هود
spec_cip_cleaning,cip-cleaning,competency,spec_cleaning_sanitation,100,شستشوی درجا (CIP),شستشوی خطِ تولید,Clean-in-place,0,1,شستشوی لوله و مخزنِ خطِ تولید بدونِ بازکردن با چرخهٔ قلیا، اسید و آب در دما و سرعتِ معین.,CIP سی آی پی شستشوی مخزن
spec_purchasing_negotiation,purchasing-negotiation,competency,spec_purchasing_inventory,100,مذاکرهٔ خرید,چانه‌زنیِ خرید,Purchasing negotiation,0,1,گفت‌وگو با فروشنده برای قیمت، کیفیت، شرایطِ پرداخت و تحویل، با حفظِ رابطهٔ منصفانه.,چانه زنی مذاکره تخفیف خرید
spec_supplier_evaluation,supplier-evaluation,competency,spec_purchasing_inventory,100,ارزیابیِ تأمین‌کننده,انتخابِ فروشنده,Supplier evaluation,0,1,سنجیدنِ فروشنده‌ها از نظرِ کیفیت، بهداشت، قیمت و خوش‌قولی و نگه‌داشتنِ فهرستِ تأییدشده.,تامین کننده فروشنده بازدید از تامین کننده
spec_purchase_ordering,purchase-ordering,competency,spec_purchasing_inventory,100,ثبت و پیگیریِ سفارشِ خرید,سفارشِ خرید,Purchase ordering,0,1,نوشتنِ سفارش با مقدار و مشخصات، پیگیریِ تحویل و تطبیقِ فاکتور با آن‌چه رسید.,درخواست خرید پیش فاکتور سفارش
spec_inventory_systems,inventory-systems,competency,spec_purchasing_inventory,100,کار با سامانهٔ انبار,نرم‌افزارِ انبار,Inventory systems,0,1,ثبتِ ورود و خروجِ کالا در نرم‌افزار، کد کالا، رسید و حواله و گرفتنِ گزارشِ موجودی.,رسید انبار حواله کاردکس نرم افزار انبار
spec_par_level_setting,par-level-setting,competency,spec_purchasing_inventory,100,تعیینِ حدِ موجودی و نقطهٔ سفارش,حدِ موجودی,Par level setting,0,1,تعیینِ کمترین و بیشترین موجودیِ هر کالا از روی مصرف و زمانِ رسیدن تا نه کم بیاید نه خراب شود.,نقطه سفارش حداقل موجودی پار
spec_warehouse_organization,warehouse-organization,competency,spec_purchasing_inventory,100,چیدمان و نظمِ انبار,چیدنِ انبار,Warehouse organisation,0,1,چیدنِ کالا بر پایهٔ نوع، دما و تاریخ، برچسب‌زدنِ قفسه‌ها و جداکردنِ مواد شیمیایی از غذا.,قفسه بندی چیدمان انبار انبارداری
spec_forklift_pallet_jack,forklift-pallet-jack,competency,spec_purchasing_inventory,100,کار با لیفتراک و جک پالت,لیفتراک,Forklift and pallet jack operation,0,1,جابه‌جاییِ ایمنِ پالت با جکِ دستی یا لیفتراک و داشتنِ گواهیِ لازم برای لیفتراک.,لیفتراک جک پالت پالت
spec_meat_fish_grading,meat-fish-grading,competency,spec_purchasing_inventory,100,سنجشِ کیفیتِ گوشت، مرغ و ماهی,شناختِ گوشت و ماهیِ خوب,"Meat, poultry and fish grading",0,1,شناختنِ تازگی و درجهٔ گوشت و ماهی از رنگ، بو، بافت و دما و دیدنِ مهرِ دامپزشکی.,گوشت تازه ماهی تازه مهر دامپزشکی لاشه
spec_fresh_produce_grading,fresh-produce-grading,competency,spec_purchasing_inventory,100,سنجشِ کیفیتِ میوه و سبزی,شناختِ میوه و سبزیِ خوب,Fresh produce grading,0,1,شناختنِ رسیدگی، تازگی و آسیب در میوه و سبزی و انتخابِ درجهٔ مناسبِ هر کار.,میدان تره بار صیفی جات سبزی تازه
spec_packaging_specification,packaging-specification,competency,spec_purchasing_inventory,100,شناختِ بسته‌بندی و مشخصاتِ آن,ظرف و بسته‌بندی,Packaging specification,0,1,انتخابِ ظرف و بستهٔ مناسبِ غذای داغ، سرد یا چرب و بررسیِ سلامتِ تماس با غذا و قابلیتِ بازیافت.,ظرف یکبار مصرف بسته بندی کارتن لیوان کاغذی
spec_market_price_tracking,market-price-tracking,competency,spec_purchasing_inventory,100,پیگیریِ قیمتِ بازار,قیمتِ روزِ بازار,Market price tracking,0,1,دنبال‌کردنِ قیمتِ روزِ مواد در بازار و میدان و دیدنِ اثرِ فصل و تورم برای خریدِ به‌موقع.,قیمت روز میدان تورم
spec_refrigerated_vehicle_operation,refrigerated-vehicle-operation,competency,spec_logistics_delivery,100,کار با خودروی یخچال‌دار,ماشینِ یخچال‌دار,Refrigerated vehicle operation,0,1,روشن‌کردنِ یخچالِ خودرو پیش از بار، پاییدنِ دما در راه و بستنِ درست و کوتاهِ در هنگامِ تخلیه.,یخچال دار کامیونت یخچالی ترموکینگ
spec_safe_driving,safe-driving,competency,spec_logistics_delivery,100,رانندگیِ ایمن,رانندگیِ ایمن,Safe driving,0,1,رانندگی با گواهینامهٔ مناسب، رعایتِ قانون، نگهداریِ خودرو و استراحتِ کافی در مسیرهای طولانی.,رانندگی گواهینامه راننده
spec_delivery_documentation,delivery-documentation,competency,spec_logistics_delivery,100,اسنادِ حمل و تحویل,برگهٔ تحویل,Delivery documentation,0,1,پرکردنِ بارنامه، حواله و برگهٔ تحویل و گرفتنِ امضا و ثبتِ دما هنگامِ تحویل.,بارنامه حواله رسید تحویل
spec_logistics_coordination,logistics-coordination,competency,spec_logistics_delivery,100,هماهنگیِ حمل و توزیع,هماهنگیِ بار,Logistics coordination,0,1,هماهنگیِ زمانِ بارگیری، خودروها، رانندگان و تحویل‌ها بینِ انبار، آشپزخانهٔ مرکزی و شعبه‌ها.,لجستیک توزیع پخش
spec_load_securing,load-securing,competency,spec_logistics_delivery,100,چیدن و مهارِ بار,بستنِ بار,Load securing,0,1,چیدنِ بار طوری که در ترمز و پیچ جابه‌جا نشود و بستهٔ سنگین روی سبک نرود.,مهار بار چیدمان بار
spec_production_line_operation,production-line-operation,competency,spec_food_processing,100,کار با خطِ تولیدِ غذا,کار با خطِ تولید,Food production line operation,0,1,راه‌اندازی، پاییدن و خاموش‌کردنِ دستگاه‌های خط، کنترلِ وزن و دما و ثبتِ آمارِ تولید.,خط تولید اپراتور کارخانه
spec_packaging_machine_operation,packaging-machine-operation,competency,spec_food_processing,100,کار با دستگاهِ بسته‌بندی,دستگاهِ بسته‌بندی,Packaging machine operation,0,1,تنظیم و کار با دستگاهِ پرکن، دوخت، وکیوم و برچسب‌زن و بررسیِ درزبندی و تاریخ‌زنی.,وکیوم دستگاه پرکن لیبل زن کد زن
spec_production_planning,production-planning,competency,spec_food_processing,100,برنامه‌ریزیِ تولید,برنامهٔ تولید,Production planning,0,1,تبدیلِ سفارشِ شعبه‌ها به برنامهٔ روزانهٔ تولید، مواد لازم و نوبتِ دستگاه‌ها.,برنامه ریزی تولید آشپزخانه مرکزی MRP
spec_product_development,product-development,competency,spec_food_processing,100,توسعهٔ محصولِ غذایی,ساختِ محصولِ تازه,Food product development,0,1,از فکر تا محصولِ آماده: نمونه‌سازی، آزمونِ طعم، هزینه، ماندگاری و آماده‌کردن برای تولیدِ انبوه.,R&D تحقیق و توسعه محصول جدید
spec_recipe_standardization,recipe-standardization,competency,spec_food_processing,100,استانداردسازی و بزرگ‌کردنِ دستور,دستورِ یکسان,Recipe standardisation and scaling,0,1,نوشتنِ دستور با وزنِ دقیق، مراحل و دما، و بزرگ‌کردنِ آن از چند سهم به صدها سهم بدونِ تغییرِ طعم.,رسپی فرمولاسیون دستور پخت
spec_food_preservation_principles,food-preservation-principles,competency,spec_food_processing,100,اصولِ نگهداریِ مواد غذایی,نگهداریِ غذا,Food preservation principles,0,1,فهمِ پاستوریزه، استریل، انجماد، خشک‌کردن و اسیدی‌کردن و این‌که هر کدام چطور جلوی میکروب را می‌گیرد.,پاستوریزه استریل کنسرو انجماد
spec_process_control_monitoring,process-control-monitoring,competency,spec_food_processing,100,پایشِ فرایندِ تولید,پاییدنِ دستگاه‌ها,Process control monitoring,0,1,خواندنِ دما، فشار، زمان و سرعت از نمایشگرها، ثبتِ آن و واکنشِ به‌موقع به خروج از حد.,کنترل فرایند PLC ثبت دما
spec_lean_continuous_improvement,lean-continuous-improvement,competency,spec_food_processing,100,بهبودِ مستمر و تولیدِ ناب,بهترکردنِ کار,Lean and continuous improvement,0,1,پیدا کردنِ اتلافِ زمان، مواد و حرکت و بهترکردنِ کار با روش‌هایی مثل ۵S و کایزن.,کایزن 5S ناب لین
spec_social_media_management,social-media-management,competency,spec_digital_marketing,100,مدیریتِ شبکه‌های اجتماعی,اینستاگرامِ کافه,Social media management,0,1,برنامه‌ریزیِ محتوا، انتشار، پاسخ به پیام‌ها و دنبال‌کردنِ بازخورد در اینستاگرام و پیام‌رسان‌ها.,اینستاگرام ادمین پیج تلگرام بله روبیکا
spec_persian_copywriting,persian-copywriting,competency,spec_digital_marketing,100,نوشتنِ متنِ تبلیغاتیِ فارسی,متن‌نویسی,Persian copywriting,0,1,نوشتنِ متنِ کوتاه، روشن و درستِ فارسی برای منو، پست و آگهی که صادقانه و خوشایند باشد.,کپشن کپی رایتینگ محتوانویسی
spec_food_photography,food-photography,competency,spec_digital_marketing,100,عکاسیِ غذا,عکسِ غذا,Food photography,0,1,عکس‌گرفتن از غذا و نوشیدنی با نور، زاویه و ترکیب‌بندیِ درست و ویرایشِ طبیعیِ عکس.,عکاسی غذا عکاسی صنعتی لایت روم
spec_video_production,video-production,competency,spec_digital_marketing,100,ساخت و تدوینِ ویدئوی کوتاه,ویدئوی کوتاه,Short video production,0,1,فیلم‌برداری با گوشی یا دوربین، تدوین، صدا و زیرنویس برای ریلز و ویدئوهای کوتاه.,ریلز تدوین کپ کات فیلمبرداری
spec_food_styling,food-styling,competency,spec_digital_marketing,100,آرایشِ غذا برای عکس,چیدنِ غذا برای عکس,Food styling,0,1,آماده و آراسته‌کردنِ غذا، ظرف و پس‌زمینه برای عکس و فیلم طوری که تازه و واقعی دیده شود.,فود استایلینگ دیزاین غذا
spec_menu_engineering,menu-engineering,competency,spec_digital_marketing,100,مهندسیِ منو,مهندسیِ منو,Menu engineering,0,1,سنجیدنِ هر غذا از دو نگاهِ فروش و سود و تصمیم برای جا، قیمت یا حذفِ آن در منو.,منو ستاره ها و اسب کاری سودآوری منو
spec_menu_design_layout,menu-design-layout,competency,spec_digital_marketing,100,طراحیِ صفحه‌آراییِ منو,طراحیِ منو,Menu layout design,0,1,چیدنِ منو با خطِ خوانا، گروه‌بندیِ روشن و جای درستِ هر غذا، برای کاغذ و منوی دیجیتال.,منو دیجیتال منوی QR صفحه آرایی
spec_graphic_design_tools,graphic-design-tools,competency,spec_digital_marketing,100,کار با نرم‌افزارهای طراحی,فتوشاپ و طراحی,Graphic design tools,0,1,ساختِ پوستر، پست و طرح با نرم‌افزارهایی مثل فتوشاپ، ایلاستریتور یا کانوا.,فتوشاپ ایلاستریتور کانوا گرافیست
spec_marketplace_management,marketplace-management,competency,spec_digital_marketing,100,مدیریتِ فروش در سکوهای آنلاین,فروشِ آنلاین,Online marketplace management,0,1,به‌روز نگه‌داشتنِ منو، قیمت، عکس و زمانِ کار در سکوهای سفارشِ آنلاین و پاسخ به نظرها و مشکلاتِ سفارش.,اسنپ فود دیجی کالا تپسی فود پنل فروشندگان
spec_online_reviews_management,online-reviews-management,competency,spec_digital_marketing,100,پاسخ به نظرهای آنلاین,جواب‌دادنِ نظرها,Online reviews management,0,1,خواندن و پاسخِ محترمانه به نظرهای مشتری در نقشه‌ها و سکوها و رساندنِ مشکل‌ها به تیم.,نظرات امتیاز گوگل مپ نشان
spec_loyalty_programmes,loyalty-programmes,competency,spec_digital_marketing,100,برنامهٔ وفاداریِ مشتری,باشگاهِ مشتریان,Loyalty programmes,0,1,طراحی و اجرای باشگاهِ مشتری، امتیاز و پیامِ مناسبت‌ها با رعایتِ رضایت و حریمِ مشتری.,باشگاه مشتریان CRM کارت تخفیف
spec_interior_concept_design,interior-concept-design,competency,spec_digital_marketing,100,طراحیِ داخلی و مفهومِ فضا,طراحیِ فضای کافه,Interior and concept design,0,1,طراحیِ فضا، نور، مبل و مسیرِ حرکت در کافه یا رستوران طوری که هم زیبا باشد هم کار راحت پیش برود.,دکوراسیون طراحی داخلی معمار داخلی
spec_brand_identity,brand-identity,competency,spec_digital_marketing,100,هویتِ برند,برند,Brand identity,0,1,تعیینِ نام، نشان، رنگ، لحن و داستانِ کسب‌وکار و یکسان نگه‌داشتنِ آن در همه‌جا.,لوگو برندینگ هویت بصری
spec_marketing_analytics,marketing-analytics,competency,spec_digital_marketing,100,تحلیلِ بازاریابی,سنجشِ تبلیغ,Marketing analytics,0,1,سنجیدنِ اثرِ هر تبلیغ و کمپین با عدد و تصمیم‌گیری بر پایهٔ آن.,آمار پیج کمپین گوگل آنالیتیکس
spec_community_engagement,community-engagement,competency,spec_digital_marketing,100,ارتباط با جامعه و محله,ارتباط با مردم,Community engagement,0,1,ساختنِ رابطه با محله، هنرمندان و گروه‌ها از راهِ برنامه‌ها و همکاری‌های صادقانه.,رویداد روابط عمومی محله
spec_customer_experience_analysis,customer-experience-analysis,competency,spec_guest_service,100,تحلیلِ تجربهٔ مشتری,رضایتِ مشتری,Customer experience analysis,0,1,جمع‌کردنِ نظرِ مشتری با پرسش‌نامه و گفت‌وگو و پیدا کردنِ جاهایی از تجربه که بهتر شود.,رضایت مشتری نظرسنجی مشتری ناشناس NPS
spec_training_needs_analysis,training-needs-analysis,competency,spec_teaching_training,100,نیازسنجیِ آموزشی,نیازسنجیِ آموزش,Training needs analysis,0,1,پیدا کردنِ این‌که هر همکار یا تیم چه چیزی را هنوز نمی‌داند و کدام آموزش بیشترین اثر را دارد.,نیازسنجی نیاز آموزشی
spec_training_design,training-design,competency,spec_teaching_training,100,طراحیِ دورهٔ آموزشی,ساختنِ دوره,Training design,0,1,نوشتنِ هدف، سرفصل، تمرین و زمان‌بندیِ دوره و آماده‌کردنِ جزوه یا ویدئوی ساده.,طراحی آموزشی سرفصل جزوه
spec_adult_instruction,adult-instruction,competency,spec_teaching_training,100,آموزش‌دادن به بزرگسالان,تدریس,Adult instruction,0,1,آموزشِ عملی به بزرگسالان با نمایش، تمرین و بازخورد، با احترام به تجربه‌ای که دارند.,مدرس تدریس کارگاه آموزشی
spec_skills_assessment,skills-assessment,competency,spec_teaching_training,100,سنجشِ مهارت,آزمونِ مهارت,Skills assessment,0,1,سنجیدنِ منصفانهٔ مهارت با آزمونِ عملی و چک‌لیستِ روشن، و نوشتنِ نتیجهٔ قابلِ دفاع.,آزمون عملی ارزشیابی آزمون فنی و حرفه ای
spec_competency_standards,competency-standards,competency,spec_teaching_training,100,استانداردهای مهارت و شایستگی,استانداردِ مهارت,Competency standards,0,1,شناختِ استانداردهای مهارتِ سازمانِ فنی و حرفه‌ای و مانندِ آن و ربط‌دادنِ آموزش به آن‌ها.,فنی و حرفه ای استاندارد مهارت گواهینامه مهارت
spec_onboarding_programmes,onboarding-programmes,competency,spec_teaching_training,100,برنامهٔ آشنایی و شروعِ کار,روزهای اولِ کار,Onboarding programmes,0,1,آماده‌کردنِ روزها و هفته‌های اولِ همکارِ تازه: معرفی، آموزشِ پایه، همراه و پیگیری.,آنبوردینگ معارفه دوره آزمایشی
spec_mentoring,mentoring,competency,spec_teaching_training,100,همراهی و راهنماییِ همکار,راهنمای همکار,Mentoring,0,1,همراهیِ یک همکار در مدتِ طولانی، گوش‌دادن، مشورت و کمک به پیشرفتِ کاری‌اش.,منتور منتورینگ راهنما استادکار
spec_inclusive_teaching,inclusive-teaching,competency,spec_teaching_training,100,آموزشِ فراگیر,آموزش برای همه,Inclusive teaching,0,1,آموزش به‌گونه‌ای که کسانی که آهسته می‌خوانند، زبانِ دیگری دارند یا محدودیتی دارند هم کامل یاد بگیرند.,زبان ساده آموزش تصویری کم سواد
spec_sop_writing,sop-writing,competency,spec_teaching_training,100,نوشتنِ دستورالعملِ کار,دستورالعمل‌نویسی,SOP writing,0,1,نوشتنِ گام‌به‌گامِ یک کار با جمله‌های کوتاه و تصویر، طوری که همه یکسان انجامش دهند.,SOP دستورالعمل روال کار
spec_presentation_skills,presentation-skills,competency,spec_communication_languages,100,ارائه و سخنرانی,ارائه,Presentation skills,0,1,گفتنِ روشن و منظمِ یک موضوع جلوی گروه، با اسلاید یا نمایشِ عملی.,ارائه سخنرانی پاورپوینت
spec_conflict_resolution,conflict-resolution,competency,spec_communication_languages,100,حلِ اختلاف,حلِ اختلاف,Conflict resolution,0,1,گوش‌دادن به دو طرف، آرام‌کردنِ فضا و رسیدن به راهی که هر دو بپذیرند.,دعوا اختلاف میانجی گری
spec_persian_business_writing,persian-business-writing,competency,spec_communication_languages,100,نامه‌نگاری و گزارش‌نویسیِ اداری,نامه و گزارش,Persian business writing,0,1,نوشتنِ نامه، صورت‌جلسه و گزارشِ کاری به فارسیِ درست و روشن.,نامه اداری صورتجلسه گزارش نویسی
spec_problem_solving,problem-solving,competency,spec_personal_effectiveness,100,حلِ مسئله,حلِ مشکل,Problem solving,0,1,دیدنِ مشکل، پیدا کردنِ علت، سنجیدنِ چند راه و انتخابِ بهترین راه در زمانِ کم.,حل مسئله تصمیم گیری
spec_computer_spreadsheets,computer-spreadsheets,competency,spec_personal_effectiveness,100,کار با رایانه و اکسل,اکسل,Computer and spreadsheet use,0,1,کار با رایانه، ایمیل و صفحه‌گسترده برای جدول، فرمول و نمودارِ ساده.,اکسل ورد کامپیوتر ICDL
spec_postharvest_handling,postharvest-handling,competency,spec_agriculture_sourcing,100,جابه‌جایی و نگهداریِ محصول پس از برداشت,نگهداریِ میوه و سبزی,Postharvest handling,0,1,برداشت در زمانِ درست، خنک‌کردنِ سریع، بسته‌بندی و حملِ محصولِ تازه تا کمترین آسیب ببیند.,پس از برداشت سردخانه میوه ضایعات کشاورزی
spec_greenhouse_growing,greenhouse-growing,competency,spec_agriculture_sourcing,100,کشتِ گلخانه‌ای,گلخانه,Greenhouse growing,0,1,کاشت و نگهداریِ سبزی، صیفی و گیاهانِ معطر در گلخانه با کنترلِ دما، نور، رطوبت و آبیاری.,گلخانه سبزی خوردن میکروگرین کشاورزی شهری
spec_hydroponics,hydroponics,competency,spec_agriculture_sourcing,100,کشتِ بدونِ خاک,هیدروپونیک,Hydroponics,0,1,رشددادنِ گیاه در محلولِ غذایی به‌جای خاک و تنظیمِ غلظت، pH و اکسیژنِ محلول.,هیدروپونیک آکواپونیک کشت بدون خاک
spec_soil_irrigation,soil-irrigation,competency,spec_agriculture_sourcing,100,خاک و آبیاری,خاک و آب,Soil and irrigation,0,1,شناختِ خاک، کود و آبیاریِ کم‌مصرف مثل قطره‌ای برای محصولِ سالم با آبِ کمتر.,آبیاری قطره ای کود کم آبی
spec_saffron_grading,saffron-grading,competency,spec_agriculture_sourcing,100,شناخت و درجه‌بندیِ زعفران,زعفرانِ خوب,Saffron grading,0,1,سنجیدنِ زعفران از رنگ، بو، رشته و رطوبت، شناختِ درجه‌هایی مثل سرگل و نگین و تشخیصِ تقلب.,زعفران سرگل نگین پوشال کروسین
spec_tea_grading,tea-grading,competency,spec_agriculture_sourcing,100,شناختِ چای و درجه‌های آن,چای خوب,Tea grading,0,1,شناختِ چای از برگ، روشِ فراوری و خاستگاه، از چای لاهیجان تا چای‌های وارداتی، و چشیدنِ آن.,چای ایرانی چای لاهیجان بهاره قلم شکسته
spec_farmer_relations,farmer-relations,competency,spec_agriculture_sourcing,100,کار با کشاورز و تعاونیِ روستایی,کار با کشاورز,Farmer relations,0,1,ساختنِ رابطهٔ پایدار و منصفانه با کشاورزان و تعاونی‌ها، پیش‌خرید و پرداختِ به‌موقع.,کشاورز تعاونی روستایی پیش خرید
spec_seasonal_sourcing,seasonal-sourcing,competency,spec_agriculture_sourcing,100,تأمینِ فصلی,محصولِ فصل,Seasonal sourcing,0,1,شناختِ فصلِ هر محصول در مناطقِ مختلفِ ایران و چیدنِ خرید و منو با آن.,فصل نوبرانه تقویم محصول
spec_wild_foraging_identification,wild-foraging-identification,competency,spec_agriculture_sourcing,100,شناخت و چیدنِ گیاهان و قارچ‌های خودرو,گیاهِ کوهی,Wild plant and mushroom identification,0,1,شناختِ مطمئنِ گیاهان و قارچ‌های خوراکیِ خودرو از سمی‌ها و چیدنِ آن‌ها بدونِ آسیب به طبیعت.,گیاه کوهی قارچ وحشی ریواس کنگر والک آویشن کوهی
spec_sustainable_sourcing,sustainable-sourcing,competency,spec_agriculture_sourcing,100,تأمینِ پایدار,خریدِ پایدار,Sustainable sourcing,0,1,انتخابِ تأمین‌کنندگانی که آب، خاک و منابع را کمتر آسیب می‌زنند و مسیرِ حملِ کوتاه‌تری دارند.,محلی ارگانیک پایداری
spec_restaurant_manager,restaurant-manager,role,spec_management,10,مدیرِ رستوران,مدیرِ رستوران,Restaurant manager,1,1,گرداندنِ روزانهٔ رستوران: همکاران، خدمت به مهمان، خرید، هزینه‌ها و رعایتِ قانون و بهداشت.,مدیر رستوران مدیر داخلی مدیر سالن
spec_cafe_manager,cafe-manager,role,spec_management,20,مدیرِ کافه,مدیرِ کافه,Café manager,1,1,گرداندنِ کافه: برنامهٔ باریستاها، کیفیتِ قهوه، خریدِ دانه و شیر، صندوق و رضایتِ مهمان.,مدیر کافه مدیر کافی شاپ
spec_owner_operator,owner-operator,role,spec_management,30,مالک و گردانندهٔ کسب‌وکارِ غذایی,صاحبِ کافه یا رستوران,Owner-operator,1,1,کسی که کافه یا رستورانِ خودش را دارد و خودش هم در کار است؛ از پول و مجوز تا آشپزخانه و مهمان.,صاحب رستوران صاحب کافه کارفرما مالک
spec_assistant_manager,assistant-manager,role,spec_management,40,معاونِ مدیرِ کافه یا رستوران,معاونِ مدیر,Assistant manager,1,1,کمک به مدیر و جانشینیِ او: برنامهٔ شیفت، آموزشِ همکاران، موجودی و رسیدگی به مهمان.,معاون قائم مقام دستیار مدیر
spec_shift_supervisor,shift-supervisor,role,spec_management,50,سرپرستِ شیفت,سرپرستِ شیفت,Shift supervisor,1,1,هدایتِ همکاران در یک شیفت: تقسیمِ کار، رسیدگی به مشکل‌ها، بستنِ صندوق و تحویلِ شیفت.,سرشیفت سوپروایزر مسئول شیفت
spec_payroll_accounting_clerk,payroll-accounting-clerk,role,spec_management,60,کارشناسِ حسابداری و حقوق و دستمزد,حسابدار,Payroll and accounting clerk,1,1,ثبتِ اسنادِ خرید و فروش، محاسبهٔ حقوق، لیستِ بیمه و مالیات و تطبیقِ صندوق و بانک.,حسابدار حسابداری حقوق و دستمزد دفتردار
spec_general_manager,general-manager,role,spec_management,70,مدیرِ کلِ مجموعه,مدیرِ کل,General manager,0,1,مسئولِ کلِ یک مجموعهٔ بزرگ‌تر با چند بخش: هدف‌گذاری، بودجه، مدیرانِ بخش‌ها و نتیجهٔ مالی.,مدیر عامل مدیرکل جی ام
spec_fnb_director,fnb-director,role,spec_management,80,مدیرِ غذا و نوشیدنیِ هتل,مدیرِ رستوران‌های هتل,Food and beverage director,0,1,مسئولِ همهٔ رستوران‌ها، کافه‌ها، سرویسِ اتاق و مراسمِ یک هتل؛ بودجه، استاندارد و مدیرانِ هر بخش.,F&B اف اند بی مدیر غذا و نوشیدنی هتل
spec_outlet_manager,outlet-manager,role,spec_management,90,مدیرِ واحدِ پذیراییِ هتل,مدیرِ رستورانِ هتل,Hotel outlet manager,0,1,گرداندنِ یک رستوران، کافه یا لابی‌لانژِ هتل زیرِ نظرِ مدیرِ غذا و نوشیدنی.,مدیر رستوران هتل لابی لانژ آوتلت
spec_operations_area_manager,operations-area-manager,role,spec_management,100,مدیرِ عملیات و منطقهٔ شعبه‌ها,مدیرِ چند شعبه,Operations / area manager,0,1,پیگیریِ چند شعبهٔ یک زنجیره: بازدید، یکسانیِ کیفیت، نتیجهٔ مالیِ هر شعبه و پشتیبانیِ مدیرانِ آن‌ها.,مدیر منطقه مدیر عملیات مدیر شعب زنجیره ای
spec_franchise_manager,franchise-manager,role,spec_management,110,مدیرِ نمایندگی‌ها و فرانچایز,مدیرِ نمایندگی‌ها,Franchise manager,0,1,واگذاری و پشتیبانیِ نمایندگی‌های برند: انتخابِ نماینده، قرارداد، آموزشِ راه‌اندازی و بازرسیِ استاندارد.,فرانچایز نمایندگی اعطای نمایندگی
spec_kitchen_manager,kitchen-manager,role,spec_management,120,مدیرِ اداریِ آشپزخانه,مدیرِ آشپزخانه,Kitchen manager (administrative),0,1,گرداندنِ اداریِ آشپزخانه بدونِ کارِ پخت: برنامهٔ همکاران، سفارشِ مواد، هزینهٔ غذا، نظافت و نگهداریِ دستگاه‌ها.,مدیر آشپزخانه مدیر تولید آشپزخانه
spec_cloud_kitchen_manager,cloud-kitchen-manager,role,spec_management,130,مدیرِ آشپزخانهٔ ابری و برندهای آنلاین,مدیرِ آشپزخانهٔ آنلاین,Cloud kitchen / virtual brand manager,0,1,گرداندنِ آشپزخانه‌ای که فقط سفارشِ آنلاین می‌گیرد، گاهی با چند برند؛ زمانِ آماده‌سازی، بسته‌بندی و امتیازِ سکوها.,کلود کیچن دارک کیچن آشپزخانه ابری برند مجازی
spec_food_truck_operator,food-truck-operator,role,spec_management,140,گردانندهٔ فودتراک و غذای سیار,فودتراک,Food truck operator,0,1,گرداندنِ فودتراک یا غرفهٔ سیار: مجوزِ جا، پخت در فضای کم، آب و برق و گاز، صندوق و جذبِ مشتری.,فودتراک ون غذا غذای خیابانی کانتینر غذا دکه
spec_catering_business_manager,catering-business-manager,role,spec_management,150,مدیرِ کسب‌وکارِ کترینگ,مدیرِ کترینگ,Catering business manager,0,1,گرداندنِ کترینگِ سازمانی یا مراسم: قرارداد با مشتری، برنامهٔ منو، تولید، حملِ سرد و گرم و هزینه.,کترینگ تهیه غذا غذای سازمانی طبخ و توزیع
spec_hospitality_hr_officer,hospitality-hr-officer,role,spec_management,160,کارشناسِ منابعِ انسانیِ مجموعه‌های غذایی,منابعِ انسانی,Hospitality HR officer,0,1,جذب، قرارداد، بیمه، پرونده و آموزشِ همکاران و پیگیریِ رضایت و حقوقِ آن‌ها طبقِ قانونِ کار.,کارگزینی منابع انسانی HR امور اداری
spec_cost_controller,cost-controller,role,spec_management,170,کنترلرِ هزینه,کنترلِ هزینه,Cost controller,0,1,سنجیدنِ هزینهٔ واقعیِ مواد و نیرو با فروش، شمارشِ انبار، آزمونِ بازده و گزارشِ اختلاف‌ها.,کاست کنترل کنترل بها بهای تمام شده
spec_revenue_pricing_analyst,revenue-pricing-analyst,role,spec_management,180,کارشناسِ درآمد و قیمت‌گذاری,قیمت‌گذاری,Revenue and pricing analyst,0,1,تحلیلِ فروش و هزینه برای پیشنهادِ قیمت، بسته و تخفیف و پیش‌بینیِ فروش.,قیمت گذاری تحلیلگر فروش درآمد
spec_food_safety_officer,food-safety-officer,role,spec_quality_safety,10,کارشناسِ ایمنیِ غذا و مسئولِ HACCP,کارشناسِ بهداشتِ غذا,Food safety officer / HACCP coordinator,1,1,نوشتن و اجرای برنامهٔ ایمنیِ غذا، آموزشِ همکاران، بازرسیِ داخلی و آماده‌کردنِ مجموعه برای بازدیدِ بهداشت.,مسئول بهداشت کارشناس بهداشت HACCP هسپ
spec_quality_control_inspector,quality-control-inspector,role,spec_quality_safety,20,بازرسِ کنترلِ کیفیت,کنترلِ کیفیت,Quality control inspector,1,1,بازرسیِ مواد اولیه، محصولِ در حالِ تولید و محصولِ آماده با مشخصات و ثبتِ نتیجه.,QC کیوسی کنترل کیفیت بازرس
spec_dietitian_nutritionist,dietitian-nutritionist,role,spec_quality_safety,30,کارشناسِ تغذیه,کارشناسِ تغذیه,Dietitian / nutritionist,1,1,برنامه‌ریزیِ منوی سالم و متعادل برای بیمارستان، مدرسه، سازمان یا رستوران و مشاوره دربارهٔ رژیم‌های ویژه.,تغذیه رژیم کارشناس تغذیه مشاور تغذیه
spec_ohs_officer,ohs-officer,role,spec_quality_safety,40,کارشناسِ بهداشت و ایمنیِ کار (HSE),ایمنیِ کار,Occupational health and safety officer,1,1,شناختنِ خطرهای کار، آموزشِ ایمنی، بررسیِ حادثه و آماده‌بودن برای آتش و گاز و برق.,HSE ایمنی بهداشت حرفه ای افسر ایمنی
spec_hygiene_auditor,hygiene-auditor,role,spec_quality_safety,50,ممیزِ بهداشت و ایمنیِ غذا,بازرسِ بهداشت,Hygiene auditor,0,1,بازدیدِ مستقل از آشپزخانه‌ها و شعبه‌ها با چک‌لیست، امتیازدهی و پیگیریِ اصلاحِ نقص‌ها.,ممیز آدیتور بازرس بهداشت مشتری ناشناس بهداشت
spec_menu_nutrition_analyst,menu-nutrition-analyst,role,spec_quality_safety,60,تحلیلگرِ تغذیه‌ایِ منو,ارزشِ غذاییِ منو,Menu nutrition analyst,0,1,محاسبهٔ کالری، نمک، قند و چربیِ غذاهای منو و آماده‌کردنِ برچسبِ تغذیه‌ای و پیشنهادِ نسخهٔ سالم‌تر.,کالری منو برچسب تغذیه چراغ راهنمایی تغذیه
spec_allergen_coordinator,allergen-coordinator,role,spec_quality_safety,70,هماهنگ‌کنندهٔ حساسیت‌زاهای غذایی,مسئولِ آلرژن,Allergen coordinator,0,1,نگه‌داشتنِ فهرستِ حساسیت‌زاهای هر غذا، جداکردنِ مسیرها و آموزشِ همکاران برای پاسخِ درست به مهمان.,آلرژی آلرژن حساسیت غذایی بادام زمینی گلوتن
spec_sensory_panelist,sensory-panelist,role,spec_quality_safety,80,ارزیابِ حسیِ غذا و نوشیدنی,چشندهٔ محصول,Sensory panelist,0,1,چشیدن و امتیازدادنِ نمونه‌ها در پنلِ حسی با روشِ استاندارد برای کنترلِ کیفیت یا محصولِ تازه.,پنل حسی تست چشایی چشنده کاپر
spec_food_lab_technician,food-lab-technician,role,spec_quality_safety,90,کاردانِ آزمایشگاهِ مواد غذایی,آزمایشگاهِ غذا,Food laboratory technician,0,1,انجامِ آزمون‌های شیمیایی و میکروبی روی نمونه‌های غذا و ثبتِ دقیقِ نتیجه.,آزمایشگاه میکروب آنالیز
spec_technical_responsible_officer,technical-responsible-officer,role,spec_quality_safety,100,مسئولِ فنیِ واحدِ تولیدِ غذا,مسئولِ فنی,Technical responsible officer (food plant),0,1,کسی که سازمانِ غذا و دارو برای هر واحدِ تولیدِ غذا لازم می‌داند؛ پاسخ‌گوی کیفیت، پروانه‌ها، برچسب و سلامتِ محصول است.,مسئول فنی مسئول کنترل کیفیت پروانه ساخت
spec_espresso_machine_technician,espresso-machine-technician,role,spec_facilities,10,تعمیرکارِ دستگاهِ قهوه,تعمیرِ دستگاهِ قهوه,Espresso machine technician,1,1,نصب، سرویس و تعمیرِ دستگاهِ اسپرسو، آسیاب و فیلترِ آب در کافه‌ها و تنظیمِ فشار و دما.,تعمیرکار اسپرسو سرویسکار قهوه تعمیر آسیاب
spec_kitchen_equipment_technician,kitchen-equipment-technician,role,spec_facilities,20,تعمیرکارِ تجهیزاتِ آشپزخانهٔ صنعتی,تعمیرِ وسایلِ آشپزخانه,Commercial kitchen equipment technician,1,1,سرویس و تعمیرِ فر، سرخ‌کن، کباب‌پز، ماشینِ ظرف‌شویی، همزن و بقیهٔ دستگاه‌های آشپزخانه.,تعمیرکار تجهیزات آشپزخانه تعمیر فر تعمیر ماشین ظرفشویی
spec_refrigeration_technician,refrigeration-technician,role,spec_facilities,30,تعمیرکارِ یخچال و سردخانه,تعمیرِ یخچال,Refrigeration and cold-room technician,1,1,نصب و تعمیرِ یخچال و فریزرِ صنعتی، ویترینِ سرد، سردخانه و کولرِ گازی.,یخچال ساز سردخانه تبرید کولر گازی
spec_electrician,electrician,role,spec_facilities,40,برق‌کار,برق‌کار,Electrician,1,1,سیم‌کشی، تابلو برق، روشنایی و رفعِ خرابیِ برقِ مجموعه و دستگاه‌ها.,برقکار سیم کش تابلو برق
spec_plumber,plumber,role,spec_facilities,50,لوله‌کش و تأسیسات‌کار,لوله‌کش,Plumber,1,1,تعمیر و نصبِ لوله، شیر، سینک، آب‌گرم‌کن، چربی‌گیر و فاضلاب.,لوله کش تاسیسات چربی گیر لوله بازکنی
spec_cleaning_crew_member,cleaning-crew-member,role,spec_facilities,60,مسئولِ نظافتِ مجموعه,نظافت,Cleaning crew member,1,1,نظافتِ روزانهٔ سالن، سرویس‌های بهداشتی، راهروها و بیرونِ مجموعه با برنامه و مواد درست.,نظافت نظافتچی خدمات آبدارچی
spec_gas_appliance_technician,gas-appliance-technician,role,spec_facilities,70,تعمیرکار و لوله‌کشِ وسایلِ گازسوز,لوله‌کشِ گاز,Gas appliance technician,0,1,لوله‌کشیِ گاز، نصب و تنظیمِ مشعل و اجاقِ صنعتی و آزمایشِ نشت با پروانهٔ نظامِ مهندسی.,گازکش لوله کش گاز مشعل اجاق صنعتی
spec_exhaust_hood_cleaner,exhaust-hood-cleaner,role,spec_facilities,80,شستشوگرِ هود و کانالِ تهویه,هودشویی,Kitchen exhaust and HVAC cleaner,0,1,بازکردن و شستنِ فیلتر، هود، کانال و فنِ آشپزخانه و تمیزکردنِ کانالِ کولر و هواساز.,هودشویی کانال شویی تمیز کردن هود
spec_pos_it_support,pos-it-support,role,spec_facilities,90,پشتیبانِ صندوق و فناوریِ اطلاعات,پشتیبانیِ صندوق و شبکه,POS and IT support technician,0,1,نصب و رفعِ اشکالِ صندوقِ فروش، چاپگرِ فیش، کارتخوان، نمایشگرِ آشپزخانه، شبکه و دوربین.,پشتیبان نرم افزار آی تی شبکه پوز
spec_deep_clean_specialist,deep-clean-specialist,role,spec_facilities,100,کارشناسِ نظافتِ عمیق,نظافتِ کلی,Deep-clean specialist,0,1,نظافتِ دوره‌ای و کاملِ آشپزخانه و دستگاه‌ها، معمولاً شب یا در تعطیلی، با وسایل و مواد ویژه.,نظافت صنعتی شرکت خدماتی خانه تکانی
spec_cleaning_supervisor,cleaning-supervisor,role,spec_facilities,110,سرپرستِ نظافت,سرپرستِ نظافت,Cleaning supervisor,0,1,برنامه‌ریزی و بازرسیِ نظافت، خریدِ مواد و آموزشِ گروهِ نظافت.,سرپرست خدمات مسئول نظافت
spec_pest_control_technician,pest-control-technician,role,spec_facilities,120,کارشناسِ مبارزه با آفات,سم‌پاش,Pest control technician,0,1,بازرسی، پایش و مبارزه با سوسک، موش و حشره در جاهای غذایی با کمترین خطر برای غذا و مردم.,سمپاش سم پاشی دفع آفات ضد عفونی
spec_maintenance_supervisor,maintenance-supervisor,role,spec_facilities,130,سرپرستِ نگهداری و تأسیسات,مسئولِ تأسیسات,Maintenance supervisor,0,1,برنامه‌ریزیِ سرویسِ دوره‌ای، هماهنگیِ تعمیرکاران و نگه‌داشتنِ ساختمان و دستگاه‌ها در کار.,مسئول تاسیسات نت مدیر فنی
spec_general_maintenance_technician,general-maintenance-technician,role,spec_facilities,140,تعمیرکارِ عمومیِ ساختمان,تعمیراتِ عمومی,General maintenance technician,0,1,تعمیرهای کوچکِ روزانه: در و قفل، شیر، لامپ، مبل، قفسه و نصبِ وسایل.,تعمیرات همه کاره فنی تاسیساتی
spec_security_officer,security-officer,role,spec_facilities,150,مأمورِ حفاظت و نگهبانی,نگهبان,Security officer,0,1,کنترلِ ورود و خروج، پاییدنِ دوربین‌ها، نگهبانیِ شبانه و واکنشِ آرام به رویدادها.,نگهبان حراست انتظامات سکیوریتی
spec_purchasing_officer,purchasing-officer,role,spec_supply_chain,10,کارشناسِ خرید,خرید,Purchasing officer / buyer,1,1,خریدِ مواد و وسایل از تأمین‌کنندهٔ مناسب با قیمت و کیفیتِ درست و پیگیریِ رسیدنِ آن.,کارپرداز مسئول خرید خریدار
spec_storekeeper,storekeeper,role,spec_supply_chain,20,انباردار,انباردار,Storekeeper,1,1,نگهداری، ثبت و تحویلِ کالا در انبار، شمارش و گزارشِ موجودی و کمبود.,انباردار مسئول انبار انبار
spec_warehouse_associate,warehouse-associate,role,spec_supply_chain,30,مسئولِ جابه‌جایی و چیدمانِ انبار,کارِ انبار,Warehouse associate,1,1,بارگیری، تخلیه، چیدن و آماده‌کردنِ سفارش‌ها در انبار و سردخانه.,انبار بارگیری تخلیه بار باربر
spec_cold_chain_driver,cold-chain-driver,role,spec_supply_chain,40,رانندهٔ خودروی یخچال‌دار,رانندهٔ یخچال‌دار,Cold-chain driver,1,1,حملِ مواد سرد و یخ‌زده از تأمین‌کننده یا آشپزخانهٔ مرکزی به شعبه‌ها با نگه‌داشتنِ دما در راه.,راننده یخچالدار پخش توزیع
spec_receiving_clerk,receiving-clerk,role,spec_supply_chain,50,مسئولِ تحویل‌گرفتنِ بار,تحویلِ بار,Receiving clerk,0,1,دیدن، شمردن، وزن‌کردن و سنجیدنِ دمای باری که می‌رسد و تطبیقِ آن با سفارش و فاکتور.,تحویل بار رسید کالا باسکول
spec_fresh_produce_sourcing_specialist,fresh-produce-sourcing-specialist,role,spec_supply_chain,60,کارشناسِ تأمینِ میوه و سبزی,خریدِ میوه و سبزی,Fresh produce sourcing specialist,0,1,خریدِ روزانهٔ میوه، سبزی و صیفی از میدان یا کشاورز با شناختِ فصل، قیمت و کیفیت.,میدان تره بار بارفروش خرید سبزی
spec_meat_fish_sourcing_specialist,meat-fish-sourcing-specialist,role,spec_supply_chain,70,کارشناسِ تأمینِ گوشت، مرغ و ماهی,خریدِ گوشت و ماهی,"Meat, poultry and fish sourcing specialist",0,1,خریدِ گوشت، مرغ و ماهی با شناختِ درجه، برش، مهرِ دامپزشکی، زنجیرهٔ سرما و قیمت.,خرید گوشت کشتارگاه لاشه شیلات
spec_logistics_coordinator,logistics-coordinator,role,spec_supply_chain,80,هماهنگ‌کنندهٔ حمل و توزیع,هماهنگیِ پخش,Logistics coordinator,0,1,برنامه‌ریزیِ بارگیری، خودروها و مسیرِ پخش بینِ انبار، آشپزخانهٔ مرکزی و شعبه‌ها.,لجستیک پخش توزیع ترابری
spec_packaging_supplier_liaison,packaging-supplier-liaison,role,spec_supply_chain,90,کارشناسِ تأمینِ بسته‌بندی,خریدِ ظرف و بسته‌بندی,Packaging supplier liaison,0,1,پیدا کردن و سفارشِ ظرف، کیسه و جعبهٔ مناسبِ غذا با چاپِ برند و پیگیریِ کیفیتِ آن.,ظرف یکبار مصرف بسته بندی چاپ لیوان
spec_supply_chain_manager,supply-chain-manager,role,spec_supply_chain,100,مدیرِ خرید و زنجیرهٔ تأمین,مدیرِ خرید و انبار,Supply chain manager,0,1,سرپرستیِ خرید، انبار و پخشِ یک زنجیره یا آشپزخانهٔ مرکزی؛ قراردادها، هزینه و سطحِ موجودی.,مدیر بازرگانی مدیر خرید مدیر لجستیک
spec_production_line_operator,production-line-operator,role,spec_production,10,اپراتورِ خطِ تولیدِ غذا,کار در خطِ تولید,Food production line operator,1,1,کار با دستگاه‌های خطِ تولید در کارخانه یا آشپزخانهٔ مرکزی، پاییدنِ وزن و دما و نظافتِ خط.,اپراتور خط تولید کارخانه
spec_packaging_operator,packaging-operator,role,spec_production,20,اپراتورِ بسته‌بندی,بسته‌بندی,Packaging operator,1,1,کار با دستگاهِ پرکن، وکیوم و برچسب‌زن و بررسیِ درزبندی، وزن و تاریخِ روی بسته.,بسته بندی وکیوم لیبل
spec_process_supervisor,process-supervisor,role,spec_production,30,سرپرستِ تولید,سرپرستِ تولید,Production process supervisor,1,1,سرپرستیِ یک شیفت یا خطِ تولید: رسیدن به برنامه، کیفیت، ایمنی و ثبتِ آمار.,سرپرست تولید سرشیفت تولید فورمن
spec_rd_development_chef,rd-development-chef,role,spec_production,40,سرآشپزِ تحقیق و توسعهٔ محصول,آشپزِ محصولِ تازه,R&D / product development chef,0,1,ساختنِ غذا و نوشیدنیِ تازه برای منو یا تولیدِ انبوه، از نمونه تا دستورِ استاندارد و هزینه.,R&D منو دیولوپر تحقیق و توسعه توسعه منو
spec_food_technologist,food-technologist,role,spec_production,40,کارشناسِ صنایعِ غذایی,صنایعِ غذایی,Food technologist,1,1,طراحی و بهبودِ فرایندِ تولید، فرمول و ماندگاریِ محصول با علمِ شیمی و میکروب‌شناسیِ غذا.,مهندس صنایع غذایی تکنولوژیست غذا فرمولاتور
spec_production_planner,production-planner,role,spec_production,60,برنامه‌ریزِ تولیدِ آشپزخانهٔ مرکزی,برنامه‌ریزیِ تولید,Central kitchen production planner,0,1,تبدیلِ سفارشِ شعبه‌ها به برنامهٔ روزانهٔ تولید، خریدِ مواد و نوبتِ دستگاه‌ها.,آشپزخانه مرکزی برنامه ریزی تولید کنترل تولید
spec_labeling_regulatory_specialist,labeling-regulatory-specialist,role,spec_production,70,کارشناسِ برچسب‌گذاری و امورِ پروانه‌ها,برچسب و مجوز,Labeling and regulatory specialist,0,1,آماده‌کردنِ برچسبِ درست و کامل و پیگیریِ پروانهٔ ساخت، ثبتِ محصول و استانداردها.,برچسب پروانه ساخت امور ثبت رگولاتوری
spec_production_manager,production-manager,role,spec_production,80,مدیرِ تولید,مدیرِ تولید,Production manager,0,1,مسئولِ کلِ تولید در کارخانه یا آشپزخانهٔ مرکزی: برنامه، هزینه، کیفیت، ایمنی و نیرو.,مدیر تولید مدیر کارخانه
spec_machine_setup_technician,machine-setup-technician,role,spec_production,90,تکنسینِ تنظیمِ دستگاه‌های تولید,تنظیمِ دستگاه,Production machine setup technician,0,1,آماده‌کردن و تعویضِ قالبِ دستگاه‌های تولید و بسته‌بندی و رفعِ ایرادهای سادهٔ آن‌ها.,تکنسین ستاپ تعمیرات خط
spec_social_media_content_creator,social-media-content-creator,role,spec_marketing_digital,10,تولیدکنندهٔ محتوای شبکه‌های اجتماعی,ادمینِ اینستاگرام,Social media and content creator,1,1,ساختنِ عکس، ویدئو و متنِ پست‌ها برای کافه یا رستوران و پاسخ به پیام‌ها.,ادمین ادمین پیج اینستاگرام محتوا بلاگر غذا
spec_food_photographer,food-photographer,role,spec_marketing_digital,20,عکاسِ غذا,عکاسِ غذا,Food photographer,1,1,عکاسی از غذا و نوشیدنی برای منو، سکوها و تبلیغات با نور و ترکیب‌بندیِ حرفه‌ای.,عکاس عکاسی غذا عکاسی منو
spec_menu_designer_engineer,menu-designer-engineer,role,spec_marketing_digital,30,طراح و مهندسِ منو,طراحیِ منو,Menu designer and engineer,1,1,تحلیلِ فروش و سودِ هر غذا و طراحیِ منوی کاغذی یا دیجیتال که هم خوانا باشد هم سودآور.,منو طراحی منو منوی دیجیتال QR منو
spec_marketplace_manager,marketplace-manager,role,spec_marketing_digital,40,مدیرِ فروشِ سکوهای آنلاین,فروشِ آنلاین,Online platform / marketplace manager,1,1,گرداندنِ فروشگاهِ مجموعه در سکوهای سفارشِ آنلاین: منو، قیمت، عکس، کمپین و پاسخ به مشکلاتِ سفارش.,اسنپ فود پنل فروشنده سفارش آنلاین
spec_food_stylist,food-stylist,role,spec_marketing_digital,50,آرایندهٔ غذا برای عکس و فیلم,فود استایلیست,Food stylist,0,1,آماده و آراستنِ غذا، ظرف و صحنه برای عکاسی و فیلم‌برداری.,فود استایلیست استایلیست غذا
spec_customer_experience_analyst,customer-experience-analyst,role,spec_marketing_digital,60,کارشناسِ تجربهٔ مشتری,رضایتِ مشتری,Customer experience analyst,0,1,جمع‌کردن و تحلیلِ نظرِ مهمانان و پیشنهادِ تغییر در خدمت، منو یا فضا.,رضایت مشتری CX نظرسنجی مشتری ناشناس
spec_loyalty_community_coordinator,loyalty-community-coordinator,role,spec_marketing_digital,70,هماهنگ‌کنندهٔ باشگاهِ مشتریان و ارتباط با جامعه,باشگاهِ مشتریان,Community and loyalty programme coordinator,0,1,گرداندنِ باشگاهِ مشتریان، رویدادهای کوچک و همکاری با محله و گروه‌ها.,باشگاه مشتریان رویداد روابط عمومی
spec_interior_concept_designer,interior-concept-designer,role,spec_marketing_digital,80,طراحِ داخلی و مفهومِ کافه و رستوران,طراحِ فضای کافه,Café and restaurant interior and concept designer,0,1,طراحیِ فضا، نور، مبل و ظاهرِ کلیِ کافه یا رستوران هماهنگ با برند و گردشِ کار.,دکوراتور طراح داخلی معمار داخلی
spec_marketing_manager,marketing-manager,role,spec_marketing_digital,90,مدیرِ بازاریابی,مدیرِ بازاریابی,Marketing manager,0,1,برنامه‌ریزیِ بازاریابیِ برند، بودجهٔ تبلیغ، کمپین‌ها و سنجشِ نتیجه.,مدیر مارکتینگ بازاریابی تبلیغات
spec_graphic_designer,graphic-designer,role,spec_marketing_digital,100,طراحِ گرافیکِ برندهای غذایی,گرافیست,Graphic designer (food brands),0,1,طراحیِ نشان، منو، بسته‌بندی، پوستر و پست برای کافه‌ها، رستوران‌ها و محصولاتِ غذایی.,گرافیست طراح لوگو
spec_hospitality_trainer,hospitality-trainer,role,spec_training_education,10,مدرسِ مهارت‌های پذیرایی و مهمان‌نوازی,مدرسِ پذیرایی,Hospitality trainer,1,1,آموزشِ خدمت به مهمان، آداب، فروش و کارِ گروهی به همکارانِ سالن و پیشخوان.,مدرس مربی ترینر
spec_culinary_instructor,culinary-instructor,role,spec_training_education,30,مدرسِ آشپزی,مدرسِ آشپزی,Culinary instructor,1,1,آموزشِ مهارت‌های آشپزی در آموزشگاه یا مجموعه، از کار با کارد تا دستورهای ایرانی و بین‌المللی.,مدرس آشپزی استاد آشپز آموزشگاه آشپزی
spec_vocational_assessor,vocational-assessor,role,spec_training_education,40,ارزیاب و آزمون‌گرِ مهارتِ فنی و حرفه‌ای,آزمون‌گرِ مهارت,Vocational skills assessor / examiner,0,1,برگزاریِ آزمونِ کتبی و عملیِ مهارت‌های غذا و پذیرایی و دادنِ نتیجهٔ منصفانه بر پایهٔ استاندارد.,آزمونگر ارزیاب فنی و حرفه ای داور مسابقه
spec_onboarding_coordinator,onboarding-coordinator,role,spec_training_education,50,هماهنگ‌کنندهٔ آموزشِ بدوِ کار,آموزشِ همکارِ تازه,Onboarding coordinator,0,1,آماده‌کردنِ روزهای اولِ همکارانِ تازه: آشنایی، آموزش‌های پایه، همراه و پیگیری.,آنبوردینگ معارفه آموزش بدو خدمت
spec_workplace_mentor,workplace-mentor,role,spec_training_education,60,همراه و راهنمای همکاران,راهنمای همکار,Workplace mentor,0,1,همکارِ باتجربه‌ای که همکارِ تازه را در کارِ روزانه همراهی می‌کند، نشان می‌دهد و راهنمایی می‌کند.,منتور استادکار راهنما بزرگتر کار
spec_food_safety_trainer,food-safety-trainer,role,spec_training_education,70,مدرسِ بهداشت و ایمنیِ غذا,مدرسِ بهداشت,Food safety trainer,0,1,آموزشِ بهداشتِ فردی، دما، آلودگیِ متقابل و HACCP به همکاران، از جمله برای کارتِ بهداشت.,دوره بهداشت آموزش بهداشت اصناف کلاس کارت بهداشت
spec_farm_to_table_coordinator,farm-to-table-coordinator,role,spec_agrifood_sourcing,10,هماهنگ‌کنندهٔ تأمینِ مستقیم از مزرعه,خرید از کشاورز,Farm-to-table sourcing coordinator,1,1,پیدا کردنِ کشاورزان و تولیدکنندگانِ کوچک، برنامهٔ فصلیِ خرید و رساندنِ محصولِ تازه به آشپزخانه.,مزرعه تا سفره کشاورز محلی ارگانیک
spec_urban_grower,urban-grower,role,spec_agrifood_sourcing,20,پرورش‌دهندهٔ سبزی و گیاهانِ معطر برای رستوران,گلخانه‌دار,Urban farm / greenhouse grower,1,1,کاشتِ سبزی خوردن، میکروگرین، گیاهانِ معطر و صیفی در گلخانه یا مزرعهٔ شهری برای کافه‌ها و رستوران‌ها.,گلخانه سبزی کار میکروگرین کشاورزی شهری باغبان
spec_herb_saffron_sourcing_specialist,herb-saffron-sourcing-specialist,role,spec_agrifood_sourcing,30,کارشناسِ تأمینِ زعفران، ادویه و گیاهانِ دارویی,خریدِ زعفران و ادویه,"Herb, spice and saffron sourcing specialist",1,1,خریدِ زعفران، ادویه، گل‌گاوزبان و گیاهانِ خشک از تولیدکننده با سنجشِ کیفیت و اصالت.,زعفران عطاری ادویه گیاهان دارویی
spec_coffee_tea_origin_liaison,coffee-tea-origin-liaison,role,spec_agrifood_sourcing,40,کارشناسِ خاستگاهِ قهوه و چای,خریدِ قهوه و چای,Coffee and tea origin liaison,0,1,ارتباط با تولیدکنندگانِ قهوه و چای در خاستگاه، نمونه‌گیری، چشیدن و هماهنگیِ خرید و واردات.,قهوه سبز واردات قهوه چای لاهیجان کاپینگ
spec_forager,forager,role,spec_agrifood_sourcing,50,گردآورندهٔ گیاهان و قارچ‌های خودرو,جمع‌کنندهٔ گیاهِ کوهی,Forager,0,1,چیدنِ گیاهان، میوه‌ها و قارچ‌های خوراکیِ خودرو از کوه و جنگل با شناختِ مطمئن و بدونِ آسیب به طبیعت.,گیاه کوهی قارچ وحشی کنگر ریواس والک
spec_food_safety_basics,food-safety-basics,competency,spec_food_safety,100,اصولِ ایمنیِ مواد غذایی,غذای سالم,Food safety basics,0,1,دانستنِ این‌که غذا چطور آلوده می‌شود و چطور سالم می‌ماند: شستنِ دست، جدا نگه‌داشتنِ خام و پخته، دمای درست و تاریخِ مصرف. پایه‌ی هر کاری است که با غذا سروکار دارد.,بهداشت غذا ایمنی غذا کارت بهداشت بهداشت مواد غذایی
spec_personal_hygiene,personal-hygiene,competency,spec_food_safety,100,بهداشتِ فردی در کار با غذا,بهداشتِ فردی,Personal hygiene,0,1,دست‌ها را درست و به‌موقع شستن، لباسِ کارِ تمیز، موی پوشیده، ناخنِ کوتاه و گزارشِ بیماری پیش از شروعِ کار. تا آلودگی از بدنِ ما به غذا نرسد.,شستن دست کلاه و دستکش لباس کار بهداشت شخصی روپوش
spec_allergen_management,allergen-management,competency,spec_food_safety,100,مدیریتِ مواد حساسیت‌زا,حساسیتِ غذایی,Allergen management,0,1,شناختنِ مواد حساسیت‌زای رایج مثلِ بادام‌زمینی، مغزها، شیر، تخم‌مرغ، گندم، کنجد و ماهی، جدا نگه‌داشتنِ آن‌ها و پاسخِ درست به مهمانی که حساسیت دارد. یک اشتباهِ کوچک می‌تواند جانِ کسی را به خطر بیندازد.,آلرژی حساسیت غذایی گلوتن بادام زمینی بدون گلوتن
spec_haccp,haccp,competency,spec_food_safety,100,سامانه‌ی تحلیلِ خطر و نقاطِ کنترلِ بحرانی (HACCP),هَسَپ,HACCP,0,1,پیدا کردنِ مرحله‌هایی از کار که غذا در آن‌ها ممکن است خطرناک شود، تعیینِ حدِ مجاز برای هر مرحله، پایش و ثبتِ آن و کارِ اصلاحی وقتی چیزی از حد بیرون رفت. زبانِ مشترکِ بازرس‌ها و آشپزخانه‌های حرفه‌ای است.,هسپ HACCP نقاط کنترل بحرانی ایزو ۲۲۰۰۰ فرم پایش
spec_temperature_control,temperature-control,competency,spec_food_safety,100,کنترلِ دمای غذا,دمای غذا,Temperature control,0,1,اندازه‌گرفتنِ دمای غذا با دماسنج، پختنِ کامل، گرم نگه‌داشتنِ غذای آماده بالای ۶۳ درجه، سرد کردنِ سریع و ثبتِ دماها. غذا نباید مدتِ زیادی در دمای خطر بماند.,دماسنج دمای یخچال گرم نگه داشتن سرد کردن غذا بن ماری
spec_cold_chain_handling,cold-chain-handling,competency,spec_food_safety,100,حفظِ زنجیره‌ی سرما,زنجیره‌ی سرما,Cold chain handling,0,1,نگه‌داشتنِ مواد سرد و یخ‌زده در دمای درست از لحظه‌ی رسیدن تا مصرف: زود به یخچال رساندن، باز نگذاشتنِ درِ سردخانه، یخ‌زدایی در یخچال و یخ‌نزدنِ دوباره.,سردخانه یخچال فریزر یخ زدایی مواد یخ زده
spec_cleaning_sanitation_routines,cleaning-sanitation-routines,competency,spec_cleaning_sanitation,100,برنامه‌ی نظافت و گندزدایی,نظافت و ضدعفونی,Cleaning and sanitation routines,0,1,نظافتِ روزانه، هفتگی و ماهانه طبقِ برنامه: اول شستن و چربی‌زدایی، بعد گندزدایی با غلظت و زمانِ درست، و تیک‌زدنِ جدولِ نظافت. تمیز بودن و گندزدایی‌شده بودن دو چیزِ متفاوت‌اند.,نظافت ضدعفونی وایتکس شستشو تی کشیدن جدول نظافت
spec_dishwasher_operation,dishwasher-operation,competency,spec_cleaning_sanitation,100,کار با ماشینِ ظرفشویی صنعتی,ماشینِ ظرفشویی,Dishwasher operation,0,1,چیدنِ درستِ ظرف در سبد، پیش‌شویی، کنترلِ دمای شستن و آب‌کشی، پر کردنِ شوینده و جلادهنده، و تمیز کردنِ فیلترها در پایانِ روز. ظرفی که از ماشین بیرون می‌آید باید تمیز و بی‌میکروب باشد.,ظرفشویی ماشین ظرفشویی ظرف شستن شستن ظرف استیوارد
spec_waste_sorting,waste-sorting,competency,spec_cleaning_sanitation,100,تفکیکِ پسماند,جدا کردنِ زباله,Waste sorting,0,1,جدا کردنِ پسماندِ تر، خشک، روغنِ سوخته، شیشه و کارتن، بستن و بیرون گذاشتنِ به‌موقعِ کیسه‌ها و تمیز نگه‌داشتنِ جای زباله. روغنِ سوخته هرگز در فاضلاب ریخته نمی‌شود.,زباله پسماند بازیافت روغن سوخته سطل آشغال
spec_pest_prevention,pest-prevention,competency,spec_food_safety,100,پیشگیری از جانوران موذی,جلوگیری از حشره و موش,Pest prevention,0,1,بستنِ راهِ ورودِ موش، سوسک و مگس، نگهداریِ مواد در ظرفِ دربسته، تمیز نگه‌داشتنِ پشتِ دستگاه‌ها و گزارشِ نشانه‌ها به مسئول. سم‌پاشی کارِ شرکتِ مجاز است، نه همکارِ آشپزخانه.,سوسک موش مگس سم پاشی حشرات
spec_fire_safety,fire-safety,competency,spec_workplace_safety,100,ایمنی در برابرِ آتش‌سوزی,ایمنیِ آتش,Fire safety,0,1,شناختنِ خطرِ روغنِ داغ، گاز و هود، کار با کپسول و پتوی ضدِ آتش، دانستنِ راهِ خروج و بستنِ شیرِ گاز. روی آتشِ روغن هرگز آب ریخته نمی‌شود.,آتش سوزی کپسول آتش نشانی پتوی نسوز نشت گاز شیر گاز
spec_first_aid,first-aid,competency,spec_workplace_safety,100,کمک‌های اولیه,کمک‌های اولیه,First aid,0,1,رسیدگیِ نخست به بریدگی، سوختگی، خفگی با غذا و بیهوشی تا رسیدنِ اورژانس، و دانستنِ جای جعبه‌ی کمک‌های اولیه. تماس با ۱۱۵ را سریع و با آدرسِ دقیق انجام دادن.,کمک های اولیه سوختگی بریدگی ۱۱۵ مانور هایملیخ احیا
spec_manual_handling,manual-handling,competency,spec_workplace_safety,100,جابه‌جاییِ ایمنِ بار,بلند کردنِ درستِ بار,Manual handling,0,1,بلند کردن و جابه‌جا کردنِ کیسه، جعبه و دیگ با پشتِ صاف و خمِ زانو، بارِ سنگین را دونفره یا با چرخ بردن، و چیدنِ سنگین‌ها در قفسه‌های پایین. تا کمر و شانه آسیب نبیند.,بلند کردن بار حمل بار کمردرد جابجایی کیسه چرخ دستی
spec_knife_safety,knife-safety,competency,spec_workplace_safety,100,ایمنی در کار با چاقو,ایمنیِ چاقو,Knife safety,0,1,چاقوی تیز و مناسب برداشتن، تخته را با دستمالِ نمدار ثابت کردن، چاقو را با نوکِ رو به پایین جابه‌جا کردن و هرگز در ظرفشوییِ پرِ آب نگذاشتن. چاقوی کُند خطرناک‌تر از چاقوی تیز است.,چاقو بریدگی دست دستکش ضد برش تخته گوشت
spec_slip_and_burn_prevention,slip-and-burn-prevention,competency,spec_workplace_safety,100,پیشگیری از لغزش و سوختگی,لیز نخوردن، نسوختن,Slip and burn prevention,0,1,خشک نگه‌داشتنِ کف و گذاشتنِ تابلوی هشدار، کفشِ ضدِ لغزش، گفتنِ «پشتِ سرتون، داغه» در شلوغی، دسته‌ی تابه رو به داخل و دستکشِ فر. بیشترِ حادثه‌های آشپزخانه همین دو تا هستند.,لیز خوردن سوختگی کفش ایمنی دستکش فر کف خیس
spec_customer_service,customer-service,competency,spec_guest_service,100,خدمت‌رسانی به مهمان,برخورد خوب با مهمان,Customer service,0,1,با احترام و لبخند سلام کردن، خوب گوش دادن، پاسخِ روشن و به‌موقع، و دنبال کردنِ خواسته‌ی مهمان تا انجام شود. مهمان با حسی که از برخورد می‌گیرد برمی‌گردد یا برنمی‌گردد.,مشتری مداری برخورد با مشتری خوش اخلاقی مهمان نوازی سرویس دهی
spec_complaint_handling,complaint-handling,competency,spec_guest_service,100,رسیدگی به گلایه‌ی مهمان,رسیدگی به گلایه,Complaint handling,0,1,گلایه را بی‌بحث و تا آخر شنیدن، عذرخواهیِ صادقانه، پیشنهادِ راهِ جبران در حدِ اختیار و خبر دادن به مسئول. بعد پیگیری که مهمان راضی رفته است.,شکایت مشتری اعتراض مشتری مشتری ناراضی برگشت غذا
spec_teamwork,teamwork,competency,spec_personal_effectiveness,100,کارِ گروهی,هم‌کاری با تیم,Teamwork,0,1,هماهنگ کار کردن با همکاران، کمک در شلوغی، پاسخ دادن به صدا زدن‌ها، احترام به نقشِ هر کس و حلِ اختلاف بدونِ درگیری. در آشپزخانه و سالن هیچ‌کس تنها کار نمی‌کند.,کار تیمی همکاری روحیه تیمی هماهنگی
spec_time_management,time-management,competency,spec_personal_effectiveness,100,مدیریتِ زمان,کار را به‌موقع رساندن,Time management,0,1,سرِ وقت رسیدن، اولویت دادن به کارهای فوری، هم‌زمان پیش بردنِ چند کار و تمام کردنِ آماده‌سازی پیش از شلوغی. ساعتِ سرو منتظرِ کسی نمی‌ماند.,وقت شناسی مدیریت زمان سرعت عمل اولویت بندی
spec_following_recipes,following-recipes,competency,spec_culinary_techniques,100,پیروی از دستورِ پخت,طبقِ دستور پختن,Following recipes,0,1,خواندن و اجرای دقیقِ دستورِ پختِ استانداردِ مجموعه با وزن و ترتیب و زمانِ گفته‌شده، تا غذا هر بار همان مزه و اندازه را داشته باشد.,دستور پخت رسپی ریسپی دستور غذا کارت پخت
spec_portion_control,portion-control,competency,spec_culinary_techniques,100,کنترلِ اندازه‌ی سهم,اندازه‌ی درستِ پرس,Portion control,0,1,هر پرس را با ترازو، ملاقه یا پیمانه‌ی مشخص به اندازه‌ی یکسان کشیدن. تا مهمان همیشه همان مقدار را بگیرد و هزینه از دست نرود.,پرس اندازه پرس کشیدن غذا ملاقه گرماژ
spec_stock_rotation_fifo,stock-rotation-fifo,competency,spec_purchasing_inventory,100,گردشِ موجودی به روشِ اول‌وارد، اول‌خارج,اول قدیمی‌ها,Stock rotation (FIFO),0,1,جنسِ تازه‌رسیده را پشت و جنسِ قدیمی‌تر را جلو گذاشتن تا زودتر مصرف شود، و بازبینیِ تاریخ‌ها. تا چیزی تاریخ‌گذشته و دورریز نشود.,فیفو FIFO چیدمان انبار تاریخ مصرف اول وارد اول خارج
spec_receiving_deliveries,receiving-deliveries,competency,spec_purchasing_inventory,100,تحویل گرفتنِ کالا,بار تحویل گرفتن,Receiving deliveries,0,1,مقایسه‌ی بار با سفارش و فاکتور، وزن کردن، بازبینیِ دما، تاریخ و سالم بودنِ بسته‌ها، برگرداندنِ جنسِ نامناسب و زود جا دادنِ سرد و یخ‌زده.,تحویل بار تحویل کالا فاکتور انباردار بارگیری
spec_inventory_counting,inventory-counting,competency,spec_purchasing_inventory,100,شمارشِ موجودیِ انبار,انبارگردانی,Inventory counting,0,1,شمردن و وزن کردنِ منظمِ موجودیِ انبار و یخچال‌ها، ثبت در فرم یا نرم‌افزار و مقایسه با مصرف، تا کمبود، دورریز یا گم‌شدن دیده شود.,انبار گردانی شمارش انبار موجودی انباردار کاردکس
spec_cash_handling,cash-handling,competency,spec_sales_cash,100,کار با وجهِ نقد,دریافتِ پول,Cash handling,0,1,گرفتنِ پول، دادنِ بقیه‌ی درست، شناختنِ اسکناسِ مشکوک و بستنِ صندوق در پایانِ شیفت با تطبیقِ نقد و فروش.,صندوق صندوقدار پول نقد بستن صندوق بقیه پول تراز صندوق
spec_pos_operation,pos-operation,competency,spec_sales_cash,100,کار با صندوقِ فروشگاهی,کار با صندوق,POS operation,0,1,ثبتِ سفارش و فاکتور در نرم‌افزارِ صندوق، اعمالِ تخفیف، تقسیمِ حساب، برگشتِ فروش و گرفتنِ گزارشِ پایانِ روز.,صندوق فروشگاهی نرم افزار صندوق POS فاکتور زدن پوز
spec_card_payments,card-payments,competency,spec_sales_cash,100,دریافتِ پرداختِ کارتی و دیجیتال,کارت کشیدن,Card and digital payments,0,1,کار با کارت‌خوان، پرداختِ کیوآر و کیف‌پولِ دیجیتال، تطبیقِ مبلغ پیش از کشیدنِ کارت، رسیدگی به تراکنشِ ناموفق و بستنِ دستگاه در پایانِ روز. رمزِ کارت را مهمان خودش می‌زند.,کارتخوان پوز کارت کشیدن پرداخت کیو آر تراکنش ناموفق
spec_upselling,upselling,competency,spec_sales_cash,100,پیشنهادِ فروشِ بیشتر,پیشنهاد دادن به مهمان,Upselling,0,1,پیشنهادِ مؤدبانه و به‌جای پیش‌غذا، نوشیدنی، دسر یا اندازه‌ی بزرگ‌تر که واقعاً به کارِ مهمان بیاید، بی‌اصرار. پیشنهادِ خوب هم به مهمان کمک می‌کند هم به فروش.,فروش بیشتر پیشنهاد دسر آپسل بازاریابی سر میز
spec_order_taking,order-taking,competency,spec_guest_service,100,گرفتنِ سفارش,سفارش گرفتن,Order taking,0,1,سفارش را دقیق و به ترتیبِ جای نشستن نوشتن یا در دستگاه زدن، پرسیدنِ پخت، سُس و حساسیت، و خواندنِ دوباره‌ی سفارش برای مهمان. اشتباه در سفارش یعنی غذای دوباره و مهمانِ منتظر.,سفارش گرفتن گرفتن سفارش منو دادن کاپتان
spec_table_service,table-service,competency,spec_guest_service,100,سرو سرِ میز,سرو غذا سرِ میز,Table service,0,1,چیدنِ میز، آوردنِ غذا و نوشیدنی به ترتیبِ درست، برداشتنِ ظرف‌های خالی بی‌مزاحمت، پر کردنِ آب و رسیدگی به میز در طولِ غذا. سرو از سمتِ درست و بی‌سروصدا.,سرو غذا میز چیدن سرویس میز گارسونی پیشخدمتی جمع کردن میز
spec_tray_carrying,tray-carrying,competency,spec_guest_service,100,حملِ سینی,سینی دست گرفتن,Tray carrying,0,1,سینی را با کفِ دست و نزدیکِ شانه متعادل نگه‌داشتن، سنگین‌ها را وسط و نزدیکِ بدن چیدن و از میانِ جمعیت آرام گذشتن. تعادلِ سینی از چیدنِ درست شروع می‌شود.,سینی حمل سینی سینی گرفتن بشقاب گرفتن
spec_menu_knowledge,menu-knowledge,competency,spec_guest_service,100,شناختِ منو,منو را بشناسد,Menu knowledge,0,1,دانستنِ این‌که هر غذا و نوشیدنی از چه ساخته شده، چطور پخته می‌شود، چه مزه‌ای دارد و چه موادِ حساسیت‌زایی دارد، تا بتوان به مهمان پیشنهادِ درست داد.,منو شناخت غذاها مواد غذا توضیح غذا
spec_persian_hospitality_etiquette,persian-hospitality-etiquette,competency,spec_guest_service,100,آدابِ مهمان‌نوازیِ ایرانی,آدابِ پذیرایی,Persian hospitality etiquette,0,1,رعایتِ ادب و آیینِ مهمان‌نوازیِ ایرانی: سلام و خوشامدِ گرم، احترام به بزرگ‌ترها، پذیراییِ چای، شناختنِ تعارف و پاسخِ مؤدبانه به آن، و رعایتِ حریم و عرفِ خانواده‌ها.,تعارف ادب مهمان نوازی احترام پذیرایی ایرانی
spec_english_for_hospitality,english-for-hospitality,competency,spec_communication_languages,100,زبانِ انگلیسی برای پذیرایی,انگلیسیِ کاری,English for hospitality,0,1,خوشامد، معرفیِ منو، گرفتنِ سفارش، پاسخ به پرسش‌های ساده و گرفتنِ حساب به انگلیسی با گردشگر و مهمانِ خارجی. جمله‌های کوتاه و روشن کافی است.,انگلیسی زبان انگلیسی مکالمه انگلیسی توریست مهمان خارجی
spec_reading_order_tickets,reading-order-tickets,competency,spec_communication_languages,100,خواندنِ فیشِ سفارش,خواندنِ فیش,Reading order tickets,0,1,خواندن و فهمیدنِ فیشِ کاغذی یا صفحه‌ی سفارشِ آشپزخانه با کوته‌نوشت‌ها، شماره‌ی میز، ترتیب و یادداشت‌های ویژه، و خبر دادنِ آماده شدن. پایه‌ی هماهنگیِ آشپزخانه و سالن است.,فیش فیش سفارش بن سفارش صفحه آشپزخانه چک
spec_shift_handover,shift-handover,competency,spec_communication_languages,100,تحویل و تحولِ شیفت,تحویلِ شیفت,Shift handover,0,1,گفتن و نوشتنِ کارهای مانده، کمبودها، خرابی‌ها، سفارش‌های باز و نکته‌های مهم برای همکارِ شیفتِ بعد. تا هیچ چیزی میانِ دو شیفت گم نشود.,تحویل شیفت دفتر شیفت گزارش شیفت تعویض شیفت
spec_basic_arithmetic,basic-arithmetic,competency,spec_personal_effectiveness,100,حسابِ پایه,حساب و کتابِ ساده,Basic arithmetic,0,1,جمع و تفریق و ضربِ ساده، درصد، بقیه‌ی پول، تبدیلِ واحدها مثلِ گرم و کیلو و لیتر، و بزرگ یا کوچک کردنِ دستور به نسبتِ تعداد.,حساب ریاضی حساب کتاب درصد تبدیل واحد
spec_digital_ordering_platforms,digital-ordering-platforms,competency,spec_sales_cash,100,کار با سامانه‌های سفارشِ آنلاین,سفارشِ آنلاین,Digital ordering platforms,0,1,پذیرفتنِ سفارش از سامانه‌هایی مثلِ اسنپ‌فود، منوی کیوآر و سفارشِ اینترنتی، به‌روز کردنِ ناموجودها، زمان‌بندیِ آماده شدن و تحویل به پیک.,اسنپ فود سفارش آنلاین منو دیجیتال پنل فروشنده دیجی کالا فود تبلت سفارش
spec_cost_control,cost-control,competency,spec_finance_cost,100,کنترلِ هزینه,کنترلِ خرج,Cost control,0,1,پایشِ هزینه‌ی مواد، نیرو، انرژی و دورریز نسبت به فروش، پیدا کردنِ جای نشتِ هزینه و اقدام برای کم کردنِ آن بی‌آن‌که کیفیت آسیب ببیند.,کنترل هزینه کاهش هزینه درصد هزینه غذا فود کاست دورریز
spec_menu_costing,menu-costing,competency,spec_finance_cost,100,بهای تمام‌شده و قیمت‌گذاریِ منو,قیمتِ تمام‌شده‌ی غذا,Menu costing,0,1,محاسبه‌ی بهای موادِ هر غذا از روی دستورِ پخت و بازده، تعیینِ قیمتِ فروش و درصدِ هزینه، و تحلیلِ این‌که کدام غذاها پرفروش و پرسودند.,قیمت گذاری منو قیمت تمام شده فود کاست مهندسی منو
spec_staff_scheduling,staff-scheduling,competency,spec_management_leadership,100,برنامه‌ریزیِ شیفتِ همکاران,چیدنِ شیفت‌ها,Staff scheduling,0,1,چیدنِ برنامه‌ی شیفت بر پایه‌ی پیش‌بینیِ شلوغی، مهارتِ همکاران، استراحتِ قانونی و خواسته‌های آن‌ها، و اعلامِ زودهنگامِ برنامه تا همه بتوانند زندگی‌شان را برنامه‌ریزی کنند.,برنامه شیفت شیفت بندی چیدن شیفت حضور و غیاب
spec_team_leadership,team-leadership,competency,spec_management_leadership,100,رهبریِ تیم,سرپرستیِ تیم,Team leadership,0,1,تقسیمِ کار، روشن گفتنِ انتظار، پشتیبانی در شلوغی، تصمیم‌گیری در لحظه، دیدنِ کارِ خوب و رسیدگیِ منصفانه به مشکل‌ها. سرپرستِ خوب اول خودش کار می‌کند.,سرپرستی مدیریت تیم سرپرست شیفت رهبری
spec_coaching_others,coaching-others,competency,spec_teaching_training,100,آموزش و راهنماییِ همکاران,یاد دادن به همکار,Coaching others,0,1,نشان دادنِ کار به همکارِ تازه‌وارد، گذاشتنِ او به انجام دادن، بازخوردِ روشن و مهربان و پیگیری تا مهارت جا بیفتد.,آموزش همکار کارآموز تعلیم استاد کار شاگرد
spec_equipment_cleaning_basics,equipment-cleaning-basics,competency,spec_cleaning_sanitation,100,نظافتِ پایه‌ی تجهیزات,تمیز کردنِ دستگاه‌ها,Equipment cleaning basics,0,1,خاموش و از برق جدا کردنِ دستگاه، باز کردنِ قطعه‌های جداشدنی، شستن و خشک کردن و سوار کردنِ درست. شامل چرخ‌گوشت، اسلایسر، گریل، سرخ‌کن و آسیاب.,تمیز کردن دستگاه شستن اسلایسر تمیز کردن سرخ کن دیگ شویی هود
spec_espresso,espresso,competency,spec_coffee_tea_beverage,100,عصاره‌گیریِ اسپرسو,اسپرسو,Espresso extraction,0,1,آسیاب، دوز و تمپِ درست، عصاره‌گیری با نسبت و زمانِ مشخص و خواندنِ رنگ و مزه‌ی شات. شاتِ خوب نه ترش است نه تلخ.,اسپرسو دستگاه اسپرسو شات باریستا قهوه ساز تمپر کافی من
spec_latte_art,latte-art,competency,spec_coffee_tea_beverage,100,لاته‌آرت,نقش روی قهوه,Latte art,0,1,ریختنِ شیرِ بافت‌دار روی اسپرسو با کنترلِ ارتفاع، سرعت و حرکتِ پیچر تا نقش‌هایی مثلِ قلب، لاله و برگ ساخته شود.,لاته آرت طرح روی قهوه قلب روی قهوه لاته
spec_brewbar,brewbar,competency,spec_coffee_tea_beverage,100,دم‌آوریِ دستیِ قهوه,قهوه‌ی دمی,Manual brewing (brew bar),0,1,دم کردنِ قهوه با روش‌های دستی مثلِ V60، کمکس، ایروپرس، فرنچ‌پرس و سایفون با نسبتِ قهوه به آب، آسیاب، دما و زمانِ درست، و توضیحِ طعمِ دانه به مهمان.,دمی وی شصت V60 کمکس ایروپرس فرنچ پرس موکاپات قهوه دمی
spec_milk_texturing,milk-texturing,competency,spec_coffee_tea_beverage,100,بخار دادن و بافت‌دادنِ شیر,کفِ شیر,Milk texturing,0,1,هوا دادن و چرخاندنِ شیر با نازلِ بخار تا کفی ریز، براق و یکنواخت ساخته شود و شیر بیش از حدودِ ۶۵ درجه داغ نشود. پایه‌ی لاته، کاپوچینو و لاته‌آرت است.,فوم شیر کف شیر استیم شیر شیر بخار پیچر
spec_grinder_dial_in,grinder-dial-in,competency,spec_coffee_tea_beverage,100,تنظیمِ آسیابِ قهوه,تنظیمِ آسیاب,Grinder dial-in,0,1,تنظیمِ درشتی و ریزیِ آسیاب و دوزِ قهوه در آغازِ هر روز و با تغییرِ دانه، هوا یا رطوبت، با چشیدن و اندازه‌گرفتنِ زمان و وزنِ شات تا عصاره به مقدارِ هدف برسد.,آسیاب تنظیم آسیاب دایل این آسیاب قهوه درجه آسیاب
spec_water_chemistry_for_coffee,water-chemistry-for-coffee,competency,spec_coffee_tea_beverage,100,شیمیِ آب برای قهوه و چای,آبِ مناسبِ قهوه,Water chemistry for coffee,0,1,شناختنِ سختی و قلیاییتِ آب و اثرش بر مزه و بر رسوبِ دستگاه، تنظیمِ فیلتر و سختی‌گیر و آزمایشِ ساده‌ی آب. قهوه بیش از ۹۸ درصد آب است.,سختی آب فیلتر آب رسوب آب قهوه سختی گیر TDS
spec_tea_brewing,tea-brewing,competency,spec_coffee_tea_beverage,100,دم کردنِ چای,چای دم کردن,Tea brewing,0,1,دم کردنِ چای سیاهِ ایرانی با قوری و کتری و چای‌های سبز، سفید و دمنوش‌ها با دما و زمانِ مناسبِ هر کدام، و سروِ خوش‌رنگ و تازه. چایِ مانده و جوشیده سرو نمی‌شود.,چای چایی دم کردن چای سماور دمنوش قوری چای خانه
spec_knife_skills,knife-skills,competency,spec_culinary_techniques,100,مهارتِ کار با چاقو,خرد کردن با چاقو,Knife skills,0,1,در دست گرفتنِ درستِ چاقو و خرد کردنِ یکنواخت و سریع با برش‌های رایج مثلِ خلالی، مکعبی، ریز و حلقه‌ای، و تیز نگه‌داشتنِ چاقو. برشِ یکنواخت یعنی پختِ یکنواخت.,خرد کردن خلال کردن ریز کردن سبزی خرد کردن چاقو کاری
spec_mise_en_place,mise-en-place,competency,spec_culinary_techniques,100,آماده‌سازیِ پیش از سرو (میزان‌پلاس),آماده‌سازی,Mise en place,0,1,پیش از شروعِ سرو همه‌ی مواد را شسته، خرد، اندازه‌شده و مرتب در دسترس گذاشتن و ابزار را آماده کردن. هر چیز سرِ جای خود، تا در شلوغی دنبالِ چیزی نگردید.,میزانپلاس میزان پلاس آماده سازی پرپ پیش آماده سازی
spec_cooking_methods,cooking-methods,competency,spec_culinary_techniques,100,روش‌های پخت,روش‌های پخت‌وپز,Cooking methods,0,1,شناختن و به‌کار بستنِ روش‌های پختِ خشک و تر: سرخ کردن، سرخ‌کردنِ سریع، کباب، تنور، آب‌پز، بخارپز، دم‌پختن و خوراکِ آرام‌پز. هر ماده و هر برش روشِ مناسبِ خود را دارد.,پخت و پز سرخ کردن آب پز بخارپز خورش پختن تفت دادن
spec_plating,plating,competency,spec_culinary_techniques,100,آرایشِ بشقاب,چیدنِ غذا در بشقاب,Plating,0,1,چیدنِ تمیز و زیبای غذا در بشقاب طبقِ عکس یا نمونه‌ی مجموعه، با رنگ، ارتفاع و جای خالیِ متعادل و لبه‌ی تمیزِ بشقاب. غذا اول با چشم خورده می‌شود.,تزیین غذا دیزاین بشقاب چیدمان غذا پلیتینگ سرو زیبا
spec_rice_cooking_persian,rice-cooking-persian,competency,spec_culinary_techniques,100,پختِ برنجِ ایرانی,پلو و کته,Persian rice cooking,0,1,خیساندن و آبکش کردنِ برنج، دم‌گذاشتن با دم‌کنی، ته‌دیگِ برنجی، نانی و سیب‌زمینی، کته و زعفرانِ دم‌کرده. دانه‌ی بلند، جدا و پفکرده نشانه‌ی پلوی خوب است.,پلو کته ته دیگ دم کنی برنج آبکش پلوپز برنج پز
spec_kebab_grilling,kebab-grilling,competency,spec_culinary_techniques,100,کباب‌پزی روی آتش,کباب زدن,Kebab grilling,0,1,آماده کردن و به سیخ کشیدنِ گوشتِ چرخ‌کرده و تکه‌ای، مزه‌دار کردن، روشن و یکنواخت نگه‌داشتنِ آتشِ ذغال یا گاز و چرخاندنِ به‌موقعِ سیخ تا کباب آبدار و کامل پخته شود. از کوبیده تا جوجه و جگر.,کباب کوبیده جوجه کباب سیخ کشیدن منقل کبابی جگرکی
spec_bread_dough_handling,bread-dough-handling,competency,spec_baking_pastry,100,کار با خمیرِ نان,خمیرگیری,Bread dough handling,0,1,وزن کردنِ مواد، ورز دادن، استراحت و تخمیرِ خمیر، چانه گرفتن و پهن کردن. شامل نان‌های ایرانی مثلِ سنگک، بربری، لواش و تافتون و نان‌های حجیم.,خمیر چانه گیری ورز دادن خمیرگیر شاطر نانوایی خمیر مایه
spec_food_labeling,food-labeling,competency,spec_food_safety,100,برچسب‌گذاریِ مواد غذایی,برچسب زدن,Food labelling,0,1,روی هر ظرفِ آماده‌شده نام، تاریخِ تهیه، تاریخِ مصرف و در صورتِ نیاز مواد حساسیت‌زا را نوشتن، و خواندنِ برچسبِ بسته‌های رسیده. برای فروشِ بسته‌بندی، برچسب باید با ضوابطِ سازمانِ غذا و دارو بخواند.,برچسب لیبل تاریخ انقضا تاریخ تولید اتیکت
spec_charcoal_fire_management,charcoal-fire-management,competency,spec_kitchen_equipment_operation,100,روشن‌کردن و نگه‌داشتنِ آتشِ زغال,منقل و زغال,Charcoal fire management,0,1,آماده‌کردنِ زغال، یکنواخت نگه‌داشتنِ حرارتِ منقل و خاموش‌کردنِ ایمنِ آن.,منقل زغال آتش کباب باد زدن
spec_wood_fired_oven,wood-fired-oven,competency,spec_kitchen_equipment_operation,100,کار با تنورِ هیزمی و آجری,تنور,Wood-fired and clay oven operation,0,1,روشن‌کردن، گرم‌نگه‌داشتن و پختن در تنور و فرِ هیزمی، و خاکسترگیریِ ایمن.,تنور فر هیزمی فر آجری تنوری
spec_mobile_kitchen_operation,mobile-kitchen-operation,competency,spec_kitchen_equipment_operation,100,کار در آشپزخانهٔ سیار,فودتراک,Food truck operation,0,1,کار با آشپزخانهٔ کوچکِ خودرو: مخزنِ آب، کپسولِ گاز، ژنراتور، جای محدود و جابه‌جاییِ روزانه.,فود تراک ون غذا آشپزخانه سیار ژنراتور
spec_combi_oven_operation,combi-oven-operation,competency,spec_kitchen_equipment_operation,100,کار با فرِ کامبی,فرِ کامبی,Combi oven operation,0,1,برنامه‌دادن به فری که هوای داغ و بخار را با هم دارد، پختِ هم‌زمانِ چند سینی و شست‌وشو و رسوب‌زداییِ آن.,کامبی فر کامبی رشنال فر بخار
spec_fryer_operation_and_oil_care,fryer-operation-and-oil-care,competency,spec_kitchen_equipment_operation,100,کار با سرخ‌کن و نگهداریِ روغن,سرخ‌کن,Fryer operation and oil care,0,1,روشن‌کردن و تنظیمِ دمای سرخ‌کن، صاف‌کردن و آزمایشِ روغن، تعویضِ به‌موقع و دفعِ درستِ روغنِ کهنه.,سرخ کن دیپ فرایر تعویض روغن روغن سوخته
spec_gas_range_safety,gas-range-safety,competency,spec_kitchen_equipment_operation,100,کارِ ایمن با اجاق و مشعلِ گاز,اجاقِ گاز,Gas range and burner safety,0,1,روشن و خاموش‌کردنِ درستِ اجاق و مشعل، تنظیمِ شعله، شناختنِ بوی گاز و کارِ درست هنگامِ نشتی.,اجاق گاز مشعل گاز شعله کپسول
spec_pressure_cooker_operation,pressure-cooker-operation,competency,spec_kitchen_equipment_operation,100,کار با زودپز,زودپز,Pressure cooker operation,0,1,پر کردنِ درست، بستن، تنظیمِ حرارت و بازکردنِ ایمنِ زودپزهای خانگی و صنعتی و بررسیِ سوپاپ و واشر.,زودپز پلوپز فشاری سوپاپ
spec_tilting_kettle_bratt_pan,tilting-kettle-bratt-pan,competency,spec_kitchen_equipment_operation,100,کار با دیگِ صنعتیِ واژگون‌شو و تابهٔ بزرگ,دیگِ صنعتی,Tilting kettle and bratt pan operation,0,1,کار با دیگ‌های دوجداره و تابه‌های بزرگِ برقی یا گازی که برای خالی‌کردن کج می‌شوند.,دیگ بخار دیگ دوجداره تابه صنعتی برات پن
spec_slicer_and_grinder_operation,slicer-and-grinder-operation,competency,spec_kitchen_equipment_operation,100,کار با چرخ‌گوشت و دستگاهِ اسلایس,چرخ‌گوشت,Meat grinder and slicer operation,0,1,کارِ ایمن با چرخ‌گوشت و اسلایسر، استفاده از محافظ و فشاردهنده، بازکردن و شستنِ کاملِ قطعه‌ها.,چرخ گوشت اسلایسر کالباس بر
spec_kitchen_food_machines,kitchen-food-machines,competency,spec_kitchen_equipment_operation,100,کار با میکسر، غذاساز و پوست‌کن,دستگاه‌های آشپزخانه,"Food processors, mixers and peelers",0,1,کار و شست‌وشوی ایمنِ میکسر، غذاساز، مخلوط‌کن، رنده‌برقی و سیب‌زمینی‌پوست‌کن.,غذاساز میکسر پوست کن مخلوط کن رنده برقی
spec_blast_chiller_cold_room,blast-chiller-cold-room,competency,spec_kitchen_equipment_operation,100,کار با بلاست‌چیلر، سردخانه و فریزر,سردخانه,Blast chiller and cold room use,0,1,چیدنِ درست در سردخانه و فریزر، کار با بلاست‌چیلر، خواندنِ دما و گزارشِ خرابی.,سردخانه بلاست چیلر فریزر یخچال ایستاده
spec_persian_khoresh,persian-khoresh,competency,spec_culinary_iranian,100,خورش‌پزی,خورش,Persian stews (khoresh),0,1,پختنِ خورش‌هایی مثلِ قورمه‌سبزی، قیمه و فسنجان: سرخ‌کردنِ درستِ سبزی و پیاز، پختِ آرام و جاافتادن.,قورمه سبزی قیمه فسنجان خورش سبزی سرخ کردن
spec_polo_mixed_rice,polo-mixed-rice,competency,spec_culinary_iranian,100,پلوهای مخلوط و ته‌دیگ,پلو و ته‌دیگ,Mixed rice dishes and tahdig,0,1,پختنِ پلوهایی مثلِ باقالی‌پلو، زرشک‌پلو و لوبیاپلو و گرفتنِ ته‌دیگِ طلایی و یکنواخت.,ته دیگ باقالی پلو زرشک پلو لوبیا پلو استامبولی
spec_large_pot_rice_cooking,large-pot-rice-cooking,competency,spec_culinary_iranian,100,برنج‌پزی در دیگ‌های بزرگ,دیگِ برنج,Large-pot rice cooking,0,1,آبکش و دم‌کردنِ برنج در دیگ‌های بزرگ برای صدها نفر، بی‌آنکه برنج شفته یا ته‌گرفته شود.,دیگ بزرگ نذری برنج مجلسی دیگ پز
spec_saffron_preparation,saffron-preparation,competency,spec_culinary_iranian,100,دم‌کردن و مصرفِ درستِ زعفران,زعفران,Saffron preparation,0,1,ساییدن و دم‌کردنِ زعفران برای بیشترین رنگ و عطر با کمترین مصرف، و شناختنِ زعفرانِ اصل.,زعفران دم کردن زعفران نبات زعفران
spec_kebab_skewering,kebab-skewering,competency,spec_culinary_iranian,100,سیخ‌زدنِ کباب,سیخ‌زدن,Kebab skewering,0,1,ورزدادنِ گوشتِ چرخ‌کرده و زدنِ یکنواختِ آن به سیخ، و سیخ‌کردنِ جوجه و چنجه به اندازه‌های برابر.,سیخ زدن کوبیده سیخ کش ورز دادن
spec_ash_and_haleem_cooking,ash-and-haleem-cooking,competency,spec_culinary_iranian,100,آش‌پزی و حلیم‌پزی,آش و حلیم,Ash and haleem cooking,0,1,پختنِ طولانیِ آش و حلیم با هم‌زدنِ پیوسته تا ته نگیرد، و آماده‌کردنِ کشک، پیازداغ و نعناداغ.,آش رشته حلیم شله قلمکار کشک پیازداغ
spec_dizi_abgoosht_cooking,dizi-abgoosht-cooking,competency,spec_culinary_iranian,100,دیزی و آبگوشت‌پزی,دیزی,Dizi and abgoosht cooking,0,1,پختنِ آرامِ آبگوشت در دیزیِ سنگی یا دیگ با گوشت، دنبه، نخود و لوبیا و سروِ ترید و گوشت‌کوبیده.,دیزی آبگوشت دیزی سنگی گوشت کوبیده
spec_kalleh_pacheh_cooking,kalleh-pacheh-cooking,competency,spec_culinary_iranian,100,پختِ کله‌پاچه، سیرابی و شیردان,کله‌پاچه,"Cooking head, trotters and tripe",0,1,پختنِ چندساعتهٔ کله، پاچه، سیرابی و شیردان تا کاملاً پخته و نرم شوند و سروِ گرمِ آن.,کله پاچه سیرابی شیردان کله پزی
spec_regional_iranian_cuisine,regional-iranian-cuisine,competency,spec_culinary_iranian,100,غذاهای محلیِ ایران,غذای محلی,Iranian regional cuisines,0,1,شناختن و پختنِ غذاهای ویژهٔ استان‌ها و قوم‌های ایران با موادِ بومی و روشِ اصیل.,غذای محلی گیلانی جنوبی کردی آذری بلوچی سفره خانه
spec_beryani_making,beryani-making,competency,spec_culinary_iranian,100,بریانی‌پزی (اصفهان),بریانی,Isfahani beryani making,0,1,پختن و چرخ‌کردنِ گوشت و ششِ گوسفند، آماده‌کردن در کمچه روی آتش و سرو روی نانِ سنگک.,بریانی بریون کمچه اصفهان
spec_fast_food_cook,fast-food-cook,role,spec_kitchen_quick_street,50,آشپزِ غذای سریع,فست‌فود,Fast-food cook,1,1,برگر، مرغِ سوخاری، سیب‌زمینی و دیگر غذاهای سریع را با دستورِ ثابت و در زمانِ کوتاه آماده می‌کند.,فست فود فست فودی برگر سوخاری کرو
spec_pizza_cook,pizza-cook,role,spec_kitchen_quick_street,20,آشپزِ پیتزا,پیتزا,Pizza cook (pizzaiolo),0,1,خمیرِ پیتزا را آماده و باز می‌کند، مواد را می‌چیند و در فرِ تونلی، طبقه‌ای یا هیزمی می‌پزد.,پیتزا زن پیتزاساز پیتزا پز پیتزایولو
spec_sandwich_cook,sandwich-cook,role,spec_kitchen_quick_street,30,آشپزِ ساندویچ,ساندویچ,Sandwich maker,0,1,ساندویچ‌های سرد و گرم، همبرگر، هات‌داگ و رپ را تازه و طبقِ دستورِ مجموعه آماده می‌کند.,ساندویچی ساندویچ ساز اسنک هات داگ ساندویچ سرد
spec_shawarma_cook,shawarma-cook,role,spec_kitchen_quick_street,40,آشپزِ شاورما و دونر,شاورما,Shawarma and doner cook,0,1,گوشت یا مرغ را می‌خواباند و سیخِ عمودی می‌سازد، روی دستگاهِ گردان می‌پزد و لایهٔ پخته را برای ساندویچ و بشقاب می‌بُرد.,شاورمایی دونر کباب ترکی گیروس
spec_falafel_cook,falafel-cook,role,spec_kitchen_quick_street,50,آشپزِ فلافل,فلافلی,Falafel cook,0,1,نخود را خیس و چرخ می‌کند، فلافل را قالب می‌زند و سرخ می‌کند و ساندویچِ فلافل را با سس و ترشی آماده می‌کند.,فلافلی فلافل پز فلافل جنوبی
spec_sambuseh_cook,sambuseh-cook,role,spec_kitchen_quick_street,60,آشپزِ سمبوسه,سمبوسه,Sambuseh cook,0,1,مایهٔ سمبوسه را آماده می‌کند، آن را در نانِ نازک می‌پیچد و سرخ می‌کند؛ غذای خیابانیِ آشنای جنوبِ ایران.,سمبوسه پز سمبوسه ای پیراشکی
spec_street_food_cook,street-food-cook,role,spec_kitchen_quick_street,70,آشپزِ غذای خیابانی,غذای خیابانی,Street food cook,0,1,در دکه، گاری یا بازارچه غذای ساده و گرم مثلِ بلال، لبو، باقالی یا آش را جلوی مشتری آماده می‌کند و می‌فروشد.,دکه بلال لبو باقالی دستفروش غذا گاری
spec_food_truck_cook,food-truck-cook,role,spec_kitchen_quick_street,80,آشپزِ آشپزخانهٔ سیار,فودتراک,Food truck cook,0,1,در خودروی آشپزخانه‌دار غذا می‌پزد و می‌فروشد؛ در جای کوچک، با مخزنِ آب و برقِ محدود.,فود تراک ون غذا آشپزخانه سیار
spec_tabbakh,tabbakh,role,spec_kitchen_iranian,10,طباخ,طباخ,Traditional Iranian cook (tabbakh),0,1,آشپزِ غذاهای اصیلِ ایرانی مثلِ خورش و پلو، اغلب در دیگ‌های بزرگ برای رستوران‌های سنتی، تالارها و مراسم.,طباخ آشپز ایرانی آشپز سنتی نذری پز دیگ پز
spec_rice_cook,rice-cook,role,spec_kitchen_iranian,20,پلوپز,برنج‌پز,Persian rice cook,0,1,برنج را می‌شوید، خیس می‌کند، آبکش یا کته می‌کند و با ته‌دیگِ درست دم می‌گذارد؛ در رستوران و کترینگ گاهی چند دیگ هم‌زمان.,برنج پز پلوپز چلوپز دمی پز
spec_kebab_cook,kebab-cook,role,spec_kitchen_iranian,40,کباب‌پز,کباب‌پز,Kebab cook,1,1,کوبیده، جوجه، چنجه و دیگر کباب‌ها را روی منقلِ زغالی یا گازی می‌پزد و با گوجه و نان سرو می‌کند.,کبابی کباب پز منقل جوجه کباب سیخ گردان
spec_kebab_skewer_preparer,kebab-skewer-preparer,role,spec_kitchen_iranian,40,آماده‌سازِ سیخِ کباب,سیخ‌زن,Kebab skewer preparer,0,1,گوشتِ چرخ‌کرده را ورز می‌دهد و به سیخ می‌زند، جوجه و چنجه را می‌خواباند و سیخ‌ها را آمادهٔ پخت می‌چیند.,سیخ زن کباب زن سیخ کش ورز دهنده
spec_khoresh_cook,khoresh-cook,role,spec_kitchen_iranian,50,آشپزِ خورش,خورش‌پز,Persian stew cook,0,1,خورش‌هایی مثلِ قورمه‌سبزی، قیمه و فسنجان را با سرخ‌کردنِ درستِ سبزی و پختِ آرام آماده می‌کند.,خورش پز قورمه سبزی قیمه فسنجان
spec_home_style_food_cook,home-style-food-cook,role,spec_kitchen_iranian,60,آشپزِ غذای خانگی,غذای خانگی,Home-style food cook,0,1,غذای روزانهٔ ایرانی را به سبکِ خانه برای رستورانِ غذای خانگی، اداره‌ها یا سفارشِ بیرون‌بر می‌پزد.,غذای خانگی آشپز خانگی دستپخت غذای بیرون بر
spec_ash_cook,ash-cook,role,spec_kitchen_iranian,70,آش‌پز,آش‌پز,Ash (Persian soup) cook,0,1,آش‌هایی مثلِ آشِ رشته، شله‌قلمکار و آشِ دوغ را با سبزی، حبوبات، کشک و پیازداغ می‌پزد.,آش آش رشته آشی شله قلمکار عدسی
spec_haleem_cook,haleem-cook,role,spec_kitchen_iranian,80,حلیم‌پز,حلیم‌پز,Haleem cook,0,1,گندم و گوشت را شب‌هنگام ساعت‌ها می‌پزد و می‌کوبد تا حلیمِ صبح آماده باشد؛ کاری با دیگ‌های بزرگ و بیداریِ شبانه.,حلیم حلیم پزی حلیم فروش
spec_dizi_cook,dizi-cook,role,spec_kitchen_iranian,90,دیزی‌پز,دیزی‌پز,Dizi cook,0,1,آبگوشت را در دیزیِ سنگی یا دیگ با گوشت، نخود و لوبیا آرام می‌پزد و برای سرو در سفره‌خانه یا قهوه‌خانه آماده می‌کند.,دیزی آبگوشت سفره خانه قهوه خانه دیزی سرا
spec_liver_kebab_cook,liver-kebab-cook,role,spec_kitchen_iranian,100,کباب‌پزِ جگر و دل‌وقلوه,جگرکی,Liver and offal kebab cook,0,1,جگر، دل، قلوه و دنبه را پاک و سیخ می‌کند و روی زغال جلوی مشتری کامل می‌پزد.,جگرکی جگر پز دل و قلوه جگرفروش
spec_kalleh_pacheh_cook,kalleh-pacheh-cook,role,spec_kitchen_iranian,110,کله‌پاچه‌پز,کله‌پزی,Kalleh-pacheh cook,0,1,کله و پاچه را پاک و موزدایی می‌کند، ساعت‌ها می‌پزد و صبحِ زود با نان و آبش سرو می‌کند.,کله پزی کله پاچه طباخی کله پز
spec_sirabi_cook,sirabi-cook,role,spec_kitchen_iranian,120,سیرابی‌پز,سیرابی,Tripe cook (sirabi and shirdan),0,1,سیرابی و شیردان را با دقتِ فراوان می‌شوید و پاک می‌کند و آرام می‌پزد و گرم سرو می‌کند.,سیرابی شیردون سیرابی فروشی شیردان
spec_beryani_cook,beryani-cook,role,spec_kitchen_iranian,130,بریانی‌پز,بریانی,Isfahani beryani cook,0,1,گوشت و ششِ گوسفند را می‌پزد و چرخ می‌کند، در کمچه روی آتش آماده می‌کند و روی نانِ سنگک سرو می‌کند.,بریانی بریون اصفهان
spec_regional_cuisine_cook,regional-cuisine-cook,role,spec_kitchen_iranian,140,آشپزِ غذاهای محلی و سنتی,غذای محلی,Iranian regional cuisine cook,0,1,غذاهای یک منطقه از ایران (مثلِ گیلانی، جنوبی، کردی، آذری، بلوچی یا خراسانی) را با موادِ بومی و روشِ اصیل می‌پزد.,غذای محلی سفره خانه سنتی گیلانی قلیه ماهی میرزا قاسمی
spec_institutional_cook,institutional-cook,role,spec_kitchen_large_scale,10,آشپزِ آشپزخانهٔ سازمانی و صنعتی,آشپزِ سلف,Institutional and industrial catering cook,0,1,برای کارکنانِ اداره، کارخانه یا دانشگاه روزانه صدها وعده با منوی از پیش تعیین‌شده و زمانِ دقیق می‌پزد.,رستوران صنعتی سلف سرویس کترینگ صنعتی غذای سازمانی سلف دانشگاه
spec_central_kitchen_cook,central-kitchen-cook,role,spec_kitchen_large_scale,20,آشپزِ آشپزخانهٔ مرکزی,آشپزخانهٔ مرکزی,Central kitchen cook,0,1,در آشپزخانه‌ای که برای چند شعبه یا مجموعه غذا و نیمه‌آماده می‌سازد، پخت، سردکردنِ سریع، بسته‌بندی و برچسب‌زنی را انجام می‌دهد.,سنترال کیچن کامیساری آشپزخانه مرکزی
spec_banquet_cook,banquet-cook,role,spec_kitchen_large_scale,30,آشپزِ تالار و ضیافت,آشپزِ تالار,Banquet cook,0,1,برای عروسی، همایش و مهمانیِ بزرگ غذای صدها نفر را هم‌زمان آماده و گرم نگه می‌دارد و در خطِ کشیدن سرو می‌کند.,تالار مجلسی بنکوئت ضیافت کترینگ
spec_hospital_cook,hospital-cook,role,spec_kitchen_large_scale,40,آشپزِ بیمارستان,آشپزِ بیمارستان,Hospital cook,0,1,غذای بیماران را طبقِ برگهٔ رژیمِ هر نفر (کم‌نمک، دیابتی، نرم و…) می‌پزد و در سینیِ درست می‌گذارد.,بیمارستان غذای رژیمی آشپز درمانی
spec_school_cook,school-cook,role,spec_kitchen_large_scale,50,آشپزِ مدرسه و مهدکودک,آشپزِ مدرسه,School and nursery cook,0,1,برای کودکان غذای سالم و کم‌نمک، بی‌خطر از نظرِ حساسیت، می‌پزد و با برنامهٔ غذاییِ مدرسه هماهنگ می‌کند.,مهدکودک مدرسه آشپز مهد
spec_care_home_cook,care-home-cook,role,spec_kitchen_large_scale,60,آشپزِ سرای سالمندان و مراکزِ نگهداری,آشپزِ سرای سالمندان,Care home cook,0,1,برای سالمندان و افرادِ نیازمندِ مراقبت غذای نرم، مغذی و مناسبِ رژیمِ هر نفر می‌پزد.,سرای سالمندان خانه سالمندان مرکز توانبخشی بهزیستی
spec_military_cook,military-cook,role,spec_kitchen_large_scale,70,آشپزِ پادگان و مراکزِ نظامی,آشپزِ پادگان,Military cook,0,1,برای نیروهای نظامی در پادگان یا در میدان با آشپزخانهٔ صحرایی غذا می‌پزد و توزیع می‌کند.,آشپز سربازی آشپزخانه صحرایی پادگان
spec_airline_catering_cook,airline-catering-cook,role,spec_kitchen_large_scale,80,آشپزِ کترینگِ پرواز,آشپزِ پروازی,Airline catering cook,0,1,غذای پرواز را با دستورِ دقیق می‌پزد، سریع سرد می‌کند و در سینی‌ها می‌چیند تا در هواپیما گرم و سرو شود.,کترینگ هواپیمایی غذای پرواز فلایت کترینگ
spec_cruise_ship_cook,cruise-ship-cook,role,spec_kitchen_large_scale,90,آشپزِ کشتی,آشپزِ کشتی,Ship and cruise cook,0,1,در کشتیِ مسافری یا باری، هفته‌ها با انبارِ محدود، برای مسافران و خدمه غذا می‌پزد.,آشپز کشتی لنج کروز دریانوردی
spec_camp_cook,camp-cook,role,spec_kitchen_large_scale,100,آشپزِ اردوگاه و کارگاه‌های دور,آشپزِ اردوگاه,Camp and remote-site cook,0,1,برای کارکنانِ سکوی نفتی، معدن، کارگاهِ سدسازی یا اردوی کوهستان، دور از شهر و با تدارکِ محدود، غذای روزانه می‌پزد.,کمپ سکوی نفتی معدن آشپز کارگاه عسلویه
spec_dough_mixing,dough-mixing,competency,spec_baking_bread,100,مخلوط‌کردن و ورزدادنِ خمیر,خمیرگیری,Dough mixing and kneading,0,1,آرد، آب، مخمر و نمک را به ترتیبِ درست و به اندازه‌ی کافی مخلوط و ورز می‌دهد تا خمیر کش بیاید و یکنواخت شود.,خمیرگیری ورز دادن خمیر کردن
spec_dough_temperature_control,dough-temperature-control,competency,spec_baking_bread,100,محاسبه و کنترلِ دمای خمیر,دمای خمیر,Desired dough temperature calculation,0,1,دمای آبِ خمیر را طوری حساب می‌کند که خمیر بعد از ورز به دمای درست برسد، با در نظر گرفتنِ دمای آرد، هوا و گرمای دستگاه.,دمای آب خمیر آب یخ خمیر
spec_fermentation_management,fermentation-management,competency,spec_baking_bread,100,مدیریتِ تخمیرِ خمیر,تخمیر خمیر,Dough fermentation management,0,1,زمان و دمای ورآمدنِ خمیر را تنظیم می‌کند تا نان طعم، حجم و بافتِ درست داشته باشد.,ور آمدن خمیر خمیرمایه مخمر خمیر رسیده
spec_sourdough_starter_care,sourdough-starter-care,competency,spec_baking_bread,100,نگهداری و تغذیه‌ی خمیرترش,خمیرترش,Sourdough starter maintenance,0,1,خمیرترش (مایه‌ی ترش) را با آرد و آب در زمان‌های منظم تغذیه می‌کند و قوت و ترشیِ آن را می‌سنجد.,خمیر ترش مایه ترش ساوردو خمیر مایه طبیعی
spec_dough_dividing_shaping,dough-dividing-shaping,competency,spec_baking_bread,100,چونه‌گیری و فرم‌دادنِ خمیر,چونه‌گیری,Dough dividing and shaping,0,1,خمیر را به چونه‌های هم‌وزن تقسیم می‌کند و گرد، کشیده یا پهن می‌کند بی‌آنکه گازِ آن بیش از حد خالی شود.,چونه گیری چانه گیری تقسیم خمیر فرم دادن نان
spec_proofing_control,proofing-control,competency,spec_baking_bread,100,کنترلِ استراحتِ نهایی (تخمیرِ پایانی),استراحت خمیر,Final proofing control,0,1,خمیرِ فرم‌گرفته را در دما و رطوبتِ مناسب نگه می‌دارد و با لمس تشخیص می‌دهد کی آماده‌ی فر است.,پروف اتاق تخمیر استراحت خمیر
spec_deck_oven_baking,deck-oven-baking,competency,spec_baking_bread,100,پختِ نان در فرِ طبقه‌ای با بخار,پخت نان در فر,Deck oven baking with steam,0,1,نانِ حجیم و خمیرترش را روی کفِ داغِ فر با بخار می‌پزد، روی آن تیغ می‌زند و رنگ و صدای پوسته را می‌سنجد.,فر طبقه ای تیغ زدن نان بخار فر
spec_tanur_firing,tanur-firing,competency,spec_baking_bread,100,روشن‌کردن و تنظیمِ حرارتِ تنور,گرم کردن تنور,Traditional oven (tanur) firing,0,1,تنورِ گازی یا هیزمی را روشن و یکنواخت گرم می‌کند و شعله و دما را در طولِ پخت ثابت نگه می‌دارد.,تنور تنور گازی مشعل تنور کوره نان
spec_tanur_flatbread_baking,tanur-flatbread-baking,competency,spec_baking_bread,100,پهن‌کردن و پختِ نانِ تنوری (لواش و تافتون),پخت نان تنوری,Tanur flatbread baking,0,1,خمیر را با وردنه یا دست نازک پهن می‌کند، با بالشتک به دیواره‌ی تنور می‌چسباند و در زمانِ درست با سیخ جدا می‌کند.,نان لواش نان تافتون بالشتک چسباندن نان به تنور تیر نان
spec_sangak_stone_bed_baking,sangak-stone-bed-baking,competency,spec_baking_bread,100,پختِ نانِ سنگک روی بسترِ ریگ,پخت سنگک,Sangak baking on hot pebbles,0,1,خمیرِ شلِ سنگک را با پارو روی ریگ‌های داغ پهن می‌کند، انگشت می‌زند، کنجد می‌پاشد و نان را از ریگ جدا می‌کند.,شاطر سنگک ریگ سنگک پارو نان نان سنگک
spec_barbari_shaping_baking,barbari-shaping-baking,competency,spec_baking_bread,100,فرم‌دادن و پختِ نانِ بربری,پخت بربری,Barbari bread shaping and baking,0,1,خمیرِ بربری را کشیده پهن می‌کند، رُومال (آبِ آرد پخته) می‌زند، با انگشت خط می‌اندازد و در فر یا تنور طلایی می‌پزد.,نان بربری رومال آب آرد نان تبریزی
spec_regional_bread_techniques,regional-bread-techniques,competency,spec_baking_bread,100,پختِ نان‌های محلی,نان محلی,Regional flatbread techniques,0,1,نان‌های محلیِ ایران مثلِ نانِ ساجی، کماج، تیری، محلی و شیرمال را با ابزار و روشِ همان منطقه می‌پزد.,نان ساج کماج نان تیری شیرمال نان محلی نان روغنی کلوچه نانی
spec_flour_and_ingredient_knowledge,flour-and-ingredient-knowledge,competency,spec_baking_bread,100,شناختِ آرد و موادِ اولیه‌ی نان و شیرینی,شناخت آرد,Flour and baking ingredient knowledge,0,1,نوعِ آرد (ستاره، نول، سبوس‌دار)، درصدِ پروتئین و کاربردِ مخمر، نمک، بهبوددهنده و چربی را می‌شناسد و درست انتخاب می‌کند.,آرد ستاره آرد نول آرد سبوس دار بهبود دهنده درجه استخراج آرد
spec_bakers_percentage,bakers-percentage,competency,spec_baking_bread,100,محاسبه با درصدِ نانوایی و بزرگ‌کردنِ دستور,درصد نانوایی,Baker's percentage and recipe scaling,0,1,همه‌ی مواد را نسبت به وزنِ آرد (صد درصد) حساب می‌کند تا دستور را برای هر مقدار خمیر بزرگ یا کوچک کند.,درصد خباز فرمول نان بزرگ کردن دستور درصد آب خمیر
spec_lamination,lamination,competency,spec_baking_pastry_cake,100,لایه‌دادنِ خمیر با کره (خمیرِ هزارلا و کروسان),خمیر هزارلا,Dough lamination,0,1,کره را لای خمیر می‌گذارد و با تاکردن و نوردِ پشتِ سرِ هم صدها لایه می‌سازد، در حالی که خمیر و کره در دمای درست بمانند.,خمیر هزارلا خمیر پفکی کروسان دانمارکی تا زدن خمیر
spec_viennoiserie_shaping,viennoiserie-shaping,competency,spec_baking_pastry_cake,100,فرم‌دادن و پختِ کروسان و دانمارکی,کروسان پزی,Viennoiserie shaping and baking,0,1,خمیرِ لایه‌لایه را برش می‌زند، به شکلِ کروسان، شکلاتی و دانمارکی می‌پیچد، تخمیر و در فر می‌پزد.,کروسان پن او شوکولا دانمارکی بریوش
spec_cake_batter_mixing,cake-batter-mixing,competency,spec_baking_pastry_cake,100,آماده‌کردنِ مایه‌ی کیک (زدن و هوادادن),مایه کیک,Cake batter mixing,0,1,کره و شکر یا تخم‌مرغ و شکر را تا حدِ درست می‌زند و آرد را آرام اضافه می‌کند تا کیک سبک و یکنواخت شود.,مایه کیک کیک اسفنجی زدن تخم مرغ و شکر کیک یزدی
spec_chemical_leavening,chemical-leavening,competency,spec_baking_pastry_cake,100,کاربردِ بکینگ‌پودر و جوش‌شیرین در شیرینی,بکینگ پودر,Chemical leavening,0,1,مقدار و نوعِ بکینگ‌پودر یا جوش‌شیرین را درست انتخاب می‌کند تا شیرینی پف کند و مزه‌ی صابونی نگیرد.,بکینگ پودر جوش شیرین آمونیاک قنادی
spec_choux_pastry,choux-pastry,competency,spec_baking_pastry_cake,100,پختِ خمیرِ نان‌خامه‌ای (پاته‌شو),خمیر نان خامه ای,Choux pastry,0,1,آب، کره و آرد را روی حرارت می‌پزد، تخم‌مرغ را کم‌کم اضافه می‌کند و نان‌خامه‌ای و اکلر را توخالی و ترد می‌پزد.,نان خامه ای اکلر پاته شو خمیر شو
spec_shortcrust_and_cookie_dough,shortcrust-and-cookie-dough,competency,spec_baking_pastry_cake,100,خمیرِ تارت، بیسکویت و شیرینیِ خشک,شیرینی خشک,Shortcrust and cookie doughs,0,1,خمیرهای کره‌ای و ترد را بدونِ ورزِ زیاد آماده می‌کند، پهن و قالب می‌زند و یکنواخت می‌پزد.,شیرینی خشک تارت پای کوکی شیرینی کره ای خمیر ترد
spec_creams_and_fillings,creams-and-fillings,competency,spec_baking_pastry_cake,100,پختِ کرم‌ها و فیلینگ‌ها,کرم و فیلینگ,Pastry creams and fillings,0,1,کرم‌پاتیسیر، گاناش، موس، کرمِ کره و فیلینگِ میوه را با دما و غلظتِ درست می‌پزد و ایمن نگه می‌دارد.,کرم پاتیسیر گاناش موس کرم کره فیلینگ کرم قنادی
spec_whipped_cream_handling,whipped-cream-handling,competency,spec_baking_pastry_cake,100,زدن و کار با خامه,خامه زدن,Whipping and handling cream,0,1,خامه را سرد و تا حدِ درست می‌زند که نه شل بماند و نه کره شود، و با آن پر می‌کند و روکش می‌زند.,خامه قنادی خامه زدن خامه گیاهی شانتی
spec_meringue_making,meringue-making,competency,spec_baking_pastry_cake,100,زدنِ مرنگ (فرانسوی، سوئیسی، ایتالیایی),مرنگ,Meringue making,0,1,سفیده و شکر را به روش‌های مختلف می‌زند تا کفِ براق و پایدار برای پاولوا، ماکارون، روکش و موس بسازد.,مرنگ سفیده زدن پاولوا ماکارون
spec_gelatin_and_setting_agents,gelatin-and-setting-agents,competency,spec_baking_pastry_cake,100,کاربردِ ژلاتین و مواد قوام‌دهنده,ژلاتین,Gelatin and setting agents,0,1,ژلاتین، آگار، پکتین و نشاسته را به اندازه‌ی درست به کار می‌برد تا موس، ژله و دسر ببندد ولی سفت نشود.,ژلاتین آگار پکتین ژله انتره مه
spec_pastry_oven_baking,pastry-oven-baking,competency,spec_baking_pastry_cake,100,پختِ کیک و شیرینی در فر,پخت کیک,Baking cakes and pastries,0,1,دما، جای سینی و زمان را برای هر شیرینی تنظیم می‌کند و پخته‌بودن را با رنگ، لمس و آزمایش تشخیص می‌دهد.,پخت کیک سوختن زیر شیرینی وا رفتن کیک
spec_cake_assembly,cake-assembly,competency,spec_baking_pastry_cake,100,برش، پرکردن و مونتاژِ کیک,مونتاژ کیک,Cake assembly,0,1,کیک را صاف لایه می‌کند، شربت می‌زند، لایه‌ها را پر و هم‌تراز روی هم می‌گذارد تا کیک صاف و محکم بایستد.,پر کردن کیک لایه کیک شربت کیک کیک تولد
spec_cake_icing_finishing,cake-icing-finishing,competency,spec_baking_pastry_cake,100,روکش‌کردنِ کیک (خامه، گاناش، فوندانت، گلیز),روکش کیک,Cake icing and finishing,0,1,کیک را با خامه، گاناش، فوندانت یا گلیزِ آینه‌ای صاف و لبه‌تیز روکش می‌کند.,روکش کیک فوندانت گلیز آینه ای صاف کردن خامه
spec_piping,piping,competency,spec_baking_pastry_cake,100,کار با قیف و ماسوره,قیف زدن,Piping,0,1,با قیف و ماسوره‌های مختلف گل، نوشته، حاشیه و شکلِ یکنواخت روی کیک و شیرینی می‌زند.,ماسوره قیف قنادی گل خامه ای نوشتن روی کیک
spec_cake_decorating_design,cake-decorating-design,competency,spec_baking_pastry_cake,100,طراحیِ تزیینِ کیک,طراحی کیک,Cake decoration design,0,1,برای کیک طرح، رنگ‌بندی و ترکیبِ تزیین را متناسب با مراسم و سلیقه‌ی مشتری طراحی و اجرا می‌کند.,کیک تولد کیک عروسی کیک طرح دار رنگ خوراکی
spec_fondant_modelling,fondant-modelling,competency,spec_baking_pastry_cake,100,مدل‌سازی با فوندانت و خمیرِ شکر,فوندانت,Fondant and sugar paste modelling,0,1,با فوندانت، خمیرِ گل و مارزیپان گل، عروسک و شکل‌های سه‌بعدی می‌سازد.,فوندانت خمیر گل مارزیپان عروسک فوندانتی گل شکری
spec_tiered_cake_structure,tiered-cake-structure,competency,spec_baking_pastry_cake,100,ساختِ کیکِ چندطبقه و حجمی,کیک چندطبقه,Tiered and sculpted cake structure,0,1,با پایه، ستونک و صفحه‌ی زیرِ هر طبقه کیکِ چندطبقه و حجمی می‌سازد که در جابه‌جایی نریزد.,کیک چند طبقه کیک عروسی کیک سه بعدی ساپورت کیک
spec_plated_dessert_composition,plated-dessert-composition,competency,spec_baking_frozen_desserts,100,ترکیب و چیدنِ دسرِ بشقابی,دسر بشقابی,Plated dessert composition,0,1,اجزای دسر را با بافت، دما و رنگِ متفاوت در بشقاب می‌چیند تا در زمانِ سرو هم زیبا باشد و هم خوش‌خوراک.,دسر رستورانی دسر بشقابی سرو دسر
spec_chocolate_tempering,chocolate-tempering,competency,spec_baking_chocolate_sugar,100,تمپرکردنِ شکلات,تمپر شکلات,Chocolate tempering,0,1,شکلات را طبقِ منحنیِ دمایی ذوب، سرد و دوباره گرم می‌کند تا براق، ترد و بی‌لکه ببندد.,تمپر شکلات براق لکه سفید شکلات
spec_chocolate_moulding,chocolate-moulding,competency,spec_baking_chocolate_sugar,100,قالب‌گیریِ شکلات و ساختِ بن‌بن,قالب شکلات,Chocolate moulding and bonbons,0,1,قالب را رنگ و پوسته می‌کند، با گاناش یا پرالین پر و درِ آن را می‌بندد و شکلات را سالم از قالب درمی‌آورد.,بن بن پرالین شکلات قالبی ترافل
spec_sugar_cooking_stages,sugar-cooking-stages,competency,spec_baking_chocolate_sugar,100,پختِ شربت و شناختِ مراحلِ شکر,پخت شربت,Sugar syrup and cooking stages,0,1,شربت را تا مرحله‌ی درست (نخی، گلوله‌ی نرم، سفت، کاراملی) می‌پزد و با دماسنج یا آزمونِ آب سرد تشخیص می‌دهد.,قوام شربت شیره کارامل مراحل شکر
spec_pulled_blown_sugar,pulled-blown-sugar,competency,spec_baking_chocolate_sugar,100,شکرِ کشیده، دمیده و ریخته (هنرِ شکر),هنر شکر,"Pulled, blown and cast sugar",0,1,شکر یا ایزومالت را می‌پزد، می‌کشد، می‌دمد یا قالب می‌ریزد و گل، روبان و سازه‌ی نمایشی می‌سازد.,شکر کشیده ایزومالت مجسمه شکری شکر دمیده
spec_candy_making,candy-making,competency,spec_baking_chocolate_sugar,100,ساختِ آب‌نبات، تافی، ژله و مارشمالو,آب نبات سازی,Candy and confectionery making,0,1,آب‌نبات، تافی، پاستیل، مارشمالو و نوقا را با شربت، ژلاتین یا پکتین می‌سازد، برش می‌زند و بسته می‌کند.,آب نبات تافی پاستیل مارشمالو نوقا
spec_saffron_and_aromatics,saffron-and-aromatics,competency,spec_baking_traditional_sweets,100,دم‌کردن و کاربردِ زعفران، گلاب و هل,زعفران و گلاب,"Saffron, rosewater and aromatics",0,1,زعفران را درست می‌سابد و دم می‌کند و گلاب، هل و دارچین را به اندازه به کار می‌برد تا رنگ و عطر کامل شود و هدر نرود.,زعفران دم کردن زعفران گلاب هل
spec_syrup_soaking,syrup-soaking,competency,spec_baking_traditional_sweets,100,شربت‌زدن و خیساندنِ شیرینی,شربت زدن,Syrup soaking of pastries,0,1,شیرینی‌هایی مثلِ باقلوا، زولبیا، بامیه و قطاب را با دما و غلظتِ درستِ شربت خیس می‌کند تا ترد بمانند و شربت را خوب بگیرند.,شربت باقلوا شیره زولبیا شربت گلاب
spec_baklava_phyllo,baklava-phyllo,competency,spec_baking_traditional_sweets,100,ساختِ باقلوا و کار با خمیرِ نازک,باقلوا پزی,Baklava and thin-sheet dough,0,1,خمیرِ نازک یا یوفکا را لایه‌لایه با کره و مغزِ پسته، بادام یا گردو می‌چیند، لوزی برش می‌زند، می‌پزد و شربت می‌زند.,باقلوا باقلوای یزدی خمیر یوفکا قطاب
spec_sohan_cooking,sohan-cooking,competency,spec_baking_traditional_sweets,100,پختِ سوهان,سوهان پزی,Sohan cooking,0,1,جوانه‌ی گندم، شکر، کره و زعفران را تا قوام و رنگِ درست می‌پزد و به صورتِ سوهانِ لقمه یا کره‌ای پخش و تزیین می‌کند.,سوهان قم سوهان لقمه سوهان کره ای جوانه گندم
spec_gaz_making,gaz-making,competency,spec_baking_traditional_sweets,100,پختِ گز,گز پزی,Gaz nougat making,0,1,سفیده را با شربتِ داغ یا گزانگبین می‌زند، گلاب و پسته اضافه می‌کند و گزِ لقمه یا آردی را برش و بسته‌بندی می‌کند.,گز اصفهان گزانگبین گز لقمه گز آردی
spec_zoolbia_bamieh_frying,zoolbia-bamieh-frying,competency,spec_baking_traditional_sweets,100,سرخ‌کردنِ زولبیا و بامیه,زولبیا بامیه,Zoolbia and bamieh frying,0,1,خمیرِ زولبیا و بامیه را آماده می‌کند، با قیف یا دستگاه در روغنِ داغ با دمای ثابت سرخ و بعد شربت می‌زند.,زولبیا بامیه شیرینی ماه رمضان سرخ کردن شیرینی
spec_rice_flour_and_chickpea_cookies,rice-flour-and-chickpea-cookies,competency,spec_baking_traditional_sweets,100,پختِ نان‌برنجی، نخودچی و شیرینی‌های آردیِ سنتی,نان برنجی نخودچی,Rice flour and chickpea cookies,0,1,نان‌برنجی، نخودچی، نان‌گردویی، نان‌بادامی و قرابیه را با آردهای بی‌گلوتن و حرارتِ ملایم می‌پزد تا ترد و سفید بمانند.,نان برنجی نخودچی نان گردویی نان بادامی قرابیه شیرینی کرمانشاهی
spec_regional_sweets_techniques,regional-sweets-techniques,competency,spec_baking_traditional_sweets,100,پختِ شیرینی‌های محلیِ ایران,شیرینی محلی,Regional Iranian sweets,0,1,شیرینی‌های محلی مثلِ کلمپه، کلوچه‌ی فومن، قطاب، لوز، کاک، باسلوق، کماجِ خرمایی و حلوای محلی را به روشِ اصیل می‌پزد.,کلمپه کلوچه فومن قطاب لوز کاک باسلوق مسقطی کیک یزدی پشمک
spec_pashmak_and_noghl,pashmak-and-noghl,competency,spec_baking_traditional_sweets,100,پشمک‌سازی، نقل‌سازی و نبات‌ریزی,پشمک و نقل,"Pashmak, noghl and rock candy making",0,1,شربت و آرد را برای پشمک رشته‌رشته می‌کشد، روی بادام و خلالِ پسته در دیگِ گردان شکر می‌نشاند و نبات را بلوری می‌بندد.,پشمک نقل نبات شاخ نبات آب نبات سنتی
spec_nut_preparation,nut-preparation,competency,spec_baking_traditional_sweets,100,آماده‌کردنِ مغزها (پوست‌گیری، بودادن، خلال),آماده کردن مغز,Nut preparation,0,1,پسته، بادام و گردو را پاک، پوست‌گیری، خلال یا آسیاب و بو می‌دهد و مغزِ کپک‌زده یا تند را جدا می‌کند.,خلال پسته خلال بادام مغز گردو بو دادن بادام
spec_traditional_dessert_cooking,traditional-dessert-cooking,competency,spec_baking_frozen_desserts,100,پختِ دسرهای سنتی (شله‌زرد، فرنی، شیربرنج، حلوا، مسقطی),دسر سنتی,Traditional Iranian desserts,0,1,شله‌زرد، فرنی، شیربرنج، حلوا، مسقطی و یخ‌دربهشت را با قوام، رنگ و تزیینِ درست می‌پزد و ایمن سرد و نگهداری می‌کند.,شله زرد فرنی شیربرنج حلوا مسقطی یخ در بهشت دسر نذری
spec_ice_cream_mix_formulation,ice-cream-mix-formulation,competency,spec_baking_frozen_desserts,100,فرمول و محاسبه‌ی مخلوطِ بستنی و جلاتو,فرمول بستنی,Ice cream and gelato mix formulation,0,1,درصدِ چربی، قند، مواد جامد و پایدارکننده را حساب و متعادل می‌کند تا بستنی نرم، خامه‌ای و بی‌بلورِ یخ شود.,فرمول بستنی بالانس جلاتو پایدار کننده بستنی مواد جامد
spec_mix_pasteurisation,mix-pasteurisation,competency,spec_baking_frozen_desserts,100,پاستوریزه‌کردن و رسیده‌کردنِ مخلوطِ بستنی,پاستوریزه بستنی,Mix pasteurisation and ageing,0,1,مخلوطِ بستنی را تا دما و زمانِ مشخص گرم، سریع سرد و چند ساعت در یخچال رسیده می‌کند.,پاستوریزه پاستوریزاتور رسیده کردن مخلوط
spec_ice_cream_churning,ice-cream-churning,competency,spec_baking_frozen_desserts,100,زدن و انجمادِ بستنی با بستنی‌ساز,زدن بستنی,Ice cream churning and freezing,0,1,مخلوط را در بستنی‌سازِ نوبتی یا پیوسته می‌زند و منجمد می‌کند و مقدارِ هوای واردشده و زمانِ خروج را کنترل می‌کند.,بچ فریزر دستگاه بستنی ساز اورران هوادهی بستنی
spec_ice_cream_hardening_storage,ice-cream-hardening-storage,competency,spec_baking_frozen_desserts,100,سخت‌کردن، نگهداری و ویترینِ بستنی,نگهداری بستنی,"Ice cream hardening, storage and display",0,1,بستنی را سریع سخت و در دمای ثابت نگه می‌دارد، ویترین را در دمای سرو تنظیم و از ذوب و انجمادِ دوباره دوری می‌کند.,فریزر بستنی ویترین بستنی بلور یخ بستنی شوک دمایی
spec_traditional_ice_cream_making,traditional-ice-cream-making,competency,spec_baking_frozen_desserts,100,ساختِ بستنیِ سنتی (زعفرانی با ثعلب و خامه‌یخ),بستنی سنتی,Traditional Persian ice cream making,0,1,بستنیِ زعفرانیِ سنتی را با ثعلب، گلاب، پسته و تکه‌های خامه‌ی یخ‌زده می‌سازد و کشِ مخصوص و عطرِ آن را حفظ می‌کند.,بستنی سنتی بستنی اکبر مشتی ثعلب خامه یخ بستنی زعفرانی بستنی نونی
spec_faloodeh_making,faloodeh-making,competency,spec_baking_frozen_desserts,100,ساختِ فالوده,فالوده,Faloodeh making,0,1,رشته‌ی نشاسته را می‌سازد یا آماده می‌کند و با شربتِ گلاب نیمه‌یخ می‌زند و با آبلیمو یا آبِ آلبالو سرو می‌کند.,فالوده شیرازی رشته فالوده پالوده
spec_crepe_waffle_cooking,crepe-waffle-cooking,competency,spec_baking_frozen_desserts,100,پختِ کرپ، وافل و پنکیک,کرپ و وافل,"Crepe, waffle and pancake cooking",0,1,مایه‌ی کرپ، وافل و پنکیک را آماده و روی صفحه یا قالبِ داغ یکنواخت می‌پزد و با سس، میوه و بستنی سرو می‌کند.,کرپ وافل پنکیک کرپ نوتلا
spec_bread_baker_assistant,bread-baker-assistant,role,spec_bakery_bread,20,دستیارِ نانوایی,دستیارِ نانوا,Bakery assistant,1,1,در نانوایی آرد و مواد را آماده می‌کند، سینی و پارو را جابه‌جا می‌کند، نان را خنک و جمع می‌کند و محیط را تمیز نگه می‌دارد. برای شروعِ کار در نانوایی مناسب است.,شاگرد نانوا کارگر نانوایی پادو نانوایی کمک شاطر وردست نانوا
spec_dough_mixer,dough-mixer,role,spec_bakery_bread,20,خمیرگیر,خمیرگیر,Dough mixer,0,1,خمیرِ روزانه‌ی نانوایی را با دستگاه یا دست می‌گیرد: مواد را وزن، آبِ خمیر را تنظیم و خمیر را به اندازه‌ی درست ورز و تخمیر می‌کند.,خمیرگیر نانوایی خمیر گیر استاد خمیر
spec_dough_divider,dough-divider,role,spec_bakery_bread,30,چونه‌گیر,چونه‌گیر,Dough divider and shaper,0,1,خمیر را به چونه‌های هم‌وزن تقسیم و فرم می‌دهد و برای پهن‌کردن و پخت به نان‌پز می‌رساند.,چونه گیر چانه گیر نان کش
spec_sangak_baker,sangak-baker,role,spec_bakery_bread,10,نان‌پزِ سنگک,نانوای سنگک,Sangak bread baker,1,1,خمیرِ سنگک را روی ریگِ داغِ تنور پهن می‌کند، می‌پزد و از ریگ جدا می‌کند؛ کارِ اصلیِ نانواییِ سنگکی است.,شاطر شاطر سنگک نانوای سنگک سنگک پز
spec_barbari_baker,barbari-baker,role,spec_bakery_bread,50,نان‌پزِ بربری,نانوای بربری,Barbari bread baker,0,1,چونه‌ی بربری را پهن می‌کند، رومال و خط می‌زند و در فر یا تنور طلایی می‌پزد.,شاطر بربری نانوای بربری بربری پز
spec_lavash_baker,lavash-baker,role,spec_bakery_bread,60,نان‌پزِ لواش,نانوای لواش,Lavash bread baker,0,1,خمیرِ لواش را نازک پهن می‌کند و در تنور یا روی ساج می‌پزد؛ در نانواییِ ماشینی دستگاهِ لواش را هم هدایت می‌کند.,شاطر لواش نانوای لواش لواش پز نان تنوری
spec_taftoon_baker,taftoon-baker,role,spec_bakery_bread,70,نان‌پزِ تافتون,نانوای تافتون,Taftoon bread baker,0,1,خمیرِ تافتون را پهن و با بالشتک به دیواره‌ی تنور می‌چسباند و سالم و یکنواخت می‌پزد.,شاطر تافتون نانوای تافتون تافتون پز نان تنوری
spec_regional_bread_baker,regional-bread-baker,role,spec_bakery_bread,80,نان‌پزِ نان‌های محلی,نان محلی,Regional bread baker,0,1,نان‌های محلیِ ایران مثلِ نانِ ساجی، کماج، شیرمال، نانِ محلی و روغنی را به روشِ همان منطقه می‌پزد.,نان محلی نان ساجی شیرمال پز کماج نان روغنی نان خانگی
spec_traditional_bakery_master,traditional-bakery-master,role,spec_bakery_bread,90,استادکارِ نانواییِ سنتی,استادکار نانوایی,Master baker (traditional bakery),0,1,کارِ نانواییِ سنتی را از خمیر تا پخت هدایت می‌کند، کیفیتِ نان و ایمنیِ تنور را تضمین می‌کند و نوآموزان را آموزش می‌دهد.,شاطر سرشاطر اوستا نانوا استاد نانوا نانوای قدیمی
spec_bread_baker,bread-baker,role,spec_bakery_bread,100,نان‌پزِ نان‌های حجیم و فانتزی,نانوای فانتزی,Bread baker (European and pan breads),0,1,نان‌های حجیم مثلِ باگت، تست، ساندویچی، چاباتا و نانِ همبرگر را از خمیر تا پخت در فرِ طبقه‌ای یا دوار آماده می‌کند.,نان فانتزی نان حجیم باگت نان تست نان ساندویچی نانوایی فانتزی
spec_sourdough_baker,sourdough-baker,role,spec_bakery_bread,110,نان‌پزِ نانِ خمیرترش,نان خمیرترش,Sourdough and artisan bread baker,0,1,نان‌های دست‌سازِ خمیرترش و تخمیرِ طولانی را با مایه‌ی ترشِ زنده، تیغ‌زنی و پخت با بخار می‌پزد.,ساوردو نان خمیر ترش نان آرتیزان نان دست ساز نان رژیمی سبوس دار
spec_head_baker,head-baker,role,spec_bakery_bread,120,سرپرستِ نان‌پزی,سرنانوا,Head baker,0,1,تیمِ نان‌پزی را هدایت می‌کند: برنامه‌ی روزانه، دستورها، کیفیتِ نان، ایمنیِ دستگاه‌ها و آموزشِ همکاران با اوست.,سر نانوا سرپرست نانوایی شف نانوا اوستا
spec_industrial_bread_line_operator,industrial-bread-line-operator,role,spec_bakery_bread,130,اپراتورِ خطِ تولیدِ نان,اپراتور خط نان,Industrial bread line operator,0,1,خطِ خودکارِ تولیدِ نانِ صنعتی یا لواشِ ماشینی را راه می‌اندازد، سرعت و دما را تنظیم و کیفیتِ خروجی را کنترل می‌کند.,نان صنعتی لواش ماشینی کارگر کارخانه نان اپراتور دستگاه نان
spec_bread_counter_seller,bread-counter-seller,role,spec_bakery_bread,140,متصدیِ فروشِ نان,فروش نان,Bread counter seller,0,1,نانِ آماده را تحویلِ مشتری می‌دهد، صف و نوبت را منظم می‌کند، پول می‌گیرد و نان را خنک و تمیز چیده نگه می‌دارد.,بازارگیر نان ده فروشنده نانوایی صندوق نانوایی
spec_pastry_assistant,pastry-assistant,role,spec_bakery_pastry_cakes,10,دستیارِ شیرینی‌پز,دستیارِ شیرینی‌پز,Pastry assistant (commis pâtissier),0,1,در شیرینی‌پزی مواد را وزن و آماده می‌کند، سینی‌ها را پر و به فر می‌برد، در جعبه‌چینی کمک می‌کند و محیط را تمیز نگه می‌دارد.,شاگرد قناد کارگر قنادی کمک شیرینی پز کمیس پاتیسیه
spec_pastry_cook,pastry-cook,role,spec_bakery_pastry_cakes,30,شیرینی‌پز,شیرینی‌پز,Pastry cook,1,1,انواعِ کیک، شیرینیِ تر و خشک، کرم و فیلینگ را طبقِ دستور می‌پزد و یک بخشِ شیرینی‌پزی را مستقل اداره می‌کند.,قناد شیرینی پز پاتیسیه شف دو پارتی شیرینی
spec_cream_pastry_maker,cream-pastry-maker,role,spec_bakery_pastry_cakes,30,شیرینی‌ترپز,شیرینی تر,Fresh cream pastry maker,0,1,شیرینی‌های تر مثلِ نان‌خامه‌ای، رولت، ناپلئونی، دانمارکی و زبان را می‌پزد، پر و تزیین می‌کند.,شیرینی تر نان خامه ای رولت ناپلئونی زبان لطیفه
spec_dry_pastry_baker,dry-pastry-baker,role,spec_bakery_pastry_cakes,40,شیرینی‌خشک‌پز,شیرینی خشک,Dry pastry and cookie baker,0,1,شیرینی‌های خشک و کره‌ای، بیسکویت، تارت و کوکی را از خمیر تا پخت و بسته‌بندی آماده می‌کند.,شیرینی خشک شیرینی کره ای کوکی بیسکویت مسقطی
spec_cake_maker,cake-maker,role,spec_bakery_pastry_cakes,40,کیک‌پز,کیک‌پز,Cake baker,1,1,کیک‌های اسفنجی، شیفون، کیکِ یزدی و کیک‌های ساده و خانگی را می‌پزد و برای پرکردن و تزیین آماده می‌کند.,کیک پز کیک خانگی کیک اسفنجی کیک یزدی کیک شیفون
spec_cake_decorator,cake-decorator,role,spec_bakery_pastry_cakes,60,تزیین‌کارِ کیک,تزیین کیک,Cake decorator,0,1,کیک را پر، روکش و با خامه، فوندانت، شکلات و ماسوره طبقِ طرحِ سفارش تزیین می‌کند.,تزیین کیک دیزاین کیک کیک آرا کیک تولد
spec_celebration_cake_designer,celebration-cake-designer,role,spec_bakery_pastry_cakes,70,طراحِ کیکِ مراسم,کیک عروسی,Celebration and wedding cake designer,0,1,کیک‌های چندطبقه، حجمی و خاصِ عروسی و مراسم را با مشتری طراحی، اجرا و برای جابه‌جایی آماده می‌کند.,کیک عروسی کیک نامزدی کیک سه بعدی کیک فوندانتی کیک آرتیستی
spec_viennoiserie_baker,viennoiserie-baker,role,spec_bakery_pastry_cakes,80,نان‌پزِ کروسان و دانمارکی (وینوازری),کروسان‌پز,Viennoiserie baker,0,1,خمیرهای لایه‌دارِ کره‌ای را می‌سازد و کروسان، پن‌شکلات، دانمارکی و بریوش را فرم می‌دهد و می‌پزد.,کروسان دانمارکی بریوش پن او شوکولا وینوازری
spec_banquet_pastry_cook,banquet-pastry-cook,role,spec_bakery_pastry_cakes,90,شیرینی‌پزِ هتل، ضیافت و کترینگ,شیرینی هتل,Hotel and banquet pastry cook,0,1,در هتل یا کترینگ شیرینی و دسرِ بوفه، صبحانه و مراسم را در حجمِ زیاد و با زمان‌بندیِ دقیق آماده می‌کند.,شیرینی پز هتل دسر بوفه کترینگ شیرینی شیرینی صبحانه هتل
spec_pastry_sous_chef,pastry-sous-chef,role,spec_bakery_pastry_cakes,100,معاونِ سرآشپزِ شیرینی,معاون شف شیرینی,Pastry sous chef,0,1,در نبودِ سرآشپزِ شیرینی آشپزخانه‌ی شیرینی را اداره می‌کند، تولیدِ روزانه را هماهنگ و کیفیت را بررسی می‌کند.,سو شف شیرینی معاون شف پاتیسیه
spec_pastry_chef,pastry-chef,role,spec_bakery_pastry_cakes,110,سرآشپزِ شیرینی (شف پاتیسیه),شف شیرینی,Pastry chef,0,1,منوی شیرینی و دسر را طراحی می‌کند، دستورها و هزینه‌ها را تعیین می‌کند و تیمِ شیرینی‌پزی را رهبری و آموزش می‌دهد.,شف پاتیسیه سرآشپز شیرینی شف شیرینی سرقناد
spec_executive_pastry_chef,executive-pastry-chef,role,spec_bakery_pastry_cakes,120,سرآشپزِ ارشدِ شیرینی,شف ارشد شیرینی,Executive pastry chef,0,1,شیرینی‌پزیِ یک هتل بزرگ، زنجیره یا کارخانه‌ی شیرینی را با چند تیم اداره می‌کند: منو، بودجه، خرید، استاندارد و استخدام.,شف اجرایی شیرینی اگزکتیو پاتیسیه مدیر تولید شیرینی
spec_chocolatier,chocolatier,role,spec_bakery_pastry_cakes,130,شکلات‌ساز,شکلات‌ساز,Chocolatier,0,1,شکلات را تمپر و قالب‌گیری می‌کند، گاناش و پرالین می‌سازد و بن‌بن، تابلت و شکلاتِ هدیه تولید می‌کند.,شکلات ساز بن بن شکلات دست ساز شوکولاتیه ترافل
spec_sugar_artist,sugar-artist,role,spec_bakery_pastry_cakes,140,هنرمندِ شکر و شکلات,هنر شکر,Sugar and showpiece artist,0,1,با شکرِ کشیده و دمیده، ایزومالت، شکلات و خمیرِ شکر سازه و تزیین‌های نمایشی برای کیک، ضیافت و مسابقه می‌سازد.,شکر کشیده مجسمه شکری ایزومالت شوپیس
spec_confectionery_maker,confectionery-maker,role,spec_bakery_pastry_cakes,150,آب‌نبات و شکلات‌ساز,آب‌نبات‌ساز,Confectioner (candy maker),0,1,آب‌نبات، تافی، پاستیل، نوقا، مارشمالو و شکلاتِ ساده را در کارگاه یا کارخانه می‌سازد و بسته می‌کند.,آب نبات تافی پاستیل نوقا کارگاه شکلات
spec_gluten_free_baker,gluten-free-baker,role,spec_bakery_pastry_cakes,160,نان‌پز و شیرینی‌پزِ بدونِ گلوتن و رژیمی,بدون گلوتن,Gluten-free and special-diet baker,0,1,نان و شیرینیِ بدونِ گلوتن، کم‌قند، بدونِ تخم‌مرغ یا لبنیات را می‌پزد و از آلودگی با آردِ گندم جلوگیری می‌کند.,بدون گلوتن سلیاک شیرینی رژیمی دیابتی وگان نان رژیمی
spec_industrial_pastry_line_operator,industrial-pastry-line-operator,role,spec_bakery_pastry_cakes,170,اپراتورِ خطِ تولیدِ کیک و شیرینی,اپراتور خط شیرینی,Cake and biscuit line operator,0,1,خطِ صنعتیِ کیک، بیسکویت، ویفر یا شکلات را راه‌اندازی و تنظیم می‌کند و محصول را از نظرِ وزن و ظاهر کنترل می‌کند.,کارخانه کیک کارخانه بیسکویت کیک صنعتی خط شکلات
spec_traditional_confectioner,traditional-confectioner,role,spec_bakery_traditional_sweets,50,قنادِ سنتی,قناد سنتی,Traditional Iranian confectioner,1,1,شیرینی‌های سنتیِ ایرانی مثلِ باقلوا، نان‌برنجی، نخودچی، قطاب و شیرینیِ مجلسی را با زعفران، گلاب و مغزها می‌پزد.,قناد سنتی شیرینی سنتی شیرینی پز سنتی قنادی قدیمی
spec_traditional_sweets_master,traditional-sweets-master,role,spec_bakery_traditional_sweets,20,استادکارِ قنادیِ سنتی,استادکار قنادی,Master traditional confectioner,0,1,کارگاهِ قنادیِ سنتی را هدایت می‌کند، دستورهای اصیل را نگه می‌دارد، کیفیت را تضمین و شاگردان را آموزش می‌دهد.,اوستا قناد استاد قناد سرقناد
spec_baklava_maker,baklava-maker,role,spec_bakery_traditional_sweets,30,باقلواپز,باقلواپز,Baklava maker,0,1,باقلوا و قطاب و شیرینی‌های لایه‌ایِ شربتی را با خمیرِ نازک، کره و مغز می‌سازد، برش می‌زند، می‌پزد و شربت می‌زند.,باقلوا باقلوای یزدی باقلوای ترکی قطاب شیرینی شربتی
spec_sohan_maker,sohan-maker,role,spec_bakery_traditional_sweets,40,سوهان‌پز,سوهان‌پز,Sohan maker,0,1,سوهان را از جوانه‌ی گندم، شکر، کره و زعفران می‌پزد، پخش و تزیین و بسته‌بندی می‌کند.,سوهان سوهان قم سوهان پز سوهان عسلی
spec_gaz_maker,gaz-maker,role,spec_bakery_traditional_sweets,50,گزپز,گزپز,Gaz maker,0,1,گز را با سفیده، شربت یا گزانگبین، گلاب و پسته یا بادام می‌پزد، برش می‌زند و در آرد یا بسته‌بندی آماده می‌کند.,گز گز اصفهان گز پز گز لقمه
spec_zoolbia_bamieh_maker,zoolbia-bamieh-maker,role,spec_bakery_traditional_sweets,60,زولبیا و بامیه‌پز,زولبیا بامیه,Zoolbia and bamieh maker,0,1,خمیرِ زولبیا و بامیه را آماده، در روغن سرخ و شربت می‌زند؛ کاری که به‌ویژه در ماهِ رمضان زیاد است.,زولبیا بامیه زولبیا پز شیرینی رمضان
spec_traditional_cookie_baker,traditional-cookie-baker,role,spec_bakery_traditional_sweets,70,نان‌برنجی و نخودچی‌پز,نان برنجی,Traditional Persian cookie baker,0,1,نان‌برنجی، نخودچی، نان‌بادامی، نان‌گردویی، کلوچه و شیرینی‌های آردیِ سنتی را می‌پزد و بسته می‌کند.,نان برنجی نخودچی نان بادامی نان گردویی شیرینی کرمانشاهی نان چای
spec_regional_sweets_maker,regional-sweets-maker,role,spec_bakery_traditional_sweets,80,سازنده‌ی شیرینی‌های محلی,شیرینی محلی,Regional sweets maker,0,1,شیرینی‌های محلیِ ایران مثلِ کلمپه، کلوچه‌ی فومن، لوز، کاک، باسلوق و قطاب را به روشِ اصیلِ منطقه می‌سازد.,کلمپه کلوچه لوز کاک باسلوق قطاب شیرینی محلی
spec_pashmak_noghl_maker,pashmak-noghl-maker,role,spec_bakery_traditional_sweets,90,پشمک، نقل و نبات‌ساز,پشمک و نقل,"Pashmak, noghl and rock candy maker",0,1,پشمک را رشته‌رشته می‌کشد، نقل را در دیگِ گردان می‌سازد و نبات و آب‌نباتِ سنتی را بلوری می‌بندد.,پشمک نقل نبات شاخ نبات آب نبات سنتی
spec_ice_cream_maker,ice-cream-maker,role,spec_bakery_ice_cream_desserts,10,بستنی‌ساز,بستنی‌ساز,Ice cream maker,0,1,مخلوطِ بستنی را فرمول‌بندی، پاستوریزه و در دستگاه منجمد می‌کند و طعم‌های گوناگون را در کارگاه یا بستنی‌فروشی می‌سازد.,بستنی ساز بستنی فروشی کارگاه بستنی
spec_traditional_ice_cream_maker,traditional-ice-cream-maker,role,spec_bakery_ice_cream_desserts,20,بستنی‌سازِ سنتی,بستنی سنتی,Traditional Persian ice cream maker,0,1,بستنیِ سنتیِ زعفرانی با ثعلب، گلاب، پسته و خامه‌یخ و بستنیِ نونی را می‌سازد.,بستنی سنتی بستنی اکبر مشتی بستنی زعفرانی بستنی نونی بستنی گل و بلبل
spec_gelato_maker,gelato-maker,role,spec_bakery_ice_cream_desserts,30,جلاتوساز,جلاتوساز,Gelato maker,0,1,جلاتو و سوربه را با فرمولِ متعادل و موادِ تازه می‌سازد و در ویترین با بافت و دمای درست عرضه می‌کند.,جلاتو سوربه بستنی ایتالیایی
spec_faloodeh_maker,faloodeh-maker,role,spec_bakery_ice_cream_desserts,40,فالوده‌ساز,فالوده,Faloodeh maker,0,1,رشته‌ی فالوده و شربتِ گلاب را آماده و نیمه‌یخ می‌کند و فالوده را تازه سرو یا بسته‌بندی می‌کند.,فالوده فالوده شیرازی پالوده
spec_ice_cream_counter_server,ice-cream-counter-server,role,spec_bakery_ice_cream_desserts,50,متصدیِ پیشخوانِ بستنی و دسر,فروش بستنی,Ice cream and dessert counter server,0,1,بستنی، فالوده، آبمیوه‌بستنی و دسر را آماده و سرو می‌کند، ویترین را مرتب و سرد نگه می‌دارد و پول می‌گیرد.,بستنی فروش آبمیوه بستنی فروشنده بستنی کارگر بستنی فروشی
spec_ice_cream_production_operator,ice-cream-production-operator,role,spec_bakery_ice_cream_desserts,60,اپراتورِ خطِ تولیدِ بستنی,کارخانه بستنی,Ice cream production line operator,0,1,خطِ صنعتیِ پاستوریزه، انجماد، پرکردن و بسته‌بندیِ بستنی را کنترل و تونلِ انجماد و انبارِ سرد را پایش می‌کند.,کارخانه بستنی بستنی صنعتی تونل انجماد
spec_dessert_cook,dessert-cook,role,spec_bakery_ice_cream_desserts,70,آشپزِ دسر,دسرساز,Dessert cook (restaurant),0,1,در رستوران یا کافه دسرهای بشقابی، موس، چیزکیک و تارت را آماده و در زمانِ سفارش چیده و سرو می‌کند.,دسر ساز دسر رستوران چیزکیک تیرامیسو
spec_traditional_dessert_maker,traditional-dessert-maker,role,spec_bakery_ice_cream_desserts,80,سازنده‌ی دسرهای سنتی,دسر سنتی,Traditional Persian dessert maker,0,1,شله‌زرد، فرنی، شیربرنج، حلوا، مسقطی و یخ‌دربهشت را برای سرو، نذر یا مراسم در مقدارِ کم یا زیاد می‌پزد.,شله زرد فرنی شیربرنج حلوا مسقطی دسر نذری
spec_crepe_waffle_maker,crepe-waffle-maker,role,spec_bakery_ice_cream_desserts,90,کرپ و وافل‌ساز,کرپ و وافل,Crepe and waffle maker,0,1,در کافه یا دسربار کرپ، وافل و پنکیک را جلوی مشتری می‌پزد و با سس، میوه و بستنی سرو می‌کند.,کرپ وافل پنکیک دسر بار
spec_extraction_theory,extraction-theory,competency,spec_coffee_making,100,دانشِ عصاره‌گیریِ قهوه,علمِ عصاره‌گیری,Coffee extraction theory,0,1,شناختنِ متغیرهای عصاره‌گیری مثلِ مقدارِ قهوه، مقدارِ نوشیدنی، زمان، دما و درشتیِ آسیاب، و اندازه‌گرفتنِ غلظت با رفرکتومتر. با این دانش می‌شود فهمید چرا یک قهوه ترش یا گس شده و چه چیزی را باید عوض کرد.,دوز و ییلد نسبت دم TDS رفرکتومتر درصد عصاره اکسترکشن زیرعصاره فراعصاره
spec_coffee_drink_recipes,coffee-drink-recipes,competency,spec_coffee_making,100,دستورِ نوشیدنی‌های قهوه,انواعِ قهوه,Coffee drink recipes,0,1,ساختنِ درست و یکسانِ نوشیدنی‌های رایج مثلِ اسپرسو، آمریکانو، کاپوچینو، لاته، فلت‌وایت، ماکیاتو، کورتادو و موکا با نسبتِ درستِ قهوه و شیر و اندازهٔ فنجان.,کاپوچینو لاته آمریکانو موکا فلت وایت کورتادو ماکیاتو منوی قهوه
spec_milk_science,milk-science,competency,spec_coffee_making,100,شناختِ شیر و شیرهای گیاهی,شناختِ شیر,Milk and plant-milk science,0,1,دانستنِ این‌که پروتئین، چربی و قندِ شیر در گرما چه رفتاری دارند، چرا شیرِ کم‌چرب یا پرچرب فومِ متفاوت می‌دهد، و شیرهای گیاهی مثلِ جو، بادام و سویا چطور کف می‌کنند یا می‌بُرند.,شیر جو شیر بادام شیر سویا شیر بدون لاکتوز بریدن شیر چربی شیر
spec_cold_brew,cold-brew,competency,spec_coffee_making,100,قهوهٔ سرددم و قهوه‌های سرد,کُلد برو,Cold brew and cold coffee,0,1,دم‌کردنِ قهوه با آبِ سرد در چند ساعت، قطره‌ایِ سرد، قهوهٔ سرد با نیتروژن و قهوهٔ یخیِ ژاپنی، همراه با نگهداریِ ایمن در یخچال و تاریخ‌گذاری.,کلد برو کلد دریپ آیس کافی نیترو قهوه سرد آیس لاته
spec_batch_brew,batch-brew,competency,spec_coffee_making,100,دم‌آوریِ حجمی با قهوه‌ساز,قهوه‌سازِ فیلتری,Batch brewing,0,1,کار با دستگاه‌های قهوه‌سازِ فیلتریِ بزرگ برای صبحانهٔ هتل، اداره و مراسم: تنظیمِ نسبت، نگه‌داشتنِ دما بدونِ سوختنِ قهوه و تمیزکردنِ مخزن.,قهوه فیلتری قهوه ساز بزرگ بچ برو قهوه دمی حجمی ترموس قهوه
spec_turkish_coffee,turkish-coffee,competency,spec_coffee_making,100,قهوهٔ ترک,قهوهٔ ترک,Turkish coffee,0,1,آماده‌کردنِ قهوهٔ ترک در قهوه‌جوش (جِزوه) یا روی شن، با آسیابِ بسیار نرم، اندازهٔ شکر به سلیقهٔ مهمان و کفِ درست.,قهوه ترک جزوه قهوه جوش قهوه روی شن قهوه فال
spec_arabic_coffee_gahwa,arabic-coffee-gahwa,competency,spec_coffee_making,100,قهوهٔ عربی و قهوهٔ سنتیِ جنوب,قهوهٔ هل‌دار,Arabic coffee (gahwa),0,1,برشته‌کردنِ سبکِ دانه، جوشاندن با هل و گاهی زعفران و گل‌محمدی در دَلّه، و پذیرایی با فنجانِ کوچک به شیوهٔ بوشهر، خوزستان و هرمزگان.,قهوه عربی قهوه بوشهری دله قهوه هل قهوه قلبه گهوه
spec_coffee_origins_processing,coffee-origins-processing,competency,spec_coffee_making,100,شناختِ خاستگاه و فرآوریِ قهوه,شناختِ دانهٔ قهوه,Coffee origins and processing,0,1,شناختنِ گونه‌های عربیکا و روبوستا، واریته‌ها، کشورها و ارتفاعِ کشت، و روش‌های فرآوریِ شسته، طبیعی و عسلی، و اثرِ هرکدام بر طعم.,عربیکا روبوستا قهوه اتیوپی قهوه برزیل فرآوری شسته فرآوری طبیعی هانی پروسس تک خاستگاه
spec_coffee_storage_freshness,coffee-storage-freshness,competency,spec_coffee_making,100,نگهداری و تازگیِ قهوه,نگهداریِ قهوه,Coffee storage and freshness,0,1,نگهداریِ دانه و قهوهٔ آسیاب‌شده دور از هوا، نور، رطوبت و گرما، رعایتِ زمانِ استراحت پس از برشته‌شدن و مصرف به ترتیبِ تاریخ.,تاریخ رست قهوه کهنه ظرف قهوه دریچه یکطرفه استراحت قهوه
spec_chocolate_drinks,chocolate-drinks,competency,spec_coffee_making,100,نوشیدنی‌های شکلاتی و کاکائو,هات‌چاکلت,Chocolate and cocoa drinks,0,1,آماده‌کردنِ هات‌چاکلت، شیرکاکائو و نوشیدنی‌های شکلاتیِ سرد با پودرِ کاکائو یا شکلاتِ تخته‌ای، بدونِ دلمه‌شدن و با شیرینیِ سنجیده.,هات چاکلت شیر کاکائو شکلات داغ کاکائو
spec_cupping_protocol,cupping-protocol,competency,spec_coffee_roasting_sourcing,100,کاپینگ به روشِ استاندارد,کاپینگ,Coffee cupping protocol,0,1,ارزیابیِ قهوه با روشِ استانداردِ کاپینگ: آسیاب و وزنِ یکسان، دمای آب، شکستنِ لایه، چشیدن با قاشق و امتیازدادن در فرم تا نمونه‌ها منصفانه مقایسه شوند.,کاپینگ کاپر فرم SCA امتیاز قهوه قهوه اسپشیالتی کیو گریدر
spec_green_coffee_grading,green-coffee-grading,competency,spec_coffee_roasting_sourcing,100,درجه‌بندیِ قهوهٔ سبز,بررسیِ دانهٔ سبز,Green coffee grading,0,1,بررسیِ نمونهٔ دانهٔ سبز: شمردنِ دانه‌های معیوب، اندازهٔ دانه با الک، رطوبت، چگالی و بو، و تشخیصِ عیب‌هایی مثلِ دانهٔ سیاه، ترش، آفت‌زده یا کپک‌زده.,قهوه سبز دانه معیوب رطوبت قهوه اسکرین سایز درجه بندی قهوه
spec_green_coffee_trade,green-coffee-trade,competency,spec_coffee_roasting_sourcing,100,خرید و بازرگانیِ قهوهٔ سبز,خریدِ قهوهٔ سبز,Green coffee sourcing and trade,0,1,پیداکردنِ تأمین‌کننده، گرفتنِ نمونه پیش از خرید، قیمت‌گذاری بر پایهٔ بازارِ جهانی و کیفیت، قرارداد، شرایطِ حمل و بیمه، و پیگیریِ ترخیص.,واردات قهوه قرارداد خرید اینکوترمز بازار قهوه تامین کننده قهوه بورس قهوه
spec_green_coffee_storage,green-coffee-storage,competency,spec_coffee_roasting_sourcing,100,انبارداریِ قهوهٔ سبز,انبارِ دانهٔ سبز,Green coffee storage,0,1,نگهداریِ کیسه‌های دانهٔ سبز روی پالت، دور از دیوار، با دما و رطوبتِ کنترل‌شده، در کیسه‌های عایق، و پیشگیری از کپک و آفت.,انبار قهوه گونی قهوه گرین پرو رطوبت انبار کیسه قهوه سبز
spec_roast_profiling,roast-profiling,competency,spec_coffee_roasting_sourcing,100,طراحیِ پروفایلِ برشته‌کاری,پروفایلِ رُست,Roast profiling,0,1,طراحی و اجرای منحنیِ دما و زمانِ برشته‌کاری: دمای شارژ، نرخِ افزایشِ دما، ترکِ اول، زمانِ توسعه و پایان، و تنظیمِ آن برای هر دانه و هر روشِ دم.,پروفایل رست ترک اول زمان توسعه نرخ افزایش دما RoR رست روشن رست تیره دمای شارژ
spec_roaster_operation,roaster-operation,competency,spec_coffee_roasting_sourcing,100,کار با دستگاهِ برشته‌کاری,کار با دستگاهِ رُست,Roaster operation,0,1,روشن‌کردن و گرم‌کردنِ دستگاه، تنظیمِ شعله و جریانِ هوا و سرعتِ دیگ، شارژ و تخلیهٔ دانه، خنک‌کردن، و تمیزکردنِ پوسته‌گیر و دودکش.,دستگاه رست رستر دیگ رست سیکلون پوسته قهوه خنک کن
spec_roast_logging_software,roast-logging-software,competency,spec_coffee_roasting_sourcing,100,ثبتِ برشته‌کاری با نرم‌افزار,نرم‌افزارِ رُست,Roast logging software,0,1,وصل‌کردنِ حسگرهای دما به نرم‌افزارهایی مثلِ Artisan یا Cropster، ثبتِ هر بار برشته‌کاری، مقایسه با پروفایلِ مرجع و نگهداریِ سابقه.,آرتیزان کراپستر ترموکوپل لاگ رست نرم افزار رست
spec_roast_color_analysis,roast-color-analysis,competency,spec_coffee_roasting_sourcing,100,سنجشِ رنگ و درجهٔ برشته‌شدن,رنگِ رُست,Roast colour analysis,0,1,اندازه‌گرفتنِ رنگِ دانه و پودر با رنگ‌سنج، سنجشِ کاهشِ وزن در برشته‌کاری، و مقایسه با نمونهٔ مرجع برای یکسان‌ماندنِ محصول.,اگترون رنگ سنج درجه رست کاهش وزن رست
spec_coffee_blending,coffee-blending,competency,spec_coffee_roasting_sourcing,100,ترکیب‌سازیِ قهوه,ترکیبِ قهوه (بلند),Coffee blending,0,1,ساختنِ ترکیب از چند دانه برای طعمِ پایدار و قیمتِ مناسب، تصمیم دربارهٔ برشته‌کردنِ جدا یا با هم، و ثابت نگه‌داشتنِ طعم وقتی یک دانه عوض می‌شود.,بلند قهوه میکس قهوه ترکیب عربیکا روبوستا درصد روبوستا
spec_sample_roasting,sample-roasting,competency,spec_coffee_roasting_sourcing,100,برشته‌کاریِ نمونه,رُستِ نمونه,Sample roasting,0,1,برشته‌کردنِ مقدارِ کمِ دانهٔ سبز با دستگاهِ نمونه و درجهٔ استانداردِ کاپینگ تا پیش از خریدِ عمده بتوان کیفیت را سنجید.,سمپل رستر رست نمونه نمونه قهوه
spec_coffee_packaging_degassing,coffee-packaging-degassing,competency,spec_coffee_roasting_sourcing,100,بسته‌بندی و گاززداییِ قهوه,بسته‌بندیِ قهوه,Coffee packaging and degassing,0,1,آماده‌کردنِ قهوهٔ برشته برای بسته‌بندی پس از خروجِ گاز، کار با کیسهٔ دریچه‌دار و دستگاهِ دوخت یا نیتروژن، برچسبِ تاریخ و وزن، و کنترلِ نشتیِ بسته.,پاکت قهوه دریچه یکطرفه دوخت حرارتی نیتروژن برچسب قهوه
spec_tea_varieties,tea-varieties,competency,spec_tea_teahouse,100,شناختِ انواعِ چای و دمای دم,انواعِ چای,Tea varieties and brewing temperatures,0,1,شناختنِ چای سیاه، سبز، سفید، اولانگ و پوئر و چای‌های ایرانیِ لاهیجان و ارقامِ وارداتی، و دانستنِ دمای آب و زمانِ دمِ درستِ هرکدام؛ مثلاً چای سبز با آبِ حدودِ ۸۰ درجه و چای سیاه با آبِ جوش.,چای لاهیجان چای سبز چای سفید اولانگ پوئر چای کله مورچه چای شکسته دمای دم چای
spec_persian_tea_service,persian-tea-service,competency,spec_tea_teahouse,100,دم‌کردن و پذیراییِ چای به شیوهٔ ایرانی,چای ایرانی,Persian tea brewing and service,0,1,دم‌کردنِ چای در قوری روی سماور یا کتری، رنگ و عطرِ درست، تازه‌دم نگه‌داشتن و دورریختنِ چای مانده، و پذیرایی با استکان و نعلبکی، قند، نبات، خرما یا شیرینی.,چای تازه دم چای قند پهلو استکان نعلبکی چای نبات چای دارچین قوری
spec_herbal_infusions,herbal-infusions,competency,spec_tea_teahouse,100,دمنوش‌های گیاهی,دمنوش,Herbal infusions,0,1,آماده‌کردنِ دمنوش‌هایی مثلِ گل‌گاوزبان، به‌لیمو، بابونه، چای ترش، دارچین و زعفران، با شناختِ گیاهِ سالم و بی‌کپک و بدونِ ادعای درمانی.,دمنوش گل گاوزبان به لیمو چای ترش بابونه دمنوش زعفران عطاری
spec_specialty_tea_brewing,specialty-tea-brewing,competency,spec_tea_teahouse,100,دم‌آوریِ تخصصیِ چای,چای تخصصی,Specialty tea brewing,0,1,دم‌کردنِ چای به روش‌های تخصصی مثلِ گونگ‌فو با قوریِ کوچک و چند دم، ماچا با همزنِ بامبو، و چای‌های سردِ دم‌کشیده، با وزن و زمانِ دقیق.,گونگ فو ماچا گایوان چای سرد دم تی بار
spec_iced_and_bubble_tea,iced-and-bubble-tea,competency,spec_tea_teahouse,100,چای سرد، شیرچای و بابل‌تی,بابل‌تی,"Iced tea, milk tea and bubble tea",0,1,ساختنِ چای سرد، شیرچای و بابل‌تی: پختنِ مرواریدهای تاپیوکا، نگهداریِ ایمنِ آن‌ها در زمانِ مجاز، شربت‌های طعم‌دار و درب‌بندیِ لیوان.,بابل تی تاپیوکا شیر چای آیس تی چای ماسالا
spec_tea_tasting_evaluation,tea-tasting-evaluation,competency,spec_tea_teahouse,100,چای‌چشی و ارزیابیِ چای,چای‌چشی,Tea tasting and grading,0,1,ارزیابیِ برگِ خشک، رنگِ دم، برگِ دم‌کشیده و طعم با روشِ استاندارد، درجه‌بندیِ چای و تشخیصِ کهنگی، رطوبت و آمیختگی.,چای چش تستر چای درجه بندی چای ارزیابی چای
spec_tea_blending,tea-blending,competency,spec_tea_teahouse,100,ترکیب‌سازیِ چای,ترکیبِ چای,Tea blending,0,1,ساختنِ ترکیب‌های ثابت از چند چای و افزودنی‌هایی مثلِ هل، دارچین، برگاموت یا گل، با دستورِ مکتوب، وزنِ دقیق و ثبتِ سری.,چای ارل گری چای هل چای معطر میکس چای
spec_tea_processing,tea-processing,competency,spec_tea_teahouse,100,فرآوریِ برگِ چای,کارخانهٔ چای,Tea leaf processing,0,1,کار در مراحلِ کارخانهٔ چای: پلاساندن، مالش، تخمیر (اکسایش)، خشک‌کردن و درجه‌بندی، با کنترلِ دما و رطوبت در هر مرحله.,پلاس مالش چای تخمیر چای خشک کن چای کارخانه چای لاهیجان برگ سبز چای
spec_samovar_operation,samovar-operation,competency,spec_tea_teahouse,100,کار با سماور,سماورداری,Samovar operation,0,1,روشن‌کردن و نگه‌داشتنِ سماورِ برقی، گازی یا زغالی، پُرنگه‌داشتنِ آب، جوش‌زداییِ مرتب، و پیشگیری از سوختگی و روشن‌ماندنِ سماورِ خالی.,سماور سماور زغالی سماور گازی جرم سماور سماوردار آبجوش
spec_traditional_teahouse_customs,traditional-teahouse-customs,competency,spec_tea_teahouse,100,آدابِ پذیرایی در چای‌خانه و سفره‌خانهٔ سنتی,آدابِ سفره‌خانه,Traditional teahouse and sofrekhaneh customs,0,1,پذیرایی به شیوهٔ چای‌خانه و سفره‌خانهٔ ایرانی: نشستن روی تخت، چیدنِ سینی و سفره، ترتیبِ آوردنِ چای، غذا و شیرینی، احترام به خانواده‌ها و حفظِ فضای آرام و سنتی.,قهوه خانه سفره خانه تخت سنتی سینی چای چای خانه سنتی
spec_hookah_preparation,hookah-preparation,competency,spec_tea_teahouse,100,آماده‌کردنِ قلیان,آماده‌کردنِ قلیان,Hookah preparation,0,1,آماده‌کردنِ قلیان در مجموعه‌ای که مجوزِ عرضه دارد: پُرکردنِ سر، گذاشتنِ زغال، تنظیمِ آب و هوا‌گیری، عوض‌کردنِ زغال، و رعایتِ ممنوعیتِ عرضه به افرادِ زیرِ ۱۸ سال.,قلیان سر قلیان زغال قلیان تنباکو قلیان سرا
spec_fruit_selection_handling,fruit-selection-handling,competency,spec_juice_traditional_drinks,100,انتخاب و آماده‌کردنِ میوه,میوه‌شناسی,Fruit selection and handling,0,1,انتخابِ میوهٔ رسیده و سالم، نگهداری در دمای مناسبِ هر میوه، شستن و ضدعفونیِ میوه و سبزی، و جداکردنِ میوهٔ لک‌دار یا کپک‌زده.,میوه رسیده ضدعفونی میوه شستن سبزی انبار میوه میوه لک دار
spec_fresh_juice_hygiene,fresh-juice-hygiene,competency,spec_juice_traditional_drinks,100,بهداشتِ آبمیوهٔ طبیعی,بهداشتِ آبمیوه,Fresh juice hygiene,0,1,رعایتِ این‌که آبمیوهٔ تازه پاستوریزه نیست: گرفتن نزدیکِ زمانِ سرو، نگهداری در یخچال و دورریختن پس از زمانِ مجاز، و شستنِ روزانهٔ آبمیوه‌گیر و ظرف‌ها.,آبمیوه طبیعی آب هویج آب پرتقال پاستوریزه شستن آبمیوه گیری
spec_juicer_blender_operation,juicer-blender-operation,competency,spec_juice_traditional_drinks,100,کار با آبمیوه‌گیر و مخلوط‌کن,آبمیوه‌گیری,Juicer and blender operation,0,1,کار با آبمیوه‌گیرِ صنعتی، دستگاهِ آب‌پرتقال‌گیر، آب‌هویج‌گیر و مخلوط‌کنِ پُرقدرت؛ بازکردن و تمیزکردنِ تیغه و توری، و ایمنیِ دست هنگامِ کار.,آبمیوه گیری مخلوط کن آب پرتقال گیری آب انار گیری بلندر
spec_smoothies_blended_drinks,smoothies-blended-drinks,competency,spec_juice_traditional_drinks,100,اسموتی، شیرموز و نوشیدنی‌های مخلوط,اسموتی و معجون,Smoothies and blended drinks,0,1,ساختنِ اسموتی، شیک، شیرموز، معجون و آب‌هویج‌بستنی با نسبتِ درستِ میوه، شیر، یخ و بستنی، و غلظت و شیرینیِ یکسان.,اسموتی شیک شیرموز معجون آب هویج بستنی بستنی آبمیوه شیر پسته
spec_ice_cream_serving,ice-cream-serving,competency,spec_juice_traditional_drinks,100,نگهداری و سرو بستنی,بستنی‌زدن,Ice cream holding and serving,0,1,نگهداریِ بستنی در دمای درست در انبارِ سرد و یخچالِ ویترینی، اسکوپ‌زدنِ هم‌اندازه، شستنِ اسکوپ در آبِ روان و پیشگیری از آب‌شدن و دوباره یخ‌زدن.,بستنی سنتی بستنی زعفرانی اسکوپ یخچال بستنی بستنی نونی
spec_syrup_making,syrup-making,competency,spec_juice_traditional_drinks,100,شربت‌پزی و ساختِ سیروپ,شربت‌پزی,Syrup making,0,1,پختنِ شربتِ ساده و سیروپ‌های طعم‌دار مثلِ زعفران، وانیل، کارامل، هل یا میوه، سنجیدنِ غلظت با بریکس‌سنج، ریختن در بطریِ تمیز و برچسب‌زدن.,سیروپ شربت ساده بریکس سیروپ کارامل سیروپ زعفران
spec_sharbat_making,sharbat-making,competency,spec_juice_traditional_drinks,100,شربت‌های سنتیِ ایرانی,شربتِ سنتی,Traditional Persian sharbats,0,1,ساختنِ شربت‌های سنتی مثلِ سکنجبین، بیدمشک، گلاب، خاکشیر، تخم‌شربتی، به‌لیمو، آبلیمو و شربتِ زعفران با دستورِ اصیل و شیرینیِ سنجیده.,سکنجبین شربت بیدمشک خاکشیر تخم شربتی شربت آبلیمو شربت گلاب شربت زعفران
spec_doogh_making,doogh-making,competency,spec_juice_traditional_drinks,100,دوغ‌سازی,دوغ‌زدن,Doogh making,0,1,ساختنِ دوغِ تازه از ماست، آب، نمک و سبزیِ خشک مثلِ پونه و نعناع، با غلظتِ درست، نگهداری در یخچال و شناختِ دوغِ گازدار و محلی.,دوغ محلی دوغ گازدار دوغ و پونه دوغ کف دار ماست
spec_herbal_distillation,herbal-distillation,competency,spec_juice_traditional_drinks,100,عرق‌گیری و گلاب‌گیری,عرق‌گیری,Herbal distillation,0,1,گرفتنِ عرقیاتِ گیاهی مثلِ گلاب، عرقِ نعناع، بیدمشک و شاتره با تقطیر با بخار، جداکردنِ اسانس، بطری‌کردنِ تمیز و برچسبِ درست، بدونِ ادعای درمانی.,گلاب گیری عرق نعناع عرق بیدمشک دیگ عرق گیری قمصر عرقیات
spec_fermented_soft_drinks,fermented-soft-drinks,competency,spec_juice_traditional_drinks,100,نوشیدنی‌های تخمیریِ بدونِ الکل,کامبوچا و تخمیری,Non-alcoholic fermented drinks,0,1,ساختنِ کامبوچا، کفیرِ آبی و آب‌غوره یا سرکه‌های نوشیدنی با کنترلِ اسیدیته، دما و زمان تا نوشیدنی ایمن و بدونِ الکلِ قابلِ‌توجه بماند.,کامبوچا کفیر آبی اسکوبی نوشیدنی تخمیری پروبیوتیک
spec_malt_beverage_brewing,malt-beverage-brewing,competency,spec_juice_traditional_drinks,100,تولیدِ ماءالشعیر و نوشیدنیِ مالت,ماءالشعیر,Malt beverage brewing,0,1,تولیدِ نوشیدنیِ مالتِ بدونِ الکل: آسیابِ مالت، ماشینگ و گرفتنِ عصارهٔ قند، جوشاندن با رازک، صاف‌کردن، طعم‌دادن، گازدار و پاستوریزه‌کردن.,ماءالشعیر مالت ماشینگ رازک آبجو بدون الکل
spec_bar_workflow,bar-workflow,competency,spec_bar_operations,100,گردشِ کار پشتِ بار,نظمِ کارِ بار,Bar workflow,0,1,چیدنِ ایستگاه طوری که دست‌ها کم‌ترین رفت‌وآمد را داشته باشند، ترتیبِ ساختنِ سفارش‌ها، کار با فیشِ سفارش در ساعتِ شلوغ و هماهنگی با صندوق و سالن.,ساعت شلوغ فیش سفارش ایستگاه بار ترتیب سفارش سرعت بار
spec_bar_setup_closing,bar-setup-closing,competency,spec_bar_operations,100,باز و بسته‌کردنِ بار,آماده‌کردن و بستنِ بار,Bar opening and closing routines,0,1,آماده‌کردنِ بار پیش از باز شدن (گرم‌کردنِ دستگاه، تنظیمِ آسیاب، پُرکردنِ یخ، شیر، لیوان و سیروپ) و بستنِ آن (شستنِ دستگاه، خالی‌کردنِ یخ‌ها، ثبتِ کسری‌ها) با فهرستِ کنترل.,چک لیست بار باز کردن کافه بستن کافه آماده سازی بار میزانپلاس بار
spec_beverage_menu_design,beverage-menu-design,competency,spec_bar_operations,100,طراحیِ منوی نوشیدنی,منوی نوشیدنی,Beverage menu design,0,1,انتخابِ نوشیدنی‌ها و اندازه‌ها، نام و توضیحِ روشن، قیمت‌گذاری بر پایهٔ هزینه و بازار، و منوی فصلی که با توانِ بار و انبار جور باشد.,منو کافه منوی فصلی قیمت گذاری منو مهندسی منو
spec_signature_drink_development,signature-drink-development,competency,spec_bar_operations,100,ساختنِ نوشیدنیِ ویژه,نوشیدنیِ ابتکاری,Signature drink development,0,1,طراحیِ نوشیدنیِ تازه با آزمون و خطا، تعادلِ شیرینی، ترشی، تلخی و عطر، نوشتنِ دستورِ دقیق و آموزشِ آن به همکاران.,نوشیدنی ویژه سیگنچر نوشیدنی جدید ابداع نوشیدنی
spec_bar_quality_control,bar-quality-control,competency,spec_bar_operations,100,کنترلِ کیفیتِ روزانهٔ بار,کیفیتِ روزانه,Daily bar quality control,0,1,چشیدنِ نوشیدنی‌ها در آغازِ هر نوبت، ثبتِ تنظیمِ آسیاب و دستورِ روز، بررسیِ تاریخِ شیر و سیروپ، و بازگرداندنِ نوشیدنیِ نامناسب پیش از رسیدن به مهمان.,کنترل کیفیت دفتر تنظیم آسیاب تست روزانه یکنواختی طعم
spec_takeaway_beverage_packaging,takeaway-beverage-packaging,competency,spec_bar_operations,100,بسته‌بندیِ نوشیدنیِ بیرون‌بر و ارسالی,بیرون‌بر,Takeaway and delivery beverage packaging,0,1,انتخابِ لیوان و درب و جالیوانیِ مناسبِ داغ و سرد، جداکردنِ یخ برای راهِ دور، پلمب‌کردن برای ارسال، و نوشتنِ نام و سفارش روی لیوان.,بیرون بر لیوان کاغذی جا لیوانی درب لیوان پیک اسنپ فود
spec_mocktail_mixology,mocktail-mixology,competency,spec_bar_operations,100,ساختنِ موکتل و نوشیدنیِ ترکیبیِ بدونِ الکل,موکتل,Non-alcoholic mixology (mocktails),0,1,ساختنِ نوشیدنی‌های ترکیبیِ بدونِ الکل مثلِ موهیتو، لیموناد و پانچ با شیکر، همزن و صافی، اندازه‌گیری با جیگر، و تعادلِ ترش، شیرین و گاز.,موکتل موهیتو لیموناد شیکر جیگر پانچ میکسولوژی
spec_garnish_preparation,garnish-preparation,competency,spec_bar_operations,100,آماده‌کردنِ تزئینِ نوشیدنی,تزئینِ نوشیدنی,Garnish preparation,0,1,برش‌زدنِ میوه، نعناع و پوستِ مرکبات برای تزئین، نگهداریِ تازه و سرد در طولِ نوبت، و کارِ ایمن با چاقوی کوچکِ بار.,تزئین لیوان برش لیمو پوست پرتقال برگ نعناع گارنیش
spec_ice_handling,ice-handling,competency,spec_bar_operations,100,یخ: انواع، بهداشت و نگهداری,یخ و بهداشتش,Ice handling and hygiene,0,1,شناختنِ یخِ حبه‌ای، خرد و بزرگ و اثرشان بر رقیق‌شدن، برداشتنِ یخ فقط با اسکوپ و هرگز با لیوان، و تمیز و جرم‌گیری‌کردنِ مرتبِ یخ‌ساز.,یخ ساز اسکوپ یخ یخ خرد یخ حبه بهداشت یخ
spec_carbonation_soda_systems,carbonation-soda-systems,competency,spec_bar_operations,100,گازدارکردن و دستگاهِ نوشابهٔ پُست‌میکس,دستگاهِ نوشابه,Carbonation and soda fountain systems,0,1,کار با دستگاهِ نوشابهٔ پُست‌میکس و سیفون، تعویضِ ایمنِ کپسولِ دی‌اکسیدکربن و کیسهٔ شربت، تنظیمِ نسبتِ شربت و آب و شستنِ لوله‌ها.,نوشابه پست میکس کپسول گاز CO2 سودا آب گازدار دستگاه نوشابه سیفون
spec_buffet_beverage_station,buffet-beverage-station,competency,spec_bar_operations,100,ادارهٔ ایستگاهِ نوشیدنیِ صبحانه و بوفه,ایستگاهِ نوشیدنیِ بوفه,Buffet beverage station,0,1,آماده و پُرنگه‌داشتنِ ایستگاهِ چای، قهوه، آبمیوه و شیر در صبحانهٔ هتل یا مراسم، کنترلِ دما، تمیزیِ دور و بر و جایگزینیِ به‌موقع.,بوفه صبحانه ایستگاه چای کلمن دیسپنسر آبمیوه صبحانه هتل
spec_mobile_bar_operation,mobile-bar-operation,competency,spec_bar_operations,100,ادارهٔ کافهٔ سیار,کافهٔ سیار,Mobile coffee bar operation,0,1,کار با کافهٔ سیار یا ون: برقِ ژنراتور یا باتری، مخزنِ آبِ تمیز و پساب، جاگیری و مجوزِ شهرداری، و آماده‌بودن با فضای کم.,کافه سیار ون قهوه فود تراک ژنراتور مجوز شهرداری
spec_coffee_bar_design_equipment,coffee-bar-design-equipment,competency,spec_bar_operations,100,طراحیِ بار و انتخابِ دستگاه‌ها,راه‌اندازیِ کافه,Coffee bar design and equipment selection,0,1,انتخابِ دستگاهِ اسپرسو، آسیاب و تصفیهٔ آب بر پایهٔ حجمِ فروش، چیدمانِ بار، برق و آب و فاضلاب، و برآوردِ هزینهٔ راه‌اندازی.,راه اندازی کافه مشاوره کافه طراحی بار خرید دستگاه اسپرسو چیدمان کافه
spec_espresso_machine_backflushing,espresso-machine-backflushing,competency,spec_beverage_equipment,100,بک‌فلاش و شستشوی روزانهٔ دستگاهِ اسپرسو,بک‌فلاش,Espresso machine backflushing and daily cleaning,0,1,شستشوی سرگروپ با فیلترِ بسته و پودرِ مخصوص، خیساندنِ پرتافیلتر و سبد، تمیزکردنِ دوش و نازلِ بخار، و ثبتِ آن در فهرستِ روزانه.,بک فلاش پودر شستشو فیلتر کور شستشوی سرگروپ تمیز کردن نازل بخار
spec_espresso_machine_descaling,espresso-machine-descaling,competency,spec_beverage_equipment,100,جرم‌گیریِ دستگاهِ اسپرسو و آبجوش,جرم‌گیری,Descaling espresso machines and boilers,0,1,تشخیصِ جرم از سختیِ آب، جرم‌گیریِ ایمنِ بویلر و مدارِ آب با محلولِ مناسب و به روشِ سازنده، و آب‌کشیِ کامل پیش از استفاده.,جرم گیری رسوب سختی آب اسید سیتریک جرم بویلر
spec_group_head_maintenance,group-head-maintenance,competency,spec_beverage_equipment,100,تعویضِ واشر و دوشِ سرگروپ,واشر و دوش,Group head gasket and shower screen maintenance,0,1,بازکردن و عوض‌کردنِ واشرِ سرگروپ و دوش در زمانِ مناسب، تشخیصِ نشتی از دورِ پرتافیلتر و نگهداریِ قطعه‌های یدکی.,واشر سرگروپ دوش سرگروپ نشتی پرتافیلتر قطعه یدکی
spec_boiler_pressure_safety,boiler-pressure-safety,competency,spec_beverage_equipment,100,ایمنیِ بویلر و فشار,ایمنیِ فشار,Boiler and pressure safety,0,1,شناختنِ فشارِ بخار و آب در دستگاه، سوپاپِ اطمینان، پرشراستات و گیجِ فشار، و کارهایی که نباید کرد، مثلِ بازکردنِ دستگاهِ داغ و زیرِ فشار.,سوپاپ اطمینان پرشر استات گیج فشار فشار بویلر بخار داغ
spec_espresso_machine_electrics,espresso-machine-electrics,competency,spec_beverage_equipment,100,برق و الکترونیکِ دستگاهِ اسپرسو,برقِ دستگاه,Espresso machine electrics and electronics,0,1,عیب‌یابیِ المنت، پمپ، شیرِ برقی، فلومتر، حسگرِ سطحِ آب و کنترلرِ دمای PID، خواندنِ نقشهٔ برق و کار با ایمنیِ برق و ارت.,المنت پمپ ویبره پمپ روتاری شیر برقی فلومتر PID برد دستگاه
spec_pump_pressure_calibration,pump-pressure-calibration,competency,spec_beverage_equipment,100,تنظیمِ فشارِ پمپ و دمای دم,تنظیمِ فشار,Pump pressure and brew temperature calibration,0,1,اندازه‌گرفتنِ فشارِ عصاره‌گیری با پرتافیلترِ گیج‌دار، تنظیمِ پمپ به حدودِ ۹ بار، سنجیدنِ دمای آبِ سرگروپ و ثبتِ نتیجه.,گیج پرتافیلتر ۹ بار تنظیم پمپ دمای سرگروپ اسکیس
spec_grinder_burr_maintenance,grinder-burr-maintenance,competency,spec_beverage_equipment,100,نگهداری و تعویضِ تیغهٔ آسیاب,تیغهٔ آسیاب,Grinder burr maintenance,0,1,شناختنِ تیغهٔ تخت و مخروطی، تمیزکردنِ ماندهٔ قهوه، هم‌محورکردن و تعویضِ تیغهٔ کُندشده بر پایهٔ کیلوگرمِ آسیاب‌شده.,تیغه آسیاب تیغه مخروطی تیغه تخت آسیاب قهوه کالیبره آسیاب ماندگی آسیاب
spec_water_filtration_maintenance,water-filtration-maintenance,competency,spec_beverage_equipment,100,نگهداریِ سامانهٔ تصفیهٔ آب,فیلترِ آب,Water filtration system maintenance,0,1,اندازه‌گرفتنِ سختی و کلِ املاحِ آب، تعویضِ کارتریج و فیلترِ رزینی یا اسمزِ معکوس در زمانِ درست، تنظیمِ کنارگذر و ثبتِ تاریخِ تعویض.,فیلتر آب سختی گیر آب شیرین کن اسمز معکوس کارتریج TDS متر
spec_espresso_machine_programming,espresso-machine-programming,competency,spec_beverage_equipment,100,تنظیم و برنامه‌ریزیِ دستگاهِ اسپرسو,تنظیمِ دستگاه,Espresso machine settings and programming,0,1,تنظیمِ دکمه‌های حجمی، دمای بویلر، پیش‌دم، زمان‌سنج و حالتِ خواب در منوی دستگاه، و ثبتِ تنظیم‌ها برای بازگرداندن.,دکمه حجمی پیش دم پری اینفیوژن منوی دستگاه تنظیم دما
spec_automatic_coffee_machine_care,automatic-coffee-machine-care,competency,spec_beverage_equipment,100,نگهداریِ دستگاهِ قهوهٔ تمام‌خودکار,دستگاهِ خودکار,Automatic and vending coffee machine care,0,1,پُرکردنِ دانه، پودرِ شیر و لیوان، اجرای برنامهٔ شستشو، خالی‌کردنِ تُفاله و آبِ اضافه، و گزارشِ خطای دستگاه به پشتیبانی.,دستگاه قهوه اتوماتیک وندینگ دستگاه سکه ای قهوه اداری شستشوی خودکار
spec_cocktail_mixology,cocktail-mixology,competency,spec_alcoholic_beverages,100,ساختِ کوکتلِ الکلی,کوکتل,Cocktail mixology,0,1,ساختِ نوشیدنی‌های ترکیبیِ الکلی. این مهارت در ایران عرضه نمی‌شود و فقط برای شناختِ تجربهٔ کاری در خارج از ایران ثبت شده است.,کوکتل بارتندر
spec_wine_knowledge,wine-knowledge,competency,spec_alcoholic_beverages,100,شناختِ شراب و هم‌نشینیِ آن با غذا,شراب‌شناسی,Wine knowledge and pairing,0,1,شناختِ انگور، منطقه، روشِ تولید و هم‌نشینیِ شراب با غذا. در ایران عرضه نمی‌شود و فقط برای ثبتِ تجربهٔ کاری در خارج از ایران آمده است.,سومولیه شراب
spec_cellar_management,cellar-management,competency,spec_alcoholic_beverages,100,ادارهٔ انبارِ شراب,انبارِ شراب,Wine cellar management,0,1,نگهداری، ثبت و خرید و فروشِ موجودیِ شراب. در ایران عرضه نمی‌شود؛ دانشِ کنترلِ دما و موجودی‌اش در انبارداری به‌کار می‌آید.,سلار انبار شراب
spec_beer_brewing,beer-brewing,competency,spec_alcoholic_beverages,100,تولیدِ آبجوی الکلی,آبجوسازی,Beer brewing,0,1,تولیدِ آبجو با تخمیرِ الکلی. در ایران قانونی نیست؛ بخشِ مالت و ماشینگِ آن در «تولیدِ ماءالشعیر» به‌کار می‌آید.,آبجو تخمیر الکلی
spec_spirits_distillation,spirits-distillation,competency,spec_alcoholic_beverages,100,تقطیرِ نوشیدنیِ الکلی,تقطیرِ الکلی,Spirits distillation,0,1,تولیدِ نوشیدنیِ الکلیِ تقطیری. در ایران قانونی نیست؛ دانشِ تقطیرِ آن در «عرق‌گیری و گلاب‌گیری» به‌کار می‌آید.,تقطیر الکل
spec_responsible_alcohol_service,responsible-alcohol-service,competency,spec_alcoholic_beverages,100,عرضهٔ مسئولانهٔ الکل,عرضهٔ مسئولانه,Responsible alcohol service,0,1,شناختنِ مستی، خودداری از سرو به افرادِ زیرِ سنِ قانونی و مست، و قوانینِ کشورِ محلِ کار. در ایران عرضه نمی‌شود.,سرو مسئولانه
spec_roastery_assistant,roastery-assistant,role,spec_bar_roastery,10,دستیارِ برشته‌کاری,دستیارِ رُستری,Roastery assistant,0,1,کمک در برشته‌کاری: جابه‌جاییِ کیسه‌های دانهٔ سبز، وزن‌کردن، پُرکردن و دوختنِ پاکت‌ها، برچسب‌زدن، آماده‌کردنِ سفارش‌ها و تمیزکاریِ کارگاه.,کمک رستر بسته بند قهوه کارگر رستری
spec_coffee_roaster,coffee-roaster,role,spec_bar_roastery,40,برشته‌کارِ قهوه,رُست‌کارِ قهوه,Coffee roaster,1,1,برشته‌کردنِ دانهٔ سبز با دستگاهِ برشته‌کاری بر پایهٔ پروفایلِ تعیین‌شده، ثبتِ هر بار، چشیدن و تنظیمِ دوباره، و نگهداری و ایمنیِ دستگاه.,رستر رست کار بو دادن قهوه قهوه رست برشته کار
spec_roastery_operator,roastery-operator,role,spec_bar_roastery,30,اپراتورِ خطِ برشته‌کاریِ صنعتی,اپراتورِ رُستری,Industrial roastery line operator,0,1,کار با دستگاه‌های برشته‌کاری، آسیاب و بسته‌بندیِ صنعتی در کارخانهٔ قهوه طبقِ دستورِ تولید، پایشِ دما و ظرفیت، و ثبتِ سری‌ها.,اپراتور رستر صنعتی کارخانه قهوه خط تولید قهوه
spec_head_roaster,head-roaster,role,spec_bar_roastery,40,سربرشته‌کار و مدیرِ تولیدِ برشته‌کاری,سررُست‌کار,Head roaster and roastery production manager,0,1,مسئولِ پروفایل‌ها، ترکیب‌ها و کیفیتِ همهٔ محصولاتِ برشته‌کاری، برنامه‌ریزیِ تولید، آموزشِ برشته‌کاران و هماهنگی با خریدِ دانهٔ سبز.,هد رستر مدیر رستری مدیر تولید قهوه
spec_green_coffee_buyer,green-coffee-buyer,role,spec_bar_roastery,50,خریدارِ قهوهٔ سبز,خریدِ قهوهٔ سبز,Green coffee buyer,0,1,پیداکردن، سنجیدن و خریدنِ دانهٔ سبز از تأمین‌کننده‌ها و بازرگانان، گرفتن و کاپینگِ نمونه، مذاکرهٔ قیمت و قرارداد، و پیگیریِ حمل و ترخیص.,بازرگان قهوه واردکننده قهوه گرین بایر خرید قهوه
spec_q_grader,q-grader,role,spec_bar_roastery,60,ارزیابِ کیفیتِ قهوه (کیوگریدر),ارزیابِ قهوه,Q grader / coffee quality evaluator,0,1,ارزیابِ دارای گواهیِ بین‌المللیِ کیفیت که قهوه را با کاپینگِ استاندارد امتیاز می‌دهد، عیب‌های دانهٔ سبز و برشته را تشخیص می‌دهد و درجهٔ کیفیت را اعلام می‌کند.,کیو گریدر کاپر ارزیاب قهوه Q Grader
spec_coffee_quality_controller,coffee-quality-controller,role,spec_bar_roastery,70,کارشناسِ کنترلِ کیفیتِ قهوه,کنترلِ کیفیتِ قهوه,Coffee quality control specialist,0,1,کنترلِ کیفیتِ روزانه در برشته‌کاری: کاپینگِ هر سری، سنجشِ رنگ و رطوبت، مقایسه با نمونهٔ مرجع، ثبتِ نتایج و نگه‌داشتنِ نمونه‌های بایگانی.,کنترل کیفیت قهوه آزمایشگاه قهوه QC قهوه
spec_coffee_packaging_operator,coffee-packaging-operator,role,spec_bar_roastery,80,اپراتورِ بسته‌بندیِ قهوه,بسته‌بندیِ قهوه,Coffee packaging operator,0,1,کار با دستگاهِ پُرکن و دوخت، کیسهٔ دریچه‌دار و گازِ نیتروژن، کنترلِ وزن و برچسب، و تمیزکاریِ دستگاه در پایانِ نوبت.,بسته بندی قهوه دستگاه پرکن دوخت پاکت
spec_coffee_brand_ambassador,coffee-brand-ambassador,role,spec_bar_roastery,90,نمایندهٔ برندِ قهوه,نمایندهٔ برند,Coffee brand ambassador,0,1,معرفیِ محصولاتِ یک برشته‌کاری یا برندِ دستگاه به کافه‌ها، اجرای جلسهٔ چشیدن در نمایشگاه و کافه، پشتیبانیِ مشتری‌های عمده و آموزشِ اولیهٔ بار.,برند امبسادور نماینده فروش قهوه کارشناس فروش رستری
spec_teahouse_attendant,teahouse-attendant,role,spec_bar_tea,20,متصدیِ چای‌خانه (چای‌دار),چای‌دار,Teahouse tea attendant,1,1,دم‌کردنِ چای و دمنوش در چای‌خانه، قهوه‌خانه یا سفره‌خانه، تازه نگه‌داشتنِ چای، چیدنِ سینی و پذیرایی از مهمانان به شیوهٔ ایرانی.,چای دار قهوه چی چایچی قهوه خانه چای خانه
spec_samovar_keeper,samovar-keeper,role,spec_bar_tea,50,سماوردار,سماوردار,Samovar keeper,1,1,روشن و آماده نگه‌داشتنِ سماورها در چای‌خانه، هیئت، مسجد، مراسم یا ایستگاهِ صلواتی، تأمینِ آبِ جوش و چای برای جمعیت و جرم‌گیری و ایمنیِ سماور.,سماوردار چایی ریز ایستگاه صلواتی چای نذری آبدار
spec_sofrekhaneh_service,sofrekhaneh-service,role,spec_bar_tea,30,کارشناسِ پذیراییِ سفره‌خانهٔ سنتی,پذیراییِ سفره‌خانه,Traditional sofrekhaneh service staff,0,1,پذیرایی از مهمان در سفره‌خانهٔ سنتی: خوشامد و نشاندن روی تخت، گرفتنِ سفارش، آوردنِ چای، غذای سنتی و شیرینی به آدابِ سفره‌خانه.,گارسون سفره خانه سفره خانه پذیرایی سنتی قهوه خانه سنتی
spec_teahouse_manager,teahouse-manager,role,spec_bar_tea,40,مدیرِ چای‌خانه و سفره‌خانه,مدیرِ چای‌خانه,Teahouse and sofrekhaneh manager,0,1,ادارهٔ چای‌خانه یا سفره‌خانهٔ سنتی: برنامهٔ همکاران، خریدِ چای و مواد، کیفیتِ پذیرایی، مجوزها و بازرسیِ بهداشت، و نگه‌داشتنِ فضای سنتی.,چای خانه دار قهوه خانه دار مدیر سفره خانه صاحب قهوه خانه
spec_hookah_attendant,hookah-attendant,role,spec_bar_tea,50,متصدیِ قلیان,قلیان,Hookah attendant,0,1,آماده‌کردن، رساندن و نگهداریِ قلیان در مجموعه‌ای که مجوزِ معتبرِ عرضهٔ قلیان دارد. قانونِ جامعِ کنترلِ دخانیات عرضه به افرادِ زیرِ ۱۸ سال را ممنوع کرده و عرضه در اماکنِ عمومی فقط با مجوز و در جاهایی که مقرراتِ محلی اجازه دهد ممکن است؛ این کار برای همکار هم خطرِ دود و گازگرفتگی دارد.,قلیان قلیان دار سرقلیان قلیان سرا زغال قلیان
spec_tea_master,tea-master,role,spec_bar_tea,60,کارشناسِ ارشدِ چای,استادِ چای,Tea master / tea sommelier,0,1,کارشناسِ چای که انواعِ چای و دمنوش را می‌شناسد، منوی چای می‌سازد، دم‌آوریِ تخصصی و مراسمِ چای اجرا می‌کند و مهمان و همکاران را راهنمایی می‌کند.,تی مستر سومولیه چای چای شناس کارشناس چای
spec_tea_bar_attendant,tea-bar-attendant,role,spec_bar_tea,70,متصدیِ چای‌بار,چای‌بار,Tea bar attendant,0,1,ساختنِ نوشیدنی‌های امروزیِ چای مثلِ بابل‌تی، شیرچای، چای سرد و ماچا لاته در چای‌بار یا کافه، با دستورِ استاندارد و درب‌بندیِ بیرون‌بر.,بابل تی تی بار ماچا لاته آیس تی
spec_tea_taster,tea-taster,role,spec_bar_tea,80,چای‌چش,چای‌چش,Tea taster,0,1,ارزیابیِ چای در کارخانه، بازرگانی یا بسته‌بندی: چشیدنِ نمونه‌ها، درجه‌بندی، تشخیصِ عیب و کهنگی، و کمک به خرید و ترکیب‌سازی.,چای چش تی تستر ارزیاب چای تستر چای
spec_tea_blender,tea-blender,role,spec_bar_tea,90,ترکیب‌کار و بسته‌بندِ چای,ترکیبِ چای,Tea blender,0,1,ساختنِ ترکیب‌های چای و دمنوش در کارگاه یا کارخانه طبقِ دستورِ ثابت، وزن‌کردن و مخلوط‌کردن، بسته‌بندی و برچسب‌زدن با ثبتِ سری.,ترکیب چای بسته بندی چای دمنوش کیسه ای کارگاه چای
spec_tea_processing_operator,tea-processing-operator,role,spec_bar_tea,100,اپراتورِ کارخانهٔ چای,کارخانهٔ چای,Tea factory operator,0,1,کار در مراحلِ فرآوریِ برگِ سبزِ چای در کارخانه‌های گیلان و مازندران: پلاساندن، مالش، تخمیر، خشک‌کردن و درجه‌بندی، با کنترلِ دما و زمان.,کارخانه چای چای لاهیجان خشک کن چای پلاس برگ سبز
spec_juice_bar_attendant,juice-bar-attendant,role,spec_bar_juice,30,متصدیِ آبمیوه‌گیری,آبمیوه‌گیری,Juice bar attendant,1,1,گرفتنِ آبمیوهٔ تازه و ساختنِ اسموتی و شیک در آبمیوه‌فروشی یا کافه، شستن و آماده‌کردنِ میوه، و تمیز نگه‌داشتنِ دستگاه‌ها.,آبمیوه فروشی آبمیوه گیر آب هویج آب انار آب پرتقال
spec_juice_ice_cream_attendant,juice-ice-cream-attendant,role,spec_bar_juice,20,متصدیِ بستنی و آبمیوه,بستنی و آبمیوه,Ice cream and juice bar attendant,0,1,کار در بستنی‌آبمیوه‌فروشی: اسکوپ‌زدنِ بستنیِ سنتی و صنعتی، ساختنِ آب‌هویج‌بستنی، معجون، شیک و فالوده، و نگهداریِ درستِ بستنی در سرما.,بستنی فروشی آب هویج بستنی معجون بستنی سنتی بستنی آبمیوه
spec_traditional_drinks_maker,traditional-drinks-maker,role,spec_bar_juice,30,سازندهٔ شربت و نوشیدنی‌های سنتی,شربت و دوغ,Traditional drinks maker,0,1,ساختنِ شربت‌های سنتی، دوغ، دمنوش‌های سرد و سیروپ‌ها برای رستوران، سفره‌خانه، مراسم یا فروش، با دستورِ اصیل و نگهداریِ بهداشتی.,شربت ساز دوغ سکنجبین شربت بیدمشک شربت نذری
spec_juice_bar_supervisor,juice-bar-supervisor,role,spec_bar_juice,50,سرپرستِ آبمیوه و بستنی‌فروشی,سرپرستِ آبمیوه,Juice bar supervisor,0,1,سرپرستیِ یک آبمیوه یا بستنی‌فروشی: خریدِ روزانهٔ میوه، کنترلِ دورریز، برنامهٔ همکاران، بهداشت و بازرسی، و حسابِ فروشِ روزانه.,مدیر آبمیوه فروشی سرپرست بستنی فروشی
spec_herbal_distillate_maker,herbal-distillate-maker,role,spec_bar_juice,60,عرق‌گیر و گلاب‌گیر,عرق‌گیری,Herbal distillate and rosewater maker,0,1,گرفتنِ گلاب و عرقیاتِ گیاهی در کارگاه‌های سنتی یا کارخانه، مثلِ کاشان و قمصر: آماده‌کردنِ گیاه، کار با دیگ و سردکننده، صاف‌کردن، بطری‌کردن و برچسب‌زدن.,گلاب گیر عرق گیر عرقیات دیگ گلاب قمصر
spec_bartender,bartender,role,spec_bar_alcohol,10,بارتندر,بارتندر,Bartender,0,1,ساختن و سرو نوشیدنی‌های الکلی و ترکیبی پشتِ بار.,بارتندر بار من
spec_head_bartender,head-bartender,role,spec_bar_alcohol,20,سربارتندر,سربارتندر,Head bartender,0,1,سرپرستیِ بارِ الکلی، طراحیِ منوی کوکتل و مدیریتِ موجودیِ بار.,هد بارتندر
spec_sommelier,sommelier,role,spec_bar_alcohol,30,سومولیه,سومولیه,Sommelier,0,1,کارشناسِ شراب در رستوران که شراب را پیشنهاد می‌کند، هم‌نشینیِ آن با غذا را می‌سنجد و سرو می‌کند.,سومولیه کارشناس شراب
spec_cellar_master,cellar-master,role,spec_bar_alcohol,40,مدیرِ انبارِ شراب,انبارِ شراب,Cellar master,0,1,مدیریتِ انبارِ شراب در هتل یا رستوران: خرید، نگهداری در دما و رطوبتِ درست و ثبتِ موجودی.,سلار مستر
spec_brewer,brewer,role,spec_bar_alcohol,50,آبجوساز,آبجوساز,Brewer,0,1,تولیدِ آبجوی الکلی با تخمیر. همتای قانونیِ این کار در ایران «تولیدکنندهٔ ماءالشعیر» است.,برور آبجو سازی
spec_distiller,distiller,role,spec_bar_alcohol,60,تقطیرکنندهٔ نوشیدنیِ الکلی,تقطیرِ الکلی,Distiller,0,1,تولیدِ نوشیدنیِ الکلیِ تقطیری. همتای قانونیِ تقطیر در ایران «عرق‌گیر و گلاب‌گیر» است.,دیستیلر
spec_counter_attendant,counter-attendant,role,spec_floor_counter,40,کارشناسِ پیشخوان,پشتِ پیشخوان,Counter service attendant,1,1,پشتِ پیشخوانِ کافه، ساندویچی یا شیرینی‌فروشی سفارش می‌گیرد، غذا یا نوشیدنیِ ساده را آماده و بسته‌بندی می‌کند و پول را دریافت می‌کند.,فروشنده پیشخوان کانتر پشت ویترین
spec_qsr_crew,qsr-crew,role,spec_floor_counter,60,کادرِ رستورانِ غذای سریع,فست‌فود,Quick-service restaurant crew,1,1,در فست‌فود میانِ صندوق، آماده‌کردنِ ساندویچ و سیب‌زمینی، بسته‌بندی و تحویل جابه‌جا کار می‌کند، با سرعت و طبقِ استانداردِ مجموعه.,فست فود ساندویچی پیتزا فروشی کرو
spec_drive_through_attendant,drive-through-attendant,role,spec_floor_counter,30,کارشناسِ سفارشِ خودرویی,سفارش از ماشین,Drive-through attendant,0,1,سفارشِ مشتریِ داخلِ خودرو را با هدست می‌گیرد، پول را دریافت می‌کند و سفارشِ درست و کامل را از پنجره تحویل می‌دهد.,درایو درایو ترو سفارش از ماشین
spec_order_taker,order-taker,role,spec_floor_counter,40,کارشناسِ ثبتِ سفارش,ثبتِ سفارش,Order taker,0,1,سفارش را حضوری یا تلفنی می‌گیرد، در صندوق یا سامانه ثبت می‌کند، برای مشتری بازخوانی می‌کند و زمانِ آماده‌شدن را می‌گوید.,سفارش گیر تلفنچی اپراتور سفارش
spec_cafeteria_line_attendant,cafeteria-line-attendant,role,spec_floor_counter,50,کارشناسِ توزیعِ غذای سلف‌سرویس,توزیعِ غذا در سلف,Cafeteria line attendant,0,1,در سلفِ دانشگاه، اداره یا کارخانه غذا را به اندازه‌ی یکسان در سینی می‌کشد، کارت یا ژتون را کنترل می‌کند و خطِ توزیع را تمیز و گرم نگه می‌دارد.,سلف غذاخوری توزیع غذا رستوران اداره سلف دانشگاه
spec_hospital_meal_server,hospital-meal-server,role,spec_institutional_service,10,کارشناسِ توزیعِ غذای بیماران,غذای بیمارستان,Hospital patient meal server,0,1,غذای بیماران را طبقِ رژیمِ هر نفر با ترولی به بخش‌ها می‌برد، به نام و تخت تحویل می‌دهد و سینی‌ها را جمع می‌کند.,توزیع غذا بیمارستان آشپزخانه بیمارستان غذای بخش
spec_elderly_care_meal_assistant,elderly-care-meal-assistant,role,spec_institutional_service,20,همیارِ غذا در مرکزِ سالمندان,غذای سالمندان,Elderly-care mealtime assistant,0,1,در خانه‌ی سالمندان یا مرکزِ توان‌بخشی غذا را سرو می‌کند و به کسانی که نیاز دارند با آرامش و احترام در غذاخوردن کمک می‌کند.,سالمندان خانه سالمندان آسایشگاه مراقب
spec_school_canteen_attendant,school-canteen-attendant,role,spec_institutional_service,30,کارشناسِ بوفه و غذاخوریِ مدرسه,بوفه‌ی مدرسه,School canteen attendant,0,1,در بوفه یا غذاخوریِ مدرسه خوراکیِ سالم می‌فروشد یا غذا را میانِ دانش‌آموزان توزیع می‌کند و مراقبِ ایمنی و حساسیتِ غذاییِ کودکان است.,بوفه مدرسه بوفه دار تغذیه مدرسه غذای مدرسه
spec_inflight_food_service,inflight-food-service,role,spec_travel_service,10,کارشناسِ پذیراییِ پرواز,پذیرایی در هواپیما,Inflight food service crew,0,1,در پرواز غذا و نوشیدنی را با ترولی میانِ مسافران توزیع می‌کند. این کار معمولاً بخشی از شغلِ مهماندارِ پرواز است و گواهیِ ایمنیِ پرواز لازم دارد.,مهماندار مهماندار هواپیما پذیرایی پرواز
spec_rail_catering_attendant,rail-catering-attendant,role,spec_travel_service,20,کارشناسِ پذیراییِ قطار,پذیرایی در قطار,Rail catering attendant,0,1,در قطارِ مسافری غذا و نوشیدنی را در کوپه یا واگنِ رستوران سرو یا با ترولی توزیع می‌کند.,رستوران قطار مهماندار قطار واگن رستوران
spec_cruise_dining_server,cruise-dining-server,role,spec_travel_service,30,کارشناسِ پذیراییِ کشتیِ مسافری,پذیرایی در کشتی,Cruise and ferry dining server,0,1,در کشتیِ مسافری یا شناورِ تفریحی در سالن یا بوفه پذیرایی می‌کند و قواعدِ ایمنیِ دریایی را می‌داند.,کشتی کروز شناور کشتی مسافری
spec_transport_catering_loader,transport-catering-loader,role,spec_travel_service,40,کارشناسِ بارگیریِ کترینگِ حمل‌ونقل,بارگیریِ غذای پرواز,Transport catering loader,0,1,ترولی‌های پلمب‌شده‌ی غذا را از آشپزخانه‌ی کترینگ به هواپیما یا قطار می‌برد، شمارش و تحویل می‌دهد و ظرف‌های برگشتی را برمی‌گرداند.,کترینگ فرودگاه بارگیری ترولی هواپیما
