id,node_id:id,class_id:id,relation,topic,topic_en,note
klink_cook_isco_5120,spec_cook,kc_isco_5120,classified_as,,,
klink_line_cook_isco_5120,spec_line_cook,kc_isco_5120,classified_as,,,
klink_prep_isco_9412,spec_prep,kc_isco_9412,classified_as,,,
klink_prep_isco_5120,spec_prep,kc_isco_5120,classified_as,,,
klink_commis_cook_isco_5120,spec_commis_cook,kc_isco_5120,classified_as,,,
klink_commis_cook_isco_9412,spec_commis_cook,kc_isco_9412,classified_as,,,
klink_dishwashing_isco_9412,spec_dishwashing,kc_isco_9412,classified_as,,,
klink_chef_isco_3434,spec_chef,kc_isco_3434,classified_as,,,
klink_kitchen_porter_isco_9412,spec_kitchen_porter,kc_isco_9412,classified_as,,,
klink_kitchen_steward_isco_5151,spec_kitchen_steward,kc_isco_5151,classified_as,,,
klink_kitchen_steward_isco_9412,spec_kitchen_steward,kc_isco_9412,classified_as,,,
klink_kitchen_apprentice_isco_9412,spec_kitchen_apprentice,kc_isco_9412,classified_as,,,
klink_chef_de_partie_isco_3434,spec_chef_de_partie,kc_isco_3434,classified_as,,,
klink_chef_de_partie_isco_5120,spec_chef_de_partie,kc_isco_5120,classified_as,,,
klink_sous_chef_isco_3434,spec_sous_chef,kc_isco_3434,classified_as,,,
klink_executive_chef_isco_3434,spec_executive_chef,kc_isco_3434,classified_as,,,
klink_executive_chef_isco_1412,spec_executive_chef,kc_isco_1412,classified_as,,,
klink_head_of_kitchen_operations_isco_1412,spec_head_of_kitchen_operations,kc_isco_1412,classified_as,,,
klink_head_of_kitchen_operations_isco_3434,spec_head_of_kitchen_operations,kc_isco_3434,classified_as,,,
klink_kitchen_supervisor_isco_3434,spec_kitchen_supervisor,kc_isco_3434,classified_as,,,
klink_kitchen_supervisor_isco_5120,spec_kitchen_supervisor,kc_isco_5120,classified_as,,,
klink_sauce_cook_isco_5120,spec_sauce_cook,kc_isco_5120,classified_as,,,
klink_fish_cook_isco_5120,spec_fish_cook,kc_isco_5120,classified_as,,,
klink_roast_cook_isco_5120,spec_roast_cook,kc_isco_5120,classified_as,,,
klink_grill_cook_isco_5120,spec_grill_cook,kc_isco_5120,classified_as,,,
klink_fry_cook_isco_5120,spec_fry_cook,kc_isco_5120,classified_as,,,
klink_fry_cook_isco_9411,spec_fry_cook,kc_isco_9411,classified_as,,,
klink_entremetier_isco_5120,spec_entremetier,kc_isco_5120,classified_as,,,
klink_soup_cook_isco_5120,spec_soup_cook,kc_isco_5120,classified_as,,,
klink_vegetable_cook_isco_5120,spec_vegetable_cook,kc_isco_5120,classified_as,,,
klink_garde_manger_isco_5120,spec_garde_manger,kc_isco_5120,classified_as,,,
klink_relief_cook_isco_5120,spec_relief_cook,kc_isco_5120,classified_as,,,
klink_relief_cook_isco_3434,spec_relief_cook,kc_isco_3434,classified_as,,,
klink_kitchen_butcher_isco_7511,spec_kitchen_butcher,kc_isco_7511,classified_as,,,
klink_fish_preparer_isco_7511,spec_fish_preparer,kc_isco_7511,classified_as,,,
klink_fish_preparer_isco_9412,spec_fish_preparer,kc_isco_9412,classified_as,,,
klink_salad_cook_isco_5120,spec_salad_cook,kc_isco_5120,classified_as,,,
klink_salad_cook_isco_9412,spec_salad_cook,kc_isco_9412,classified_as,,,
klink_breakfast_cook_isco_5120,spec_breakfast_cook,kc_isco_5120,classified_as,,,
klink_short_order_cook_isco_5120,spec_short_order_cook,kc_isco_5120,classified_as,,,
klink_short_order_cook_isco_9411,spec_short_order_cook,kc_isco_9411,classified_as,,,
klink_expeditor_isco_5120,spec_expeditor,kc_isco_5120,classified_as,,,
klink_private_chef_isco_5120,spec_private_chef,kc_isco_5120,classified_as,,,
klink_private_chef_isco_3434,spec_private_chef,kc_isco_3434,classified_as,,,
klink_development_chef_isco_3434,spec_development_chef,kc_isco_3434,classified_as,,,
klink_cloud_kitchen_cook_isco_5120,spec_cloud_kitchen_cook,kc_isco_5120,classified_as,,,
klink_cloud_kitchen_cook_isco_9411,spec_cloud_kitchen_cook,kc_isco_9411,classified_as,,,
klink_meal_prep_cook_isco_5120,spec_meal_prep_cook,kc_isco_5120,classified_as,,,
klink_international_cuisine_cook_isco_5120,spec_international_cuisine_cook,kc_isco_5120,classified_as,,,
klink_italian_cuisine_cook_isco_5120,spec_italian_cuisine_cook,kc_isco_5120,classified_as,,,
klink_asian_cuisine_cook_isco_5120,spec_asian_cuisine_cook,kc_isco_5120,classified_as,,,
klink_sushi_cook_isco_5120,spec_sushi_cook,kc_isco_5120,classified_as,,,
klink_fast_food_cook_isco_9411,spec_fast_food_cook,kc_isco_9411,classified_as,,,
klink_pizza_cook_isco_9411,spec_pizza_cook,kc_isco_9411,classified_as,,,
klink_pizza_cook_isco_5120,spec_pizza_cook,kc_isco_5120,classified_as,,,
klink_sandwich_cook_isco_9411,spec_sandwich_cook,kc_isco_9411,classified_as,,,
klink_sandwich_cook_isco_5246,spec_sandwich_cook,kc_isco_5246,classified_as,,,
klink_shawarma_cook_isco_9411,spec_shawarma_cook,kc_isco_9411,classified_as,,,
klink_falafel_cook_isco_9411,spec_falafel_cook,kc_isco_9411,classified_as,,,
klink_falafel_cook_isco_5212,spec_falafel_cook,kc_isco_5212,classified_as,,,
klink_sambuseh_cook_isco_9411,spec_sambuseh_cook,kc_isco_9411,classified_as,,,
klink_sambuseh_cook_isco_5212,spec_sambuseh_cook,kc_isco_5212,classified_as,,,
klink_street_food_cook_isco_5212,spec_street_food_cook,kc_isco_5212,classified_as,,,
klink_food_truck_cook_isco_5120,spec_food_truck_cook,kc_isco_5120,classified_as,,,
klink_food_truck_cook_isco_5212,spec_food_truck_cook,kc_isco_5212,classified_as,,,
klink_tabbakh_isco_5120,spec_tabbakh,kc_isco_5120,classified_as,,,
klink_rice_cook_isco_5120,spec_rice_cook,kc_isco_5120,classified_as,,,
klink_kebab_cook_isco_5120,spec_kebab_cook,kc_isco_5120,classified_as,,,
klink_kebab_skewer_preparer_isco_9412,spec_kebab_skewer_preparer,kc_isco_9412,classified_as,,,
klink_kebab_skewer_preparer_isco_7511,spec_kebab_skewer_preparer,kc_isco_7511,classified_as,,,
klink_khoresh_cook_isco_5120,spec_khoresh_cook,kc_isco_5120,classified_as,,,
klink_home_style_food_cook_isco_5120,spec_home_style_food_cook,kc_isco_5120,classified_as,,,
klink_ash_cook_isco_5120,spec_ash_cook,kc_isco_5120,classified_as,,,
klink_haleem_cook_isco_5120,spec_haleem_cook,kc_isco_5120,classified_as,,,
klink_dizi_cook_isco_5120,spec_dizi_cook,kc_isco_5120,classified_as,,,
klink_liver_kebab_cook_isco_5120,spec_liver_kebab_cook,kc_isco_5120,classified_as,,,
klink_liver_kebab_cook_isco_5212,spec_liver_kebab_cook,kc_isco_5212,classified_as,,,
klink_kalleh_pacheh_cook_isco_5120,spec_kalleh_pacheh_cook,kc_isco_5120,classified_as,,,
klink_sirabi_cook_isco_5120,spec_sirabi_cook,kc_isco_5120,classified_as,,,
klink_sirabi_cook_isco_5212,spec_sirabi_cook,kc_isco_5212,classified_as,,,
klink_beryani_cook_isco_5120,spec_beryani_cook,kc_isco_5120,classified_as,,,
klink_regional_cuisine_cook_isco_5120,spec_regional_cuisine_cook,kc_isco_5120,classified_as,,,
klink_institutional_cook_isco_5120,spec_institutional_cook,kc_isco_5120,classified_as,,,
klink_central_kitchen_cook_isco_5120,spec_central_kitchen_cook,kc_isco_5120,classified_as,,,
klink_banquet_cook_isco_5120,spec_banquet_cook,kc_isco_5120,classified_as,,,
klink_hospital_cook_isco_5120,spec_hospital_cook,kc_isco_5120,classified_as,,,
klink_school_cook_isco_5120,spec_school_cook,kc_isco_5120,classified_as,,,
klink_care_home_cook_isco_5120,spec_care_home_cook,kc_isco_5120,classified_as,,,
klink_military_cook_isco_5120,spec_military_cook,kc_isco_5120,classified_as,,,
klink_airline_catering_cook_isco_5120,spec_airline_catering_cook,kc_isco_5120,classified_as,,,
klink_cruise_ship_cook_isco_5120,spec_cruise_ship_cook,kc_isco_5120,classified_as,,,
klink_camp_cook_isco_5120,spec_camp_cook,kc_isco_5120,classified_as,,,
klink_moist_heat_cooking_isced_f_2013_0533_0,spec_moist_heat_cooking,kc_isced_0533,draws_on,انتقالِ گرما با همرفت و تغییرِ فاز,heat transfer by convection and phase change,آب در ارتفاعِ تهران کمی زیرِ ۱۰۰ درجه می‌جوشد، پس پخت کمی بیشتر طول می‌کشد
klink_moist_heat_cooking_isced_f_2013_0531_1,spec_moist_heat_cooking,kc_isced_0531,draws_on,ژلاتینه‌شدنِ نشاسته,starch gelatinisation,برنج و سیب‌زمینی در آبِ داغ آب می‌گیرند و نرم می‌شوند
klink_dry_heat_roasting_isced_f_2013_0531_0,spec_dry_heat_roasting,kc_isced_0531,draws_on,واکنشِ مایار,Maillard reaction,رویهٔ گوشت از حدودِ ۱۴۰ درجه قهوه‌ای و خوش‌عطر می‌شود
klink_dry_heat_roasting_isced_f_2013_0533_1,spec_dry_heat_roasting,kc_isced_0533,draws_on,تابش و همرفتِ اجباری در فر,radiation and forced convection in ovens,
klink_sauteing_pan_frying_isced_f_2013_0533_0,spec_sauteing_pan_frying,kc_isced_0533,draws_on,انتقالِ گرما با رسانش,conductive heat transfer,
klink_sauteing_pan_frying_isced_f_2013_0531_1,spec_sauteing_pan_frying,kc_isced_0531,draws_on,نقطهٔ دودِ روغن,smoke point of cooking oils,روغنی که دود کند در حالِ تجزیه است
klink_deep_frying_isced_f_2013_0531_0,spec_deep_frying,kc_isced_0531,draws_on,اکسایشِ روغن و ترکیباتِ قطبی,oil oxidation and polar compounds,روغنِ کهنه تیره و کف‌دار می‌شود و برای سلامت زیان دارد
klink_deep_frying_isced_f_2013_0533_1,spec_deep_frying,kc_isced_0533,draws_on,تبخیرِ آب و انتقالِ گرما در سطحِ غذا,evaporation and heat transfer at the food surface,
klink_deep_frying_isced_f_2013_1022_2,spec_deep_frying,kc_isced_1022,draws_on,سوختگی و آتش‌سوزیِ روغن,hot-oil burns and fire,
klink_braising_stewing_isced_f_2013_0512_0,spec_braising_stewing,kc_isced_0512,draws_on,تبدیلِ کلاژن به ژلاتین,collagen hydrolysis into gelatin,گوشتِ سفت با چند ساعت پختِ ملایم نرم می‌شود
klink_braising_stewing_isced_f_2013_0533_1,spec_braising_stewing,kc_isced_0533,draws_on,انتقالِ آرامِ گرما در زمانِ طولانی,low-temperature heat transfer over time,
klink_grilling_broiling_isced_f_2013_0533_0,spec_grilling_broiling,kc_isced_0533,draws_on,گرمای تابشی,radiant heat,
klink_grilling_broiling_isced_f_2013_0531_1,spec_grilling_broiling,kc_isced_0531,draws_on,واکنشِ مایار و ترکیباتِ سوختگی,Maillard reaction and charring compounds,سوختنِ زیادِ گوشت ترکیباتِ زیان‌آور می‌سازد
klink_charcoal_fire_management_isced_f_2013_0531_0,spec_charcoal_fire_management,kc_isced_0531,draws_on,سوختن و مونوکسیدِ کربن,combustion and carbon monoxide,زغال در جای بسته گازی بی‌بو و کشنده می‌سازد
klink_charcoal_fire_management_isced_f_2013_1022_1,spec_charcoal_fire_management,kc_isced_1022,draws_on,تهویه و پیشگیری از سوختگی,ventilation and burn prevention,
klink_charcoal_fire_management_isced_f_2013_0533_2,spec_charcoal_fire_management,kc_isced_0533,draws_on,شدتِ گرمای تابشی و فاصله,radiant heat intensity and distance,
klink_stock_making_isced_f_2013_0512_0,spec_stock_making,kc_isced_0512,draws_on,بیرون‌کشیدنِ ژلاتین و ترکیباتِ طعم,extraction of gelatin and flavour compounds,
klink_stock_making_isced_f_2013_0511_1,spec_stock_making,kc_isced_0511,draws_on,باکتری‌های هاگ‌دار در مایعاتِ در حالِ سردشدن,spore-forming bacteria in cooling liquids,آب‌مایهٔ بزرگ را در ظرف‌های کوچک سرد کنید
klink_classical_sauces_isced_f_2013_0531_0,spec_classical_sauces,kc_isced_0531,draws_on,غلیظ‌شدن با نشاسته و رو,starch thickening and roux,
klink_classical_sauces_isced_f_2013_0531_1,spec_classical_sauces,kc_isced_0531,draws_on,کلوئیدها و غلیظ‌کردن با تبخیر,colloids and reductions,
klink_classical_sauces_isced_f_2013_1013_2,spec_classical_sauces,kc_isced_1013,draws_on,دستورهای آشپزیِ کلاسیکِ فرانسوی,classical French kitchen repertoire,
klink_emulsified_sauces_isced_f_2013_0531_0,spec_emulsified_sauces,kc_isced_0531,draws_on,امولسیون و امولسیفایر (لسیتین),emulsions and emulsifiers (lecithin),
klink_emulsified_sauces_isced_f_2013_0511_1,spec_emulsified_sauces,kc_isced_0511,draws_on,خطرِ سالمونلا در سس با تخم‌مرغِ خام,Salmonella risk in raw-egg sauces,سسِ تخم‌مرغِ خام را سرد و کوتاه‌مدت نگه دارید
klink_soup_making_isced_f_2013_0533_0,spec_soup_making,kc_isced_0533,draws_on,غلیظ‌شدن با تبخیر,reduction by evaporation,
klink_soup_making_isced_f_2013_1013_1,spec_soup_making,kc_isced_1013,draws_on,انواعِ سوپ در منوی رستوران,soup types in restaurant menus,
klink_meat_butchery_isced_f_2013_0811_0,spec_meat_butchery,kc_isced_0811,draws_on,آناتومیِ لاشه و بُرش‌های گوشت,carcass anatomy and meat cuts,
klink_meat_butchery_isced_f_2013_0511_1,spec_meat_butchery,kc_isced_0511,draws_on,ساختارِ ماهیچه و جهتِ تار,muscle structure and grain,بُرشِ عمود بر تار گوشت را نرم‌تر می‌کند
klink_meat_butchery_isced_f_2013_0721_2,spec_meat_butchery,kc_isced_0721,draws_on,فرآوریِ گوشت,meat processing,
klink_poultry_preparation_isced_f_2013_0511_0,spec_poultry_preparation,kc_isced_0511,draws_on,سالمونلا و کمپیلوباکتر در مرغ,Salmonella and Campylobacter in poultry,مرغِ خام را نشویید؛ آب میکروب را پخش می‌کند
klink_poultry_preparation_isced_f_2013_0721_1,spec_poultry_preparation,kc_isced_0721,draws_on,فرآوریِ مرغ,poultry processing,
klink_fish_and_seafood_preparation_isced_f_2013_0831_0,spec_fish_and_seafood_preparation,kc_isced_0831,draws_on,شناختِ گونه‌ها و تازگیِ ماهی,fish species and freshness,چشمِ روشن و آبشش سرخ نشانِ ماهیِ تازه است
klink_fish_and_seafood_preparation_isced_f_2013_0511_1,spec_fish_and_seafood_preparation,kc_isced_0511,draws_on,انگل‌ها و پیدایشِ هیستامین,parasites and histamine formation,ماهیِ تن و قباد اگر گرم بماند هیستامین می‌سازد
klink_fish_and_seafood_preparation_isced_f_2013_0721_2,spec_fish_and_seafood_preparation,kc_isced_0721,draws_on,فرآوریِ ماهی,fish processing,
klink_offal_preparation_isced_f_2013_0511_0,spec_offal_preparation,kc_isced_0511,draws_on,بارِ میکروبیِ اندام‌های خوراکی,microbial load of offal,
klink_offal_preparation_isced_f_2013_0841_1,spec_offal_preparation,kc_isced_0841,draws_on,بازرسیِ دامپزشکیِ گوشت,veterinary meat inspection,مهرِ دامپزشکی و منبعِ مجاز را بررسی کنید
klink_classical_vegetable_cuts_isced_f_2013_0533_0,spec_classical_vegetable_cuts,kc_isced_0533,draws_on,نسبتِ سطح به حجم و زمانِ پخت,surface-to-volume ratio and cooking time,
klink_classical_vegetable_cuts_isced_f_2013_1013_1,spec_classical_vegetable_cuts,kc_isced_1013,draws_on,بُرش‌های کلاسیکِ آشپزی,classical culinary cuts,
klink_greens_washing_disinfection_isced_f_2013_0511_0,spec_greens_washing_disinfection,kc_isced_0511,draws_on,انگل و باکتری روی سبزیِ خام,parasites and bacteria on raw produce,
klink_greens_washing_disinfection_isced_f_2013_0531_1,spec_greens_washing_disinfection,kc_isced_0531,draws_on,غلظت و زمانِ اثرِ ضدعفونی‌کننده,disinfectant concentration and contact time,بیش از اندازهٔ برچسب نریزید و خوب آبکشی کنید
klink_legume_and_grain_preparation_isced_f_2013_0512_0,spec_legume_and_grain_preparation,kc_isced_0512,draws_on,ضدمغذی‌ها (لکتین و فیتات) و خیساندن,"anti-nutrients (lectins, phytates) and soaking",لوبیای قرمزِ نیم‌پز می‌تواند دل‌پیچه بیاورد
klink_legume_and_grain_preparation_isced_f_2013_0915_1,spec_legume_and_grain_preparation,kc_isced_0915,draws_on,مکمل‌بودنِ پروتئینِ حبوبات و غلات,protein complementation of legumes and grains,
klink_tasting_and_seasoning_isced_f_2013_0511_0,spec_tasting_and_seasoning,kc_isced_0511,draws_on,فیزیولوژیِ چشایی و بویایی,taste and smell physiology,
klink_tasting_and_seasoning_isced_f_2013_0531_1,spec_tasting_and_seasoning,kc_isced_0531,draws_on,شوری، ترشی و تعادلِ طعم,"salt, acid and flavour balance",
klink_doneness_testing_isced_f_2013_0511_0,spec_doneness_testing,kc_isced_0511,draws_on,دمای کشندهٔ میکروب‌ها,lethal temperatures for pathogens,مرغ و گوشتِ چرخ‌کرده باید در مغز به حدودِ ۷۵ درجه برسند
klink_doneness_testing_isced_f_2013_0512_1,spec_doneness_testing,kc_isced_0512,draws_on,واسرشتِ پروتئین و درجهٔ پخت,protein denaturation and doneness,
klink_garnishing_isced_f_2013_0213_0,spec_garnishing,kc_isced_0213,draws_on,رنگ و ترکیب‌بندیِ دیداری,colour and visual composition,
klink_garnishing_isced_f_2013_1013_1,spec_garnishing,kc_isced_1013,draws_on,آرایشِ غذا,food presentation,
klink_fruit_and_vegetable_carving_isced_f_2013_0214_0,spec_fruit_and_vegetable_carving,kc_isced_0214,draws_on,فنونِ دستیِ تزئینی,decorative handcraft techniques,
klink_fruit_and_vegetable_carving_isced_f_2013_0213_1,spec_fruit_and_vegetable_carving,kc_isced_0213,draws_on,فرم و ترکیب‌بندی,form and composition,
klink_batch_cooking_isced_f_2013_0533_0,spec_batch_cooking,kc_isced_0533,draws_on,گرم و سردشدنِ کندِ حجمِ زیاد,slow heating and cooling of large volumes,
klink_batch_cooking_isced_f_2013_0721_1,spec_batch_cooking,kc_isced_0721,draws_on,بزرگ‌کردنِ فرایندِ تولیدِ غذا,scaling food processes,
klink_recipe_scaling_and_yield_isced_f_2013_0541_0,spec_recipe_scaling_and_yield,kc_isced_0541,draws_on,نسبت و تناسب,ratios and proportional scaling,
klink_recipe_scaling_and_yield_isced_f_2013_0411_1,spec_recipe_scaling_and_yield,kc_isced_0411,draws_on,بهای تمام‌شدهٔ هر پُرس,cost per portion,
klink_cook_chill_isced_f_2013_0511_0,spec_cook_chill,kc_isced_0511,draws_on,رشدِ باکتری در دمای خطر,bacterial growth in the danger zone,
klink_cook_chill_isced_f_2013_0721_1,spec_cook_chill,kc_isced_0721,draws_on,سرما و انجماد برای نگهداری,chilling and freezing as preservation,
klink_cook_chill_isced_f_2013_0533_2,spec_cook_chill,kc_isced_0533,draws_on,گرفتنِ گرما با هوای سردِ پرسرعت,heat removal by forced cold air,غذای پخته باید در حدودِ ۹۰ دقیقه به ۳ درجه یا کمتر برسد
klink_sous_vide_cooking_isced_f_2013_0511_0,spec_sous_vide_cooking,kc_isced_0511,draws_on,جدولِ زمان و دمای پاستوریزه و کلستریدیوم بوتولینوم,pasteurisation time–temperature and Clostridium botulinum,
klink_sous_vide_cooking_isced_f_2013_0533_1,spec_sous_vide_cooking,kc_isced_0533,draws_on,انتقالِ گرما در حمامِ آب,heat transfer in a water bath,
klink_sous_vide_cooking_isced_f_2013_0512_2,spec_sous_vide_cooking,kc_isced_0512,draws_on,واسرشتِ پروتئین در دمای کنترل‌شده,protein denaturation at controlled temperatures,
klink_vacuum_packing_isced_f_2013_0721_0,spec_vacuum_packing,kc_isced_0721,draws_on,بسته‌بندی با اکسیژنِ کم,reduced-oxygen packaging,
klink_vacuum_packing_isced_f_2013_0511_1,spec_vacuum_packing,kc_isced_0511,draws_on,باکتری‌های بی‌هوازی,anaerobic bacteria,وکیوم سرما را جایگزین نمی‌کند
klink_hot_holding_and_reheating_isced_f_2013_0511_0,spec_hot_holding_and_reheating,kc_isced_0511,draws_on,رشدِ میکروب و ساختِ سم,pathogen growth and toxin formation,غذا را بالای ۶۳ درجه نگه دارید و در گرم‌کردنِ دوباره به ۷۵ درجه برسانید
klink_hot_holding_and_reheating_isced_f_2013_0533_1,spec_hot_holding_and_reheating,kc_isced_0533,draws_on,نگه‌داشتنِ گرما با حمامِ آب,water-bath heat retention,
klink_special_diet_cooking_isced_f_2013_0915_0,spec_special_diet_cooking,kc_isced_0915,draws_on,رژیم‌های درمانی و تغذیه,therapeutic diets and dietetics,
klink_special_diet_cooking_isced_f_2013_0512_1,spec_special_diet_cooking,kc_isced_0512,draws_on,سوخت‌وسازِ قند و نمایهٔ قندی,carbohydrate metabolism and glycaemic index,
klink_texture_modified_food_isced_f_2013_0915_0,spec_texture_modified_food,kc_isced_0915,draws_on,سطوحِ بافتِ غذا برای اختلالِ بلع,dysphagia diet texture levels,
klink_texture_modified_food_isced_f_2013_0533_1,spec_texture_modified_food,kc_isced_0533,draws_on,گرانروی و رئولوژی,viscosity and rheology,
klink_vegetarian_cooking_isced_f_2013_0915_0,spec_vegetarian_cooking,kc_isced_0915,draws_on,تغذیهٔ گیاهی (پروتئین، آهن، ویتامین ب۱۲),"plant-based nutrition (protein, iron, B12)",
klink_vegetarian_cooking_isced_f_2013_0512_1,spec_vegetarian_cooking,kc_isced_0512,draws_on,پروتئین‌های گیاهی,plant proteins,
klink_egg_cookery_isced_f_2013_0512_0,spec_egg_cookery,kc_isced_0512,draws_on,دمای بستنِ پروتئینِ تخم‌مرغ,egg protein coagulation temperatures,
klink_egg_cookery_isced_f_2013_0511_1,spec_egg_cookery,kc_isced_0511,draws_on,سالمونلا در تخم‌مرغ,Salmonella in eggs,
klink_live_cooking_station_isced_f_2013_1013_0,spec_live_cooking_station,kc_isced_1013,draws_on,سرو در برابرِ مهمان,guest-facing food service,
klink_live_cooking_station_isced_f_2013_1022_1,spec_live_cooking_station,kc_isced_1022,draws_on,کنترلِ خطر نزدیکِ مهمان,hazard control near guests,
klink_salad_and_dressing_isced_f_2013_0531_0,spec_salad_and_dressing,kc_isced_0531,draws_on,امولسیونِ روغن و سرکه,oil–vinegar emulsions,
klink_salad_and_dressing_isced_f_2013_0511_1,spec_salad_and_dressing,kc_isced_0511,draws_on,بهداشتِ سبزیِ خامِ آمادهٔ مصرف,hygiene of raw ready-to-eat produce,
klink_garde_manger_cold_preparations_isced_f_2013_0511_0,spec_garde_manger_cold_preparations,kc_isced_0511,draws_on,لیستریا در غذای سردِ آمادهٔ مصرف,Listeria in ready-to-eat foods,
klink_garde_manger_cold_preparations_isced_f_2013_1013_1,spec_garde_manger_cold_preparations,kc_isced_1013,draws_on,دستورهای آشپزخانهٔ سرد,cold kitchen repertoire,
klink_curing_and_smoking_isced_f_2013_0531_0,spec_curing_and_smoking,kc_isced_0531,draws_on,شیمیِ نمک و نیتریت,salt and nitrite chemistry,
klink_curing_and_smoking_isced_f_2013_0721_1,spec_curing_and_smoking,kc_isced_0721,draws_on,نگهداری با عمل‌آوری و دود,preservation by curing and smoking,
klink_curing_and_smoking_isced_f_2013_0511_2,spec_curing_and_smoking,kc_isced_0511,draws_on,فعالیتِ آبی و مهارِ میکروب,water activity and microbial control,
klink_pickling_and_preserving_isced_f_2013_0531_0,spec_pickling_and_preserving,kc_isced_0531,draws_on,اسیدیته و pH,acidity and pH,
klink_pickling_and_preserving_isced_f_2013_0511_1,spec_pickling_and_preserving,kc_isced_0511,draws_on,بوتولیسم در نگهداری‌های خانگی,Clostridium botulinum in preserves,ترشی و کنسروِ کم‌سرکه یا کم‌نمک خطرِ بوتولیسم دارد
klink_pasta_and_noodle_making_isced_f_2013_0512_0,spec_pasta_and_noodle_making,kc_isced_0512,draws_on,شکل‌گیریِ شبکهٔ گلوتن,gluten network formation,
klink_pasta_and_noodle_making_isced_f_2013_0721_1,spec_pasta_and_noodle_making,kc_isced_0721,draws_on,فرآوریِ فراورده‌های غلات,cereal products processing,
klink_pizza_making_isced_f_2013_0512_0,spec_pizza_making,kc_isced_0512,draws_on,تخمیرِ مخمر,yeast fermentation,
klink_pizza_making_isced_f_2013_0533_1,spec_pizza_making,kc_isced_0533,draws_on,انتقالِ گرما در فرِ سنگی و طبقه‌ای,stone and deck oven heat transfer,
klink_griddle_cooking_isced_f_2013_0533_0,spec_griddle_cooking,kc_isced_0533,draws_on,رسانش و منطقه‌های دمای سطح,conduction and surface temperature zones,
klink_griddle_cooking_isced_f_2013_0531_1,spec_griddle_cooking,kc_isced_0531,draws_on,قهوه‌ای‌شدنِ مایار,Maillard browning,
klink_sandwich_assembly_isced_f_2013_1013_0,spec_sandwich_assembly,kc_isced_1013,draws_on,مونتاژِ استاندارد برای سرعتِ سرو,standardised assembly for service speed,
klink_sandwich_assembly_isced_f_2013_0511_1,spec_sandwich_assembly,kc_isced_0511,draws_on,بهداشتِ مونتاژِ غذای آمادهٔ مصرف,hygiene of ready-to-eat assembly,
klink_qsr_standard_procedures_isced_f_2013_1013_0,spec_qsr_standard_procedures,kc_isced_1013,draws_on,استانداردهای کارِ غذای سریع,quick-service operating standards,
klink_qsr_standard_procedures_isced_f_2013_0511_1,spec_qsr_standard_procedures,kc_isced_0511,draws_on,محدودیتِ زمانِ نگهداریِ غذای آماده,holding-time limits,
klink_vertical_rotisserie_cooking_isced_f_2013_0533_0,spec_vertical_rotisserie_cooking,kc_isced_0533,draws_on,گرمای تابشی روی تودهٔ چرخان,radiant heat on a rotating mass,
klink_vertical_rotisserie_cooking_isced_f_2013_0511_1,spec_vertical_rotisserie_cooking,kc_isced_0511,draws_on,لایه‌های درونیِ نپخته,undercooked inner layers,فقط لایهٔ کاملاً پخته را ببُرید
klink_falafel_making_isced_f_2013_0512_0,spec_falafel_making,kc_isced_0512,draws_on,چسبندگیِ نشاسته و پروتئین در نخودِ خیس‌خورده,starch and protein binding in raw soaked chickpeas,
klink_falafel_making_isced_f_2013_0531_1,spec_falafel_making,kc_isced_0531,draws_on,شیمیِ سرخ‌کردن,frying chemistry,
klink_filled_pastry_folding_isced_f_2013_0214_0,spec_filled_pastry_folding,kc_isced_0214,draws_on,فنونِ مهارتِ دستی,manual dexterity techniques,
klink_filled_pastry_folding_isced_f_2013_1013_1,spec_filled_pastry_folding,kc_isced_1013,draws_on,انواعِ خمیرهای پُرشده,filled pastry repertoire,
klink_wok_cooking_isced_f_2013_0533_0,spec_wok_cooking,kc_isced_0533,draws_on,پخت با شدتِ گرمای بالا,high heat flux cooking,
klink_wok_cooking_isced_f_2013_0531_1,spec_wok_cooking,kc_isced_0531,draws_on,واکنشِ مایار و طعمِ دود,Maillard and smoke flavour,
klink_sushi_making_isced_f_2013_0531_0,spec_sushi_making,kc_isced_0531,draws_on,اسیدی‌کردنِ برنج,acidified rice pH,
klink_sushi_making_isced_f_2013_0511_1,spec_sushi_making,kc_isced_0511,draws_on,ازبین‌بردنِ انگل با انجمادِ ماهیِ خام,parasite control by freezing raw fish,ماهیِ خام باید پیش از مصرف به‌درستی فریز شده باشد
klink_international_cuisines_isced_f_2013_0314_0,spec_international_cuisines,kc_isced_0314,draws_on,فرهنگِ غذاییِ ملت‌ها,food cultures of the world,
klink_international_cuisines_isced_f_2013_1013_1,spec_international_cuisines,kc_isced_1013,draws_on,دستورهای غذاهای بین‌المللی,international menu repertoire,
klink_wood_fired_oven_isced_f_2013_0533_0,spec_wood_fired_oven,kc_isced_0533,draws_on,جرمِ گرمایی و گرمای ذخیره‌شده,thermal mass and stored heat,
klink_wood_fired_oven_isced_f_2013_0531_1,spec_wood_fired_oven,kc_isced_0531,draws_on,سوختنِ چوب,wood combustion,
klink_wood_fired_oven_isced_f_2013_1022_2,spec_wood_fired_oven,kc_isced_1022,draws_on,خطرِ آتش و دود,fire and smoke hazards,
klink_cooked_food_transport_isced_f_2013_0533_0,spec_cooked_food_transport,kc_isced_0533,draws_on,عایق‌بندیِ گرمایی,thermal insulation,
klink_cooked_food_transport_isced_f_2013_0511_1,spec_cooked_food_transport,kc_isced_0511,draws_on,زمان و دما در مسیر,time and temperature in transit,
klink_cooked_food_transport_isced_f_2013_1041_2,spec_cooked_food_transport,kc_isced_1041,draws_on,خدماتِ حملِ غذا,food transport services,
klink_delivery_packaging_isced_f_2013_0533_0,spec_delivery_packaging,kc_isced_0533,draws_on,میعانِ بخار و ازدست‌رفتنِ گرما,steam condensation and heat loss,درِ بستهٔ روی سرخ‌کردنیِ داغ آن را خیس می‌کند
klink_delivery_packaging_isced_f_2013_0721_1,spec_delivery_packaging,kc_isced_0721,draws_on,مواد بسته‌بندیِ غذا,food packaging materials,
klink_tray_line_assembly_isced_f_2013_1013_0,spec_tray_line_assembly,kc_isced_1013,draws_on,سامانهٔ خطِ سینی,tray-line service systems,
klink_tray_line_assembly_isced_f_2013_0915_1,spec_tray_line_assembly,kc_isced_0915,draws_on,تطبیقِ غذا با دستورِ رژیم,matching meals to diet orders,
klink_remote_site_kitchen_logistics_isced_f_2013_0413_0,spec_remote_site_kitchen_logistics,kc_isced_0413,draws_on,برنامه‌ریزیِ تدارکات,provisioning and supply planning,
klink_remote_site_kitchen_logistics_isced_f_2013_1021_1,spec_remote_site_kitchen_logistics,kc_isced_1021,draws_on,سالم‌سازیِ آبِ آشامیدنی,drinking water safety,
klink_remote_site_kitchen_logistics_isced_f_2013_1031_2,spec_remote_site_kitchen_logistics,kc_isced_1031,draws_on,تغذیهٔ صحرایی,field catering,
klink_mobile_kitchen_operation_isced_f_2013_0713_0,spec_mobile_kitchen_operation,kc_isced_0713,draws_on,ژنراتور و بارِ برق,generator and electrical load,
klink_mobile_kitchen_operation_isced_f_2013_1022_1,spec_mobile_kitchen_operation,kc_isced_1022,draws_on,ایمنیِ کپسولِ گاز در خودرو,LPG cylinder safety in vehicles,
klink_private_client_cooking_isced_f_2013_1011_0,spec_private_client_cooking,kc_isced_1011,draws_on,کارِ خدماتِ خانگی,domestic service practice,
klink_private_client_cooking_isced_f_2013_0915_1,spec_private_client_cooking,kc_isced_0915,draws_on,برنامه‌ریزی برای نیازهای غذاییِ خانواده,planning for household dietary needs,
klink_expediting_the_pass_isced_f_2013_1013_0,spec_expediting_the_pass,kc_isced_1013,draws_on,جریانِ سرویس در آشپزخانهٔ رستوران,service flow in restaurant kitchens,
klink_expediting_the_pass_isced_f_2013_0413_1,spec_expediting_the_pass,kc_isced_0413,draws_on,هماهنگیِ هم‌زمان,real-time coordination,
klink_station_management_isced_f_2013_1013_0,spec_station_management,kc_isced_1013,draws_on,سازمانِ گروهِ آشپزخانه,kitchen brigade organisation,
klink_station_management_isced_f_2013_0417_1,spec_station_management,kc_isced_0417,draws_on,سازمان‌دهیِ کار,work organisation,
klink_menu_development_isced_f_2013_1013_0,spec_menu_development,kc_isced_1013,draws_on,برنامه‌ریزیِ منو,menu planning,
klink_menu_development_isced_f_2013_0414_1,spec_menu_development,kc_isced_0414,draws_on,خواستِ مشتری و روندها,customer demand and trends,
klink_menu_development_isced_f_2013_0915_2,spec_menu_development,kc_isced_0915,draws_on,توازنِ تغذیه‌ایِ منو,nutritional balance of menus,
klink_standard_recipe_cards_isced_f_2013_1013_0,spec_standard_recipe_cards,kc_isced_1013,draws_on,دستورهای استاندارد,standardised recipes,
klink_standard_recipe_cards_isced_f_2013_0541_1,spec_standard_recipe_cards,kc_isced_0541,draws_on,یکاها و اندازه‌گیری,units and measurement,
klink_kitchen_ordering_par_levels_isced_f_2013_0413_0,spec_kitchen_ordering_par_levels,kc_isced_0413,draws_on,مدیریتِ موجودی,inventory management,
klink_kitchen_ordering_par_levels_isced_f_2013_0541_1,spec_kitchen_ordering_par_levels,kc_isced_0541,draws_on,پیش‌بینی از روی مصرف,forecasting from usage,
klink_kitchen_production_planning_isced_f_2013_0413_0,spec_kitchen_production_planning,kc_isced_0413,draws_on,برنامه‌ریزیِ عملیات,operations planning,
klink_kitchen_production_planning_isced_f_2013_0721_1,spec_kitchen_production_planning,kc_isced_0721,draws_on,زمان‌بندیِ تولیدِ غذا,food production scheduling,
klink_kitchen_layout_workflow_isced_f_2013_0212_0,spec_kitchen_layout_workflow,kc_isced_0212,draws_on,طراحیِ چیدمانِ صنعتی و داخلی,industrial and interior layout design,
klink_kitchen_layout_workflow_isced_f_2013_1022_1,spec_kitchen_layout_workflow,kc_isced_1022,draws_on,ارگونومی و رفت‌وآمدِ ایمن,ergonomics and safe movement,
klink_kitchen_layout_workflow_isced_f_2013_1021_2,spec_kitchen_layout_workflow,kc_isced_1021,draws_on,جداییِ مسیرِ تمیز و آلوده,separation of clean and dirty flows,
klink_health_inspection_readiness_isced_f_2013_0421_0,spec_health_inspection_readiness,kc_isced_0421,draws_on,قوانینِ بهداشتِ مواد غذایی,food hygiene regulations,
klink_health_inspection_readiness_isced_f_2013_1021_1,spec_health_inspection_readiness,kc_isced_1021,draws_on,بازرسیِ بهداشتِ محیط,environmental health inspection,
klink_retained_food_samples_isced_f_2013_0511_0,spec_retained_food_samples,kc_isced_0511,draws_on,بررسیِ همه‌گیریِ بیماری‌های غذازاد,foodborne outbreak investigation,نمونه معمولاً ۴۸ تا ۷۲ ساعت در یخچال نگه داشته می‌شود
klink_retained_food_samples_isced_f_2013_1021_1,spec_retained_food_samples,kc_isced_1021,draws_on,پایشِ سلامتِ همگانی,public health surveillance,
klink_halal_food_compliance_isced_f_2013_0221_0,spec_halal_food_compliance,kc_isced_0221,draws_on,احکامِ خوراکی در فقه,Islamic dietary rules,
klink_halal_food_compliance_isced_f_2013_0721_1,spec_halal_food_compliance,kc_isced_0721,draws_on,ردیابی و گواهیِ حلال,traceability and halal certification,
klink_culinary_terminology_isced_f_2013_0231_0,spec_culinary_terminology,kc_isced_0231,draws_on,آموختنِ واژگانِ تخصصی,specialised vocabulary acquisition,
klink_culinary_terminology_isced_f_2013_1013_1,spec_culinary_terminology,kc_isced_1013,draws_on,واژگانِ آشپزی,culinary vocabulary,
klink_pot_and_pan_washing_isced_f_2013_0531_0,spec_pot_and_pan_washing,kc_isced_0531,draws_on,شوینده‌ها و پاک‌کردنِ چربی,detergents and grease removal,
klink_pot_and_pan_washing_isced_f_2013_1021_1,spec_pot_and_pan_washing,kc_isced_1021,draws_on,ضدعفونیِ سطوحِ در تماس با غذا,sanitising food-contact surfaces,
klink_cleaning_chemicals_safety_isced_f_2013_0531_0,spec_cleaning_chemicals_safety,kc_isced_0531,draws_on,واکنشِ خطرناکِ مواد (سفیدکننده و اسید),reactive mixtures (bleach and acids),وایتکس را هرگز با جوهرنمک یا مواد اسیدی مخلوط نکنید؛ گازِ کلر آزاد می‌شود
klink_cleaning_chemicals_safety_isced_f_2013_1022_1,spec_cleaning_chemicals_safety,kc_isced_1022,draws_on,خطرِ مواد شیمیایی و وسایلِ حفاظتی,chemical hazards and protective equipment,
klink_kitchen_deep_cleaning_isced_f_2013_1022_0,spec_kitchen_deep_cleaning,kc_isced_1022,draws_on,پیشگیری از آتش‌سوزیِ چربی,grease fire prevention,
klink_kitchen_deep_cleaning_isced_f_2013_0712_1,spec_kitchen_deep_cleaning,kc_isced_0712,draws_on,جداکردنِ چربی از فاضلاب,grease separation from wastewater,
klink_crockery_and_cutlery_care_isced_f_2013_0531_0,spec_crockery_and_cutlery_care,kc_isced_0531,draws_on,لکهٔ آبِ سخت و رسوب‌زدایی,hard-water spots and descaling,
klink_crockery_and_cutlery_care_isced_f_2013_1013_1,spec_crockery_and_cutlery_care,kc_isced_1013,draws_on,موجودیِ ظرف و وسایلِ سرو,service-ware inventory,
klink_combi_oven_operation_isced_f_2013_0533_0,spec_combi_oven_operation,kc_isced_0533,draws_on,انتقالِ گرما با بخار و همرفت,steam and convection heat transfer,
klink_combi_oven_operation_isced_f_2013_0713_1,spec_combi_oven_operation,kc_isced_0713,draws_on,کنترل‌های برقی و برنامه‌ها,electrical controls and programs,
klink_combi_oven_operation_isced_f_2013_0531_2,spec_combi_oven_operation,kc_isced_0531,draws_on,سختیِ آب و رسوب,water hardness and limescale,
klink_fryer_operation_and_oil_care_isced_f_2013_0531_0,spec_fryer_operation_and_oil_care,kc_isced_0531,draws_on,اندازه‌گیریِ ترکیباتِ قطبیِ روغن,total polar compounds testing,
klink_fryer_operation_and_oil_care_isced_f_2013_0713_1,spec_fryer_operation_and_oil_care,kc_isced_0713,draws_on,دماپا و المنتِ گرمایی,thermostats and heating elements,
klink_fryer_operation_and_oil_care_isced_f_2013_1022_2,spec_fryer_operation_and_oil_care,kc_isced_1022,draws_on,واکنش به آتشِ روغن,oil fire response,روی روغنِ آتش‌گرفته هرگز آب نریزید؛ درش را ببندید یا پتوی نسوز بکشید
klink_gas_range_safety_isced_f_2013_0713_0,spec_gas_range_safety,kc_isced_0713,draws_on,گازرسانی و وسایلِ گازسوز,gas supply and appliances,
klink_gas_range_safety_isced_f_2013_0531_1,spec_gas_range_safety,kc_isced_0531,draws_on,سوختنِ کامل و ناقص,complete and incomplete combustion,شعلهٔ زرد نشانِ سوختنِ ناقص و خطرِ مونوکسیدِ کربن است
klink_gas_range_safety_isced_f_2013_1022_2,spec_gas_range_safety,kc_isced_1022,draws_on,واکنش به نشتیِ گاز,gas leak response,نشتی را با کفِ صابون پیدا کنید، هرگز با شعله
klink_pressure_cooker_operation_isced_f_2013_0533_0,spec_pressure_cooker_operation,kc_isced_0533,draws_on,نقطهٔ جوش زیرِ فشار,boiling point under pressure,زیرِ فشار آب تا حدودِ ۱۲۰ درجه گرم می‌شود
klink_pressure_cooker_operation_isced_f_2013_1022_1,spec_pressure_cooker_operation,kc_isced_1022,draws_on,خطرِ ظرف‌های تحتِ فشار,pressure vessel hazards,
klink_tilting_kettle_bratt_pan_isced_f_2013_0533_0,spec_tilting_kettle_bratt_pan,kc_isced_0533,draws_on,انتقالِ گرما در دیگِ دوجداره,steam jacket heat transfer,
klink_tilting_kettle_bratt_pan_isced_f_2013_0715_1,spec_tilting_kettle_bratt_pan,kc_isced_0715,draws_on,سازوکارِ واژگون‌شو,tilting mechanisms,
klink_tilting_kettle_bratt_pan_isced_f_2013_1022_2,spec_tilting_kettle_bratt_pan,kc_isced_1022,draws_on,کار با حجمِ زیادِ غذای داغ,handling large volumes of hot food,
klink_slicer_and_grinder_operation_isced_f_2013_0715_0,spec_slicer_and_grinder_operation,kc_isced_0715,draws_on,حفاظِ دستگاه,machine guarding,
klink_slicer_and_grinder_operation_isced_f_2013_1022_1,spec_slicer_and_grinder_operation,kc_isced_1022,draws_on,آسیبِ بُرش و گیرکردن,cut and entanglement injuries,
klink_slicer_and_grinder_operation_isced_f_2013_0511_2,spec_slicer_and_grinder_operation,kc_isced_0511,draws_on,شستنِ قطعه‌های در تماس با گوشت,cleaning of meat-contact parts,
klink_kitchen_food_machines_isced_f_2013_0713_0,spec_kitchen_food_machines,kc_isced_0713,draws_on,ایمنیِ برقیِ دستگاه‌ها,electrical safety of appliances,
klink_kitchen_food_machines_isced_f_2013_0715_1,spec_kitchen_food_machines,kc_isced_0715,draws_on,قطعه‌های متحرک و تیغه‌ها,moving parts and blades,
klink_blast_chiller_cold_room_isced_f_2013_0533_0,spec_blast_chiller_cold_room,kc_isced_0533,draws_on,چرخهٔ سرمایش,refrigeration cycle,
klink_blast_chiller_cold_room_isced_f_2013_0713_1,spec_blast_chiller_cold_room,kc_isced_0713,draws_on,تجهیزاتِ سرمایشی,refrigeration equipment,
klink_persian_khoresh_isced_f_2013_0531_0,spec_persian_khoresh,kc_isced_0531,draws_on,ترشی‌دهنده‌ها و واکنش‌های آرام (لیمو عمانی، انار),"souring agents and slow reactions (dried lime, pomegranate)",
klink_persian_khoresh_isced_f_2013_0314_1,spec_persian_khoresh,kc_isced_0314,draws_on,میراثِ آشپزیِ ایرانی,Persian culinary heritage,
klink_polo_mixed_rice_isced_f_2013_0531_0,spec_polo_mixed_rice,kc_isced_0531,draws_on,مایار و کاراملی‌شدن در ته‌دیگ,Maillard and caramelisation in tahdig,
klink_polo_mixed_rice_isced_f_2013_0533_1,spec_polo_mixed_rice,kc_isced_0533,draws_on,دم‌کشیدن با بخار زیرِ درپوش,steaming under a lid (damkoni),
klink_large_pot_rice_cooking_isced_f_2013_0533_0,spec_large_pot_rice_cooking,kc_isced_0533,draws_on,پخشِ گرما در دیگِ بزرگ,heat distribution in large pots,
klink_large_pot_rice_cooking_isced_f_2013_1022_1,spec_large_pot_rice_cooking,kc_isced_1022,draws_on,بلندکردن و آبکش‌کردنِ دیگِ داغ,lifting and draining hot pots,
klink_saffron_preparation_isced_f_2013_0531_0,spec_saffron_preparation,kc_isced_0531,draws_on,بیرون‌کشیدنِ کروسین و سافرانال,extraction of crocin and safranal,یخ یا آبِ ولرم رنگ را بهتر از آبِ جوش آزاد می‌کند
klink_saffron_preparation_isced_f_2013_0811_1,spec_saffron_preparation,kc_isced_0811,draws_on,کیفیتِ محصولِ زعفران و تقلب,saffron crop quality and adulteration,
klink_kebab_skewering_isced_f_2013_0512_0,spec_kebab_skewering,kc_isced_0512,draws_on,چسبندگیِ گوشت با پروتئینِ میوزین و نمک,salt-soluble myosin binding,ورزِ کافی کوبیده را روی سیخ نگه می‌دارد
klink_kebab_skewering_isced_f_2013_1013_1,spec_kebab_skewering,kc_isced_1013,draws_on,استانداردِ اندازهٔ سیخ,kebab portion standards,
klink_meat_marinating_isced_f_2013_0512_0,spec_meat_marinating,kc_isced_0512,draws_on,اسید و آنزیم در نرم‌کردنِ گوشت,acids and enzymes in tenderising,
klink_meat_marinating_isced_f_2013_0511_1,spec_meat_marinating,kc_isced_0511,draws_on,خواباندن در سرما,refrigerated marinating,
klink_ground_meat_preparation_isced_f_2013_0511_0,spec_ground_meat_preparation,kc_isced_0511,draws_on,خطرِ میکروبیِ بیشترِ گوشتِ چرخ‌کرده,higher microbial risk of minced meat,
klink_ground_meat_preparation_isced_f_2013_0512_1,spec_ground_meat_preparation,kc_isced_0512,draws_on,مقدارِ چربی و بافت,fat content and texture,
klink_ash_and_haleem_cooking_isced_f_2013_0533_0,spec_ash_and_haleem_cooking,kc_isced_0533,draws_on,ته‌گرفتن و پخشِ گرما در مایعِ غلیظ,scorching and heat distribution in thick liquids,
klink_ash_and_haleem_cooking_isced_f_2013_0512_1,spec_ash_and_haleem_cooking,kc_isced_0512,draws_on,شکستنِ نشاسته و پروتئینِ گندم,starch and wheat protein breakdown,
klink_ash_and_haleem_cooking_isced_f_2013_0511_2,spec_ash_and_haleem_cooking,kc_isced_0511,draws_on,ایمنیِ کشکِ فله,safety of bulk kashk,کشکِ فله را پیش از مصرف باید جوشاند
klink_dizi_abgoosht_cooking_isced_f_2013_0533_0,spec_dizi_abgoosht_cooking,kc_isced_0533,draws_on,جرمِ گرماییِ دیزیِ سنگی,thermal mass of stone pots,
klink_dizi_abgoosht_cooking_isced_f_2013_0314_1,spec_dizi_abgoosht_cooking,kc_isced_0314,draws_on,سنت‌های غذاییِ قهوه‌خانه,teahouse food traditions,
klink_kalleh_pacheh_cooking_isced_f_2013_0511_0,spec_kalleh_pacheh_cooking,kc_isced_0511,draws_on,پختِ کاملِ اندام‌های پرخطر,thorough cooking of high-risk offal,
klink_kalleh_pacheh_cooking_isced_f_2013_0841_1,spec_kalleh_pacheh_cooking,kc_isced_0841,draws_on,بازرسیِ دامپزشکیِ کله و اندام‌ها,veterinary inspection of heads and offal,
klink_regional_iranian_cuisine_isced_f_2013_0314_0,spec_regional_iranian_cuisine,kc_isced_0314,draws_on,فرهنگ‌های غذاییِ منطقه‌ایِ ایران,regional food cultures of Iran,
klink_regional_iranian_cuisine_isced_f_2013_0222_1,spec_regional_iranian_cuisine,kc_isced_0222,draws_on,تاریخِ آشپزیِ ایرانی,history of Persian cuisine,
klink_regional_iranian_cuisine_isced_f_2013_0811_2,spec_regional_iranian_cuisine,kc_isced_0811,draws_on,موادِ بومی و فصل,local ingredients and seasons,
klink_beryani_making_isced_f_2013_0314_0,spec_beryani_making,kc_isced_0314,draws_on,سنتِ غذاییِ اصفهان,Isfahan food tradition,
klink_beryani_making_isced_f_2013_1013_1,spec_beryani_making,kc_isced_1013,draws_on,سروِ غذای سنتیِ ویژه,specialist traditional dish service,
klink_banquet_plating_lines_isced_f_2013_1013_0,spec_banquet_plating_lines,kc_isced_1013,draws_on,سامانه‌های سروِ ضیافت,banquet service systems,
klink_banquet_plating_lines_isced_f_2013_0413_1,spec_banquet_plating_lines,kc_isced_0413,draws_on,سازمان‌دهیِ کارِ خطی,line work organisation,
klink_buffet_food_replenishment_isced_f_2013_1013_0,spec_buffet_food_replenishment,kc_isced_1013,draws_on,سروِ بوفه,buffet service,
klink_buffet_food_replenishment_isced_f_2013_0511_1,spec_buffet_food_replenishment,kc_isced_0511,draws_on,محدودیتِ زمانِ غذای در معرض,time limits for displayed food,
klink_institutional_menu_standards_isced_f_2013_0915_0,spec_institutional_menu_standards,kc_isced_0915,draws_on,نیازهای تغذیه‌ایِ گروه‌ها,population nutrition requirements,
klink_institutional_menu_standards_isced_f_2013_0413_1,spec_institutional_menu_standards,kc_isced_0413,draws_on,پایبندی به قرارداد و منو,contract and menu compliance,
klink_food_waste_reduction_isced_f_2013_0521_0,spec_food_waste_reduction,kc_isced_0521,draws_on,اثرِ زیست‌محیطیِ دورریزِ غذا,environmental impact of food waste,
klink_food_waste_reduction_isced_f_2013_0411_1,spec_food_waste_reduction,kc_isced_0411,draws_on,ثبتِ هزینهٔ ضایعات,waste cost tracking,
klink_bread_baker_assistant_isco_7512,spec_bread_baker_assistant,kc_isco_7512,classified_as,,,
klink_bread_baker_assistant_isco_9412,spec_bread_baker_assistant,kc_isco_9412,classified_as,,,
klink_dough_mixer_isco_7512,spec_dough_mixer,kc_isco_7512,classified_as,,,
klink_dough_divider_isco_7512,spec_dough_divider,kc_isco_7512,classified_as,,,
klink_sangak_baker_isco_7512,spec_sangak_baker,kc_isco_7512,classified_as,,,
klink_barbari_baker_isco_7512,spec_barbari_baker,kc_isco_7512,classified_as,,,
klink_lavash_baker_isco_7512,spec_lavash_baker,kc_isco_7512,classified_as,,,
klink_taftoon_baker_isco_7512,spec_taftoon_baker,kc_isco_7512,classified_as,,,
klink_regional_bread_baker_isco_7512,spec_regional_bread_baker,kc_isco_7512,classified_as,,,
klink_traditional_bakery_master_isco_7512,spec_traditional_bakery_master,kc_isco_7512,classified_as,,,
klink_bread_baker_isco_7512,spec_bread_baker,kc_isco_7512,classified_as,,,
klink_sourdough_baker_isco_7512,spec_sourdough_baker,kc_isco_7512,classified_as,,,
klink_head_baker_isco_7512,spec_head_baker,kc_isco_7512,classified_as,,,
klink_head_baker_isco_3122,spec_head_baker,kc_isco_3122,classified_as,,,
klink_industrial_bread_line_operator_isco_8160,spec_industrial_bread_line_operator,kc_isco_8160,classified_as,,,
klink_bread_counter_seller_isco_5223,spec_bread_counter_seller,kc_isco_5223,classified_as,,,
klink_bread_counter_seller_isco_5246,spec_bread_counter_seller,kc_isco_5246,classified_as,,,
klink_pastry_assistant_isco_7512,spec_pastry_assistant,kc_isco_7512,classified_as,,,
klink_pastry_assistant_isco_9412,spec_pastry_assistant,kc_isco_9412,classified_as,,,
klink_pastry_cook_isco_7512,spec_pastry_cook,kc_isco_7512,classified_as,,,
klink_cream_pastry_maker_isco_7512,spec_cream_pastry_maker,kc_isco_7512,classified_as,,,
klink_dry_pastry_baker_isco_7512,spec_dry_pastry_baker,kc_isco_7512,classified_as,,,
klink_cake_maker_isco_7512,spec_cake_maker,kc_isco_7512,classified_as,,,
klink_cake_decorator_isco_7512,spec_cake_decorator,kc_isco_7512,classified_as,,,
klink_celebration_cake_designer_isco_7512,spec_celebration_cake_designer,kc_isco_7512,classified_as,,,
klink_viennoiserie_baker_isco_7512,spec_viennoiserie_baker,kc_isco_7512,classified_as,,,
klink_banquet_pastry_cook_isco_7512,spec_banquet_pastry_cook,kc_isco_7512,classified_as,,,
klink_banquet_pastry_cook_isco_5120,spec_banquet_pastry_cook,kc_isco_5120,classified_as,,,
klink_pastry_sous_chef_isco_3434,spec_pastry_sous_chef,kc_isco_3434,classified_as,,,
klink_pastry_sous_chef_isco_7512,spec_pastry_sous_chef,kc_isco_7512,classified_as,,,
klink_pastry_chef_isco_3434,spec_pastry_chef,kc_isco_3434,classified_as,,,
klink_executive_pastry_chef_isco_3434,spec_executive_pastry_chef,kc_isco_3434,classified_as,,,
klink_executive_pastry_chef_isco_1412,spec_executive_pastry_chef,kc_isco_1412,classified_as,,,
klink_chocolatier_isco_7512,spec_chocolatier,kc_isco_7512,classified_as,,,
klink_sugar_artist_isco_7512,spec_sugar_artist,kc_isco_7512,classified_as,,,
klink_confectionery_maker_isco_7512,spec_confectionery_maker,kc_isco_7512,classified_as,,,
klink_gluten_free_baker_isco_7512,spec_gluten_free_baker,kc_isco_7512,classified_as,,,
klink_industrial_pastry_line_operator_isco_8160,spec_industrial_pastry_line_operator,kc_isco_8160,classified_as,,,
klink_traditional_confectioner_isco_7512,spec_traditional_confectioner,kc_isco_7512,classified_as,,,
klink_traditional_sweets_master_isco_7512,spec_traditional_sweets_master,kc_isco_7512,classified_as,,,
klink_traditional_sweets_master_isco_3122,spec_traditional_sweets_master,kc_isco_3122,classified_as,,,
klink_baklava_maker_isco_7512,spec_baklava_maker,kc_isco_7512,classified_as,,,
klink_sohan_maker_isco_7512,spec_sohan_maker,kc_isco_7512,classified_as,,,
klink_gaz_maker_isco_7512,spec_gaz_maker,kc_isco_7512,classified_as,,,
klink_zoolbia_bamieh_maker_isco_7512,spec_zoolbia_bamieh_maker,kc_isco_7512,classified_as,,,
klink_traditional_cookie_baker_isco_7512,spec_traditional_cookie_baker,kc_isco_7512,classified_as,,,
klink_regional_sweets_maker_isco_7512,spec_regional_sweets_maker,kc_isco_7512,classified_as,,,
klink_pashmak_noghl_maker_isco_7512,spec_pashmak_noghl_maker,kc_isco_7512,classified_as,,,
klink_ice_cream_maker_isco_7512,spec_ice_cream_maker,kc_isco_7512,classified_as,,,
klink_ice_cream_maker_isco_7513,spec_ice_cream_maker,kc_isco_7513,classified_as,,,
klink_traditional_ice_cream_maker_isco_7512,spec_traditional_ice_cream_maker,kc_isco_7512,classified_as,,,
klink_traditional_ice_cream_maker_isco_7513,spec_traditional_ice_cream_maker,kc_isco_7513,classified_as,,,
klink_gelato_maker_isco_7512,spec_gelato_maker,kc_isco_7512,classified_as,,,
klink_gelato_maker_isco_7513,spec_gelato_maker,kc_isco_7513,classified_as,,,
klink_faloodeh_maker_isco_7512,spec_faloodeh_maker,kc_isco_7512,classified_as,,,
klink_ice_cream_counter_server_isco_5246,spec_ice_cream_counter_server,kc_isco_5246,classified_as,,,
klink_ice_cream_production_operator_isco_8160,spec_ice_cream_production_operator,kc_isco_8160,classified_as,,,
klink_dessert_cook_isco_7512,spec_dessert_cook,kc_isco_7512,classified_as,,,
klink_dessert_cook_isco_5120,spec_dessert_cook,kc_isco_5120,classified_as,,,
klink_traditional_dessert_maker_isco_5120,spec_traditional_dessert_maker,kc_isco_5120,classified_as,,,
klink_traditional_dessert_maker_isco_7512,spec_traditional_dessert_maker,kc_isco_7512,classified_as,,,
klink_crepe_waffle_maker_isco_9411,spec_crepe_waffle_maker,kc_isco_9411,classified_as,,,
klink_crepe_waffle_maker_isco_5246,spec_crepe_waffle_maker,kc_isco_5246,classified_as,,,
klink_bakery_sales_associate_isco_5223,spec_bakery_sales_associate,kc_isco_5223,classified_as,,,
klink_bakery_sales_associate_isco_5246,spec_bakery_sales_associate,kc_isco_5246,classified_as,,,
klink_bakery_oven_operator_isco_8160,spec_bakery_oven_operator,kc_isco_8160,classified_as,,,
klink_bakery_oven_operator_isco_7512,spec_bakery_oven_operator,kc_isco_7512,classified_as,,,
klink_bakery_packer_isco_9321,spec_bakery_packer,kc_isco_9321,classified_as,,,
klink_bakery_production_supervisor_isco_3122,spec_bakery_production_supervisor,kc_isco_3122,classified_as,,,
klink_bakery_quality_controller_isco_7515,spec_bakery_quality_controller,kc_isco_7515,classified_as,,,
klink_bakery_quality_controller_isco_3141,spec_bakery_quality_controller,kc_isco_3141,classified_as,,,
klink_bakery_product_developer_isco_7512,spec_bakery_product_developer,kc_isco_7512,classified_as,,,
klink_bakery_product_developer_isco_2145,spec_bakery_product_developer,kc_isco_2145,classified_as,,,
klink_bakery_manager_isco_1420,spec_bakery_manager,kc_isco_1420,classified_as,,,
klink_bakery_manager_isco_1321,spec_bakery_manager,kc_isco_1321,classified_as,,,
klink_dough_mixing_isced_f_2013_0512_0,spec_dough_mixing,kc_isced_0512,draws_on,تشکیلِ شبکه‌ی گلوتن,gluten network formation,پروتئین‌های آرد با آب و ورز به هم وصل می‌شوند و خمیر کش می‌آید.
klink_dough_mixing_isced_f_2013_0721_1,spec_dough_mixing,kc_isced_0721,draws_on,رشدِ خمیر در فراوری,dough development,کم‌ورز یا پرورزدادن حجم و بافتِ نان را خراب می‌کند.
klink_dough_temperature_control_isced_f_2013_0541_0,spec_dough_temperature_control,kc_isced_0541,draws_on,محاسبه‌ی خطی با چند عامل,linear calculation with multiple factors,دمای آب = دمای هدف ضربدر چند، منهای دمای آرد و هوا و اصطکاک.
klink_dough_temperature_control_isced_f_2013_0533_1,spec_dough_temperature_control,kc_isced_0533,draws_on,گرمای ناشی از اصطکاک,frictional heat,ورزِ دستگاه خمیر را چند درجه گرم می‌کند.
klink_fermentation_management_isced_f_2013_0512_0,spec_fermentation_management,kc_isced_0512,draws_on,سوخت‌وسازِ مخمر,yeast metabolism,مخمر قند را به گازِ کربنیک و الکل تبدیل می‌کند و خمیر پف می‌کند.
klink_fermentation_management_isced_f_2013_0511_1,spec_fermentation_management,kc_isced_0511,draws_on,رشدِ میکروب‌ها و دما,microbial growth and temperature,مخمر در گرما تندتر و در سرما کندتر کار می‌کند.
klink_sourdough_starter_care_isced_f_2013_0511_0,spec_sourdough_starter_care,kc_isced_0511,draws_on,باکتری‌های اسیدِ لاکتیک و مخمرهای وحشی,lactic acid bacteria and wild yeasts,خمیرترش جامعه‌ای زنده از باکتری و مخمر است.
klink_sourdough_starter_care_isced_f_2013_0512_1,spec_sourdough_starter_care,kc_isced_0512,draws_on,اسیدی‌شدن و ترکیب‌های طعم,acidification and flavour compounds,اسیدِ لاکتیک و استیک طعمِ ترش و ماندگاری می‌دهند.
klink_dough_dividing_shaping_isced_f_2013_0721_0,spec_dough_dividing_shaping,kc_isced_0721,draws_on,رفتارِ کشسانیِ خمیر,dough rheology,خمیرِ استراحت‌کرده راحت‌تر فرم می‌گیرد و جمع نمی‌شود.
klink_dough_dividing_shaping_isced_f_2013_0541_1,spec_dough_dividing_shaping,kc_isced_0541,draws_on,یکنواختیِ وزن,weight consistency,چونه‌های هم‌وزن یکسان می‌پزند و قیمتِ نان منصفانه می‌ماند.
klink_proofing_control_isced_f_2013_0533_0,spec_proofing_control,kc_isced_0533,draws_on,رطوبتِ نسبی و گرما,relative humidity and heat,هوای خشک رویه‌ی خمیر را پوسته می‌کند.
klink_proofing_control_isced_f_2013_0512_1,spec_proofing_control,kc_isced_0512,draws_on,تولید و نگهداریِ گاز,gas production and retention,خمیرِ بیش‌ازحد ورآمده در فر می‌خوابد.
klink_deck_oven_baking_isced_f_2013_0533_0,spec_deck_oven_baking,kc_isced_0533,draws_on,رسانش و میعانِ بخار,conduction and steam condensation,بخار روی خمیرِ سرد می‌نشیند و پوسته دیرتر سفت می‌شود تا نان باز شود.
klink_deck_oven_baking_isced_f_2013_0531_1,spec_deck_oven_baking,kc_isced_0531,draws_on,واکنشِ میلارد و کاراملی‌شدن,Maillard reaction and caramelisation,رنگ و عطرِ پوسته از واکنشِ قند و پروتئین در گرماست.
klink_tanur_firing_isced_f_2013_0533_0,spec_tanur_firing,kc_isced_0533,draws_on,گرمای تابشی و ذخیره‌ی گرما,radiant heat and thermal mass,دیواره‌ی گلیِ تنور گرما را ذخیره و به نان تاب می‌دهد.
klink_tanur_firing_isced_f_2013_0713_1,spec_tanur_firing,kc_isced_0713,draws_on,سوختنِ گاز و مشعل,gas combustion and burners,شعله‌ی آبی یعنی سوختِ کامل؛ شعله‌ی زرد دوده و گازِ سمی می‌سازد.
klink_tanur_firing_isced_f_2013_1022_2,spec_tanur_firing,kc_isced_1022,draws_on,خطرِ گازِ مونوکسیدِ کربن,carbon monoxide hazards,تهویه‌ی تنور جانِ همکاران را حفظ می‌کند.
klink_tanur_flatbread_baking_isced_f_2013_0533_0,spec_tanur_flatbread_baking,kc_isced_0533,draws_on,گرمای تابشی و رسانشی روی خمیرِ نازک,radiant and conductive heat on thin dough,خمیرِ نازک در چند ثانیه می‌پزد و زمان‌بندی مهم است.
klink_tanur_flatbread_baking_isced_f_2013_0721_1,spec_tanur_flatbread_baking,kc_isced_0721,draws_on,فراوریِ نانِ مسطح,flatbread processing,رطوبتِ خمیر تعیین می‌کند نان نرم بماند یا خشک شود.
klink_sangak_stone_bed_baking_isced_f_2013_0533_0,spec_sangak_stone_bed_baking,kc_isced_0533,draws_on,رسانشِ گرما از بسترِ سنگ‌ریزه,heat conduction through a pebble bed,ریگِ داغ از زیر و سقفِ تنور از بالا نان را می‌پزند.
klink_sangak_stone_bed_baking_isced_f_2013_0721_1,spec_sangak_stone_bed_baking,kc_isced_0721,draws_on,خمیرِ پرآبِ آردِ سبوس‌دار,whole-wheat high-hydration dough,خمیرِ سنگک شل است و باید با حرکتِ سریع پهن شود.
klink_barbari_shaping_baking_isced_f_2013_0531_0,spec_barbari_shaping_baking,kc_isced_0531,draws_on,لعابِ نشاسته‌ی ژلاتینی‌شده,starch gelatinisation glaze,رومال در گرما براق و طلایی می‌شود.
klink_barbari_shaping_baking_isced_f_2013_0533_1,spec_barbari_shaping_baking,kc_isced_0533,draws_on,پخشِ گرما در فر,heat distribution in the oven,جای نان در فر رنگِ یکنواخت را تعیین می‌کند.
klink_regional_bread_techniques_isced_f_2013_0721_0,spec_regional_bread_techniques,kc_isced_0721,draws_on,فراوریِ نانِ سنتی,traditional bread processing,هر نانِ محلی نسبتِ آب، چربی و مایه‌ی خودش را دارد.
klink_regional_bread_techniques_isced_f_2013_0314_1,spec_regional_bread_techniques,kc_isced_0314,draws_on,میراث و فرهنگِ خوراک,food heritage and culture,نانِ محلی بخشی از هویتِ هر منطقه است.
klink_flour_and_ingredient_knowledge_isced_f_2013_0721_0,spec_flour_and_ingredient_knowledge,kc_isced_0721,draws_on,آسیاب و درجه‌ی استخراجِ آرد,flour milling and extraction rate,آردِ سبوس‌دار آب بیشتری می‌گیرد.
klink_flour_and_ingredient_knowledge_isced_f_2013_0531_1,spec_flour_and_ingredient_knowledge,kc_isced_0531,draws_on,شیمیِ پروتئین و نشاسته,protein and starch chemistry,پروتئینِ بیشتر یعنی خمیرِ قوی‌تر.
klink_bakers_percentage_isced_f_2013_0541_0,spec_bakers_percentage,kc_isced_0541,draws_on,نسبت و تناسب,ratios and proportions,اگر آرد ۲۰ کیلو و آب ۶۵٪ باشد، آب ۱۳ کیلو است.
klink_bakers_percentage_isced_f_2013_0721_1,spec_bakers_percentage,kc_isced_0721,draws_on,آبِ خمیر و فرمول‌نویسی,hydration and formulation,درصدِ آب بافت و پختِ نان را تعیین می‌کند.
klink_precise_weighing_isced_f_2013_0541_0,spec_precise_weighing,kc_isced_0541,draws_on,یکا و اندازه‌گیری,units and measurement,گرم، کیلوگرم و درصد را بی‌اشتباه تبدیل می‌کند.
klink_lamination_isced_f_2013_0533_0,spec_lamination,kc_isced_0533,draws_on,پف‌کردن با بخار میانِ لایه‌ها,steam leavening between layers,آبِ کره در فر بخار می‌شود و لایه‌ها را از هم باز می‌کند.
klink_lamination_isced_f_2013_0531_1,spec_lamination,kc_isced_0531,draws_on,نرمی و بلورهای چربی,fat crystal plasticity,کره‌ی خیلی سرد می‌شکند و کره‌ی گرم در خمیر حل می‌شود.
klink_viennoiserie_shaping_isced_f_2013_0721_0,spec_viennoiserie_shaping,kc_isced_0721,draws_on,فراوریِ خمیرِ لایه‌دار,laminated dough processing,تخمیر در دمای بالا کره را آب می‌کند و لایه‌ها از بین می‌روند.
klink_bakery_shelf_life_isced_f_2013_0531_0,spec_bakery_shelf_life,kc_isced_0531,draws_on,بازگشتِ نشاسته و فعالیتِ آبی,starch retrogradation and water activity,نشاسته در یخچال سریع‌تر بیات می‌شود.
klink_bakery_shelf_life_isced_f_2013_0511_1,spec_bakery_shelf_life,kc_isced_0511,draws_on,کپک و فسادِ میکروبی,mould and microbial spoilage,کپکِ نان ممکن است سم بسازد و بریدنِ بخشِ کپک‌زده کافی نیست.
klink_bread_additive_rules_isced_f_2013_0421_0,spec_bread_additive_rules,kc_isced_0421,draws_on,قانون و استانداردِ غذا,food law and standards,استفاده از جوش‌شیرین در نان ممنوع است.
klink_bread_additive_rules_isced_f_2013_0915_1,spec_bread_additive_rules,kc_isced_0915,draws_on,نمکِ غذا و سلامت,dietary salt and health,نان بخشِ بزرگی از نمکِ روزانه‌ی مردم است.
klink_dough_mixer_operation_isced_f_2013_0715_0,spec_dough_mixer_operation,kc_isced_0715,draws_on,انتقالِ نیرو و دنده,mechanical drives and gears,بارِ زیادِ خمیرِ سفت به موتور و دنده فشار می‌آورد.
klink_dough_mixer_operation_isced_f_2013_0713_1,spec_dough_mixer_operation,kc_isced_0713,draws_on,موتورِ برقی و حفاظتِ آن,electric motors and protection,کلیدِ حفاظتی و ارت از برق‌گرفتگی جلوگیری می‌کند.
klink_dough_mixer_operation_isced_f_2013_1022_2,spec_dough_mixer_operation,kc_isced_1022,draws_on,حفاظِ دستگاه,machine guarding,دست را هرگز داخلِ کاسه‌ی در حالِ کار نمی‌برد.
klink_sheeter_operation_isced_f_2013_0715_0,spec_sheeter_operation,kc_isced_0715,draws_on,غلتک و تنظیمِ مکانیکی,rollers and mechanical adjustment,کم‌کردنِ ناگهانیِ فاصله‌ی غلتک خمیر را پاره می‌کند.
klink_sheeter_operation_isced_f_2013_1022_1,spec_sheeter_operation,kc_isced_1022,draws_on,خطرِ گیرکردنِ دست میانِ غلتک,pinch-point hazards,دستگاه فقط با حفاظِ سالم کار می‌کند.
klink_bakery_oven_operation_isced_f_2013_0533_0,spec_bakery_oven_operation,kc_isced_0533,draws_on,همرفت و انتقالِ گرما,convection and heat transfer,فن در فرِ کانوکشن پخت را تندتر و یکنواخت‌تر می‌کند.
klink_bakery_oven_operation_isced_f_2013_0713_1,spec_bakery_oven_operation,kc_isced_0713,draws_on,گرمایشِ گازی و برقی,gas and electric heating systems,مشعل و المنت هر کدام تنظیم و خطرِ خودشان را دارند.
klink_bakery_oven_operation_isced_f_2013_0714_2,spec_bakery_oven_operation,kc_isced_0714,draws_on,ترموستات و کنترلر,thermostats and controllers,دمای نمایشگر همیشه دمای واقعیِ داخلِ فر نیست.
klink_bakery_gas_burner_safety_isced_f_2013_1022_0,spec_bakery_gas_burner_safety,kc_isced_1022,draws_on,ایمنیِ گاز و مونوکسیدِ کربن,gas and carbon monoxide safety,بو یا سردرد نشانه‌ی خطر است؛ اول تهویه، بعد خروج.
klink_bakery_gas_burner_safety_isced_f_2013_0713_1,spec_bakery_gas_burner_safety,kc_isced_0713,draws_on,روشن‌کردنِ مشعل و نظارتِ شعله,burner ignition and flame supervision,حسگرِ شعله اگر شعله خاموش شود گاز را قطع می‌کند.
klink_industrial_bread_line_operation_isced_f_2013_0714_0,spec_industrial_bread_line_operation,kc_isced_0714,draws_on,خودکارسازی و کنترلِ نوار نقاله,automation and conveyor control,هماهنگیِ سرعتِ بخش‌ها از انباشتِ خمیر جلوگیری می‌کند.
klink_industrial_bread_line_operation_isced_f_2013_0715_1,spec_industrial_bread_line_operation,kc_isced_0715,draws_on,ماشین‌آلاتِ صنعتی,industrial machinery,صدای غیرعادی نشانه‌ی خرابیِ یاتاقان یا زنجیر است.
klink_industrial_bread_line_operation_isced_f_2013_0721_2,spec_industrial_bread_line_operation,kc_isced_0721,draws_on,فراوریِ پیوسته‌ی غذا,continuous food processing,در خطِ صنعتی ثابت‌بودنِ مواد اولیه مهم‌تر است.
klink_bakery_equipment_care_isced_f_2013_0715_0,spec_bakery_equipment_care,kc_isced_0715,draws_on,نگهداریِ پیشگیرانه,preventive maintenance,بازدیدِ منظم خرابیِ وسطِ کار را کم می‌کند.
klink_bakery_equipment_care_isced_f_2013_0713_1,spec_bakery_equipment_care,kc_isced_0713,draws_on,بازدیدِ ایمنیِ برق,electrical safety checks,سیمِ آسیب‌دیده را باید پیش از کار گزارش کرد.
klink_proofer_retarder_operation_isced_f_2013_0533_0,spec_proofer_retarder_operation,kc_isced_0533,draws_on,سرمایش و کنترلِ رطوبت,refrigeration and humidity control,سرما تخمیر را کند می‌کند تا خمیر شب بماند.
klink_proofer_retarder_operation_isced_f_2013_0714_1,spec_proofer_retarder_operation,kc_isced_0714,draws_on,زمان‌سنج و کنترلرِ برنامه‌پذیر,programmable timers and controllers,دستگاه در ساعتِ مشخص خودش گرم می‌شود.
klink_cake_batter_mixing_isced_f_2013_0531_0,spec_cake_batter_mixing,kc_isced_0531,draws_on,امولسیون و کف,emulsions and foams,هوای به‌دام‌افتاده در چربی و تخم‌مرغ کیک را پف می‌دهد.
klink_cake_batter_mixing_isced_f_2013_0533_1,spec_cake_batter_mixing,kc_isced_0533,draws_on,انبساطِ گاز در گرما,gas expansion on heating,حباب‌های ریز در فر بزرگ می‌شوند.
klink_chemical_leavening_isced_f_2013_0531_0,spec_chemical_leavening,kc_isced_0531,draws_on,واکنشِ اسید و باز,acid-base reactions,جوش‌شیرین با اسید گازِ کربنیک می‌سازد؛ زیادی‌اش طعمِ گس می‌دهد.
klink_choux_pastry_isced_f_2013_0533_0,spec_choux_pastry,kc_isced_0533,draws_on,پف با بخار,steam expansion,آبِ خمیر در فر بخار می‌شود و داخلِ نان را خالی می‌کند.
klink_choux_pastry_isced_f_2013_0531_1,spec_choux_pastry,kc_isced_0531,draws_on,ژلاتینی‌شدنِ نشاسته,starch gelatinisation,پختنِ آرد روی شعله به خمیر توانِ نگه‌داشتنِ بخار می‌دهد.
klink_shortcrust_and_cookie_dough_isced_f_2013_0531_0,spec_shortcrust_and_cookie_dough,kc_isced_0531,draws_on,پوشاندنِ پروتئینِ آرد با چربی,fat coating of flour proteins,چربی نمی‌گذارد گلوتن بسازد و شیرینی ترد می‌ماند.
klink_creams_and_fillings_isced_f_2013_0531_0,spec_creams_and_fillings,kc_isced_0531,draws_on,لخته‌شدنِ پروتئین و غلیظ‌شدنِ نشاسته,protein coagulation and starch thickening,زرده در گرمای زیاد می‌بُرد و کرم دانه‌دانه می‌شود.
klink_creams_and_fillings_isced_f_2013_0511_1,spec_creams_and_fillings,kc_isced_0511,draws_on,خطرِ باکتری در فیلینگِ تخم‌مرغ و لبنیات,bacterial risk in egg and dairy fillings,کرمِ آماده باید زود سرد و در یخچال نگه داشته شود.
klink_whipped_cream_handling_isced_f_2013_0531_0,spec_whipped_cream_handling,kc_isced_0531,draws_on,کفِ پایدار با چربی,fat-stabilised foams,قطره‌های چربی دورِ حباب‌ها را می‌گیرند و کف را نگه می‌دارند.
klink_whipped_cream_handling_isced_f_2013_0533_1,spec_whipped_cream_handling,kc_isced_0533,draws_on,دما و ذوبِ چربی,temperature and fat melting,خامه‌ی گرم کف نمی‌گیرد.
klink_meringue_making_isced_f_2013_0531_0,spec_meringue_making,kc_isced_0531,draws_on,واسرشتِ پروتئین و کف,protein denaturation and foams,کمی چربی یا زرده جلوی کف‌کردنِ سفیده را می‌گیرد.
klink_gelatin_and_setting_agents_isced_f_2013_0531_0,spec_gelatin_and_setting_agents,kc_isced_0531,draws_on,ژلِ آب‌دوست‌ها,hydrocolloid gels,ژلاتین در گرما آب می‌شود ولی آگار تا دمای بالا سفت می‌ماند.
klink_gelatin_and_setting_agents_isced_f_2013_0541_1,spec_gelatin_and_setting_agents,kc_isced_0541,draws_on,مقدار بر پایه‌ی نسبتِ وزنی,dosage by weight ratio,درصدِ ژلاتین به وزنِ مایع حساب می‌شود.
klink_pastry_oven_baking_isced_f_2013_0533_0,spec_pastry_oven_baking,kc_isced_0533,draws_on,همرفت و نقطه‌های داغِ فر,convection and oven hot spots,چرخاندنِ سینی رنگِ یکنواخت می‌دهد.
klink_pastry_oven_baking_isced_f_2013_0531_1,spec_pastry_oven_baking,kc_isced_0531,draws_on,کاراملی‌شدن و سفت‌شدنِ پروتئین,caramelisation and protein setting,کیک وقتی می‌ایستد که پروتئین و نشاسته‌اش جا بیفتند.
klink_cake_assembly_isced_f_2013_0533_0,spec_cake_assembly,kc_isced_0533,draws_on,بار و مرکزِ ثقل,load and centre of gravity,لایه‌ی کج یا فیلینگِ شل کیک را می‌خواباند.
klink_cake_icing_finishing_isced_f_2013_0214_0,spec_cake_icing_finishing,kc_isced_0214,draws_on,فنونِ دستیِ پرداخت,hand finishing techniques,کاردک و صفحه‌ی گردان ابزارِ اصلیِ صافکاری‌اند.
klink_cake_icing_finishing_isced_f_2013_0531_1,spec_cake_icing_finishing,kc_isced_0531,draws_on,غلظت و دمای گلیز,glaze viscosity and temperature,گلیزِ آینه‌ای فقط در بازه‌ی دماییِ کمی خوب می‌نشیند.
klink_piping_isced_f_2013_0214_0,spec_piping,kc_isced_0214,draws_on,هنرِ دستیِ تزیینی,manual decorative craft,فشارِ یکنواختِ دست شکلِ یکنواخت می‌سازد.
klink_piping_isced_f_2013_0533_1,spec_piping,kc_isced_0533,draws_on,گران‌روی و جریان,viscosity and flow,خامه یا کرمِ شل شکل نگه نمی‌دارد.
klink_cake_decorating_design_isced_f_2013_0213_0,spec_cake_decorating_design,kc_isced_0213,draws_on,نظریه‌ی رنگ و ترکیب‌بندی,colour theory and composition,رنگ‌های مکمل و فضای خالی کیک را زیباتر می‌کنند.
klink_cake_decorating_design_isced_f_2013_0212_1,spec_cake_decorating_design,kc_isced_0212,draws_on,طراحی بر پایه‌ی خواسته‌ی مشتری,design for a client brief,طرح پیش از اجرا با مشتری تأیید می‌شود.
klink_fondant_modelling_isced_f_2013_0214_0,spec_fondant_modelling,kc_isced_0214,draws_on,پیکرتراشی و مدل‌سازی,sculpting and modelling,همان اصولِ مدل‌سازی با گل، با خمیرِ شکر.
klink_fondant_modelling_isced_f_2013_0531_1,spec_fondant_modelling,kc_isced_0531,draws_on,خمیرِ شکر و رطوبت,sugar paste and humidity,رطوبتِ هوا فوندانت را شل و چسبناک می‌کند.
klink_tiered_cake_structure_isced_f_2013_0533_0,spec_tiered_cake_structure,kc_isced_0533,draws_on,ایستایی و تحملِ بار,statics and load bearing,وزنِ طبقه‌ی بالا باید روی ستونک‌ها بیفتد، نه روی کیک.
klink_tiered_cake_structure_isced_f_2013_0212_1,spec_tiered_cake_structure,kc_isced_0212,draws_on,طراحیِ سازه‌ای,structural design,طرح پیش از پخت از بالا و کنار کشیده می‌شود.
klink_plated_dessert_composition_isced_f_2013_0212_0,spec_plated_dessert_composition,kc_isced_0212,draws_on,ترکیب‌بندیِ دیداری,visual composition,تعادلِ رنگ و ارتفاع در بشقاب.
klink_plated_dessert_composition_isced_f_2013_1013_1,spec_plated_dessert_composition,kc_isced_1013,draws_on,زمان‌بندیِ سرو در رستوران,restaurant service timing,بستنی کنارِ کیکِ گرم باید در آخرین لحظه گذاشته شود.
klink_special_diet_baking_isced_f_2013_0915_0,spec_special_diet_baking,kc_isced_0915,draws_on,رژیم‌درمانی: سلیاک و دیابت,dietetics: coeliac disease and diabetes,برای بیمارِ سلیاک حتی ذره‌ای آردِ گندم آسیب می‌زند.
klink_special_diet_baking_isced_f_2013_0531_1,spec_special_diet_baking,kc_isced_0531,draws_on,جایگزین‌های گلوتن و آب‌دوست‌ها,gluten substitutes and hydrocolloids,صمغِ زانتان یا پسیلیوم جای کشسانیِ گلوتن را می‌گیرد.
klink_recipe_development_baking_isced_f_2013_0721_0,spec_recipe_development_baking,kc_isced_0721,draws_on,توسعه‌ی محصولِ غذایی,food product development,هر بار فقط یک متغیر عوض می‌شود تا اثرش معلوم شود.
klink_recipe_development_baking_isced_f_2013_0542_1,spec_recipe_development_baking,kc_isced_0542,draws_on,آزمونِ مقایسه‌ای,comparative testing,چشیدن توسطِ چند نفر بدونِ دانستنِ نامِ نمونه.
klink_chocolate_tempering_isced_f_2013_0531_0,spec_chocolate_tempering,kc_isced_0531,draws_on,چندشکلیِ بلورِ کره‌ی کاکائو,cocoa butter polymorphism,فقط بلورِ نوعِ پنجم شکلاتِ براق و ترد می‌دهد.
klink_chocolate_tempering_isced_f_2013_0533_1,spec_chocolate_tempering,kc_isced_0533,draws_on,منحنیِ دما و انتقالِ گرما,temperature curves and heat transfer,یکی دو درجه اختلاف تمپر را خراب می‌کند.
klink_chocolate_moulding_isced_f_2013_0533_0,spec_chocolate_moulding,kc_isced_0533,draws_on,جمع‌شدن با سرما,thermal contraction,شکلاتِ درست تمپرشده هنگامِ سردشدن از قالب جدا می‌شود.
klink_chocolate_moulding_isced_f_2013_0214_1,spec_chocolate_moulding,kc_isced_0214,draws_on,هنرِ قالب‌گیری,mould craft,پوسته‌ی نازک و یکنواخت کارِ دست است.
klink_sugar_cooking_stages_isced_f_2013_0531_0,spec_sugar_cooking_stages,kc_isced_0531,draws_on,غلظتِ قند و بلوری‌شدن,sugar concentration and crystallisation,کمی گلوکز یا آبلیمو جلوی شکرک‌زدن را می‌گیرد.
klink_sugar_cooking_stages_isced_f_2013_0533_1,spec_sugar_cooking_stages,kc_isced_0533,draws_on,بالارفتنِ نقطه‌ی جوش,boiling point elevation,با کم‌شدنِ آب دمای جوشِ شربت بالا می‌رود.
klink_pulled_blown_sugar_isced_f_2013_0531_0,spec_pulled_blown_sugar,kc_isced_0531,draws_on,شیشه‌ی بی‌شکلِ شکر,amorphous sugar glass,شکرِ داغِ سردشده بی‌بلور می‌ماند و مثل شیشه کار می‌شود.
klink_pulled_blown_sugar_isced_f_2013_0214_1,spec_pulled_blown_sugar,kc_isced_0214,draws_on,هنرِ دستیِ شبیهِ شیشه‌گری,glass-like handcraft,روشِ دمیدن مثلِ شیشه‌گری است.
klink_pulled_blown_sugar_isced_f_2013_1022_2,spec_pulled_blown_sugar,kc_isced_1022,draws_on,پیشگیری از سوختگی با شکرِ داغ,burn prevention with hot sugar,شکرِ داغ به پوست می‌چسبد و سوختگیِ عمیق می‌دهد.
klink_candy_making_isced_f_2013_0531_0,spec_candy_making,kc_isced_0531,draws_on,شیمیِ شکر و ژل,sugar and gel chemistry,قوامِ شربت سفتی و جویدنیِ آب‌نبات را تعیین می‌کند.
klink_candy_making_isced_f_2013_0721_1,spec_candy_making,kc_isced_0721,draws_on,فراوریِ فرآورده‌های قنادی,confectionery processing,رطوبتِ کم ماندگاری را بالا می‌برد.
klink_saffron_and_aromatics_isced_f_2013_0531_0,spec_saffron_and_aromatics,kc_isced_0531,draws_on,ترکیب‌های رنگ و عطرِ محلول در آب,water-soluble colour and aroma compounds,کروسین رنگ و سافرانال عطرِ زعفران است و گرمای زیاد عطر را می‌پراند.
klink_saffron_and_aromatics_isced_f_2013_0811_1,spec_saffron_and_aromatics,kc_isced_0811,draws_on,زعفران به عنوانِ محصولِ کشاورزی,saffron as a crop,کیفیتِ زعفران به نوعِ رشته و برداشت بستگی دارد.
klink_syrup_soaking_isced_f_2013_0533_0,spec_syrup_soaking,kc_isced_0533,draws_on,اختلافِ دما و پخش‌شدن,temperature difference and diffusion,قاعده‌ی رایج: شیرینیِ داغ با شربتِ سرد، یا برعکس.
klink_syrup_soaking_isced_f_2013_0531_1,spec_syrup_soaking,kc_isced_0531,draws_on,اسمز و غلظتِ قند,osmosis and sugar concentration,شربتِ خیلی غلیظ به درونِ شیرینی نفوذ نمی‌کند.
klink_baklava_phyllo_isced_f_2013_0721_0,spec_baklava_phyllo,kc_isced_0721,draws_on,فراوریِ خمیرِ ورقه‌ای,thin sheet dough processing,لایه‌ها باید پیش از پخت برش بخورند.
klink_baklava_phyllo_isced_f_2013_0533_1,spec_baklava_phyllo,kc_isced_0533,draws_on,نفوذِ گرما در شیرینیِ لایه‌ای,heat penetration in layered pastry,زیرِ باقلوا دیرتر از رویش می‌پزد.
klink_sohan_cooking_isced_f_2013_0512_0,spec_sohan_cooking,kc_isced_0512,draws_on,آنزیم‌های جوانه و شکستنِ نشاسته,malt enzymes and starch breakdown,آمیلازِ جوانه‌ی گندم نشاسته را به قند تبدیل می‌کند.
klink_sohan_cooking_isced_f_2013_0531_1,spec_sohan_cooking,kc_isced_0531,draws_on,کاراملی‌شدن و قهوه‌ای‌شدن,caramelisation and Maillard browning,رنگ و طعمِ سوهان از پختِ آرامِ قند و کره است.
klink_gaz_making_isced_f_2013_0531_0,spec_gaz_making,kc_isced_0531,draws_on,کفِ پروتئینی پایدار با شربتِ داغ,protein foam stabilised by hot syrup,شربتِ داغ سفیده را می‌پزد و کف را سفت می‌کند.
klink_gaz_making_isced_f_2013_0511_1,spec_gaz_making,kc_isced_0511,draws_on,انگبین از حشره روی درختِ گز,manna from insects on tamarisk,گزانگبینِ اصل شیره‌ای است که حشره‌ای روی درختچه‌ی گز می‌سازد.
klink_zoolbia_bamieh_frying_isced_f_2013_0533_0,spec_zoolbia_bamieh_frying,kc_isced_0533,draws_on,دمای روغن و انتقالِ گرما,oil temperature and heat transfer,روغنِ سرد شیرینی را چرب و روغنِ خیلی داغ بیرون را سوخته و درون را خام می‌کند.
klink_zoolbia_bamieh_frying_isced_f_2013_0531_1,spec_zoolbia_bamieh_frying,kc_isced_0531,draws_on,اکسایشِ روغنِ سرخ‌کردنی,frying oil oxidation,روغنِ کهنه تیره و بدبو می‌شود و باید عوض شود.
klink_zoolbia_bamieh_frying_isced_f_2013_1022_2,spec_zoolbia_bamieh_frying,kc_isced_1022,draws_on,پیشگیری از سوختگی و آتشِ روغن,hot oil burn and fire prevention,روی روغنِ آتش‌گرفته هرگز آب نمی‌ریزد.
klink_rice_flour_and_chickpea_cookies_isced_f_2013_0531_0,spec_rice_flour_and_chickpea_cookies,kc_isced_0531,draws_on,ساختارِ نشاسته‌ایِ بدونِ گلوتن,gluten-free starch structures,آردِ برنج و نخود گلوتن ندارد و شیرینی ترد و پودری می‌شود.
klink_rice_flour_and_chickpea_cookies_isced_f_2013_0533_1,spec_rice_flour_and_chickpea_cookies,kc_isced_0533,draws_on,پخت در دمای پایین,low-temperature baking,نان‌برنجی نباید رنگ بگیرد.
klink_regional_sweets_techniques_isced_f_2013_0721_0,spec_regional_sweets_techniques,kc_isced_0721,draws_on,فراوریِ شیرینیِ سنتی,traditional confectionery processing,هر شیرینی دما، چربی و روشِ پختِ خودش را دارد.
klink_regional_sweets_techniques_isced_f_2013_0314_1,spec_regional_sweets_techniques,kc_isced_0314,draws_on,میراث و فرهنگِ خوراک,food heritage and culture,شیرینیِ محلی با مراسم و آیین‌های هر منطقه گره خورده است.
klink_pashmak_and_noghl_isced_f_2013_0531_0,spec_pashmak_and_noghl,kc_isced_0531,draws_on,بلوری‌شدنِ کنترل‌شده‌ی شکر,controlled sugar crystallisation,نبات از سردشدنِ آرامِ شربتِ فراسیرشده بلور می‌بندد.
klink_pashmak_and_noghl_isced_f_2013_0533_1,spec_pashmak_and_noghl,kc_isced_0533,draws_on,پوشش‌دادن با چرخش در دیگ,pan coating by rotation,چرخشِ پیوسته لایه‌های نازک و یکنواختِ شکر می‌سازد.
klink_nut_preparation_isced_f_2013_0511_0,spec_nut_preparation,kc_isced_0511,draws_on,کپک‌های سازنده‌ی آفلاتوکسین,aflatoxin-producing moulds,پسته‌ی کپک‌زده سمِ خطرناک دارد و باید دور ریخته شود.
klink_nut_preparation_isced_f_2013_0531_1,spec_nut_preparation,kc_isced_0531,draws_on,اکسایشِ چربی و تندشدن,lipid oxidation and rancidity,مغزِ بوداده در هوا و گرما زودتر تند می‌شود.
klink_traditional_dessert_cooking_isced_f_2013_0531_0,spec_traditional_dessert_cooking,kc_isced_0531,draws_on,ژلاتینی‌شدن و غلیظ‌شدنِ نشاسته,starch gelatinisation and thickening,نشاسته در آب داغ باد می‌کند و دسر را می‌بندد.
klink_traditional_dessert_cooking_isced_f_2013_0314_1,spec_traditional_dessert_cooking,kc_isced_0314,draws_on,خوراک در آیین‌ها و مراسم,food in rituals and ceremonies,شله‌زرد و حلوا در نذر و مراسم جایگاهِ ویژه دارند.
klink_ice_cream_mix_formulation_isced_f_2013_0541_0,spec_ice_cream_mix_formulation,kc_isced_0541,draws_on,محاسبه‌ی تعادلِ وزنی,weighted balance calculations,مجموعِ درصدِ چربی، قند و جامد در بازه‌ی هدف تنظیم می‌شود.
klink_ice_cream_mix_formulation_isced_f_2013_0531_1,spec_ice_cream_mix_formulation,kc_isced_0531,draws_on,پایین‌آمدنِ نقطه‌ی انجماد با قند,freezing point depression by sugars,قندِ بیشتر بستنی را نرم‌تر ولی دیر‌سفت‌تر می‌کند.
klink_mix_pasteurisation_isced_f_2013_0511_0,spec_mix_pasteurisation,kc_isced_0511,draws_on,کاهشِ میکروبِ بیماری‌زا با گرما,pathogen reduction by heat,شیر و تخم‌مرغِ خام در بستنی خطرِ سالمونلا و لیستریا دارند.
klink_mix_pasteurisation_isced_f_2013_0721_1,spec_mix_pasteurisation,kc_isced_0721,draws_on,فراوریِ لبنیات,dairy processing,سردکردنِ سریع مانعِ رشدِ دوباره‌ی باکتری است.
klink_ice_cream_churning_isced_f_2013_0533_0,spec_ice_cream_churning,kc_isced_0533,draws_on,گرماگیری و اندازه‌ی بلورِ یخ,heat extraction and ice crystal size,انجمادِ سریع بلورِ ریز و بافتِ نرم می‌دهد.
klink_ice_cream_churning_isced_f_2013_0531_1,spec_ice_cream_churning,kc_isced_0531,draws_on,ناپایدارشدنِ چربی و ورودِ هوا,fat destabilisation and air incorporation,چربی دورِ حباب‌های هوا شبکه می‌سازد.
klink_ice_cream_hardening_storage_isced_f_2013_0533_0,spec_ice_cream_hardening_storage,kc_isced_0533,draws_on,شوکِ دمایی و بلوری‌شدنِ دوباره,heat shock and recrystallisation,هر بار نیمه‌ذوب و انجماد بلورها را درشت‌تر و بافت را زبر می‌کند.
klink_ice_cream_hardening_storage_isced_f_2013_0511_1,spec_ice_cream_hardening_storage,kc_isced_0511,draws_on,لیستریا در تجهیزاتِ بستنی,listeria in frozen dessert equipment,آبِ قاشق‌شور باید روان و تمیز باشد.
klink_traditional_ice_cream_making_isced_f_2013_0531_0,spec_traditional_ice_cream_making,kc_isced_0531,draws_on,آب‌دوستِ گلوکومانانِ ثعلب,salep glucomannan hydrocolloid,ثعلب از غده‌ی گیاهِ ثعلب است و بستنی را کش‌دار می‌کند.
klink_traditional_ice_cream_making_isced_f_2013_0533_1,spec_traditional_ice_cream_making,kc_isced_0533,draws_on,انجماد و بافت,freezing and texture,خامه‌ی یخ‌زده‌ی جداگانه تکه‌های ترد در بستنی می‌سازد.
klink_faloodeh_making_isced_f_2013_0531_0,spec_faloodeh_making,kc_isced_0531,draws_on,رشته‌ی ژلِ نشاسته,starch gel noodles,خمیرِ نشاسته‌ی پخته در آبِ سرد رشته‌ی سفت می‌شود.
klink_faloodeh_making_isced_f_2013_0533_1,spec_faloodeh_making,kc_isced_0533,draws_on,انجمادِ نیمه‌کاملِ شربت,partial freezing of syrup,شربتِ قندی دیرتر از آب یخ می‌زند.
klink_ice_cream_machine_care_isced_f_2013_0721_0,spec_ice_cream_machine_care,kc_isced_0721,draws_on,شست‌وشوی درجا در تجهیزاتِ لبنی,cleaning-in-place for dairy equipment,مانده‌ی شیر در قطعات بستری برای میکروب است.
klink_ice_cream_machine_care_isced_f_2013_0533_1,spec_ice_cream_machine_care,kc_isced_0533,draws_on,مبانیِ چرخه‌ی سرمایش,refrigeration cycle basics,کندانسورِ گردگرفته دستگاه را از سرما می‌اندازد.
klink_crepe_waffle_cooking_isced_f_2013_0533_0,spec_crepe_waffle_cooking,kc_isced_0533,draws_on,رسانشِ گرما با تماس,contact heat conduction,صفحه‌ی کم‌گرم کرپ را خشک و صفحه‌ی داغ آن را سوخته می‌کند.
klink_bakery_display_merchandising_isced_f_2013_0416_0,spec_bakery_display_merchandising,kc_isced_0416,draws_on,چیدمانِ فروش,visual merchandising,محصولِ پرفروش در دیدرس و محصولِ قدیمی‌تر جلوتر.
klink_bakery_display_merchandising_isced_f_2013_0212_1,spec_bakery_display_merchandising,kc_isced_0212,draws_on,طراحیِ نمایشِ دیداری,visual display design,رنگ و ارتفاع نگاهِ مشتری را هدایت می‌کنند.
klink_bakery_product_knowledge_isced_f_2013_0416_0,spec_bakery_product_knowledge,kc_isced_0416,draws_on,شناختِ کالا در فروش,product knowledge in retail sales,مشتریِ راهنمایی‌شده با اطمینان خرید می‌کند.
klink_bakery_product_knowledge_isced_f_2013_1013_1,spec_bakery_product_knowledge,kc_isced_1013,draws_on,خدماتِ میزبانی,hospitality service,گفتنِ حساسیت‌زا بخشی از مهمان‌نوازی است.
klink_cake_order_consultation_isced_f_2013_0416_0,spec_cake_order_consultation,kc_isced_0416,draws_on,فروشِ مشاوره‌ای,consultative selling,پرسیدنِ تعدادِ مهمان اندازه‌ی درستِ کیک را معلوم می‌کند.
klink_cake_order_consultation_isced_f_2013_0541_1,spec_cake_order_consultation,kc_isced_0541,draws_on,محاسبه‌ی سهم و قیمت,portion and price calculation,هر کیلو کیک حدودِ چند برشِ مشخص است.
klink_pastry_box_packing_isced_f_2013_0721_0,spec_pastry_box_packing,kc_isced_0721,draws_on,بسته‌بندیِ غذا,food packaging,نانِ گرم در کیسه عرق و کپک می‌کند.
klink_pastry_box_packing_isced_f_2013_0722_1,spec_pastry_box_packing,kc_isced_0722,draws_on,موادِ بسته‌بندی,packaging materials,کاغذِ روغنی، مقوا و پلاستیکِ خوراکی هر کدام کاربردِ خود را دارند.
klink_bakery_packaging_machine_isced_f_2013_0714_0,spec_bakery_packaging_machine,kc_isced_0714,draws_on,خودکارسازیِ بسته‌بندی,packaging automation,حسگرها بسته‌ی خالی یا باز را تشخیص می‌دهند.
klink_bakery_packaging_machine_isced_f_2013_0715_1,spec_bakery_packaging_machine,kc_isced_0715,draws_on,تنظیمِ مکانیکیِ دستگاه,machine setting and adjustment,دمای دوختِ کیسه باید با جنسِ آن جور باشد.
klink_bakery_quality_inspection_isced_f_2013_0721_0,spec_bakery_quality_inspection,kc_isced_0721,draws_on,استانداردهای کیفیتِ غذا,food quality standards,هر محصول مشخصاتِ قابلِ اندازه‌گیری دارد.
klink_bakery_quality_inspection_isced_f_2013_0542_1,spec_bakery_quality_inspection,kc_isced_0542,draws_on,نمونه‌گیری و نمودارِ کنترل,sampling and control charts,روندِ تدریجیِ وزن زودتر از خطای بزرگ دیده می‌شود.
klink_sensory_evaluation_isced_f_2013_0721_0,spec_sensory_evaluation,kc_isced_0721,draws_on,تحلیلِ حسیِ غذا,sensory analysis of food,آزمونِ بی‌نام از پیش‌داوری دوری می‌کند.
klink_sensory_evaluation_isced_f_2013_0542_1,spec_sensory_evaluation,kc_isced_0542,draws_on,امتیازدهی و آمار,scoring and statistics,میانگینِ چند نفر از نظرِ یک نفر معتبرتر است.
klink_bakery_production_planning_isced_f_2013_0413_0,spec_bakery_production_planning,kc_isced_0413,draws_on,برنامه‌ریزیِ عملیات,operations planning,ترتیبِ درستِ فر زمان و انرژی را کم می‌کند.
klink_bakery_production_planning_isced_f_2013_0542_1,spec_bakery_production_planning,kc_isced_0542,draws_on,پیش‌بینیِ تقاضا,demand forecasting,فروشِ هم‌روزِ هفته‌ی قبل راهنمای خوبی است.
klink_barista_trainee_isco_5246,spec_barista_trainee,kc_isco_5246,classified_as,,,
klink_barista_trainee_isco_5132,spec_barista_trainee,kc_isco_5132,classified_as,,,
klink_barista_isco_5132,spec_barista,kc_isco_5132,classified_as,,,
klink_barista_isco_5246,spec_barista,kc_isco_5246,classified_as,,,
klink_senior_barista_isco_5132,spec_senior_barista,kc_isco_5132,classified_as,,,
klink_head_barista_isco_5132,spec_head_barista,kc_isco_5132,classified_as,,,
klink_head_barista_isco_1412,spec_head_barista,kc_isco_1412,classified_as,,,
klink_bar_supervisor_isco_5132,spec_bar_supervisor,kc_isco_5132,classified_as,,,
klink_bar_supervisor_isco_1412,spec_bar_supervisor,kc_isco_1412,classified_as,,,
klink_brew_bar_barista_isco_5132,spec_brew_bar_barista,kc_isco_5132,classified_as,,,
klink_non_alcoholic_mixologist_isco_5132,spec_non_alcoholic_mixologist,kc_isco_5132,classified_as,,,
klink_soda_fountain_attendant_isco_5246,spec_soda_fountain_attendant,kc_isco_5246,classified_as,,,
klink_bar_back_isco_5132,spec_bar_back,kc_isco_5132,classified_as,,,
klink_bar_back_isco_9412,spec_bar_back,kc_isco_9412,classified_as,,,
klink_beverage_runner_isco_5131,spec_beverage_runner,kc_isco_5131,classified_as,,,
klink_beverage_manager_isco_1412,spec_beverage_manager,kc_isco_1412,classified_as,,,
klink_coffee_cart_operator_isco_5212,spec_coffee_cart_operator,kc_isco_5212,classified_as,,,
klink_coffee_cart_operator_isco_5132,spec_coffee_cart_operator,kc_isco_5132,classified_as,,,
klink_breakfast_beverage_attendant_isco_5246,spec_breakfast_beverage_attendant,kc_isco_5246,classified_as,,,
klink_coffee_vending_attendant_isco_9623,spec_coffee_vending_attendant,kc_isco_9623,classified_as,,,
klink_coffee_vending_attendant_isco_5246,spec_coffee_vending_attendant,kc_isco_5246,classified_as,,,
klink_beverage_menu_developer_isco_5132,spec_beverage_menu_developer,kc_isco_5132,classified_as,,,
klink_coffee_trainer_isco_2320,spec_coffee_trainer,kc_isco_2320,classified_as,,,
klink_specialty_coffee_consultant_isco_2421,spec_specialty_coffee_consultant,kc_isco_2421,classified_as,,,
klink_gahwa_maker_isco_5246,spec_gahwa_maker,kc_isco_5246,classified_as,,,
klink_gahwa_maker_isco_5132,spec_gahwa_maker,kc_isco_5132,classified_as,,,
klink_coffee_tea_retail_specialist_isco_5223,spec_coffee_tea_retail_specialist,kc_isco_5223,classified_as,,,
klink_roastery_assistant_isco_9329,spec_roastery_assistant,kc_isco_9329,classified_as,,,
klink_coffee_roaster_isco_8160,spec_coffee_roaster,kc_isco_8160,classified_as,,,
klink_coffee_roaster_isco_7515,spec_coffee_roaster,kc_isco_7515,classified_as,,,
klink_roastery_operator_isco_8160,spec_roastery_operator,kc_isco_8160,classified_as,,,
klink_head_roaster_isco_3122,spec_head_roaster,kc_isco_3122,classified_as,,,
klink_head_roaster_isco_7515,spec_head_roaster,kc_isco_7515,classified_as,,,
klink_green_coffee_buyer_isco_3323,spec_green_coffee_buyer,kc_isco_3323,classified_as,,,
klink_green_coffee_buyer_isco_3324,spec_green_coffee_buyer,kc_isco_3324,classified_as,,,
klink_q_grader_isco_7515,spec_q_grader,kc_isco_7515,classified_as,,,
klink_coffee_quality_controller_isco_7515,spec_coffee_quality_controller,kc_isco_7515,classified_as,,,
klink_coffee_packaging_operator_isco_8183,spec_coffee_packaging_operator,kc_isco_8183,classified_as,,,
klink_coffee_brand_ambassador_isco_3322,spec_coffee_brand_ambassador,kc_isco_3322,classified_as,,,
klink_coffee_brand_ambassador_isco_5242,spec_coffee_brand_ambassador,kc_isco_5242,classified_as,,,
klink_teahouse_attendant_isco_5246,spec_teahouse_attendant,kc_isco_5246,classified_as,,,
klink_samovar_keeper_isco_5246,spec_samovar_keeper,kc_isco_5246,classified_as,,,
klink_sofrekhaneh_service_isco_5131,spec_sofrekhaneh_service,kc_isco_5131,classified_as,,,
klink_teahouse_manager_isco_1412,spec_teahouse_manager,kc_isco_1412,classified_as,,,
klink_hookah_attendant_isco_5246,spec_hookah_attendant,kc_isco_5246,classified_as,,,
klink_tea_master_isco_5132,spec_tea_master,kc_isco_5132,classified_as,,,
klink_tea_master_isco_7515,spec_tea_master,kc_isco_7515,classified_as,,,
klink_tea_bar_attendant_isco_5246,spec_tea_bar_attendant,kc_isco_5246,classified_as,,,
klink_tea_taster_isco_7515,spec_tea_taster,kc_isco_7515,classified_as,,,
klink_tea_blender_isco_8160,spec_tea_blender,kc_isco_8160,classified_as,,,
klink_tea_blender_isco_7515,spec_tea_blender,kc_isco_7515,classified_as,,,
klink_tea_processing_operator_isco_8160,spec_tea_processing_operator,kc_isco_8160,classified_as,,,
klink_juice_bar_attendant_isco_5246,spec_juice_bar_attendant,kc_isco_5246,classified_as,,,
klink_juice_ice_cream_attendant_isco_5246,spec_juice_ice_cream_attendant,kc_isco_5246,classified_as,,,
klink_traditional_drinks_maker_isco_5246,spec_traditional_drinks_maker,kc_isco_5246,classified_as,,,
klink_traditional_drinks_maker_isco_7514,spec_traditional_drinks_maker,kc_isco_7514,classified_as,,,
klink_juice_bar_supervisor_isco_5246,spec_juice_bar_supervisor,kc_isco_5246,classified_as,,,
klink_juice_bar_supervisor_isco_1412,spec_juice_bar_supervisor,kc_isco_1412,classified_as,,,
klink_herbal_distillate_maker_isco_8160,spec_herbal_distillate_maker,kc_isco_8160,classified_as,,,
klink_malt_beverage_brewer_isco_8160,spec_malt_beverage_brewer,kc_isco_8160,classified_as,,,
klink_bartender_isco_5132,spec_bartender,kc_isco_5132,classified_as,,,
klink_head_bartender_isco_5132,spec_head_bartender,kc_isco_5132,classified_as,,,
klink_head_bartender_isco_1412,spec_head_bartender,kc_isco_1412,classified_as,,,
klink_sommelier_isco_5131,spec_sommelier,kc_isco_5131,classified_as,,,
klink_cellar_master_isco_5131,spec_cellar_master,kc_isco_5131,classified_as,,,
klink_cellar_master_isco_1412,spec_cellar_master,kc_isco_1412,classified_as,,,
klink_brewer_isco_8160,spec_brewer,kc_isco_8160,classified_as,,,
klink_distiller_isco_8160,spec_distiller,kc_isco_8160,classified_as,,,
klink_extraction_theory_isced_f_2013_0531_0,spec_extraction_theory,kc_isced_0531,draws_on,انحلال‌پذیری و سرعتِ حل‌شدن,solubility and dissolution kinetics,ترکیب‌های اسیدی زودتر و ترکیب‌های تلخ دیرتر در آب حل می‌شوند.
klink_extraction_theory_isced_f_2013_0533_1,spec_extraction_theory,kc_isced_0533,draws_on,جریانِ سیال در بسترِ متخلخل,fluid flow through a porous bed,آب از لایهٔ فشردهٔ قهوه می‌گذرد و درشتیِ ذرات سرعتِ جریان را تعیین می‌کند.
klink_extraction_theory_isced_f_2013_0541_2,spec_extraction_theory,kc_isced_0541,draws_on,نسبت و درصد,ratios and percentages,نسبتِ دم و درصدِ عصاره با حسابِ ساده به‌دست می‌آید.
klink_coffee_drink_recipes_isced_f_2013_1013_0,spec_coffee_drink_recipes,kc_isced_1013,draws_on,دستورِ استانداردِ نوشیدنی,standardised beverage recipes,هر نوشیدنی نسبت و حجمِ مشخص دارد تا هر بار همان طعم را بدهد.
klink_milk_science_isced_f_2013_0512_0,spec_milk_science,kc_isced_0512,draws_on,پروتئین‌های شیر و واسرشت‌شدن,milk proteins and denaturation,پروتئینِ آبِ پنیر در حدودِ ۶۵ درجه کفِ پایدار می‌سازد و در گرمای زیاد از هم می‌پاشد.
klink_milk_science_isced_f_2013_0721_1,spec_milk_science,kc_isced_0721,draws_on,فرآوریِ شیر و شیرهای گیاهی,dairy and plant-based milk processing,هموژنیزه‌کردن و افزودنیِ شیرهای باریستایی رفتارِ کف را عوض می‌کند.
klink_milk_science_isced_f_2013_0533_2,spec_milk_science,kc_isced_0533,draws_on,انتقالِ گرما و بخار,heat transfer and steam,بخارِ داغ هم گرم می‌کند و هم هوا را به شیر می‌راند.
klink_cold_brew_isced_f_2013_0531_0,spec_cold_brew,kc_isced_0531,draws_on,وابستگیِ عصاره‌گیری به دما,temperature dependence of extraction,در آبِ سرد ترکیب‌های کم‌تری حل می‌شود، پس زمانِ دم بسیار بلندتر است.
klink_cold_brew_isced_f_2013_0721_1,spec_cold_brew,kc_isced_0721,draws_on,ماندگاریِ نوشیدنیِ آماده,shelf life of ready-to-drink beverages,قهوهٔ سرددم کم‌اسید است و اگر سرد نماند، میکروب در آن رشد می‌کند.
klink_batch_brew_isced_f_2013_0533_0,spec_batch_brew,kc_isced_0533,draws_on,نگه‌داشتنِ گرما و عایقِ حرارتی,heat retention and thermal insulation,قهوه روی صفحهٔ داغ زود تلخ می‌شود و در مخزنِ عایق بهتر می‌ماند.
klink_batch_brew_isced_f_2013_1013_1,spec_batch_brew,kc_isced_1013,draws_on,سرو نوشیدنی در حجمِ زیاد,volume beverage service,برای مهمانِ زیاد باید پیش از اوجِ کار آماده بود.
klink_turkish_coffee_isced_f_2013_0533_0,spec_turkish_coffee,kc_isced_0533,draws_on,نقطهٔ جوش و تشکیلِ کف,boiling point and foam formation,قهوه باید پیش از جوشیدنِ کامل از روی آتش برداشته شود تا کفش بماند.
klink_turkish_coffee_isced_f_2013_0314_1,spec_turkish_coffee,kc_isced_0314,draws_on,فرهنگ و آدابِ قهوه,coffee culture and customs,قهوهٔ ترک در ایران و منطقه آداب و پذیراییِ خودش را دارد.
klink_arabic_coffee_gahwa_isced_f_2013_0314_0,spec_arabic_coffee_gahwa,kc_isced_0314,draws_on,سنت‌های پذیراییِ منطقه‌ای,regional hospitality traditions,قهوه در جنوبِ ایران نشانِ خوشامدگویی است و ترتیبِ ریختنش آداب دارد.
klink_arabic_coffee_gahwa_isced_f_2013_0531_1,spec_arabic_coffee_gahwa,kc_isced_0531,draws_on,ترکیب‌های معطرِ ادویه,aroma compounds of spices,روغن‌های فرّارِ هل در جوشیدنِ طولانی از دست می‌روند.
klink_coffee_origins_processing_isced_f_2013_0811_0,spec_coffee_origins_processing,kc_isced_0811,draws_on,کشت و واریته‌های قهوه,coffee cultivation and varieties,ارتفاع، خاک و واریته بر چگالیِ دانه و طعم اثر دارند.
klink_coffee_origins_processing_isced_f_2013_0512_1,spec_coffee_origins_processing,kc_isced_0512,draws_on,تخمیر در فرآوریِ پس از برداشت,fermentation during post-harvest processing,در فرآوریِ طبیعی و عسلی، قند میوه با تخمیر طعمِ میوه‌ای‌تر می‌دهد.
klink_coffee_origins_processing_isced_f_2013_0532_2,spec_coffee_origins_processing,kc_isced_0532,draws_on,اقلیم و ارتفاع,climate and altitude,دمای خنک‌ترِ ارتفاع رسیدنِ میوه را کُند و دانه را سفت‌تر می‌کند.
klink_coffee_storage_freshness_isced_f_2013_0531_0,spec_coffee_storage_freshness,kc_isced_0531,draws_on,اکسایشِ ترکیب‌های معطر,oxidation of aroma compounds,اکسیژن روغن‌ها و عطرِ قهوه را کهنه می‌کند.
klink_coffee_storage_freshness_isced_f_2013_0721_1,spec_coffee_storage_freshness,kc_isced_0721,draws_on,بسته‌بندی و ماندگاری,packaging and shelf life,بستهٔ بی‌هوا با دریچهٔ یک‌طرفه تازگی را طولانی‌تر می‌کند.
klink_chocolate_drinks_isced_f_2013_0531_0,spec_chocolate_drinks,kc_isced_0531,draws_on,امولسیون و رفتارِ چربیِ کاکائو,emulsions and fat crystallisation,کرهٔ کاکائو باید آرام در شیرِ گرم پخش شود تا دانه‌دانه نشود.
klink_cupping_protocol_isced_f_2013_0313_0,spec_cupping_protocol,kc_isced_0313,draws_on,روشِ کنترل‌شدهٔ ارزیابیِ حسی,controlled sensory methodology,شرایطِ یکسان خطای ذهنی را کم می‌کند.
klink_cupping_protocol_isced_f_2013_0542_1,spec_cupping_protocol,kc_isced_0542,draws_on,امتیازدهی و هم‌سنجیِ ارزیاب‌ها,scoring and inter-rater calibration,امتیازهای چند ارزیاب باید به هم نزدیک باشد.
klink_cupping_protocol_isced_f_2013_0721_2,spec_cupping_protocol,kc_isced_0721,draws_on,درجه‌بندیِ کیفیِ محصولِ غذایی,quality grading of food products,امتیاز تعیین می‌کند قهوه در کدام ردهٔ کیفیت فروخته شود.
klink_green_coffee_grading_isced_f_2013_0721_0,spec_green_coffee_grading,kc_isced_0721,draws_on,استانداردهای درجه‌بندیِ کالای کشاورزی,grading standards for agricultural commodities,تعدادِ عیب در ۳۵۰ گرم نمونه درجهٔ قهوه را تعیین می‌کند.
klink_green_coffee_grading_isced_f_2013_0533_1,spec_green_coffee_grading,kc_isced_0533,draws_on,اندازه‌گیریِ رطوبت و چگالی,moisture and density measurement,رطوبتِ حدودِ ۱۰ تا ۱۲ درصد برای انبار و برشته‌کاری مناسب است.
klink_green_coffee_grading_isced_f_2013_0511_2,spec_green_coffee_grading,kc_isced_0511,draws_on,آفت‌ها و آلودگیِ قارچیِ گیاه,plant pests and fungal defects,سوسکِ برمهٔ قهوه و کپک عیب‌های شناخته‌شده‌اند.
klink_green_coffee_trade_isced_f_2013_0416_0,spec_green_coffee_trade,kc_isced_0416,draws_on,بازرگانیِ عمده‌فروشیِ بین‌المللی,international wholesale trade,شرایطِ تحویل مشخص می‌کند خطرِ بار در هر مرحله با کیست.
klink_green_coffee_trade_isced_f_2013_0412_1,spec_green_coffee_trade,kc_isced_0412,draws_on,قیمتِ کالای بورسی و خطرِ ارز,commodity prices and currency risk,قیمتِ قهوه با بازارِ جهانی و نرخِ ارز تغییر می‌کند.
klink_green_coffee_trade_isced_f_2013_0811_2,spec_green_coffee_trade,kc_isced_0811,draws_on,اقتصادِ مزرعهٔ قهوه,coffee farm economics,قیمتِ منصفانه به کشاورز کیفیت را در سال‌های بعد هم حفظ می‌کند.
klink_green_coffee_storage_isced_f_2013_0533_0,spec_green_coffee_storage,kc_isced_0533,draws_on,رطوبتِ هوا و رطوبتِ تعادلی,humidity and equilibrium moisture,دانه با هوای مرطوب آب می‌گیرد و با هوای خشک آب از دست می‌دهد.
klink_green_coffee_storage_isced_f_2013_0511_1,spec_green_coffee_storage,kc_isced_0511,draws_on,شرایطِ رشدِ کپک,mould growth conditions,رطوبتِ زیاد خطرِ کپک و سمِ اُکراتوکسین را بالا می‌برد.
klink_roast_profiling_isced_f_2013_0531_0,spec_roast_profiling,kc_isced_0531,draws_on,واکنشِ مِیلارد و کاراملی‌شدن,Maillard reaction and caramelisation,قند و آمینواسید در گرما صدها ترکیبِ رنگ و عطر می‌سازند.
klink_roast_profiling_isced_f_2013_0533_1,spec_roast_profiling,kc_isced_0533,draws_on,انتقالِ گرما با رسانش، همرفت و تابش,"heat transfer by conduction, convection and radiation",نسبتِ هوای داغ و تماس با دیگ رفتارِ برشته‌شدن را عوض می‌کند.
klink_roast_profiling_isced_f_2013_0711_2,spec_roast_profiling,kc_isced_0711,draws_on,کنترلِ فرایندهای حرارتی,process control of thermal processes,منحنیِ دما یک فرایندِ کنترل‌شده است که باید تکرارپذیر باشد.
klink_roaster_operation_isced_f_2013_0715_0,spec_roaster_operation,kc_isced_0715,draws_on,ماشین‌آلاتِ دیگِ گردان,rotating drum machinery,یاتاقان، تسمه و موتور باید سالم و روان باشند.
klink_roaster_operation_isced_f_2013_0713_1,spec_roaster_operation,kc_isced_0713,draws_on,مشعلِ گازی و سوختن,gas burners and combustion,تنظیمِ شعله و هوای سوختن بر گرمای دیگ و ایمنی اثر دارد.
klink_roaster_operation_isced_f_2013_0721_2,spec_roaster_operation,kc_isced_0721,draws_on,تجهیزاتِ فرآوریِ حرارتیِ غذا,thermal food processing equipment,دستگاه یک خطِ فرآوریِ غذایی است و قواعدِ بهداشتی دارد.
klink_roast_logging_software_isced_f_2013_0611_0,spec_roast_logging_software,kc_isced_0611,draws_on,کار با نرم‌افزارِ ثبتِ داده,using data-logging software,داده‌های ثبت‌شده تکرارِ یک برشته‌کاریِ خوب را ممکن می‌کند.
klink_roast_logging_software_isced_f_2013_0714_1,spec_roast_logging_software,kc_isced_0714,draws_on,حسگرِ دما و دریافتِ داده,temperature sensors and data acquisition,جای ترموکوپل در دستگاه عددی که می‌بینید را عوض می‌کند.
klink_roast_color_analysis_isced_f_2013_0533_0,spec_roast_color_analysis,kc_isced_0533,draws_on,اندازه‌گیریِ بازتابِ نور,optical reflectance measurement,رنگ‌سنج با نورِ مادونِ قرمز میزانِ تیرگی را عدد می‌کند.
klink_roast_color_analysis_isced_f_2013_0531_1,spec_roast_color_analysis,kc_isced_0531,draws_on,کاهشِ جرم و تغییرِ شیمیایی,mass loss and chemical change,آب و گاز در برشته‌کاری از دانه خارج می‌شوند.
klink_coffee_blending_isced_f_2013_0721_0,spec_coffee_blending,kc_isced_0721,draws_on,فرمولاسیونِ محصول,product formulation,درصدِ هر جزء باید مکتوب و قابلِ تکرار باشد.
klink_coffee_blending_isced_f_2013_0541_1,spec_coffee_blending,kc_isced_0541,draws_on,میانگینِ وزنی و ترکیبِ هزینه,weighted averages and cost mixing,قیمتِ هر کیلو ترکیب از درصد و قیمتِ اجزا به‌دست می‌آید.
klink_sample_roasting_isced_f_2013_0721_0,spec_sample_roasting,kc_isced_0721,draws_on,نمونه‌برداریِ کیفی پیش از خرید,quality sampling before purchase,برشته‌کاریِ یکسانِ نمونه‌ها مقایسه را منصفانه می‌کند.
klink_coffee_packaging_degassing_isced_f_2013_0722_0,spec_coffee_packaging_degassing,kc_isced_0722,draws_on,مواد بسته‌بندی و لایه‌های نفوذناپذیر,packaging materials and barrier films,لایهٔ آلومینیومی جلوی ورودِ اکسیژن و رطوبت را می‌گیرد.
klink_coffee_packaging_degassing_isced_f_2013_0531_1,spec_coffee_packaging_degassing,kc_isced_0531,draws_on,آزادشدنِ دی‌اکسیدکربن پس از برشته‌کاری,carbon dioxide release after roasting,قهوهٔ تازه گاز می‌دهد و بستهٔ بی‌دریچه باد می‌کند.
klink_roastery_fire_gas_safety_isced_f_2013_1022_0,spec_roastery_fire_gas_safety,kc_isced_1022,draws_on,پیشگیری از آتش‌سوزی و انفجار,fire and explosion prevention,پوستهٔ خشکِ قهوه زود آتش می‌گیرد و باید مرتب خالی شود.
klink_roastery_fire_gas_safety_isced_f_2013_0713_1,spec_roastery_fire_gas_safety,kc_isced_0713,draws_on,سوختن و سامانه‌های گاز,combustion and gas systems,سوختنِ ناقص مونوکسیدکربنِ بی‌بو می‌سازد.
klink_coffee_tea_import_compliance_isced_f_2013_0421_0,spec_coffee_tea_import_compliance,kc_isced_0421,draws_on,قوانینِ غذا و بازرگانی,food and trade regulation,بدونِ پروانهٔ معتبر نمی‌شود محصولِ بسته‌بندی‌شده را فروخت.
klink_coffee_tea_import_compliance_isced_f_2013_0721_1,spec_coffee_tea_import_compliance,kc_isced_0721,draws_on,استاندارد و برچسب‌گذاریِ غذا,food standards and labelling,برچسب باید تاریخ، ترکیب، وزن و شمارهٔ پروانه را داشته باشد.
klink_coffee_bean_retail_guidance_isced_f_2013_0416_0,spec_coffee_bean_retail_guidance,kc_isced_0416,draws_on,مشاورهٔ فروش و شناختِ کالا,retail advice and product knowledge,فروشِ درست با شناختِ نیازِ خریدار شروع می‌شود.
klink_product_demonstration_isced_f_2013_0414_0,spec_product_demonstration,kc_isced_0414,draws_on,ترویجِ برند,brand promotion,تجربهٔ چشیدن اثرِ ماندگارتری از تبلیغ دارد.
klink_product_demonstration_isced_f_2013_0416_1,spec_product_demonstration,kc_isced_0416,draws_on,فروش به کسب‌وکارها,business-to-business sales,کافه‌ها به ثباتِ کیفیت و پشتیبانی بیش از قیمت اهمیت می‌دهند.
klink_tea_varieties_isced_f_2013_0811_0,spec_tea_varieties,kc_isced_0811,draws_on,کشتِ گیاهِ چای,tea plant cultivation,همهٔ این چای‌ها از یک گیاه‌اند و تفاوتشان از کشت و فرآوری است.
klink_tea_varieties_isced_f_2013_0512_1,spec_tea_varieties,kc_isced_0512,draws_on,پلی‌فنول، کاتچین و کافئین,"polyphenols, catechins and caffeine",آبِ خیلی داغ کاتچینِ چای سبز را زیاد و چای را گس می‌کند.
klink_tea_varieties_isced_f_2013_0533_2,spec_tea_varieties,kc_isced_0533,draws_on,دمای آب و افتِ گرما,water temperature and heat loss,ریختنِ آب از ارتفاع و قوریِ سرد دما را پایین می‌آورد.
klink_persian_tea_service_isced_f_2013_0314_0,spec_persian_tea_service,kc_isced_0314,draws_on,فرهنگِ چای در ایران,Iranian tea culture,چای نخستین پذیراییِ مهمان است و آدابِ خودش را دارد.
klink_persian_tea_service_isced_f_2013_0531_1,spec_persian_tea_service,kc_isced_0531,draws_on,کهنه‌شدن و جوشیدنِ چایِ دم‌کشیده,oxidation and stewing of brewed tea,چایی که ساعت‌ها روی آتش بماند تلخ و تیره می‌شود.
klink_herbal_infusions_isced_f_2013_0917_0,spec_herbal_infusions,kc_isced_0917,draws_on,دانشِ گیاهانِ سنتی,traditional herbal knowledge,شناختِ گیاه برای طعم و ایمنی لازم است، نه برای درمانِ مهمان.
klink_herbal_infusions_isced_f_2013_0511_1,spec_herbal_infusions,kc_isced_0511,draws_on,گیاه‌شناسیِ گیاهانِ معطر,botany of aromatic plants,برخی گیاه‌ها برای باردار یا دارای بیماری مناسب نیستند و باید برچسب داشته باشند.
klink_specialty_tea_brewing_isced_f_2013_0531_0,spec_specialty_tea_brewing,kc_isced_0531,draws_on,دم‌های کوتاهِ پیاپی,repeated short infusions,در هر دم ترکیب‌های متفاوتی از برگ آزاد می‌شود.
klink_specialty_tea_brewing_isced_f_2013_0314_1,spec_specialty_tea_brewing,kc_isced_0314,draws_on,سنت‌های چای در شرقِ آسیا,East Asian tea traditions,آدابِ چای در چین و ژاپن بخشی از تجربهٔ مهمان است.
klink_iced_and_bubble_tea_isced_f_2013_0721_0,spec_iced_and_bubble_tea,kc_isced_0721,draws_on,ژلاتینی‌شدنِ نشاسته و زمانِ نگهداری,starch gelatinisation and holding times,مروارید پس از چند ساعت سفت و از نظرِ بهداشتی پرخطر می‌شود.
klink_tea_tasting_evaluation_isced_f_2013_0313_0,spec_tea_tasting_evaluation,kc_isced_0313,draws_on,داوریِ حسی,sensory judgement,چای‌چش باید حسِ خود را روزانه با نمونهٔ مرجع بسنجد.
klink_tea_tasting_evaluation_isced_f_2013_0721_1,spec_tea_tasting_evaluation,kc_isced_0721,draws_on,استانداردهای درجه‌بندیِ چای,tea grading standards,اندازهٔ برگ و درصدِ ساقه درجهٔ چای را تعیین می‌کند.
klink_tea_blending_isced_f_2013_0721_0,spec_tea_blending,kc_isced_0721,draws_on,ترکیب و ثبتِ سریِ تولید,blending and batch records,هر سری باید قابلِ ردیابی باشد.
klink_tea_blending_isced_f_2013_0531_1,spec_tea_blending,kc_isced_0531,draws_on,ترکیب‌های معطرِ فرّار,volatile aroma compounds,اسانس‌ها در بستهٔ باز زود از دست می‌روند.
klink_tea_processing_isced_f_2013_0512_0,spec_tea_processing,kc_isced_0512,draws_on,اکسایشِ آنزیمیِ پلی‌فنول‌ها,enzymatic oxidation of polyphenols,آنزیمِ برگ در مالش فعال می‌شود و چای سیاه می‌سازد.
klink_tea_processing_isced_f_2013_0721_1,spec_tea_processing,kc_isced_0721,draws_on,خشک‌کردن و فرآوریِ محصولِ گیاهی,drying and processing of plant products,خشک‌کردنِ درست جلوی کپک را می‌گیرد.
klink_tea_processing_isced_f_2013_0811_2,spec_tea_processing,kc_isced_0811,draws_on,برداشتِ چای و کیفیتِ برگ,tea harvesting and leaf quality,برگِ دو و یک (دو برگ و یک جوانه) کیفیتِ بهتری می‌دهد.
klink_samovar_operation_isced_f_2013_0533_0,spec_samovar_operation,kc_isced_0533,draws_on,جوشیدن و انتقالِ گرما,boiling and heat transfer,سماورِ خالی داغ می‌شود و می‌سوزد یا آسیب می‌بیند.
klink_samovar_operation_isced_f_2013_0713_1,spec_samovar_operation,kc_isced_0713,draws_on,گرم‌کن‌های برقی,electric heating elements,المنتِ جرم‌گرفته برق بیشتری می‌خورد و زودتر می‌سوزد.
klink_samovar_operation_isced_f_2013_1022_2,spec_samovar_operation,kc_isced_1022,draws_on,خطرِ سوختگی و مونوکسیدکربن,burn and carbon monoxide hazards,سماورِ زغالی و گازی در فضای بسته به تهویه نیاز دارد.
klink_traditional_teahouse_customs_isced_f_2013_0314_0,spec_traditional_teahouse_customs,kc_isced_0314,draws_on,سنت‌های اجتماعی و فرهنگیِ ایران,Iranian social and cultural traditions,قهوه‌خانه‌ها از دیرباز جای گفت‌وگو، نقالی و دیدار بوده‌اند.
klink_traditional_teahouse_customs_isced_f_2013_1013_1,spec_traditional_teahouse_customs,kc_isced_1013,draws_on,پذیراییِ سنتی,traditional hospitality service,آداب بخشی از چیزی است که مهمان برایش می‌آید.
klink_hookah_preparation_isced_f_2013_1022_0,spec_hookah_preparation,kc_isced_1022,draws_on,تماس با دود و فرآورده‌های سوختن,exposure to smoke and combustion products,کار در فضای پُردود برای خودِ همکار هم خطر دارد.
klink_hookah_preparation_isced_f_2013_0533_1,spec_hookah_preparation,kc_isced_0533,draws_on,جریانِ هوا و اختلافِ فشار,airflow and pressure difference,مکش از آب هوا را از روی زغال و تنباکو می‌کشد.
klink_tobacco_control_compliance_isced_f_2013_0421_0,spec_tobacco_control_compliance,kc_isced_0421,draws_on,حقوقِ سلامتِ عمومی,public health law,عرضهٔ دخانیات بدونِ مجوز یا به نوجوان جرم است.
klink_tobacco_control_compliance_isced_f_2013_1022_1,spec_tobacco_control_compliance,kc_isced_1022,draws_on,حفاظت در برابرِ دودِ تحمیلی,second-hand smoke protection,همکاران و مهمانانِ غیرسیگاری حق دارند از دود دور بمانند.
klink_hookah_hygiene_coal_safety_isced_f_2013_1021_0,spec_hookah_hygiene_coal_safety,kc_isced_1021,draws_on,پیشگیری از سرایتِ بیماری با وسیلهٔ مشترک,prevention of infection via shared equipment,شیلنگِ مشترک می‌تواند بیماری‌های تنفسی را منتقل کند.
klink_hookah_hygiene_coal_safety_isced_f_2013_1022_1,spec_hookah_hygiene_coal_safety,kc_isced_1022,draws_on,گازگرفتگی با مونوکسیدکربن,carbon monoxide poisoning,زغالِ نیم‌سوز در اتاقِ بسته گازگرفتگی می‌آورد.
klink_fruit_selection_handling_isced_f_2013_0812_0,spec_fruit_selection_handling,kc_isced_0812,draws_on,رسیدن و فیزیولوژیِ پس از برداشتِ میوه,fruit ripening and postharvest physiology,برخی میوه‌ها پس از چیدن هم می‌رسند و گازِ اتیلن می‌دهند.
klink_fruit_selection_handling_isced_f_2013_0511_1,spec_fruit_selection_handling,kc_isced_0511,draws_on,آلودگیِ میکروبیِ میوه و سبزی,microbial contamination of produce,میکروب از پوستِ نشسته به آبمیوه می‌رود.
klink_fresh_juice_hygiene_isced_f_2013_0511_0,spec_fresh_juice_hygiene,kc_isced_0511,draws_on,رشدِ میکروب در آبمیوه‌های کم‌اسید,microbial growth in low-acid juices,آب‌هویج کم‌اسید است و در دمای اتاق زود فاسد می‌شود.
klink_fresh_juice_hygiene_isced_f_2013_0721_1,spec_fresh_juice_hygiene,kc_isced_0721,draws_on,پاستوریزه‌کردن و نگهداریِ سرد,pasteurisation and cold holding,آبمیوهٔ صنعتی گرما می‌بیند و آبمیوهٔ تازه نه.
klink_juicer_blender_operation_isced_f_2013_0715_0,spec_juicer_blender_operation,kc_isced_0715,draws_on,تیغه و موتورِ گردان,rotating blades and motors,دستگاه را تا از برق کشیده نشده باز نکنید.
klink_juicer_blender_operation_isced_f_2013_1022_1,spec_juicer_blender_operation,kc_isced_1022,draws_on,خطرِ بریدگی و گیرکردنِ دست,cut and entanglement hazards,هُل‌دادنِ میوه با دست به جای میله‌ی مخصوص پرخطر است.
klink_smoothies_blended_drinks_isced_f_2013_1013_0,spec_smoothies_blended_drinks,kc_isced_1013,draws_on,دستورِ استانداردِ نوشیدنی,standardised beverage recipes,اندازهٔ ثابت مهمان را راضی و هزینه را قابلِ حساب می‌کند.
klink_smoothies_blended_drinks_isced_f_2013_0531_1,spec_smoothies_blended_drinks,kc_isced_0531,draws_on,امولسیون و گرانروی,emulsions and viscosity,یخ و موز غلظت می‌دهند و آبِ زیادی آن را رقیق می‌کند.
klink_ice_cream_serving_isced_f_2013_0533_0,spec_ice_cream_serving,kc_isced_0533,draws_on,یخ‌زدن و رشدِ بلورِ یخ,freezing and ice crystal growth,آب‌شدن و دوباره یخ‌زدن بلورهای درشت و بافتِ شنی می‌سازد.
klink_ice_cream_serving_isced_f_2013_0511_1,spec_ice_cream_serving,kc_isced_0511,draws_on,خطرِ لیستریا در لبنیاتِ یخ‌زده,Listeria risk in frozen dairy,آبِ ایستادهٔ ظرفِ اسکوپ می‌تواند آلوده شود.
klink_syrup_making_isced_f_2013_0531_0,spec_syrup_making,kc_isced_0531,draws_on,محلولِ قند و غلظت,sugar solutions and concentration,شربتِ غلیظ‌تر دیرتر فاسد می‌شود ولی ممکن است شکرک بزند.
klink_syrup_making_isced_f_2013_0721_1,spec_syrup_making,kc_isced_0721,draws_on,فعالیتِ آبی و نگهداری,water activity and preservation,قندِ زیاد آبِ در دسترسِ میکروب را کم می‌کند.
klink_sharbat_making_isced_f_2013_0314_0,spec_sharbat_making,kc_isced_0314,draws_on,میراثِ خوراکیِ ایران,Iranian culinary heritage,هر شربت فصل و آدابِ خودش را دارد.
klink_sharbat_making_isced_f_2013_0531_1,spec_sharbat_making,kc_isced_0531,draws_on,تعادلِ ترشی و شیرینی,acids and sugar balance,سرکه یا آبلیمو شیرینی را متعادل می‌کند و نگهداری را بهتر.
klink_doogh_making_isced_f_2013_0721_0,spec_doogh_making,kc_isced_0721,draws_on,فرآورده‌های تخمیریِ شیر,fermented dairy products,باکتری‌های ماست ترشی و بافتِ دوغ را می‌سازند.
klink_doogh_making_isced_f_2013_0511_1,spec_doogh_making,kc_isced_0511,draws_on,باکتری‌های اسیدلاکتیک,lactic acid bacteria,دوغِ بیرون از یخچال ترش‌تر و پرگازتر می‌شود.
klink_herbal_distillation_isced_f_2013_0711_0,spec_herbal_distillation,kc_isced_0711,draws_on,تقطیر با بخار,steam distillation,بخار روغن‌های فرّار را از گیاه بیرون می‌برد و در سردکننده میعان می‌کند.
klink_herbal_distillation_isced_f_2013_0917_1,spec_herbal_distillation,kc_isced_0917,draws_on,فرآورده‌های گیاهیِ سنتی,traditional herbal products,عرقیات در طبِ سنتی جایگاه دارند ولی فروشنده نباید وعدهٔ درمان بدهد.
klink_herbal_distillation_isced_f_2013_0721_2,spec_herbal_distillation,kc_isced_0721,draws_on,بطری‌کردنِ بهداشتی,hygienic bottling,عرقِ بی‌نگه‌دارنده در بطریِ ناتمیز کپک می‌زند.
klink_fermented_soft_drinks_isced_f_2013_0511_0,spec_fermented_soft_drinks,kc_isced_0511,draws_on,تخمیرِ میکروبی,microbial fermentation,مخمر و باکتری با هم قند را به اسید و کمی گاز تبدیل می‌کنند.
klink_fermented_soft_drinks_isced_f_2013_0531_1,spec_fermented_soft_drinks,kc_isced_0531,draws_on,اندازه‌گیریِ pH,pH measurement,pH پایین جلوی میکروب‌های خطرناک را می‌گیرد.
klink_fermented_soft_drinks_isced_f_2013_0421_2,spec_fermented_soft_drinks,kc_isced_0421,draws_on,حدِ قانونیِ الکل در نوشیدنی,regulatory limits on alcohol content,تخمیرِ طولانی ممکن است الکل را از حدِ مجاز بالاتر ببرد.
klink_malt_beverage_brewing_isced_f_2013_0512_0,spec_malt_beverage_brewing,kc_isced_0512,draws_on,تبدیلِ آنزیمیِ نشاسته,enzymatic starch conversion,آنزیم‌های مالت در دمای مشخص نشاسته را به قند تبدیل می‌کنند.
klink_malt_beverage_brewing_isced_f_2013_0721_1,spec_malt_beverage_brewing,kc_isced_0721,draws_on,فرآوری و پاستوریزه‌کردنِ نوشیدنی,beverage processing and pasteurisation,بدونِ پاستوریزه‌کردن مخمرِ وحشی قند را تخمیر می‌کند.
klink_malt_beverage_brewing_isced_f_2013_0711_2,spec_malt_beverage_brewing,kc_isced_0711,draws_on,عملیاتِ واحد: ماشینگ، جوشاندن، صاف‌کردن,"unit operations: mashing, boiling, filtration",هر مرحله دما و زمانِ کنترل‌شده دارد.
klink_bar_workflow_isced_f_2013_0413_0,spec_bar_workflow,kc_isced_0413,draws_on,طراحیِ جریانِ کار,workflow and process design,کم‌کردنِ جابه‌جاییِ بی‌فایده زمانِ آماده‌شدن را کوتاه می‌کند.
klink_bar_workflow_isced_f_2013_1022_1,spec_bar_workflow,kc_isced_1022,draws_on,ارگونومی,ergonomics,چیدمانِ درست خستگیِ مچ و شانه را کم می‌کند.
klink_bar_setup_closing_isced_f_2013_1013_0,spec_bar_setup_closing,kc_isced_1013,draws_on,روال‌های باز و بسته‌کردن,opening and closing procedures,فهرستِ کنترل باعث می‌شود چیزی از قلم نیفتد.
klink_bar_setup_closing_isced_f_2013_0413_1,spec_bar_setup_closing,kc_isced_0413,draws_on,روال‌های استانداردِ کار,standard operating procedures,هر کس در هر نوبت همان کار را همان‌طور انجام می‌دهد.
klink_beverage_costing_isced_f_2013_0411_0,spec_beverage_costing,kc_isced_0411,draws_on,حسابداریِ بهای تمام‌شده,cost accounting,هزینهٔ مواد، دورریز و بسته‌بندی باید جدا دیده شوند.
klink_beverage_costing_isced_f_2013_0541_1,spec_beverage_costing,kc_isced_0541,draws_on,تبدیلِ واحد و تناسب,unit conversion and proportions,قیمتِ کیسهٔ یک‌کیلویی به قیمتِ هر ۱۸ گرم تبدیل می‌شود.
klink_beverage_menu_design_isced_f_2013_0414_0,spec_beverage_menu_design,kc_isced_0414,draws_on,مهندسیِ منو و قیمت‌گذاری,menu engineering and pricing,جای هر نوشیدنی در منو بر فروشش اثر دارد.
klink_beverage_menu_design_isced_f_2013_0212_1,spec_beverage_menu_design,kc_isced_0212,draws_on,چیدمانِ گرافیکی برای خوانایی,graphic layout for readability,منوی خوانا به مهمانِ کم‌حوصله یا کم‌بینا هم کمک می‌کند.
klink_signature_drink_development_isced_f_2013_0531_0,spec_signature_drink_development,kc_isced_0531,draws_on,شیمیِ طعم,flavour chemistry,ترشی تلخی را پوشش می‌دهد و نمک شیرینی را برجسته می‌کند.
klink_signature_drink_development_isced_f_2013_0313_1,spec_signature_drink_development,kc_isced_0313,draws_on,ترجیحِ طعمِ مصرف‌کننده,consumer taste preference,طعمِ تازه باید برای مهمانِ عادی هم آشنا و پذیرفتنی باشد.
klink_bar_quality_control_isced_f_2013_0721_0,spec_bar_quality_control,kc_isced_0721,draws_on,ثبتِ تضمینِ کیفیت,quality assurance records,بدونِ ثبت نمی‌شود فهمید کیفیت از کجا افت کرده.
klink_bar_quality_control_isced_f_2013_0542_1,spec_bar_quality_control,kc_isced_0542,draws_on,پراکندگی و یکنواختی,variation and consistency,زمانِ عصاره‌گیری باید در بازهٔ کوچکی بماند.
klink_guest_beverage_guidance_isced_f_2013_1013_0,spec_guest_beverage_guidance,kc_isced_1013,draws_on,پذیراییِ مهمان‌محور,guest-centred service,مهمان باید بدونِ خجالت بپرسد و ساده جواب بگیرد.
klink_guest_beverage_guidance_isced_f_2013_0231_1,spec_guest_beverage_guidance,kc_isced_0231,draws_on,توضیح به زبانِ ساده,plain-language explanation,واژهٔ فنی را فقط وقتی به‌کار ببرید که مهمان بخواهد.
klink_takeaway_beverage_packaging_isced_f_2013_0722_0,spec_takeaway_beverage_packaging,kc_isced_0722,draws_on,مواد بسته‌بندی,packaging materials,لیوانِ نامناسب نوشیدنیِ داغ را نرم و نشت‌دار می‌کند.
klink_takeaway_beverage_packaging_isced_f_2013_1041_1,spec_takeaway_beverage_packaging,kc_isced_1041,draws_on,حملِ مایعات,transport of liquids,جنبش در راه مایع را از دربِ ضعیف بیرون می‌ریزد.
klink_mocktail_mixology_isced_f_2013_0531_0,spec_mocktail_mixology,kc_isced_0531,draws_on,تعادلِ اسید و قند و رقیق‌شدن,acid–sugar balance and dilution,هم‌زدن با یخ هم سرد می‌کند و هم آب اضافه می‌کند.
klink_mocktail_mixology_isced_f_2013_1013_1,spec_mocktail_mixology,kc_isced_1013,draws_on,فنونِ بار,bar techniques,روشِ هم‌زدن یا تکان‌دادن بافتِ نوشیدنی را عوض می‌کند.
klink_garnish_preparation_isced_f_2013_1013_0,spec_garnish_preparation,kc_isced_1013,draws_on,آراستنِ نوشیدنی,presentation of beverages,تزئینِ تازه اولین چیزی است که مهمان می‌بیند.
klink_garnish_preparation_isced_f_2013_0721_1,spec_garnish_preparation,kc_isced_0721,draws_on,بهداشتِ میوهٔ بریده,cut produce hygiene,میوهٔ بریده بیرون از یخچال زود آلوده می‌شود.
klink_ice_handling_isced_f_2013_0533_0,spec_ice_handling,kc_isced_0533,draws_on,ذوب و تبادلِ گرما,melting and heat exchange,یخِ ریزتر سطحِ بیشتری دارد و زودتر آب می‌شود.
klink_ice_handling_isced_f_2013_0511_1,spec_ice_handling,kc_isced_0511,draws_on,لایهٔ میکروبی در یخ‌ساز,microbial biofilm in ice machines,یخ غذاست و یخ‌سازِ تمیزنشده لایهٔ لزج و میکروب می‌گیرد.
klink_carbonation_soda_systems_isced_f_2013_0533_0,spec_carbonation_soda_systems,kc_isced_0533,draws_on,حل‌شدنِ گاز و فشار,gas solubility and pressure,آبِ سردتر و فشارِ بیشتر گازِ بیشتری در خود نگه می‌دارد.
klink_carbonation_soda_systems_isced_f_2013_1022_1,spec_carbonation_soda_systems,kc_isced_1022,draws_on,ایمنیِ کپسولِ گازِ فشرده,compressed gas cylinder safety,کپسول باید بسته و ایستاده باشد و در جای بسته نشت خفگی می‌آورد.
klink_buffet_beverage_station_isced_f_2013_1013_0,spec_buffet_beverage_station,kc_isced_1013,draws_on,پذیراییِ بوفه,buffet service,ایستگاهِ خالی یا ناتمیز زودتر از هر چیز دیده می‌شود.
klink_buffet_beverage_station_isced_f_2013_0721_1,spec_buffet_beverage_station,kc_isced_0721,draws_on,نگهداریِ گرم و سرد,hot and cold holding,شیر و آبمیوه در بوفه باید سرد بمانند.
klink_mobile_bar_operation_isced_f_2013_0713_0,spec_mobile_bar_operation,kc_isced_0713,draws_on,برق و بارِ مصرف,power supply and load,دستگاهِ اسپرسو برقِ زیادی می‌خواهد و ژنراتور باید توانِ کافی داشته باشد.
klink_mobile_bar_operation_isced_f_2013_0421_1,spec_mobile_bar_operation,kc_isced_0421,draws_on,مجوزِ فروشِ خیابانی,street vending permits,جای ایستادن بدونِ مجوز جریمه و جمع‌آوری دارد.
klink_barista_curriculum_teaching_isced_f_2013_0114_0,spec_barista_curriculum_teaching,kc_isced_0114,draws_on,تربیتِ مدرسِ فنی‌وحرفه‌ای,vocational teacher training,نشان‌دادن، تمرین و بازخورد پایهٔ آموزشِ مهارتِ دستی است.
klink_barista_curriculum_teaching_isced_f_2013_0111_1,spec_barista_curriculum_teaching,kc_isced_0111,draws_on,یادگیریِ بزرگسالان و سنجش,adult learning and assessment,بزرگسال با کار روی دستگاه بهتر از خواندنِ جزوه می‌آموزد.
klink_coffee_bar_design_equipment_isced_f_2013_0212_0,spec_coffee_bar_design_equipment,kc_isced_0212,draws_on,طراحیِ داخلی و فضای کار,interior and workspace design,بار باید هم زیبا باشد و هم با کم‌ترین جابه‌جایی کار کند.
klink_coffee_bar_design_equipment_isced_f_2013_0413_1,spec_coffee_bar_design_equipment,kc_isced_0413,draws_on,برنامه‌ریزیِ کسب‌وکار,business planning,دستگاهِ بزرگ‌تر از فروش سرمایه را قفل می‌کند.
klink_coffee_bar_design_equipment_isced_f_2013_0713_2,spec_coffee_bar_design_equipment,kc_isced_0713,draws_on,برنامه‌ریزیِ ظرفیتِ برق,electrical capacity planning,دستگاه‌های بار ممکن است برقِ سه‌فاز بخواهند.
klink_espresso_machine_backflushing_isced_f_2013_0531_0,spec_espresso_machine_backflushing,kc_isced_0531,draws_on,شیمیِ شوینده برای روغنِ قهوه,detergent chemistry for coffee oils,روغنِ قهوه در گرما جرمِ تلخ می‌سازد و پاک‌کنندهٔ قلیایی آن را می‌شوید.
klink_espresso_machine_backflushing_isced_f_2013_1021_1,spec_espresso_machine_backflushing,kc_isced_1021,draws_on,بهداشتِ تجهیزات,equipment sanitation,نازلِ بخارِ ناتمیز شیرِ کهنه را به نوشیدنیِ بعدی می‌رساند.
klink_espresso_machine_descaling_isced_f_2013_0531_0,spec_espresso_machine_descaling,kc_isced_0531,draws_on,رسوبِ کربنات کلسیم,calcium carbonate precipitation,آبِ سخت در گرما رسوبِ سفید روی المنت و لوله می‌گذارد.
klink_espresso_machine_descaling_isced_f_2013_0715_1,spec_espresso_machine_descaling,kc_isced_0715,draws_on,نگهداریِ بویلر و لوله‌کشی,boiler and pipework maintenance,محلولِ نامناسب واشر و فلز را می‌خورد.
klink_group_head_maintenance_isced_f_2013_0715_0,spec_group_head_maintenance,kc_isced_0715,draws_on,آب‌بندی و فرسایشِ مکانیکی,seals and mechanical wear,واشرِ سفت‌شده دیگر آب‌بندی نمی‌کند و آبِ داغ بیرون می‌زند.
klink_boiler_pressure_safety_isced_f_2013_0533_0,spec_boiler_pressure_safety,kc_isced_0533,draws_on,فشار، دما و بخارِ اشباع,"pressure, temperature and saturated steam",در فشارِ بیشتر آب در دمای بالاتری می‌جوشد.
klink_boiler_pressure_safety_isced_f_2013_1022_1,spec_boiler_pressure_safety,kc_isced_1022,draws_on,خطرِ مخزنِ تحتِ فشار,pressure vessel hazards,بخارِ بیرون‌زده در یک لحظه سوختگیِ شدید می‌دهد.
klink_espresso_machine_electrics_isced_f_2013_0713_0,spec_espresso_machine_electrics,kc_isced_0713,draws_on,مدارِ برقی و گرم‌کن,electrical circuits and heating elements,المنتِ سوخته را با اندازه‌گرفتنِ مقاومت پیدا می‌کنند.
klink_espresso_machine_electrics_isced_f_2013_0714_1,spec_espresso_machine_electrics,kc_isced_0714,draws_on,حسگرها و الکترونیکِ کنترل,sensors and control electronics,کنترلرِ PID دما را با خاموش‌وروشن‌کردنِ سنجیده ثابت نگه می‌دارد.
klink_espresso_machine_electrics_isced_f_2013_1022_2,spec_espresso_machine_electrics,kc_isced_1022,draws_on,ایمنیِ برق,electrical safety,آب و برقِ کنارِ هم ارتِ سالم و کلیدِ محافظِ جانِ سالم می‌خواهد.
klink_pump_pressure_calibration_isced_f_2013_0533_0,spec_pump_pressure_calibration,kc_isced_0533,draws_on,فشار و جریانِ هیدرولیکی,hydraulic pressure and flow,فشارِ کم یا زیاد سرعتِ گذرِ آب از قهوه را عوض می‌کند.
klink_pump_pressure_calibration_isced_f_2013_0715_1,spec_pump_pressure_calibration,kc_isced_0715,draws_on,سازوکارِ پمپ,pump mechanics,پیچِ تنظیمِ پمپِ روتاری فشارِ خروجی را کم و زیاد می‌کند.
klink_grinder_burr_maintenance_isced_f_2013_0715_0,spec_grinder_burr_maintenance,kc_isced_0715,draws_on,ابزارِ برش، فرسایش و هم‌محوری,"cutting tools, wear and alignment",تیغهٔ کُند ذراتِ ریزِ بیشتری می‌سازد و قهوه گس می‌شود.
klink_grinder_burr_maintenance_isced_f_2013_0533_1,spec_grinder_burr_maintenance,kc_isced_0533,draws_on,توزیعِ اندازهٔ ذرات,particle size distribution,یکنواختیِ ذرات به اندازهٔ میانگینشان مهم است.
klink_water_filtration_maintenance_isced_f_2013_0712_0,spec_water_filtration_maintenance,kc_isced_0712,draws_on,فناوریِ تصفیهٔ آب,water treatment technology,رزینِ تبادلِ یونی کلسیم را جدا می‌کند و پس از مدتی اشباع می‌شود.
klink_water_filtration_maintenance_isced_f_2013_0531_1,spec_water_filtration_maintenance,kc_isced_0531,draws_on,سختی، قلیاییت و یون‌ها,"hardness, alkalinity and ions",آبِ خیلی نرم دستگاه را می‌خورد و آبِ سخت جرم می‌گذارد.
klink_espresso_machine_programming_isced_f_2013_0714_0,spec_espresso_machine_programming,kc_isced_0714,draws_on,کنترلرهای برنامه‌پذیر,programmable controllers,فلومتر حجمِ آب را می‌شمارد و دستگاه در حجمِ تنظیم‌شده قطع می‌کند.
klink_automatic_coffee_machine_care_isced_f_2013_0714_0,spec_automatic_coffee_machine_care,kc_isced_0714,draws_on,دستگاهِ خودکار و کدهای خطا,automated machines and error codes,بیشترِ خطاها با خواندنِ کد و راهنما حل می‌شوند.
klink_automatic_coffee_machine_care_isced_f_2013_1021_1,spec_automatic_coffee_machine_care,kc_isced_1021,draws_on,بهداشتِ دستگاهِ خودپرداز,hygiene of self-service machines,مدارِ شیرِ تمیزنشده زود آلوده می‌شود.
klink_cocktail_mixology_isced_f_2013_1013_0,spec_cocktail_mixology,kc_isced_1013,draws_on,فنونِ بار,bar techniques,بسیاری از فنونش در موکتل‌سازی هم به‌کار می‌آید.
klink_cocktail_mixology_isced_f_2013_0531_1,spec_cocktail_mixology,kc_isced_0531,draws_on,محلول‌های اتانول,ethanol solutions,الکل حلالِ عطر است و رقیق‌شدن را عوض می‌کند.
klink_wine_knowledge_isced_f_2013_0812_0,spec_wine_knowledge,kc_isced_0812,draws_on,تاک‌داری,viticulture,همان دانشِ انگورکاری در انگورِ خوراکی و کشمش هم به‌کار می‌آید.
klink_wine_knowledge_isced_f_2013_0313_1,spec_wine_knowledge,kc_isced_0313,draws_on,ادراکِ حسی,sensory perception,روشِ ارزیابیِ حسی با چای و قهوه مشترک است.
klink_cellar_management_isced_f_2013_0416_0,spec_cellar_management,kc_isced_0416,draws_on,موجودی و ارزش‌گذاریِ انبار,inventory and stock valuation,روشِ ثبتِ موجودی در هر انبارِ نوشیدنی مشترک است.
klink_beer_brewing_isced_f_2013_0512_0,spec_beer_brewing,kc_isced_0512,draws_on,تخمیرِ الکلیِ مخمر,alcoholic fermentation by yeast,مخمر قند را به الکل و دی‌اکسیدکربن تبدیل می‌کند.
klink_spirits_distillation_isced_f_2013_0711_0,spec_spirits_distillation,kc_isced_0711,draws_on,تقطیر,distillation,جداسازی بر پایهٔ تفاوتِ نقطهٔ جوش.
klink_responsible_alcohol_service_isced_f_2013_0421_0,spec_responsible_alcohol_service,kc_isced_0421,draws_on,قوانینِ مجوزِ الکل,alcohol licensing law,در هر کشور قانونِ متفاوتی دارد.
klink_responsible_alcohol_service_isced_f_2013_1022_1,spec_responsible_alcohol_service,kc_isced_1022,draws_on,کاهشِ آسیب,harm reduction,مهارتِ آرام‌کردنِ مهمانِ ناآرام در همه‌جا به‌کار می‌آید.
klink_waiter_isco_5131,spec_waiter,kc_isco_5131,classified_as,,,
klink_waiter_trainee_isco_5131,spec_waiter_trainee,kc_isco_5131,classified_as,,,
klink_senior_waiter_isco_5131,spec_senior_waiter,kc_isco_5131,classified_as,,,
klink_section_captain_isco_5131,spec_section_captain,kc_isco_5131,classified_as,,,
klink_head_waiter_isco_5131,spec_head_waiter,kc_isco_5131,classified_as,,,
klink_head_waiter_isco_5151,spec_head_waiter,kc_isco_5151,classified_as,,,
klink_floor_manager_isco_1412,spec_floor_manager,kc_isco_1412,classified_as,,,
klink_host_isco_4226,spec_host,kc_isco_4226,classified_as,,,
klink_host_isco_5131,spec_host,kc_isco_5131,classified_as,,,
klink_reservations_agent_isco_4225,spec_reservations_agent,kc_isco_4225,classified_as,,,
klink_reservations_agent_isco_4222,spec_reservations_agent,kc_isco_4222,classified_as,,,
klink_guest_relations_isco_4229,spec_guest_relations,kc_isco_4229,classified_as,,,
klink_guest_relations_isco_4224,spec_guest_relations,kc_isco_4224,classified_as,,,
klink_food_runner_isco_5131,spec_food_runner,kc_isco_5131,classified_as,,,
klink_food_runner_isco_9412,spec_food_runner,kc_isco_9412,classified_as,,,
klink_busser_isco_9412,spec_busser,kc_isco_9412,classified_as,,,
klink_busser_isco_9112,spec_busser,kc_isco_9112,classified_as,,,
klink_buffet_attendant_isco_5246,spec_buffet_attendant,kc_isco_5246,classified_as,,,
klink_room_service_attendant_isco_5131,spec_room_service_attendant,kc_isco_5131,classified_as,,,
klink_minibar_attendant_isco_5131,spec_minibar_attendant,kc_isco_5131,classified_as,,,
klink_minibar_attendant_isco_9112,spec_minibar_attendant,kc_isco_9112,classified_as,,,
klink_lounge_vip_attendant_isco_5131,spec_lounge_vip_attendant,kc_isco_5131,classified_as,,,
klink_teahouse_server_isco_5131,spec_teahouse_server,kc_isco_5131,classified_as,,,
klink_sofrekhaneh_server_isco_5131,spec_sofrekhaneh_server,kc_isco_5131,classified_as,,,
klink_front_of_house_steward_isco_9112,spec_front_of_house_steward,kc_isco_9112,classified_as,,,
klink_cashier_isco_5230,spec_cashier,kc_isco_5230,classified_as,,,
klink_counter_attendant_isco_5246,spec_counter_attendant,kc_isco_5246,classified_as,,,
klink_qsr_crew_isco_5246,spec_qsr_crew,kc_isco_5246,classified_as,,,
klink_qsr_crew_isco_9411,spec_qsr_crew,kc_isco_9411,classified_as,,,
klink_drive_through_attendant_isco_5246,spec_drive_through_attendant,kc_isco_5246,classified_as,,,
klink_order_taker_isco_5246,spec_order_taker,kc_isco_5246,classified_as,,,
klink_order_taker_isco_4222,spec_order_taker,kc_isco_4222,classified_as,,,
klink_cafeteria_line_attendant_isco_5246,spec_cafeteria_line_attendant,kc_isco_5246,classified_as,,,
klink_hospital_meal_server_isco_5246,spec_hospital_meal_server,kc_isco_5246,classified_as,,,
klink_hospital_meal_server_isco_5321,spec_hospital_meal_server,kc_isco_5321,classified_as,,,
klink_elderly_care_meal_assistant_isco_5321,spec_elderly_care_meal_assistant,kc_isco_5321,classified_as,,,
klink_school_canteen_attendant_isco_5246,spec_school_canteen_attendant,kc_isco_5246,classified_as,,,
klink_inflight_food_service_isco_5111,spec_inflight_food_service,kc_isco_5111,classified_as,,,
klink_rail_catering_attendant_isco_5111,spec_rail_catering_attendant,kc_isco_5111,classified_as,,,
klink_rail_catering_attendant_isco_5131,spec_rail_catering_attendant,kc_isco_5131,classified_as,,,
klink_cruise_dining_server_isco_5131,spec_cruise_dining_server,kc_isco_5131,classified_as,,,
klink_transport_catering_loader_isco_9333,spec_transport_catering_loader,kc_isco_9333,classified_as,,,
klink_transport_catering_loader_isco_8322,spec_transport_catering_loader,kc_isco_8322,classified_as,,,
klink_majles_server_isco_5131,spec_majles_server,kc_isco_5131,classified_as,,,
klink_banquet_server_isco_5131,spec_banquet_server,kc_isco_5131,classified_as,,,
klink_majles_service_supervisor_isco_5131,spec_majles_service_supervisor,kc_isco_5131,classified_as,,,
klink_majles_service_supervisor_isco_5151,spec_majles_service_supervisor,kc_isco_5151,classified_as,,,
klink_banquet_captain_isco_5131,spec_banquet_captain,kc_isco_5131,classified_as,,,
klink_banquet_captain_isco_5151,spec_banquet_captain,kc_isco_5151,classified_as,,,
klink_banquet_manager_isco_1412,spec_banquet_manager,kc_isco_1412,classified_as,,,
klink_banquet_manager_isco_3332,spec_banquet_manager,kc_isco_3332,classified_as,,,
klink_event_coordinator_isco_3332,spec_event_coordinator,kc_isco_3332,classified_as,,,
klink_event_staff_isco_9629,spec_event_staff,kc_isco_9629,classified_as,,,
klink_event_staff_isco_5131,spec_event_staff,kc_isco_5131,classified_as,,,
klink_event_setup_crew_isco_9629,spec_event_setup_crew,kc_isco_9629,classified_as,,,
klink_event_setup_crew_isco_9333,spec_event_setup_crew,kc_isco_9333,classified_as,,,
klink_table_decor_specialist_isco_3432,spec_table_decor_specialist,kc_isco_3432,classified_as,,,
klink_beverage_station_attendant_isco_5246,spec_beverage_station_attendant,kc_isco_5246,classified_as,,,
klink_event_food_stand_attendant_isco_5246,spec_event_food_stand_attendant,kc_isco_5246,classified_as,,,
klink_event_food_stand_attendant_isco_5212,spec_event_food_stand_attendant,kc_isco_5212,classified_as,,,
klink_outdoor_catering_crew_isco_5131,spec_outdoor_catering_crew,kc_isco_5131,classified_as,,,
klink_outdoor_catering_crew_isco_9412,spec_outdoor_catering_crew,kc_isco_9412,classified_as,,,
klink_catering_driver_isco_8322,spec_catering_driver,kc_isco_8322,classified_as,,,
klink_catering_sales_isco_3322,spec_catering_sales,kc_isco_3322,classified_as,,,
klink_catering_sales_isco_3332,spec_catering_sales,kc_isco_3332,classified_as,,,
klink_delivery_rider_motorcycle_isco_8321,spec_delivery_rider_motorcycle,kc_isco_8321,classified_as,,,
klink_delivery_rider_bicycle_isco_9331,spec_delivery_rider_bicycle,kc_isco_9331,classified_as,,,
klink_delivery_driver_car_isco_8322,spec_delivery_driver_car,kc_isco_8322,classified_as,,,
klink_delivery_on_foot_isco_9621,spec_delivery_on_foot,kc_isco_9621,classified_as,,,
klink_delivery_packer_isco_9321,spec_delivery_packer,kc_isco_9321,classified_as,,,
klink_delivery_packer_isco_9412,spec_delivery_packer,kc_isco_9412,classified_as,,,
klink_takeaway_handoff_attendant_isco_5246,spec_takeaway_handoff_attendant,kc_isco_5246,classified_as,,,
klink_delivery_dispatcher_isco_4323,spec_delivery_dispatcher,kc_isco_4323,classified_as,,,
klink_online_orders_coordinator_isco_4222,spec_online_orders_coordinator,kc_isco_4222,classified_as,,,
klink_online_orders_coordinator_isco_5246,spec_online_orders_coordinator,kc_isco_5246,classified_as,,,
klink_platform_customer_support_isco_4222,spec_platform_customer_support,kc_isco_4222,classified_as,,,
klink_delivery_fleet_supervisor_isco_1324,spec_delivery_fleet_supervisor,kc_isco_1324,classified_as,,,
klink_delivery_fleet_supervisor_isco_4323,spec_delivery_fleet_supervisor,kc_isco_4323,classified_as,,,
klink_greeting_and_seating_isced_f_2013_1013_0,spec_greeting_and_seating,kc_isced_1013,draws_on,جریانِ مهمان در سالن,front-of-house guest flow,نوبت‌دادنِ میزها میانِ بخش‌ها تا به یک بخش فشار نیاید
klink_greeting_and_seating_isced_f_2013_0313_1,spec_greeting_and_seating,kc_isced_0313,draws_on,برداشتِ نخست و ادراکِ اجتماعی,first impressions and social perception,چند ثانیه‌ی اول، حسِ مهمان به کلِ تجربه را می‌سازد
klink_reservation_systems_isced_f_2013_0611_0,spec_reservation_systems,kc_isced_0611,draws_on,کار با نرم‌افزارِ رزرو,using booking software,جستجو، ثبت و ویرایشِ رزرو در صفحه
klink_reservation_systems_isced_f_2013_1013_1,spec_reservation_systems,kc_isced_1013,draws_on,ظرفیتِ میز و زمانِ چرخشِ میز,table inventory and turn times,هر میز در شب چند بار پر می‌شود
klink_waitlist_management_isced_f_2013_0541_0,spec_waitlist_management,kc_isced_0541,draws_on,صف و برآوردِ زمانِ انتظار,queueing and waiting-time estimates,زمانِ انتظار را از میانگینِ زمانِ نشستنِ هر میز برآورد می‌کنند
klink_waitlist_management_isced_f_2013_0313_1,spec_waitlist_management,kc_isced_0313,draws_on,زمانِ انتظارِ احساس‌شده,perceived waiting time,انتظارِ نامعلوم طولانی‌تر احساس می‌شود
klink_queue_management_isced_f_2013_0541_0,spec_queue_management,kc_isced_0541,draws_on,مبانیِ نظریه‌ی صف,queueing theory basics,یک صفِ منظم برای چند باجه عادلانه‌تر از چند صف است
klink_queue_management_isced_f_2013_0314_1,spec_queue_management,kc_isced_0314,draws_on,هنجارِ اجتماعیِ انصاف در صف,social norms of fairness in queues,
klink_table_setting_isced_f_2013_1013_0,spec_table_setting,kc_isced_1013,draws_on,چیدمانِ هر نفر برای شیوه‌های سرو,cover layouts for service styles,قاشق و چنگال به ترتیبِ استفاده از بیرون به داخل
klink_table_setting_isced_f_2013_0212_1,spec_table_setting,kc_isced_0212,draws_on,چیدمانِ دیداری و تقارن,visual arrangement and symmetry,
klink_service_sequence_isced_f_2013_1013_0,spec_service_sequence,kc_isced_1013,draws_on,مراحلِ غذا و قراردادهای سرو,courses and service conventions,غذا معمولاً از چپ سرو و از راست جمع می‌شود
klink_service_sequence_isced_f_2013_0417_1,spec_service_sequence,kc_isced_0417,draws_on,کار بر پایه‌ی روال,working to a routine,
klink_plate_carrying_isced_f_2013_0533_0,spec_plate_carrying,kc_isced_0533,draws_on,تعادل و مرکزِ جرم,balance and centre of mass,بشقابِ سنگین نزدیکِ مچ، سبک روی ساعد
klink_plate_carrying_isced_f_2013_1022_1,spec_plate_carrying,kc_isced_1022,draws_on,پیشگیری از آسیبِ حرکاتِ تکراری,repetitive strain prevention,
klink_table_clearing_isced_f_2013_1013_0,spec_table_clearing,kc_isced_1013,draws_on,روشِ جمع‌آوری و چرخشِ میز,clearing technique and table turns,تا همه‌ی میز غذایشان تمام نشده، بشقاب برداشته نمی‌شود
klink_table_clearing_isced_f_2013_1021_1,spec_table_clearing,kc_isced_1021,draws_on,ضدعفونیِ سطوح,surface sanitation,دستمالِ میز جدا از دستمالِ صندلی
klink_menu_explanation_isced_f_2013_1013_0,spec_menu_explanation,kc_isced_1013,draws_on,ترکیب و روشِ پختِ غذاها,dish composition and cooking methods,
klink_menu_explanation_isced_f_2013_0231_1,spec_menu_explanation,kc_isced_0231,draws_on,توصیف با زبانِ ساده,plain-language description,به جای اصطلاح، طعم و بافت را بگویید
klink_dietary_allergen_communication_isced_f_2013_0915_0,spec_dietary_allergen_communication,kc_isced_0915,draws_on,محدودیت‌های غذایی و رژیم‌های درمانی,dietary restrictions and therapeutic diets,
klink_dietary_allergen_communication_isced_f_2013_0512_1,spec_dietary_allergen_communication,kc_isced_0512,draws_on,آلرژن‌ها و واکنشِ ایمنی,food allergens and immune reactions,مقدارِ بسیار کمِ بادام‌زمینی هم می‌تواند خطرناک باشد
klink_dietary_allergen_communication_isced_f_2013_1013_2,spec_dietary_allergen_communication,kc_isced_1013,draws_on,روالِ اعلامِ آلرژن میانِ سالن و آشپزخانه,kitchen-floor allergen protocols,
klink_bill_splitting_isced_f_2013_0411_0,spec_bill_splitting,kc_isced_0411,draws_on,صورت‌حساب، حقِ سرویس و مالیات بر ارزش افزوده,"billing, service charges and VAT",حقِ سرویس و مالیات باید جدا و روشن نوشته شوند
klink_bill_splitting_isced_f_2013_0541_1,spec_bill_splitting,kc_isced_0541,draws_on,تقسیمِ نسبتی,proportional division,
klink_tipping_etiquette_iran_isced_f_2013_0314_0,spec_tipping_etiquette_iran,kc_isced_0314,draws_on,رسمِ هدیه و تعارف,gift and reciprocity customs (taarof),«قابلی نداره» پاسخِ تعارف است، نه نپذیرفتنِ پول
klink_tipping_etiquette_iran_isced_f_2013_0411_1,spec_tipping_etiquette_iran,kc_isced_0411,draws_on,ثبت و تجمیعِ انعام,recording and pooling tips,
klink_de_escalation_isced_f_2013_0313_0,spec_de_escalation,kc_isced_0313,draws_on,تنظیمِ هیجان و فرونشاندنِ تعارض,emotion regulation and conflict de-escalation,صدای آرام و جمله‌ی کوتاه، تنش را کم می‌کند
klink_de_escalation_isced_f_2013_1032_1,spec_de_escalation,kc_isced_1032,draws_on,ایمنیِ فردی در محلِ کار,personal safety at work,
klink_reading_guest_cues_isced_f_2013_0313_0,spec_reading_guest_cues,kc_isced_0313,draws_on,ارتباطِ غیرکلامی,non-verbal communication,
klink_accessible_service_isced_f_2013_0921_0,spec_accessible_service,kc_isced_0921,draws_on,همراهی با بزرگسالانِ دارای معلولیت,support for disabled adults,
klink_accessible_service_isced_f_2013_0212_1,spec_accessible_service,kc_isced_0212,draws_on,چیدمانِ فضای دسترس‌پذیر,accessible space arrangement,راهرو دست‌کم به پهنای یک ویلچر
klink_accessible_service_isced_f_2013_0313_2,spec_accessible_service,kc_isced_0313,draws_on,برخوردِ محترمانه با خودِ فرد,"respectful, person-first interaction",
klink_sign_language_basics_isced_f_2013_0231_0,spec_sign_language_basics,kc_isced_0231,draws_on,آموختنِ زبانِ اشاره,sign language acquisition,
klink_arabic_for_hospitality_isced_f_2013_0231_0,spec_arabic_for_hospitality,kc_isced_0231,draws_on,آموختنِ زبانِ دوم (عربی),second-language acquisition (Arabic),
klink_families_and_children_isced_f_2013_0922_0,spec_families_and_children,kc_isced_0922,draws_on,ایمنی و نیازهای کودک,child safety and child needs,نوشیدنیِ داغ همیشه دور از لبه‌ی میز
klink_families_and_children_isced_f_2013_0314_1,spec_families_and_children,kc_isced_0314,draws_on,رسم‌های غذاخوردنِ خانوادگی,family dining customs,
klink_cultural_sensitivity_isced_f_2013_0314_0,spec_cultural_sensitivity,kc_isced_0314,draws_on,گوناگونیِ فرهنگی و فراگیری,cultural diversity and inclusion,
klink_cultural_sensitivity_isced_f_2013_0221_1,spec_cultural_sensitivity,kc_isced_0221,draws_on,آدابِ دینیِ خوراک,religious dietary practices,
klink_silver_service_isced_f_2013_1013_0,spec_silver_service,kc_isced_1013,draws_on,شیوه‌های رسمیِ سرو,formal service styles,
klink_samovar_tea_service_isced_f_2013_1013_0,spec_samovar_tea_service,kc_isced_1013,draws_on,رسمِ سروِ چای,tea service customs,چای را معمولاً اول به بزرگ‌ترِ مجلس تعارف می‌کنند
klink_samovar_tea_service_isced_f_2013_0314_1,spec_samovar_tea_service,kc_isced_0314,draws_on,آیین‌های مهمان‌نوازیِ ایرانی,hospitality rituals in Iranian culture,
klink_sofreh_service_isced_f_2013_1013_0,spec_sofreh_service,kc_isced_1013,draws_on,شکل‌های سنتیِ پذیرایی,traditional service formats,
klink_sofreh_service_isced_f_2013_0314_1,spec_sofreh_service,kc_isced_0314,draws_on,آدابِ سفره,etiquette of the sofreh,از روی سفره نمی‌گذرند و با کفش روی تخت نمی‌روند
klink_kitchen_floor_coordination_isced_f_2013_1013_0,spec_kitchen_floor_coordination,kc_isced_1013,draws_on,هماهنگیِ خروجِ غذا,expediting and course firing,
klink_kitchen_floor_coordination_isced_f_2013_0417_1,spec_kitchen_floor_coordination,kc_isced_0417,draws_on,ارتباطِ روشن در کار,clear workplace communication,
klink_opening_closing_sidework_isced_f_2013_1013_0,spec_opening_closing_sidework,kc_isced_1013,draws_on,آماده‌سازیِ ایستگاهِ سرو,service station set-up,
klink_opening_closing_sidework_isced_f_2013_0417_1,spec_opening_closing_sidework,kc_isced_0417,draws_on,کار با فهرستِ وارسی,checklists,
klink_glassware_cutlery_polishing_isced_f_2013_1021_0,spec_glassware_cutlery_polishing,kc_isced_1021,draws_on,دست‌زدنِ بهداشتی به ظرفِ تمیز,hygienic handling of clean ware,ظرفِ تمیز را از دسته و پایه می‌گیرند
klink_linen_handling_isced_f_2013_1011_0,spec_linen_handling,kc_isced_1011,draws_on,شستشو و نگهداریِ منسوجات,laundry and linen care,
klink_linen_handling_isced_f_2013_1021_1,spec_linen_handling,kc_isced_1021,draws_on,جداسازیِ پارچه‌ی آلوده و تمیز,separating soiled and clean textiles,
klink_dining_area_cleaning_isced_f_2013_1021_0,spec_dining_area_cleaning,kc_isced_1021,draws_on,نظافتِ فضاهای عمومی,cleaning public areas,
klink_dining_area_cleaning_isced_f_2013_1022_1,spec_dining_area_cleaning,kc_isced_1022,draws_on,هشدارِ کفِ خیس و ایمنیِ مواد شوینده,wet-floor warning and chemical safety,
klink_emergency_guest_evacuation_isced_f_2013_1022_0,spec_emergency_guest_evacuation,kc_isced_1022,draws_on,روالِ تخلیه‌ی اضطراری,evacuation procedures,
klink_emergency_guest_evacuation_isced_f_2013_1032_1,spec_emergency_guest_evacuation,kc_isced_1032,draws_on,ایمنیِ جمعیت,crowd safety,
klink_vip_guest_handling_isced_f_2013_1013_0,spec_vip_guest_handling,kc_isced_1013,draws_on,سابقه‌ی مهمان و پذیراییِ شخصی,guest history and personalised service,
klink_vip_guest_handling_isced_f_2013_0414_1,spec_vip_guest_handling,kc_isced_0414,draws_on,مدیریتِ ارتباط با مشتری,customer relationship management,
klink_discretion_confidentiality_isced_f_2013_0417_0,spec_discretion_confidentiality,kc_isced_0417,draws_on,رفتارِ حرفه‌ای,professional conduct,
klink_discretion_confidentiality_isced_f_2013_0421_1,spec_discretion_confidentiality,kc_isced_0421,draws_on,حقِ حریمِ خصوصی,privacy rights,
klink_room_service_delivery_isced_f_2013_1013_0,spec_room_service_delivery,kc_isced_1013,draws_on,روالِ سروِ غذا در اتاق,in-room dining procedures,
klink_room_service_delivery_isced_f_2013_1032_1,spec_room_service_delivery,kc_isced_1032,draws_on,ایمنی هنگامِ ورود به اتاقِ مهمان,safety when entering guest rooms,در را نیمه‌باز نگه دارید
klink_minibar_stock_control_isced_f_2013_0416_0,spec_minibar_stock_control,kc_isced_0416,draws_on,تأمینِ دوباره‌ی کالا و ثبتِ فروش,stock replenishment and charging,
klink_minibar_stock_control_isced_f_2013_0411_1,spec_minibar_stock_control,kc_isced_0411,draws_on,ثبتِ هزینه به حسابِ مهمان,posting charges to guest accounts,
klink_buffet_replenishment_isced_f_2013_1013_0,spec_buffet_replenishment,kc_isced_1013,draws_on,چیدمان و جریانِ بوفه,buffet presentation and flow,
klink_buffet_replenishment_isced_f_2013_0511_1,spec_buffet_replenishment,kc_isced_0511,draws_on,رشدِ باکتری با گذشتِ زمان,bacterial growth over time,غذای تازه روی باقیِ غذای قبلی ریخته نمی‌شود
klink_chafing_dish_operation_isced_f_2013_0533_0,spec_chafing_dish_operation,kc_isced_0533,draws_on,انتقالِ گرما با حمامِ آب,heat transfer through a water bath,
klink_chafing_dish_operation_isced_f_2013_1022_1,spec_chafing_dish_operation,kc_isced_1022,draws_on,ایمنیِ شعله و سوختِ ژله‌ای,open-flame and gel-fuel safety,هرگز ژل را روشن پر نکنید
klink_speed_of_service_isced_f_2013_1013_0,spec_speed_of_service,kc_isced_1013,draws_on,خطِ تولیدِ غذای سریع,quick-service production lines,
klink_speed_of_service_isced_f_2013_0413_1,spec_speed_of_service,kc_isced_0413,draws_on,زمان‌سنجی و استانداردِ فرایند,process timing and standards,
klink_order_accuracy_check_isced_f_2013_0417_0,spec_order_accuracy_check,kc_isced_0417,draws_on,دقت و فهرستِ وارسی,attention to detail and checklists,
klink_drive_through_communication_isced_f_2013_0231_0,spec_drive_through_communication,kc_isced_0231,draws_on,گفتارِ روشن و بازخوانی,clear speech and read-back,بازخواندنِ سفارش، اشتباه را پیش از پخت پیدا می‌کند
klink_self_order_kiosk_assistance_isced_f_2013_0611_0,spec_self_order_kiosk_assistance,kc_isced_0611,draws_on,صفحه‌ی لمسی و کدِ QR,touchscreen and QR interfaces,
klink_meal_card_systems_isced_f_2013_0611_0,spec_meal_card_systems,kc_isced_0611,draws_on,کارت‌خوان و نرم‌افزارِ رزرو,card readers and reservation software,
klink_phone_etiquette_isced_f_2013_0415_0,spec_phone_etiquette,kc_isced_0415,draws_on,ارتباطِ تلفنی,telephone communication,
klink_phone_etiquette_isced_f_2013_0231_1,spec_phone_etiquette,kc_isced_0231,draws_on,روشنیِ گفتار,spoken clarity,
klink_chat_support_writing_isced_f_2013_0231_0,spec_chat_support_writing,kc_isced_0231,draws_on,لحن و سیاقِ نوشتار,written register and tone,
klink_chat_support_writing_isced_f_2013_0611_1,spec_chat_support_writing,kc_isced_0611,draws_on,ابزارهای چتِ پشتیبانی,helpdesk chat tools,
klink_support_ticketing_isced_f_2013_0611_0,spec_support_ticketing,kc_isced_0611,draws_on,نرم‌افزارِ تیکت,ticketing software,
klink_support_ticketing_isced_f_2013_0413_1,spec_support_ticketing,kc_isced_0413,draws_on,پیگیریِ سطحِ خدمت,service-level tracking,
klink_order_issue_resolution_isced_f_2013_0416_0,spec_order_issue_resolution,kc_isced_0416,draws_on,بازگشت و بازپرداختِ وجه,returns and refunds,
klink_order_issue_resolution_isced_f_2013_0313_1,spec_order_issue_resolution,kc_isced_0313,draws_on,روان‌شناسیِ جبرانِ خطا,service recovery psychology,
klink_menu_listing_management_isced_f_2013_0611_0,spec_menu_listing_management,kc_isced_0611,draws_on,پنلِ فروشندگان,merchant dashboards,
klink_menu_listing_management_isced_f_2013_0414_1,spec_menu_listing_management,kc_isced_0414,draws_on,نمایشِ محصول در فروشگاهِ آنلاین,online product presentation,
klink_patient_meal_service_isced_f_2013_0915_0,spec_patient_meal_service,kc_isced_0915,draws_on,رژیم‌های درمانی,therapeutic diets,
klink_patient_meal_service_isced_f_2013_0913_1,spec_patient_meal_service,kc_isced_0913,draws_on,روالِ بخش و شناساییِ بیمار,ward routines and patient identification,نام و شماره‌ی تخت را دو بار بخوانید
klink_infection_control_basics_isced_f_2013_0913_0,spec_infection_control_basics,kc_isced_0913,draws_on,پیشگیری و کنترلِ عفونت,infection prevention and control,
klink_infection_control_basics_isced_f_2013_0511_1,spec_infection_control_basics,kc_isced_0511,draws_on,راه‌های انتقالِ میکروب,pathogen transmission,
klink_feeding_assistance_isced_f_2013_0921_0,spec_feeding_assistance,kc_isced_0921,draws_on,مراقبت از سالمندان,care of the elderly,
klink_feeding_assistance_isced_f_2013_0915_1,spec_feeding_assistance,kc_isced_0915,draws_on,غذای با بافتِ تغییر یافته و اختلالِ بلع,texture-modified diets and dysphagia,غذای نرم را کمی و آرام بدهید
klink_feeding_assistance_isced_f_2013_0913_2,spec_feeding_assistance,kc_isced_0913,draws_on,خطرِ ورودِ غذا به ریه و وضعیتِ نشستن,aspiration risk and positioning,
klink_child_safeguarding_isced_f_2013_0922_0,spec_child_safeguarding,kc_isced_0922,draws_on,حمایت از کودک,child protection,
klink_child_safeguarding_isced_f_2013_0923_1,spec_child_safeguarding,kc_isced_0923,draws_on,گزارشِ نگرانی,reporting concerns,
klink_school_nutrition_rules_isced_f_2013_0915_0,spec_school_nutrition_rules,kc_isced_0915,draws_on,تغذیه‌ی کودک,child nutrition,
klink_school_nutrition_rules_isced_f_2013_0421_1,spec_school_nutrition_rules,kc_isced_0421,draws_on,مقرراتِ خوراکیِ مدارس,school food regulations,
klink_moving_vehicle_service_isced_f_2013_1041_0,spec_moving_vehicle_service,kc_isced_1041,draws_on,روالِ پذیرایی در کابین,cabin and onboard service procedures,
klink_moving_vehicle_service_isced_f_2013_1022_1,spec_moving_vehicle_service,kc_isced_1022,draws_on,کار در وسیله‌ی در حرکت,working in moving vehicles,نوشیدنیِ داغ را هرگز از روی سرِ مسافر رد نکنید
klink_transport_catering_security_isced_f_2013_1032_0,spec_transport_catering_security,kc_isced_1032,draws_on,کنترل‌های امنیتی در حمل‌ونقل,security controls in transport,
klink_transport_catering_security_isced_f_2013_1041_1,spec_transport_catering_security,kc_isced_1041,draws_on,قواعدِ کترینگِ هوایی و ریلی,aviation and rail catering rules,
klink_banquet_service_styles_isced_f_2013_1013_0,spec_banquet_service_styles,kc_isced_1013,draws_on,عملیاتِ ضیافت,banquet operations,
klink_celebration_service_etiquette_isced_f_2013_0314_0,spec_celebration_service_etiquette,kc_isced_0314,draws_on,رسم‌های عروسی و جشن,wedding and celebration customs,
klink_celebration_service_etiquette_isced_f_2013_1013_1,spec_celebration_service_etiquette,kc_isced_1013,draws_on,ترتیبِ پذیرایی در مراسم,event service running order,
klink_mourning_religious_service_etiquette_isced_f_2013_0221_0,spec_mourning_religious_service_etiquette,kc_isced_0221,draws_on,آیین‌ها و مجالسِ مذهبی,religious rites and gatherings,
klink_mourning_religious_service_etiquette_isced_f_2013_0314_1,spec_mourning_religious_service_etiquette,kc_isced_0314,draws_on,رسم‌های سوگواری,mourning customs,
klink_bulk_serving_isced_f_2013_1013_0,spec_bulk_serving,kc_isced_1013,draws_on,تقسیمِ غذا در حجمِ زیاد,large-volume portioning,
klink_bulk_serving_isced_f_2013_1022_1,spec_bulk_serving,kc_isced_1022,draws_on,خطرِ بلندکردن و سوختگی با دیگ,lifting and burn risks with large pots,دیگِ بزرگ را همیشه دو نفر جابه‌جا کنند
klink_event_setup_breakdown_isced_f_2013_1013_0,spec_event_setup_breakdown,kc_isced_1013,draws_on,پشتیبانیِ مراسم,event logistics,
klink_event_setup_breakdown_isced_f_2013_1022_1,spec_event_setup_breakdown,kc_isced_1022,draws_on,جابه‌جاییِ ایمنِ اثاثیه,manual handling of furniture,
klink_seating_plan_and_layout_isced_f_2013_0212_0,spec_seating_plan_and_layout,kc_isced_0212,draws_on,برنامه‌ریزیِ فضای داخلی,interior space planning,
klink_seating_plan_and_layout_isced_f_2013_1022_1,spec_seating_plan_and_layout,kc_isced_1022,draws_on,مسیرهای خروج و آتش,egress and fire routes,
klink_table_decor_design_isced_f_2013_0212_0,spec_table_decor_design,kc_isced_0212,draws_on,طراحیِ تزئینی و رنگ,decorative design and colour,
klink_table_decor_design_isced_f_2013_1013_1,spec_table_decor_design,kc_isced_1013,draws_on,چیدمانِ کاربردیِ میز,functional table layout,
klink_event_timeline_coordination_isced_f_2013_1015_0,spec_event_timeline_coordination,kc_isced_1015,draws_on,مدیریتِ رویداد,event management,
klink_event_timeline_coordination_isced_f_2013_0413_1,spec_event_timeline_coordination,kc_isced_0413,draws_on,زمان‌بندیِ پروژه,project scheduling,
klink_event_headcount_quantity_planning_isced_f_2013_0541_0,spec_event_headcount_quantity_planning,kc_isced_0541,draws_on,نسبت و مقیاس‌بندی,ratios and proportional scaling,هر ۱۰۰ نفر حدودِ ۱۲ تا ۱۵ کیلو برنجِ خام
klink_event_headcount_quantity_planning_isced_f_2013_1013_1,spec_event_headcount_quantity_planning,kc_isced_1013,draws_on,برنامه‌ریزیِ تولیدِ کترینگ,catering production planning,
klink_catering_quotation_isced_f_2013_0411_0,spec_catering_quotation,kc_isced_0411,draws_on,قیمت‌گذاری و صدورِ فاکتور,pricing and invoicing,
klink_catering_quotation_isced_f_2013_0421_1,spec_catering_quotation,kc_isced_0421,draws_on,شرایطِ قرارداد و لغو,contract terms and cancellation,
klink_catering_sales_consultation_isced_f_2013_0416_0,spec_catering_sales_consultation,kc_isced_0416,draws_on,فروشِ مشاوره‌ای,consultative selling,
klink_catering_sales_consultation_isced_f_2013_0414_1,spec_catering_sales_consultation,kc_isced_0414,draws_on,تحلیلِ نیازِ مشتری,customer needs analysis,
klink_hot_food_transport_isced_f_2013_0533_0,spec_hot_food_transport,kc_isced_0533,draws_on,عایق‌بندیِ گرمایی و اتلافِ گرما,thermal insulation and heat loss,جعبه‌ی نیمه‌پر زودتر سرد می‌شود
klink_hot_food_transport_isced_f_2013_0511_1,spec_hot_food_transport,kc_isced_0511,draws_on,رشدِ باکتری در دمای خطر,bacterial growth in the danger zone,میانِ ۵ و ۶۰ درجه
klink_vehicle_loading_securing_isced_f_2013_1041_0,spec_vehicle_loading_securing,kc_isced_1041,draws_on,مهارِ بار,load securing,
klink_vehicle_loading_securing_isced_f_2013_0533_1,spec_vehicle_loading_securing,kc_isced_0533,draws_on,لَختی هنگامِ ترمز,inertia under braking,
klink_outdoor_site_hygiene_isced_f_2013_1021_0,spec_outdoor_site_hygiene,kc_isced_1021,draws_on,بهداشتِ محیطِ بیرونی,field sanitation,
klink_outdoor_site_hygiene_isced_f_2013_0511_1,spec_outdoor_site_hygiene,kc_isced_0511,draws_on,منابعِ آلودگی در بیرون,contamination sources outdoors,
klink_weather_self_care_isced_f_2013_1022_0,spec_weather_self_care,kc_isced_1022,draws_on,تنشِ گرمایی و سرمایی,heat stress and cold exposure,
klink_weather_self_care_isced_f_2013_0913_1,spec_weather_self_care,kc_isced_0913,draws_on,شناختنِ بیماریِ ناشی از گرما,recognising heat illness,
klink_safe_motorcycle_riding_isced_f_2013_1041_0,spec_safe_motorcycle_riding,kc_isced_1041,draws_on,رانندگیِ تدافعی,defensive riding,
klink_safe_motorcycle_riding_isced_f_2013_1022_1,spec_safe_motorcycle_riding,kc_isced_1022,draws_on,پیشگیری از آسیبِ جاده‌ای,road injury prevention,کلاهِ ایمنی خطرِ مرگ را بسیار کم می‌کند
klink_safe_motorcycle_riding_isced_f_2013_0533_2,spec_safe_motorcycle_riding,kc_isced_0533,draws_on,مسافتِ ترمز و اصطکاک,braking distance and friction,روی آسفالتِ خیس مسافتِ ترمز بیشتر است
klink_safe_cycling_isced_f_2013_1041_0,spec_safe_cycling,kc_isced_1041,draws_on,دوچرخه‌سواری در ترافیک,cycling in traffic,
klink_safe_cycling_isced_f_2013_0533_1,spec_safe_cycling,kc_isced_0533,draws_on,تعادل با بار,balance with a load,
klink_defensive_driving_isced_f_2013_1041_0,spec_defensive_driving,kc_isced_1041,draws_on,رانندگیِ تدافعی,defensive driving,
klink_defensive_driving_isced_f_2013_1022_1,spec_defensive_driving,kc_isced_1022,draws_on,خستگی و حواس‌پرتی,fatigue and distraction,
klink_traffic_rules_iran_isced_f_2013_0421_0,spec_traffic_rules_iran,kc_isced_0421,draws_on,قانونِ ترافیک و بیمه,traffic and insurance law,
klink_traffic_rules_iran_isced_f_2013_1041_1,spec_traffic_rules_iran,kc_isced_1041,draws_on,دسته‌های گواهی‌نامه,licensing categories,
klink_navigation_apps_isced_f_2013_0611_0,spec_navigation_apps,kc_isced_0611,draws_on,نرم‌افزارِ نقشه و مکان‌یابی,map applications and GPS,
klink_navigation_apps_isced_f_2013_1041_1,spec_navigation_apps,kc_isced_1041,draws_on,راه‌یابی در شهر,urban wayfinding,
klink_route_planning_isced_f_2013_0541_0,spec_route_planning,kc_isced_0541,draws_on,بهینه‌سازیِ مسیر,route optimisation,کوتاه‌ترین راه همیشه سریع‌ترین نیست
klink_route_planning_isced_f_2013_1041_1,spec_route_planning,kc_isced_1041,draws_on,پشتیبانیِ ارسالِ شهری,urban delivery logistics,
klink_delivery_app_operation_isced_f_2013_0611_0,spec_delivery_app_operation,kc_isced_0611,draws_on,کار با اپِ گوشی,mobile app use,
klink_delivery_app_operation_isced_f_2013_1041_1,spec_delivery_app_operation,kc_isced_1041,draws_on,مراحلِ وضعیتِ ارسال,delivery status workflow,
klink_delivery_bag_care_isced_f_2013_1021_0,spec_delivery_bag_care,kc_isced_1021,draws_on,ضدعفونیِ ظرفِ حمل,sanitising transport containers,
klink_cash_on_delivery_isced_f_2013_0411_0,spec_cash_on_delivery,kc_isced_0411,draws_on,تطبیقِ وجهِ نقد,cash reconciliation,
klink_cash_on_delivery_isced_f_2013_0416_1,spec_cash_on_delivery,kc_isced_0416,draws_on,پرداخت در محلِ فروش,point-of-sale payment,
klink_doorstep_etiquette_isced_f_2013_0314_0,spec_doorstep_etiquette,kc_isced_0314,draws_on,هنجارِ حریمِ خانه,privacy and domestic space norms,
klink_doorstep_etiquette_isced_f_2013_1032_1,spec_doorstep_etiquette,kc_isced_1032,draws_on,ایمنیِ فردی درِ خانه,personal safety at the door,
klink_personal_security_awareness_isced_f_2013_1032_0,spec_personal_security_awareness,kc_isced_1032,draws_on,ایمنیِ فردی و پیشگیری از جرم,personal safety and crime prevention,
klink_vehicle_basic_maintenance_isced_f_2013_0716_0,spec_vehicle_basic_maintenance,kc_isced_0716,draws_on,نگهداریِ وسیله‌ی موتوری,motor vehicle maintenance,
klink_vehicle_basic_maintenance_isced_f_2013_0715_1,spec_vehicle_basic_maintenance,kc_isced_0715,draws_on,زنجیر، ترمز و فرسایشِ مکانیکی,"chains, brakes and mechanical wear",
klink_dispatch_assignment_isced_f_2013_1041_0,spec_dispatch_assignment,kc_isced_1041,draws_on,عملیاتِ اعزام,dispatch operations,
klink_dispatch_assignment_isced_f_2013_0541_1,spec_dispatch_assignment,kc_isced_0541,draws_on,مسئله‌ی تخصیص و زمان‌بندی,assignment and scheduling problems,
klink_dispatch_assignment_isced_f_2013_0611_2,spec_dispatch_assignment,kc_isced_0611,draws_on,داشبوردِ ردیابیِ زنده,live tracking dashboards,
klink_peak_demand_planning_isced_f_2013_0542_0,spec_peak_demand_planning,kc_isced_0542,draws_on,پیش‌بینیِ تقاضا از داده‌ی گذشته,demand forecasting from past data,
klink_peak_demand_planning_isced_f_2013_0413_1,spec_peak_demand_planning,kc_isced_0413,draws_on,برنامه‌ریزیِ ظرفیت,capacity planning,
klink_restaurant_manager_isco_1412,spec_restaurant_manager,kc_isco_1412,classified_as,,,
klink_cafe_manager_isco_1412,spec_cafe_manager,kc_isco_1412,classified_as,,,
klink_owner_operator_isco_1412,spec_owner_operator,kc_isco_1412,classified_as,,,
klink_assistant_manager_isco_1412,spec_assistant_manager,kc_isco_1412,classified_as,,,
klink_shift_supervisor_isco_1412,spec_shift_supervisor,kc_isco_1412,classified_as,,,
klink_shift_supervisor_isco_5222,spec_shift_supervisor,kc_isco_5222,classified_as,,,
klink_payroll_accounting_clerk_isco_4313,spec_payroll_accounting_clerk,kc_isco_4313,classified_as,,,
klink_payroll_accounting_clerk_isco_4311,spec_payroll_accounting_clerk,kc_isco_4311,classified_as,,,
klink_general_manager_isco_1412,spec_general_manager,kc_isco_1412,classified_as,,,
klink_general_manager_isco_1120,spec_general_manager,kc_isco_1120,classified_as,,,
klink_fnb_director_isco_1412,spec_fnb_director,kc_isco_1412,classified_as,,,
klink_fnb_director_isco_1411,spec_fnb_director,kc_isco_1411,classified_as,,,
klink_outlet_manager_isco_1412,spec_outlet_manager,kc_isco_1412,classified_as,,,
klink_operations_area_manager_isco_1412,spec_operations_area_manager,kc_isco_1412,classified_as,,,
klink_operations_area_manager_isco_1120,spec_operations_area_manager,kc_isco_1120,classified_as,,,
klink_franchise_manager_isco_1412,spec_franchise_manager,kc_isco_1412,classified_as,,,
klink_franchise_manager_isco_1221,spec_franchise_manager,kc_isco_1221,classified_as,,,
klink_kitchen_manager_isco_1412,spec_kitchen_manager,kc_isco_1412,classified_as,,,
klink_cloud_kitchen_manager_isco_1412,spec_cloud_kitchen_manager,kc_isco_1412,classified_as,,,
klink_food_truck_operator_isco_5212,spec_food_truck_operator,kc_isco_5212,classified_as,,,
klink_food_truck_operator_isco_1412,spec_food_truck_operator,kc_isco_1412,classified_as,,,
klink_catering_business_manager_isco_1412,spec_catering_business_manager,kc_isco_1412,classified_as,,,
klink_hospitality_hr_officer_isco_2423,spec_hospitality_hr_officer,kc_isco_2423,classified_as,,,
klink_hospitality_hr_officer_isco_4416,spec_hospitality_hr_officer,kc_isco_4416,classified_as,,,
klink_cost_controller_isco_3313,spec_cost_controller,kc_isco_3313,classified_as,,,
klink_cost_controller_isco_2411,spec_cost_controller,kc_isco_2411,classified_as,,,
klink_revenue_pricing_analyst_isco_2413,spec_revenue_pricing_analyst,kc_isco_2413,classified_as,,,
klink_revenue_pricing_analyst_isco_2421,spec_revenue_pricing_analyst,kc_isco_2421,classified_as,,,
klink_food_safety_officer_isco_2263,spec_food_safety_officer,kc_isco_2263,classified_as,,,
klink_food_safety_officer_isco_3257,spec_food_safety_officer,kc_isco_3257,classified_as,,,
klink_quality_control_inspector_isco_3257,spec_quality_control_inspector,kc_isco_3257,classified_as,,,
klink_quality_control_inspector_isco_7515,spec_quality_control_inspector,kc_isco_7515,classified_as,,,
klink_dietitian_nutritionist_isco_2265,spec_dietitian_nutritionist,kc_isco_2265,classified_as,,,
klink_ohs_officer_isco_2263,spec_ohs_officer,kc_isco_2263,classified_as,,,
klink_ohs_officer_isco_3257,spec_ohs_officer,kc_isco_3257,classified_as,,,
klink_hygiene_auditor_isco_3257,spec_hygiene_auditor,kc_isco_3257,classified_as,,,
klink_menu_nutrition_analyst_isco_2265,spec_menu_nutrition_analyst,kc_isco_2265,classified_as,,,
klink_allergen_coordinator_isco_3257,spec_allergen_coordinator,kc_isco_3257,classified_as,,,
klink_sensory_panelist_isco_7515,spec_sensory_panelist,kc_isco_7515,classified_as,,,
klink_food_lab_technician_isco_3141,spec_food_lab_technician,kc_isco_3141,classified_as,,,
klink_food_lab_technician_isco_3111,spec_food_lab_technician,kc_isco_3111,classified_as,,,
klink_technical_responsible_officer_isco_2145,spec_technical_responsible_officer,kc_isco_2145,classified_as,,,
klink_technical_responsible_officer_isco_3257,spec_technical_responsible_officer,kc_isco_3257,classified_as,,,
klink_espresso_machine_technician_isco_7412,spec_espresso_machine_technician,kc_isco_7412,classified_as,,,
klink_espresso_machine_technician_isco_7233,spec_espresso_machine_technician,kc_isco_7233,classified_as,,,
klink_kitchen_equipment_technician_isco_7233,spec_kitchen_equipment_technician,kc_isco_7233,classified_as,,,
klink_kitchen_equipment_technician_isco_7412,spec_kitchen_equipment_technician,kc_isco_7412,classified_as,,,
klink_refrigeration_technician_isco_7127,spec_refrigeration_technician,kc_isco_7127,classified_as,,,
klink_electrician_isco_7411,spec_electrician,kc_isco_7411,classified_as,,,
klink_plumber_isco_7126,spec_plumber,kc_isco_7126,classified_as,,,
klink_cleaning_crew_member_isco_9112,spec_cleaning_crew_member,kc_isco_9112,classified_as,,,
klink_gas_appliance_technician_isco_7126,spec_gas_appliance_technician,kc_isco_7126,classified_as,,,
klink_exhaust_hood_cleaner_isco_7133,spec_exhaust_hood_cleaner,kc_isco_7133,classified_as,,,
klink_exhaust_hood_cleaner_isco_9129,spec_exhaust_hood_cleaner,kc_isco_9129,classified_as,,,
klink_pos_it_support_isco_3512,spec_pos_it_support,kc_isco_3512,classified_as,,,
klink_pos_it_support_isco_7422,spec_pos_it_support,kc_isco_7422,classified_as,,,
klink_deep_clean_specialist_isco_9112,spec_deep_clean_specialist,kc_isco_9112,classified_as,,,
klink_deep_clean_specialist_isco_7133,spec_deep_clean_specialist,kc_isco_7133,classified_as,,,
klink_cleaning_supervisor_isco_5151,spec_cleaning_supervisor,kc_isco_5151,classified_as,,,
klink_pest_control_technician_isco_7544,spec_pest_control_technician,kc_isco_7544,classified_as,,,
klink_maintenance_supervisor_isco_3115,spec_maintenance_supervisor,kc_isco_3115,classified_as,,,
klink_maintenance_supervisor_isco_3123,spec_maintenance_supervisor,kc_isco_3123,classified_as,,,
klink_general_maintenance_technician_isco_5153,spec_general_maintenance_technician,kc_isco_5153,classified_as,,,
klink_general_maintenance_technician_isco_7549,spec_general_maintenance_technician,kc_isco_7549,classified_as,,,
klink_security_officer_isco_5414,spec_security_officer,kc_isco_5414,classified_as,,,
klink_purchasing_officer_isco_3323,spec_purchasing_officer,kc_isco_3323,classified_as,,,
klink_storekeeper_isco_4321,spec_storekeeper,kc_isco_4321,classified_as,,,
klink_warehouse_associate_isco_9333,spec_warehouse_associate,kc_isco_9333,classified_as,,,
klink_warehouse_associate_isco_9321,spec_warehouse_associate,kc_isco_9321,classified_as,,,
klink_cold_chain_driver_isco_8322,spec_cold_chain_driver,kc_isco_8322,classified_as,,,
klink_cold_chain_driver_isco_8332,spec_cold_chain_driver,kc_isco_8332,classified_as,,,
klink_receiving_clerk_isco_4321,spec_receiving_clerk,kc_isco_4321,classified_as,,,
klink_fresh_produce_sourcing_specialist_isco_3323,spec_fresh_produce_sourcing_specialist,kc_isco_3323,classified_as,,,
klink_meat_fish_sourcing_specialist_isco_3323,spec_meat_fish_sourcing_specialist,kc_isco_3323,classified_as,,,
klink_meat_fish_sourcing_specialist_isco_7511,spec_meat_fish_sourcing_specialist,kc_isco_7511,classified_as,,,
klink_logistics_coordinator_isco_4323,spec_logistics_coordinator,kc_isco_4323,classified_as,,,
klink_logistics_coordinator_isco_1324,spec_logistics_coordinator,kc_isco_1324,classified_as,,,
klink_packaging_supplier_liaison_isco_3323,spec_packaging_supplier_liaison,kc_isco_3323,classified_as,,,
klink_supply_chain_manager_isco_1324,spec_supply_chain_manager,kc_isco_1324,classified_as,,,
klink_production_line_operator_isco_8160,spec_production_line_operator,kc_isco_8160,classified_as,,,
klink_packaging_operator_isco_8183,spec_packaging_operator,kc_isco_8183,classified_as,,,
klink_packaging_operator_isco_9321,spec_packaging_operator,kc_isco_9321,classified_as,,,
klink_process_supervisor_isco_3122,spec_process_supervisor,kc_isco_3122,classified_as,,,
klink_rd_development_chef_isco_3434,spec_rd_development_chef,kc_isco_3434,classified_as,,,
klink_food_technologist_isco_2145,spec_food_technologist,kc_isco_2145,classified_as,,,
klink_production_planner_isco_4322,spec_production_planner,kc_isco_4322,classified_as,,,
klink_labeling_regulatory_specialist_isco_2145,spec_labeling_regulatory_specialist,kc_isco_2145,classified_as,,,
klink_labeling_regulatory_specialist_isco_3257,spec_labeling_regulatory_specialist,kc_isco_3257,classified_as,,,
klink_production_manager_isco_1321,spec_production_manager,kc_isco_1321,classified_as,,,
klink_machine_setup_technician_isco_7233,spec_machine_setup_technician,kc_isco_7233,classified_as,,,
klink_social_media_content_creator_isco_2431,spec_social_media_content_creator,kc_isco_2431,classified_as,,,
klink_social_media_content_creator_isco_2166,spec_social_media_content_creator,kc_isco_2166,classified_as,,,
klink_food_photographer_isco_3431,spec_food_photographer,kc_isco_3431,classified_as,,,
klink_menu_designer_engineer_isco_2166,spec_menu_designer_engineer,kc_isco_2166,classified_as,,,
klink_menu_designer_engineer_isco_2431,spec_menu_designer_engineer,kc_isco_2431,classified_as,,,
klink_marketplace_manager_isco_2431,spec_marketplace_manager,kc_isco_2431,classified_as,,,
klink_food_stylist_isco_3435,spec_food_stylist,kc_isco_3435,classified_as,,,
klink_customer_experience_analyst_isco_2431,spec_customer_experience_analyst,kc_isco_2431,classified_as,,,
klink_customer_experience_analyst_isco_2421,spec_customer_experience_analyst,kc_isco_2421,classified_as,,,
klink_loyalty_community_coordinator_isco_2432,spec_loyalty_community_coordinator,kc_isco_2432,classified_as,,,
klink_loyalty_community_coordinator_isco_2431,spec_loyalty_community_coordinator,kc_isco_2431,classified_as,,,
klink_interior_concept_designer_isco_3432,spec_interior_concept_designer,kc_isco_3432,classified_as,,,
klink_interior_concept_designer_isco_2163,spec_interior_concept_designer,kc_isco_2163,classified_as,,,
klink_marketing_manager_isco_1221,spec_marketing_manager,kc_isco_1221,classified_as,,,
klink_graphic_designer_isco_2166,spec_graphic_designer,kc_isco_2166,classified_as,,,
klink_hospitality_trainer_isco_2424,spec_hospitality_trainer,kc_isco_2424,classified_as,,,
klink_culinary_instructor_isco_2320,spec_culinary_instructor,kc_isco_2320,classified_as,,,
klink_vocational_assessor_isco_2359,spec_vocational_assessor,kc_isco_2359,classified_as,,,
klink_vocational_assessor_isco_2320,spec_vocational_assessor,kc_isco_2320,classified_as,,,
klink_onboarding_coordinator_isco_2424,spec_onboarding_coordinator,kc_isco_2424,classified_as,,,
klink_onboarding_coordinator_isco_2423,spec_onboarding_coordinator,kc_isco_2423,classified_as,,,
klink_workplace_mentor_isco_2424,spec_workplace_mentor,kc_isco_2424,classified_as,,,
klink_food_safety_trainer_isco_2424,spec_food_safety_trainer,kc_isco_2424,classified_as,,,
klink_food_safety_trainer_isco_3257,spec_food_safety_trainer,kc_isco_3257,classified_as,,,
klink_farm_to_table_coordinator_isco_3323,spec_farm_to_table_coordinator,kc_isco_3323,classified_as,,,
klink_farm_to_table_coordinator_isco_2132,spec_farm_to_table_coordinator,kc_isco_2132,classified_as,,,
klink_urban_grower_isco_6113,spec_urban_grower,kc_isco_6113,classified_as,,,
klink_urban_grower_isco_6111,spec_urban_grower,kc_isco_6111,classified_as,,,
klink_herb_saffron_sourcing_specialist_isco_3323,spec_herb_saffron_sourcing_specialist,kc_isco_3323,classified_as,,,
klink_herb_saffron_sourcing_specialist_isco_7515,spec_herb_saffron_sourcing_specialist,kc_isco_7515,classified_as,,,
klink_coffee_tea_origin_liaison_isco_3324,spec_coffee_tea_origin_liaison,kc_isco_3324,classified_as,,,
klink_coffee_tea_origin_liaison_isco_7515,spec_coffee_tea_origin_liaison,kc_isco_7515,classified_as,,,
klink_forager_isco_6210,spec_forager,kc_isco_6210,classified_as,,,
klink_operations_planning_isced_f_2013_0413_0,spec_operations_planning,kc_isced_0413,draws_on,مدیریتِ عملیات,operations management,
klink_operations_planning_isced_f_2013_1013_1,spec_operations_planning,kc_isced_1013,draws_on,گردشِ کار در کافه و رستوران,restaurant service flow,
klink_kpi_reporting_isced_f_2013_0413_0,spec_kpi_reporting,kc_isced_0413,draws_on,سنجشِ عملکرد,performance measurement,
klink_kpi_reporting_isced_f_2013_0542_1,spec_kpi_reporting,kc_isced_0542,draws_on,آمارِ توصیفی,descriptive statistics,میانگین، درصد و روندِ هفتگی
klink_recruitment_interviewing_isced_f_2013_0413_0,spec_recruitment_interviewing,kc_isced_0413,draws_on,مدیریتِ منابعِ انسانی,human resource management,
klink_recruitment_interviewing_isced_f_2013_0313_1,spec_recruitment_interviewing,kc_isced_0313,draws_on,روان‌شناسیِ انتخابِ افراد,personnel selection psychology,
klink_performance_review_isced_f_2013_0413_0,spec_performance_review,kc_isced_0413,draws_on,ارزیابیِ عملکرد,performance appraisal,
klink_performance_review_isced_f_2013_0313_1,spec_performance_review,kc_isced_0313,draws_on,بازخورد و انگیزش,feedback and motivation,
klink_multi_site_coordination_isced_f_2013_0413_0,spec_multi_site_coordination,kc_isced_0413,draws_on,ساختار و کنترلِ سازمانی,organisational structure and control,
klink_franchise_standards_isced_f_2013_0413_0,spec_franchise_standards,kc_isced_0413,draws_on,فرانچایز و واگذاریِ نمایندگی,franchising,
klink_franchise_standards_isced_f_2013_0421_1,spec_franchise_standards,kc_isced_0421,draws_on,حقوقِ قراردادها,contract law,
klink_business_planning_isced_f_2013_0413_0,spec_business_planning,kc_isced_0413,draws_on,برنامه‌ریزیِ راهبردی,strategic planning,
klink_business_planning_isced_f_2013_0311_1,spec_business_planning,kc_isced_0311,draws_on,عرضه و تقاضا,supply and demand,
klink_business_planning_isced_f_2013_0412_2,spec_business_planning,kc_isced_0412,draws_on,ارزیابیِ سرمایه‌گذاری,investment appraisal,دورهٔ برگشتِ سرمایه
klink_data_analysis_basics_isced_f_2013_0542_0,spec_data_analysis_basics,kc_isced_0542,draws_on,تحلیلِ آماری,statistical analysis,
klink_data_analysis_basics_isced_f_2013_0611_1,spec_data_analysis_basics,kc_isced_0611,draws_on,نرم‌افزارِ صفحه‌گسترده,spreadsheet software,
klink_virtual_brand_management_isced_f_2013_0414_0,spec_virtual_brand_management,kc_isced_0414,draws_on,مدیریتِ برند,brand management,
klink_virtual_brand_management_isced_f_2013_0413_1,spec_virtual_brand_management,kc_isced_0413,draws_on,مدیریتِ عملیات,operations management,
klink_p_and_l_reading_isced_f_2013_0411_0,spec_p_and_l_reading,kc_isced_0411,draws_on,صورت‌های مالی,financial statements,
klink_p_and_l_reading_isced_f_2013_0411_1,spec_p_and_l_reading,kc_isced_0411,draws_on,حسابداریِ مدیریت,management accounting,
klink_budgeting_isced_f_2013_0411_0,spec_budgeting,kc_isced_0411,draws_on,بودجه و انحراف از بودجه,budgeting and variance,
klink_budgeting_isced_f_2013_0412_1,spec_budgeting,kc_isced_0412,draws_on,مدیریتِ جریانِ نقدی,cash flow management,
klink_bookkeeping_basics_isced_f_2013_0411_0,spec_bookkeeping_basics,kc_isced_0411,draws_on,حسابداریِ دوطرفه,double-entry bookkeeping,
klink_payroll_calculation_isced_f_2013_0411_0,spec_payroll_calculation,kc_isced_0411,draws_on,حسابداریِ حقوق و دستمزد,payroll accounting,
klink_payroll_calculation_isced_f_2013_0421_1,spec_payroll_calculation,kc_isced_0421,draws_on,حداقلِ مزد و مزایای قانونی,statutory wage rules,
klink_tax_and_vat_isced_f_2013_0411_0,spec_tax_and_vat,kc_isced_0411,draws_on,مالیات و ارزشِ افزوده,taxation,
klink_tax_and_vat_isced_f_2013_0421_1,spec_tax_and_vat,kc_isced_0421,draws_on,قوانینِ مالیاتی,tax law,
klink_revenue_management_pricing_isced_f_2013_0311_0,spec_revenue_management_pricing,kc_isced_0311,draws_on,کششِ قیمتیِ تقاضا,price elasticity of demand,
klink_revenue_management_pricing_isced_f_2013_0414_1,spec_revenue_management_pricing,kc_isced_0414,draws_on,راهبردِ قیمت‌گذاری,pricing strategy,
klink_sales_forecasting_isced_f_2013_0542_0,spec_sales_forecasting,kc_isced_0542,draws_on,پیش‌بینی با سری‌های زمانی,time-series forecasting,ماه رمضان و نوروز الگوی فروش را عوض می‌کنند
klink_cash_reconciliation_isced_f_2013_0411_0,spec_cash_reconciliation,kc_isced_0411,draws_on,مغایرت‌گیری و تطبیقِ حساب,reconciliation,
klink_accounting_software_isced_f_2013_0611_0,spec_accounting_software,kc_isced_0611,draws_on,نرم‌افزارهای اداری و تجاری,business application software,
klink_accounting_software_isced_f_2013_0411_1,spec_accounting_software,kc_isced_0411,draws_on,حسابداریِ رایانه‌ای,computerised accounting,
klink_yield_testing_isced_f_2013_1013_0,spec_yield_testing,kc_isced_1013,draws_on,بازدهِ آشپزی,culinary yield,
klink_yield_testing_isced_f_2013_0541_1,spec_yield_testing,kc_isced_0541,draws_on,نسبت و درصد,ratios and percentages,
klink_iran_labour_law_isced_f_2013_0421_0,spec_iran_labour_law,kc_isced_0421,draws_on,حقوقِ کار,labour law,قانونِ کارِ جمهوریِ اسلامیِ ایران
klink_social_security_insurance_isced_f_2013_0421_0,spec_social_security_insurance,kc_isced_0421,draws_on,حقوقِ تأمینِ اجتماعی,social security law,
klink_social_security_insurance_isced_f_2013_0412_1,spec_social_security_insurance,kc_isced_0412,draws_on,بیمه,insurance,
klink_health_card_and_permits_isced_f_2013_1021_0,spec_health_card_and_permits,kc_isced_1021,draws_on,بهداشتِ محیط و مقرراتِ اماکنِ عمومی,environmental health regulation,
klink_health_card_and_permits_isced_f_2013_0421_1,spec_health_card_and_permits,kc_isced_0421,draws_on,حقوقِ اداری,administrative law,
klink_business_licensing_isced_f_2013_0421_0,spec_business_licensing,kc_isced_0421,draws_on,حقوقِ تجارت و قانونِ نظامِ صنفی,commercial law,
klink_food_regulatory_standards_isced_f_2013_0421_0,spec_food_regulatory_standards,kc_isced_0421,draws_on,حقوقِ مواد غذایی,food law,
klink_food_regulatory_standards_isced_f_2013_0721_1,spec_food_regulatory_standards,kc_isced_0721,draws_on,استانداردهای مواد غذایی,food standards,
klink_consumer_price_rules_isced_f_2013_0421_0,spec_consumer_price_rules,kc_isced_0421,draws_on,حقوقِ حمایت از مصرف‌کننده,consumer protection law,
klink_halal_requirements_isced_f_2013_0221_0,spec_halal_requirements,kc_isced_0221,draws_on,احکامِ شرعیِ خوراک,religious dietary law,
klink_halal_requirements_isced_f_2013_0721_1,spec_halal_requirements,kc_isced_0721,draws_on,کنترلِ فرایندِ حلال,halal process control,
klink_supply_contracts_isced_f_2013_0421_0,spec_supply_contracts,kc_isced_0421,draws_on,حقوقِ قراردادها,contract law,
klink_haccp_plan_development_isced_f_2013_0721_0,spec_haccp_plan_development,kc_isced_0721,draws_on,تحلیلِ خطر و نقاطِ کنترلِ بحرانی,hazard analysis and critical control points,
klink_haccp_plan_development_isced_f_2013_0511_1,spec_haccp_plan_development,kc_isced_0511,draws_on,میکروب‌شناسیِ مواد غذایی,food microbiology,باکتری‌ها بینِ ۵ و ۶۰ درجه سریع زیاد می‌شوند
klink_food_safety_auditing_isced_f_2013_0721_0,spec_food_safety_auditing,kc_isced_0721,draws_on,ممیزیِ نظامِ مدیریتِ ایمنیِ غذا,food safety management system audits,
klink_food_safety_auditing_isced_f_2013_1021_1,spec_food_safety_auditing,kc_isced_1021,draws_on,بازرسیِ بهداشتی,sanitary inspection,
klink_environmental_swab_sampling_isced_f_2013_0511_0,spec_environmental_swab_sampling,kc_isced_0511,draws_on,میکروب‌شناسی,microbiology,
klink_environmental_swab_sampling_isced_f_2013_1021_1,spec_environmental_swab_sampling,kc_isced_1021,draws_on,پایشِ بهداشت,hygiene monitoring,
klink_traceability_and_recall_isced_f_2013_0721_0,spec_traceability_and_recall,kc_isced_0721,draws_on,ردیابیِ مواد غذایی,food traceability,
klink_traceability_and_recall_isced_f_2013_0413_1,spec_traceability_and_recall,kc_isced_0413,draws_on,مدیریتِ بحران,crisis management,
klink_iso_22000_basics_isced_f_2013_0721_0,spec_iso_22000_basics,kc_isced_0721,draws_on,نظامِ مدیریتِ ایمنیِ غذا,food safety management systems,
klink_iso_22000_basics_isced_f_2013_0413_1,spec_iso_22000_basics,kc_isced_0413,draws_on,استانداردهای نظامِ مدیریت,management system standards,
klink_food_fraud_detection_isced_f_2013_0531_0,spec_food_fraud_detection,kc_isced_0531,draws_on,شیمیِ تجزیه,analytical chemistry,
klink_food_fraud_detection_isced_f_2013_0721_1,spec_food_fraud_detection,kc_isced_0721,draws_on,اصالتِ مواد غذایی,food authenticity,
klink_gmp_isced_f_2013_0721_0,spec_gmp,kc_isced_0721,draws_on,اصولِ خوب ساخت,good manufacturing practice,
klink_gmp_isced_f_2013_1021_1,spec_gmp,kc_isced_1021,draws_on,طراحیِ بهداشتی,sanitary design,
klink_nutrition_analysis_isced_f_2013_0915_0,spec_nutrition_analysis,kc_isced_0915,draws_on,علومِ تغذیه و رژیم‌درمانی,dietetics,
klink_nutrition_analysis_isced_f_2013_0512_1,spec_nutrition_analysis,kc_isced_0512,draws_on,بیوشیمیِ درشت‌مغذی‌ها,macronutrient biochemistry,
klink_nutrition_analysis_isced_f_2013_0541_2,spec_nutrition_analysis,kc_isced_0541,draws_on,محاسبهٔ تناسبی,proportional calculation,
klink_diet_planning_isced_f_2013_0915_0,spec_diet_planning,kc_isced_0915,draws_on,تغذیهٔ بالینی و جامعه,clinical and community nutrition,
klink_diet_planning_isced_f_2013_0512_1,spec_diet_planning,kc_isced_0512,draws_on,سوخت‌وسازِ بدن,human metabolism,
klink_special_diets_isced_f_2013_0915_0,spec_special_diets,kc_isced_0915,draws_on,رژیم‌های درمانی,therapeutic diets,
klink_special_diets_isced_f_2013_0512_1,spec_special_diets,kc_isced_0512,draws_on,پروتئین‌های غذا و عدمِ تحمل,food proteins and intolerance,
klink_quality_inspection_sampling_isced_f_2013_0542_0,spec_quality_inspection_sampling,kc_isced_0542,draws_on,نمونه‌گیریِ پذیرش,acceptance sampling,
klink_quality_inspection_sampling_isced_f_2013_0721_1,spec_quality_inspection_sampling,kc_isced_0721,draws_on,کنترلِ کیفیتِ مواد غذایی,food quality control,
klink_lab_testing_basics_isced_f_2013_0531_0,spec_lab_testing_basics,kc_isced_0531,draws_on,روش‌های شیمیِ تجزیه,analytical chemistry methods,
klink_lab_testing_basics_isced_f_2013_0511_1,spec_lab_testing_basics,kc_isced_0511,draws_on,کشتِ میکروبی,microbial culture,
klink_lab_testing_basics_isced_f_2013_0721_2,spec_lab_testing_basics,kc_isced_0721,draws_on,آنالیزِ مواد غذایی,food analysis,
klink_specification_writing_isced_f_2013_0721_0,spec_specification_writing,kc_isced_0721,draws_on,مشخصاتِ فنیِ محصولِ غذایی,product specifications,
klink_shelf_life_testing_isced_f_2013_0721_0,spec_shelf_life_testing,kc_isced_0721,draws_on,تعیینِ زمانِ ماندگاری,shelf-life determination,
klink_shelf_life_testing_isced_f_2013_0511_1,spec_shelf_life_testing,kc_isced_0511,draws_on,رشدِ میکروب‌ها,microbial growth,
klink_shelf_life_testing_isced_f_2013_0531_2,spec_shelf_life_testing,kc_isced_0531,draws_on,اکسایشِ چربی,lipid oxidation,تندشدنِ روغن و مغزها
klink_statistical_process_control_isced_f_2013_0542_0,spec_statistical_process_control,kc_isced_0542,draws_on,نمودارهای کنترل,control charts,
klink_statistical_process_control_isced_f_2013_0413_1,spec_statistical_process_control,kc_isced_0413,draws_on,مدیریتِ کیفیت,quality management,
klink_risk_assessment_isced_f_2013_1022_0,spec_risk_assessment,kc_isced_1022,draws_on,ارزیابیِ ریسکِ شغلی,occupational risk assessment,
klink_incident_investigation_isced_f_2013_1022_0,spec_incident_investigation,kc_isced_1022,draws_on,تحلیلِ علتِ ریشه‌ای,root cause analysis,
klink_ppe_use_isced_f_2013_1022_0,spec_ppe_use,kc_isced_1022,draws_on,وسایلِ حفاظتِ فردی,personal protective equipment,
klink_gas_safety_isced_f_2013_1022_0,spec_gas_safety,kc_isced_1022,draws_on,خطرهای گاز,gas hazards,
klink_gas_safety_isced_f_2013_0531_1,spec_gas_safety,kc_isced_0531,draws_on,شیمیِ سوختن,combustion chemistry,سوختنِ ناقص مونوکسیدِ کربن می‌سازد
klink_electrical_safety_isced_f_2013_0713_0,spec_electrical_safety,kc_isced_0713,draws_on,خطرها و حفاظتِ برق,electrical hazards and protection,
klink_electrical_safety_isced_f_2013_1022_1,spec_electrical_safety,kc_isced_1022,draws_on,ایمنیِ برق در کار,electrical safety at work,
klink_chemical_handling_safety_isced_f_2013_0531_0,spec_chemical_handling_safety,kc_isced_0531,draws_on,واکنش‌های خطرناکِ شیمیایی,hazardous chemical reactions,سفیدکننده با اسید گازِ کلر می‌دهد
klink_chemical_handling_safety_isced_f_2013_1022_1,spec_chemical_handling_safety,kc_isced_1022,draws_on,برگهٔ اطلاعاتِ ایمنیِ مواد,safety data sheets,
klink_working_at_height_isced_f_2013_1022_0,spec_working_at_height,kc_isced_1022,draws_on,پیشگیری از سقوط,fall prevention,
klink_lockout_tagout_isced_f_2013_1022_0,spec_lockout_tagout,kc_isced_1022,draws_on,کنترلِ انرژی‌های خطرناک,hazardous energy control,
klink_lockout_tagout_isced_f_2013_0713_1,spec_lockout_tagout,kc_isced_0713,draws_on,جداسازیِ منبعِ برق,isolation of electrical supply,
klink_security_procedures_isced_f_2013_1032_0,spec_security_procedures,kc_isced_1032,draws_on,حفاظت از افراد و اموال,protection of persons and property,
klink_cctv_access_control_isced_f_2013_1032_0,spec_cctv_access_control,kc_isced_1032,draws_on,پایشِ حفاظتی,security surveillance,
klink_cctv_access_control_isced_f_2013_0714_1,spec_cctv_access_control,kc_isced_0714,draws_on,سامانه‌های الکترونیکیِ حفاظتی,electronic security systems,
klink_espresso_machine_repair_isced_f_2013_0715_0,spec_espresso_machine_repair,kc_isced_0715,draws_on,پمپ، شیر و مخزنِ تحتِ فشار,"pumps, valves and pressure vessels",
klink_espresso_machine_repair_isced_f_2013_0533_1,spec_espresso_machine_repair,kc_isced_0533,draws_on,فشار و گرما,pressure and heat,دیگِ بخار حدودِ ۱٫۲ بار و آبِ دم حدودِ ۹ بار
klink_espresso_machine_repair_isced_f_2013_0713_2,spec_espresso_machine_repair,kc_isced_0713,draws_on,المنتِ گرمایی و مدارِ برق,heating elements and circuits,
klink_espresso_machine_repair_isced_f_2013_0714_3,spec_espresso_machine_repair,kc_isced_0714,draws_on,کنترل‌گرهای الکترونیکی و PID,PID and electronic controllers,
klink_kitchen_equipment_diagnostics_isced_f_2013_0715_0,spec_kitchen_equipment_diagnostics,kc_isced_0715,draws_on,مکانیکِ ماشین‌آلات,machine mechanics,
klink_kitchen_equipment_diagnostics_isced_f_2013_0713_1,spec_kitchen_equipment_diagnostics,kc_isced_0713,draws_on,مدارهای برقی,electric circuits,
klink_kitchen_equipment_diagnostics_isced_f_2013_0714_2,spec_kitchen_equipment_diagnostics,kc_isced_0714,draws_on,برد و حسگرهای کنترلی,control boards and sensors,
klink_refrigeration_cycle_isced_f_2013_0533_0,spec_refrigeration_cycle,kc_isced_0533,draws_on,ترمودینامیکِ چرخهٔ تراکمِ بخار,thermodynamics of vapour-compression,گازِ مبرد در اواپراتور تبخیر می‌شود و گرما می‌گیرد
klink_refrigeration_cycle_isced_f_2013_0715_1,spec_refrigeration_cycle,kc_isced_0715,draws_on,مکانیکِ کمپرسور,compressor mechanics,
klink_refrigeration_cycle_isced_f_2013_0713_2,spec_refrigeration_cycle,kc_isced_0713,draws_on,موتورِ برقی و رله,electric motors and relays,
klink_refrigerant_handling_isced_f_2013_0712_0,spec_refrigerant_handling,kc_isced_0712,draws_on,لایهٔ ازن و گازهای گلخانه‌ای,ozone depletion and greenhouse gases,
klink_refrigerant_handling_isced_f_2013_0531_1,spec_refrigerant_handling,kc_isced_0531,draws_on,ویژگی‌های شیمیاییِ مبردها,properties of refrigerants,
klink_gas_appliance_installation_isced_f_2013_0715_0,spec_gas_appliance_installation,kc_isced_0715,draws_on,لوله‌کشی و اتصالات,pipe fitting,
klink_gas_appliance_installation_isced_f_2013_0531_1,spec_gas_appliance_installation,kc_isced_0531,draws_on,سوختن و هوای لازم برای آن,combustion and air supply,
klink_gas_appliance_installation_isced_f_2013_0732_2,spec_gas_appliance_installation,kc_isced_0732,draws_on,تأسیساتِ گازِ ساختمان,building gas services,
klink_electrical_installation_repair_isced_f_2013_0713_0,spec_electrical_installation_repair,kc_isced_0713,draws_on,تأسیساتِ برقی,electrical installation,
klink_electrical_installation_repair_isced_f_2013_0533_1,spec_electrical_installation_repair,kc_isced_0533,draws_on,قانونِ اهم و توانِ برق,Ohm's law and power,
klink_plumbing_repair_isced_f_2013_0732_0,spec_plumbing_repair,kc_isced_0732,draws_on,تأسیساتِ آب و فاضلابِ ساختمان,building water services,
klink_plumbing_repair_isced_f_2013_0533_1,spec_plumbing_repair,kc_isced_0533,draws_on,فشار و جریانِ آب,hydraulics,
klink_water_filtration_softening_isced_f_2013_0531_0,spec_water_filtration_softening,kc_isced_0531,draws_on,سختیِ آب و تبادلِ یونی,water hardness and ion exchange,
klink_water_filtration_softening_isced_f_2013_0712_1,spec_water_filtration_softening,kc_isced_0712,draws_on,فناوریِ تصفیهٔ آب,water treatment technology,
klink_ventilation_systems_isced_f_2013_0533_0,spec_ventilation_systems,kc_isced_0533,draws_on,جریانِ هوا و انتقالِ گرما,airflow and heat transfer,
klink_ventilation_systems_isced_f_2013_0732_1,spec_ventilation_systems,kc_isced_0732,draws_on,تأسیساتِ گرمایش و سرمایش,building HVAC services,
klink_preventive_maintenance_planning_isced_f_2013_0715_0,spec_preventive_maintenance_planning,kc_isced_0715,draws_on,مهندسیِ نگهداری,maintenance engineering,
klink_preventive_maintenance_planning_isced_f_2013_0413_1,spec_preventive_maintenance_planning,kc_isced_0413,draws_on,زمان‌بندیِ کار,maintenance scheduling,
klink_reading_technical_manuals_isced_f_2013_0715_0,spec_reading_technical_manuals,kc_isced_0715,draws_on,نقشه‌خوانیِ فنی,technical drawing,
klink_reading_technical_manuals_isced_f_2013_0231_1,spec_reading_technical_manuals,kc_isced_0231,draws_on,انگلیسیِ فنی,technical English,
klink_electronic_board_troubleshooting_isced_f_2013_0714_0,spec_electronic_board_troubleshooting,kc_isced_0714,draws_on,الکترونیک,electronics,
klink_pos_hardware_network_support_isced_f_2013_0612_0,spec_pos_hardware_network_support,kc_isced_0612,draws_on,راه‌اندازی و نگهداریِ شبکه,network administration,
klink_pos_hardware_network_support_isced_f_2013_0611_1,spec_pos_hardware_network_support,kc_isced_0611,draws_on,سخت‌افزار و کار با رایانه,computer hardware and use,
klink_hand_and_power_tools_isced_f_2013_0715_0,spec_hand_and_power_tools,kc_isced_0715,draws_on,ابزار و کارگاهِ فلزکاری,workshop tools and practice,
klink_hand_and_power_tools_isced_f_2013_1022_1,spec_hand_and_power_tools,kc_isced_1022,draws_on,ایمنیِ ابزار,tool safety,
klink_food_machinery_setup_isced_f_2013_0715_0,spec_food_machinery_setup,kc_isced_0715,draws_on,تنظیمِ ماشین‌آلات,machine setting,
klink_food_machinery_setup_isced_f_2013_0714_1,spec_food_machinery_setup,kc_isced_0714,draws_on,اتوماسیون,automation,
klink_food_machinery_setup_isced_f_2013_0721_2,spec_food_machinery_setup,kc_isced_0721,draws_on,تجهیزاتِ فرایندِ غذا,food process equipment,
klink_deep_cleaning_isced_f_2013_1021_0,spec_deep_cleaning,kc_isced_1021,draws_on,بهداشت و نظافتِ محیط,sanitation practice,
klink_deep_cleaning_isced_f_2013_0531_1,spec_deep_cleaning,kc_isced_0531,draws_on,شیمیِ شوینده‌ها,detergent chemistry,چربی با قلیا و رسوب با اسید پاک می‌شود
klink_floor_care_machines_isced_f_2013_1021_0,spec_floor_care_machines,kc_isced_1021,draws_on,روش‌های نظافت,cleaning methods,
klink_cleaning_chemicals_dilution_isced_f_2013_0531_0,spec_cleaning_chemicals_dilution,kc_isced_0531,draws_on,غلظت و رقیق‌سازی,solution concentration,
klink_cleaning_chemicals_dilution_isced_f_2013_0541_1,spec_cleaning_chemicals_dilution,kc_isced_0541,draws_on,نسبت,ratios,
klink_pest_control_treatment_isced_f_2013_0511_0,spec_pest_control_treatment,kc_isced_0511,draws_on,حشره‌شناسی و زیست‌شناسیِ جوندگان,entomology and rodent biology,
klink_pest_control_treatment_isced_f_2013_0531_1,spec_pest_control_treatment,kc_isced_0531,draws_on,شیمیِ سموم,pesticide chemistry,
klink_pest_control_treatment_isced_f_2013_1021_2,spec_pest_control_treatment,kc_isced_1021,draws_on,کنترلِ ناقلان,vector control,
klink_integrated_pest_management_isced_f_2013_0511_0,spec_integrated_pest_management,kc_isced_0511,draws_on,بوم‌شناسیِ آفات,pest ecology,
klink_integrated_pest_management_isced_f_2013_1021_1,spec_integrated_pest_management,kc_isced_1021,draws_on,بهداشتِ محیط,environmental sanitation,
klink_kitchen_exhaust_cleaning_isced_f_2013_1022_0,spec_kitchen_exhaust_cleaning,kc_isced_1022,draws_on,خطرِ آتش‌سوزیِ چربی,grease fire risk,
klink_kitchen_exhaust_cleaning_isced_f_2013_1021_1,spec_kitchen_exhaust_cleaning,kc_isced_1021,draws_on,نظافتِ سامانهٔ تهویه,cleaning of ventilation systems,
klink_cip_cleaning_isced_f_2013_0721_0,spec_cip_cleaning,kc_isced_0721,draws_on,فرایندِ بهداشتیِ تولید,hygienic processing,
klink_cip_cleaning_isced_f_2013_0531_1,spec_cip_cleaning,kc_isced_0531,draws_on,شوینده‌های قلیایی و اسیدی,alkaline and acid cleaners,
klink_cip_cleaning_isced_f_2013_0533_2,spec_cip_cleaning,kc_isced_0533,draws_on,سرعت و تلاطمِ جریان,flow velocity and turbulence,
klink_purchasing_negotiation_isced_f_2013_0416_0,spec_purchasing_negotiation,kc_isced_0416,draws_on,خرید و مذاکره,buying and negotiation,
klink_purchasing_negotiation_isced_f_2013_0313_1,spec_purchasing_negotiation,kc_isced_0313,draws_on,روان‌شناسیِ مذاکره,negotiation psychology,
klink_supplier_evaluation_isced_f_2013_0416_0,spec_supplier_evaluation,kc_isced_0416,draws_on,مدیریتِ تأمین‌کنندگان,supplier management,
klink_supplier_evaluation_isced_f_2013_0721_1,spec_supplier_evaluation,kc_isced_0721,draws_on,تأییدِ تأمین‌کننده برای ایمنیِ غذا,supplier approval for food safety,
klink_purchase_ordering_isced_f_2013_0416_0,spec_purchase_ordering,kc_isced_0416,draws_on,روال‌های خرید,purchasing procedures,
klink_inventory_systems_isced_f_2013_0611_0,spec_inventory_systems,kc_isced_0611,draws_on,نرم‌افزارِ انبارداری,inventory software,
klink_inventory_systems_isced_f_2013_0416_1,spec_inventory_systems,kc_isced_0416,draws_on,کنترلِ موجودی,stock control,
klink_par_level_setting_isced_f_2013_0542_0,spec_par_level_setting,kc_isced_0542,draws_on,پراکندگیِ مصرف,demand variability,
klink_par_level_setting_isced_f_2013_0416_1,spec_par_level_setting,kc_isced_0416,draws_on,نقطهٔ سفارشِ مجدد,reorder point,
klink_warehouse_organization_isced_f_2013_1041_0,spec_warehouse_organization,kc_isced_1041,draws_on,انبارداری,warehousing,
klink_warehouse_organization_isced_f_2013_0416_1,spec_warehouse_organization,kc_isced_0416,draws_on,جانماییِ کالا,stock location,
klink_forklift_pallet_jack_isced_f_2013_1041_0,spec_forklift_pallet_jack,kc_isced_1041,draws_on,تجهیزاتِ جابه‌جاییِ بار,materials handling equipment,
klink_forklift_pallet_jack_isced_f_2013_1022_1,spec_forklift_pallet_jack,kc_isced_1022,draws_on,ایمنیِ خودرو در انبار,vehicle safety in warehouses,
klink_meat_fish_grading_isced_f_2013_0841_0,spec_meat_fish_grading,kc_isced_0841,draws_on,بازرسیِ گوشت,meat inspection,
klink_meat_fish_grading_isced_f_2013_0831_1,spec_meat_fish_grading,kc_isced_0831,draws_on,تازگیِ ماهی,fish freshness,
klink_meat_fish_grading_isced_f_2013_0721_2,spec_meat_fish_grading,kc_isced_0721,draws_on,علومِ گوشت,meat science,
klink_fresh_produce_grading_isced_f_2013_0812_0,spec_fresh_produce_grading,kc_isced_0812,draws_on,کیفیتِ پس از برداشت,postharvest quality,
klink_fresh_produce_grading_isced_f_2013_0721_1,spec_fresh_produce_grading,kc_isced_0721,draws_on,درجه‌بندیِ کیفیت,quality grading,
klink_packaging_specification_isced_f_2013_0722_0,spec_packaging_specification,kc_isced_0722,draws_on,مواد بسته‌بندی: کاغذ، پلاستیک، شیشه,packaging materials,
klink_packaging_specification_isced_f_2013_0721_1,spec_packaging_specification,kc_isced_0721,draws_on,بسته‌بندیِ در تماس با غذا,food contact packaging,
klink_market_price_tracking_isced_f_2013_0311_0,spec_market_price_tracking,kc_isced_0311,draws_on,قیمتِ کالا و تورم,commodity prices and inflation,
klink_market_price_tracking_isced_f_2013_0416_1,spec_market_price_tracking,kc_isced_0416,draws_on,بازارِ عمده‌فروشی,wholesale markets,
klink_refrigerated_vehicle_operation_isced_f_2013_0716_0,spec_refrigerated_vehicle_operation,kc_isced_0716,draws_on,یخچالِ خودرو,vehicle refrigeration units,
klink_refrigerated_vehicle_operation_isced_f_2013_0533_1,spec_refrigerated_vehicle_operation,kc_isced_0533,draws_on,انتقالِ گرما,heat transfer,
klink_refrigerated_vehicle_operation_isced_f_2013_1041_2,spec_refrigerated_vehicle_operation,kc_isced_1041,draws_on,حمل‌ونقلِ سرد,cold transport,
klink_safe_driving_isced_f_2013_1041_0,spec_safe_driving,kc_isced_1041,draws_on,رانندگی,motor vehicle driving,
klink_safe_driving_isced_f_2013_1022_1,spec_safe_driving,kc_isced_1022,draws_on,ایمنیِ جاده,road safety,
klink_delivery_documentation_isced_f_2013_1041_0,spec_delivery_documentation,kc_isced_1041,draws_on,اسنادِ حمل,transport documents,
klink_logistics_coordination_isced_f_2013_1041_0,spec_logistics_coordination,kc_isced_1041,draws_on,لجستیک,logistics,
klink_logistics_coordination_isced_f_2013_0413_1,spec_logistics_coordination,kc_isced_0413,draws_on,مدیریتِ زنجیرهٔ تأمین,supply chain management,
klink_load_securing_isced_f_2013_1041_0,spec_load_securing,kc_isced_1041,draws_on,مهارِ بار,cargo securing,
klink_load_securing_isced_f_2013_0533_1,spec_load_securing,kc_isced_0533,draws_on,نیرو و لَختی,inertia and forces,در ترمزِ ناگهانی بار به جلو می‌رود
klink_production_line_operation_isced_f_2013_0721_0,spec_production_line_operation,kc_isced_0721,draws_on,عملیاتِ فراوری غذا,food processing operations,
klink_production_line_operation_isced_f_2013_0714_1,spec_production_line_operation,kc_isced_0714,draws_on,تجهیزاتِ خودکار,automated equipment,
klink_packaging_machine_operation_isced_f_2013_0721_0,spec_packaging_machine_operation,kc_isced_0721,draws_on,پرکردن و درزبندی,filling and sealing,
klink_packaging_machine_operation_isced_f_2013_0722_1,spec_packaging_machine_operation,kc_isced_0722,draws_on,مواد بسته‌بندی,packaging materials,
klink_packaging_machine_operation_isced_f_2013_0714_2,spec_packaging_machine_operation,kc_isced_0714,draws_on,کنترلِ دستگاه,machine controls,
klink_production_planning_isced_f_2013_0413_0,spec_production_planning,kc_isced_0413,draws_on,برنامه‌ریزی و کنترلِ تولید,production planning and control,
klink_production_planning_isced_f_2013_0721_1,spec_production_planning,kc_isced_0721,draws_on,تولیدِ بچ,batch production,
klink_product_development_isced_f_2013_0721_0,spec_product_development,kc_isced_0721,draws_on,توسعهٔ محصولِ تازه,new product development,
klink_product_development_isced_f_2013_0531_1,spec_product_development,kc_isced_0531,draws_on,شیمیِ مواد غذایی,food chemistry,
klink_product_development_isced_f_2013_1013_2,spec_product_development,kc_isced_1013,draws_on,هنرِ آشپزی,culinary arts,
klink_recipe_standardization_isced_f_2013_1013_0,spec_recipe_standardization,kc_isced_1013,draws_on,دستورِ استاندارد,standard recipes,
klink_recipe_standardization_isced_f_2013_0541_1,spec_recipe_standardization,kc_isced_0541,draws_on,نسبت و بزرگ‌نمایی,scaling and ratios,
klink_food_preservation_principles_isced_f_2013_0721_0,spec_food_preservation_principles,kc_isced_0721,draws_on,فراوریِ حرارتی,thermal processing,
klink_food_preservation_principles_isced_f_2013_0511_1,spec_food_preservation_principles,kc_isced_0511,draws_on,فعالیتِ آبی و رشدِ میکروب,water activity and microbial growth,
klink_food_preservation_principles_isced_f_2013_0533_2,spec_food_preservation_principles,kc_isced_0533,draws_on,انتقالِ گرما,heat transfer,
klink_process_control_monitoring_isced_f_2013_0714_0,spec_process_control_monitoring,kc_isced_0714,draws_on,ابزار دقیق و کنترلِ فرایند,process instrumentation,
klink_process_control_monitoring_isced_f_2013_0721_1,spec_process_control_monitoring,kc_isced_0721,draws_on,پارامترهای مهمِ فرایند,critical process parameters,
klink_lean_continuous_improvement_isced_f_2013_0413_0,spec_lean_continuous_improvement,kc_isced_0413,draws_on,مدیریتِ ناب,lean management,
klink_lean_continuous_improvement_isced_f_2013_0417_1,spec_lean_continuous_improvement,kc_isced_0417,draws_on,سازمان‌دهیِ محیطِ کار,workplace organisation,
klink_social_media_management_isced_f_2013_0414_0,spec_social_media_management,kc_isced_0414,draws_on,بازاریابی در شبکه‌های اجتماعی,social media marketing,
klink_persian_copywriting_isced_f_2013_0232_0,spec_persian_copywriting,kc_isced_0232,draws_on,زبان و نگارشِ فارسی,Persian language and style,
klink_persian_copywriting_isced_f_2013_0414_1,spec_persian_copywriting,kc_isced_0414,draws_on,متنِ تبلیغاتی,advertising copy,
klink_food_photography_isced_f_2013_0211_0,spec_food_photography,kc_isced_0211,draws_on,عکاسی و نورپردازی,photography and lighting,
klink_food_photography_isced_f_2013_0533_1,spec_food_photography,kc_isced_0533,draws_on,نور و عدسی,optics,
klink_video_production_isced_f_2013_0211_0,spec_video_production,kc_isced_0211,draws_on,تولید و تدوینِ ویدئو,video production and editing,
klink_food_styling_isced_f_2013_0213_0,spec_food_styling,kc_isced_0213,draws_on,ترکیب‌بندی و رنگ,composition and colour,
klink_food_styling_isced_f_2013_1013_1,spec_food_styling,kc_isced_1013,draws_on,آرایشِ بشقاب,plating,
klink_menu_engineering_isced_f_2013_0414_0,spec_menu_engineering,kc_isced_0414,draws_on,مهندسیِ منو,menu engineering,
klink_menu_engineering_isced_f_2013_0411_1,spec_menu_engineering,kc_isced_0411,draws_on,حاشیهٔ سود,contribution margin,
klink_menu_engineering_isced_f_2013_0542_2,spec_menu_engineering,kc_isced_0542,draws_on,تحلیلِ ترکیبِ فروش,sales mix analysis,
klink_menu_design_layout_isced_f_2013_0212_0,spec_menu_design_layout,kc_isced_0212,draws_on,طراحیِ گرافیک و صفحه‌آرایی,graphic and layout design,
klink_menu_design_layout_isced_f_2013_0232_1,spec_menu_design_layout,kc_isced_0232,draws_on,خوانایی و حروف‌نگاریِ فارسی,typography and readability,
klink_graphic_design_tools_isced_f_2013_0212_0,spec_graphic_design_tools,kc_isced_0212,draws_on,طراحیِ گرافیک,graphic design,
klink_graphic_design_tools_isced_f_2013_0611_1,spec_graphic_design_tools,kc_isced_0611,draws_on,نرم‌افزارِ طراحی,design software,
klink_marketplace_management_isced_f_2013_0416_0,spec_marketplace_management,kc_isced_0416,draws_on,فروشِ آنلاین,e-commerce,
klink_marketplace_management_isced_f_2013_0414_1,spec_marketplace_management,kc_isced_0414,draws_on,بازاریابیِ دیجیتال,digital marketing,
klink_online_reviews_management_isced_f_2013_0414_0,spec_online_reviews_management,kc_isced_0414,draws_on,مدیریتِ اعتبارِ برند,reputation management,
klink_loyalty_programmes_isced_f_2013_0414_0,spec_loyalty_programmes,kc_isced_0414,draws_on,بازاریابیِ رابطه‌مند,customer relationship marketing,
klink_loyalty_programmes_isced_f_2013_0611_1,spec_loyalty_programmes,kc_isced_0611,draws_on,نرم‌افزارِ ارتباط با مشتری,CRM software,
klink_interior_concept_design_isced_f_2013_0212_0,spec_interior_concept_design,kc_isced_0212,draws_on,طراحیِ داخلی,interior design,
klink_interior_concept_design_isced_f_2013_0731_1,spec_interior_concept_design,kc_isced_0731,draws_on,برنامه‌ریزیِ فضا,space planning,
klink_brand_identity_isced_f_2013_0414_0,spec_brand_identity,kc_isced_0414,draws_on,برندسازی,branding,
klink_brand_identity_isced_f_2013_0212_1,spec_brand_identity,kc_isced_0212,draws_on,طراحیِ هویتِ بصری,visual identity design,
klink_marketing_analytics_isced_f_2013_0414_0,spec_marketing_analytics,kc_isced_0414,draws_on,پژوهشِ بازار,market research,
klink_marketing_analytics_isced_f_2013_0542_1,spec_marketing_analytics,kc_isced_0542,draws_on,آمار,statistics,
klink_community_engagement_isced_f_2013_0414_0,spec_community_engagement,kc_isced_0414,draws_on,روابطِ عمومی,public relations,
klink_community_engagement_isced_f_2013_0314_1,spec_community_engagement,kc_isced_0314,draws_on,جامعه‌شناسیِ محلی,community studies,
klink_customer_experience_analysis_isced_f_2013_0414_0,spec_customer_experience_analysis,kc_isced_0414,draws_on,پژوهشِ مصرف‌کننده,consumer research,
klink_customer_experience_analysis_isced_f_2013_0542_1,spec_customer_experience_analysis,kc_isced_0542,draws_on,آمارِ نظرسنجی,survey statistics,
klink_customer_experience_analysis_isced_f_2013_0313_2,spec_customer_experience_analysis,kc_isced_0313,draws_on,رفتارِ مصرف‌کننده,consumer behaviour,
klink_training_needs_analysis_isced_f_2013_0111_0,spec_training_needs_analysis,kc_isced_0111,draws_on,نیازسنجیِ آموزشی,educational needs assessment,
klink_training_needs_analysis_isced_f_2013_0413_1,spec_training_needs_analysis,kc_isced_0413,draws_on,توسعهٔ منابعِ انسانی,human resource development,
klink_training_design_isced_f_2013_0111_0,spec_training_design,kc_isced_0111,draws_on,طراحیِ برنامهٔ درسی و آموزشی,curriculum and instructional design,
klink_adult_instruction_isced_f_2013_0111_0,spec_adult_instruction,kc_isced_0111,draws_on,آموزشِ بزرگسالان,adult learning,
klink_adult_instruction_isced_f_2013_0114_1,spec_adult_instruction,kc_isced_0114,draws_on,تربیتِ مدرسِ فنی و حرفه‌ای,vocational teacher training,
klink_skills_assessment_isced_f_2013_0111_0,spec_skills_assessment,kc_isced_0111,draws_on,سنجش و ارزشیابیِ آموزشی,educational assessment,
klink_skills_assessment_isced_f_2013_0542_1,spec_skills_assessment,kc_isced_0542,draws_on,پایاییِ سنجش,reliability of measurement,
klink_competency_standards_isced_f_2013_0111_0,spec_competency_standards,kc_isced_0111,draws_on,آموزشِ شایستگی‌محور,competency-based education,
klink_competency_standards_isced_f_2013_0417_1,spec_competency_standards,kc_isced_0417,draws_on,چارچوب‌های مهارتِ کار,work skills frameworks,
klink_onboarding_programmes_isced_f_2013_0413_0,spec_onboarding_programmes,kc_isced_0413,draws_on,جذب و آشنایی همکارِ تازه,employee onboarding,
klink_onboarding_programmes_isced_f_2013_0111_1,spec_onboarding_programmes,kc_isced_0111,draws_on,آموزشِ بدوِ کار,induction training,
klink_mentoring_isced_f_2013_0313_0,spec_mentoring,kc_isced_0313,draws_on,روان‌شناسیِ رشد و انگیزش,developmental psychology and motivation,
klink_mentoring_isced_f_2013_0111_1,spec_mentoring,kc_isced_0111,draws_on,پشتیبانیِ یادگیری,learning support,
klink_inclusive_teaching_isced_f_2013_0111_0,spec_inclusive_teaching,kc_isced_0111,draws_on,آموزشِ متناسب با تفاوت‌ها,differentiated instruction,
klink_inclusive_teaching_isced_f_2013_0232_1,spec_inclusive_teaching,kc_isced_0232,draws_on,زبانِ ساده,plain language,
klink_sop_writing_isced_f_2013_0413_0,spec_sop_writing,kc_isced_0413,draws_on,مستندسازیِ فرایند,process documentation,
klink_sop_writing_isced_f_2013_0232_1,spec_sop_writing,kc_isced_0232,draws_on,نگارشِ ساده,plain language writing,
klink_presentation_skills_isced_f_2013_0031_0,spec_presentation_skills,kc_isced_0031,draws_on,مهارت‌های ارتباطی,communication skills,
klink_conflict_resolution_isced_f_2013_0313_0,spec_conflict_resolution,kc_isced_0313,draws_on,روان‌شناسیِ تعارض,conflict psychology,
klink_persian_business_writing_isced_f_2013_0232_0,spec_persian_business_writing,kc_isced_0232,draws_on,زبان و نگارشِ فارسی,Persian language and style,
klink_persian_business_writing_isced_f_2013_0415_1,spec_persian_business_writing,kc_isced_0415,draws_on,مکاتباتِ اداری,business correspondence,
klink_problem_solving_isced_f_2013_0031_0,spec_problem_solving,kc_isced_0031,draws_on,حلِ مسئله,problem solving,
klink_computer_spreadsheets_isced_f_2013_0611_0,spec_computer_spreadsheets,kc_isced_0611,draws_on,کار با رایانه,computer use,
klink_postharvest_handling_isced_f_2013_0812_0,spec_postharvest_handling,kc_isced_0812,draws_on,فیزیولوژیِ پس از برداشت,postharvest physiology,
klink_postharvest_handling_isced_f_2013_0511_1,spec_postharvest_handling,kc_isced_0511,draws_on,تنفسِ گیاه,plant respiration,میوه پس از چیدن هم نفس می‌کشد و گرم می‌شود
klink_greenhouse_growing_isced_f_2013_0812_0,spec_greenhouse_growing,kc_isced_0812,draws_on,کشتِ محافظت‌شده,protected cultivation,
klink_greenhouse_growing_isced_f_2013_0511_1,spec_greenhouse_growing,kc_isced_0511,draws_on,فیزیولوژیِ گیاهی,plant physiology,
klink_hydroponics_isced_f_2013_0812_0,spec_hydroponics,kc_isced_0812,draws_on,کشتِ بدونِ خاک,soilless culture,
klink_hydroponics_isced_f_2013_0531_1,spec_hydroponics,kc_isced_0531,draws_on,شیمیِ محلولِ غذایی,nutrient solution chemistry,
klink_soil_irrigation_isced_f_2013_0811_0,spec_soil_irrigation,kc_isced_0811,draws_on,مدیریتِ خاک و آبیاری,soil and irrigation management,
klink_soil_irrigation_isced_f_2013_0521_1,spec_soil_irrigation,kc_isced_0521,draws_on,پایداریِ منابعِ آب,water resource sustainability,
klink_saffron_grading_isced_f_2013_0811_0,spec_saffron_grading,kc_isced_0811,draws_on,کشتِ زعفران,saffron crop production,
klink_saffron_grading_isced_f_2013_0531_1,spec_saffron_grading,kc_isced_0531,draws_on,کروسین، پیکروکروسین و سافرانال,"crocin, picrocrocin and safranal",رنگ، مزه و بوی زعفران از این سه ماده است
klink_saffron_grading_isced_f_2013_0721_2,spec_saffron_grading,kc_isced_0721,draws_on,استانداردِ کیفیتِ ادویه,spice quality standards,
klink_tea_grading_isced_f_2013_0811_0,spec_tea_grading,kc_isced_0811,draws_on,کشتِ چای,tea cultivation,
klink_tea_grading_isced_f_2013_0512_1,spec_tea_grading,kc_isced_0512,draws_on,اکسایشِ پلی‌فنول‌ها,polyphenol oxidation,چای سیاه از اکسایشِ برگ رنگ و طعم می‌گیرد
klink_farmer_relations_isced_f_2013_0811_0,spec_farmer_relations,kc_isced_0811,draws_on,ترویجِ کشاورزی,agricultural extension,
klink_farmer_relations_isced_f_2013_0314_1,spec_farmer_relations,kc_isced_0314,draws_on,جامعه‌شناسیِ روستایی,rural sociology,
klink_seasonal_sourcing_isced_f_2013_0811_0,spec_seasonal_sourcing,kc_isced_0811,draws_on,تقویمِ زراعی,crop calendars,
klink_wild_foraging_identification_isced_f_2013_0511_0,spec_wild_foraging_identification,kc_isced_0511,draws_on,گیاه‌شناسی و قارچ‌شناسی,botany and mycology,
klink_wild_foraging_identification_isced_f_2013_0522_1,spec_wild_foraging_identification,kc_isced_0522,draws_on,برداشتِ پایدار از طبیعت,sustainable wild harvest,
klink_sustainable_sourcing_isced_f_2013_0521_0,spec_sustainable_sourcing,kc_isced_0521,draws_on,پایداریِ محیطِ زیست,environmental sustainability,
klink_food_safety_basics_isced_f_2013_0511_0,spec_food_safety_basics,kc_isced_0511,draws_on,میکروب‌های منتقل‌شونده با غذا,foodborne microorganisms,باکتری‌ها در دمای ۵ تا ۶۰ درجه سریع زیاد می‌شوند
klink_food_safety_basics_isced_f_2013_0721_1,spec_food_safety_basics,kc_isced_0721,draws_on,اصولِ نگهداریِ مواد غذایی,food preservation principles,سرما، گرما، خشک‌کردن و بسته‌بندی، رشدِ میکروب را کند می‌کنند
klink_food_safety_basics_isced_f_2013_1013_2,spec_food_safety_basics,kc_isced_1013,draws_on,جابه‌جاییِ ایمنِ غذا در پذیرایی,safe food handling in catering,از رسیدنِ مواد تا رسیدنِ بشقاب به میز
klink_personal_hygiene_isced_f_2013_0511_0,spec_personal_hygiene,kc_isced_0511,draws_on,میکروب‌های پوست و دست,skin and hand microbiota,استافیلوکوک روی پوست و در زخم‌ها زندگی می‌کند و به غذا می‌رسد
klink_personal_hygiene_isced_f_2013_1021_1,spec_personal_hygiene,kc_isced_1021,draws_on,رفتارِ بهداشتی و شستنِ دست,hygiene practice and handwashing,دست‌کم ۲۰ ثانیه با آب و صابون، همه‌ی سطحِ دست
klink_personal_hygiene_isced_f_2013_1022_2,spec_personal_hygiene,kc_isced_1022,draws_on,آمادگیِ جسمی برای کار و گزارشِ بیماری,fitness to work and illness reporting,کسی که اسهال یا استفراغ دارد نباید با غذا کار کند
klink_allergen_management_isced_f_2013_0912_0,spec_allergen_management,kc_isced_0912,draws_on,حساسیتِ غذایی و شوکِ آلرژیک,food allergy and anaphylaxis,حتی مقدارِ بسیار کم از ماده‌ی حساسیت‌زا ممکن است واکنشِ شدید بدهد
klink_allergen_management_isced_f_2013_0512_1,spec_allergen_management,kc_isced_0512,draws_on,پروتئین‌های حساسیت‌زای غذا,allergenic food proteins,حساسیت به پروتئین است و بسیاری از آن‌ها با پختن از بین نمی‌روند
klink_allergen_management_isced_f_2013_0721_2,spec_allergen_management,kc_isced_0721,draws_on,جلوگیری از تماسِ مشترک در تولید,cross-contact control in production,تخته، روغنِ سرخ‌کردن و قاشقِ مشترک ماده را جابه‌جا می‌کنند
klink_allergen_management_isced_f_2013_1013_3,spec_allergen_management,kc_isced_1013,draws_on,گفت‌وگو با مهمان درباره‌ی حساسیت,communicating allergens to guests,مطمئن نیستید؟ از آشپزخانه بپرسید، حدس نزنید
klink_haccp_isced_f_2013_0721_0,spec_haccp,kc_isced_0721,draws_on,تحلیلِ خطر و نقاطِ کنترلِ بحرانی,hazard analysis and critical control points,هفت اصلِ کدکس، از تحلیلِ خطر تا ثبت و بازبینی
klink_haccp_isced_f_2013_0511_1,spec_haccp,kc_isced_0511,draws_on,خطرهای میکروبی,microbial hazards,سالمونلا، لیستریا و کلستریدیوم در کدام مرحله رشد می‌کنند
klink_haccp_isced_f_2013_1022_2,spec_haccp,kc_isced_1022,draws_on,روشِ ارزیابیِ ریسک,risk assessment method,احتمال و شدتِ هر خطر سنجیده و اولویت‌بندی می‌شود
klink_haccp_isced_f_2013_0413_3,spec_haccp,kc_isced_0413,draws_on,ثبتِ سوابق و راستی‌آزمایی,record keeping and verification,چیزی که ثبت نشده، از نگاهِ بازرس انجام نشده است
klink_temperature_control_isced_f_2013_0511_0,spec_temperature_control,kc_isced_0511,draws_on,بازه‌ی دمای خطر,the temperature danger zone,میکروب‌ها میانِ ۵ و ۶۳ درجه بیشترین رشد را دارند
klink_temperature_control_isced_f_2013_0533_1,spec_temperature_control,kc_isced_0533,draws_on,انتقالِ گرما و سرعتِ سرد شدن,heat transfer and cooling rate,ظرفِ کم‌عمق و حمامِ یخ، غذای پخته را زودتر خنک می‌کنند
klink_temperature_control_isced_f_2013_0721_2,spec_temperature_control,kc_isced_0721,draws_on,فرآوریِ گرمایی و دمای مغزِ غذا,thermal processing and core temperature,مرغ باید در مغز دست‌کم به ۷۵ درجه برسد
klink_cold_chain_handling_isced_f_2013_0721_0,spec_cold_chain_handling,kc_isced_0721,draws_on,نگهداریِ غذای سرد و یخ‌زده,chilled and frozen food storage,یخچال ۰ تا ۵ درجه، فریزر منفی ۱۸ درجه یا سردتر
klink_cold_chain_handling_isced_f_2013_0533_1,spec_cold_chain_handling,kc_isced_0533,draws_on,سرمایش و بارِ گرمایی,refrigeration and heat load,هر بار باز ماندنِ در، هوای گرم وارد و دما بالا می‌رود
klink_cold_chain_handling_isced_f_2013_1041_2,spec_cold_chain_handling,kc_isced_1041,draws_on,حمل‌ونقلِ دماکنترل,temperature-controlled transport,مواد در مسیرِ رسیدن هم نباید گرم شوند
klink_cleaning_sanitation_routines_isced_f_2013_1021_0,spec_cleaning_sanitation_routines,kc_isced_1021,draws_on,برنامه‌های نظافت و گندزدایی,cleaning and disinfection programmes,بدونِ برنامه، گوشه‌های پنهان هرگز شسته نمی‌شوند
klink_cleaning_sanitation_routines_isced_f_2013_0531_1,spec_cleaning_sanitation_routines,kc_isced_0531,draws_on,شوینده، گندزدا و رقیق‌سازی,"detergents, sanitisers and dilution",وایتکسِ غلیظ‌تر بهتر نیست؛ غلظتِ درست و زمانِ تماس مهم است
klink_cleaning_sanitation_routines_isced_f_2013_0511_2,spec_cleaning_sanitation_routines,kc_isced_0511,draws_on,لایه‌ی میکروبی و کاهشِ میکروب,biofilms and microbial reduction,چربی و لایه‌ی لزج، میکروب را از گندزدا پنهان می‌کند
klink_dishwasher_operation_isced_f_2013_0715_0,spec_dishwasher_operation,kc_isced_0715,draws_on,ماشین‌های صنعتیِ شستنِ ظرف,commercial warewashing machines,پمپ، نازل و فیلترِ گرفته، شستن را ناقص می‌کند
klink_dishwasher_operation_isced_f_2013_0531_1,spec_dishwasher_operation,kc_isced_0531,draws_on,شیمیِ شوینده و جلادهنده,detergent and rinse-aid chemistry,جلادهنده کششِ سطحیِ آب را کم می‌کند تا ظرف لک نگیرد
klink_dishwasher_operation_isced_f_2013_1021_2,spec_dishwasher_operation,kc_isced_1021,draws_on,گندزدایی ظرف با گرما,thermal sanitising of tableware,آب‌کشیِ نهایی حدودِ ۸۲ تا ۹۰ درجه
klink_waste_sorting_isced_f_2013_0712_0,spec_waste_sorting,kc_isced_0712,draws_on,مدیریتِ پسماند و بازیافت,waste management and recycling,هر جریانِ پسماند راهِ بازیافت یا دفعِ جدایی دارد
klink_waste_sorting_isced_f_2013_1021_1,spec_waste_sorting,kc_isced_1021,draws_on,بهداشتِ نگهداریِ پسماند,waste storage hygiene,سطلِ درباز، جانوران موذی را می‌آورد
klink_waste_sorting_isced_f_2013_0521_2,spec_waste_sorting,kc_isced_0521,draws_on,اثرِ زیست‌محیطیِ دورریزِ غذا,food waste environmental impact,پسماندِ ترِ دفن‌شده گازِ متان می‌سازد
klink_pest_prevention_isced_f_2013_1021_0,spec_pest_prevention,kc_isced_1021,draws_on,مدیریتِ یکپارچه‌ی آفات,integrated pest management,اول بستنِ راه و برداشتنِ غذا و آب، بعد سم
klink_pest_prevention_isced_f_2013_0511_1,spec_pest_prevention,kc_isced_0511,draws_on,جانوران به‌عنوانِ ناقلِ بیماری,pests as disease vectors,سوسک و مگس میکروب را از فاضلاب به سطحِ کار می‌آورند
klink_fire_safety_isced_f_2013_1032_0,spec_fire_safety,kc_isced_1032,draws_on,پیشگیری و مقابله با آتش,fire prevention and firefighting,کپسول، پتو و سامانه‌ی اطفای هود هر کدام جای خود را دارند
klink_fire_safety_isced_f_2013_0531_1,spec_fire_safety,kc_isced_0531,draws_on,سوختن و مثلثِ آتش,combustion and the fire triangle,گرما، سوخت و اکسیژن؛ پتو اکسیژن را می‌بُرد
klink_fire_safety_isced_f_2013_1022_2,spec_fire_safety,kc_isced_1022,draws_on,تخلیه‌ی اضطراری,emergency evacuation,راهِ خروج همیشه باز و بی‌مانع
klink_first_aid_isced_f_2013_0913_0,spec_first_aid,kc_isced_0913,draws_on,کمک‌های اولیه و احیای پایه,first aid and basic life support,فشارِ مستقیم بر زخم، آبِ خنکِ روان بر سوختگی
klink_first_aid_isced_f_2013_0912_1,spec_first_aid,kc_isced_0912,draws_on,سوختگی و انسدادِ راهِ هوایی,burns and airway obstruction,ضربه به پشت و فشارِ شکمی برای خفگی با غذا
klink_first_aid_isced_f_2013_1022_2,spec_first_aid,kc_isced_1022,draws_on,گزارشِ حادثه‌ی کار,workplace incident reporting,هر حادثه ثبت می‌شود تا تکرار نشود
klink_manual_handling_isced_f_2013_1022_0,spec_manual_handling,kc_isced_1022,draws_on,ارگونومی و روشِ بلند کردن,ergonomics and lifting technique,بار نزدیکِ بدن، بدونِ پیچاندنِ کمر
klink_manual_handling_isced_f_2013_0915_1,spec_manual_handling,kc_isced_0915,draws_on,پیشگیری از آسیبِ اسکلتی‌عضلانی,musculoskeletal injury prevention,آسیبِ کمر معمولاً از تکرارِ حرکتِ نادرست می‌آید
klink_manual_handling_isced_f_2013_0533_2,spec_manual_handling,kc_isced_0533,draws_on,اهرم و گشتاورِ بار,levers and load moments,بارِ دور از بدن چند برابر به کمر فشار می‌آورد
klink_knife_safety_isced_f_2013_1022_0,spec_knife_safety,kc_isced_1022,draws_on,پیشگیری از بریدگی,cut injury prevention,دستکشِ ضدِ برش برای اسلایسر و صدف و کارهای پرخطر
klink_knife_safety_isced_f_2013_0715_1,spec_knife_safety,kc_isced_0715,draws_on,لبه‌ی تیغه و تیز کردن,blade edge and sharpening,لبه‌ی کُند سُر می‌خورد و نیروی بیشتر می‌خواهد
klink_slip_and_burn_prevention_isced_f_2013_1022_0,spec_slip_and_burn_prevention,kc_isced_1022,draws_on,خطرهای لغزش، سکندری و سوختگی,"slip, trip and burn hazards",کفِ خیس و روغنی، علتِ اولِ زمین‌خوردن در آشپزخانه است
klink_slip_and_burn_prevention_isced_f_2013_0533_1,spec_slip_and_burn_prevention,kc_isced_0533,draws_on,اصطکاک و انتقالِ گرما,friction and heat transfer,بخارِ داغ از آبِ جوش بدتر می‌سوزاند چون گرمای نهان دارد
klink_customer_service_isced_f_2013_1013_0,spec_customer_service,kc_isced_1013,draws_on,استانداردهای خدمت در مهمان‌داری,hospitality service standards,خوشامد، رسیدگی در طولِ حضور، بدرقه
klink_customer_service_isced_f_2013_0313_1,spec_customer_service,kc_isced_0313,draws_on,روان‌شناسیِ خدمت و همدلی,service psychology and empathy,مهمان پیش از غذا، حسِ دیده‌شدن را می‌سنجد
klink_customer_service_isced_f_2013_0416_2,spec_customer_service,kc_isced_0416,draws_on,رابطه با مشتری در فروش,customer relations in retail,مشتریِ راضی دیگران را هم می‌آورد
klink_complaint_handling_isced_f_2013_0313_0,spec_complaint_handling,kc_isced_0313,draws_on,آرام کردنِ موقعیت و مهارِ هیجان,de-escalation and emotional regulation,آرام و با صدای پایین پاسخ دادن، تنش را کم می‌کند
klink_complaint_handling_isced_f_2013_1013_1,spec_complaint_handling,kc_isced_1013,draws_on,جبرانِ خدمت,service recovery,گلایه‌ای که خوب حل شود، مهمانِ وفادار می‌سازد
klink_complaint_handling_isced_f_2013_0923_2,spec_complaint_handling,kc_isced_0923,draws_on,گوش دادنِ فعال,active listening,بازگو کردنِ حرفِ مهمان نشان می‌دهد که شنیده شده
klink_teamwork_isced_f_2013_0417_0,spec_teamwork,kc_isced_0417,draws_on,هم‌کاری در محیطِ کار,cooperation in the workplace,در شلوغی کارِ هم را بدون خواستن پوشش بدهید
klink_teamwork_isced_f_2013_0313_1,spec_teamwork,kc_isced_0313,draws_on,پویاییِ گروه,group dynamics,اعتماد، نقش‌های روشن و گفت‌وگوی باز
klink_teamwork_isced_f_2013_0314_2,spec_teamwork,kc_isced_0314,draws_on,تنوع و احترام در محیطِ کار,workplace diversity and respect,همکار از هر قوم، زبان و نسلی
klink_time_management_isced_f_2013_0031_0,spec_time_management,kc_isced_0031,draws_on,خودسازمان‌دهی و وقت‌شناسی,self-organisation and punctuality,فهرستِ کارها پیش از شروعِ شیفت
klink_time_management_isced_f_2013_0417_1,spec_time_management,kc_isced_0417,draws_on,اولویت‌بندی زیرِ فشار,prioritising tasks under pressure,اول کاری که زمانِ طولانی‌تر می‌گیرد را شروع کنید
klink_following_recipes_isced_f_2013_1013_0,spec_following_recipes,kc_isced_1013,draws_on,دستورِ پختِ استاندارد,standardised recipes,یکسانیِ مزه در هر شیفت و هر شعبه
klink_following_recipes_isced_f_2013_0541_1,spec_following_recipes,kc_isced_0541,draws_on,اندازه‌گیری و تغییرِ مقیاس,measurement and scaling,وزن کردن دقیق‌تر از پیمانه است
klink_following_recipes_isced_f_2013_0021_2,spec_following_recipes,kc_isced_0021,draws_on,خواندنِ دستورالعمل,reading instructions,پیش از شروع، یک بار دستور را تا آخر بخوانید
klink_portion_control_isced_f_2013_0411_0,spec_portion_control,kc_isced_0411,draws_on,هزینه‌ی غذا و بازده,food cost and yield,۲۰ گرم اضافه در هر پرس، در ماه هزینه‌ای بزرگ است
klink_portion_control_isced_f_2013_0541_1,spec_portion_control,kc_isced_0541,draws_on,وزن و پیمانه,weights and measures,پیمانه و ملاقه‌ی شماره‌دار، اندازه را یکسان می‌کند
klink_portion_control_isced_f_2013_0915_2,spec_portion_control,kc_isced_0915,draws_on,اندازه‌ی سهم و تغذیه,portion size and nutrition,اندازه‌ی سهم، کالری و ارزشِ غذایی را تعیین می‌کند
klink_stock_rotation_fifo_isced_f_2013_0416_0,spec_stock_rotation_fifo,kc_isced_0416,draws_on,گردشِ موجودیِ کالا,inventory rotation,جنسِ نزدیک به تاریخ، اول مصرف
klink_stock_rotation_fifo_isced_f_2013_0721_1,spec_stock_rotation_fifo,kc_isced_0721,draws_on,ماندگاری و فساد,shelf life and spoilage,هر ماده ماندگاریِ خود را پس از باز شدن دارد
klink_stock_rotation_fifo_isced_f_2013_0411_2,spec_stock_rotation_fifo,kc_isced_0411,draws_on,هزینه‌ی دورریز,waste cost,هر چیزی که دور ریخته شود، پولِ دور ریخته است
klink_receiving_deliveries_isced_f_2013_0416_0,spec_receiving_deliveries,kc_isced_0416,draws_on,کنترلِ کالای ورودی با سفارش,goods-in checks against orders,تعداد، وزن و قیمت را با فاکتور تطبیق دهید
klink_receiving_deliveries_isced_f_2013_0721_1,spec_receiving_deliveries,kc_isced_0721,draws_on,بازرسیِ کیفیتِ موادِ ورودی,incoming food quality inspection,گوشتِ سرد زیرِ ۵ درجه و بسته‌ی سالم و بی‌نشت
klink_receiving_deliveries_isced_f_2013_0411_2,spec_receiving_deliveries,kc_isced_0411,draws_on,راستی‌آزماییِ فاکتور,invoice verification,امضای فاکتور یعنی پذیرفتنِ همه‌ی آن
klink_inventory_counting_isced_f_2013_0411_0,spec_inventory_counting,kc_isced_0411,draws_on,انبارگردانی و بهای کالای مصرفی,stocktaking and cost of goods,موجودیِ اول + خرید − موجودیِ آخر = مصرف
klink_inventory_counting_isced_f_2013_0416_1,spec_inventory_counting,kc_isced_0416,draws_on,مدیریتِ موجودی,inventory management,حدِ کمینه‌ی هر کالا برای سفارشِ دوباره
klink_inventory_counting_isced_f_2013_0611_2,spec_inventory_counting,kc_isced_0611,draws_on,نرم‌افزارِ انبار,inventory software,ثبت در نرم‌افزار، خطای جمع‌زدن را کم می‌کند
klink_cash_handling_isced_f_2013_0411_0,spec_cash_handling,kc_isced_0411,draws_on,تطبیق و ترازِ صندوق,cash reconciliation,نقدِ شمرده‌شده باید با گزارشِ فروش یکی باشد
klink_cash_handling_isced_f_2013_0541_1,spec_cash_handling,kc_isced_0541,draws_on,حسابِ ذهنی برای بقیه‌ی پول,mental arithmetic for change,بقیه را از مبلغِ فاکتور به بالا بشمارید
klink_cash_handling_isced_f_2013_1032_2,spec_cash_handling,kc_isced_1032,draws_on,امنیتِ وجهِ نقد,cash security,کشوی صندوق بسته و پولِ زیادی در آن نماند
klink_pos_operation_isced_f_2013_0611_0,spec_pos_operation,kc_isced_0611,draws_on,نرم‌افزارِ فروش,point-of-sale software,دکمه‌ها، گروهِ کالا و گزارش‌گیری
klink_pos_operation_isced_f_2013_0416_1,spec_pos_operation,kc_isced_0416,draws_on,تراکنش‌های فروش,sales transactions,برگشت و تخفیف فقط با مجوزِ مسئول
klink_pos_operation_isced_f_2013_0411_2,spec_pos_operation,kc_isced_0411,draws_on,گزارشِ فروشِ روزانه,daily sales reports,گزارشِ پایانِ روز پایه‌ی حسابداری است
klink_card_payments_isced_f_2013_0412_0,spec_card_payments,kc_isced_0412,draws_on,سامانه‌های پرداختِ الکترونیک,electronic payment systems,شتاب و شاپرک و تسویه‌ی روزانه
klink_card_payments_isced_f_2013_0411_1,spec_card_payments,kc_isced_0411,draws_on,تطبیقِ پرداخت‌ها,payment reconciliation,مجموعِ کارت‌خوان باید با فروشِ کارتیِ صندوق بخواند
klink_card_payments_isced_f_2013_1032_2,spec_card_payments,kc_isced_1032,draws_on,پیشگیری از کلاه‌برداریِ پرداخت,payment fraud prevention,هرگز رمزِ کارتِ مهمان را نپرسید
klink_upselling_isced_f_2013_0414_0,spec_upselling,kc_isced_0414,draws_on,فروشِ پیشنهادی,suggestive selling,پیشنهادِ مشخص («کیکِ هویجِ امروز») بهتر از پرسشِ کلی است
klink_upselling_isced_f_2013_0416_1,spec_upselling,kc_isced_0416,draws_on,میانگینِ مبلغِ فاکتور,average ticket value,یک دسر برای هر میز، فروشِ ماه را جابه‌جا می‌کند
klink_upselling_isced_f_2013_0313_2,spec_upselling,kc_isced_0313,draws_on,اقناع بدونِ فشار,persuasion without pressure,اصرار اعتمادِ مهمان را از بین می‌برد
klink_order_taking_isced_f_2013_1013_0,spec_order_taking,kc_isced_1013,draws_on,روشِ گرفتنِ سفارش,order-taking procedure,شماره‌ی صندلی تا غذا را بی‌پرسیدن جلوی نفرِ درست گذاشت
klink_order_taking_isced_f_2013_0232_1,spec_order_taking,kc_isced_0232,draws_on,گفتارِ روشن,clear spoken communication,خواندنِ دوباره‌ی سفارش سوءتفاهم را پیش از آشپزخانه می‌گیرد
klink_table_service_isced_f_2013_1013_0,spec_table_service,kc_isced_1013,draws_on,شیوه‌ها و ترتیبِ سرو,table service styles and sequence,ترتیبِ پیش‌غذا، غذای اصلی و دسر، و سروِ هم‌زمانِ یک میز
klink_table_service_isced_f_2013_0417_1,spec_table_service,kc_isced_0417,draws_on,کارِ کارآمد در سالن,working efficiently on the floor,هیچ‌وقت دست‌خالی رفت‌وآمد نکنید
klink_tray_carrying_isced_f_2013_0533_0,spec_tray_carrying,kc_isced_0533,draws_on,مرکزِ جرم و تعادل,centre of mass and balance,بارِ سنگین در مرکزِ سینی، واژگونی را کم می‌کند
klink_tray_carrying_isced_f_2013_1022_1,spec_tray_carrying,kc_isced_1022,draws_on,حملِ ارگونومیک,ergonomic carrying,مچ صاف و بارِ نزدیکِ بدن تا شانه آسیب نبیند
klink_tray_carrying_isced_f_2013_1013_2,spec_tray_carrying,kc_isced_1013,draws_on,روشِ حملِ بشقاب و سینی,plate and tray carrying technique,سه بشقاب روی یک دست، از فنونِ سالن
klink_menu_knowledge_isced_f_2013_1013_0,spec_menu_knowledge,kc_isced_1013,draws_on,ساختارِ منو و شرحِ غذاها,menu structure and dish descriptions,توضیحِ کوتاه و گیرا از هر غذا
klink_menu_knowledge_isced_f_2013_0915_1,spec_menu_knowledge,kc_isced_0915,draws_on,مواد و نیازهای رژیمی,ingredients and dietary needs,گیاه‌خوار، بی‌گلوتن و کم‌نمک چه می‌توانند بخورند
klink_menu_knowledge_isced_f_2013_0721_2,spec_menu_knowledge,kc_isced_0721,draws_on,روشِ تهیه‌ی غذاها,how dishes are made,دانستنِ روشِ پخت، پرسشِ مهمان را پاسخ می‌دهد
klink_persian_hospitality_etiquette_isced_f_2013_0314_0,spec_persian_hospitality_etiquette,kc_isced_0314,draws_on,هنجارهای فرهنگیِ ایرانی و تعارف,Iranian cultural norms and taarof,«قابلی نداره» تعارف است؛ حساب را درست و محترمانه بگیرید
klink_persian_hospitality_etiquette_isced_f_2013_1013_1,spec_persian_hospitality_etiquette,kc_isced_1013,draws_on,آیین‌های پذیرایی,hospitality rituals,پذیراییِ چای و خوشامد پیش از سفارش
klink_persian_hospitality_etiquette_isced_f_2013_0223_2,spec_persian_hospitality_etiquette,kc_isced_0223,draws_on,ادب و احترام,courtesy and respect,رفتارِ یکسان و محترمانه با همه‌ی مهمان‌ها
klink_english_for_hospitality_isced_f_2013_0231_0,spec_english_for_hospitality,kc_isced_0231,draws_on,انگلیسی برای اهدافِ ویژه,English for specific purposes,واژه‌های غذا، نوشیدنی، پرداخت و جهت‌یابی
klink_english_for_hospitality_isced_f_2013_1015_1,spec_english_for_hospitality,kc_isced_1015,draws_on,خدمت به گردشگرِ خارجی,serving international tourists,توضیحِ غذای ایرانی به کسی که آن را نمی‌شناسد
klink_english_for_hospitality_isced_f_2013_0314_2,spec_english_for_hospitality,kc_isced_0314,draws_on,ارتباطِ میان‌فرهنگی,intercultural communication,عادت‌های انعام، فاصله و رفتار در فرهنگ‌ها فرق دارد
klink_reading_order_tickets_isced_f_2013_1013_0,spec_reading_order_tickets,kc_isced_1013,draws_on,گردشِ فیش و اعلامِ سفارش,kitchen ticket flow and calling orders,فیش به ترتیبِ رسیدن و با زمان‌بندیِ هر میز پیش می‌رود
klink_reading_order_tickets_isced_f_2013_0021_1,spec_reading_order_tickets,kc_isced_0021,draws_on,سوادِ کاربردی,functional literacy,خواندنِ سریعِ کوته‌نوشت‌ها و عددها
klink_reading_order_tickets_isced_f_2013_0611_2,spec_reading_order_tickets,kc_isced_0611,draws_on,صفحه‌نمایشِ آشپزخانه,kitchen display screens,سفارش روی صفحه با رنگ، زمانِ انتظار را نشان می‌دهد
klink_shift_handover_isced_f_2013_0413_0,spec_shift_handover,kc_isced_0413,draws_on,روش‌های تحویلِ کار,operational handover procedures,دفترِ شیفت یا چک‌لیستِ یکسان برای همه
klink_shift_handover_isced_f_2013_0415_1,spec_shift_handover,kc_isced_0415,draws_on,دفترِ ثبت و یادداشت,written logs and notes,نوشته از حافظه قابل‌اعتمادتر است
klink_basic_arithmetic_isced_f_2013_0541_0,spec_basic_arithmetic,kc_isced_0541,draws_on,حساب، نسبت و درصد,"arithmetic, ratios and percentages",دستورِ ۱۰ نفره برای ۲۵ نفر یعنی ضرب در ۲٫۵
klink_basic_arithmetic_isced_f_2013_0021_1,spec_basic_arithmetic,kc_isced_0021,draws_on,مهارتِ عددی,numeracy,عددخوانی و محاسبه‌ی ذهنی در کارِ روزانه
klink_digital_ordering_platforms_isced_f_2013_0611_0,spec_digital_ordering_platforms,kc_isced_0611,draws_on,کار با پنلِ فروشنده و تبلت,using vendor platforms and tablets,پذیرش یا ردِ سفارش در چند دقیقه
klink_digital_ordering_platforms_isced_f_2013_0416_1,spec_digital_ordering_platforms,kc_isced_0416,draws_on,کانال‌های فروشِ آنلاین,online retail channels,کمیسیونِ سامانه و قیمت‌گذاری در آن
klink_digital_ordering_platforms_isced_f_2013_0414_2,spec_digital_ordering_platforms,kc_isced_0414,draws_on,امتیاز و اعتبارِ آنلاین,ratings and online reputation,تأخیر و ناموجودی امتیازِ فروشگاه را کم می‌کند
klink_cost_control_isced_f_2013_0411_0,spec_cost_control,kc_isced_0411,draws_on,حسابداریِ بهای تمام‌شده و تحلیلِ انحراف,cost accounting and variance analysis,مصرفِ واقعی در برابرِ مصرفِ نظری
klink_cost_control_isced_f_2013_0413_1,spec_cost_control,kc_isced_0413,draws_on,بودجه‌بندیِ عملیاتی,operational budgeting,هدفِ درصدِ هزینه‌ی مواد و نیرو برای هر ماه
klink_cost_control_isced_f_2013_0311_2,spec_cost_control,kc_isced_0311,draws_on,قیمتِ نهاده‌ها و تورم,input prices and inflation,با تورم، قیمتِ خرید هر ماه باید دوباره دیده شود
klink_menu_costing_isced_f_2013_0411_0,spec_menu_costing,kc_isced_0411,draws_on,بهای دستورِ پخت و بازده,recipe costing and yield,بهای هر کیلو گوشتِ تمیزشده، نه خریده‌شده
klink_menu_costing_isced_f_2013_0414_1,spec_menu_costing,kc_isced_0414,draws_on,مهندسیِ منو و قیمت‌گذاری,menu engineering and pricing,پرسود و پرفروش را در بهترین جای منو بگذارید
klink_menu_costing_isced_f_2013_0541_2,spec_menu_costing,kc_isced_0541,draws_on,نسبت و درصد,ratios and percentages,قیمتِ فروش = بهای مواد ÷ درصدِ هدف
klink_staff_scheduling_isced_f_2013_0413_0,spec_staff_scheduling,kc_isced_0413,draws_on,برنامه‌ریزیِ نیروی کار,workforce planning,نیرو به اندازه‌ی شلوغیِ هر ساعت
klink_staff_scheduling_isced_f_2013_0421_1,spec_staff_scheduling,kc_isced_0421,draws_on,قانونِ کار درباره‌ی ساعت و استراحت,labour law on hours and rest,ساعتِ کارِ هفتگی، اضافه‌کار و شب‌کاری
klink_staff_scheduling_isced_f_2013_0542_2,spec_staff_scheduling,kc_isced_0542,draws_on,پیش‌بینیِ تقاضا,demand forecasting,فروشِ هفته‌های گذشته، شلوغیِ هفته‌ی بعد را نشان می‌دهد
klink_team_leadership_isced_f_2013_0413_0,spec_team_leadership,kc_isced_0413,draws_on,سرپرستی و واگذاریِ کار,supervision and delegation,کار را به کسی بدهید که توانِ آن را دارد و بعد پیگیری کنید
klink_team_leadership_isced_f_2013_0313_1,spec_team_leadership,kc_isced_0313,draws_on,انگیزش و جوِّ تیم,motivation and team climate,دیده‌شدنِ کارِ خوب، انگیزه را بیش از سرزنش می‌سازد
klink_team_leadership_isced_f_2013_0223_2,spec_team_leadership,kc_isced_0223,draws_on,انصاف و اخلاقِ کاری,fairness and workplace ethics,قاعده‌ی یکسان برای همه
klink_coaching_others_isced_f_2013_0111_0,spec_coaching_others,kc_isced_0111,draws_on,یادگیریِ بزرگسالان و روشِ آموزش,adult learning and instruction,بگو، نشان بده، بگذار انجام دهد، بازخورد بده
klink_coaching_others_isced_f_2013_0313_1,spec_coaching_others,kc_isced_0313,draws_on,بازخوردِ سازنده,constructive feedback,بازخورد درباره‌ی کار، نه درباره‌ی آدم
klink_coaching_others_isced_f_2013_0417_2,spec_coaching_others,kc_isced_0417,draws_on,آموزشِ ضمنِ کار,on-the-job training,آموزش در ایستگاهِ واقعی و در ساعتِ آرام
klink_equipment_cleaning_basics_isced_f_2013_1021_0,spec_equipment_cleaning_basics,kc_isced_1021,draws_on,نظافتِ سطح‌های در تماس با غذا,cleaning food-contact surfaces,باقیِ غذا در شکافِ دستگاه، جای رشدِ میکروب است
klink_equipment_cleaning_basics_isced_f_2013_1022_1,spec_equipment_cleaning_basics,kc_isced_1022,draws_on,قطعِ برق پیش از نظافت,lockout and isolation before cleaning,تیغه‌ی اسلایسر حتی خاموش هم بُرنده است
klink_equipment_cleaning_basics_isced_f_2013_0715_2,spec_equipment_cleaning_basics,kc_isced_0715,draws_on,باز و بسته کردنِ قطعه‌های دستگاه,disassembly and reassembly of equipment,قطعه‌ی نادرست بسته‌شده دستگاه را خراب یا خطرناک می‌کند
klink_espresso_isced_f_2013_0533_0,spec_espresso,kc_isced_0533,draws_on,فشار و جریانِ سیال,fluid pressure and flow,آب با حدودِ ۹ بار از قرصِ قهوه می‌گذرد
klink_espresso_isced_f_2013_0531_1,spec_espresso,kc_isced_0531,draws_on,حل‌پذیری و درصدِ عصاره,solubility and extraction yield,عصاره‌ی متعادل حدودِ ۱۸ تا ۲۲ درصدِ وزنِ قهوه است
klink_espresso_isced_f_2013_0713_2,spec_espresso,kc_isced_0713,draws_on,گرمایشِ دیگ و کنترلِ دما,boiler heating and controls,کنترلرِ دما، آب را حدودِ ۹۰ تا ۹۶ درجه نگه می‌دارد
klink_espresso_isced_f_2013_1013_3,spec_espresso,kc_isced_1013,draws_on,سرو در بارِ اسپرسو,espresso bar service,شات را همان لحظه سرو کنید؛ کِرِما زود می‌خوابد
klink_latte_art_isced_f_2013_0533_0,spec_latte_art,kc_isced_0533,draws_on,دینامیکِ سیال و چگالی,fluid dynamics and density,کفِ سبک‌تر روی کرِما شناور می‌شود و نقش را می‌سازد
klink_latte_art_isced_f_2013_0213_1,spec_latte_art,kc_isced_0213,draws_on,طراحی و تقارنِ دیداری,design and visual symmetry,قرینه بودن و جای نقش در فنجان
klink_latte_art_isced_f_2013_0512_2,spec_latte_art,kc_isced_0512,draws_on,مرزِ کرِما و کفِ شیر,crema and milk foam interface,کرِمای تازه بومِ بهتری برای نقش است
klink_brewbar_isced_f_2013_0531_0,spec_brewbar,kc_isced_0531,draws_on,عصاره‌گیری و موادِ جامدِ محلول,extraction and total dissolved solids,قهوه‌ی دمی خوش‌مزه حدودِ ۱٫۲ تا ۱٫۴ درصد جامدِ محلول دارد
klink_brewbar_isced_f_2013_0533_1,spec_brewbar,kc_isced_0533,draws_on,تراوش و سرعتِ جریان,percolation and flow rate,درشتیِ آسیاب سرعتِ گذرِ آب را تعیین می‌کند
klink_brewbar_isced_f_2013_0811_2,spec_brewbar,kc_isced_0811,draws_on,خاستگاه و فرآوریِ دانه‌ی قهوه,coffee origin and processing,روشِ شسته یا طبیعی، طعمِ فنجان را تغییر می‌دهد
klink_brewbar_isced_f_2013_1013_3,spec_brewbar,kc_isced_1013,draws_on,سرو در بارِ دمی,brew bar service,معرفیِ دانه و روش به مهمان
klink_milk_texturing_isced_f_2013_0512_0,spec_milk_texturing,kc_isced_0512,draws_on,پروتئین‌های شیر و پایداریِ کف,milk proteins and foam stability,پروتئینِ شیر دورِ حباب‌ها لایه می‌سازد
klink_milk_texturing_isced_f_2013_0533_1,spec_milk_texturing,kc_isced_0533,draws_on,بخار و انتقالِ گرما,steam and heat transfer,بخار با میعان گرمای نهانِ خود را به شیر می‌دهد
klink_milk_texturing_isced_f_2013_0531_2,spec_milk_texturing,kc_isced_0531,draws_on,لاکتوز و شیرینیِ حساس به گرما,lactose and heat-sensitive sweetness,شیرِ بیش از حد داغ، مزه‌ی پخته و کفِ درشت می‌گیرد
klink_grinder_dial_in_isced_f_2013_0533_0,spec_grinder_dial_in,kc_isced_0533,draws_on,اندازه‌ی ذره و مقاومت در برابرِ جریان,particle size and flow resistance,آسیابِ ریزتر جریان را کند و زمانِ شات را بلند می‌کند
klink_grinder_dial_in_isced_f_2013_0542_1,spec_grinder_dial_in,kc_isced_0542,draws_on,متغیرهای کنترل‌شده و اندازه‌گیری,controlled variables and measurement,هر بار فقط یک متغیر را تغییر دهید
klink_grinder_dial_in_isced_f_2013_0715_2,spec_grinder_dial_in,kc_isced_0715,draws_on,مکانیکِ تیغه‌ی آسیاب و فرسایش,burr mechanics and wear,تیغه‌ی کُند ذره‌ی ریزِ ناخواسته زیاد می‌سازد
klink_water_chemistry_for_coffee_isced_f_2013_0531_0,spec_water_chemistry_for_coffee,kc_isced_0531,draws_on,سختی، قلیاییت و یون‌های معدنی,"hardness, alkalinity and mineral ions",منیزیم و کلسیم عصاره می‌گیرند و بی‌کربنات اسیدیته را خنثی می‌کند
klink_water_chemistry_for_coffee_isced_f_2013_0711_1,spec_water_chemistry_for_coffee,kc_isced_0711,draws_on,فرایندهای تصفیه‌ی آب,water treatment processes,اسمزِ معکوس، رزینِ تبادلِ یون و کارتریجِ کربن
klink_water_chemistry_for_coffee_isced_f_2013_0715_2,spec_water_chemistry_for_coffee,kc_isced_0715,draws_on,رسوب در دیگِ دستگاه,scale formation in boilers,آبِ سخت، المنت و لوله‌ی دستگاه را رسوب می‌گیرد
klink_tea_brewing_isced_f_2013_0531_0,spec_tea_brewing,kc_isced_0531,draws_on,تانن، کافئین و دم‌کشیدن,"tannins, caffeine and infusion",دمِ طولانی تانن و تلخی را زیاد می‌کند
klink_tea_brewing_isced_f_2013_0812_1,spec_tea_brewing,kc_isced_0812,draws_on,کشتِ چای و درجه‌های آن,tea cultivation and grades,چای بهاره‌ی لاهیجان و چای‌های وارداتی
klink_tea_brewing_isced_f_2013_0533_2,spec_tea_brewing,kc_isced_0533,draws_on,دمای آب و اتلافِ گرما,water temperature and heat loss,چای سبز حدودِ ۷۰ تا ۸۰ درجه، چای سیاه نزدیکِ جوش
klink_tea_brewing_isced_f_2013_1013_3,spec_tea_brewing,kc_isced_1013,draws_on,سروِ سنتیِ چای,traditional tea service,استکان، نعلبکی، قند و خرما در چای‌خانه
klink_knife_skills_isced_f_2013_1013_0,spec_knife_skills,kc_isced_1013,draws_on,برش‌های کلاسیکِ آشپزی,classical knife cuts,ژولین، بروناز، شیفوناد و مکعبِ درشت و ریز
klink_knife_skills_isced_f_2013_0533_1,spec_knife_skills,kc_isced_0533,draws_on,مکانیکِ برش و نفوذِ گرما,cutting mechanics and heat penetration,قطعه‌های هم‌اندازه هم‌زمان می‌پزند
klink_knife_skills_isced_f_2013_0715_2,spec_knife_skills,kc_isced_0715,draws_on,تیز کردن و صاف کردنِ لبه,sharpening and honing,سنگِ تیزکن لبه می‌سازد و مسات لبه را صاف می‌کند
klink_mise_en_place_isced_f_2013_1013_0,spec_mise_en_place,kc_isced_1013,draws_on,سازمان‌دهیِ ایستگاهِ آشپزخانه,kitchen workstation organisation,فهرستِ آماده‌سازی بر پایه‌ی پیش‌بینیِ فروش
klink_mise_en_place_isced_f_2013_0417_1,spec_mise_en_place,kc_isced_0417,draws_on,برنامه‌ریزیِ روندِ کار,workflow planning,کارهای زمان‌بر زودتر، کارهای تازه‌خور نزدیکِ سرو
klink_cooking_methods_isced_f_2013_0533_0,spec_cooking_methods,kc_isced_0533,draws_on,رسانش، همرفت و تابش,"conduction, convection and radiation",تابه با رسانش، فر با همرفت و منقل با تابش می‌پزد
klink_cooking_methods_isced_f_2013_0512_1,spec_cooking_methods,kc_isced_0512,draws_on,واکنشِ میلارد و دگرگونیِ پروتئین,Maillard reaction and protein denaturation,رنگ و عطرِ برشته شدن بالای حدودِ ۱۴۰ درجه
klink_cooking_methods_isced_f_2013_0721_2,spec_cooking_methods,kc_isced_0721,draws_on,فرآوریِ گرماییِ غذا,thermal processing of foods,کلاژنِ گوشتِ سفت با پختِ آرام و مرطوب ژلاتین می‌شود
klink_cooking_methods_isced_f_2013_1013_3,spec_cooking_methods,kc_isced_1013,draws_on,فنونِ هنرِ آشپزی,culinary arts techniques,انتخابِ روشِ پخت بر پایه‌ی ماده و منو
klink_plating_isced_f_2013_0213_0,spec_plating,kc_isced_0213,draws_on,رنگ، ترکیب‌بندی و تعادل,"colour, composition and balance",رنگ‌های مکمل و عددِ فرد در چیدن
klink_plating_isced_f_2013_1013_1,spec_plating,kc_isced_1013,draws_on,استانداردِ ارائه‌ی بشقاب,plate presentation standards,عکسِ نمونه تا همه یکسان بچینند
klink_plating_isced_f_2013_0313_2,spec_plating,kc_isced_0313,draws_on,اثرِ دیدن بر درکِ مزه,visual perception of taste,بشقابِ زیبا خوش‌مزه‌تر به نظر می‌رسد
klink_rice_cooking_persian_isced_f_2013_0512_0,spec_rice_cooking_persian,kc_isced_0512,draws_on,ژلاتینی شدن و بیاتیِ نشاسته,starch gelatinisation and retrogradation,خیساندن آبِ دانه را زیاد و پخت را یکنواخت می‌کند
klink_rice_cooking_persian_isced_f_2013_0533_1,spec_rice_cooking_persian,kc_isced_0533,draws_on,بخار و پخشِ گرما,steam and heat distribution,دم‌کنی بخار را در قابلمه نگه می‌دارد تا دانه بپزد
klink_rice_cooking_persian_isced_f_2013_0811_2,spec_rice_cooking_persian,kc_isced_0811,draws_on,رقم‌های برنج و کیفیتِ دانه,rice varieties and grain quality,طارم و هاشمی و صدریِ کهنه، قد می‌کشند
klink_rice_cooking_persian_isced_f_2013_1013_3,spec_rice_cooking_persian,kc_isced_1013,draws_on,آشپزیِ سنتیِ ایرانی,Iranian culinary tradition,پلو ستونِ سفره‌ی ایرانی است
klink_kebab_grilling_isced_f_2013_0533_0,spec_kebab_grilling,kc_isced_0533,draws_on,گرمای تابشیِ ذغال,radiant heat from charcoal,فاصله‌ی سیخ از ذغال، شدتِ گرما را تنظیم می‌کند
klink_kebab_grilling_isced_f_2013_0512_1,spec_kebab_grilling,kc_isced_0512,draws_on,پروتئین‌های گوشت و چسبندگی,meat proteins and binding,ورز دادنِ کوبیده با نمک، پروتئین را چسبنده می‌کند تا از سیخ نیفتد
klink_kebab_grilling_isced_f_2013_0511_2,spec_kebab_grilling,kc_isced_0511,draws_on,پختِ ایمنِ گوشتِ چرخ‌کرده,safe cooking of minced meat,گوشتِ چرخ‌کرده باید تا مغز کامل پخته شود
klink_kebab_grilling_isced_f_2013_1022_3,spec_kebab_grilling,kc_isced_1022,draws_on,دود و مونوکسیدِ کربنِ ذغال,charcoal smoke and carbon monoxide,هودِ قوی و تهویه برای کباب‌پز ضروری است
klink_bread_dough_handling_isced_f_2013_0512_0,spec_bread_dough_handling,kc_isced_0512,draws_on,تشکیلِ گلوتن و تخمیر,gluten formation and fermentation,ورز دادن شبکه‌ی گلوتن می‌سازد و مخمر گاز تولید می‌کند
klink_bread_dough_handling_isced_f_2013_0721_1,spec_bread_dough_handling,kc_isced_0721,draws_on,فناوریِ نانوایی,bakery technology,درصدِ آب، دما و زمانِ تخمیر، بافتِ نان را می‌سازند
klink_bread_dough_handling_isced_f_2013_0511_2,spec_bread_dough_handling,kc_isced_0511,draws_on,میکروب‌شناسیِ مخمر و خمیرترش,yeast and sourdough microbiology,مخمر در حدودِ ۲۵ تا ۳۰ درجه بهترین کار را می‌کند
klink_bread_dough_handling_isced_f_2013_0541_3,spec_bread_dough_handling,kc_isced_0541,draws_on,درصدِ نانوایی,baker's percentage,همه‌ی مواد نسبت به وزنِ آرد سنجیده می‌شوند
klink_food_labeling_isced_f_2013_0721_0,spec_food_labeling,kc_isced_0721,draws_on,تاریخ‌گذاری و ماندگاری,date marking and shelf life,«مصرف تا» برای ایمنی است و «بهتر است مصرف شود تا» برای کیفیت
klink_food_labeling_isced_f_2013_0421_1,spec_food_labeling,kc_isced_0421,draws_on,ضوابطِ قانونیِ برچسبِ غذا,food labelling regulations,بسته‌ی فروشی نیازمندِ پروانه و برچسبِ مطابقِ ضوابطِ سازمانِ غذا و دارو است
klink_food_labeling_isced_f_2013_0915_2,spec_food_labeling,kc_isced_0915,draws_on,جدولِ اطلاعاتِ تغذیه‌ای,nutrition information panels,برچسبِ رنگیِ قند، نمک و چربی در ایران اجباری است
