place,name,kind,source
ir-jazink-city,شهر جزینک,spelling,osm
ir-shahr-kohne,شهر کهنه,spelling,osm
ir-r8902362,شهر صمصامی,spelling,osm
ir-r17583223,شهر تخت سلیمان,spelling,osm
ir-r16606997,شهر آباد,spelling,osm
ir-r8904907,شهر سرخون,spelling,osm
ir-r17526274,شهر منتظران,spelling,osm
ir-r8952867,شهر کاج,spelling,osm
ir-r17583973,شهر سیمینه,spelling,osm
ir-razqan,شهر رازقان,spelling,osm
ir-r8948467,شهر مال خلیفه,spelling,osm
ir-r20805672,شهر رویان,spelling,osm
ir-r13886413,شهر آوه,spelling,osm
ir-saruq,شهر ساروق,spelling,osm
ir-r14171896,شهر بوستان,spelling,osm
ir-r13076838,شهر توره,spelling,osm
ir-vanak,شهر ونک,spelling,osm
ir-r13089103,شهر هندودر,spelling,osm
ir-r16759565,شهر مزرج,spelling,osm
ir-madar-e-soleyman,شهر مادر سلیمان,spelling,osm
ir-khak-ali-city,شهر خاکعلی,spelling,osm
ir-chelgerd,شهر چلگرد,spelling,osm
ir-r13447627,شهر شهیون,spelling,osm
ir-r16700061,شهر کشاورز,spelling,osm
ir-r8973355,شهر سودجان,spelling,osm
ir-r17582588,شهر بکتاش,spelling,osm
ir-r21310279,شهر ارداق,spelling,osm
ir-r13099367,شهر قورچی باشی,spelling,osm
ir-r8953461,شهر چلیچه,spelling,osm
ir-r16767207,شهر خواجو شهر,spelling,osm
ir-r17574175,شهر چوکام,spelling,osm
ir-r14214421,شهر مینوشهر,spelling,osm
ir-paliz-city,شهر پالیز,spelling,osm
ir-r11144069,شهر قدمگاه,spelling,osm
ir-farg-qaleh,شهر فرگ قلعه,spelling,osm
ir-r11147753,شهر اصلاندوز,spelling,osm
ir-khenejin,شهر خنجین,spelling,osm
ir-r8973977,شهر گوجان,spelling,osm
ir-r11138790,شهر رونیز,spelling,osm
ir-karchan,شهر کارچان,spelling,osm
ir-sardasht-lordegan,شهر سردشت لردگان,spelling,osm
ir-r6816109,شهر طاقانک,spelling,osm
ir-r20782167,شهر چم گلک,spelling,osm
ir-district-4,منطقه ۴ شهرداری ساری,spelling,osm
ir-vardanjan,شهر وردنجان,spelling,osm
ir-r17008211,شهر حر ریاحی,spelling,osm
ir-javersiyan,شهر جاورسیان,spelling,osm
ir-rahmatabad-2,شهر رحمت آباد,spelling,osm
ir-r8973327,شهر دستنا,spelling,osm
ir-r17794229,شهر نرجه,spelling,osm
ir-r6825510,شهر سفید دشت,spelling,osm
ir-r11138742,شهر ایج,spelling,osm
ir-nurbahar-city,شهر نوربهار,spelling,osm
ir-r16612734,شهر دیزیچه,spelling,osm
ir-hanna,شهر حنا,spelling,osm
ir-r8904610,شهر بازفت,spelling,osm
ir-r8948084,شهر دشتک,spelling,osm
ir-r17245188,شهر امیریه,spelling,osm
ir-w1092588105,شهر امام,spelling,osm
ir-r8973335,شهر آلونی,spelling,osm
ir-talkhab,شهر تلخاب,spelling,osm
ir-oshtorinan-town,شهر اشترینان,spelling,osm
ir-firoozeh,شهر فیروزه,spelling,osm
ir-r18535359,شهر کشکسرای,spelling,osm
ir-shonbeh-city,شهر شنبه,spelling,osm
ir-r6827274,شهر نافچ,spelling,osm
ir-zarrin-rud-city,شهر زرین رود,spelling,osm
ir-kalat-city,شهر کلات,spelling,osm
ir-r7168143,شهر پردنجان,spelling,osm
ir-qeshlaq-city,شهر قشلاق,spelling,osm
ir-golzar-2,شهر گلزار,spelling,osm
ir-gandaman-city,شهر گندمان,spelling,osm
ir-r7173405,شهر باباحیدر,spelling,osm
ir-r9569599,شهر رضویه,spelling,osm
ir-karasf-city,شهر کرسف,spelling,osm
ir-shahr-e-kiyan,شهر کیان,spelling,osm
ir-r8973407,شهر ناغان,spelling,osm
ir-khoshkrud-town,شهر خشکرود,spelling,osm
ir-mahmudabad-2,شهر محمودآباد,spelling,osm
ir-garmab-city,شهر گرماب,spelling,osm
ir-sojas-city,شهر سجاس,spelling,osm
ir-sohrevard-city,شهر سهرورد,spelling,osm
ir-bampur,شهر بمپور,spelling,osm
ir-r8799470,شهر جلین,spelling,osm
ir-samen-town,شهر سامن,spelling,osm
ir-r17020000,شهر یامچی,spelling,osm
ir-r9715390,شهر خلیل آباد,spelling,osm
ir-nakhl-e-taghi-city,شهر نخل تقی,spelling,osm
ir-r17206185,شهر نشتیفان,spelling,osm
ir-naraq-city,شهر نراق,spelling,osm
ir-r13074911,شهر زاویه,spelling,osm
ir-r16730388,شهر نمین,spelling,osm
ir-r13074792,شهر پرندک,spelling,osm
ir-w898069884,شهر باخرز,spelling,osm
ir-sain-qaleh-city,شهر صائین قلعه,spelling,osm
ir-shirinu-city,شهر شیرینو,spelling,osm
ir-r6876974,شهر جونقان,spelling,osm
ir-r13071886,شهر نوبران,spelling,osm
ir-r6800807,شهر سامان,spelling,osm
ir-khondab,شهر خنداب,spelling,osm
ir-sureshjan,شهر سورشجان,spelling,osm
ir-r17749619,شهر بهنمیر,spelling,osm
ir-r8975678,شهر نقنه,spelling,osm
ir-ziaran-city,شهر زیاران,spelling,osm
ir-r6846378,شهر منظریه,spelling,osm
ir-hidaj-city,شهر هیدج,spelling,osm
ir-garmdarreh,شهر گرمدره,spelling,osm
ir-r19099239,شهر فیرورق,spelling,osm
ir-w898067117,شهر دولت آباد,spelling,osm
ir-r16783015,شهر گلدشت,spelling,osm
ir-maravatappe-city,شهر مراوه تپه,spelling,osm
ir-mohr,شهر مهر,spelling,osm
ir-r13071642,شهر غرق آباد,spelling,osm
ir-r11166650,شهر آباده طشک,spelling,osm
ir-r18306873,شهر آشار,spelling,osm
ir-torghabeh-city,شهر طرقبه,spelling,osm
ir-sharif-abad-city,شهر شریف آباد,spelling,osm
ir-r17575861,شهر رودبنه,spelling,osm
ir-r8975693,شهر فرادنبه,spelling,osm
ir-chaharborj-city,شهر چهاربرج,spelling,osm
ir-asalouyeh-city,شهر عسلویه,spelling,osm
ir-r8975701,شهر بلداجی,spelling,osm
ir-badroud,شهر بادرود,spelling,osm
ir-baruq-city,شهر باروق,spelling,osm
ir-r17644238,شهر بنارویه,spelling,osm
ir-r13081894,شهر جدید امیرکبیر,spelling,osm
ir-r14409498,شهر زاینده رود,spelling,osm
ir-r16191766,شهر درجزین,spelling,osm
ir-niasar,شهر نیاسر,spelling,osm
ir-bidkhun-city,شهر بیدخون,spelling,osm
ir-davudabad,شهر داودآباد,spelling,osm
ir-komijan-city,شهر کمیجان,spelling,osm
ir-r9165974,شهر کلاله,spelling,osm
ir-mohiabad,شهر محی آباد,spelling,osm
ir-r6892339,شهر هفشجان,spelling,osm
ir-kaki-city,شهر کاکی,spelling,osm
ir-farmahin,شهر فرمهین,spelling,osm
ir-ma-muniyeh-city,شهر مأمونیه,spelling,osm
ir-r13887335,شهر تفرش,spelling,osm
ir-r9080266,شهر هرمز,spelling,osm
ir-rigan,شهر ریگان,spelling,osm
ir-r6800972,شهر بن,spelling,osm
ir-r8842569,شهر علی آباد کتول,spelling,osm
ir-r17581038,شهر لالی,spelling,osm
ir-bandar-rig-city,شهر بندر ریگ,spelling,osm
ir-shahbaz,شهر شهباز,spelling,osm
ir-bafruiyeh,شهر بفروییه,spelling,osm
ir-mehregan-city,شهر مهرگان,spelling,osm
ir-shoush,شهر شوش,spelling,osm
ir-r15921821,شهر خمام,spelling,osm
ir-bandar-imam-hasan-city,شهر بندر امام حسن,spelling,osm
ir-r8900303,شهر دلیجان,spelling,osm
ir-mohammadiyeh-city,شهر محمدیه,spelling,osm
ir-farashband,شهر فراشبند,spelling,osm
ir-r18797272,شهر نورآباد,spelling,osm
ir-lordegan,شهر لردگان,spelling,osm
ir-ashtian-city,شهر آشتیان,spelling,osm
ir-r11342466,شهر شازند,spelling,osm
ir-r8799457,شهر کردکوی,spelling,osm
ir-r12291270,شهر رابر,spelling,osm
ir-arsanjan,شهر ارسنجان,spelling,osm
ir-ab-pakhsh-city,شهر آب پخش,spelling,osm
ir-bandar-siraf-city,شهر بندر سیراف,spelling,osm
ir-alishahr,شهر عالی شهر,spelling,osm
ir-faruj,شهر فاروج,spelling,osm
ir-takab,شهر تکاب,spelling,osm
ir-r19194802,شهر قره ضیاءالدین,spelling,osm
ir-ravand,شهر راوند,spelling,osm
ir-zehak-city,شهر زهک,spelling,osm
ir-shahmirzad-town,شهر شهمیرزاد,spelling,osm
ir-qeydar-city,شهر قیدار,spelling,osm
ir-r9080268,شهر سوزا,spelling,osm
ir-astaneh-ye-ashrafiyeh,شهر آستانه اشرفیه,spelling,osm
ir-estahban,شهر استهبان,spelling,osm
ir-mahdishahr,شهر مهدی‌شهر,spelling,osm
ir-haji-abad-5,شهر حاجی آباد,spelling,osm
ir-gumish-tappe-city,شهر گمیش تپه,spelling,osm
ir-andouhjerd,شهر اندوهجرد,spelling,osm
ir-w898069883,شهر فریمان,spelling,osm
ir-district-10,منطقه ۱۰ شهر تهران,spelling,osm
ir-mahmoudabad-2,شهر محمودآباد,spelling,osm
ir-eshtehard-city,شهر اشتهارد,spelling,osm
ir-district-17,منطقه ۱۷ شهر تهران,spelling,osm
ir-bandar-deylam-city,شهر بندر دیلم,spelling,osm
ir-r9715389,شهر بردسکن,spelling,osm
ir-abyek-city,شهر آبیک,spelling,osm
ir-r17352104,شهر رودسر,spelling,osm
ir-fahraj,شهر فهرج,spelling,osm
ir-nasimshahr,شهر نسیم شهر,spelling,osm
ir-r8886560,شهر خورسند,spelling,osm
ir-ahmadabad-e-mostowfi-city,شهر احمدآباد مستوفی,spelling,osm
ir-r9080270,شهر درگهان,spelling,osm
ir-asadabad,شهر اسدآباد,spelling,osm
ir-qaen,شهر قائن,spelling,osm
ir-khorramdarreh,شهر خرمدره,spelling,osm
ir-banak-city,شهر بنک,spelling,osm
ir-khormuj-city,شهر خورموج,spelling,osm
ir-r17351911,شهر دورود,spelling,osm
ir-qasr-e-shirin-city,شهر قصر شیرین,spelling,osm
ir-r11285213,شهر کنگاور,spelling,osm
ir-rostamabad,شهر رستم آباد,spelling,osm
ir-1,منطقه 1 شهرداری اردبیل,spelling,osm
ir-r13084236,شهر مهاجران,spelling,osm
ir-r12241866,شهر اسلام آباد غرب,spelling,osm
ir-5,منطقه 5 شهرداری اردبیل,spelling,osm
ir-mohammad-shahr,شهر محمد شهر,spelling,osm
ir-zarqan,شهر زرقان,spelling,osm
ir-baghein,شهر باغین,spelling,osm
ir-borujen-city,شهر بروجن,spelling,osm
ir-joupar,شهر جوپار,spelling,osm
ir-r15100601,شهر مجلسی,spelling,osm
ir-gonabad,شهر گناباد,spelling,osm
ir-shahin-dezh,شهر شاهین دژ,spelling,osm
ir-district-1-4,منطقه ۱ شهرداری ساری,spelling,osm
ir-district-11-2,منطقه ۱۱ شهر تهران,spelling,osm
ir-r17353421,شهر ایذه,spelling,osm
ir-naqadeh,شهر نقده,spelling,osm
ir-parsian-city,شهر پارسیان,spelling,osm
ir-langarud,شهر لنگرود,spelling,osm
ir-r16464038,شهر پارس آباد,spelling,osm
ir-district-2-5,منطقه ۲ شهرداری ساری,spelling,osm
ir-ardestan,شهر اردستان,spelling,osm
ir-osku,شهر اسکو,spelling,osm
ir-jam-city,شهر جم,spelling,osm
ir-district-8-2,منطقه ۸ شهر تهران,spelling,osm
ir-shabankareh-city,شهر شبانکاره,spelling,osm
ir-chatroud,شهر چترود,spelling,osm
ir-r8768515,شهر آق قلا,spelling,osm
ir-nahavand,شهر نهاوند,spelling,osm
ir-ferdows-3,شهر فردوس,spelling,osm
ir-qorveh,شهر قروه,spelling,osm
ir-r15436558,شهر تاکستان,spelling,osm
ir-tabas,شهر‌ طبس,spelling,osm
ir-shandiz-city,شهر شاندیز,spelling,osm
ir-r10460873,شهر جاجرم,spelling,osm
ir-kamalshahr,شهر کمالشهر,spelling,osm
ir-shirvan,شهر شیروان,spelling,osm
ir-lahijan,شهر لاهیجان,spelling,osm
ir-firuzabad-2,شهر فیروزآباد,spelling,osm
ir-aligudarz,شهر الیگودرز,spelling,osm
ir-milajerd-city,شهر میلاجرد,spelling,osm
ir-district-7-3,منطقه ۷ شهر تهران,spelling,osm
ir-lavasan,شهر لواسان,spelling,osm
ir-kazemabad,شهر کاظم آباد,spelling,osm
ir-district-12,منطقه ۱۲ شهر تهران,spelling,osm
ir-alvand,شهر الوند,spelling,osm
ir-district-16,منطقه ۱۶ شهر تهران,spelling,osm
ir-gerash,شهر گراش,spelling,osm
ir-nurabad,شهر نورآباد,spelling,osm
ir-qeshm,شهر قشم,spelling,osm
ir-esfarayen,شهر اسفراین,spelling,osm
ir-golpayegan,شهر گلپایگان,spelling,osm
ir-saravan,شهر سراوان,spelling,osm
ir-baft,شهر بافت,spelling,osm
ir-r9387492,شهر مرودشت,spelling,osm
ir-roudan,شهر رودان,spelling,osm
ir-pishva,شهر پیشوا,spelling,osm
ir-behshahr,شهر بهشهر,spelling,osm
ir-r13016310,شهر بانه,spelling,osm
ir-zangi-abad-2,شهر زنگی آباد,spelling,osm
ir-khash,شهر خاش,spelling,osm
ir-torbat-e-jam-town,شهر تربت جام,spelling,osm
ir-torbat-e-jam,شهر تربت جام,spelling,osm
ir-bander-kangan-city,شهر بندر کنگان,spelling,osm
ir-r11226553,شهر سقز,spelling,osm
ir-quchan,شهر قوچان,spelling,osm
ir-r16463801,شهر ایرانشهر,spelling,osm
ir-district-13,منطقه ۱۳ شهر تهران,spelling,osm
ir-abhar-city,شهر ابهر,spelling,osm
ir-darab,شهر داراب,spelling,osm
ir-district-2-6,منطقه ۲ شهرداری فردیس,spelling,osm
ir-shushtar,شهر شوشتر,spelling,osm
ir-neyriz,شهر نی‌ریز,spelling,osm
ir-district-9-2,منطقه ۹ شهر تهران,spelling,osm
ir-aran-va-bidgol,شهر آران و بیدگل,spelling,osm
ir-r12950613,شهر مشگین شهر,spelling,osm
ir-malayer,شهر ملایر,spelling,osm
ir-golbaf,شهر گلباف,spelling,osm
ir-r17341143,شهر دامغان,spelling,osm
ir-kazerun,شهر کازرون,spelling,osm
ir-district-19,منطقه ۱۹ شهر تهران,spelling,osm
ir-r16464282,شهر میانه,spelling,osm
ir-bafq,شهر بافق,spelling,osm
ir-sahand,شهر سهند,spelling,osm
ir-district-6-4,منطقه ۶ شهر تهران,spelling,osm
ir-bukan,شهر بوکان,spelling,osm
ir-kashmar,شهر کاشمر,spelling,osm
ir-borazjan,شهر برازجان,spelling,osm
ir-r17351822,شهر مرند,spelling,osm
ir-qarchak,شهر قرچک,spelling,osm
ir-torbat-e-heydarieh,شهر تربت حیدریه,spelling,osm
ir-lar,شهر لار,spelling,osm
ir-bojnord,شهر بجنورد,spelling,osm
ir-rey,شهر ری,spelling,osm
ir-mahallat,شهر محلات,spelling,osm
ir-district-14-2,منطقه ۱۴ شهر تهران,spelling,osm
ir-district-1-7,منطقه ۱ شهرداری فردیس,spelling,osm
ir-pakdasht,شهر پاکدشت,spelling,osm
ir-khomein,شهر خمین,spelling,osm
ir-marivan,شهر مریوان,spelling,osm
ir-zabol,شهر زابل,spelling,osm
ir-r16463989,شهر خوی,spelling,osm
ir-robat-karim,شهر رباط کریم,spelling,osm
ir-qods,شهر قدس,spelling,osm
ir-r8199877,شهر ایلام,spelling,osm
ir-r8768507,شهر گنبد کاووس,spelling,osm
ir-abu-musa,شهر بوموسی,spelling,osm
ir-district-15,منطقه ۱۵ شهر تهران,spelling,osm
ir-masjed-soleyman,شهر مسجدسلیمان,spelling,osm
ir-varamin,شهر ورامین,spelling,osm
ir-mahabad,شهر مهاباد,spelling,osm
ir-district-3-5,منطقه ۳ شهر تهران,spelling,osm
ir-r11285221,شهر مبارکه,spelling,osm
ir-bandar-ganaveh,شهر بندر گناوه,spelling,osm
ir-ekhtiarabad,شهر اختیارآباد,spelling,osm
ir-amol,شهر آمل,spelling,osm
ir-r8212055,شهر بابل,spelling,osm
ir-shahrud,شهر شاهرود,spelling,osm
ir-chabahar,شهر چابهار,spelling,osm
ir-miandoab,شهر میاندوآب,spelling,osm
ir-r17341189,شهر بندر ماهشهر,spelling,osm
ir-sari,شهر ساری,spelling,osm
ir-maragheh,شهر مراغه,spelling,osm
ir-gorgan-2,شهر گرگان,spelling,osm
ir-district-18,منطقه ۱۸ شهر تهران,spelling,osm
ir-r8199755,شهر بیرجند,spelling,osm
ir-neyshabur-city,شهر نیشابور,spelling,osm
ir-bandar-e-anzali,شهر بندر انزلی,spelling,osm
ir-sabzevar,شهر سبزوار,spelling,osm
ir-zarrinshahr,شهر زرین شهر,spelling,osm
ir-shahr-e-babak,شهر بابک,spelling,osm
ir-arg-e-jadid-e-bam,شهر ارگ جدید بم,spelling,osm
ir-abadeh-2,شهر آباده,spelling,osm
ir-fardis,شهر فردیس,spelling,osm
ir-sanandaj,شهر سنندج,spelling,osm
ir-jiroft,شهر جیرفت,spelling,osm
ir-semnan,شهر سمنان,spelling,osm
ir-mahan,شهر ماهان,spelling,osm
ir-district-2-10,منطقه ۲ شهر تهران,spelling,osm
ir-r17353299,شهر خرمشهر,spelling,osm
ir-kashan,شهر کاشان,spelling,osm
ir-district-21,منطقه ۲۱ شهر تهران,spelling,osm
ir-district-5-6,منطقه ۵ شهر تهران,spelling,osm
ir-shahreza,شهر شهرضا,spelling,osm
ir-baravat,شهر بروات,spelling,osm
ir-district-22,منطقه ۲۲ شهر تهران,spelling,osm
ir-qaem-shahr,شهر قائمشهر,spelling,osm
ir-zarand,شهر زرند,spelling,osm
ir-sadra,شهر صدرا,spelling,osm
ir-district-4-7,منطقه ۴ شهر تهران,spelling,osm
ir-arak,شهر اراک,spelling,osm
ir-dezful,شهر دزفول,spelling,osm
ir-qazvin,شهر قزوین,spelling,osm
ir-bam,شهر بم,spelling,osm
ir-bushehr,شهر بوشهر,spelling,osm
ir-urmia,شهر ارومیه,spelling,osm
ir-hamedan,شهر همدان,spelling,osm
ir-rasht,شهر رشت,spelling,osm
ir-bandar-abbas,شهر بندرعباس,spelling,osm
ir-zahedan,شهر زاهدان,spelling,osm
ir-sirjan,شهر سیرجان,spelling,osm
ir-rafsanjan,شهر رفسنجان,spelling,osm
ir-tabriz,شهر تبریز,spelling,osm
ir-qom,شهر قم,spelling,osm
ir-kerman-2,شهر کرمان,spelling,osm
ir-r8188592,شهر یزد,spelling,osm
ir-ahwaz,شهر اهواز,spelling,osm
ir-mashhad,شهر مشهد,spelling,osm
ir-tehran,شهر تهران,spelling,osm
ir-shahr-e-deraz,شهر دراز,spelling,osm
ir-shahr-e-pir,شهر پیر,spelling,osm
ir-kharv,شهر خرو,spelling,osm
ir-shahr-e-somam,شهر سمام,spelling,osm
ir-shahrabad-e-khavar,شهر آباد خاور,spelling,osm
ir-shahrabad-e-kord,شهر آباد کرد,spelling,osm
ir-n4418017203,شهر سوخته,spelling,osm
ir-n4422680528,شهر بن,spelling,osm
ir-zahra,شهر زهرا,spelling,osm
ir-shahre-khas,شهر خاص,spelling,osm
ir-n4493293286,شهر جدید چناره,spelling,osm
ir-new-town-eyvanakey,شهر جدید ایوانکی,spelling,osm
ir-n6013583593,شهر صنعتی کاوه,spelling,osm
ir-n6083148787,شهر جدید علوی,spelling,osm
ir-n6669625566,شهر رامین,spelling,osm
ir-n7190391834,شهر سمام,spelling,osm
ir-shahr-e-jadid-e-tis,شهر جدید تیس,spelling,osm
ir-shahr-e-jadid-e-shahriar,شهر جدید شهریار,spelling,osm
ir-n11659376800,شهر جدید پرنیان,spelling,osm
ir-n12451881015,شهر جدید البرز,spelling,osm
ir-n12875161746,شهر اللهی,spelling,osm
ir-nama-lar,نمه لر,colloquial,osm
ir-goldasht-e-sarchesmeh,گلدشت سفلی,colloquial,osm
ir-dasht-e-beyza,صادقآباد,spelling,osm
ir-kuye-takhti,کوی ویلا; Kuye Vila,colloquial,osm
ir-r16789836,خین عرب,old,osm
ir-kohmitak,کوهمیتک,spelling,osm
ir-gondashloo-olia,گلدشت علیا,colloquial,osm
ir-amirieh,فاطمیه; معلم,colloquial,osm
ir-shahrak-anjireh,۱۳۸,colloquial,osm
ir-r11789894,خیابان لعلی,colloquial,osm
ir-r11789889,خیابان شهدا (کشتارگاه); داوران,colloquial,osm
ir-r16999940,کوی کارمندان,old,osm
ir-r16399418,شهرک امیرکبیر,colloquial,osm
ir-shahrak-e-emam-hossein,۱۰۱,colloquial,osm
ir-torkan,۱۳۹,colloquial,osm
ir-r11789890,خیابان شهدا (کشتارگاه),colloquial,osm
ir-kolahduz,۰۷۷,colloquial,osm
ir-r11789879,خیابان آیت ا... غفاری; شن کش,colloquial,osm
ir-moshaver,الهیه; مشاور,colloquial,osm
ir-r11789888,خیابان مشهد; میدان علی ابن ابی طالب,colloquial,osm
ir-south-safir,۰۷۳,colloquial,osm
ir-shahrak-e-saadi,۰۸۲,colloquial,osm
ir-r11789880,خیابان ادبجو; آیت ... غفاری; قائم مقام,colloquial,osm
ir-bist-metri-fazel,۱۲۲,colloquial,osm
ir-shahrak-emam-hossein,۱۲۰,colloquial,osm
ir-tiskoupan-haj-soleyman,طیس کوپان,colloquial,osm
ir-fazl-abad,۰۴۱,colloquial,osm
ir-chanchaneh,۰۳۴,colloquial,osm
ir-kouye-omid,شهرک اسمان,colloquial,osm
ir-r11789906,شهرک علی ابن ابی طالب(ع) (فوتبال); فتح شیاکوه,colloquial,osm
ir-r17526361,الوسجرد,colloquial,osm
ir-r17526361,الوسگرد,colloquial,osm
ir-r11789893,خیابان مشهد; خیابان جلال آل احمد (رنگرزها),colloquial,osm
ir-r11789884,شهرک امیرکبیر; جانبازان; میدان مقاومت,colloquial,osm
ir-shahrak-esar,۰۷۸,colloquial,osm
ir-imam-reza-teravel-terminal,پایانه مسافربری امام رضا,colloquial,osm
ir-r11789915,خیابان شهید شیرودی;کوچه کندی;خیابان جهان پناه,colloquial,osm
ir-kaseh-garan,Dorud Garan; درودگران,colloquial,osm
ir-r11789882,خانه سازی قنات; خیابان انوری,colloquial,osm
ir-astaneh,۰۰۳,colloquial,osm
ir-r11789897,داوران; ۱۲ متری سعادت,colloquial,osm
ir-shahrooz-shahr,۱۴۸,colloquial,osm
ir-r11789910,کوی رضوی (گردو),colloquial,osm
ir-r11789914,فاز ۱;مسکن (کوی علوی),colloquial,osm
ir-r11789892,خیابان ابوذر; بیمارستان قدس,colloquial,osm
ir-r11789881,میدان البرز; پارک شهر; خیابان آیت الله غفاری,colloquial,osm
ir-soltanmanesh,سلطان منش,spelling,osm
ir-ferdowsi,۰۰۷,colloquial,osm
ir-south-sepah,۰۴۹,colloquial,osm
ir-moslem-bani-hashem,۰۴۵,colloquial,osm
ir-w1214477975,گاومیش آباد,colloquial,osm
ir-sardaran,۰۶۲,colloquial,osm
ir-r11789908,پارک امیر کبیر;سبحانی,colloquial,osm
ir-siyah-sang,۰۰۵,colloquial,osm
ir-pashm-shisheh,۰۹۲,colloquial,osm
ir-r11789928,امین; الهیه,colloquial,osm
ir-kuye-tollab,۰۳۸,colloquial,osm
ir-shahrak-mokhaberat,۰۹۳,colloquial,osm
ir-sharifabad,۱۲۱,colloquial,osm
ir-razi,۰۱۰,colloquial,osm
ir-r10054797,۰۰۱,colloquial,osm
ir-r11789909,خیابان شهید بهشتی;خیابان میثم;میدان شریعتی,colloquial,osm
ir-hormozgan,۰۴۲,colloquial,osm
ir-pasdaran-2,۰۵۴,colloquial,osm
ir-r11789883,خانه سازی قنات; بلوار جهرم,colloquial,osm
ir-maali-abad,۱۱۶,colloquial,osm
ir-jomhuri-3,۰۵۸,colloquial,osm
ir-south-saadieh,۰۸۳,colloquial,osm
ir-pansad-dastgah-artesh,047,colloquial,osm
ir-r8682974,lashkar abad,spelling,osm
ir-saraye-moshir,۰۰۲,colloquial,osm
ir-r17099144,قیجیلی,colloquial,osm
ir-r10054437,۰۱۵,colloquial,osm
ir-minoo-keshvari,۱۳۴,colloquial,osm
ir-farhangian-2,۰۸۹,colloquial,osm
ir-r11789887,شهرک آزادگان; قائم,colloquial,osm
ir-r11789917,میدان شهدا;خیابان جنت;نیسانیان,colloquial,osm
ir-mabaas,۰۷۹,colloquial,osm
ir-navab-safavi,۰۴۶,colloquial,osm
ir-south-eman,۱۱۳,colloquial,osm
ir-shahrak-e-niru-entezami,۱۰۳,colloquial,osm
ir-safire-omid-town-2,شهرک طالقانی,colloquial,osm
ir-r11789905,دانشگاه اراک; شهرک سجادیه (باغ خلج),colloquial,osm
ir-r10054050,۰۱۲,colloquial,osm
ir-douran,۱۲۳,colloquial,osm
ir-baharan,۱۲۷,colloquial,osm
ir-abyari,۰۳۰,colloquial,osm
ir-kuye-vahdat,۱۳۵,colloquial,osm
ir-madar-e-soleyman,مادرسلیمان,colloquial,osm
ir-baharan-2,بهاران; حافظیه,colloquial,osm
ir-pasargad-2,۰۷۵,colloquial,osm
ir-qale-shahzadeh-beygom,۰۲۵,colloquial,osm
ir-shishehgari,۰۱۱,colloquial,osm
ir-fadva,پدوا,colloquial,osm
ir-shorghan-shahrak-mehregan,۱۴۳,colloquial,osm
ir-bist-metri-emam-khomeini,۰۵۰,colloquial,osm
ir-chogia,۰۵۷,colloquial,osm
ir-r11789885,شهرک جوادیه; الغدیر,colloquial,osm
ir-goldasht-maali-abad,۱۲۸,colloquial,osm
ir-r11789916,میدان ولیعصر;خیابان دکتر حسابی;خیابان شهید رجایی,colloquial,osm
ir-r11789924,فاز ۲,colloquial,osm
ir-r11789913,علم الهدی;میدان راه آهن;شهرک ولیعصر (چشمه موشک),colloquial,osm
ir-north-sepah,۰۲۸,colloquial,osm
ir-kuzehgari,۰۲۶,colloquial,osm
ir-gelkoub,۰۱۳,colloquial,osm
ir-darorrahmeh,۰۴۴,colloquial,osm
ir-sheykhali-choopan,۰۴۳,colloquial,osm
ir-neyestan-saadi,۰۶۰,colloquial,osm
ir-north-qadir,۱۴۶,colloquial,osm
ir-shohadaye-shahrak-saadi,۱۰۲,colloquial,osm
ir-saadi-cinema,۰۱۶,colloquial,osm
ir-paeez,۰۷۴,colloquial,osm
ir-r11789912,شهرک ولیعصر;میدان راه آهن;شریعتی;انتهای خیابان جنت,colloquial,osm
ir-andisheh,شهرک پیله سهران,old,osm
ir-kian-shahr,۰۴۰,colloquial,osm
ir-kaveh-2,درب دوم,colloquial,osm
ir-shahrak-e-sibouyeh-podnak,۱۰۴,colloquial,osm
ir-niruye-daryayi,کالاد,colloquial,osm
ir-fergaz,۰۷۱,colloquial,osm
ir-bonakdaran,۰۶۵,colloquial,osm
ir-sar-e-dezak,۰۰۴,colloquial,osm
ir-vazir-abad-2,۱۴۴,colloquial,osm
ir-r11789895,پردیس ۱ و ۲; پارک آزادی,colloquial,osm
ir-derki,۰۲۹,colloquial,osm
ir-shahrak-golestan,۱۴۷,colloquial,osm
ir-riasati,۰۶۱,colloquial,osm
ir-r10055200,۰۸۸,colloquial,osm
ir-sheikh-ruzbehan,۱۰۹,colloquial,osm
ir-fergaz-2,۰۷۲,colloquial,osm
ir-azadegan-6,۰۳۹,colloquial,osm
ir-tahvili-fakhr-abad,۰۱۴,colloquial,osm
ir-r11789903,رودکی; شهرک ابوالفضل; میدان انقلاب,colloquial,osm
ir-kaveh-3,۰۲۳,colloquial,osm
ir-ghasrodasht,۰۵۶,colloquial,osm
ir-ziba-shahr-3,۰۸۱,colloquial,osm
ir-kushkak,۱۴۲,colloquial,osm
ir-r17448470,مسکن مهر لپوئی,colloquial,osm
ir-r11789899,سنجان; شهرک نبئی,colloquial,osm
ir-r10053647,۰۱۷,colloquial,osm
ir-sardkhaneh-fale-asiri,۱۰۵,colloquial,osm
ir-dokoohak,۱۵۱,colloquial,osm
ir-r10054742,۰۴۸,colloquial,osm
ir-shahrak-fahmideh,آسیاب برجی,old,osm
ir-r10054055,۰۰۹,colloquial,osm
ir-west-ghoddowsi,۰۹۶,colloquial,osm
ir-ghasr-e-abunasr,۱۱۹,colloquial,osm
ir-dehpialeh,۰۶۶,colloquial,osm
ir-shahrak-e-parvaz,۰۶۳,colloquial,osm
ir-erfan-bolouvar,۰۶۸,colloquial,osm
ir-zand,۰۰۶,colloquial,osm
ir-dehshtor,شهرک ولیعصر,colloquial,osm
ir-adel-abad,۰۷۰,colloquial,osm
ir-bagh-e-takht-2,۰۱۹,colloquial,osm
ir-shahrak-rezvan,۰۹۰,colloquial,osm
ir-shahrak-golshan,۰۹۴,colloquial,osm
ir-sadeqiye,آریاشهر,colloquial,osm
ir-eram-2,۰۱۸,colloquial,osm
ir-rabbani,۰۳۵,colloquial,osm
ir-nasr,۰۸۴,colloquial,osm
ir-baharestan-5,۱۲۴,colloquial,osm
ir-r10054531,۰۵۲,colloquial,osm
ir-district-4,منطقه بافت کهن شهرداری ساری,spelling,osm
ir-tachara,۱۲۹,colloquial,osm
ir-qasrodasht,۰۳۲,colloquial,osm
ir-abzangi,۰۵۹,colloquial,osm
ir-r11789896,میدان فراهان; 20 متری میقان,colloquial,osm
ir-shahrak-qasr-qomsheh,۱۵۰,colloquial,osm
ir-aghdasieh-2,اراج,colloquial,osm
ir-south-hemmat,۰۹۵,colloquial,osm
ir-javadieh,۱۱۸,colloquial,osm
ir-zerehi-amirkabir,۰۵۳,colloquial,osm
ir-tiskupan,طیس کوپان,colloquial,osm
ir-dustan,۱۱۵,colloquial,osm
ir-golshan-2,خاک سفید,old,osm
ir-heshmatiyeh,کوشکک,colloquial,osm
ir-nurbahar-city,نورآباد,colloquial,osm
ir-r10054755,۰۶۹,colloquial,osm
ir-r11789898,بهشت زهرا; جهانگیری,colloquial,osm
ir-south-ahmadi-artesh,۰۲۷,colloquial,osm
ir-r11789911,۹۰ هکتاری;کوی رضوی (گردو),colloquial,osm
ir-r17394220,اجبارکلا,colloquial,osm
ir-dast-e-khezr-naserabad,۱۳۱,colloquial,osm
ir-r16811740,یاسریه,colloquial,osm
ir-shahrak-valfajr,۱۱۱,colloquial,osm
ir-r11789907,شهرک علی ابن ابی طالب(ع) (فوتبال),colloquial,osm
ir-sefidshahr,سفیدشهر,colloquial,osm
ir-eslam-abaad,زورآباد,old,osm
ir-manbae-ab,۰۹۷,colloquial,osm
ir-zargandeh,حسن آباد,colloquial,osm
ir-dasht-chenar-mehrab,۰۶۴,colloquial,osm
ir-golzar-2,ده تازیان,old,osm
ir-golzar-2,قریه العرب,colloquial,osm
ir-rajaei-shahr-gohardasht,گوهردشت,old,osm
ir-ard-khusheh,۱۳۲,colloquial,osm
ir-gol-e-sorkh,۱۴۰,colloquial,osm
ir-shahrak-farhangian-4,۰۹۱,colloquial,osm
ir-golestan-haft-tanan,۰۳۶,colloquial,osm
ir-r10054767,۰۶۷,colloquial,osm
ir-kuhnani,کونانی,colloquial,osm
ir-jannat-terminal-barbari,۰۷۶,colloquial,osm
ir-fatemi,شهید فاطمی,colloquial,osm
ir-mianrud,۱۰۸,colloquial,osm
ir-r11714375,شهرک ثارالله,colloquial,osm
ir-farhangshahr-2,۱۲۶,colloquial,osm
ir-roknabad-3,۱۰۰,colloquial,osm
ir-shahrak-golha-2,۰۸۶,colloquial,osm
ir-r8672684,فارسی,spelling,osm
ir-dastgerd-2,دستجرد,colloquial,osm
ir-gelkoshen,گل کوش,colloquial,osm
ir-sahl-abad-3,۱۳۳,colloquial,osm
ir-dinakan,۱۱۷,colloquial,osm
ir-shahedshahr,شاهد شهر,colloquial,osm
ir-mirdamad-2,داوودیه,colloquial,osm
ir-givi,کیوی,colloquial,osm
ir-jamaran-mahdieh,۱۱۲,colloquial,osm
ir-r10054099,۱۰۶,colloquial,osm
ir-bakhshan,بکشان,colloquial,osm
ir-ahmad-abad-3,۱۱۰,colloquial,osm
ir-shahrak-esteghlal-bezeyn,۱۴۱,colloquial,osm
ir-r10054877,۰۹۹,colloquial,osm
ir-shahrak-mostafa-khomeini,مصطفی خمینی; بلوار قدس,colloquial,osm
ir-kuy-nasr,گیشا,colloquial,osm
ir-shahrak-mahdi-abad,۰۸۷,colloquial,osm
ir-shahid-rajayi,۱۱۴,colloquial,osm
ir-salehiyeh,صالح آباد,old,osm
ir-jordan-park-melat,امانیه,colloquial,osm
ir-south-qadir,۱۴۵,colloquial,osm
ir-haqqabad,زنگرآپ,old,osm
ir-haqqabad,حک آباد,colloquial,osm
ir-r10055291,۱۵۲,colloquial,osm
ir-mahdi-abad,۰۸۰,colloquial,osm
ir-shahrak-zaferanieh,شهرک زعفرانیه,spelling,osm
ir-heravi-hossein-abad,مبارک آباد,colloquial,osm
ir-r11789900,شهدای صفری; کارخانه آرد; میدان سردشت; شهرک اندیشه,colloquial,osm
ir-estakhr-2,کوهسار,colloquial,osm
ir-sajjadieh-mohammadieh,۱۲۵,colloquial,osm
ir-r10055226,۱۳۰,colloquial,osm
ir-azimieh,رسالت,colloquial,osm
ir-north-golestan,۱۴۹,colloquial,osm
ir-etrek,Gyzyletrek,old,osm
ir-etrek,اترک,spelling,osm
ir-eyvane-kay,دهستان ایوانکی,colloquial,osm
ir-gaz-borkhar,گز,colloquial,osm
ir-shahrak-beheshti-2,۱۳۷,colloquial,osm
ir-baqershahr,باقر شهر,colloquial,osm
ir-mahmoodabad-industrial-city-2,شهرک صنعتی محمود آباد,colloquial,osm
ir-shadegan,فلاحیه,colloquial,osm
ir-rostamabad,نریمان,old,osm
ir-soghad,صغاد,spelling,osm
ir-jamkaran,قم,spelling,osm
ir-parsian-city,شهر گاوبندی,colloquial,osm
ir-andishe,شهر جدید اندیشه,colloquial,osm
ir-district-8-3,منطقه 8,spelling,osm
ir-kamalshahr,کمال آباد,old,osm
ir-kamalshahr,کمال شهر,colloquial,osm
ir-saravan,شستون,old,osm
ir-roudan,دهبارز,colloquial,osm
ir-aran-va-bidgol,آران,colloquial,osm
ir-chahar-dangeh,شهر چهاردانگه,spelling,osm
ir-chahar-dangeh,چهار دانگه,colloquial,osm
ir-abu-musa,گپ سبزو,old,osm
ir-mahabad,ساوجبلاغ,old,osm
ir-mahabad,سابلاغ;سابلاخ,colloquial,osm
ir-jahrom,شهر جهرم,spelling,osm
ir-borujerd,ووریِرد - وِروگِرد,old,osm
ir-borujerd,وروگرد,colloquial,osm
ir-mehestan,شهر جدید هشتگرد,old,osm
ir-mehestan,شهر جدید مهستان,colloquial,osm
ir-shahreza,قمشه,old,osm
ir-qaem-shahr,قائم شهر,colloquial,osm
ir-r6558904,گشت,spelling,osm
ir-arak,سلطان آباد,old,osm
ir-bam,کجاران,old,osm
ir-bushehr,بندر بوشهر,colloquial,osm
ir-urmia,رضائیه,old,osm
ir-khorramabad,خورماوه,colloquial,osm
ir-r6558176,دهستان کناره,colloquial,osm
ir-kermanshah,باختران,old,osm
ir-r6558803,چیاکاو,colloquial,osm
ir-west-kakavand-rural-district,دهستان کاکاوند غربی,spelling,osm
ir-north-savadkuh-county,سواد کوه شمالی,colloquial,osm
ir-itivand-district,بخش ایتیوند,spelling,osm
ir-markazi-rural-district,بخش مرکزی خورموج,spelling,osm
ir-central-tehran-section,بخش مرکزی تهران,spelling,osm
ir-r6556611,دهستان ایوانکی,colloquial,osm
ir-baneh-county,Baneh County;بانه,colloquial,osm
ir-kohsan,Kohsan District,colloquial,osm
ir-golshan-county,شهرستان جالق,colloquial,osm
ir-khanekuk-rd,دهستان خانکوک,colloquial,osm
ir-khoy-county,Choj,colloquial,osm
ir-khoy-county,خوی,spelling,osm
ir-taftan-county,شهرستان تپتان,colloquial,osm
ir-hadishahr,علمدار گرگر,colloquial,osm
ir-hadishahr,هادیشهر,spelling,osm
ir-bostanabad,اوجان,old,osm
ir-bostanabad,بستان آوا,colloquial,osm
ir-aghasht,آگشت,colloquial,osm
ir-pozm-e-tiab,پزم طیاب,colloquial,osm
ir-galand,گَلَند,spelling,osm
ir-eyvane-kay-2,Sharax,old,osm
ir-eyvane-kay-2,ایوانکی;ایوان کی,colloquial,osm
ir-buanak,بابونک,colloquial,osm
ir-rasak,Rask,colloquial,osm
ir-firuz-abad,فیروز آباد,spelling,osm
ir-bandar-e-jask,جاسک,colloquial,osm
ir-qaderabad-2,پارسه,colloquial,osm
ir-khargerd,خرکرد,spelling,osm
ir-mehran-2,شهر مهران,colloquial,osm
ir-lalejin,لاله جین,colloquial,osm
ir-fereydunkenar,فریدون کنار,colloquial,osm
ir-kiakola,سیمرغ,colloquial,osm
ir-mazdavand,مرزداران,spelling,osm
ir-seyedabad,سیدآباد,colloquial,osm
ir-yengeh-qal-eh,ینگه قلعه,colloquial,osm
ir-dogonbadan,گچساران,colloquial,osm
ir-subatan,ییلاق سوباتان,colloquial,osm
ir-baladeh,بالاده,colloquial,osm
ir-gilan-e-gharb,عمله,old,osm
ir-gilan-e-gharb,گیلانغرب,colloquial,osm
ir-gilan-e-gharb,گیه‌ڵان,colloquial,osm
ir-kerend-e-gharb,Kerend;Karind;Karand,colloquial,osm
ir-kerend-e-gharb,دالاهو,colloquial,osm
ir-bonab-e-jadid,بناب;بنب,colloquial,osm
ir-pol-dokhtar,پلدختر,colloquial,osm
ir-bisotun-2,Bisitun;Bisitan;Bistoon;Behistan;Bisotoun,colloquial,osm
ir-sumar,Soormar;Sowmar;Soomar,colloquial,osm
ir-arwandkenar,القصبة,colloquial,osm
ir-arwandkenar,اروند کنار,colloquial,osm
ir-nik-shahr,گیه,old,osm
ir-nik-shahr,نیکشهر,colloquial,osm
ir-narmashir,نریمان,old,osm
ir-narmashir,رستم آباد,colloquial,osm
ir-asadiyeh,اسدآباد,colloquial,osm
ir-kianshahr-2,پابدانا,colloquial,osm
ir-kianshahr-2,کیان شهر,colloquial,osm
ir-habib-abad,بهاران شهر,colloquial,osm
ir-khaledabad,خالد آباد,colloquial,osm
ir-bagh-e-bahadoran,باغبادران,old,osm
ir-bagh-e-bahadoran,baghbadoran,colloquial,osm
ir-davudabad-2,داودآباد,colloquial,osm
ir-divandarreh,دیون در,colloquial,osm
ir-tasuj,تسج;تسویچ;طسوج,colloquial,osm
ir-farhad-gerd,فرهاد گرد,colloquial,osm
ir-sefid-sang,سفیدسنگ,colloquial,osm
ir-n835139249,دولت آباد,colloquial,osm
ir-darrud,دررود,colloquial,osm
ir-arianshahr,سده,old,osm
ir-raz,شهر راز,colloquial,osm
ir-sorkhankalateh,سرخنکلاته,spelling,osm
ir-ivughli,ائو اوغلی,colloquial,osm
ir-salman-shahr,متل قو,old,osm
ir-n835537485,Galugah,spelling,osm
ir-farim-2,محمد آباد,old,osm
ir-hadishahr-2,کله بست,old,osm
ir-amiriyeh,امير آباد,old,osm
ir-saadabad,سعد آباد,colloquial,osm
ir-ahram,اَهرَم,spelling,osm
ir-khalkhal,هِروآباد,old,osm
ir-landeh,لَنده,colloquial,osm
ir-lavandevil,لَوَندِویل,colloquial,osm
ir-khoshkebijar,خشک بیجار,spelling,osm
ir-otaqvar,اُطاقوَر,spelling,osm
ir-kuraiem,کورائیم,colloquial,osm
ir-lahrud,لاری,colloquial,osm
ir-hashjin,هشتجین,colloquial,osm
ir-jafarabad,جعفر آباد,spelling,osm
ir-mah-neshan,ماهنشان,colloquial,osm
ir-mehrestan,مه گس,old,osm
ir-mehrestan,مگس,colloquial,osm
ir-mehrestan,زابلی,colloquial,osm
ir-khajeh,خوجا,colloquial,osm
ir-kond-rud,کندرری,colloquial,osm
ir-nazarkahrizi,نظر کهریزی,colloquial,osm
ir-kharvana,خرونک;خرگنک;خرونغ;خروانق,colloquial,osm
ir-khodaju,خراجو,old,osm
ir-tark,تَرک,spelling,osm
ir-aq-kand,آقکند,colloquial,osm
ir-gherdakshaneh,گردکشانه,colloquial,osm
ir-chaldran,چالدران;قره عینی,old,osm
ir-baz-e-heydar,بازحیدر,colloquial,osm
ir-ravansar,Rawansar,colloquial,osm
ir-daneshjoo-square,فلکه علم ، آسیاب سه قلو,old,osm
ir-esfahak,اسپهک,old,osm
ir-n1161686975,مومن آباد,spelling,osm
ir-n1166069633,کلاته سلیمان,colloquial,osm
ir-arvij,ارویچ,colloquial,osm
ir-n1207060331,بزقوچ سفلی,colloquial,osm
ir-n1356160088,تازه کند,colloquial,osm
ir-doshanlu,دوشانلو,spelling,osm
ir-tikdar,تیکدر,spelling,osm
ir-100,صد دستگاه,colloquial,osm
ir-n1596485081,آق بند,colloquial,osm
ir-soyukh-su-muradkhan,سیوخسو انقلاب,colloquial,osm
ir-serivan-asheqan,سریوان عاشقان بزو,spelling,osm
ir-qasr-e-qajar,قصر قجر,spelling,osm
ir-axta-xana,Axda Xana,spelling,osm
ir-qizilja,Qizilca,spelling,osm
ir-qaraqishlag,Qaraqishlaq,spelling,osm
ir-yalquz-aghaj,یالغوز اغاج,spelling,osm
ir-gevlen,Gevlen,spelling,osm
ir-qarabag,Qarabag,spelling,osm
ir-akhyan,Exiyan,spelling,osm
ir-mallasarap,ماللا سارآپ,colloquial,osm
ir-mallasarap,ملاسراب,spelling,osm
ir-kamfiruz,مشهد و بیلو,colloquial,osm
ir-kaqalaq,کقالق,spelling,osm
ir-siyah-nab,سیناب,colloquial,osm
ir-qaleh-qazi,قلعه علیا,colloquial,osm
ir-yukhari-noghadi-nojeh-dehe-oliya,نوجه ده علیا,spelling,osm
ir-peyqan-peygham,پیغام پایین,spelling,osm
ir-n1864531767,پیغام بالا,spelling,osm
ir-yaralija-yaralujeh,یارالوجه,spelling,osm
ir-n1887813898,ابلهان,old,osm
ir-ezhdar-khvab,Azhdar Khowsh,colloquial,osm
ir-sepiddasht,سپیددشت,colloquial,osm
ir-jolfa-3,جولفا,colloquial,osm
ir-javaherdeh,جواهر ده,colloquial,osm
ir-qombovan,کمبوان,old,osm
ir-chaharberud,چروه ری,colloquial,osm
ir-almalu-dash,داش آلمالی,colloquial,osm
ir-qirmizi-gol,قیرمیزی گؤل,colloquial,osm
ir-seghayesh,سیغئش,colloquial,osm
ir-cheraghil,جرال,colloquial,osm
ir-cheraghil,جراغیل,colloquial,osm
ir-gunbar-qonbarf,گنبر,colloquial,osm
ir-nadilu,نئدیللی,colloquial,osm
ir-kharaju,خره جی,colloquial,osm
ir-kordabad-2,کوردوار,colloquial,osm
ir-ashestan,آشوستان,colloquial,osm
ir-qandilu,قندیلی,colloquial,osm
ir-kahnamu,کهنمی,colloquial,osm
ir-lotfabad-2,لطف آباد,spelling,osm
ir-n2000003495,حسن آباد (تازه کند),spelling,osm
ir-ashaghi-suma-kichik-suma-someye-sofla,صومعه سفلی,spelling,osm
ir-agh-gunbad,آق گنبد,spelling,osm
ir-n2019510326,نوگل,colloquial,osm
ir-n2051963870,شیرگ سارجین,colloquial,osm
ir-tangeh-karam,تنگ کرم,colloquial,osm
ir-biakara,بیه کره,colloquial,osm
ir-n2246993590,باشماق,spelling,osm
ir-n2246993703,وشکین,colloquial,osm
ir-n2246994540,محمده,spelling,osm
ir-gelaneh,ویلانه;گلانه,colloquial,osm
ir-almaneh,آمانه,colloquial,osm
ir-n2247004361,جشنی‌آباد,spelling,osm
ir-n2247018491,ابراهیم آباد,spelling,osm
ir-n2247099380,ماضی بن,spelling,osm
ir-n2247099536,خانقاه رزاب,spelling,osm
ir-vaysian,ویسیان,colloquial,osm
ir-niabad,نیوا;نی آباد,colloquial,osm
ir-niabad,نیاباد,spelling,osm
ir-vaysia,ویسیا;ویسو;ویسیان,colloquial,osm
ir-rudbar-3,رودبره,colloquial,osm
ir-guricheh,قوریچه,colloquial,osm
ir-polureh,Pilureh;Pelureh,colloquial,osm
ir-bilcheh-sur,بیلچه سر;بلچه سور;بلیچه سور,colloquial,osm
ir-galan,کولان;گلان,colloquial,osm
ir-halizabad,هلیز آباد,colloquial,osm
ir-sorkh-kul,سورکول,colloquial,osm
ir-sorkh-kul,سرخ کول,spelling,osm
ir-bidar,بیداره;بید دره;بیدره,colloquial,osm
ir-chu-in,چاوین;شاهین,colloquial,osm
ir-chu-in,چوئین,spelling,osm
ir-shahidar,شایر,colloquial,osm
ir-n2247269107,انجبران,spelling,osm
ir-sena,Sana,colloquial,osm
ir-tizabad,تیز آباد,spelling,osm
ir-shahrak-e-posht-giaban,توحیدآباد,colloquial,osm
ir-shamsabad-3,کهنه داود,colloquial,osm
ir-jaleq,Kashān;Khooshab;Khūshāb;Khvoshāb,old,osm
ir-jaleq,گلشن,colloquial,osm
ir-jaleq,جالک,colloquial,osm
ir-samiabad-e-arbab-din-mohammad,سمیع آباد ارباب دین محمد,colloquial,osm
ir-sheykh-abu-ol-qasem,کلاته درویش,colloquial,osm
ir-tazehabad-kola,Tazehabad-e Kola,colloquial,osm
ir-ezgeleh,Asgaleh;Asqaileh;Asqaila;Ezgeleh;Azgaleh;Azgaleh-ye Sheykh Najm od Din;Askileh,colloquial,osm
ir-n2401200008,علی آباد جمبزه,spelling,osm
ir-ali-abad-6,علی آباد گچی,spelling,osm
ir-koylukh-kali-oliya,کویلوخ,colloquial,osm
ir-uzband,اوزبند,colloquial,osm
ir-abu-iqab,ابوعقاب,spelling,osm
ir-abu-khadrawi,ابوخضراوی,spelling,osm
ir-aliakbar,هامون شهر,colloquial,osm
ir-nowjeh-deh,نوغدی,colloquial,osm
ir-akhula,آخوله,colloquial,osm
ir-baranlu,بارانلی,colloquial,osm
ir-kalajah,"قلعه‌گاه, کالاگاه, کُلَه‌گاه",old,osm
ir-lahijan-2,لایجان,colloquial,osm
ir-shadbad-e-mashayekh,پینه شالوار,colloquial,osm
ir-varzaqan,Karzygan;Karzigan;كَرزيگَن,old,osm
ir-varzaqan,Varziqan;Warzagan,colloquial,osm
ir-zeynabad,Zainabad;Zenabad,colloquial,osm
ir-garrus,Kerus;Karnow;Girow;Keruo;Giru;Garroos,colloquial,osm
ir-teymurlu-2,تمیرلی,colloquial,osm
ir-qaraghil,قرال,colloquial,osm
ir-kandovan,Kandivan;Kandavān;Kanvān,colloquial,osm
ir-sorkheh-dezaj,سورزه;سوره دزده;سورز;سرخه دزج,colloquial,osm
ir-sorkheh-dezaj,سرخه دزج,spelling,osm
ir-sodaqlan,سوداغلن,colloquial,osm
ir-chamkhaleh,چمخانه,colloquial,osm
ir-emam-hoseyn-town,میان آباد,colloquial,osm
ir-hezar-kanian,هزار کانیان,spelling,osm
ir-kizmel-e-sofla,گزمل سفلى;گیزمل سفل;گیزمل سفلى;گیزمل پائین,colloquial,osm
ir-bowalhasan,ابو الحسن;بلهسن;بو الحسن;بلحسن,colloquial,osm
ir-sheybanju,شیپانجاو;شیپانجو,colloquial,osm
ir-hoseynieyeh,حسین گرگ,colloquial,osm
ir-laien-no,لائین نو,colloquial,osm
ir-ali-abad-7,Ali Abad,spelling,osm
ir-eghbaliye-2,سلطان آباد,old,osm
ir-yuzidar,وزه در;یوزی در,colloquial,osm
ir-gazer-khani,گازر خانی;گزورخنی,colloquial,osm
ir-tilku,تیله کوه;تیلکوه,colloquial,osm
ir-tangi-var,تنگ گراو;تنگیور;تنگ ور,colloquial,osm
ir-tangi-var,تنگی ور,spelling,osm
ir-kashtar,خوشدار;خشکه دول,colloquial,osm
ir-ziviyeh,زیوه,colloquial,osm
ir-qaplan-tu,قپلان تو,colloquial,osm
ir-n3029395452,فرهنگیان فاز دو,colloquial,osm
ir-taavon-2,وحدت,old,osm
ir-taavon-2,تعاون 1,colloquial,osm
ir-taavon-2,تعاون,colloquial,osm
ir-n3029434760,امیرشهید,spelling,osm
ir-chokhur-kand,چوخور کند,colloquial,osm
ir-chokhur-kand,چخورکند,spelling,osm
ir-saghezchi,ساقیزچی,colloquial,osm
ir-n3036497549,دگرمان درق,colloquial,osm
ir-kani-sur,کانیسور,colloquial,osm
ir-namazgah,نمازگاه,spelling,osm
ir-seyyed-sarem,صید صارم;سید صارم,colloquial,osm
ir-seyyed-sarem,سیدصارم,spelling,osm
ir-kalati,کلاته;کلاله;کلت,colloquial,osm
ir-tiz-tiz,Têjtêj;Tizh Tizh,colloquial,osm
ir-khoshkin,وشکین;خشگین;خشکین کوماسی,colloquial,osm
ir-bani-dar,بنیدر;بنی دره;بنه دار,colloquial,osm
ir-zanuri,زنوره,colloquial,osm
ir-surban,سوربن;سوژبان;سورهیان;سوره بان;سورهبان,colloquial,osm
ir-qal-eh-juq,قلعۀ جوخ;قلعه جق,colloquial,osm
ir-jannatbu,گنهبو;گنه بو;گنه وا,colloquial,osm
ir-derewishke,درویشکه,colloquial,osm
ir-tengiser,تنگسر - تنگیسر,colloquial,osm
ir-dadaneh-kamangir,ددنه;دودانۀ درله;دادانه کمانگر;دادانه کمانگیر,colloquial,osm
ir-dadaneh-kamangir,دادانه کمانگیر,spelling,osm
ir-qohrud,کهرود,spelling,osm
ir-babashekhali,"باباشیخعلی,باباشیخ علی,بابا شیخعلی",colloquial,osm
ir-n3070560832,بیستگان,colloquial,osm
ir-arit,Aret,colloquial,osm
ir-nuryab,Nur-i-Ab,colloquial,osm
ir-gouzleh,گوزله,spelling,osm
ir-bu-in-e-sofla,بوین سفلى;بوین;بوین پائین;بوئین سفلى,colloquial,osm
ir-khuriabad,Khuriawa,colloquial,osm
ir-abbas-abad-9,عباس آباد;کله,colloquial,osm
ir-shirabad-4,شیرآباد خان ببین,colloquial,osm
ir-charzekhun,چره زغون,colloquial,osm
ir-boyuk-joghan-joqan,جوغان بزرگ,colloquial,osm
ir-juqan-e-kuchak,جوغان,colloquial,osm
ir-ispirakhun,ایسپیره خون,colloquial,osm
ir-liqvan,لیوان,colloquial,osm
ir-anirjan,اونارجان,colloquial,osm
ir-asenjan,اسینجان,colloquial,osm
ir-sayidabad,سیداوا,colloquial,osm
ir-khorasanlu-khorasanak,خراسانک,spelling,osm
ir-dagh-babakandi-babakandiye-kuh,داغ باباکندی,colloquial,osm
ir-kuhdel,کودیل,colloquial,osm
ir-b,محله آیت اله کاشانی,colloquial,osm
ir-b-2,محله دکتر حسابی,colloquial,osm
ir-b8-neighbourhood,محله فجر,colloquial,osm
ir-a6-neighbourhood,محله شیخ بهایی,colloquial,osm
ir-c-4,محله شهید مفتح,colloquial,osm
ir-c-5,محله گلبهار,colloquial,osm
ir-c-6,محله هشت بهشت,colloquial,osm
ir-c-7,محله شهید چمران,colloquial,osm
ir-b-3,محله هویزه,colloquial,osm
ir-zeyn-ol-hajjilu,زینال آغاج,colloquial,osm
ir-mehdinlu,مهدینلی,colloquial,osm
ir-akhi-jahan,آخیجان,colloquial,osm
ir-firuzsalar,پوروستر,colloquial,osm
ir-firuzsalar,فیروزسالار,spelling,osm
ir-qazi-jahan,قچاغان,colloquial,osm
ir-kulvana-kalvanaq,کولوانق,colloquial,osm
ir-dastjerd-2,دستیری,colloquial,osm
ir-gorakhar-qolakhar,گوراخر,colloquial,osm
ir-n3159015070,موسی قیه ابوالحسن,colloquial,osm
ir-shah-maras-miras,شاه مرس,colloquial,osm
ir-n3167088704,بهجت آباد,colloquial,osm
ir-alikhalaj-alkhalaj,علی خلج,colloquial,osm
ir-qazi-kand,قازی کند,colloquial,osm
ir-kechikaghi-gechikaghi,کچی کاغی,colloquial,osm
ir-pokhlu-harovsha-arabshahe-kharqushan,پوخلو هروشه,colloquial,osm
ir-vanyar,بنیار,colloquial,osm
ir-pakchin-e-jadid,پاکچین سفلى,colloquial,osm
ir-tazakand,امین آباد اوجان,colloquial,osm
ir-khashindara-khashendaraq,خشندرق,colloquial,osm
ir-atajan-aqajan-aghajan,آتاجان,colloquial,osm
ir-n3188940779,کلغان,colloquial,osm
ir-nohur-nahr,نوهر,colloquial,osm
ir-sulujeh,Suloja;Suludzha;Suluja;Sulijeh;Soolloojeh,colloquial,osm
ir-govarchin-2,Kuvarchin;Guvarchin,colloquial,osm
ir-kahlik-bolaghi,کهلک بلاغی,colloquial,osm
ir-kahlik-bolaghi,کهلیک بلاغی,spelling,osm
ir-kamand,Tyutant;Gomand;Kommand;Gumant;Gamand;Goman,colloquial,osm
ir-pakchin,Pakeh Hoseyn;Pakehchin;Pag Chin;Pakchin-e `Olya;Chavarchin;Pakachin,colloquial,osm
ir-jidaqaya-jodaqiyeh,جداقیه,colloquial,osm
ir-dash-suma-someeye-sang,داش سوما,colloquial,osm
ir-dagh-giladeh-galleh-dehe-kuh,داغ گله ده,colloquial,osm
ir-n3198505232,قره چای نقشی,colloquial,osm
ir-manjermoui,موگرمویی,colloquial,osm
ir-mahmoudi-plantain,چنارمحمودی,colloquial,osm
ir-n3203345484,چهارده,colloquial,osm
ir-chay-bayqara-bayqara-rud,چای بایقره,colloquial,osm
ir-zaghanabad,Ziganab;Zīqānāb,colloquial,osm
ir-besh-eshak-bishak-sardar-kandi,سردار کندی,spelling,osm
ir-tazeh-kand-2,Tazakend;Tazeh Kand Nahand;Tazeh Kand-e Nahand,colloquial,osm
ir-tazeh-kand-2,تازه کند,spelling,osm
ir-chakhmaq-bolagh-e-pa-in,Chakhmaqbolaq-e Sofla;Chakhmaq Bolagh-e Ashaqi;Chaqmaq Bulagh Ashaghi;Khomaq Bolagh-e Ashaqi;Chakhmakh-bulag-Ashagi;Chakhmaq Bolagh-e Sofla;Chakhmaq Bolagh Pa'in,colloquial,osm
ir-chakhmaq-bolagh-e-pa-in,چخماق بلاغ پائین,spelling,osm
ir-chakhmaq-bolagh-e-bala,Chakhmaq Bolagh Bala;Chakhmaq Bolagh-e Yukhari;Chakhmaqbolagh-e `Olya;Chakhmakh-bulag-Okhary;Chaqmaq Bulagh Yukari,colloquial,osm
ir-chakhmaq-bolagh-e-bala,چخماق بلاغ بالا,spelling,osm
ir-karkaj,کرگه,colloquial,osm
ir-tuyqun,تویقون,colloquial,osm
ir-irana-iranaq,ایرانا,colloquial,osm
ir-qeysanab,قیصناب,colloquial,osm
ir-imanab-e-jadid,تزه ایمنو,colloquial,osm
ir-n3208935468,الفوت,colloquial,osm
ir-taza-akinova-akinabade-jadid,اکین آباد جدید,spelling,osm
ir-nasrabad-5,Naserabad,colloquial,osm
ir-feyzabad-4,Feyzabad,colloquial,osm
ir-bagh-hutk,Bagh-e Hutk,colloquial,osm
ir-keshtu-iyeh,Keshtuiyeh,colloquial,osm
ir-doran,Doran,colloquial,osm
ir-jeriskhan,Jeriskhan,colloquial,osm
ir-dehnow-e-parviz,Dehnow-e Parviz,colloquial,osm
ir-ti-jeng,Ti Jeng,colloquial,osm
ir-n3212572515,Haftad Mish,colloquial,osm
ir-tikdar-e-pay-sang,Tikdar-e Pay Sang,colloquial,osm
ir-hineman,Hineman,colloquial,osm
ir-kajeh,Kocheh,colloquial,osm
ir-kajeh,Kajeh,colloquial,osm
ir-bagh-e-hutk,Bāghuk,colloquial,osm
ir-bagh-e-hutk,Bagh-e Hutk,colloquial,osm
ir-deh-e-lulu,Deh-e Lulu,colloquial,osm
ir-fusk,Fusk,colloquial,osm
ir-tizeng,Tizeng,colloquial,osm
ir-sar-asiab-e-pa-in,Sar Asiab-e Pain,colloquial,osm
ir-dang-e-nim,Dang-e Nim,colloquial,osm
ir-vameqabad,Vameqabad,colloquial,osm
ir-jeyran-dara-jeyran-daraq,جیران دره,colloquial,osm
ir-barradeh-barreh-deh,برره ده,colloquial,osm
ir-aghdara,آغ دره,colloquial,osm
ir-dagh-bayqara-bayqara-kuh,داغ بایقره,colloquial,osm
ir-goydara-gogdaraq,گوی دره,colloquial,osm
ir-shordara-shordaraq,شور دره,colloquial,osm
ir-ashaghi-jughul-joghol-e-sofla,آشاغی جغل,colloquial,osm
ir-yukhari-jughul-joghol-e-oliya,یوخاری جغل,colloquial,osm
ir-tahrabat-tahraband,تهربند,colloquial,osm
ir-khoshgenab-khoshkenab,خوشگناب,colloquial,osm
ir-verbal,(باغ حیران) کلامویی,spelling,osm
ir-torkabad,ترک آباد,colloquial,osm
ir-chah-varz,چاهورز,colloquial,osm
ir-naysar,نیسر;نیسار;نائی سر,colloquial,osm
ir-nureh,Navareh;Naureh;Nawara,colloquial,osm
ir-jalmajerd,گلماگرد,colloquial,osm
ir-mohammad-kandi,محمد کندی,spelling,osm
ir-agh-gol,اغ گل,spelling,osm
ir-shuraq-gol,شورآغگل,spelling,osm
ir-aghdash,آق داش,spelling,osm
ir-divaneh,دهبنه,colloquial,osm
ir-shahrak-e-eslamiyeh,چنگوله,colloquial,osm
ir-beyron-shahr,چغلوندی‎‎,old,osm
ir-beyron-shahr,بیرانشهر,spelling,osm
ir-khan,Khan-e Sadr,colloquial,osm
ir-khizirli,khizirlu,spelling,osm
ir-kord-kandi-3,کرد کندی,spelling,osm
ir-qerechi-bolagi,قره چه بلاغ,spelling,osm
ir-sheykh-salu-ye-sofla,Shaikh Silu Ashaghi;Sheikh Salooy Sofla;Sheykh Solu-ye Sofla;Sheykh Solu;Sheykh Selu-ye Pa'in;Sheykh Salu-ye Pa'in;Sheykh Solu-ye Pa'in,colloquial,osm
ir-habash-e-olya,حبشی بالا;حبشئ علیا;حبشئ بالا;حبش علیا,colloquial,osm
ir-zarvav-e-sofla,زروار,colloquial,osm
ir-khvajeh-amir,خواجه امیر,spelling,osm
ir-shovi,Shuy;Shooy,colloquial,osm
ir-shovi,شوی,spelling,osm
ir-saviru,سویرو,spelling,osm
ir-balesur-e-sofla,بلسور سفلی,spelling,osm
ir-kalvanes,کلوانیس,colloquial,osm
ir-aqasi-kandy,آقاسی کندی,colloquial,osm
ir-pasak-e-sofla,پسک سفلی,colloquial,osm
ir-mortuza-kendi,Mortuza Kendi,spelling,osm
ir-abati,اباطی,spelling,osm
ir-khandizaj,خان دیزج,spelling,osm
ir-kurdi,کورتی,colloquial,osm
ir-lesh-qiran,لش گیران,spelling,osm
ir-yavshanli,Yavshanli,spelling,osm
ir-sultan-ahmad,Sultan Ahmed,spelling,osm
ir-n3289992223,خننیه,colloquial,osm
ir-gevlen-2,Gevlen,spelling,osm
ir-khosro-abad,khosrava,spelling,osm
ir-kochemish,kochemish,spelling,osm
ir-nazarabad-2,Nizirova,colloquial,osm
ir-qizil-kend,Qizil Kend,spelling,osm
ir-dowrt-aghach,دورد آغاج,colloquial,osm
ir-nalband,نعلبند,colloquial,osm
ir-marqesheh,مارقاشا,colloquial,osm
ir-mazhin,شهید رجایی,colloquial,osm
ir-n3293075465,جلنگدار,colloquial,osm
ir-molumeh,"ملومه, بشکافته سنگ",spelling,osm
ir-ruvan,روان,spelling,osm
ir-towhid-2,Towhid,spelling,osm
ir-balavah,بلاوه تره,colloquial,osm
ir-dareshkaft,دراشکفت,spelling,osm
ir-chenar-e-allah-qoli,چنار الله قلی,spelling,osm
ir-darreh-barik,دره باریک,spelling,osm
ir-garab-2,گراب,spelling,osm
ir-pelah-kabud,پله کبود,spelling,osm
ir-posht-tang-e-sofla,پشت تنگ سفلی,spelling,osm
ir-zir-khaki,زیر خاکی,spelling,osm
ir-tazehabad-e-zir-khaki,تازه آباد,spelling,osm
ir-varbar,وربر,spelling,osm
ir-palangabad,رحمانیه,colloquial,osm
ir-n3296413443,قزلیجه,colloquial,osm
ir-n3296450127,نمک کور,colloquial,osm
ir-sirakana,سیرکانه,spelling,osm
ir-hesar-e-shah-verdi-khan,حصار شاه وردی خان,spelling,osm
ir-alqasabad,القاص آباد,colloquial,osm
ir-sole-bon,بزمیچال,colloquial,osm
ir-n3303926421,تردان,colloquial,osm
ir-deh-kaeed,ده کائید,colloquial,osm
ir-shahveh,شهوه ( دهستان معصومیه ),spelling,osm
ir-n3303995443,ملک آباد,colloquial,osm
ir-n3303997730,گاوخانه,old,osm
ir-tarmazd,طرامزد,colloquial,osm
ir-dizaj-e-rezaqolibeyg-aliqolibeyg,علیقلی بیگ,colloquial,osm
ir-n3307720082,حاج ملک,colloquial,osm
ir-n3312596630,مهدی آباد بزرگ,old,osm
ir-pir-yousefian,پیریوسفیان,colloquial,osm
ir-mirali,تیتان سر,colloquial,osm
ir-sirehduleh,Sirduleh,colloquial,osm
ir-sakhs-abad,سخص آباد,colloquial,osm
ir-n3321579573,خرمدشت,colloquial,osm
ir-n3321661920,اخگر آباد,old,osm
ir-shafie-abad,اسبمرد,colloquial,osm
ir-azad-rud,عسل سر,colloquial,osm
ir-yaleh-gonbad,امامزاده,colloquial,osm
ir-gav-khosb,گاوخسب,colloquial,osm
ir-deh-kohneh,Dehnow-e Deh Kohneh,colloquial,osm
ir-dehlor,دهلر;ده لر,colloquial,osm
ir-dehnow-2,دهنو,colloquial,osm
ir-do-ab-2,دو آب;دواب,colloquial,osm
ir-halachrud,چاله جارو;هلاچارو;خلج رود,colloquial,osm
ir-halachrud,حلچرود,spelling,osm
ir-qarleq,قالنک;قالوک;قارلق,colloquial,osm
ir-najafiyeh,پیلنگور,colloquial,osm
ir-tushmalan,Toshmalan;Tashmalan,colloquial,osm
ir-qazvineh,Kazvina,colloquial,osm
ir-deh-now-3,Dehnow,colloquial,osm
ir-hajjiabad-7,حاجی آباد,spelling,osm
ir-tavileh-gah,`Avileh Gah,colloquial,osm
ir-tavileh-gah,طویله گاه,spelling,osm
ir-chenar-e-sofla,چنار شیخ,colloquial,osm
ir-asia-bar,آسیابار,spelling,osm
ir-kul-tepe,گل تپه,spelling,osm
ir-kasian-2,گسیان,colloquial,osm
ir-lowrzini,لورزینی,spelling,osm
ir-molla-bastak,ملا باستک,colloquial,osm
ir-qaralar-e-kuh,قره‌لر کوه,colloquial,osm
ir-tappeh-maki,تپه ماکو,colloquial,osm
ir-kanan-e-olya,کنعان علیا,spelling,osm
ir-kanan-e-sofla,کنعان سفلی,spelling,osm
ir-samartu,ثمرتو,spelling,osm
ir-khanjar-balagh,زناسوج,spelling,osm
ir-sarab-e-nilufar,Sarab Nilufar,colloquial,osm
ir-chak-rud,چکرود,spelling,osm
ir-gozaltan-goyja-sultan,گوز آلتان,colloquial,osm
ir-aspos,اسبیس,colloquial,osm
ir-aqbolagh-e-taqamin,آقبلاغ طغامین,colloquial,osm
ir-aqbolagh-e-taqamin,آقبلاغ طقامین,spelling,osm
ir-chetaq,چتاق;چطاق,colloquial,osm
ir-chetaq,چتاق,spelling,osm
ir-soltanabad-10,سلطاناباد چطاق,colloquial,osm
ir-pirbala,Pirbol;Pirbala,colloquial,osm
ir-chalgah,چالی,colloquial,osm
ir-chapan-e-bala,چاپان علیى;چاپان;چاپان علیا,colloquial,osm
ir-chapan-e-pa-in,چاپان;چاپان سفلى,colloquial,osm
ir-dowleh-sir,دولهسیر,colloquial,osm
ir-goliabad,علی آباد,colloquial,osm
ir-ilu,یلو,colloquial,osm
ir-irab,یراب,colloquial,osm
ir-kani-ye-seyyed-shekar,کانی سید شکره,colloquial,osm
ir-qal-eh-gah-e-karkar,قلعهگاه کور کوز,colloquial,osm
ir-sepah-vareh,سیاهوره,colloquial,osm
ir-tamir-beg,تمر بیگ,colloquial,osm
ir-tilku-2,میرزا یرانشاه;میرانشاه;یران خواه;یران شاه;تیلکوه,colloquial,osm
ir-asgharabad-2,اخضر آباد,colloquial,osm
ir-charmlu,چوملو,colloquial,osm
ir-kiseh-lan,کیسلان,colloquial,osm
ir-payesh-khan,یاپش خان,colloquial,osm
ir-balqolu,بالاقلو,colloquial,osm
ir-hasanabad-12,حسناباد قاشق,colloquial,osm
ir-ayaghchi,آیاخچی,colloquial,osm
ir-chi-chi-khvar,چیچیخوار,colloquial,osm
ir-dowlatabad-4,کرزو,colloquial,osm
ir-karimabad-e-ayaghchi,کریم آباد,colloquial,osm
ir-kupeh-qaran,کوپهقران,colloquial,osm
ir-qarah-gol,قره گل قوخ,colloquial,osm
ir-quzlu-ye-bala,گلزار علیا;قوزلوی بالا,colloquial,osm
ir-quzlu-ye-pa-in,گلزار سفلى,colloquial,osm
ir-suleh-kan,سولهکان,colloquial,osm
ir-ahmadabad-11,احمد آباد سرا,colloquial,osm
ir-akhkand,آخ كند;Akhkand,colloquial,osm
ir-altun-e-bala,آلتون بالا,spelling,osm
ir-aychi,Aitchi;Aichi,colloquial,osm
ir-belehjar,بلهجر,colloquial,osm
ir-bughda-kandi,بغدا کندی,colloquial,osm
ir-bughda-kandi,بوغدا کندی,spelling,osm
ir-kavereh-gowz,کویره گویز,colloquial,osm
ir-malqarani,ملقرنی,colloquial,osm
ir-markhoz,مرخوز;مرخز,colloquial,osm
ir-mir-deh,میرده;میره ده;میر ده,colloquial,osm
ir-mitu,Matru,colloquial,osm
ir-qahrabad-e-olya,قهر آباد,colloquial,osm
ir-qeshlaq-e-afghanan,قشلاق افغازان,colloquial,osm
ir-siah-dar-e-olya,سیاهدر علیا,colloquial,osm
ir-sunaj,سوتج,colloquial,osm
ir-taher-bughdeh,طاهر بغده,colloquial,osm
ir-torjan,تورجان;ترجان,colloquial,osm
ir-bademjan,بینجان;بادمجان,colloquial,osm
ir-darreh-ziarat-e-pa-in,درۀ زیارت پائین;دره زیارت سفلى;دره زیارت;درۀ زیارت سفلى;دره زیارت پائین,colloquial,osm
ir-darreh-ziarat-e-olya,درۀ زیارت بالا;دره زیارت بالا;درۀ زیارت علیا,colloquial,osm
ir-esmaqlu,سماغلو,colloquial,osm
ir-kavmeleh,کرمل;کرمله;کاومله,colloquial,osm
ir-kuh-e-qav-khan,قاوخان,colloquial,osm
ir-kureh-guzeh,کوره گوزه;کویره کویز,colloquial,osm
ir-qabgholujeh,قبغلوچه,colloquial,osm
ir-qeshlaq-e-saleh-beyg,قشلاق صالح بیک,colloquial,osm
ir-sar-takaltu,سر تکتلو,colloquial,osm
ir-seyf-taleh,سفتاله;سیف طاله,colloquial,osm
ir-sianezar,سیانزار;سیاه نسار,colloquial,osm
ir-vizmeleh,ویزمالا;وزمله,colloquial,osm
ir-arab-lang,عرب لنگ;پلنگ دژ,colloquial,osm
ir-sarab-qamish,Sar Auqamish;Sarab-e Qamish,colloquial,osm
ir-mahmudeh,محمد آباد;محموده,colloquial,osm
ir-kaveshan,گاوشان,colloquial,osm
ir-malekabad-9,ملک آباد;ملاک آباد,colloquial,osm
ir-maman,ماماند;مامن,colloquial,osm
ir-marab,مار آب;قلعه مراب;قلعۀ ماران;قلع مرب,colloquial,osm
ir-marenj,ملرنج;مارینج;مارج,colloquial,osm
ir-mavian,Maveyan,colloquial,osm
ir-n3516572626,مخانه;مهدی خان,colloquial,osm
ir-mehrab,مهراب,colloquial,osm
ir-mejin,مجین;میزین,colloquial,osm
ir-melleh,میله;مله,colloquial,osm
ir-meydaneh,میانه;میدانه,colloquial,osm
ir-meyham-e-sofla,مهم سفلى;مهام;میهم پائین,colloquial,osm
ir-meyham-e-olya,مهم;میهم بالا,colloquial,osm
ir-meymanatabad,مهنتباد,colloquial,osm
ir-meymunabad,مهمان آباد;محمد آباد,colloquial,osm
ir-n3516572636,میل سفید;حوز قرا خان,colloquial,osm
ir-mirgasar,میر جاسر;میر عصار,colloquial,osm
ir-mobarakabad-e-kalleh-rash,دکلهرش;کلۀ رش;مبارک آباد;مبارک آباد کله رش;مباراکاباد کله رش;مبارکاباد کلهرش;مبارکاباد کله رش;قلعۀ رش,colloquial,osm
ir-mohammadabad-8,پرتاله,colloquial,osm
ir-mohammadabad-9,محمداباد کریان,colloquial,osm
ir-mohammadabad-e-nil,محمد آباد;محمداباد نیل,colloquial,osm
ir-n3516572646,مقوله;مقلی,colloquial,osm
ir-moradabad-7,میرآباد;امیرآباد,colloquial,osm
ir-moshirabad-e-owriyeh,مشیراباد آوریه;موشیر آباد;مشیر آباد;مشیراباد اوریه;موشر آباد,colloquial,osm
ir-moshirabad-e-panjeh,قلایلان,spelling,osm
ir-muneh,موئینه;مونیه,colloquial,osm
ir-nabiabad,نی آباد,colloquial,osm
ir-nader-shah,ندرشه,colloquial,osm
ir-narenjak,نیرینجه,colloquial,osm
ir-naserabad-3,تازه آباد;نصر آباد,colloquial,osm
ir-nazemabad,تازه آباد;تازهاباد دیزج,colloquial,osm
ir-ne-matabad-e-olya,نعمتاباد علیا;نعمت آباد,colloquial,osm
ir-nedri,ندری;نادری,colloquial,osm
ir-n3516572662,نقارستان,colloquial,osm
ir-noshur-e-sofla,آسیاب برق,colloquial,osm
ir-noshur-e-vosta,Nushur;Tappeh,colloquial,osm
ir-n3516572671,اوچ بلاغ;وچ بلاغ,colloquial,osm
ir-owriyeh,اریه,colloquial,osm
ir-par-pisheh,تازه آباد;تازهاباد جامه شوران,colloquial,osm
ir-pashehabad,پاش آباد,colloquial,osm
ir-pir-baba-ali,Pir Bawali,colloquial,osm
ir-pir-taj,پیر تاجی,colloquial,osm
ir-polu-sarkan,پل سرگان;پلو سرکان;پلسرکن,colloquial,osm
ir-qader-marz,قادر مز;قدیر مز,colloquial,osm
ir-qal-eh-ahmadabad,احمد آباد,colloquial,osm
ir-qal-eh-gah,قلعه غه,colloquial,osm
ir-qal-eh,قلعۀ کومائین,colloquial,osm
ir-qal-eh-2,کال,colloquial,osm
ir-qal-ehlan,Qal`eh-ye Lan;Qal`elan;Amirabad-e Qal`eh Lan;Kalilan;Amirabad-e Qal`ehlan;Qala`lan,colloquial,osm
ir-ab-barik-3,سفید سوار;آب باریک,colloquial,osm
ir-afarian-e-bala,آفریان بالا,colloquial,osm
ir-afarian-e-pa-in,آفریان پائین,colloquial,osm
ir-n3516572775,آغکند بالا;آق کند بالا;اهکند بال;آغکند علیا,colloquial,osm
ir-n3516572779,احمداباد باش آباد;احمد آباد,colloquial,osm
ir-ahmadabad-e-panjeh-ali,Ahmadabad-e Panjeh;Ahmadabad,colloquial,osm
ir-aji-chay,ازیجه,colloquial,osm
ir-aji-chay-2,Adchai,colloquial,osm
ir-alkeh-ye-kohneh,الک کهنه,colloquial,osm
ir-allahyari,الاهیاری,colloquial,osm
ir-aminabad-2,مین آباد;امیناباد هیاته بزرگ,colloquial,osm
ir-aminabad-3,مینهاباب,colloquial,osm
ir-aq-bolagh-2,آقبلاق,colloquial,osm
ir-n3516581498,آقامراد,colloquial,osm
ir-arazand,آرزند;ارزانی,colloquial,osm
ir-asefabad,Asifabad,colloquial,osm
ir-asiab-jub,آسیب جو;اشابجو,colloquial,osm
ir-baba-gorgor,بب گرگر,colloquial,osm
ir-n3516581509,بارا رستم,colloquial,osm
ir-baba-sheydollah,Baba Saidullah,colloquial,osm
ir-baba-sorkheh,باب سورخ;باب سورخه,colloquial,osm
ir-baghlujeh-2,بغلجه,colloquial,osm
ir-n3516581515,بهرام آباد,colloquial,osm
ir-bakhorram,Bakhoram,colloquial,osm
ir-balujeh,بلوچه,colloquial,osm
ir-balvaneh-ye-khaledian,بالوانه;بلیانه;بالوانۀ خالدی,colloquial,osm
ir-balvaneh-ye-mo-tamedi,Tajabad,colloquial,osm
ir-n3516581529,بینل;بیانلو,colloquial,osm
ir-baytamer,بیتمر;بیت عمر;بای تمر,colloquial,osm
ir-bolbolanabad,بول بند آباد;بلبان آباد,colloquial,osm
ir-borom-tappeh,برمه تپه,colloquial,osm
ir-bowdela,عبد الله;بودلا;مشیر آباد,colloquial,osm
ir-burban,بربن;بوریان;بوروان;بوربان,colloquial,osm
ir-chaghar-bolagh,چلاخ;چقر بلاغ,colloquial,osm
ir-chagholu-ye-sheyda,چامگولی;چامه گول;چمغل شید;چمقلو شیدا;چمغلوی شیدا;چمقلو,colloquial,osm
ir-chahar-gah,چوار گاءو;چهار گاو,colloquial,osm
ir-chakhmaqdarreh,چخمک دره;چخماغ دره;چقماق دره,colloquial,osm
ir-chamgholu,چماقلو;چم اغلی;چم قلو;چمقلو,colloquial,osm
ir-chenaran-3,Chinaran,colloquial,osm
ir-chenareh,Chinareh,colloquial,osm
ir-cheraghabad,Chiraghabad,colloquial,osm
ir-cheraghabad-2,شکر ابد ابدل ابد;شکر آباد,colloquial,osm
ir-cheshmeh-jan-qoli,چشمۀ جانقلی;کانئ جانقلی;چشمه خانقلی;چشمه جانقلی,colloquial,osm
ir-cheshmeh-khalil,چشمۀ خلیل;چشمه خلیل,colloquial,osm
ir-n3516581560,چشمه کوره;چشمه کور,colloquial,osm
ir-cheshmeh-mantash,چشمه منتس;چشمه منش;چشمه میش;چشمه منتش,colloquial,osm
ir-cheshmeh-qoli,چشمه قلی;وزون آقاچ;عوز آغاچ,colloquial,osm
ir-cheshmeh-rubah,چشمه روباه;روباه;چشمه ریبات;چشمه رباط,colloquial,osm
ir-n3516581566,چگنی;جیگونی;چکنی,colloquial,osm
ir-chogha-beraleh,چقا براله,colloquial,osm
ir-chonu,چنو;چن,colloquial,osm
ir-n3516581571,چوبی,colloquial,osm
ir-dalak,دهلک;ده لو;دلک,colloquial,osm
ir-dar-ghayas,در غیاث;دره قیاس;دره قناس;دار قیس,colloquial,osm
ir-dar-tut,دار توت,colloquial,osm
ir-daram-rud,دارمرود,colloquial,osm
ir-darreh-veyan-e-bala,دره ویان علیا;دره ویان بالا;دره ویان,colloquial,osm
ir-darreh-veyan-e-pa-in,دره ویان سفلى,colloquial,osm
ir-dash-bolagh,Dasht Bulaq,colloquial,osm
ir-dash-kasan-3,دشت کسان,colloquial,osm
ir-deh-raqqeh,ده رقه;دهرقه,colloquial,osm
ir-diraklu,ترک علی; دیرکلو,colloquial,osm
ir-dear-molly,ده مولا,colloquial,osm
ir-divzand,Diwazan,colloquial,osm
ir-dizgaran,Yazgaran;Dizgeran,colloquial,osm
ir-do-sar-2,دوسر,colloquial,osm
ir-n3516582297,دولتیار,colloquial,osm
ir-n3516582298,قلالو خان,colloquial,osm
ir-dowlatshah,دولتکند,colloquial,osm
ir-dul-bakh,دره کاخ;دره باغ;دره باخ;دول باغ,colloquial,osm
ir-dulab-2,دوروب;دوراب,colloquial,osm
ir-ibrahim-abad,سردشت ابراهیم آباد;سردشت,colloquial,osm
ir-eshkaftan,اشکفتان;اشگفتان;شکفتان,colloquial,osm
ir-islamabad-2,دول کرو,colloquial,osm
ir-fakhrabad-2,فقر آباد;فکر آباد,colloquial,osm
ir-faqih-soleyman,Faq-i-Sulaiman,colloquial,osm
ir-farhadabad-2,فرح آباد;فره آباد,colloquial,osm
ir-gachi-gerd,کچی گرد,colloquial,osm
ir-gahidar,کاهی یار;گائیدر,colloquial,osm
ir-gandab-e-bala,گندب الی;گنداب علیا;کنداب بال,colloquial,osm
ir-gandab-e-pa-in,گندب سفل;گنداب سفلى,colloquial,osm
ir-kani-ganji,کان گنجی;کانی گنجی;کانی گنجه,colloquial,osm
ir-gerachqa,قراچقا;گراچقا;گرا چقا;قار چوگه;کر چق,colloquial,osm
ir-garaveh,گراوه;گر آباد,colloquial,osm
ir-gav-daneh-zar,کان زر;کانی زر;کن زر,colloquial,osm
ir-gazgazar-e-bala,گر گزارۀ علیا;گز گزر بالا;گز گزارۀ بالا;گزگزاره بال;گزگزارۀ علیا,colloquial,osm
ir-gazgazar-e-pa-in,گزگزاره سفلی,colloquial,osm
ir-gaziban,گزیوان;گزریوان,colloquial,osm
ir-gazneh,جزنه,colloquial,osm
ir-geliyan,Gelyan,colloquial,osm
ir-gerd-miran-e-bala,گرد میران علیا;گردمیران علیا,colloquial,osm
ir-gerd-miran-e-pa-in,گرد میران سفلى,colloquial,osm
ir-gerger-e-bala,گرگر علیا;گر گر علیا,colloquial,osm
ir-gerger-e-pa-in,گرگر;گرگر سفلى,colloquial,osm
ir-gholamabad-2,Ghulamabad,colloquial,osm
ir-gilaklu,گل گلی,colloquial,osm
ir-n3516582341,گلبلاغ پائین;کل بولاغ;گلباغ سفلى;گل بلاغ,colloquial,osm
ir-gol-bolagh-e-olya,گلبلاغ حجی میر;حوز حجی میر;گلبلاغ علیا;گلبلاغ بالا,colloquial,osm
ir-gonbad-e-bala,گنبدۀ بالا;گنبده علیا,colloquial,osm
ir-gorgabi,گرگ آبی,colloquial,osm
ir-gorganeh,Gurganeh,colloquial,osm
ir-n3516582353,گزلقیه;گزل قایه,colloquial,osm
ir-hajjiabad-8,حاجیباد,colloquial,osm
ir-hajjiabad-10,هاجی آباد,colloquial,osm
ir-handiman,اندیمن;هیندمان;هندمان,colloquial,osm
ir-hanyandar,Handyandar,colloquial,osm
ir-hasanabad-13,حسین آباد,colloquial,osm
ir-havar-haniyeh,هانیّه,colloquial,osm
ir-hendi-bolagh,هندی بولخ,colloquial,osm
ir-hey-atabad,هیعت آباد,colloquial,osm
ir-n3516582369,نیوند کند,colloquial,osm
ir-homayun,ومیون;همین,colloquial,osm
ir-hoseynabad-12,حسن آباد;حسناباد محمد نظر;حسناباد کهنه,colloquial,osm
ir-hoseynabad-14,Husainabad,colloquial,osm
ir-n3516582374,حسین آباد گرگان;حسیناباد گرگان,colloquial,osm
ir-hoseynabad-e-zelleh-jub,حسیناباد زله جو;حسیناباد زله جوب,colloquial,osm
ir-huollah,هوانله,colloquial,osm
ir-jameh-shuran,جمه شوراءو,colloquial,osm
ir-javanmardabad,جوان میر آباد,colloquial,osm
ir-jodaqayah,جداقیه;جد غیه;جدا قایه;جدا قیه,colloquial,osm
ir-jowrvandi,بغداد کوچولو;جوربندی,colloquial,osm
ir-kabud-khani-ye-bala,کبودخانه;کبود خانی;کبود خانئ علیا,colloquial,osm
ir-kabud-khani-ye-pa-in,کبود خانئ سفلى,colloquial,osm
ir-kachleh,گچله,colloquial,osm
ir-kaku-ye-bala,کاکوی علیا,colloquial,osm
ir-kaku-ye-pa-in,کاکوی سفلى,colloquial,osm
ir-kalati-2,کلاته,colloquial,osm
ir-kalkeh,Kal-i-Keh,colloquial,osm
ir-kamalabad-4,کمالاباد محمد صالح,colloquial,osm
ir-kameshgaran,کمشگران,colloquial,osm
ir-kangareh,Kangaru,colloquial,osm
ir-kani-chay,کانی چائی,colloquial,osm
ir-kani-savaran,کانی سواران,colloquial,osm
ir-kani-shah-qoli,Kani Shah Quli;Kan Shah Qoli;Kani Shaqoli,colloquial,osm
ir-karimabad-8,علی وردی,colloquial,osm
ir-karreh-puyan,کره پویان;کره بین;کره پوان;کره پووان;کارپیان,colloquial,osm
ir-kavdaneh,گاوانه,colloquial,osm
ir-kazemabad-3,کازیم آباد,colloquial,osm
ir-khamesan,خمسان;خامسان,colloquial,osm
ir-khandan-qoli,خاندانقلی,colloquial,osm
ir-khavarabad,Khawarabad,colloquial,osm
ir-kheyrabad-11,Khairabad,colloquial,osm
ir-kheyrabad-12,Khairabad,colloquial,osm
ir-n3516582728,خداین,colloquial,osm
ir-n3516582729,خرزم آباد;سکانی;خرماباد امیدکانی,colloquial,osm
ir-khoshkeh-marrud-e-sofla,وشکمروی پائین;خشکمرود سفلى;خشکه مرود;خشکمرود پائین,colloquial,osm
ir-khoshkeh-marrud-e-olya,حواری;خشکه مرود;خشکمرود علیا;وشکمروی بالا;خشکمرود بالا,colloquial,osm
ir-khosrowabad-2,خوسروبد,colloquial,osm
ir-khvor-khvoreh,خرخره;خور خوره;خورخوره,colloquial,osm
ir-kileh-golan,قیلوان;کیلولان;کلیله گلان;کیله گلان,colloquial,osm
ir-kilek,کیلک;کیلیگ,colloquial,osm
ir-kola-bakr,کلابکر,colloquial,osm
ir-kubkan,کوبکان,colloquial,osm
ir-kuleh-dar,کوله دره,colloquial,osm
ir-kureh-darreh-ye-bala,کوره درۀ علیا,colloquial,osm
ir-kureh-darreh-ye-pa-in,کوره درۀ پائین;کوره درۀ سفلى,colloquial,osm
ir-la-ye-pol,Lay Pol,colloquial,osm
ir-laleh-i,لاله;لالهئی,colloquial,osm
ir-lenjabad,Lanjabad,colloquial,osm
ir-lown-e-kohan,لون;لونه کون;لون کهن;لن,colloquial,osm
ir-qeran,Qaran;Qerran,colloquial,osm
ir-n3516582896,اراغل;قراغل,colloquial,osm
ir-qarah-bolagh-e-khan,غره بلغ خن;قره بلاغ;قره بلاغ خان,colloquial,osm
ir-qarah-bolagh-e-panjeh,قر بلاغ پنجه;قره بولاغ;قره بلاغ پنجه;کره بلاغ;کره بولاغ,colloquial,osm
ir-qarah-tureh,قراطوره;قره توره;قرا طوره,colloquial,osm
ir-qaridar,کائیدر;قریدر;قوریدر;کریدر;قرودر,colloquial,osm
ir-qasrian,قسریان;قصریان,colloquial,osm
ir-qazi-jub,قازی جوب,colloquial,osm
ir-qeshlaq-e-hasan-khan,قشلاق حسن;قشلاق حسن خان,colloquial,osm
ir-qeshlaq-e-now-ruz,قشلاق نوروز,colloquial,osm
ir-n3516582999,قلعه خان قزی خانم,colloquial,osm
ir-qujaq,قوچاق,colloquial,osm
ir-n3516583002,قریچاه,colloquial,osm
ir-ramesht,رمیشت,colloquial,osm
ir-ramul,رامل,colloquial,osm
ir-sa-dabad,تپله;تپه,colloquial,osm
ir-sa-idabad,ساعد آباد,colloquial,osm
ir-sabzevar-2,سبزبار,colloquial,osm
ir-sadeqabad-2,Sadiqabad,colloquial,osm
ir-n3516583015,سلامت آباد;صلوات آباد;روستای صلوات آباد,colloquial,osm
ir-sanduqabad,صندق آباد,colloquial,osm
ir-white-stone,کوچک چرمه;کوچک چل مه,colloquial,osm
ir-sar-cham-2,Sar Chashm;Sar Chashmeh;Sar Cheshmeh,colloquial,osm
ir-sarab-e-dowkal,سراب دو کل;سرب دگل,colloquial,osm
ir-sarab-e-qaht,سر اوقات,colloquial,osm
ir-sarab-e-shahrak,سرن سریک;شارک پائین,colloquial,osm
ir-sarab-e-sheykh-hasan,سراب,colloquial,osm
ir-sarabekam,سراب کام,colloquial,osm
ir-sarchi,سرچین,colloquial,osm
ir-sarqal,سرکل,colloquial,osm
ir-sarvaleh,Sarwaleh,colloquial,osm
ir-n3516583035,پشت دربند,colloquial,osm
ir-selseleh,سیلساله,colloquial,osm
ir-seman,سمان,colloquial,osm
ir-serenjianeh,سرنجیانه;سیرنجانه;سیرینجانه,colloquial,osm
ir-serinjianeh-ye-bala,سرنجیانه بالا;سیرینجیانۀ بالا;سرنجیانه علیا,colloquial,osm
ir-serinjianeh-ye-pa-in,سیرینجیانۀ پائین;سرنجیانه پائین;سرنجیانه سفلى,colloquial,osm
ir-seyfabad-2,چال آباد;سیف آباد,colloquial,osm
ir-seylab,اسفند آباد,colloquial,osm
ir-seyedan,سییده;سیدان,colloquial,osm
ir-shah-jub,شاه چوب,colloquial,osm
ir-shahini,شینی;شیم,colloquial,osm
ir-shahrak-e-sofla,شهرک سفلى;شاراک پائین;شریکۀ پائین,colloquial,osm
ir-shanureh,شه نره;شاهنوزه;شانوره,colloquial,osm
ir-sheyda,شیده,colloquial,osm
ir-sheykh-taqqeh,شیخ تاوز;شیخ تقه;شیخ تقی,colloquial,osm
ir-shir-kosh-e-sofla,سرکوش پائین;شیر کش سفلى;سرکش پائین,colloquial,osm
ir-shoja-abad,سجاد آباد,colloquial,osm
ir-shokrabad,شکراباد میهم,colloquial,osm
ir-shotor-mol,شترمل;شتر مل;اشترمل,colloquial,osm
ir-shur-ab-e-hezareh,شوراب هزاره;شوراب,colloquial,osm
ir-shurab-khan,شوراب;شوراب خان,colloquial,osm
ir-shurab-e-hajji,شوراب;حاجی شوراب,colloquial,osm
ir-hoshtari,سوشتارین,colloquial,osm
ir-sianow,سیاناو,colloquial,osm
ir-sis-2,سبیس;سهبیس,colloquial,osm
ir-siviyeh,ستوده;ستوته,colloquial,osm
ir-n3516583082,سلطاناباد دره ویران,colloquial,osm
ir-sufiabad,صفی آباد,colloquial,osm
ir-sural,Surhal,colloquial,osm
ir-ta,طای,colloquial,osm
ir-tahmasb-qoli,طهماسب قلی;طهماسب قلعه,colloquial,osm
ir-tahmures,طهورث,colloquial,osm
ir-tajareh-2,Sar-i-Tajareh,colloquial,osm
ir-takht-e-zangi,تخت رنگی;تخت زنگی,colloquial,osm
ir-tarazvaleh,ترازوله;ترزوله,colloquial,osm
ir-tazehabad-3,تازهاباد طهماسبقلی,colloquial,osm
ir-tazehabad-e-cheraghabad,تازه آباد;تازهاباد چراغ آباد,colloquial,osm
ir-tazehabad-e-gilaklu,تازهاباد گیلکلو,colloquial,osm
ir-tazehabad-e-karimabad,کریم آباد,colloquial,osm
ir-tazehabad-e-khalilabad,تزاوه;تازهاباد خلیل آباد;تازهاباد سید محمود;تازه آباد,colloquial,osm
ir-tazehabad-e-owriyeh,Tazehabad;Tazehabad-e Averyeh,colloquial,osm
ir-tazehabad-e-sar-e-pol,تازهاباد دولکرو,colloquial,osm
ir-tazehabad-e-sarab-e-qaht,تازهاباد سر آب قحط;تازه آوه;تازهاباد سراب قحط,colloquial,osm
ir-tazehabad-e-saravaryeh,تازه آباد,colloquial,osm
ir-tilaku,تیلکوه,colloquial,osm
ir-tubreh-riz-2,تربریز;توربه ریز,colloquial,osm
ir-tughan-polu-sarkan,طوغان پل سرکان,colloquial,osm
ir-tughan,تغان;طوغان بابا گر گر;طوغان;توغان جدید,colloquial,osm
ir-n3516583420,تپ آغاج;تباغاج;توپ آقاچ,colloquial,osm
ir-valiabad-2,Waliabad,colloquial,osm
ir-vamsaneh,وامستانه,colloquial,osm
ir-vanderni-ye-sofla,ونارنی سفلى;وندرنئ سفلى;وندرنئ پائین;وندرنی سفلى,colloquial,osm
ir-vanderni-ye-olya,Vendarni-ye `Olya;Vondarni-ye `Olya,colloquial,osm
ir-varmakan,Warmaqan,colloquial,osm
ir-vasi-ye-sofla,واسی;وصی پائین,colloquial,osm
ir-vasi-ye-olya,وصی بالا,colloquial,osm
ir-vazmaneh-ye-sofla,وزمانۀ سفلى;وزمانۀ پائین,colloquial,osm
ir-vazmaneh-ye-olya,ازمانۀ علیا;وزمانۀ بالا;وزمانۀ علیا;وزمانه,colloquial,osm
ir-vey-nesar,وینسار;وینسر,colloquial,osm
ir-n3516583434,ویس مری;وازمیره,colloquial,osm
ir-yaghvasi,یغواسی,colloquial,osm
ir-n3516583436,یالغوز آغاج;یلقوز اغاج;یالقوز آغاج;هلزاقاچ;آلوزاقج,colloquial,osm
ir-yaminan-e-bala,یمینان علی;یمنان بالا;یمنان علیا,colloquial,osm
ir-yaminan-e-pa-in,یمنان;یمینان;یمنان پائین;یمنان سفلى;یمینان سفلى,colloquial,osm
ir-zafarabad,جعفرآباد,colloquial,osm
ir-zarrin-jub,Zarinjur,colloquial,osm
ir-zarrin-jub-2,زرین چوب;زرین جو;زرین جنوبی,colloquial,osm
ir-zarrinabad-2,زرینه آباد,colloquial,osm
ir-zarvan,Zarwan,colloquial,osm
ir-ziveh-3,زیویه,colloquial,osm
ir-abbasabad-12,هواس آباد,colloquial,osm
ir-n3516583454,آلاگن;آلاگز,colloquial,osm
ir-aliabad-shilan,علی آباد,colloquial,osm
ir-aliabad-19,علیاباد مشیر,colloquial,osm
ir-aliabad-20,علیاباد یالغوز آغاج,colloquial,osm
ir-n3516583460,علیاباد کشی چرمی;علیاباد چشمه سفید,colloquial,osm
ir-aliabad-e-bezindar,علی آباد,colloquial,osm
ir-aliabad-e-luch,علی آباد;علیاباد لوچ,colloquial,osm
ir-arabshah,عرب شاه,colloquial,osm
ir-asrabad,عصر آباد;اسد آباد,colloquial,osm
ir-azamabad,اعزم آباد,colloquial,osm
ir-owch-gonbad-e-khan,وچگنبد خان,colloquial,osm
ir-owch-gonbad-e-khan,اوچ گنبد خان,spelling,osm
ir-n3516700386,آقبلاغ علیکبر خان,colloquial,osm
ir-n3516702000,قزل کند,colloquial,osm
ir-nur-mohammad,نور محمد کندی,colloquial,osm
ir-andar-ab,Andarab;Andarad,colloquial,osm
ir-andar,هانه;هنه,colloquial,osm
ir-arandan,ارندان;آرنان;ارنن;رندان;ارنان,colloquial,osm
ir-barz-ab,Barzao;Barza'u;Borzab,colloquial,osm
ir-boz-laneh,Bij Laniyeh;Boz Lanah;Bezlaneh,colloquial,osm
ir-danan,ساعد آباد,colloquial,osm
ir-darvishan,دره شان,colloquial,osm
ir-galin,گلشن;تکیۀ گلین,colloquial,osm
ir-gandoman,کندمان,colloquial,osm
ir-gerger-e-sofla,Gerger-e Pa'in;Gerger,colloquial,osm
ir-gilaneh,کیلانه;کیفنه,colloquial,osm
ir-halvan,هوانله;حلوان,colloquial,osm
ir-hashmiz,هاشمیس,colloquial,osm
ir-kalji,کلیج;کلجی,colloquial,osm
ir-kani-moshkan,Kani Meshkan;Kani Moshgan;Kani Mizhgan;Kani Meshgan,colloquial,osm
ir-kani-salam,کانی شلانه,colloquial,osm
ir-karju,Qaraju,colloquial,osm
ir-khaneqah-golin,خانقاه,colloquial,osm
ir-kolasah,کولسه,colloquial,osm
ir-korrehsi,کرسی,colloquial,osm
ir-kovik,کوئیک;کوویک,colloquial,osm
ir-malekshan-e-sofla,ملکشان;ملکشان پائین,colloquial,osm
ir-malekshan-e-olya,ملکشان;ملکشان بالا,colloquial,osm
ir-ney-dar,نیدر,colloquial,osm
ir-nezar,نزاز,colloquial,osm
ir-nosratabad-6,تازه آباد گرگر;نصرت آباد,colloquial,osm
ir-novin,نوین;نون,colloquial,osm
ir-qoroq,کویک;قورق;قورخ,colloquial,osm
ir-sarsu-sofla,سرسو پائین,colloquial,osm
ir-sarsu-olya,سرسو بالا,colloquial,osm
ir-savarian,Kani Qorbani;Hani Qorbani,colloquial,osm
ir-shian,بلوشیان;شیلان,colloquial,osm
ir-su,سوی,colloquial,osm
ir-tazehabad-kikhosrow,آسیاب کیخسرو,colloquial,osm
ir-tekyeh,Tekeyeh,colloquial,osm
ir-turivar,Tavarivar;Tooryour;Tavrivar,colloquial,osm
ir-uraman-takht,ارمن تخت;اورامان شهر;ورامان تخت;اورامان;ورامان;اورمان,colloquial,osm
ir-vatreh-zamin,فطره زمین,colloquial,osm
ir-zandan,نران,colloquial,osm
ir-anbar-bozan,بزان;مره بزان,colloquial,osm
ir-baqerabad-2,باقلاباد;باقل آباد,colloquial,osm
ir-garz-darreh,گذر درّه;گزر دره,colloquial,osm
ir-khaneqah-juju,خنجه;خانگه,colloquial,osm
ir-zovenj,زنج;زنچ,colloquial,osm
ir-ajgareh,هژ گره;هژگر;اجگره,colloquial,osm
ir-chehel-gazi,Chehl Gazi,colloquial,osm
ir-doveyseh,Dow Veyseh;Doosiyeh;Duvizeh;Duwizeh;Dow Viseh;Duiseh,colloquial,osm
ir-kalkan,کلاهخان;کلهکان,colloquial,osm
ir-khalichian,خلیچیان;خلیجیان,colloquial,osm
ir-khaneqah-e-hasan-jadar,خانقاه حسن جادار,colloquial,osm
ir-qasemabad-6,Qasimabad,colloquial,osm
ir-tazehabad-4,تازه ده;تازه آباد قلعه جوق;تازهاباد قلعه جق,colloquial,osm
ir-tudar-e-ruteh,توئی درتان;تودار رونه,colloquial,osm
ir-tudar-e-samadi,توئی در سمدی,colloquial,osm
ir-hasanabad-e-yasukand,کرانی;حسناباد سوگند;حسن آباد یاسوکند,colloquial,osm
ir-albolagh,آق بلاغ;بولاغ;آقبلاق;آل بلاغ,colloquial,osm
ir-ali-pinak,آلی پنیک;عالی پینک;آلو پینک;آلی پینک,colloquial,osm
ir-bageh-jan,بگهجان;باغ جان,colloquial,osm
ir-baghcheh-ye-maryam,باغچه مریم;بغیچه مریم,colloquial,osm
ir-bala-dasti,بلدستی;بله دستی;بلادسی,colloquial,osm
ir-bayeh,بیا;بایه;بی,colloquial,osm
ir-charkheh-bayan,چرخه بیان;چرخۀ بیان,colloquial,osm
ir-dehrashid,ده رشی;ده رشید,colloquial,osm
ir-dowlatabad-e-kurkureh,خر خوره;خور خوره;دولت آباد;دولتاباد خرکره;دولت آباد کورکوره;دولتاباد کرکره,colloquial,osm
ir-ebrahimabad-3,Ibrahimabad,colloquial,osm
ir-eslamarz,آلمیرز;اسلمرز;اصلامرز;اسلمرس,colloquial,osm
ir-gandab-2,گنب,colloquial,osm
ir-gomeh-darreh,گم دره;گمه دره,colloquial,osm
ir-goriz-darreh,گزر دره,colloquial,osm
ir-hajji-pamoq,حاجی آباد;هاجی پمق;هاجی پ یی موغ;سراب حاجی پیموق;هجی پمغ,colloquial,osm
ir-helizabad,هلیز آباد;هلی آباد,colloquial,osm
ir-hoseyni-3,Husaini,colloquial,osm
ir-kakah-jub,کاکه جوب;کاکا جوب;کاکه جو,colloquial,osm
ir-kani-ahangaran,کانی آهنگران;مبارکاباد کانی آهنگران;مبارک آباد,colloquial,osm
ir-kani-kuchek,کانی بوچگله;کانی کوچک,colloquial,osm
ir-kani-pahan,کانی پان,colloquial,osm
ir-karkabad,کرگ آباد,colloquial,osm
ir-karvandan,کرندان;کروندان,colloquial,osm
ir-kayosheh,کای وشه;کائی وچه;کیوشه,colloquial,osm
ir-kuleh-bayan,کوله بیان;کولهبیان,colloquial,osm
ir-kuleh-hard,خوره هرت;کوله هرد;کله هرد,colloquial,osm
ir-machekeh-ye-bala,ماچگۀ علیا;مچکه بال;ماچگه;ماچکۀ علیا;مچکۀ بالا;ماچگۀ بالا,colloquial,osm
ir-machekeh-ye-pa-in,ماچکۀ سفلى;مچکۀ پائین;ماچگۀ پائین;ماچگۀ سفلى,colloquial,osm
ir-mohammadabad-10,محمداباد خرزه,colloquial,osm
ir-nowgaran,نمگرن;نو گران;ناوگران,colloquial,osm
ir-nowgaran,ناوگران,spelling,osm
ir-qal-eh-fulad,قلعۀ پولا;قل پل;قلعۀ فولاد,colloquial,osm
ir-qeru-chay,کره چیه;قوری چائی;قوری چای;قوریچائی,colloquial,osm
ir-qeshlaq-e-jub,قشلاق جو;قشلاق جوب,colloquial,osm
ir-qeshlaq-e-khoda-karam,قشلاق خاکرم,colloquial,osm
ir-qolqoleh-2,Qulqulleh,colloquial,osm
ir-qu-cham,قشم,colloquial,osm
ir-sarab-7,سراب حاجی پمق,colloquial,osm
ir-tatershid,تاته رشید;تاتۀ رشید,colloquial,osm
ir-tazehabad-kanigulzar,کانئ گلزار;تازهاباد کانی گلزار;کنی گلزار,colloquial,osm
ir-tazehabad-kanigulzar,کانی گلزار - تازه آباد,spelling,osm
ir-tazehabad-6,تازهاباد قوریچای,colloquial,osm
ir-tazehabad-7,تازهاباد دکتر واسع,colloquial,osm
ir-tazehabad-8,قرا گل;قرا گول;تازهاباد قراگل;قراول,colloquial,osm
ir-tazehabad-e-gavmishan,تازه آباد,colloquial,osm
ir-tirgaran,سیرگران;تهیرگرن,colloquial,osm
ir-ahmadabad-14,Ahmadabad,colloquial,osm
ir-al-bolakh,آقبلاغ;آقبلاق,colloquial,osm
ir-allah-darreh-ye-bala,الله دره علیا,colloquial,osm
ir-allah-darreh-ye-pa-in,آله درۀ سفلى;الاه دره;الاه درۀ سفلى;آله درۀ پائین;هاله درۀ پائین,colloquial,osm
ir-almeh-qolaq,المه قلاغ;آلمه قلاغ,colloquial,osm
ir-amirabad-17,Amirawa,colloquial,osm
ir-amrowleh,عمر الله;امروله,colloquial,osm
ir-aqa-jeri,اغجن;آقا جری;آغاجری,colloquial,osm
ir-aqbolagh,آقبلاق;آق بلاغ;البلاغ,colloquial,osm
ir-ashab,اصحاب علیا,colloquial,osm
ir-baba-nazar,صبا نیزار;سبانیزار,colloquial,osm
ir-bagh-chaleh,باغچله;داق شاله;باغ شاله;بغجله,colloquial,osm
ir-baqelabad,باقر آباد;بقل آباد,colloquial,osm
ir-baqelabad,باقل آباد,spelling,osm
ir-bar-qal-eh,برکل;برکت,colloquial,osm
ir-bard-e-sefid,برده سفید,colloquial,osm
ir-bardrash,برده رشه ینگی ارخ;بردرش;برده رش,colloquial,osm
ir-bargoshad-2,برگشاد;برکشاد,colloquial,osm
ir-barudar,برتودار,colloquial,osm
ir-bashugi,بیشوکی;بیشکه;باشوکی,colloquial,osm
ir-bayenjeqlu,باینچقلو;باینج قلی,colloquial,osm
ir-chabolkan-hajji,چاولکان حاجی;چابلکن حاجی;چابلکان حاجی;چابلکان هجی;چاولکان,colloquial,osm
ir-charandu,چرنو,colloquial,osm
ir-chatan,چتاق;چتان,colloquial,osm
ir-cheshmeh-deraz,کانی دراز;چشمه دراز,colloquial,osm
ir-cheshmeh-kazem,چشمه کاظم;چشمۀ کاذام;چشمۀ کاظم;چشمه کاظمیه,colloquial,osm
ir-cheshmeh-sefid-3,کانه کین;خانقین;خیمه سفید;کانی کن;خانه کین,colloquial,osm
ir-darband-9,دربن,colloquial,osm
ir-darreh-dowzan,دره دزدان,colloquial,osm
ir-darreh-dozdan,دره دوزان,colloquial,osm
ir-darreh-softeh,دره سفت;دره سفته;کل سیپته,colloquial,osm
ir-darreh-ye-ivan,درویان;دره ویان;دلویان,colloquial,osm
ir-darvish-khaki,Dhares Khake,colloquial,osm
ir-deh-raqa,ده رقۀ پیر حسین;دیه رقه;دهرقۀ میرحسین;ده رقا;ده رق,colloquial,osm
ir-delow-amadeh,دلو آمده;دلوامده,colloquial,osm
ir-dowlatabad-5,Daulatabad,colloquial,osm
ir-dulbandi,دلبندی;دول بندی,colloquial,osm
ir-ebrahimabad-4,یبراهیم آباد,colloquial,osm
ir-ebrahimabad-5,Ibrahimabad,colloquial,osm
ir-ebrahimabad-e-bala,ابراهیم آباد بالا;ابراهیماباد بالا,colloquial,osm
ir-farhadabad-3,فره آباد;فرح آباد,colloquial,osm
ir-gav-ahantu,گاواهنتو,colloquial,osm
ir-gav-darreh,گاوره;گاوه دره,colloquial,osm
ir-gavandak,کونی;گوندک,colloquial,osm
ir-gazan-e-bala,گزان علیا;غزان;قزان;قازان;قزن علیا,colloquial,osm
ir-gazan-e-pa-in,قجان;کزن کوچک;گزان سفلى,colloquial,osm
ir-geleh-sur,گله سور;گلهسور,colloquial,osm
ir-gheybi-sur,قشور,colloquial,osm
ir-gol-qabagh,گل قباغ;گل خاوک,colloquial,osm
ir-golestaneh-2,Gulistaneh,colloquial,osm
ir-hey-atabad-2,برده رش;هیءت آباد,colloquial,osm
ir-hoseyn-khan,Husain Khan,colloquial,osm
ir-hoseynabad-15,Husainabad,colloquial,osm
ir-jebre-ilan,جرلال;جوبریلان;جبرائیلان;جبرایلان;جبرعیلان,colloquial,osm
ir-kabud-savar,کوه کبود سوار,spelling,osm
ir-kalhorabad,کلهور آباد,colloquial,osm
ir-kani-seyd-morad,کانی سید مراد,colloquial,osm
ir-kani-tala,کانی تاله;کانی تالا,colloquial,osm
ir-kazhi-karan,قازی کران,colloquial,osm
ir-kowleh,کوله;کله,colloquial,osm
ir-mamaq-e-bala,مامق علیا;مامق,colloquial,osm
ir-mamaq-e-bala,ماماق بالا,spelling,osm
ir-mamukh-e-sofla,ماموق پا ییین;مامق پائین,colloquial,osm
ir-mareh-dar,مره دره;مره در,colloquial,osm
ir-mishiab,میشاب,colloquial,osm
ir-mo-inabad,قلا پیوند,colloquial,osm
ir-naqareh-khaneh,نقاره خان,colloquial,osm
ir-nesareh-ye-sofla,نسارۀ پائین;نسار پائین;نسارۀ کوچک;نسار سفلى;نسارۀ سفلى,colloquial,osm
ir-nesareh-ye-olya,نصرۀ بزرگ;نسارۀ بزرگ;نسارۀ کورا;نسار بالا;نسارۀ بالا;نسره بوزورگ,colloquial,osm
ir-pahneh-bor-3,فینابر,colloquial,osm
ir-posht-tang-2,پشت تنگ;پشته تنگ,colloquial,osm
ir-qaba-sorkh,Qaba-i-Surkh,colloquial,osm
ir-qal-eh-gah-2,Kulawa,colloquial,osm
ir-khak-ruzi,خاکرزی,colloquial,osm
ir-khanjareh-ye-olya,خنجرۀ بالا,colloquial,osm
ir-kharakeh,خرکه,colloquial,osm
ir-khezerlak,خیر لاغ;خزر لک;خیرلاقه,colloquial,osm
ir-khorasan,Khuraman,colloquial,osm
ir-kileh-sefid,کلاجرمان;کیله سفید;گریلا هرمان,colloquial,osm
ir-kizmel-e-olya,گزمل علیا;گزمیل;گزمل;گیزمل الی;گیزمل بالا,colloquial,osm
ir-qal-eh-joqeh-2,قالا جگه;قلعه جقه;قلعه جقۀ سفلى;قلعه جوقه;قلئه جقه,colloquial,osm
ir-qal-eh-ye-reyhaneh,قلعۀ ریهانه,colloquial,osm
ir-qalateh-rashkeh,کلاته رشکه;قلعت ترشک;کل درشگ;درشکه;کلات ترشکه,colloquial,osm
ir-qalvazeh,قلوزه,colloquial,osm
ir-qarah-gheybi,قره غیبی;قر کل,colloquial,osm
ir-qarah-qayeh,قاره قایه,colloquial,osm
ir-qeshlaq-sorkheh,قشلاق سورکه,colloquial,osm
ir-qeshlaqlu,قشلاق لو,colloquial,osm
ir-qezel-bolagh-2,قزل بلاق,colloquial,osm
ir-qojur,قجر;قوجر;خجر,colloquial,osm
ir-qolqoleh-3,قلقلۀ چتان;قلقلۀ چتاق,colloquial,osm
ir-sadeqabad-4,سدقه آباد;صدقه آباد,colloquial,osm
ir-salarabad,کانی مار,colloquial,osm
ir-sang-sefid-3,کچک چرمک;کوچک چرمو;سنگسفید,colloquial,osm
ir-sarab-e-bayenjeqlu,سراب باینچقلو;ساروپ,colloquial,osm
ir-sarab-e-sorkh,سراب سرخه;سراب سوره;سرب سور,colloquial,osm
ir-seydan,صیاد,colloquial,osm
ir-shabolaghi,شاهبلاغی,colloquial,osm
ir-shahrak-e-olya,چریکۀ بالا;شهرک بالا;شریکه بال;شرک بالا;سراب شهرک;شریکۀ بالا,colloquial,osm
ir-shaqeh-bard,سید مح اد دین,colloquial,osm
ir-sheykh-vajam,شیخ وجیم;شیخوجیم,colloquial,osm
ir-shir-kosh,شیرکش علیا;شیرکش,colloquial,osm
ir-si-va-seh-mardeh,سیو سه مرده;سوسهمرد,colloquial,osm
ir-sia-saran-e-bala,سیاه سر;سیاه سران علیا;سیا سران علیا,colloquial,osm
ir-sia-saran-e-pa-in,سیاه سران سفلى;سیاه سر;سیا سران سفلى,colloquial,osm
ir-soltanabad-e-tanbali,سلطان آباد;سلطاناباد تنبلی,colloquial,osm
ir-sufian-2,Sufiyan;Sufeyan,colloquial,osm
ir-tappeh-mohammadi,تبریز کوچک;تپۀ محمدی;توبۀ محمد,colloquial,osm
ir-tazeh-deh-e-eslamabad,اسلام آباد;اسلام آباد حاجی موسی,colloquial,osm
ir-tazehabad-qazi-ali,تازهاباد قازی,colloquial,osm
ir-tazehabad-9,تازهاباد بزنقران;تازه آباد بزن قران,colloquial,osm
ir-tazehabad-e-asef,تازهاباد آصف,colloquial,osm
ir-tazehabad-e-golaneh,تازهاباد گلانه;تزج آباد گلانه;تازه آباد,colloquial,osm
ir-tazehabad-e-majidkhani,مجید خان;تازهاباد امین;تازه آباد محمد امین,colloquial,osm
ir-tazehabad-e-sar-dalan,تازهاباد سر دالان;تاج آباد,colloquial,osm
ir-teytaq,تیطخ,colloquial,osm
ir-yangi-arakh,اریکه;ینگی ارخ;اریکهه,colloquial,osm
ir-zagheh-ye-sofla,زاغۀ سفلى;زاغۀ پائین;زاغه,colloquial,osm
ir-zagheh-ye-olya,زاغه;زاغۀ بالا,colloquial,osm
ir-zalkeh,ذلکه,colloquial,osm
ir-zardak,زرتک,colloquial,osm
ir-zardeh-kamar,زرد کمر;سرد قمر,colloquial,osm
ir-zeynal-khan,Zainal Khan,colloquial,osm
ir-abbasabad-16,عباس آباد,colloquial,osm
ir-aliabad-21,علیاباد دوله رش,colloquial,osm
ir-alijan-2,عالی جان;عالیجان,colloquial,osm
ir-abdal-samadi,عبد الصمدی,colloquial,osm
ir-banavchan,بناوجان,colloquial,osm
ir-chul-bolagh,چول بلاخ;چل بلاغ;چول بلاغ,colloquial,osm
ir-darreh-vian-khoshkeh,دره ویان خشکه;درویان سفلى;تکاوسان,colloquial,osm
ir-darvian-e-sheykh-ahmad,دره ویان شیخ;دره ویان شیخ بالا;درویان علیا;قره ویان;دره ویان شیخ احمد;درویان سفلى;دره ویان علیا,colloquial,osm
ir-ebrahimabad-6,Ibrahimabad,colloquial,osm
ir-eshaqabad-2,اسلحاق آباد;اسحاق آباد,colloquial,osm
ir-gavkach-e-olya,گاوکج علیا;گاوگچ علیا,colloquial,osm
ir-gavkaj-e-pa-in,گاوکج سفلى,colloquial,osm
ir-gol-qal-eh,شهکل;گل قلعه;شاه قلعه,colloquial,osm
ir-ja-far-khani,جعفرخان,colloquial,osm
ir-kakowsan,کلکومان;ککوسان;تکوسن;کگه وسن;کاکه اوسان,colloquial,osm
ir-kani-sefid-4,Kani Safid,colloquial,osm
ir-khalbaz,خالبازه;خاله بازه,colloquial,osm
ir-kileh-kabud,کل کبود;کیله کبود,colloquial,osm
ir-mahi-dar-e-pa-in,ماهیدر;ماهیدر پائین;ماهیدر سفلى,colloquial,osm
ir-mulanabad,ملن ابد;مولان آباد,colloquial,osm
ir-ney-kuzleh,تازه آباد,colloquial,osm
ir-qahrabad,قهراباد سلیمان,colloquial,osm
ir-qeshlaq-2,قشلاق آقا گوره,colloquial,osm
ir-suleh-2,سله;سوله;سولله,colloquial,osm
ir-tang-bakh,تنگ باغ,colloquial,osm
ir-tavakkolan,Taukalan;Tavikalan,colloquial,osm
ir-yapal,یاپال;واپل,colloquial,osm
ir-zia-kandi,Ziagah;Zeyagah;Ziaga,colloquial,osm
ir-alijan-3,آلیجان,colloquial,osm
ir-aq-kand-3,آقکند,colloquial,osm
ir-azad-veys-e-bala,آزاد ویس علیا,colloquial,osm
ir-azad-veys-e-pa-in,آزاد ویس سفلى,colloquial,osm
ir-baba-rar,برار;بابا رار,colloquial,osm
ir-bash-qeshlaq,باشقشلاق,colloquial,osm
ir-n3518621312,چقور قشلاق,colloquial,osm
ir-darreh-asb,درسب,colloquial,osm
ir-gham-towrqeh,قم طرقه,colloquial,osm
ir-gol-tappeh-5,گل تپۀ سفلى,colloquial,osm
ir-gol-tappeh-6,گل تپۀ علیا,colloquial,osm
ir-gug-tappeh-2,گوگتپه,colloquial,osm
ir-hasanabad-e-charuq,حسناباد چاروق,colloquial,osm
ir-hoseynabad-e-demirchi,حسیناباد میرچی,colloquial,osm
ir-hoseynabad-e-marran,حسیناباد مران;حسین آباد,colloquial,osm
ir-jaqalu,چقلو,colloquial,osm
ir-kahrizeh,کاریزه,colloquial,osm
ir-kalkeh-jar,کلکهجار,colloquial,osm
ir-kani-cha-i,کانی چای,colloquial,osm
ir-kani-kabud-2,کانی کبود مران,colloquial,osm
ir-kasnazan,کس نزان,colloquial,osm
ir-kharabeh-ye-chul-arkh,خرابۀ چهل ارخ,colloquial,osm
ir-khvosh-maqam,خوشمقام;خوش مقام,colloquial,osm
ir-kol-tappeh-ye-taqamin,گل تپۀ طغامین;گلتپۀ طفامین,colloquial,osm
ir-koluzan,کلهزان,colloquial,osm
ir-marran-e-olya,مران;مران بالا;مران علیا,colloquial,osm
ir-meydan-4,میدان مظفرخان,colloquial,osm
ir-moghanlu,Maganlu;Maqanlu,colloquial,osm
ir-n3518621367,محمداباد علی اکبر خان,colloquial,osm
ir-n3518621368,مراد قلی,colloquial,osm
ir-mozadi,مرادی,colloquial,osm
ir-nimeh-kareh,نیمهکار;نیمه کار,colloquial,osm
ir-owch-gol,وچگل,colloquial,osm
ir-owch-gonbad-e-soltan,وچگنبد سلطان,colloquial,osm
ir-owghlan-e-mir-ahmad,وغلان میر احمد,colloquial,osm
ir-qal-eh-juqeh,قلعه جوقه - قلعه جقه بزرگ - قلعه جقه خان,colloquial,osm
ir-n3518621383,قره محمدلو;قرا محمد;قره محمد,colloquial,osm
ir-qareh-belagh-miyankoh,قره بلاغ;قره بلاغ میانکوه,colloquial,osm
ir-qarah-chay,قره چقای,colloquial,osm
ir-qarah-gol-2,قراگل,colloquial,osm
ir-qarah-tureh-2,قراتوره,colloquial,osm
ir-qarahchi-qeran,قراچیقران,colloquial,osm
ir-qavshowq,قاوشق,colloquial,osm
ir-qechilu,قیچیلو,colloquial,osm
ir-qojur-2,Quchur,colloquial,osm
ir-quchaq,قوجاق,colloquial,osm
ir-sar-qal-eh,سرخال,colloquial,osm
ir-n3518621707,قشلاق سفید سید سلام;قشلاق سفید,colloquial,osm
ir-shah-neshin-2,شاهنشین,colloquial,osm
ir-shah-vali,شاهولی,colloquial,osm
ir-tazehabad-10,تازهاباد هیجان,colloquial,osm
ir-tazehabad-11,تازهاباد مران,colloquial,osm
ir-tazehabad-e-vazir,تازه آباد;تازهاباد وزیر,colloquial,osm
ir-vezman,وزمان;عثمان,colloquial,osm
ir-yengeh-kand,ینگی کند,colloquial,osm
ir-zaki-beg-e-sofla,ذکی بیگ سفلى,colloquial,osm
ir-zaki-beg-e-olya,ذکی بیگ علیا,colloquial,osm
ir-zarrineh-ye-varmazyar,زرینه,colloquial,osm
ir-aliabad-e-mardan,علی آباد;الیاباد مران,colloquial,osm
ir-najneh-ye-olya,نجینۀ بالا,colloquial,osm
ir-tazhan,Tazhan,colloquial,osm
ir-neyzeh-rud-e-kohneh,نیزه رود,colloquial,osm
ir-qa-i-bard,قاضی بدر;قایبرد,colloquial,osm
ir-qa-i-bard,قایی برد,spelling,osm
ir-qahrabad-e-altun,قهر آباد,colloquial,osm
ir-sabadlu,سبدلی,colloquial,osm
ir-sad-bar,سدباد;صد بار,colloquial,osm
ir-anjileh,هنسیله;انجیله,colloquial,osm
ir-anjineh-ye-ebrahim,انجینۀ سفلى,colloquial,osm
ir-anjineh-ye-reza,انجینۀ علیا,colloquial,osm
ir-barderash,برده رش,colloquial,osm
ir-bayazidabad-2,بایزاوه;بتز آباد;بایزید آباد,colloquial,osm
ir-benavileh-ye-kohneh,بناویله کهنه;بناویلۀ کهنه;که,colloquial,osm
ir-boneh-rezan,بنه رزان,spelling,osm
ir-boruzheh-kohneh,بردجکند;برژه کهنه;بروژۀ کهنه;بروژه کهنه,colloquial,osm
ir-chichuran,چیچوران,colloquial,osm
ir-churush,چروش,colloquial,osm
ir-damameh,دمامه;دمان,colloquial,osm
ir-downis,دنیس,colloquial,osm
ir-gavil,گوئیل,colloquial,osm
ir-geleh-sur-2,گله سوره,colloquial,osm
ir-givehrud-e-kukh,گیوهرود,colloquial,osm
ir-gurehdar,گورهدار,colloquial,osm
ir-havareh-khul,هواره خور;هواره خول,colloquial,osm
ir-kani-bey,کانی بی,colloquial,osm
ir-kani-now,Kani Nav,colloquial,osm
ir-kukh-e-kani-guyz,کانی سرو,colloquial,osm
ir-kukh-e-bowalhasan,کوه بو الحسن,colloquial,osm
ir-kukh-e-obal,کوه ابل,colloquial,osm
ir-marzelan,مرزلان,colloquial,osm
ir-masidar,ماهیدر;ماسیدر;ماهی در,colloquial,osm
ir-mirabad-e-olya,میراباد بالا,colloquial,osm
ir-saluk-e-sofla,سالوک پائین;سالوک سفلى,colloquial,osm
ir-saluk-e-olya,سالوک بالا;سالوک علیا,colloquial,osm
ir-sefidareh,Safid Dareh,colloquial,osm
ir-sheykh-ol-eslam,کوخ شیخ الاسلام,colloquial,osm
ir-tawakal,توکل,colloquial,osm
ir-zali,زاله;زالی,colloquial,osm
ir-zarrowboneh,زربنه,colloquial,osm
ir-zarvav-e-olya,زوار بالا,colloquial,osm
ir-arab-oghli-ye-olya,عرب وغلوی بالا,colloquial,osm
ir-arab-oghli-ye-sofla,عرب وغلوی پائین,colloquial,osm
ir-bashvan,بانشوان,colloquial,osm
ir-baydar-e-sofla,بایدر پائین,colloquial,osm
ir-baydar-e-olya,بایدر بالا,colloquial,osm
ir-berveshkani,بروشکانی;برویش کانی,colloquial,osm
ir-bu-in-e-olya,بوئین;بوین علیا;بوین بالا;بیان دره;بوئین بالا;بوئین علیا,colloquial,osm
ir-bukhlu,بخلو;بوخلو,colloquial,osm
ir-chuparv,چمپاراو,colloquial,osm
ir-dargah-e-soleyman,Dargah Soleyman,colloquial,osm
ir-darreh-vazan,دره وزان جدید,colloquial,osm
ir-degaga,دگاگاه;ده گاگه;ده آقا;دگاگا;Degagah,colloquial,osm
ir-do-sineh,دو سینه;دوسینه,colloquial,osm
ir-dulaguyer,دلگور;دلکور,colloquial,osm
ir-hajj-mamzan,حاجی ممدان;حجی محمد دان;حاجی محمدان,colloquial,osm
ir-hang-chineh,هنگ چینه;هنگچینه;گمگچین;هنگه چینه;گمگچینه,colloquial,osm
ir-harmidol,گرمدل;هرمیدول;هرمدل;گرمۀ دول;هرمه دول,colloquial,osm
ir-inchekeh,ینچکه,colloquial,osm
ir-kakeh-siab,کاکهسیاب,colloquial,osm
ir-kani-dazdan,رستمی,colloquial,osm
ir-kani-mamer,کنی مامر;خانی محمد;کانی مامر,colloquial,osm
ir-khan-e-amiran,خانه میران,colloquial,osm
ir-khusheh-darreh-2,وشه دره;خشه دره خر خره;خوشه دره,colloquial,osm
ir-kolahvel,کلاه دول,colloquial,osm
ir-kuh-e-qader-beyg-kukh-e-yunes,کوخ فقیه یونس,colloquial,osm
ir-mam-seyf-od-din,ممسودر;ممسوه دار;مام سفد دین;مام سیف الدین,colloquial,osm
ir-marqad,مرقد سورین,colloquial,osm
ir-meleh-qeshlaq,مله,colloquial,osm
ir-mishav-e-bozorg,میشاو سفلى;میشاب پائین,colloquial,osm
ir-nanor,پهلوی دژ;ننر;ننور,colloquial,osm
ir-oshtormel,اشتر مل;اشترمل,colloquial,osm
ir-qamishleh-2,قموشلان;قامیشله,colloquial,osm
ir-qareh-boqreh,قره بغره;قره بقره;قر بقر,colloquial,osm
ir-qoulaster,قول استر;قلستر;قول استیر;قولستر,colloquial,osm
ir-sartazen,کوخ سر تزین;سرتزین,colloquial,osm
ir-sefid-kamareh,سفید کره;سفید کمره,colloquial,osm
ir-seh-kuchkeh,سه کچکه,colloquial,osm
ir-semaqan,سماقان,colloquial,osm
ir-seyf,سف;دگاگاه;سیف,colloquial,osm
ir-shasheh,شش;سشه;ششه,colloquial,osm
ir-shilan-2,شیلان,colloquial,osm
ir-siabad,سیف آباد,colloquial,osm
ir-siatiar,سیاطیار;ساطیار,colloquial,osm
ir-siran-band,سرمبل;سیران بند,colloquial,osm
ir-sisarag,سیسارگ,colloquial,osm
ir-sur-ab,سوراب,colloquial,osm
ir-surehban,سورهبان,colloquial,osm
ir-suren,سورین,colloquial,osm
ir-suteh,سیف طاله;سال;ساله;سوته,colloquial,osm
ir-anjirebus,Anjirebus-e Bala;Anjirbajsi,colloquial,osm
ir-anjireh-ye-ban-avareh,Anjirebanvareh;Anjir Banavareh;Anjireban Avareh;Sarzal,colloquial,osm
ir-ayenehvand,A'inehvand,colloquial,osm
ir-ban-avareh,Banzardban Avareh;Banavareh,colloquial,osm
ir-banavajkuh,Banavachkah,colloquial,osm
ir-banavajkuh,بناوچکوه,spelling,osm
ir-bani-hu,Banihu,colloquial,osm
ir-bani-pariab,Bani Paria,colloquial,osm
ir-bayel,Bayer,colloquial,osm
ir-biashush,Beya Shush,colloquial,osm
ir-bilegi,Savar Bilegi;Lasavar,colloquial,osm
ir-bozmirabad,Bizmarabad;Bazmirabad;Bezmirabad;Bozmir Abad,colloquial,osm
ir-chahar-divar,Chahar Divar,colloquial,osm
ir-chalani-ye-sofla,Chilaneh-ye Bala;Chalaneh-ye Sofla,colloquial,osm
ir-chalani-ye-olya,Chalaneh-ye `Olya;Chilaneh-ye Bala,colloquial,osm
ir-cham-rud,Bakhimiri,colloquial,osm
ir-chenareh-ye-ali-mur,Chenareh-ye `Ali Madad,colloquial,osm
ir-cheshm-e-zereshk-esperi,Cham Zereshk-e Esperi;Marzeh Jar,colloquial,osm
ir-cheshmeh-godar,Cheshmeh Zeylan;Cham Begar,colloquial,osm
ir-cheshmeh-nezar-e-sofla,Sorkheh Tut;Chaman Zar-e Sofla,colloquial,osm
ir-cheshmeh-nezar-e-olya,Cheshmeh-ye Nazar Bala;Chaman Zar-e `Olya;Cheshmeh Nezar,colloquial,osm
ir-cheshmeh-sefid-4,Deh Sefid,colloquial,osm
ir-cheshmeh-sefid-5,Kani Chamrow,colloquial,osm
ir-choqamaran-e-bargur,Choqa Maru,colloquial,osm
ir-chubabad,Chugolabad,colloquial,osm
ir-dangi-ye-abbas,Dengi-ye `Abbas Dareh Zard,colloquial,osm
ir-dar-rash-e-sofla,Dar Larasht;Dareh Rash,colloquial,osm
ir-dar-e-alarad,Darlarad,colloquial,osm
ir-dar-e-nilehgar,Darnileh-ye Eskandar,colloquial,osm
ir-vani-sar,Vani Sar,colloquial,osm
ir-dasht-e-leyl,Dashti Leyl-e Hoseynabad,colloquial,osm
ir-davaleh,Davaleh Banmiri,colloquial,osm
ir-n3520076982,Maveh Zaran;Khosrow Basheh,colloquial,osm
ir-n3520076982,دواله پایین,spelling,osm
ir-deh-rash,Deh Rash-e Bazan,colloquial,osm
ir-deh-rash-e-nahrab,Deh Rash;Nahrab-e Deh Rash,colloquial,osm
ir-deh-tut-e-sofla,Dehtui;Deh Tut;Deh Tuveh;Dehtu-ye Pa'in,colloquial,osm
ir-deh-tut-e-olya,Deh Tut;Dehtu-ye `Olya;Dehtu-ye Bala,colloquial,osm
ir-deh-e-sheykh,Deh Sheykh,colloquial,osm
ir-fuladi-ye-sofla,Fuladi-ye Pa'in,colloquial,osm
ir-fuladi-ye-olya,Fuladi-ye Bala,colloquial,osm
ir-gardi-vazn,Gardivzan,colloquial,osm
ir-gavaleh-kalash,Govaleh;Kovileh;Gavileh;Kavileh;Guyaleh,colloquial,osm
ir-gerusheh-ye-sofla,Gerisheh-ye Sofla,colloquial,osm
ir-gonbad-ab,Gandab;Gunab,colloquial,osm
ir-gugerd,Mazra`eh-ye Gugerd,colloquial,osm
ir-haleh-siah,Nis Kajreh;Niskeh Jareh,colloquial,osm
ir-halugah,Heyuveh,colloquial,osm
ir-hashamar,Hashamar,colloquial,osm
ir-holul,Halul,colloquial,osm
ir-hoseynabad-18,Hoseynabad-e Nakhdeh,colloquial,osm
ir-howz-e-seyyed-morad,Howz-e Seyyed Morad;Deh-e Seyyed Morad,colloquial,osm
ir-howz-e-sheykh,Howz-e Sheykh-e Zemkan,colloquial,osm
ir-huleh-ye-sofla,Darreh Huleh;Deh Huleh-ye Sofla,colloquial,osm
ir-huleh-ye-olya,Deh Huleh-ye `Olya;Huleh,colloquial,osm
ir-jangeh-ye-olya,Jangaleh-ye `Olya;Jangeh,colloquial,osm
ir-n3520078147,Katkhuda Hasan;Kadkhoda Hasan;Kalkhuda Hasan,colloquial,osm
ir-kafreh-e-salman,Kafru Salman,colloquial,osm
ir-kalaf-siah,Kolah Siah,colloquial,osm
ir-kalash-tarkeh,Kelash Tarkar,colloquial,osm
ir-kalash-e-nahang,Nehang;Nahang,colloquial,osm
ir-kalun,Kalvin,colloquial,osm
ir-kani-danial,Kani Daniar,colloquial,osm
ir-n3520078162,Kani Gol-e Bala,colloquial,osm
ir-kani-gowhar,Kani Gowhar,colloquial,osm
ir-kani-rash-2,Kani Resh,colloquial,osm
ir-kani-ye-karim-darmaran,Kani Karim Yarvali,colloquial,osm
ir-kezi,Kezeh,colloquial,osm
ir-khanomabad,Pir Baba,colloquial,osm
ir-kheyl-e-baba,Kheyl Baba,colloquial,osm
ir-khoda-morovvat,Khodamoruti;Khodamorut,colloquial,osm
ir-khowrin,Khurneyn,colloquial,osm
ir-kona-gorg,Kona Gorgor;Kona Garyeh,colloquial,osm
ir-kuga-ye-olya,Kugah,colloquial,osm
ir-kuri,Guri,colloquial,osm
ir-melah-tut,Melahtut,colloquial,osm
ir-meydan-namak-e-sofla,Meydan Namak-e `Olya,colloquial,osm
ir-meydan-e-tafalli,Meydan Tofli,colloquial,osm
ir-mir-abdoli,Mir `Abdoli-ye Zarrin Choqa,colloquial,osm
ir-mir-ali-ye-darab,Mivali-ye `Olya;Mivali Shirkhan,colloquial,osm
ir-mir-ali-ye-mirkhan,Meyvoli;Mivali-ye Sofla;Mivali,colloquial,osm
ir-naqadeh-pa-in,Naqdeh-ye Sofla,colloquial,osm
ir-negareh,Tireh `Ali,colloquial,osm
ir-neyrazh-e-sofla,Beh Sheleh,colloquial,osm
ir-nimeh-kareh-2,Nesfeh Kar;Nimeh Kar,colloquial,osm
ir-labagh,Tazehabad-e Labagh,colloquial,osm
ir-laran-e-olya,Laran-e `Olya,colloquial,osm
ir-malachiyeh,Mollachiyeh,colloquial,osm
ir-mansur-e-aqa-i,شاهو,old,osm
ir-mansur-e-aqa-i,Mansurabad;Mansur Aqa'i,colloquial,osm
ir-mareh-miv,Mir Mireh,colloquial,osm
ir-marzelan-2,Marzelan-e Mohammad Morad,colloquial,osm
ir-talazem,طلسم شهباز,spelling,osm
ir-tamar-khan,Tamar Khani,colloquial,osm
ir-torkahpan,Torkapan,colloquial,osm
ir-ulibak,Owla Bak,colloquial,osm
ir-urazu,Tamar Khan;`Urazeh,colloquial,osm
ir-yari,Yareh,colloquial,osm
ir-zalan,Zeylan,colloquial,osm
ir-zamkani,Zamkan-e `Olya,colloquial,osm
ir-zolmeh-sur,Zalmeh Sur;Zolmeh Sur;Zalm Sur,colloquial,osm
ir-n3520078344,Ali Baig Sultan;`Ali Bag Soltan,colloquial,osm
ir-aliabad-24,`Aliabad-e Sasal;Sasal,colloquial,osm
ir-azizabad-e-lusheh,Benavch-e Lusheh;Sheyan;Shian,colloquial,osm
ir-posht-kar,Posht Gur-e Choqa Maran,colloquial,osm
ir-posht-tang-e-cheshmeh-qolijan,Cheshmeh Qolikhan,colloquial,osm
ir-posht-tang-e-shayengan,Posht Tang-e Shaygan,colloquial,osm
ir-posht-e-kalavehgar,Kelaveh-ye Gari,colloquial,osm
ir-poshtang-e-abdalan,Posht Tang-e Ab Dalan,colloquial,osm
ir-qal-eh-tut-e-sofla,Taleh Tut;Talah Tut;Taleh Tuh;Taleh Tu,colloquial,osm
ir-qal-eh-zanjir,Qal`eh Zanjir-e Sofla,colloquial,osm
ir-qal-eh-zanjir-2,Qal`eh Zanjir-e `Olya,colloquial,osm
ir-qalicheh,Qal`eh Chegeh;Qal`eh-ye Chegeh,colloquial,osm
ir-qeshlaq-3,Qishlaq;Qeshlag,colloquial,osm
ir-qolqoleh-4,Qolgoleh,colloquial,osm
ir-sar-tayyareh,Sar Tavireh;Sar Tayareh,colloquial,osm
ir-sarab-bas-e-seyyed-ali,Sarabas;Sarab Bas,colloquial,osm
ir-sarab-e-bard-zanjir,Sarab-e Bard Zanjir-e Sofla;Sarab-e Zanjir,colloquial,osm
ir-saravareh,سر آواره,colloquial,osm
ir-setapan,Sehtapan,colloquial,osm
ir-shahgodar-e-mohammad,Shah Gozar;Banavech,colloquial,osm
ir-sharak-e-tamarkhan,Ziarat-e Tamarkhan,colloquial,osm
ir-shayengan,Shayegan;Shingan;Shanigan,colloquial,osm
ir-shervenineh,Shervineh,colloquial,osm
ir-n3520078549,Siyanab,colloquial,osm
ir-sorkhdeh-e-fathabad,Sorkh Deh;Sorkheh Deh,colloquial,osm
ir-sorkheban-e-olya,Sorkhban,colloquial,osm
ir-akbarabad-11,Akrabad,colloquial,osm
ir-barfi-gushkarri,Jegarlu Gush Kanish;Jegarlu Gush Kariz,colloquial,osm
ir-barq-va-yaran,Bargbaran;Bargobaran,colloquial,osm
ir-baveysi-ye-godar,Bavisi,colloquial,osm
ir-bayani,Beyani;Bishgan;Bashgan,colloquial,osm
ir-berimvand,Berimavand;Bali;Barimvand,colloquial,osm
ir-bi-bayani,Bibiani;Bibeyani,colloquial,osm
ir-dar-zanganeh-ye-pa-in,Dar Zangeneh-ye Pa'in,colloquial,osm
ir-darband-e-zard,Darvand-e Zard,colloquial,osm
ir-darshiyeh,Dar Reshteh;Dar-e Reshteh,colloquial,osm
ir-dastak-e-sofla,Boneh Dastak,colloquial,osm
ir-dastak-e-olya,Dastak,colloquial,osm
ir-elyasi-ye-khalifeh-hoseyn,Elyas-e Khalifeh Hasan,colloquial,osm
ir-elyasi-ye-mahmud,Elyas-e Mahmud,colloquial,osm
ir-falkhanjak-e-olya,Qalkhanchak;Qul Khanchak,colloquial,osm
ir-garraveh-ye-yek,Garawa;Garaveh,colloquial,osm
ir-gav-khari-ye-bala,Emam Abbas,colloquial,osm
ir-gav-khari-ye-pa-in,Gavkhori-ye Pa'in,colloquial,osm
ir-gol-e-khatu,Gol Khater,colloquial,osm
ir-havan,Hovan;Huvan,colloquial,osm
ir-hedayat-2,Shahsavar;Basti Hidayat;Hedayat-e Shahsavar,colloquial,osm
ir-henidar-e-sofla,Hendu-ye Sofla,colloquial,osm
ir-henidar-e-olya,Henidar-e Mafrazeh,colloquial,osm
ir-jalalvand-e-sofla,Javalvand-e Sofla;Jalalvand-e Pa'in,colloquial,osm
ir-jalalvand-e-olya,Jalalvand,colloquial,osm
ir-jegarlu-aqa-barar,Jegarluye Aqa Barar;Jegarlu,colloquial,osm
ir-jub-betyar,Shanqa,colloquial,osm
ir-kal-davud,Gol-e Davud,colloquial,osm
ir-n3520229920,Qalantar;Ebrahim-e Kalantar,colloquial,osm
ir-kardeh-now,Gardanu,colloquial,osm
ir-karim-nilaki,Karim Lilaki,colloquial,osm
ir-kelineh,Kolineh,colloquial,osm
ir-khazal-karr-e-kahrak,Khezel Kori Kohrek;Khazel Kari-ye Kahrak;Khazal Kari Kahrak,colloquial,osm
ir-kileh-sefid-2,Kal-e Sefid;Qal`eh-ye Safid;Qal`eh Sefid;Qal'eh Safid;Kel-e Sefid,colloquial,osm
ir-kolarah-mirki,Kak Mirki,colloquial,osm
ir-ku-ik,Ku'ik-e Shekar,colloquial,osm
ir-kuyaki-ye-majid,Kuyaki Majid;Kuyeki-ye Majid,colloquial,osm
ir-kuyaki-ye-aziz,Ku'ik-e `Aziz,colloquial,osm
ir-maleh-rulan,Meleh Rulan,colloquial,osm
ir-mashganar,Meshkenar,colloquial,osm
ir-mian-mil,Meyan Mil;Mianmil,colloquial,osm
ir-mish-rangin-e-hajji-qader,Mish Rangin,colloquial,osm
ir-morad-khani,A'inehvand-e Moradkhani;A'inehvand,colloquial,osm
ir-na-lband-garji,Na`lband,colloquial,osm
ir-nasrabad-seyyed-hatam,Nasrabad Seyyed,colloquial,osm
ir-ney-pahn-e-abdollah,Pahn Abdollah;Saiyid Ahmad;Seyyed Ahmad;Nasrabad Seyyed Ahmad,colloquial,osm
ir-nowdiyeh,Nowdeh,colloquial,osm
ir-pespes,Paspas;Pas Pas,colloquial,osm
ir-pol-e-tut,Pal-e Tut;Dartut,colloquial,osm
ir-qal-eh-bhadri,Qal`eh Badri-ye Soltan Morad,colloquial,osm
ir-qal-eh-rashid-aqa,Rashid `Abbasi;Gali;Qal'eh Pes Pes;Guli,colloquial,osm
ir-qareh-bolagh-e-a-zam,Qarah Bolagh-e A`zam,colloquial,osm
ir-qareh-sani,Qareh Sini,colloquial,osm
ir-gheitek,Qeytak,colloquial,osm
ir-ravileh-ye-bala,Rovileh;Ravileh,colloquial,osm
ir-rezalak,`Ali Gerdeh;`Ali Gardeh,colloquial,osm
ir-rikhak-e-sofla,Haft Sahmi,colloquial,osm
ir-sar-qal-eh-ye-bala,Sar Qal`eh-ye Tazehabad;Sar Qal`eh;Sar Kal,colloquial,osm
ir-sarab-e-garm,Sarab Garm;Sarabgarm,colloquial,osm
ir-sarableh-2,Saravaleh,colloquial,osm
ir-seyyed-ahmad,Saiyid Ahmad;Nasrabad-e Seyyed Ahmad,colloquial,osm
ir-seyyed-sa-id,تپه قبرستان,colloquial,osm
ir-seyyed-sohrab,Seyyed Fotuh;Saiyid Fatu;Sayid Fata,colloquial,osm
ir-shirin-ab-e-ghazal-khanom,Shirin Ab,colloquial,osm
ir-tappeh-darkhan,تپه دارخان,spelling,osm
ir-tappeh-kalik,Tappeh-ye Kalik,colloquial,osm
ir-tappeh-maran,Tappeh-ye Maran,colloquial,osm
ir-tappeh-rash-2,Taqtaq;Kal-e Taktak,colloquial,osm
ir-tappeh-azimeh,Tappeh-ye `Azimeh,colloquial,osm
ir-tayeni,Tini,colloquial,osm
ir-tayesh,Ta'esheh Mahmud Nazari;Talesheh Mahmood Nazari;Tayesheh-Ye-Mahmud;Ta'esheh Mahmud,colloquial,osm
ir-tileh-kuh-e-bala,Tilekuh-e `Olya;Tilahkuh,colloquial,osm
ir-tu-khoshkeh,Tuvashkeh;Towoshkeh,colloquial,osm
ir-tut-khoshkeh,Tukhoshkeh;Toveh Khoshkeh,colloquial,osm
ir-zarrin-ju,Zarrin Jub;Zarrinju;Zarrin Jow;Zarkinju,colloquial,osm
ir-zarrin-ju-2,Qal`eh Pahn Bas;Zarrin Jub,colloquial,osm
ir-asgar-khani,Shahid Saduqi;`Asgar Khan,colloquial,osm
ir-a-ineh,A'ineh Vand;Aina,colloquial,osm
ir-amrabad,`Amrabad,colloquial,osm
ir-baba-jani-ye-abu-dajaneh,Baba Jani;Baba Jani-ye `Abd ol Mohammad,colloquial,osm
ir-baba-jani-ye-bala,Darabi;Darab Baba Jani,colloquial,osm
ir-baba-jeyran,Baba Heyran,colloquial,osm
ir-ban-bid,Banbil,colloquial,osm
ir-bansheleh,Banishellah;Banshala;Boncheleh,colloquial,osm
ir-baravand-e-barishah,Barishah-e Khuybar,colloquial,osm
ir-baravand-e-sofla,Barevand-e Sofla;Baravand-e Pa'in,colloquial,osm
ir-baravand-e-olya,Baravand;Baravand-e Bala;Barevand-e `Olya,colloquial,osm
ir-bavekeh-deh,Bavekeh,colloquial,osm
ir-belezin-e-sofla,Belehzin-e Sofla,colloquial,osm
ir-belezin-e-olya,Balazin-ye Bala,colloquial,osm
ir-bi-nahr-e-sofla,Binahr-e Sofla,colloquial,osm
ir-bi-nahr-e-olya,Binahr-e `Olya,colloquial,osm
ir-biameh,Bayameh,colloquial,osm
ir-biameh-ye-sofla,Beyameh-ye Sofla,colloquial,osm
ir-biameh-ye-olya,Biameh-ye Bala;Beyameh-ye `Olya,colloquial,osm
ir-bildad,Birda,colloquial,osm
ir-chalabeh-ye-shah-mohammad,Chalabeb-ye Shah Mohammad;Chalaveh,colloquial,osm
ir-chalaveh-ye-mavali-ye-najaf,Chalaveh,colloquial,osm
ir-dareh-rash,Darreh Rashid;Darreh-ye Rashid;Dar-e Rash;Dar Rash;Dareh Rashi,colloquial,osm
ir-dargeh,Darkeh,colloquial,osm
ir-darvit,Darvid,colloquial,osm
ir-deh-e-jami,Deh-i-Jami;Deh Jami;Dih-i-Jami,colloquial,osm
ir-deh-e-lotfi,Deh Lafteh,colloquial,osm
ir-derkah,Darkeh,colloquial,osm
ir-divkah-e-bibian,Deh `Abbas;Divgah-e Bibian,colloquial,osm
ir-dolangan-e-bala,Dolangan-e `Olya;Dulgan-e Bala,colloquial,osm
ir-dolangan-e-pa-in,Dulgan-e Pa'in;Dolangan-e Sofla,colloquial,osm
ir-dowlatabad-6,Daulatabad,colloquial,osm
ir-dushmian,Dush-e Mian,colloquial,osm
ir-garrab-e-sofla,Garab-e Sofla,colloquial,osm
ir-garrab-e-olya,Garab-e `Olya,colloquial,osm
ir-gel-sefid,Gala Safid;Gel Safid;Qala Safid,colloquial,osm
ir-gorgi-dar,Gorgidar,colloquial,osm
ir-n3520297345,Habib-e Reza Veus,colloquial,osm
ir-kah-sareh,Kasareh;Kalsara;Kasehrah;Kah Sara;Hajji Mirza Khan;Kasereh,colloquial,osm
ir-kanduleh,کەندولە  کندولە,colloquial,osm
ir-kaneh-har,Kanahar;Kandahar,colloquial,osm
ir-n3520297363,شبانکاره,spelling,osm
ir-quji-bashi,Quji Bashi,colloquial,osm
ir-n3520297367,کەندولە  کندولە بالا,colloquial,osm
ir-khorramabad-e-sofla,Khorram Abad;Khorramabad-e Pa'in;Khurramabad,colloquial,osm
ir-khorramabad-e-olya,Khorramabad-e Bala;Khurramabad,colloquial,osm
ir-kolah-mal,Kalah Mal,colloquial,osm
ir-kuh-hasanabad,کوه حسن آباد,colloquial,osm
ir-kuh-qal-eh-sefid,کوه قلعه سفید,colloquial,osm
ir-kuh-tappeh,کوه تپه,colloquial,osm
ir-kusehha,Kuseh Ha;Kuseh;Kusheh,colloquial,osm
ir-labani,Lemini,colloquial,osm
ir-lavasani,Hajji Shahbaz Khan,colloquial,osm
ir-n3520297632,Meramath;Mahki Mehrmat,colloquial,osm
ir-mahaki-naser,Mahki Mehranat,colloquial,osm
ir-pol-mahiyat,Pul Mahib;Pol Mahit;Mahaki Pul Mahi;Mahki Pol Mahi,colloquial,osm
ir-makhvoshin,Makhushin,colloquial,osm
ir-mamenan-e-olya,Mamenan-e Bala,colloquial,osm
ir-mian-kabud,Mian Kabud-e Qasem;Kuku;Kowkow,colloquial,osm
ir-mostafa-ahmadi,Mostafa;Tazehabad-e Ahmadi,colloquial,osm
ir-nahrabi,Nahravi;Narawi;Narabi;Nahr-e Abi,colloquial,osm
ir-palebid,Paleh Bid;Pal-e Bid,colloquial,osm
ir-panj-sotun,Darvand,colloquial,osm
ir-pataq,Pa-ye Taq;Pa yi Taq,colloquial,osm
ir-qal-eh-gelineh,Qal`eh Gellineh;Qal`eh-ye Galineh,colloquial,osm
ir-qal-eh-sefid-e-sofla,Qal`eh Sefid-e Pa'in,colloquial,osm
ir-qal-eh-sefid-e-olya,Qal`eh Sefid-e Qasem;Qal`a Shahin;Qal`eh Sefid;Qal`eh Sefid-e Qasen;Qal`eh Shahin;Qal`eh-ye Safid,colloquial,osm
ir-qal-eh-ye-farajollah-beyk,Farajollah Beyk,colloquial,osm
ir-qal-eh-ye-rashid-ol-saltaneh,Qal`eh-ye Rashid os Saltaneh,colloquial,osm
ir-qal-eh-ye-reza,Qal`a Ruza;Qal`eh Ruza;Qal`eh Reza,colloquial,osm
ir-qal-eh-ye-zakaria,Qal`eh-ye Zakariya,colloquial,osm
ir-qalancheh,Qalanjeh;Kalanchah,colloquial,osm
ir-qalayen,Qal`eh Yan;Kaleh Yan,colloquial,osm
ir-qol-qoleh-ye-reyjab,Qol Qoleh,colloquial,osm
ir-qurchi-bashi,Quchi Vashi;Qurji Bashi;Qushchi Bashi;Qushi Vashi;Quchwashi,colloquial,osm
ir-rafi-2,Qal`eh Rafi`,colloquial,osm
ir-rijab,Shahrak-e Rijab,colloquial,osm
ir-rizvand-e-najaf,Ridhwan;Rizehvand;Rizvand-e Bala;Rizavand;Rizehvand-e Najaf;Rezawand,colloquial,osm
ir-rizvand-e-ali-akbar,Rizehvand-e `Ali Akbar;Rizvand-e Pa'in,colloquial,osm
ir-rutehvand,Rutavan;Rutavand;Rutevan;Rutevand,colloquial,osm
ir-sarabian,Sarakian,colloquial,osm
ir-selehkan,Selekan,colloquial,osm
ir-shahrak-e-qalancheh,Shahrak-e Qalanjeh,colloquial,osm
ir-sheykh-hasan-2,Qal`eh Sefid-e Sheykh Hasan;Pa'in Qal`eh Sefid,colloquial,osm
ir-sheykh-hasan-3,Bivehnij;Shaikhan,colloquial,osm
ir-shireh-choqa,Shireh Cheqa,colloquial,osm
ir-n3520298800,Seyan,colloquial,osm
ir-sorkheh-dizeh,Surkhedizeh;Surkha Diz;Mian Tak;Sorkheh Diz;Sorkh Dizeh,colloquial,osm
ir-tang-e-esma-il,Esma`ilabad,colloquial,osm
ir-tark-e-veys,Tarkeh Veys;Tark Veys;Tork Veys,colloquial,osm
ir-tazehabad-e-banchia,Banchia-ye `Olya,colloquial,osm
ir-torgeh,Torkeh-ye Sofla,colloquial,osm
ir-veyleh,Veyleh-ye Yek,colloquial,osm
ir-zalu-ab-2,Zaluab,colloquial,osm
ir-zardeh,Zarde;Razdeh,colloquial,osm
ir-zardeh-ye-seyyed-mohammad,Seyyed Mohammad-e Zardeh,colloquial,osm
ir-zavoleh-ye-sofla,Zavaleh;Zavoleh;Zavoleh-ye Pa'in,colloquial,osm
ir-zengakeh,Dengakeh,colloquial,osm
ir-zhalegeh,Zhalekeh-ye Hoseyn,colloquial,osm
ir-abd-ol-karim-2,`Abd ol Karim-e Bares,colloquial,osm
ir-osman,Iman `Osman,colloquial,osm
ir-avzin,Owzin,colloquial,osm
ir-biabad-e-qoba-siah,Beyabad;Behabad-e Qobasiah,colloquial,osm
ir-biabad-e-saleh,Behabad-e Saleh;Behabad,colloquial,osm
ir-binehgerd,Bin-e Gerd;Bineh Gerd,colloquial,osm
ir-dul-zard-e-panj-ali,Dulzard-e Panj`ali,colloquial,osm
ir-gavmaghal,Gavmakhal;Gamqal,colloquial,osm
ir-galapey-dar-balut,Dar Balut;Shakmian,colloquial,osm
ir-geravian-e-sofla,Geraveyan-e Sofla;Geravian-e Pa'in,colloquial,osm
ir-geravian-e-olya,Garaviyan;Goravian-e Bala;Geravian;Geraviun-e `Olya,colloquial,osm
ir-gorazan-e-sofla,Gorazan-e Pa'in,colloquial,osm
ir-gur-sefid,Gurgan Gur Sefid;Gorgan Gur-e Sefid;Gorgan-e Gur Sefid;Garagan-e Gur-e Sefid;Garakan,colloquial,osm
ir-jub-dandaneh,گرگاه,colloquial,osm
ir-kalleh-jub,Kalleh Chub,colloquial,osm
ir-kolah-jub-e-sofla,Kolah Jub-e Sofla,colloquial,osm
ir-kolah-jub-e-aziz-bag,Kuleh Jub;Kolah Jub-e `Aziz Bag,colloquial,osm
ir-kolah-jub-e-olya,Kolah Jub-e Bala;Kaleh Jub-e `Olya;Kolah Ju `Olya;Kolah Jub-e Kiani,colloquial,osm
ir-marjan-gomar,Gomar;Marjan-e Gomar,colloquial,osm
ir-mian-rah-e-vizhnan,Mian Rah-e Vizhehnan,colloquial,osm
ir-mileh-mirab-e-sofla,Mir Mirab-e Sofla,colloquial,osm
ir-mirabeh,گرگه ای,colloquial,osm
ir-na-l-shekan-2,Na`leh Shekan Shotoran,colloquial,osm
ir-naft-shahr,Naft Khaneh;Naft-i-Shah;Naftshahr;Naft Kaneh;Naft-e Shah;Naft Shah,colloquial,osm
ir-sheykh-davud-e-arab,Gavmish Cheran;Sheykh Davod `Arab,colloquial,osm
ir-sheykh-sorkh-od-din-e-sofla,Sheykh Sharh ed Din,colloquial,osm
ir-sheykh-sorkh-od-din-e-olya,Sheykh Sorkh ed Din;Sheykh Seyr Ad Din,colloquial,osm
ir-siah-gol,Siahgel;Siyah Gol,colloquial,osm
ir-tarshikiban,Tarshekiban,colloquial,osm
ir-vargach-2,Vard Gach,colloquial,osm
ir-allah-morad,Allah Morad-e Golin,colloquial,osm
ir-anjavarud,Anjaverud;Anjauru;Anjaru,colloquial,osm
ir-bahram-vandi,Bahramvandi,colloquial,osm
ir-ban-meydan-e-sofla,Bamian `Abdollah;Banmeydan,colloquial,osm
ir-chaman-2,Chaman-e Golin,colloquial,osm
ir-n3521297368,Allah Yar;Chaman,colloquial,osm
ir-cheshmeh-murineh,Kolah Shak Mirza,colloquial,osm
ir-emamiyeh-ye-sofla,Sagan;Emamiyeh Sofla;Sagan-e Pa'in;Sagan-e Sofla',colloquial,osm
ir-emamiyeh-ye-olya,Emamiyeh;Sagan-e `Olya;Chogha Kadu;Sagan-e Bala,colloquial,osm
ir-ghashqeh,Qashqeh,colloquial,osm
ir-hazrat-e-soleyman,Hujrat Sulaiman;Hazrat-e Soleyman;Emamzadeh Soleyman,colloquial,osm
ir-hushyar-chelleh,Cheshmeh-Ye-Alishah;Cheleh-ye `Alishah;Hushyar Cheleh,colloquial,osm
ir-kal-kesh,Kalkosh Kaseh;Kal Kosh;Kalkesh;Kal Kush;Kalkash;Kal Kash,colloquial,osm
ir-kaseh-ye-geran,Kaseh Karan;Kasakran;Kaseh Garan,colloquial,osm
ir-kazem-khani-ye-sofla,Harbar,colloquial,osm
ir-kazem-khani-ye-olya,Kazem Khani,colloquial,osm
ir-kolah-deraz-e-javanmir,Kolah Deraz-e Javanmir-e Sofla;Uloyar,colloquial,osm
ir-kolah-deraz-e-olya,Kolah Deraz-e Dust Mohammad-e `Olya,colloquial,osm
ir-kulsavand,Koleh Savand;Kulsavand,colloquial,osm
ir-miandar-e-qurtak,Gurutag;Qorutak;Miandar-e Qortak,colloquial,osm
ir-mohammadi-ye-olya,Moshayyeh,colloquial,osm
ir-najjar-khan-jan,Khan Jan,colloquial,osm
ir-najjar-e-galin,Najjar;Golin Najjar;Galin Najjar;Najjar Galin,colloquial,osm
ir-nian,Nianqilan,colloquial,osm
ir-pavan-makr,Bavon Makr,colloquial,osm
ir-posht-samavat,Cheshmeh Samavat;Mashhadi Qasem-e Samavat,colloquial,osm
ir-qeytul,Qeytur,colloquial,osm
ir-sha-eran,Sha`eran-e Cheleh,colloquial,osm
ir-sharafabad,Sharafshah;Shahr-e Fashah,colloquial,osm
ir-shirabad-6,Shirabad-e Bati,colloquial,osm
ir-shirzadi,Karkushk-e Shirzadi;Taqi Shirzadi,colloquial,osm
ir-sukhvor-gahzad,Sukhur-e Kohzad,colloquial,osm
ir-sukhvor-gol-mohammadi,Sukhur-e `Ali Mohammad-e Gol Mohammadi;Sukhar-e Mohammadi,colloquial,osm
ir-sukhvor-morovvati,Sukhur-e Morovvati,colloquial,osm
ir-sukhvor-namdar-mirzapur,Sukhur-e Namdar-e Mirzapur,colloquial,osm
ir-sukhvor-namdar-abdi,Sukhur-e `Abdi;Sukhur-e Namdar-e `Ebadi;Sukhur-e Namdar-e Elahi;Sukhar-e Namdar,colloquial,osm
ir-sukhvor-rashid-e-sofla,Sukhur-e Rashid-e Sofla,colloquial,osm
ir-sukhvor-rashid-e-olya,Sukhur-e Rashid-e `Olya (2),colloquial,osm
ir-sukhvor-shahbaz-najafi,Sukhur-e Shahbaz-e Najafi,colloquial,osm
ir-sukhvor-shahbaz-shiri,Sukhur-e Shahbaz-e Shiri-ye Sofla,colloquial,osm
ir-sukhvor-shahbaz,Sukhar-e Khan Jan,colloquial,osm
ir-taqi,حلاج,colloquial,osm
ir-tazehabad-heydar-beygi,Tazehabad-e Heydarbeygi;Tazehabad;Tazehabad-e Seyd`ali,colloquial,osm
ir-abd-ol-aziz,`Abdollah `Aziz-e Cheleh;`Abd ol `Aziz-e Cheleh,colloquial,osm
ir-anjirak,Jowzeh-ye Anjirak,colloquial,osm
ir-badreh-i,Badra'i;Badrah'i,colloquial,osm
ir-bahram-beg,Bahram Bayg,colloquial,osm
ir-baqeri,Seyyed Ayazi;Seyd Ayaz-e Baqeri;Baqeri `Olya,colloquial,osm
ir-baskeleh-ye-dar-anbar,Dar Anbar,colloquial,osm
ir-beyg-reza-i,Seyed Ayaz-e Beyg Reza'i,colloquial,osm
ir-chalav-e-bekr,Chalab-e Bekreh;Chaleh Bekar,colloquial,osm
ir-chalu-karim,چالاب کریم,colloquial,osm
ir-cheshmeh-khiz-e-zavareh-kuh,Cheshmeh Kheyr,colloquial,osm
ir-cheshmeh-nezami,Zargush-e Cheshmeh Nezami,colloquial,osm
ir-cheshmeh-sangin,Rutvand-e Ardeshir;Cheshmeh-ye Sangi-ye Rutvand,colloquial,osm
ir-cheshmeh-ye-sefid-e-ardeshiri,Cheshmeh Sefid-e Ardeshiri,colloquial,osm
ir-choqazard,Choqazard-e Chupankareh,colloquial,osm
ir-dar-badam-e-sofla,Ahmad Koshteh-ye Darbadam,colloquial,osm
ir-dar-badam-e-olya,Dar Badam,colloquial,osm
ir-darakhshandeh,Galuzya;Derakhshandeh Galuzi;Galuzi Pasha;Galuzeya;Goluzia,colloquial,osm
ir-darrehkeh,Darakeh;Dargah;Darreh Gah,colloquial,osm
ir-dartang,میله گه باباخانی,colloquial,osm
ir-darvish-silgeh,Darvisia,colloquial,osm
ir-dowlatabad-7,Tajar Dowlatabad,colloquial,osm
ir-emam-hasan-e-bala,Emam Hassan-e Bala;Imam Hasan;Iman Hassan;Emam Hasan-e `Olya;Emam Hasan,colloquial,osm
ir-emam-hassan-e-pa-in,Emam Hasan-e Vasati;Emam Hasan;Emam Hasan-e Sofla;Imam Hassan;Imam Hasan,colloquial,osm
ir-emam-qoli,Emamqoli Direh;Emamqoli,colloquial,osm
ir-galuzi-ye-davud-koleh-hayat,Darabi;Darrabi,colloquial,osm
ir-garmab-e-azadeh,Garmab-e Mohammad Rezavandi,colloquial,osm
ir-gav-sur,Gav-e Sorkh;Gav Sorkh;Gausurkh,colloquial,osm
ir-sarmast-2,Kani Goawor;Kani Goawin;Govavar;Sarmast-e Govaver;Gowhar,colloquial,osm
ir-hukani-ye-sofla,هوکنئ سبزه;هوکانی;هوکانئ سبزه سفلى;هوکنئ سفلى,colloquial,osm
ir-hukani-ye-olya,Hukani;Hawa Kani;Hukani-ye Sabzeh `Olya,colloquial,osm
ir-jaf-bar-e-simin,Jaf Barsimin;Jafbar-e Simin;Jaf Bareh Samin-e `Olya;Jafail;Jafbareh-ye Simin;Jaf,colloquial,osm
ir-jahanshah,Haft Cheshmeh-ye Jahanshah,colloquial,osm
ir-jub-baghan-e-sofla,Baraftab,colloquial,osm
ir-kani-kabud-e-rutvand,Rutvand-e Ardeshir;Cheshmeh Kabud-e Rutvand,colloquial,osm
ir-karkul,Korkul;Karkul-e Kasan,colloquial,osm
ir-khosrowabad-3,Khusrauabad,colloquial,osm
ir-kukab,Kukav,colloquial,osm
ir-lorini,Lorini-ye Ajudani,colloquial,osm
ir-mian-rud,Varmazyar;Mian Rud-e `Olya,colloquial,osm
ir-milgeh-e-seyfollah,میله گه سفلی بابایی,colloquial,osm
ir-mir-mingeh-ye-olya,Mir Mireh-ye `Olya;Mir Mangan-e `Olya;Mir Mireh,colloquial,osm
ir-mishkeleh,Mushkeleh-ye Tarazu,colloquial,osm
ir-mumeh-i,Dachia;Dowcheqa `Aziz;Duchia;Do Chia;Do Cheqa `Aziz;Do Cheqa;Mow'meni;Mowm'i,colloquial,osm
ir-namdar-2,میله گه نامدار,colloquial,osm
ir-nesar-direh,Nesar;Nesareh Direh;Dehra,colloquial,osm
ir-pirgeh-bar-e-simin,Pirgeh-ye Bareh Simin,colloquial,osm
ir-posht-tang-e-kurak,Poshteh Kurak,colloquial,osm
ir-qalarmen,Qal`eh Remen,colloquial,osm
ir-qareh-sadaf,Gar Sadaf,colloquial,osm
ir-qasemabad-7,Qasemaban,colloquial,osm
ir-rubian-e-bozorg,Ru'iban-e Bozorg;Heydariyeh Bozorg;Cham-e Emam Hasan,colloquial,osm
ir-rubian-e-kuchak,Heydariyeh Kuchak;Ru'iban-e Kuchak,colloquial,osm
ir-sang-dar-meydan-e-olya,سنگ در میدان علیا,spelling,osm
ir-sangchin-e-saleh,Sang Chin Saleh,colloquial,osm
ir-sarab-e-qanbar-e-farahani,Sarab-e Qanbar;Bapir Sarab Qanbar;Sarab-e Qanbar-e Bapir,colloquial,osm
ir-sarcheleh-varegah-e-sofla,وارگه,colloquial,osm
ir-sarcheleh-varegah-e-olya,سر چله;وارگه,colloquial,osm
ir-sarkatan,Sartanan Gilan,colloquial,osm
ir-sayyadan,لانه چیا,colloquial,osm
ir-seyyed-ayaz-e-sofla,سید ایاز,colloquial,osm
ir-seyyed-mohammadi-va-ramezani,Seyd Ayaz-e Seyd Mohammadi-ye Ramezani,colloquial,osm
ir-shahid-davud-hadian,Sarab Qanbar;Sarab Qanbar-e Shahid Hadian,colloquial,osm
ir-shahmar-e-direh,Shahmar,colloquial,osm
ir-shahrak-e-direh,Shahre;Shahrak,colloquial,osm
ir-shelin,Sheli;Shelin Direh,colloquial,osm
ir-sheykheh,Sia Sia;Sia Sia-ye Sheykheh;Siah Siah-ye Sheykheh;Siahsia,colloquial,osm
ir-shirazi,Seyd Ayaz-e Shirzadi,colloquial,osm
ir-shisheh-rah,Shesh Rah,colloquial,osm
ir-siah-gol-2,Seyahgol,colloquial,osm
ir-siah-khur,Siah Khor;Siah Khwar;Siah Khvor;Suvar Khar;Seyah Khowr,colloquial,osm
ir-tajjar-akbar-e-mush-kosh,Mush Kosh,colloquial,osm
ir-tarazak-kasan,تنگ ترازک,colloquial,osm
ir-tarazak-e-abdollah,Tarazi-ye `Abd ol `Aziz,colloquial,osm
ir-tazehabad-13,Tazehabad-e Kukav,colloquial,osm
ir-turan-shahr,Turan Shah,colloquial,osm
ir-yapir,باپیر,colloquial,osm
ir-zhamarg,Zhav Marg-e Nav Khas,colloquial,osm
ir-alirezavandi,Seyd Ayaz-e `Alireza Vandi,colloquial,osm
ir-garus-e-sofla,گروس پائین;گروس سفلى;گروس,colloquial,osm
ir-gavdaneh-khowr,Gavdaneh Khvar,colloquial,osm
ir-gura-jub-e-morad-beyg,Guraju Morad Bak,colloquial,osm
ir-gura-jub-e-qeshlaq,Guraju Qeshlaq,colloquial,osm
ir-havehru,Huaru;Huharu;Huvaru;Hirud;Huru;Huvehru,colloquial,osm
ir-naqareh-kub,Neqareh Kub;Naraman,colloquial,osm
ir-sar-choqa-karand,Sar Cheqeh;Sar Cheqa,colloquial,osm
ir-sarmil,Shirinabad;Sar-i-Mil;Sar-e Mil-e Sofla;Sar-e Mil,colloquial,osm
ir-sefr-shah,Guraju Safar Shah;Kurab Safar Shah;Safar Shah,colloquial,osm
ir-tut-shami,Tut Shahi,colloquial,osm
ir-zeyd-ali,Zeydari;Gura Jub-e Riz`ali,colloquial,osm
ir-a-ineh-jub,A'inehjub,colloquial,osm
ir-ab-barik-e-sofla-2,Ab Barik-e Sofla,colloquial,osm
ir-agah-e-olya,Aqa;Agha;Agah;Agah-e Bala;Agah Kolya'i,colloquial,osm
ir-almadin,علمدین;هلمن,colloquial,osm
ir-amir-ol-omara,میر مران,colloquial,osm
ir-asiab-jub-e-amjadi,Asiab Jub,colloquial,osm
ir-azanlah,Aranlah,colloquial,osm
ir-bavaleh,Bawali;Bavaleh-ye Fa`leh Kori,colloquial,osm
ir-beryeh-khani,Berya Khani;Buriakhani;Burya Khani;Beryah Khani,colloquial,osm
ir-chaghdar,Chafdar,colloquial,osm
ir-changareh,Chongorreh;Changareh Fa'leh Gari;Chengoreh;Chongoreh;Chongorah;Chahgareh;Chahkareh,colloquial,osm
ir-charmaleh-ye-pa-in,Chalmaleh Pain;Charmaleh;Charmaleh-ye Sofla;Chalmala Pain,colloquial,osm
ir-charmaleh-ye-olya,چرملۀ بالا,colloquial,osm
ir-cheshmeh-sefid-8,Chashmeh Safid;Cheshmeh Sefid Rutvand,colloquial,osm
ir-choqaku-chakaneh,Choqa Gachgineh,colloquial,osm
ir-choqerchah,Choqerchah,colloquial,osm
ir-chowgan,Chowgan-e Fa`leh Kori;Chauga;Chaugen,colloquial,osm
ir-darreh-vazam,Darreh Vezem;Taqruzum;Darreh Vezm;Takruzom,colloquial,osm
ir-deh-khodadad,Khel Khvah;Khel Khawah;Deh-e Khoda Dad,colloquial,osm
ir-deh-e-sheykh-2,Deh Sheykh,colloquial,osm
ir-deh-e-abbas,Da Abbas;Deh `Abbas,colloquial,osm
ir-eslamiyeh-3,گور یهود,old,osm
ir-gahvareh,Gavara;Gawareh,colloquial,osm
ir-gerdakaneh-ye-sofla,Girdehkani Pain;Gerdkani-ye Pa'in;Gerdeh Kani-ye Pa'in;Gerdeh Kaneh-ye Sofla;Gerdkani-ye Sofla;Gerda Kaneh-ye Pa'in,colloquial,osm
ir-gerdakaneh-ye-olya,Girdehkani Bala;Gerdkani-ye `Olya;Gerdeh Kani-ye Bala;Gerdkani-ye Bala,colloquial,osm
ir-goleh-sorkheh,Gol Sorkheh;Qal`eh Surkeh;Gel Sorkheh;Gelah Sorkheh;Qal`eh-ye Sorkheh;Gel-e Sorkheh,colloquial,osm
ir-gorgin-dar,Gur-e Qar;Gur-i-Ghar;Gorgin Darreh,colloquial,osm
ir-gorji-bayan,Gorji;Ghurji Bayan;Ghurji,colloquial,osm
ir-guyjeh,Gujja;Gowjeh;Govijeh,colloquial,osm
ir-haft-ashian,Hafteh Shian;Haftasan;Haft Shian,colloquial,osm
ir-halateh,Halateh,colloquial,osm
ir-hasanabad-15,Hasanabad-e Qal`ehjuq,colloquial,osm
ir-hasanabad-16,Hasanabad-e Amjadi;Hasanabad-e Govijeh,colloquial,osm
ir-hezar-khani-ye-olya,هزار خانئ علیا;هزار خانئ بالا;هزار خانی;هزرخم بل;حزار خانئ علیا,colloquial,osm
ir-hoseynabad-20,Hoseynabad-e Amjadi;Husainabad,colloquial,osm
ir-hoseynabad-e-deh-boneh,Husainabad;Deh Boneh;Hoseynabad,colloquial,osm
ir-jan-ali,جانعلی,colloquial,osm
ir-jub-kabud-e-bala,Jow Kabud-e Bala;Jubkabud-e `Olya;Jub Kabud;Joob Kaboode Olya,colloquial,osm
ir-jub-kabud-e-pa-in,Joob Kaboode Sofla;Jow Kabud-e Pa'in;Jub Kabud-e Sofla,colloquial,osm
ir-jub-e-farmanfarma,Asiab Jub-e Farmanfarma,colloquial,osm
ir-kalegah-e-zaman,Kalgah-e Zaman;Kalgah;Kalgeh,colloquial,osm
ir-khalifeh,Khalifa,colloquial,osm
ir-khan-jamal-e-panahi,Khanjamal-e Panahi,colloquial,osm
ir-khan-jamal-e-zamani,Khanjamal-e Zamani,colloquial,osm
ir-khazal,Deh-e Khazal,colloquial,osm
ir-khosrowabad-4,Khusruabad;Khosrowabad-e Fa`leh Kori,colloquial,osm
ir-khvoshyar,Khowshyar,colloquial,osm
ir-kisaleh-2,Kesleh;Qishlaq;Kisaleh,colloquial,osm
ir-kol-kol,Gol Gol;Kulkul,colloquial,osm
ir-kola-pa,Kolah Pa,colloquial,osm
ir-meydan-5,Mayana,colloquial,osm
ir-meykhowran-e-sadat,Meykhowran-e Bala;Meykhvaran-e Sadat,colloquial,osm
ir-meykhvaran-e-mohammad-sadeq,Meykhvaran-e Pa'in;Meykhowran-e Pa'in;Meykhowran-e Mohammad Sadeq;Maykhuran Pain;Mae Khuran,colloquial,osm
ir-meykhvoran-e-farman-farma,میخوران فرمانفرما;پیر میخواران پیر علی خان;میخواران فرمانفرما;میخواران پیر علی خان;مخران,colloquial,osm
ir-mian-tang-2,Nav Tang;Naotang;Nutang;Miyan-i- Tang;Meyan Tang,colloquial,osm
ir-nurabad-e-bavaleh,Nurabad,colloquial,osm
ir-qal-eh-jabre-il,Qal`eh-ye Jabra'il;Deh Bala;Deh Zhura;Deh-i-Jurail,colloquial,osm
ir-rig-jub,Rigjub,colloquial,osm
ir-saman-ban,Saman Band;Samanban;Saman Baneh,colloquial,osm
ir-sar-darreh-ye-qobadi,Sar Darreh;Sardareh,colloquial,osm
ir-sarab-e-qal-eh-shahin,Sarab-e Qal`eh-ye Shahin;Sarab-e Abuzar,colloquial,osm
ir-sarab-e-surenabad,Sarab-e Surenabad,colloquial,osm
ir-sayeh-kur-e-sofla,Sayeh Kur-e Pa'in;Sayeh Gor-e Pa'in;Sadeh Kor-e Sofla;Saikur;Sayehkor-e Sofla;Sayeh Kor-e Sofla;Sayeh Kor-e Pa'in,colloquial,osm
ir-sayeh-kur-e-olya,Sayeh Kur-e Bala;Sadeh Kor-e `Olya;Saikur;Sayehkor-e `Olya;Sayeh Kor-e `Olya;Sayehkor-e Bala;Sayeh Gor-e Bala,colloquial,osm
ir-bashirabad,Bashirabad,colloquial,osm
ir-soleyman-shah,Deh Soleyman;سلیمانشاه,colloquial,osm
ir-surenabad,Sornabad;Sowrnabad;Suranabad,colloquial,osm
ir-tazehabad-e-karsavan,Tazehabad,colloquial,osm
ir-var-gonbad,Shahid Hayati,colloquial,osm
ir-varmaghan,Warmaqan;Varmakan;Varmaqan;Vazmakan,colloquial,osm
ir-yusofjerd-e-fe-leh-gary,Yusofjerd,colloquial,osm
ir-zakhan-e-bala,Zaghan-e `Olya;Zaghan-e Bala,colloquial,osm
ir-ali-bolaghi-2,`Ali Bolagh,colloquial,osm
ir-kolasah-2,سراب کوله سه,colloquial,osm
ir-amirabadkhan-e-mansuri,امیرآبادخان منصور,colloquial,osm
ir-anarak-e-avval,انارک,colloquial,osm
ir-anarak-e-sevvom,انارک سفلی;انارک,colloquial,osm
ir-ashbakh,بگ وند;بگوند,colloquial,osm
ir-bandarabad-e-sofla,بایندرسفلی,colloquial,osm
ir-bandarabad-e-olya,بایندر علیا,colloquial,osm
ir-baqrambek,Bagh-e Karambeyg,colloquial,osm
ir-bardarmian,بره گینه قاسم خانی,colloquial,osm
ir-baskeleh-ye-burim,Baskeleh;Boruvim Baskeleh-ye Amin;Baskeleh-ye Boruvim,colloquial,osm
ir-bayevand,برا بلوجستان,colloquial,osm
ir-bijak-tappeh,بیشک تپه,colloquial,osm
ir-cham-nuzdeh-ye-olya,Cham Nuzdeh,colloquial,osm
ir-chenar-e-sofla-2,چشمه کبود چنار,colloquial,osm
ir-chenar-e-olya,چنار وسطی;چنار سفلی,colloquial,osm
ir-cheshmeh-gach,کمره,colloquial,osm
ir-cheshmeh-kabud-e-olya,Cheshmeh Kabud-e Bala,colloquial,osm
ir-cheshmeh-sefid-10,Baskeleh-ye Cheshmeh Sefid,colloquial,osm
ir-cheshmeh-sorkh-2,چشمه سرخ قبر بابا,colloquial,osm
ir-cheshmeh-sorkh-3,کنی سور,colloquial,osm
ir-cheshmeh-velgeh,Cheshmeh-ye Velagah,colloquial,osm
ir-darbid-e-mansuri,داربید,colloquial,osm
ir-darreh-badam,دره بادام علیا,colloquial,osm
ir-davar-dar-mian,Davar Dar Mian;Davar Bamian,colloquial,osm
ir-deh-abbasian,Deh `Abbas,colloquial,osm
ir-deh-e-musa,ده موسی سفلی;ده موسی علیا,colloquial,osm
ir-divan,دیوند,colloquial,osm
ir-dul-ma-sum,Dul-e Ma`sum,colloquial,osm
ir-galianeh-ye-ali-baqer,گلیانۀ علی باقر;گلیانه;کلیانه علی باقر,colloquial,osm
ir-garavand,گروند,colloquial,osm
ir-garvani,Garuni;Gav Ravani;Gaurawani,colloquial,osm
ir-gavmareh,گامره,colloquial,osm
ir-gedar,گیه در,colloquial,osm
ir-gerda-kandar,گرده کاندار,colloquial,osm
ir-godar-pir-e-olya,گدارپی علیا,colloquial,osm
ir-gol-jiran,گلجیران سفلی,colloquial,osm
ir-golestan-9,Golsan,colloquial,osm
ir-gorgavand,گرگابان,colloquial,osm
ir-goveni,Gavani;Gabani,colloquial,osm
ir-kal-kushk,Kalkushak,colloquial,osm
ir-kalag,Kalok;Kalgol,colloquial,osm
ir-kalek,Kalek-e Sofla;Kalek-e `Olya,colloquial,osm
ir-kalkalin,کله کن زنگی,colloquial,osm
ir-karian,Sarab-e Karian;Karayan;Kareyan,colloquial,osm
ir-khomartaj,Khomartash,colloquial,osm
ir-khub-yaran,خوب یاران علیا,colloquial,osm
ir-kuleh-sang,کوله سه,colloquial,osm
ir-kureh-jub,Koreh Jub,colloquial,osm
ir-malek-hasan,یاری خان وسطی,colloquial,osm
ir-markhvor,Markhor,colloquial,osm
ir-masgareh,Qal`eh Mashkara,colloquial,osm
ir-mast-ali,مست علی,colloquial,osm
ir-menderek,Mandrak;Manderek,colloquial,osm
ir-mian-choqa,Mian Chaqa;Miyan Cheqa,colloquial,osm
ir-mian-saravan,میانسروان,colloquial,osm
ir-mileh-sorkh-e-sofla,Meleh Sorkh,colloquial,osm
ir-mileh-sorkh-e-olya,قابقوئی,colloquial,osm
ir-muli,مولو,colloquial,osm
ir-namdar-4,کلولابان,colloquial,osm
ir-nuzar,Nuraz,colloquial,osm
ir-pey-koleh,پی کلا,colloquial,osm
ir-polkaneh,قمره وند,colloquial,osm
ir-porgoli-ye-olya,Palkuli,colloquial,osm
ir-qabr-baba,شاه ولی;قیر بابا شاه ولی,colloquial,osm
ir-qader-mazd,Qadir Maz;Qader Marz;Qader Maz,colloquial,osm
ir-qal-eh-ye-hajjiabad,Hajji Mohammad,colloquial,osm
ir-qanbar,خوب یاران سفلی,colloquial,osm
ir-qolaji,Qollaji;Kalaji,colloquial,osm
ir-rutavand,روتاوند هرسم,colloquial,osm
ir-sakukolaseh,کوله سه,colloquial,osm
ir-salatin,خرنبان,colloquial,osm
ir-sameleh-ye-sofla,سامله;ساملۀ سفلى,colloquial,osm
ir-sar-jub,Sar Jub-e Sofla;Sarju Jalalwand;Sar Jub-e Jalavand;Sar Jub-e `Olya,colloquial,osm
ir-sara-ilan-sar-qal-eh,سرایلان سر قلعه,colloquial,osm
ir-sarab-karian,پشت سراب,colloquial,osm
ir-sarbekuh,Sorbakuh,colloquial,osm
ir-sarjub-e-osmanvand,قلعه سر جوب,colloquial,osm
ir-sarjub-e-sofla,سر جوب,colloquial,osm
ir-sartuh-e-gholam,Barto Milehgah-e Gholam,colloquial,osm
ir-seh-chekan,مله شاهی,colloquial,osm
ir-seja,سه جا,colloquial,osm
ir-seydal-e-pa-in,گلجیران علیا,colloquial,osm
ir-shaqol-e-bahar-ab,شاخل بهار آب,colloquial,osm
ir-sheykh-jabr-il,Sheykh Jarva'il;Chekan-e Mansuri;Shaikh Jarwail,colloquial,osm
ir-siah-peleh,چالگه,colloquial,osm
ir-siah-peleh-ye-olya,Siah Peleh-ye `Olya,spelling,osm
ir-sir-kaneh,سلاطین,colloquial,osm
ir-sureh-darreh,نامدار,colloquial,osm
ir-talal,Jalal,colloquial,osm
ir-tavilehgah-e-sofla,Tavileh-ye Sofla;Tavileh-ye Gav,colloquial,osm
ir-tavilehgah-e-olya,Tavileh-ye `Olya,colloquial,osm
ir-taviran-e-olya,Taviran,colloquial,osm
ir-tazehabad-14,Tazehabad-e Siah Peleh,colloquial,osm
ir-tazehabad-e-masgareh,مسگره تازه آباد,colloquial,osm
ir-toveh-khoshkeh-jalalvand,توه خشکه,colloquial,osm
ir-turu-ileh,Tuhru'ileh-ye `Olya,colloquial,osm
ir-vineh-ye-baharan,بهاران,colloquial,osm
ir-yarijan-e-sofla,یاری خان سفلی,colloquial,osm
ir-yarijan-e-olya,یاری خان علیا,colloquial,osm
ir-za-faran-e-sofla,سیدما,colloquial,osm
ir-za-faran-e-olya,زعفران,colloquial,osm
ir-zabtakin,Zabtakin,colloquial,osm
ir-zard-sheykh-hasan,زرد,colloquial,osm
ir-zarud,زرور,colloquial,osm
ir-zeynalan-e-sofla-2,Zeynlan,colloquial,osm
ir-zeynalan-e-olya,Zeynlan,colloquial,osm
ir-baqerabad-e-dizgaran,Baqerabad,colloquial,osm
ir-barikeh-ye-nezam,Barikeh-ye `Olya;Barikeh-ye Bala;Qal`eh-ye Aqa Nezam;Barikeh-ye Nezam-e `Olya;Qal`eh Agha Nizam,colloquial,osm
ir-barikeh-ye-sadeqi,Sheykh Sadeq;Barikeh-ye Sofla;Barikeh-ye Pa'in;Barikey-ye Sadeqi-ye Sofla;Barikeh-ye Sadeq;Qal`a Shaikh Sadiq,colloquial,osm
ir-bazegeh,Bazgeh,colloquial,osm
ir-chahar-meleh-ye-akbar,چار مله اکبر,colloquial,osm
ir-chahar-meleh-ye-arab,Chahar Meleh-ye Pa'in;Chahar Meleh-ye Sofla,colloquial,osm
ir-gordi,گردی دیزگران,colloquial,osm
ir-kaleh-zard,هاشم خان,colloquial,osm
ir-kamalgir,کمال گیر,colloquial,osm
ir-kandhar,Kandahar;Gandehar;Kanhar;Kand-e Har,colloquial,osm
ir-manavvari-dizgaran,منوری,colloquial,osm
ir-meleh-hay-ye-dizgaran,مله هار دیزگران,colloquial,osm
ir-mow-mena-i,Mumena'i,colloquial,osm
ir-qal-eh-harasam,Qal`eh-ye Harasam;Harasam,colloquial,osm
ir-qal-eh-tork-e-olya,قلعۀ ترک,colloquial,osm
ir-quchi-ye-namdar,قو چمی نامدار,colloquial,osm
ir-ribalag-e-sofla,ریبلک سفلی,colloquial,osm
ir-ribalag-e-olya,ریبلک علیا,colloquial,osm
ir-sarab-e-harasam,Sarab-e Harasm,colloquial,osm
ir-tulabi-harasam,طولابی,colloquial,osm
ir-visgeh,Visegeh;Visekeh;Veysekeh,colloquial,osm
ir-aliabad-26,Qal'a Aliabad;Dizgeran;Dizgaran;Qal`eh `Aliabad,colloquial,osm
ir-ahlashi,Halashi,colloquial,osm
ir-ahlashi,اهلشی,spelling,osm
ir-bagh-e-tiqun,Bakh Tukhen;Baghtiqun;Bagh-e Tighan;Bagh-e Tukhan;Bagh-e Tifun;Bagh-i-Taighan,colloquial,osm
ir-beyglari,Bagh-e Beyglari,colloquial,osm
ir-dilanchi,Dilanchi-ye `Olya,colloquial,osm
ir-doborji,Sefid Do Borji,colloquial,osm
ir-firuzabad-9,Firuzabad-e Pacheqa;Firuzabad Pachoqa,colloquial,osm
ir-kalam-kabud-e-sofla,Golam Kabud-e Sofla,colloquial,osm
ir-kalam-kabud-e-olya,Golam Kabud-e `Olya,colloquial,osm
ir-kazhak,Kazhuk,colloquial,osm
ir-kureh-ye-khosravi,Kureh Khosrow,colloquial,osm
ir-sar-tappeh,Sar Tappeh-ye Zanganeh,colloquial,osm
ir-sarab-e-sar-firuzabad,Sar-i-Ab-i-Firuzabad;Sar-e Firuzabad;Sarab-e Sofla;Sarab;Sarab-e Firuzabad,colloquial,osm
ir-sarv-e-nav-e-sofla,سروناو سفلی,colloquial,osm
ir-sarv-e-nav-e-olya,سروناو علیا,colloquial,osm
ir-tahaneh-ye-vosta,Tahaneh-ye Vosta,colloquial,osm
ir-anjirak-3,Anjiri,colloquial,osm
ir-baba-jan,Baba Jan-e Zarrabi,colloquial,osm
ir-badreh-gerd-e-salimi,بدرگرد سلیمی,colloquial,osm
ir-badreh-gerd-e-salimi-2,تازه آباد بدر گرد;تازه آباد,colloquial,osm
ir-bandarabad,خانه پگاه,spelling,osm
ir-bankanjab,Banganjao;Ban Ganjab;Ganjab,colloquial,osm
ir-banlarini,Banlirni,colloquial,osm
ir-baqerabad-e-olya,Baqerabad-e Sofla,colloquial,osm
ir-beygzadeh,سیاسیا بیگ زاده,colloquial,osm
ir-bidgol-2,Bid Gol;Bidgol-e Sofla;Bedgul,colloquial,osm
ir-chafteh-sanjani,Chafteh,colloquial,osm
ir-chahar-zabar-e-sofla,Chahar Zabar-e `Alinaqi Khani;Chehar Zabar;Chahar Zebr-e Pa'in;Chahar Zabar-e Pa'in,colloquial,osm
ir-n3524058410,Chahar Zabar-e Bala;Chahar Zabar-e `Olya;Chehar Zabar;Chahar Zabar,colloquial,osm
ir-chalab-e-sofla,Chalabeh-ye Sofla;Godar,colloquial,osm
ir-chalab-e-olya,Chalabeh-ye `Olya;Chalabeh-ye Bala;Chalawa,colloquial,osm
ir-chaleh-ye-mohammad-ali-khani,Mohammad `Alikhan,colloquial,osm
ir-changar,Chengoreh;Chownger;Chongoreh-ye Jalilvand;Chongoreh-ye Simivand;Chowngor;Changezeh,colloquial,osm
ir-chaqa-bahar,Choqa Bahar,colloquial,osm
ir-chaqa-bur-e-darab,Choqa Bur-e Darab,colloquial,osm
ir-chaqa-janga-ye-olya,چقاجنگه علیا,colloquial,osm
ir-chaqa-kabud,Choqa Kabud,colloquial,osm
ir-chaqa-kabud-e-rostami,Cheqa Naqd-e `Ali-ye Sofla;Cheqa Naqd `Ali-ye Sofla,colloquial,osm
ir-chaqa-kalbe-ali,Choqa Kalb`ali,colloquial,osm
ir-chaqa-narges,Chia Narges;Angilise;Choqa Narges;Cheqa Narges;Chia Nargis,colloquial,osm
ir-chaqa-zard-baghi,Chia Zard;Cheqa Zard-e Baghi;Cheqa Zard;Choqa Zard-e Baghi,colloquial,osm
ir-chelleh-ye-sofla,Chelleh-ye Pa'in;Chellehi;Chelleh;Chelleh'i-ye Pa'in,colloquial,osm
ir-chelleh-ye-olya,Chelleh'i-ye Bala;Cheleh-ye `Olya;Cheleh-ye Bala;Chelleh-ye Bala,colloquial,osm
ir-chenar-6,Chinar,colloquial,osm
ir-cheqa-jangeh-ye-sofla,Chegha Changa Sofla;Chaqa Janga-ye Sofla;Cheqa Jenga-ye Sofla;Cheqa Jengah-e Sofla,colloquial,osm
ir-cheqa-kabud,Cheqa Kabud-e Seyah Seyah;Cheqad Kabud;Chega Kabud,colloquial,osm
ir-cheshmeh-sefid-e-shahmorad-e-chalanchu,Cheshmeh Sefid-e Shah Morad,colloquial,osm
ir-cheshmeh-sefid-e-olya,Cheshmeh Sefid,colloquial,osm
ir-choqa-balk-e-khvajeh-bashi,Chia Balek Khwaja Bashi;Cheqa Belek-e Qal`eh;Cheqa Balak Khvajeh Bashi;Cheqa Balak-e Khvajeh Bashi;Cheqa Balak Qal`eh;Chia Malek Khvajeh Bashi,colloquial,osm
ir-choqabur-e-isa,Choqa Bur-e `Isa,colloquial,osm
ir-dalakeh-ye-hajj-abbas-qoli,ده عزیز,colloquial,osm
ir-dalakeh-ye-hajji-faraj,Zalakeh-ye Haji Faraj;Zalakeh;Zalkeh-ye Hajji Faraj;Zalekeh;Zalakeh-ye Farajollah-e Montazeri,colloquial,osm
ir-dalakeh-ye-vaziri,Zalkeh-ye Kalb`ali;Zalkey-ye Vaziri;Zalakeh-ye Vaziri,colloquial,osm
ir-dalu-hasanabad,Deh Askar;Dalv-e Hasanabad,colloquial,osm
ir-dar-gol-e-seyyed-hoseyn,Dargul Saiyid Hasan;Dargol-e Seyyed Hasan;Dargol;Dar Gol-e Seyyed Hasan;Dargol Seyyed Hasan,colloquial,osm
ir-darakah-ye-molla-ali,Derkah,colloquial,osm
ir-darkeh-ye-hasankhan,Darkeh-ye Hasankhani,colloquial,osm
ir-darkhvor-e-aqa-reza,Darkhor-e Aqa Reza,colloquial,osm
ir-darkhvor-e-hasanabad,Darkhor-e Hasanabad,colloquial,osm
ir-darreh-deraz-2,Darreh Darish,colloquial,osm
ir-deh-e-seyyed-naqi,Seyyed Naqi;Deh Saiyid Naqi,colloquial,osm
ir-deh-e-vahdat,ده کریشه,old,osm
ir-dizgeran-e-bala,Dazgeran-e Bala,colloquial,osm
ir-dowkushkan-e-hoseynkhani,Dokushkan-e Hoseynkhani,colloquial,osm
ir-dowkushkan-e-reza-khani,Dokushkan-e Reza Khani,colloquial,osm
ir-dowlatabad-8,Daulatabad;Dowlatabad-e `Olya,colloquial,osm
ir-farrokh-khani,Deh Farokh Khan,colloquial,osm
ir-gamizaj-e-sofla,Gamizej-e Pa'in;Gamizaj;Gamizaj-e Pa'in;Gamizej-e Sofla;Sarpuzel,colloquial,osm
ir-gamizaj-e-olya,Garmizak;Gamizaj-e Bala;Gamizej-e Bala;Gamizaj;Gamizej-e `Olya,colloquial,osm
ir-gardangah-e-quchemi,Gardangah,colloquial,osm
ir-haft-ashian-e-sohbat,Haft Ashian,colloquial,osm
ir-hajjiabad-e-shahla-i,Hajjiabad,colloquial,osm
ir-hajjiabad-e-olya,Hajjiabad-e Seh,colloquial,osm
ir-hasanabad-17,Zobeyri Hasanabad;Zobeyri;Zibiri;Zibri;Zibri Hasan Abad;Hasanabad-e Zobeyri,colloquial,osm
ir-hoseynabad-e-ru-intan,Hasanabad,colloquial,osm
ir-jelow,Chalau,colloquial,osm
ir-kahriz-e-olya,Kahriz-e Bala,colloquial,osm
ir-kamareh-ye-gharbi,Kamarah;Kamareh,colloquial,osm
ir-kamareh-ye-sofla,Kamarah,colloquial,osm
ir-kamareh-ye-olya,Kamareh;Kamarah,colloquial,osm
ir-kangarban-e-bala,Kangarban;Kangarban-e `Olya;Kankarban-e Bala,colloquial,osm
ir-kangarban-e-vasat,Kangarban-e Vosta;Kangarban-e Vasati;Kangarban;Fantawar,colloquial,osm
ir-kangarban-epa-in,Paiawand;Kangarban-e Sofla,colloquial,osm
ir-kashanbeh-ye-chahardangi,Kashanbeh-ye Chahar Dangi,colloquial,osm
ir-kashanbeh-ye-do-dangi,Kashanbeh-ye Dodangi,colloquial,osm
ir-kenar-marg,Kenar Merreg,colloquial,osm
ir-khaneh-begi,Khaneh Beygi,colloquial,osm
ir-kharakab-e-sofla,Khareh Ab-e Pa'in,colloquial,osm
ir-kharakab-e-olya,Kharagab-e `Olya,colloquial,osm
ir-khaza-el,Khazal,colloquial,osm
ir-khorkhor-2,Khor Khor,colloquial,osm
ir-koleh-jub,Kaleh Jub-e `Olya;Kalah Jub;Goleh Jub;Kulajub,colloquial,osm
ir-kotkoti-ye-shian,Kotkoti,colloquial,osm
ir-kuchek-bel-e-sofla,Kajak Bel-e Sofla,colloquial,osm
ir-kuchek-bel-e-olya,Kajak Bel-e `Olya,colloquial,osm
ir-la-labad-e-kol-kol-e-do,میرعبدالباقی,colloquial,osm
ir-mianeh,Meyaneh;Miyaheh;Miyaneh,colloquial,osm
ir-milkeh-ye-baqer,Millehgah;Milgeh-e Baqar,colloquial,osm
ir-milkeh-ye-puchan,Millehgah;Milekeh-ye Puchan;Milekeh;Milgeh-e Buchan;Milkeh-ye Buchan;Milleh Gawana,colloquial,osm
ir-milkeh-ye-shir-khan,Milekeh-ye Shirkhan;Milkeh;Milgeh-e Shirkhan;Milleh Gawana;Millehgah,colloquial,osm
ir-mir-azizi,Mirazi,colloquial,osm
ir-mirak,Mirag,colloquial,osm
ir-mo-arefi-shian,Mo`arefi;Ma`arefi;Mo`arefi-ye Sheyan;Marfi,colloquial,osm
ir-molkhatavi,Molhatavi,colloquial,osm
ir-molla-zaman,Mulla Zaman,colloquial,osm
ir-nimdang,Nimdangi,colloquial,osm
ir-palangerd-2,پلنگ گرد,colloquial,osm
ir-pir-hayati,Piriai;Pir Hayati-ye Pa'in;Piryal;Pir Hayati-ye Sofla,colloquial,osm
ir-qal-eh-ye-shian,Qal`eh-ye Sheyan;Shiyan;Shian,colloquial,osm
ir-qeymas,Kainas;Kaynas,colloquial,osm
ir-qobad-e-shian,Kabat;Koai;Akbar Qobad;Qobad,colloquial,osm
ir-qomsheh-ye-karam-khan,Qomsheh-ye Baba Karam Khan,colloquial,osm
ir-qomsheh-ye-tappeh-qasem,Qomsheh-ye Seyyed Qasem;Qomsheh Tappeh,colloquial,osm
ir-rizvand,Riz Vand;Rizehvand,colloquial,osm
ir-samereh-ye-olya,Samarrah;Samereh,colloquial,osm
ir-sangtarash,Sang Tarash,colloquial,osm
ir-sar-tappeh-2,Sartappeh,colloquial,osm
ir-sarab-khoshkeh-ye-pa-in,Sarab-e Khoshkeh-ye Sofla,colloquial,osm
ir-sarab-mileh-sar,Sarab-e Mileh Sar,colloquial,osm
ir-sartapah,Sartappeh,colloquial,osm
ir-shahini-ye-sofla,Shahini,colloquial,osm
ir-shemsheh,Dom Shemsheh;Dum-i-Shamsheh,colloquial,osm
ir-shit-e-kamarzard,Shīţ,colloquial,osm
ir-shuhan-e-sofla,Shuhan;Shian;Showhan-e Sofla;Shuan;Shufan,colloquial,osm
ir-shuhan-e-olya,Showhan-e `Olya,colloquial,osm
ir-sia-sia-jib,Sia Sia-ye Habib;Siya Siya,colloquial,osm
ir-sia-sia-ye-keykhosravi,سیاسیا کیخسرو,colloquial,osm
ir-siah-kamar,Siyah Kamar,colloquial,osm
ir-siah-kamar-e-morad-pashabi,Siah Kamar-e Pa'in,colloquial,osm
ir-siah-kamar-e-sheykheh,Siah Kamar-e Sheykh,colloquial,osm
ir-siah-kamar-e-olya-2,Siah Kamar-e Ma`ruf,colloquial,osm
ir-simani-ye-sofla,Simani-ye Kuchak;Simani;Simani-ye Pa'in,colloquial,osm
ir-simani-ye-olya,Simani-ye Bozorg;Simani;Simani-ye Bala;Siman-e Bala,colloquial,osm
ir-simineh-ye-bala,Simeneh-ye `Olya;Simineh-ye `Olya;Simineh;Siminah,colloquial,osm
ir-simineh-ye-pa-in,Simineh;Simineh-ye Sofla;Siminah;Simeneh-ye Sofla,colloquial,osm
ir-tang-e-shuhan,Tang-e Showhan-e `Olya;Tang-e Shuhan-e Bala;Tang-e Shuhan-e `Olya;Tang-e Shian;Tang-i-Shuwan,colloquial,osm
ir-tappeh-gol-e-olya,Tappeh Goleh-ye `Olya;Tappeh Gola-ye Bozorg;Tappeh Glaeh Olya;Tappeh-ye Goleh;Tappeh-ye Gol;Tappeh Galleh-ye `Olya;Tappeh Galak,colloquial,osm
ir-tappeh-goleh-ye-sofla,Tappeh Galleh-ye Sofla;Tappeh Goleh,colloquial,osm
ir-tazehabad-e-bidgol,Bidgol-e `Olya,colloquial,osm
ir-tazehabad-e-khosrow,Tazehabad,colloquial,osm
ir-tazehabad-e-molla-zaman,Tazehabad,colloquial,osm
ir-tazehabad-e-namivand,Namivand-e Vasati;Namivand;Namivand-e Vasat;Namivand-e `Olya;Namvand-e Vosta;Namiawan;Nam-i-Wan,colloquial,osm
ir-tomianeh,Tumianeh,colloquial,osm
ir-toveh-sorkhak-e-sofla,Tovasorkhak-e Sofla;Tuh-e Sorkhak,colloquial,osm
ir-toveh-sorkhak-e-olya-bar-aftab,زنگنه;توه سرخک علیا,colloquial,osm
ir-toveh-ye-latif,Tua Latif;Toveh-e Latif;Tovah Latif;Toveh Latif,colloquial,osm
ir-valakehvand,Valakvand,colloquial,osm
ir-yalva-pa-in,Yalveh-ye Sofla,colloquial,osm
ir-yalvay-e-fereydun,Yalveh-ye `Olya;Fereydun,colloquial,osm
ir-zalan-e-pa-in,Zalan,colloquial,osm
ir-zelan-e-sofla,Zelan-e `Olya,colloquial,osm
ir-zeynal-khan-2,Zain-al-Khani,colloquial,osm
ir-aliabad-e-bala,`Aliabad-e `Olya,colloquial,osm
ir-aliabad-e-pa-in,`Aliabad-e Sofla,colloquial,osm
ir-alibar,Milleh Aliwar;Alivar;`Ali Bar;Milla Aliwar,colloquial,osm
ir-asheqan-e-musa-beyg,`Asheqan-e Musa,colloquial,osm
ir-asheqan-e-abedin-beyg,`Asheqan-e `Abedin,colloquial,osm
ir-yavari-dayar,Dayar,colloquial,osm
ir-zi-tow,Zi,colloquial,osm
ir-abbasabad-e-kol-kol,`Abbasabad-e Gol Gol,colloquial,osm
ir-algeh-faqih,`Algeh;Kaneh Rashid-e Algah,colloquial,osm
ir-aliabad-28,`Aliabad-e Golbanu,colloquial,osm
ir-aligeh,عالیگه,colloquial,osm
ir-arab-2,Kaneh Rashid-e `Arab,colloquial,osm
ir-kutseh,Karseh;Kuseh,colloquial,osm
ir-loril,Lor,colloquial,osm
ir-marivani-ye-kakiha,Marivan-e Kakiha;Mariwani;Marivan-e Kahiha;Meriwani;Marivani,colloquial,osm
ir-merzaran,Merzan;Mazran,colloquial,osm
ir-mir-havaryari,Mir Havar,colloquial,osm
ir-molla-ya-qub,Kavali Banyaran-e Yar Mohammad;Meleh Ya`qub,colloquial,osm
ir-najirak-e-zardu-i,Anjirak-e Zarduni,colloquial,osm
ir-nilavareh-ye-sofla,Nilavareh;Nilawa,colloquial,osm
ir-nilavareh-ye-olya,Nilavareh;Nilaura,colloquial,osm
ir-paseh-khowr,Paseh Khur,colloquial,osm
ir-pol-havas,Pel Havas;Bolhavaz,colloquial,osm
ir-qabaq-tappeh,Oabakh Tappeh;Qapaq Tappeh;Qabaq Tappeh;Qabay Tappeh,colloquial,osm
ir-qalajeh-ye-sofla,Qalaji;Qalajeh;Qal`ehjeh,colloquial,osm
ir-qelich-khani,Qelij Khani;Qalij Khani;Kaleh Kalitch Khani,colloquial,osm
ir-baba-kuseh-ye-sofla,Baba Kuseh,colloquial,osm
ir-baba-kuseh-ye-olya,Baba Kuseh;Tazehabad,colloquial,osm
ir-baban-yavar,Baban-e Sardar Qasemkhan;Bavan,colloquial,osm
ir-bala-i,Bal'i;Bele'i,colloquial,osm
ir-ban-khvod,Karamkhani;Pankhud;Ban Nokhvod;Ba Nokhvod;Ban-e Khvod,colloquial,osm
ir-ban-shirvan,Ban Shirvan-e Tofangchi,colloquial,osm
ir-ban-sulab-e-kalb-ali,Ban Suleh-ye Kalb`ali,colloquial,osm
ir-bandar,Bindar;Bandar-e Sheykh;Bendar,colloquial,osm
ir-bani-lavan-e-tayjuz,Bani Lavan Tajez;Bani Lavan,colloquial,osm
ir-bansulab-e-nam-khas,Bansulab-e Navkhas,colloquial,osm
ir-bansulab-e-shir-mohammad,Malek `Ali Veysi,colloquial,osm
ir-bansulab-e-shirzad,Ban Suleh-ye Shirzad;Kotak Bozorg,colloquial,osm
ir-banyaran-kaki,Baniaran-e Seyyed Kaki;Banyaran-e Teymur;Takyeh-ye Teymur;Deh-e Teymur;Takya Taimur;Ban Yaran-e Teymur,colloquial,osm
ir-banyaran-e-seyyed-hasan,Banyaran-e Amir Haqmorad;Banyaran Morad,colloquial,osm
ir-bari-shah,Barshah;Barishah,colloquial,osm
ir-bavrowl,Bavrol;Badrowl;Baral;Bowrul;Ba'urul;Baorol,colloquial,osm
ir-bayangan,Bayengan,colloquial,osm
ir-bidaghvand,Birqavand,colloquial,osm
ir-chaqa-gonuzh,Choqa Konuzh,colloquial,osm
ir-chegini,Chegeni-ye `Olya,colloquial,osm
ir-cheshmeh-sefid-12,Kani Chamrow-e Tofangi,colloquial,osm
ir-choqa-qazan,Choqa Khazan,colloquial,osm
ir-chug,Chuk,colloquial,osm
ir-dagagah,الباخە,colloquial,osm
ir-dagagah,دگاگاە,spelling,osm
ir-darkhvor,Darkhowr;Darkhor,colloquial,osm
ir-darushiyeh,Daravisheh,colloquial,osm
ir-drwla-lower,Darvaleh-ye Pa'in,colloquial,osm
ir-drwla-lower,درولە سفلی,spelling,osm
ir-dastgerdi-ye-banavach,Banavach,colloquial,osm
ir-desheh,Disheh;Deshah,colloquial,osm
ir-dowkanan,Do Kan`an,colloquial,osm
ir-dudan,Dowdan,colloquial,osm
ir-firuzeh-2,Piruzeh,colloquial,osm
ir-hameh-yaz,Hamah Yaz,colloquial,osm
ir-juzu,Kanuleh-ye Juzu,colloquial,osm
ir-kakiha,Kakiel,colloquial,osm
ir-kamran-e-olya,Kerman-e Bala,colloquial,osm
ir-kandrash-e-babakhan,Kaneh Rashid-e Babakhan,colloquial,osm
ir-kandrash-e-gol-morad,Kaneh Rashid-e Gol Morad,colloquial,osm
ir-kelineh-ye-paydar,Kelineh-ye Paydar,colloquial,osm
ir-kholeh-kahush-e-sofla,Kholeh Gush-e Sofla,colloquial,osm
ir-kholeh-kahush-e-olya,Kholeh Gush-e `Olya,colloquial,osm
ir-khowrneh-ye-olya,Khurneh-ye `Olya,colloquial,osm
ir-ravan-zardu-i,Rawan Zarudeh;Ravan;Ravan Zardu'i;Ravan-e Zardu'i;Ravan-e Zardowi;Zardu'i,colloquial,osm
ir-sabz-ali-khan,Deh Sabz Ali Khan;Dah Sabz Ali Khan,colloquial,osm
ir-sar-asiab-2,Sar Aseyab;Sar Asiyab,colloquial,osm
ir-sar-takhtgah,Sartakhtgah,colloquial,osm
ir-sarab-e-tizan,Sarab-e Tiran,colloquial,osm
ir-satiari,Sati Yari,colloquial,osm
ir-sayahvand,Sayehvand,colloquial,osm
ir-seyyed-seyfur,Seyyed Seyfur,colloquial,osm
ir-shahmar-e-baba-morad,Sheykh Morad-e Tofangchi;Shahmar,colloquial,osm
ir-sheykh-mostafa,Shaikh Mustafa,colloquial,osm
ir-sheykh-salleh,شیخ صله,colloquial,osm
ir-sianab-e-parab,Suteh;Seteh,colloquial,osm
ir-takhtgah-e-danial,Takht Gah-e Jahanbakhsh Soltan;Takhtgan;Takhtgah-e Daniali;Takhtgah-e Jahan Bakhsh;Takhtegah-e Daneyali,colloquial,osm
ir-takhtgah-e-hoseyn-soltan,Takhtgah-e Hoseyni,colloquial,osm
ir-takhtgah-e-safi-yar-soltan,Takhtgah-e Safiyar Soltan,colloquial,osm
ir-takhtgah-e-surat,Takhtgah-e Surat Khanom,colloquial,osm
ir-tazehabad-e-majid,Tazehabad,colloquial,osm
ir-tazehabad-e-mowla-i,Tazehabad,colloquial,osm
ir-torkeh,Torkeh-ye Sofla,colloquial,osm
ir-turgaran,Targaran,colloquial,osm
ir-vaneh-rangineh,Vandeh Rangineh,colloquial,osm
ir-vozeh-puch,دربند,colloquial,osm
ir-ab-barik-6,Ab-e Barik,colloquial,osm
ir-argeneh-ye-sofla,Qal`eh-ye Argeneh;Argeneh-ye Pa'in;Argana;Qal`a Argana;Qal`eh-ye Argena;Argeneh,colloquial,osm
ir-argeneh-ye-olya,Argeneh-ye Bala,colloquial,osm
ir-bagh-e-falak,Bafalek;Bagh Falak,colloquial,osm
ir-bala-giri,Bala Kobra;Bala Gabri,colloquial,osm
ir-baqeleh,Pakaleh,colloquial,osm
ir-baqeleh-2,Baghla;Bageleh,colloquial,osm
ir-babazeyd,Baba Zeyd;Bawazid,colloquial,osm
ir-bayervand,Payervand-e Tekyeh,colloquial,osm
ir-belverdi-ye-bala,Belverdi-ye `Olya,colloquial,osm
ir-belverdi-ye-pa-in,Belverdi-ye Sofla,colloquial,osm
ir-beznabad-e-bala,Beznabad-e `Olya,colloquial,osm
ir-beznabad-e-pa-in,Beznabad-e Sofla;Bazinabad-e Pa'in,colloquial,osm
ir-bozgodar-e-bala,Bozgodar-e `Olya,colloquial,osm
ir-bozgodar-e-pa-in,Bozgodar-e Sofla,colloquial,osm
ir-chambatan-e-bala,Chambatan-e `Olya,colloquial,osm
ir-chambatan-e-pa-in,Chambatan-e Sofla,colloquial,osm
ir-cheshmeh-kabud-e-karfelah,Cheshmeh Kabud,colloquial,osm
ir-choqa-sa-id,چقا,colloquial,osm
ir-choqa-sa-id,چیاسی,colloquial,osm
ir-darakah-ye-eyn-ol-qas,`Eyn ol Qas;Derkeh;Perkeh;Derkah;Darakeh;Darka,colloquial,osm
ir-davudi-ye-bala,Davudi-ye `Olya,colloquial,osm
ir-davudi-ye-pa-in,Davudi-ye Sofla,colloquial,osm
ir-deh-now-5,Dehnow,colloquial,osm
ir-deh-e-kabud,Deh Kabud,colloquial,osm
ir-dejgah,Kahrar-e Dejgah,colloquial,osm
ir-dowkaneh,Do Kaneh;Dukaneh,colloquial,osm
ir-elahiyeh-e-sahneh,Elayiyeh,colloquial,osm
ir-elyasvand-e-bala,Elyasvand-e `Olya,colloquial,osm
ir-elyasvand-e-pa-in,Elyasvand-e Sofla,colloquial,osm
ir-eshaqvand-e-sofla,Issakvan;Eshaqvand;`Isa Khan-e Sofla;`Isa Khan-e Pa'in,colloquial,osm
ir-eshaqvand-e-olya,`Isa Khan Bala;`Isa Khan-e `Olya,colloquial,osm
ir-n3525486056,Parvareshgah-e Faraman,colloquial,osm
ir-ganjur-e-pa-in,Kanjur-e Pa'in;Kanjur;Kanjur-e Sofla,colloquial,osm
ir-garmianak,Qal`eh Garmianek;Garmianeh;Garmeyanak;Qal`a Garmianeh,colloquial,osm
ir-gavkol-e-sofla,Gavkol;Gavkol-e Pa'in,colloquial,osm
ir-gavshan-e-sofla,Gavshan-e Pa'in,colloquial,osm
ir-gavshan-e-olya,Gavshan-e Bala,colloquial,osm
ir-gorgivand,Gorgavand,colloquial,osm
ir-gush-boran,Gushboran,colloquial,osm
ir-hajjiabad-14,Hajjiabad-e Darufaraman;Haji Abad Darroofaraman;Hajiabad,colloquial,osm
ir-hashemabad-3,Hasemabad;Ismabad,colloquial,osm
ir-jameh-shuran-e-olya,Jameh Shuran-e `Olya,colloquial,osm
ir-jelow-girangeh,Jelow Girangeh,colloquial,osm
ir-kabudeh-ye-bala,Kabudeh-ye `Olya,colloquial,osm
ir-kabudeh-ye-pa-in,Kabudeh-ye Sofla,colloquial,osm
ir-kahrar-e-sofla,Qahrar-e Pa'in;Kahrar,colloquial,osm
ir-kahrar-e-olya,Qahrar-e Bala,colloquial,osm
ir-kalkowshavand-e-namin,Kalkoshavand-e Vosta,colloquial,osm
ir-kalkowshavand-e-warin,Kalkoshavand-e Sofla,colloquial,osm
ir-kamarab,Kamar Ab,colloquial,osm
ir-kanjur-e-olya,Kanjur;Kanjur-e Bala,colloquial,osm
ir-kavareh-lavan,Kaverlavand;Kawralawan;Kavar Lavan,colloquial,osm
ir-komasi,کماسئ وسطى,colloquial,osm
ir-komasi-ye-sofla,کماسئ سفلى,colloquial,osm
ir-korani-ye-bala,Kurani;Korani-e `Olya;Korrani;Korrani-ye `Olya;Korani-ye `Olya,colloquial,osm
ir-korani-ye-pa-in,Korani-e Sofla;Korrani;Korani-ye Sofla;Korrani-ye Sofla,colloquial,osm
ir-ma-va-ye-sofla,Ma'va-ye Pa'in;Ma'va;Ma'va-ye Sofla;Mawa,colloquial,osm
ir-ma-va-ye-olya,Ma`va'-e `Olya,colloquial,osm
ir-mahmudabad-e-gavkol,Mahmudabad,colloquial,osm
ir-meleh-ye-valeh,Meleh-ye Vali,colloquial,osm
ir-mir-azizi-2,Mirazi,colloquial,osm
ir-murian-e-salehabad,Muriyan;Salehabad;Murian;Mureyan;Hurian,colloquial,osm
ir-nim-dangi,Nimdangi,colloquial,osm
ir-pariveh-ye-sofla,پریوه;پریوۀ سفلى;پریور پائین;پریوۀ پائین,colloquial,osm
ir-pariveh-ye-olya,Parivak;Pariveh;Parivar-e Bala;Pariveh-ye Bala,colloquial,osm
ir-pasar,Passar,colloquial,osm
ir-pashgaleh-ye-sofla,پشکلۀ بالا,colloquial,osm
ir-posht-tang-4,Posht Tang-e Chenaran,colloquial,osm
ir-qahrar-e-mowqufeh,Kahrar-e Mowqufeh,colloquial,osm
ir-qal-eh-kanjavan,Ganjavan;Ganjuwan,colloquial,osm
ir-qal-eh-ye-mohammad-ali,Qal`eh-ye Mohammad `Alikhan;Qal`a Imam Ali;Qal`eh Imam `Ali,colloquial,osm
ir-qal-eh-ye-qobad,Qal`eh Qobad;Qal`eh Kabud,colloquial,osm
ir-qeysvand,Qeysavand,colloquial,osm
ir-qomilijeh,Qomlijeh,colloquial,osm
ir-qozivand,Quzivand,colloquial,osm
ir-qurbaghestan-e-sofla,Qarabaghestan-e Pa'in;Qorbaghestan;Gherbaghestane Sofla;Qorbaghestan-e Pa'in;Qarbaghestan-e Pa'in;Qarbaghastan-e Pa'in;Gurbaghistan,colloquial,osm
ir-qurbaghestan-e-olya,Qarbaghastan-e Bala;Qarabaghestan-e Bala;Gurbaghistan;Gherbaghestan;Qorbaghestan-e `Olya;Qorbaghestan-e Bala;Qorbaghestan,colloquial,osm
ir-raygan,سنجابی;رایگان;سنجابید رایگان,colloquial,osm
ir-sagaz,Saguz;Sagoz;Sagaz-e Mobarakabad,colloquial,osm
ir-samangan-e-sofla,Samangan-e Pa'in,colloquial,osm
ir-samangan-e-olya,Samangan,colloquial,osm
ir-sanbol-e-sofla,Sanbol-e Pa'in,colloquial,osm
ir-sar-asiab-3,Sarasiab,colloquial,osm
ir-sar-asiab-4,Sarasiab,colloquial,osm
ir-sarab-badiyeh-ye-olya,Sarab-e Badieh;Sarab Badiyeh;Sarab-e Badiyeh;Sarab Buiyan;Sar Abadeyeh,colloquial,osm
ir-sararud-e-bala,Sara Rud-e `Olya;Sararu;Sera Rud-e `Olya;Saradud-e Bala,colloquial,osm
ir-sararud-e-pa-in,Sararud;Sararud-e Pa'in;Sararud-e Sofla;Sararu,colloquial,osm
ir-sarmaj,Sarmaj-e Hoseynkhani,colloquial,osm
ir-sarmaj-e-karami,Sarmaj-e Keranu;Sarmaj,colloquial,osm
ir-shah-maleki,Shah Maliki;Shah Malaki;Chah Malaki;Shah Molki,colloquial,osm
ir-shahrak-e-emam-khomeyni-5,شهرک هوارین,colloquial,osm
ir-shahrak-e-shahid-bahonar,شهرک بانین,colloquial,osm
ir-sheykhabad-e-sofla,Sheykhiabad-e Pa'in;Shaikabad;Sheykhiabad;Sheykhiabad-e Sofla;Shaikhabad,colloquial,osm
ir-sheykhabad-e-olya,Sheykhiabad-e `Olya;Sheykhiabad-e Bala,colloquial,osm
ir-shirazi-ye-olya,Shirazi,colloquial,osm
ir-siah-bid-e-bala,Siah Bid-e `Olya,colloquial,osm
ir-siah-bid-e-pa-in,Siah Bid-e Sofla,colloquial,osm
ir-siavan-2,Siahban,colloquial,osm
ir-sufiyehvand,Sufivand,colloquial,osm
ir-tamarg,تمرک,colloquial,osm
ir-yek-jofti,Yek Jofti,colloquial,osm
ir-yekdangi,Yekdangi,colloquial,osm
ir-zardab-e-mohebb,Zardab-e Moheb;Zardab,colloquial,osm
ir-zazerm-e-sofla,Zazerm-e Pa'in;Zazarm-e Sofla;Zazarm Pain;Zazarm,colloquial,osm
ir-ali-akbar,Aliavar,colloquial,osm
ir-ali-korzan-e-sofla,Asadabad;`Ali Khurdan Pain;`Ali Khurdan;`Ali Gorzan-e Sofla;`Ali Kordan;`Ali Gordan-e Pa'in;`Ali Korzan-e Pa'in,colloquial,osm
ir-ali-korzan-e-olya,`Ali Korzan-e Bala;`Ali Gordan-e Bala;`Ali Gorzan-e `Olya;`Ali Khurdan Bala,colloquial,osm
ir-amarat,Amarat;`Emarat,colloquial,osm
ir-ameleh,امل;عامله,colloquial,osm
ir-ab-barik-7,Ab-i-Barir,colloquial,osm
ir-darreh-maran,Darreh-ye Marran,colloquial,osm
ir-dehlaq,Dehlaq-e Bala,colloquial,osm
ir-firuzabad-e-bozorg,Firuzabad Tappeh;Firuzabad;Firuzabad-e Tappeh,colloquial,osm
ir-firuzabad-e-kuchak,Firuzabad;Firuzabad-e Kuchek,colloquial,osm
ir-hamianak,Hamiyanak;Hamyanak,colloquial,osm
ir-hammam-darreh,Qeshlaq-e Hammam Darreh,colloquial,osm
ir-jam-sorkh,Cham Sorkh,colloquial,osm
ir-kahriz-6,Kahriz-e Bid Sorkh,colloquial,osm
ir-kandkilah,Kandikilah,colloquial,osm
ir-kelid-e-darreh,Kalidar,colloquial,osm
ir-kermajan,Karman Jan,colloquial,osm
ir-khamisabad,Khamisabad,colloquial,osm
ir-khoshkeh-abkhord,Khoshk Abkhowreh,colloquial,osm
ir-mirza-vali,میرزا ولی;میرزا آباد,colloquial,osm
ir-qarah-benas,گره بناس;قره بناس,colloquial,osm
ir-qarah-gowzlu,Qarah Guzlu-ye `Olya,colloquial,osm
ir-sar-khelaj,سر خلج,colloquial,osm
ir-sarab-sahneh,سراب بید سرخ,colloquial,osm
ir-sarat-e-baba-ali,سراب بابا علی,colloquial,osm
ir-abdoltajj-od-din,`Abowl Tajed Din;Abdul Taj Din;`Abd ot Taj od Din;`Abd ot Taj ad Din,colloquial,osm
ir-aliabad-e-avval,`Aliabad;`Aliabad-e `Olya,colloquial,osm
ir-aliabad-e-dovvom,`Aliabad-e Sofla,colloquial,osm
ir-sefid-choqa-ye-do-deh,Sefid Choqa,colloquial,osm
ir-shah-godar,کانی شریف,colloquial,osm
ir-shah-mar-2,Shahyar,colloquial,osm
ir-shahpurabad,Shapurabad,colloquial,osm
ir-shahreza-2,Shah Reza,colloquial,osm
ir-sharaf,Sheraf;Sharafabad,colloquial,osm
ir-shur-bolagh-4,Shur Bulaq;Shur Bolach,colloquial,osm
ir-tamal,Tambaleh,colloquial,osm
ir-tappeh-ye-kolucheh,Tappeh Kulicha;Tappeh Kuleh Chah;Koleh Jug;Tepe Kulichah,colloquial,osm
ir-tarazu-bareh,Tarazu Barreh,colloquial,osm
ir-tasuleh-jan,Tasurehjan,colloquial,osm
ir-tazehabad-e-rika,Rostamabad-e Rika,colloquial,osm
ir-tekyah,Takyeh;Takeyeh,colloquial,osm
ir-tinemu-ye-sofla,Tinamu Sofla;Tinemu-e Sofla;Tinemu-ye Pa'in;Tinamu-ye Sofla,colloquial,osm
ir-tinemu-ye-olya,Tinamu-ye `Olya;Tappeh Mey;Tinamu;Tinamu `Olya;Tinemu-e `Olya,colloquial,osm
ir-valiabad-6,Valiabad-e Makhrubeh,colloquial,osm
ir-varmazan-somaq,Sumaq;Varmazan;Somaq,colloquial,osm
ir-zahmani,Zamani,colloquial,osm
ir-zaluabad,Zaleyab;Zalu Ab,colloquial,osm
ir-zeyn-od-din,Zeyn Ad Din,colloquial,osm
ir-zolmabad-e-bala,Zolmabad-e `Olya,colloquial,osm
ir-zolmabad-e-pa-in,Zolmabad-e Sofla,colloquial,osm
ir-ahangaran-6,Asangran,colloquial,osm
ir-ahmadabad-e-bala,Ahmadabad-e `Olya,colloquial,osm
ir-ahmadabad-e-molla-mas,Ahmadabad,colloquial,osm
ir-ahmadabad-e-pa-in,Ahmadabad-e Sofla,colloquial,osm
ir-aqa-ja-fari,Khersabad-e Aqa Ja`far,colloquial,osm
ir-azan-owzan,Azan Vazan,colloquial,osm
ir-azreh-ye-abbasabad,`Abbasabad,colloquial,osm
ir-baba-kamal,Baba Kamal-e Sofla,colloquial,osm
ir-bakalani,Bankalani,colloquial,osm
ir-baktar-e-sofla,Baktar;Baktar-e Pa'in,colloquial,osm
ir-baktar-e-olya,Baktar;Baktar-e Bala,colloquial,osm
ir-balesht,Baleshat;Palesht;Balisht,colloquial,osm
ir-bar-aftab,Baraftabeh,colloquial,osm
ir-barnaj,Bornaj,colloquial,osm
ir-bash-gelan,Peshtgelan,colloquial,osm
ir-bozerud,Bezarud;Boz Rud;Eslamabad-e Bezahrud;Buzrud;Bozeh Rud,colloquial,osm
ir-beleh-kabud,Balla Kabud;Baleh Kabud;Bala Kabud;Bol Kabud;Baleh Kabood,colloquial,osm
ir-berimvand-3,Variman;Parimownd;Berimownd;Berinavan,colloquial,osm
ir-chameh,Chemeh,colloquial,osm
ir-cheshmeh-beglar,Cheshmeh-ye Biglar,colloquial,osm
ir-cheshmeh-kareh-2,Cheshmeh Karan;Chashmeh Karan,colloquial,osm
ir-choqa-elahi,Chellai;Cheqala'i;Cheqalahi;Cheqa Elahi,colloquial,osm
ir-choqa-kabud-3,Cheqa Kabud;Chia Kabud,colloquial,osm
ir-choqa-kabud-4,Choqa Kabud-e Sofla,colloquial,osm
ir-choqa-kabud-e-olya,Chia Kabud;Cheqa Kabud;Choqa Kabud;Chia Kabd,colloquial,osm
ir-chubineh,Chu Bina;Chouina,colloquial,osm
ir-dar-derafsh-e-farajollah-begi,Dar Derafsh-e Farajollah-e Beygi,colloquial,osm
ir-mal-e-amiri,Mal Amiri-ye Hajj Sa`adat Karam,colloquial,osm
ir-malek-tappeh,Malik Tepe;Malik Tappeh,colloquial,osm
ir-mang-lat,Manag Halat,colloquial,osm
ir-marzbani,Marzabani;Marzebani;Marzbani,colloquial,osm
ir-melah-bid,Melahbid,colloquial,osm
ir-mesterkhan,Meserkhan,colloquial,osm
ir-mian-rahan,Meyan Rahan;Miyan Rahan,colloquial,osm
ir-minjeq-tappeh,Manjeq Tappeh,colloquial,osm
ir-darderafsh-e-seh,Dar Derafsh-e Seh,colloquial,osm
ir-dastjerd-e-sofla-2,Dastjordeh-ye Sofla,colloquial,osm
ir-dastjerd-e-olya,Dastjerdeh;Dastjerdeh-ye Bala;Dastjordeh-ye `Olya,colloquial,osm
ir-deh-asiab-e-dinvar,Deh Asiab,colloquial,osm
ir-deh-mireh,Deh Mirahmad,colloquial,osm
ir-deh-e-khan-jan,Deh Khanjan;Qal`eh-ye Deh Khanjan,colloquial,osm
ir-do-ab-4,Dow Ab;Duab,colloquial,osm
ir-do-choqa,Dow Chian;Do Cheqa;Qal`eh Duchia;Do Chian;Dow Cheqa;Qal`a Duchia,colloquial,osm
ir-dowab,Doab,colloquial,osm
ir-qazanchi,Qazanchi;Khazanchi,colloquial,osm
ir-firuzabad-10,Qal`eh-ye Firuzabad;Qal`eh Piruz,colloquial,osm
ir-garmab-5,Garm Ab,colloquial,osm
ir-shahrak-shahid-asgari-gav-bandeh,Gavbandel;Gavaneh;Gawana,colloquial,osm
ir-gelali-ye-jadid,Gelali-ye Tazehabad,colloquial,osm
ir-geravand-e-khaleseh,Garavand;Geravand;Garawand,colloquial,osm
ir-gichi-darreh,Gichidarrah,colloquial,osm
ir-gomag,Gomak,colloquial,osm
ir-goreh-choqay,Koreh Choqa,colloquial,osm
ir-gorgeh-bisheh-ye-sofla,Gorg-e Bisheh-ye Sofla,colloquial,osm
ir-gorgeh-bisheh-ye-olya,Gurgbishah Bala;Gorg-e Bisheh-ye Bala;Gorg-e Bisheh-ye `Olya;Gurgbishah,colloquial,osm
ir-gorgeh-choqa,Gargeh Cheqa;Gareh Choqa,colloquial,osm
ir-gortavich-e-sofla,Kortavij-e Sofla,colloquial,osm
ir-gortavich-e-olya,Kurtai Bala;Kort Vij-e `Olya;Kortavij-e `Olya;Kortavij-e Bala;Kurtai,colloquial,osm
ir-gowhar-chaqa,Gowhar Cheqa;Gowhad Cheqa;Gowhar Choqa;Gowhar Chegha;Gun Chia;Gawan Chia,colloquial,osm
ir-gurian-e-gowreh,Kureyan Gowreh;Gurian-e Gora;Guran-e Gowra;Gurian Gora;Guriyan-e Gura;Kurian-e Gowra;Gurian-e Gowra,colloquial,osm
ir-halilvand,Jalilvand,colloquial,osm
ir-heydarabad-7,Haidarabad;Haryilabad,colloquial,osm
ir-horreyn,Horeyn,colloquial,osm
ir-hoseynabad-25,حسین آباد ناو تنگ,spelling,osm
ir-hoseynabad-e-khodabandehlu,Hoseynabad,colloquial,osm
ir-jabbarabad-e-bala,Jabbarabad-e `Olya,colloquial,osm
ir-jabbarabad-e-pa-in,Jabbarabad-e Sofla,colloquial,osm
ir-jamishan-e-olya,Jamishan-e Vosta,colloquial,osm
ir-jan-jan-2,Janjan,colloquial,osm
ir-jeyhunabad,Jehunabad,colloquial,osm
ir-kahriz-e-kur-bolagh,Kahriz-e Kurbolaghi,colloquial,osm
ir-kala-kabud-e-bala,Kolah Kabud-e `Olya,colloquial,osm
ir-kala-kabud-e-pa-in,Kolah Kabud-e Sofla,colloquial,osm
ir-kala-kabud-e-vasat,Kolah Kabud-e Vosta,colloquial,osm
ir-kalian-e-bala,Kalyan-e `Olya;Kalian-e `Olya;Kalian;Kalian Bala;Kaleyan-e Bala,colloquial,osm
ir-kalian-e-pa-in,Kalian-e Sofla,colloquial,osm
ir-kalian-e-vasat,Kalian-e Vosta,colloquial,osm
ir-kalkan-e-aftabru,Kalkan-e Aftab Row,colloquial,osm
ir-kanduleh-2,کەندولە کندولە,colloquial,osm
ir-kapargah-e-somaqestan,Kapargah,colloquial,osm
ir-karam-bast,Karambas,colloquial,osm
ir-karkasar,Kark Sar;Kargsar;Kargesar,colloquial,osm
ir-karnachi,Karnaji,colloquial,osm
ir-khederabad,Khedrabad;Khairabad;Kheyrabad;Khezrabad,colloquial,osm
ir-khersabad,Khersabad-e Bozorg,colloquial,osm
ir-khowrneh-ye-sofla,Khurneh-ye Sofla,colloquial,osm
ir-khushinan-e-sofla,Khvoshinan-e Sofla;Khvoshinan-e Deh Kur;Deh Kur;Khoshnian-e Sofla;Khvoshi Nan-e A`zam;Khushinan `Azam,colloquial,osm
ir-khoshinan-e-vosta,Khvoshi Nan-e Tappeh;Khushinan-i-Tappeh;Khowshinah Tappeh;Khushinan-i-Tepe;Khushinan-e Vosta;Khoshnian-e Vasati;Khvoshinan-e Tappeh Vasati,colloquial,osm
ir-khoshinan-e-vosta,خوشینان وسطی,spelling,osm
ir-khoshinan-e-bala,Khvoshinan-e `Olya;Khvoshinan-e Esfandiar;Khowshinan-e `Olya;Baba Khan;Khushinan Isfandiar;Khushinan-e `Olya,colloquial,osm
ir-kolah-jub-2,Kolahjub,colloquial,osm
ir-kolah-jub-3,Kolah Jub-e `Olya,colloquial,osm
ir-kur-bolagh-e-mohammad-naqi,Kur Bolagh-e Do;Kur Bolagh-e Mohammad Taqi,colloquial,osm
ir-kur-bolagh-e-patiabad,Patiabad;Kurbulak;Kur Bolagh-e Farajollah Beygi;Kur Bolagh-e Deh-e Farajollah;Kur Bolagh-e Sofla;Kurbolagh Pariabad;Farajulabak,colloquial,osm
ir-la-labad-e-bala,Lalabad;La`labad-e `Olya,colloquial,osm
ir-mahmudabad-9,Mahmudabad-e Kashantu,colloquial,osm
ir-molkhaneh,Melehaneh;Malaneh;Melleh Haneh;Molahaneh;Moleh Haneh,colloquial,osm
ir-nafteh,Nafteh,colloquial,osm
ir-namivand-e-olya,Namvand-e Qal`eh;Namivand Qal`eh,colloquial,osm
ir-nazarabad-e-bala,Nazarabad-e `Olya,colloquial,osm
ir-qal-eh-boze-rud,Kulah;Qal`eh Bezarud;Buzrud;Qal`eh-ye Bozeh Rud;Boz Rud,colloquial,osm
ir-qal-eh-gelineh-ye-monfared,Qal`eh Gelineh-ye Vosta,colloquial,osm
ir-qal-eh-gelineh-ye-sofla,Qal`eh Gelineh-ye Pa'in;Qal`eh-ye Kharagineh;Qal`eh-ye Galineh-ye Sofla;Qal`eh Galineh-ye Sofla;Kaleh Kharaginah,colloquial,osm
ir-qal-eh-gelineh-ye-olya,Qal`eh-ye Galineh-ye `Olya;Qal`eh Gelineh-ye Bala,colloquial,osm
ir-qal-eh-ye-piruz,Qal`eh-ye Firuzabad,colloquial,osm
ir-qaqelestan,Qaqlestan;Qal`eh-ye Qaqelestan,colloquial,osm
ir-qarah-qach,Qareh Qareh;Qareh Qaj;Qareh Qach;Qara Qaj,colloquial,osm
ir-qazal,Qizil;Qezel,colloquial,osm
ir-qeshlaq-e-bala,Qeshlaq-e `Olya,colloquial,osm
ir-qeshlaq-e-olya,Qeshlaq,colloquial,osm
ir-qez-qebri-ye-chahar,Kazkabri;Qez Qabri-ye Doktor Habib;Qez Qebri-ye Doktor Habib;Qez Qabri,colloquial,osm
ir-qez-qebri-ye-do,Qez Qabri-ye Rashid `Ali;Qez Qebri-ye Rashid `Ali,colloquial,osm
ir-qez-qebri-ye-seh,Qez Qabri-ye Bahadori;Qez Qebri-ye Bahador,colloquial,osm
ir-qez-qebri-ye-yek,Qez Qebri-ye Ebrahim;Qez Qabri-ye Ebrahim,colloquial,osm
ir-qezeldarreh,Qezel Darreh,colloquial,osm
ir-razin,Ruzin;Razian,colloquial,osm
ir-sahaz,Saz,colloquial,osm
ir-sangchin,Sang Chin,colloquial,osm
ir-sar-ab-e-barnaj,Sarab-e Barnaj,colloquial,osm
ir-sarab-e-shah-hoseyni,Sarab-e Shah Hoseyn,colloquial,osm
ir-sarzamelah,Sar Zamleh,colloquial,osm
ir-sefid-choqa,Sefid Cheqa;Sefid Chia,colloquial,osm
ir-ahmadvand,Ahmadabad,colloquial,osm
ir-berenjan,Berinjan,colloquial,osm
ir-bi-abr,Bi Abr-e Choqamaran,colloquial,osm
ir-deh-bakh,Deh Bagh,colloquial,osm
ir-gakiyeh,Gakeyeh;Gakia,colloquial,osm
ir-galicheh,Kalujeh,colloquial,osm
ir-gand-ab,Gandab,colloquial,osm
ir-goldasteh,Gol Dasteh,colloquial,osm
ir-goruran,Koruran `Olya,colloquial,osm
ir-goruran-2,Koruran-e Sofla,colloquial,osm
ir-goruran-e-chahar-dangeh,Goruran-e Chahar Dang,colloquial,osm
ir-huker,Hukar,colloquial,osm
ir-jelugireh-ye-sofla,Jelogireh-ye Sofla,colloquial,osm
ir-jelugireh-ye-olya,Jelogireh-ye `Olya,colloquial,osm
ir-korizagheh,Kuh-i-Zakha;Kuh-e Zakheh;Kor Zagheh;Kuh Zakheh,colloquial,osm
ir-pir-gheyb,Pir-i-Ghaib;Pir-e Gheyb,colloquial,osm
ir-qarah-qowyun-2,Qarah Qovin,colloquial,osm
ir-qeysehvand,Qeysevand,colloquial,osm
ir-surkan-2,Surkal,colloquial,osm
ir-surni-ye-bala,Surini;Surini-ye `Olya;Sureni-ye `Olya;Surni-ye `Olya;Soorenie Olya;Surniyeh-ye Bala,colloquial,osm
ir-surni-ye-pa-in,Soorenie- Sofla;Surini-ye Sofla;Sureni-ye Sofla;Surni-ye Sofla;Surini,colloquial,osm
ir-tabarabad,Tabarabad,colloquial,osm
ir-taval-lali,Tavallali,colloquial,osm
ir-tazehabad-17,Tazehabad-e `Amaleh,colloquial,osm
ir-varleh,Shahrak-e Varleh,colloquial,osm
ir-varmenjeh-ye-bala,Varmenjeh-ye `Olya;Vermenjeh,colloquial,osm
ir-yavan,Yuvan,colloquial,osm
ir-amaleh-ye-bala,`Amaleh-ye `Olya,colloquial,osm
ir-amaleh-ye-pa-in,`Amaleh-ye Sofla,colloquial,osm
ir-bandareh,بین دره,colloquial,osm
ir-beyn-darreh,Bin Darreh;Bindarreh;Bondarreh,colloquial,osm
ir-dari-bar,در مور;دره برد,colloquial,osm
ir-darreh-bayan,دربیان;دره بیان,colloquial,osm
ir-dezavar,Dijvar;Dabjur;Dijwar,colloquial,osm
ir-gilvan-2,Gilwan,colloquial,osm
ir-hajij-e-bozorg,حجیج بزرگ,colloquial,osm
ir-hajij-e-kuchek,حجیج کوچک,colloquial,osm
ir-hirvi,Hirawi;Haweri;Harveh;Hirvi;Hiravi;Heravi;Harvi;Hervi,colloquial,osm
ir-kama-darreh,Koma Darreh;Kumeh Darreh,colloquial,osm
ir-khandanehkar,Khanankar,colloquial,osm
ir-najjar,نجاری;نجار,colloquial,osm
ir-nosmeh,نسمۀ سفلى;نشه,colloquial,osm
ir-nosmeh-ye-olya,نو سام;نسمه;نوسمه,colloquial,osm
ir-nowsud-2,Nawsud,colloquial,osm
ir-shorkan,Shareh Khan;Sharekan;Shoraka;Sharakan;Sheikha,colloquial,osm
ir-shushami-ye-bala,Shushmir-e Bala;Shushami-ye `Olya;Shu Shamshir-e Bala;Shushami-e Bala,colloquial,osm
ir-shushami-ye-pa-in,Shushmir-e Pa'in;Shushami;Sushmi;Shushami-ye Sofla;Shushami-e Pa'in;Shu Shamshir-e Pa'in,colloquial,osm
ir-avendin,اوندین,spelling,osm
ir-biveh-ragh,بیورق,colloquial,osm
ir-dastjerd-3,Dostair,colloquial,osm
ir-dizaj-e-malek,Dizaj Malek;Diza;Dizeh;Dizaj,colloquial,osm
ir-havistin,هاوستین,spelling,osm
ir-holaq,هلغ;هلیق;خولیک,colloquial,osm
ir-iri,ابریق,colloquial,osm
ir-iri-ye-sofla,Dabari;Iri Sofla;Iri-e Sofla;Iri-ye Pa'in;Iri Pa'in;Dubra;Dibri;Dab Iri,colloquial,osm
ir-kheyroddin,Kheyradyn;Kheiroddin;Kheyr ad Din;Kheiradim,colloquial,osm
ir-komar-e-bala,کمر بالا;کمر الی;کوه مار;کمار علیا;یوخاری کمار;کمار;یوخاری گمار,colloquial,osm
ir-komar-e-pa-in,کمار سفلی,colloquial,osm
ir-kujan,Kujian;Kudzhyan;Koojan Dezmar;Kujeyan,colloquial,osm
ir-lilab,Lilan;Lilyan,colloquial,osm
ir-malek-qozat,Molk;Mulk;Malek Qozat;Myul'k;Malek Qozzat;Molk-e Qozat;Malek Ghozat,colloquial,osm
ir-nechaq,Nachagh;Najaq;Nehchaq;Nacheq;Nicha,colloquial,osm
ir-varazqan,ورزگان;ورزغن دزمر;ورزگن,colloquial,osm
ir-aghaj-oghlu,آغاج اغلو,colloquial,osm
ir-aghdash-3,آغ داش,colloquial,osm
ir-alucheh-molk,آلچه ملک,colloquial,osm
ir-ana-khatun,Anakhatoon,colloquial,osm
ir-cheraghlu,چراغلی,colloquial,osm
ir-kanzana,گنزنق,colloquial,osm
ir-gumanj-e-sofla,کمانج سفلی,colloquial,osm
ir-gumanj-e-oliya,کمانج علیا,colloquial,osm
ir-kohol,Kogul';Kuqul;Kahul;Kahal,colloquial,osm
ir-kurd-kandi,Kukendy;Kukandi;Kordlar;Kukendi,colloquial,osm
ir-lari,لار,colloquial,osm
ir-maranu,مرناب,colloquial,osm
ir-monavvar,Monawar;Minavar,colloquial,osm
ir-mujonbar,موجومبار,colloquial,osm
ir-sar,Lar;Sal,colloquial,osm
ir-sari-qayah,Sari Qayeh;Sargaya;Jegarud;Jegrud,colloquial,osm
ir-dash-ispiran,سفیدان عتیق,colloquial,osm
ir-tazeh-kand-8,Tazakend,colloquial,osm
ir-torp,Torb;Tarop;Turp,colloquial,osm
ir-varkash-2,برکش;ورکش;ورکچ,colloquial,osm
ir-yengi-ispiran,سفیدان جدید,colloquial,osm
ir-alenjaq,الینجق,colloquial,osm
ir-andabil,Yandabil';Andehbil,colloquial,osm
ir-bagh-e-vazir,Bagh-i-wazir;Badvazyr';Bagh Vazir,colloquial,osm
ir-dadivan-dideh-ban,دیده بان,spelling,osm
ir-haruniyeh,Hurlan;Gol Lar;Harunabad;Harunieh,colloquial,osm
ir-ivand,Uvand,colloquial,osm
ir-javash,Jevash,colloquial,osm
ir-kalankash,Kalankash;Kelen-ki;Kalankesh;Kolankesh;Kalankish,colloquial,osm
ir-kalash,Kalas;Keyalash;Kialash;Kulash,colloquial,osm
ir-mahalleh-ye-qasemli,شهرک بناب,colloquial,osm
ir-marv-dizaj,Marovu-Diza;Marow Dizaj;Moru Dizaj;Marvi Dizeh;Marov Dizeh;Morovu Dizeh;Marovi Dizeh,colloquial,osm
ir-molla-yahya,نوجه ده ملا یحیى,colloquial,osm
ir-osdaghi,Ust Dagh;Yuzdagh;Yuzdag;Osdaqi,colloquial,osm
ir-shordara-shordaraq-2,شوردرق,colloquial,osm
ir-seyvan-sagban,Sagban;Seyvan,colloquial,osm
ir-amestejan,Anestavan;Amastjan;Amestajan;Anistavan,colloquial,osm
ir-andirgan-andariyan,اندریان,spelling,osm
ir-angoshtjan,Angoshtevan;Angoshtejan;Angestevan;Angeshtavan;Angistavan,colloquial,osm
ir-atashdiro-atashkhosro,آتش خسرو,spelling,osm
ir-bishak,بش اشک;بشاک;وشک;بیشک,colloquial,osm
ir-daryan-2,دریان,colloquial,osm
ir-dizaj-e-hoseyn-beyg,حسین بی دیزه,colloquial,osm
ir-dizaj-sheykh-marjan,دیزج شیخ مرجان;دیزه,colloquial,osm
ir-duyijan-dogijan,دوکیجان;دویجان;دوکجان,colloquial,osm
ir-duyijan-dogijan,دویی جان,spelling,osm
ir-eslamabad-e-mashnaq,مشنق;مشنغ;مشنک,colloquial,osm
ir-gulakhir-qolakhur,گل آخور,spelling,osm
ir-gowrand,Kurand;Gerand;Goorand,colloquial,osm
ir-gusheh-daraq,گوشه وزق,colloquial,osm
ir-guzi-hajjilar,حاجیلار گونی;حاجیلر گونی;حاجی لو,colloquial,osm
ir-heris-2,هریز;تریز;هریس,colloquial,osm
ir-heydarabad-9,Geydarabad;Haiderabad;Haidarabad;Hedarabad,colloquial,osm
ir-iri-ye-olya,یری بالا;یرئ علیا,colloquial,osm
ir-ja-farabad-5,جعفران;جعفر آباد,colloquial,osm
ir-jame-eye-bozorg,جامع بزرگ,colloquial,osm
ir-gavanaguyra-javanan-qoruh,جوانان گروه,spelling,osm
ir-jowshin,جشین;جوشون;جوشین,colloquial,osm
ir-kabud-gonbad,Keymaty;Qeymati;Qesmati;Qishlaq Qimati;Qeshlaq-e Yuzabad,colloquial,osm
ir-kalu,Kaloo;Chelou;Chilov;Chalow;Kalow;Chelow;Chilowv;Chelu,colloquial,osm
ir-kuh-kamar-2,که کمر;کوکمر;کوه کمر,colloquial,osm
ir-majidabad-5,Tazakend;Tazeh Kand,colloquial,osm
ir-mashahir,Mashir;Mesheir,colloquial,osm
ir-milaq,Meyli;Meyla;Meyleq;Meylaq;Meila,colloquial,osm
ir-miveh-rud,Muvari;Miveh Rood;Myuvari;Movari,colloquial,osm
ir-qal-eh-maraghush,Qal`ehmaraghush,colloquial,osm
ir-qarajeh-ye-feyzollah,قراجه فضل اله;فراجۀ بالا,colloquial,osm
ir-qarajeh-ye-mohammad,Verkhnyaya Karadzha;Qarajeh Mohammad;Qarajeh;Gharajeh Mohammad,colloquial,osm
ir-qareh-qiyah,قره تپه,colloquial,osm
ir-qareh-tappeh-ye-bala,قره تپه;لاک علیا;لک;قره تپۀ بالا;لیک;قره تپۀ پائین;قره تپه علی و سفلا;لاک سفلى;قره تپۀ علیا و سفلى;قر تپ,colloquial,osm
ir-qareh-tappeh-ye-pa-in,قره تپه,colloquial,osm
ir-seqay,Saghay;Sirgai;Saqay;Sygay,colloquial,osm
ir-sivan-2,سیدان,colloquial,osm
ir-sohrun-sahran,سهران,spelling,osm
ir-sorkheh-3,Saray;Seraz;Serar,colloquial,osm
ir-tarzam,Tarzom,colloquial,osm
ir-yengejeh-6,Yengidzha;Yengejeh Dezmar;Engija,colloquial,osm
ir-zarghan,زلینجه,colloquial,osm
ir-azimabad,عظیم;عظیم;عظیم آباد,colloquial,osm
ir-a-qan,Aghan,colloquial,osm
ir-ahmadabad-18,Akhmed-oba,colloquial,osm
ir-aniq,Anigh;Aneq;Anniq;Anikh;Mahall-e-Chador Neshini;Kochev'ye Anekho;Anekh,colloquial,osm
ir-anviq,Amvei;Amvey;Anaviq,colloquial,osm
ir-ardukin,Urgutum;Urgutin;Owrgotin;Orkotin;Orgotin;Ordukin;Arkatin;Orgotan,colloquial,osm
ir-astmal,استمل;آستمال,colloquial,osm
ir-avan-sar,Amvey,colloquial,osm
ir-avan,Ovan,colloquial,osm
ir-chay-kandi,Chaykendy;Chaykhaneh;Chaikhana,colloquial,osm
ir-chulakheyr,کول آخیر;گل اخر,colloquial,osm
ir-chulakheyr-2,Chulakhir;Qeshlaq Kol Akhur;Cholyakhyr;Chulakher;Qeshlaq Gol Akhur;Qeshlaq Kol Akhir;Choliakhir;Chowlakhir,colloquial,osm
ir-duzal,Dozal,colloquial,osm
ir-duzal,امامزاده شعیب دوزال,spelling,osm
ir-evli,اوال;الء;اولی,colloquial,osm
ir-karangan,Kyurengyan;Kerenkan;Karankan;Karanagan;Karanigan;Kerengan;Karingan,colloquial,osm
ir-kavanaq,Kavani;Kevany;Kevani;Kavand;Kavaniq;Kavanagh,colloquial,osm
ir-khaylar,Kheylar;Khoylar;Kheilar,colloquial,osm
ir-kordasht,Kur Dasht,colloquial,osm
ir-malek-talesh,Mulk;Malek;Molk;Mol'n,colloquial,osm
ir-mardanqom,Mardenaum;Mard Agham;Merdenaum,colloquial,osm
ir-mianeh-2,میانه;میانه کرد احمد,colloquial,osm
ir-mianeh-2,Mianeh,spelling,osm
ir-misan,مسن,colloquial,osm
ir-namnaq,Namenaq;Namanaq;Namna;Namangh;Namineh;Namnya,colloquial,osm
ir-nasir,دوست اشنا,colloquial,osm
ir-nowjeh-mehr,نوجمهر,colloquial,osm
ir-oruj,Owruj;Oruch;Orudzh;Uruj;Uroj,colloquial,osm
ir-oshtubin,وشتبین;وشتوبین;اوشتبین,colloquial,osm
ir-pahnavar,پگنرر;پهناور کرد احمد;پهنور,colloquial,osm
ir-pir-bolaghi,Fir Bulaq,colloquial,osm
ir-qarehchi-ye-ma-dan,قَرِهچئ مَعدَنی,colloquial,osm
ir-qeshlaq-8,قشلاق ارامنه,colloquial,osm
ir-qulan,قره درق,colloquial,osm
ir-qulan-2,قلان;غلن,colloquial,osm
ir-rahim-qeshlaqi,رحیم قشلاق;قشلاق رحیم;گنجعلی,colloquial,osm
ir-rusta-ye-fasli-ye-qeshlaq-e-khurasha-ye-bala,قشلاق خوراشا,colloquial,osm
ir-shahsavan-2,یلسون;قشلاق شاهسون;ایل سون,colloquial,osm
ir-tilkari,تلکری,colloquial,osm
ir-tirvan,Tervan,colloquial,osm
ir-vanestan,Vanistan,colloquial,osm
ir-golsarek,گلسرک,spelling,osm
ir-satellu,ساتیللی,colloquial,osm
ir-chalanchulan,چمن سلطان,old,osm
ir-ayeblu,ایوب لو,colloquial,osm
ir-n3636537652,شهرک سازمان آب,colloquial,osm
ir-gowharan-2,انگهران,old,osm
ir-n3641016604,کلوجکدان,colloquial,osm
ir-n3645342858,الیاویت,spelling,osm
ir-n3649883866,سراجلو,spelling,osm
ir-juqin-2,خوینرود,spelling,osm
ir-n3653251085,بالوجه,spelling,osm
ir-ayakh-kali-kali-sofla,آیاخ کلی,colloquial,osm
ir-n3665505648,بزینان,colloquial,osm
ir-n3666380957,Qeinar,colloquial,osm
ir-markid-2,مرکیت,colloquial,osm
ir-arbatan-2,آرباتان,colloquial,osm
ir-galleh-ban,گلوان,colloquial,osm
ir-qush-qayahsi,قوش قایا,colloquial,osm
ir-zenkereh,زنکره;زنگره,colloquial,osm
ir-vahram-bahram,بهرام,spelling,osm
ir-kandlaj,کوللو;کوللی;کوللی کندی,colloquial,osm
ir-yukhari-diza-dizaj-e-olia,دیزج علیا,spelling,osm
ir-oryantapeh,آییراندیبی,old,osm
ir-oryantapeh,آیران دیبی,colloquial,osm
ir-pir-eshaq,پیراسحق,colloquial,osm
ir-silgerd,سیلگید,colloquial,osm
ir-mahidasht-2,مایدشت,old,osm
ir-sahlan,ساآلان,colloquial,osm
ir-agh-kahriz,آق کهریز,colloquial,osm
ir-aski-kand-asl-kand,اسکی کند,colloquial,osm
ir-yekan-sadi,سعدی,spelling,osm
ir-yekan-sofla,یئکن کهریز,colloquial,osm
ir-yekan-oliya,"داش یئکن, باش یئکن",colloquial,osm
ir-yukhari-shahbulagh-yukhari-goybulagh,یوخاری گوی بلاغ,colloquial,osm
ir-ashaghi-shahbulagh-ashaghi-goybulagh,آشاغی گوی بلاغ,colloquial,osm
ir-dehsorkh,ده سرخ,colloquial,osm
ir-bileh-darreh,ویلا درق,colloquial,osm
ir-bileh-darreh,ویلا دره,colloquial,osm
ir-shahabieh,گلدشت,colloquial,osm
ir-n3710977227,طالش,spelling,osm
ir-liliyan,مینودشت,colloquial,osm
ir-tarajiq,ترجیق,spelling,osm
ir-majarshin,میجرشین,colloquial,osm
ir-qayabashi-qushchi-bayram-khajeh,قیه باشی,colloquial,osm
ir-quytul,قویتول,colloquial,osm
ir-seyyed-shahab-3,سید شهاب,colloquial,osm
ir-dilbilmaz-delavaran,دیل بیلمز,colloquial,osm
ir-motaaleq,موتاللی,colloquial,osm
ir-dinarabad-2,دینارآباد,spelling,osm
ir-shahrabad-e-kord,شهر آباد کرد جلیلی راد,spelling,osm
ir-masoud-abad,مقصود آباد,colloquial,osm
ir-alakuza-amir-dizaj,آلاکوزه,colloquial,osm
ir-kalagid-kalleh-gerd,کله گید,spelling,osm
ir-sefid-kamar,سفیدکمر,spelling,osm
ir-kalno-kaleno,کلنو,colloquial,osm
ir-aqcheh-owbeh,آقچه اوبه,spelling,osm
ir-chobanli-shabanlu,چبانلو,colloquial,osm
ir-filband,فل‌بند,colloquial,osm
ir-n3765226805,اوریاجیق,spelling,osm
ir-vayvay-magidabad,وای وای,colloquial,osm
ir-a,محله اشرفی اصفهانی,colloquial,osm
ir-b7-neighbourhood,محله استاد شهریار,colloquial,osm
ir-targhrood,طرق,colloquial,osm
ir-khanamir,خان‌میر;خان میر,colloquial,osm
ir-dizaj-e-agha-hasan,حسن آقا دیزه سی,colloquial,osm
ir-dizaj-e-agha-hasan,دیزج آقاحسن,spelling,osm
ir-ghallehzar,خله زر,colloquial,osm
ir-badamyar-qadamgah,بادامیار,colloquial,osm
ir-babaqishlaqi-aliqishlaqi,باباقشلاقی,colloquial,osm
ir-tajaddin,تاجینلی,colloquial,osm
ir-n3831357898,عرب عابدی,colloquial,osm
ir-n3869304775,روستای قاسم آباد,spelling,osm
ir-dalilar,دلیلر,colloquial,osm
ir-gulman-saray,Gulman Saray,spelling,osm
ir-qizilja-3,Qizilje,spelling,osm
ir-deh-manan,دهمیان,colloquial,osm
ir-bavanat-2,جیان,old,osm
ir-homashahr,سعادت آباد,colloquial,osm
ir-sa-at-square,ساعات قاباغی,colloquial,osm
ir-b-4,محله شهید صدر,colloquial,osm
ir-n3965536113,محسن آباد,spelling,osm
ir-basa-idu,باسایدو,old,osm
ir-basa-idu,سینکو,colloquial,osm
ir-basa-idu,باسدو,colloquial,osm
ir-khaneh-shir,خانشیر,colloquial,osm
ir-meshkin,مشگین,colloquial,osm
ir-n3986756266,قارا تپه,colloquial,osm
ir-dash-band,داشبند,colloquial,osm
ir-n3987680011,آغجه مشهد,colloquial,osm
ir-n3987684554,آغجه دیزج,colloquial,osm
ir-khaneqah-e-bafrajerd,خنیه,colloquial,osm
ir-gharanjik-khaje-khan,قرینجیگ قربان آخون,colloquial,osm
ir-jenaghard,جناقرد,spelling,osm
ir-n4007757402,دیجویجن,colloquial,osm
ir-chapaqli,چپاقلی,colloquial,osm
ir-n4036400243,ضیاآباد,colloquial,osm
ir-n4056290112,اسلام آباد سفلی,colloquial,osm
ir-1-2,۱,spelling,osm
ir-ab-lashkar-e-sofla,آبلشکر سفلی,colloquial,osm
ir-ab-lashkar-e-olya,آبلشکر علیا,colloquial,osm
ir-baba-zeyd,بابا زید,colloquial,osm
ir-eshpala,اشبلا,colloquial,osm
ir-khush,خوش منزل ننه,spelling,osm
ir-bagh-safa,باغ سیاه,spelling,osm
ir-razjerd,رزگرد,colloquial,osm
ir-razjerd,ززی‌یَرد,colloquial,osm
ir-barehsar,Barehsar,colloquial,osm
ir-zavut,بابا زاهد چلو,colloquial,osm
ir-gozal-dareh-sofla,گوزلدره سفلی,colloquial,osm
ir-lulek-abad,لیلگوآ,colloquial,osm
ir-n4135935369,قزن آباد,spelling,osm
ir-n4149775405,جزیمق دره بهشت,spelling,osm
ir-sari-dare,ساری درق,colloquial,osm
ir-n4149846091,دونبلی,colloquial,osm
ir-galangedar,حسن آباد,colloquial,osm
ir-n4150173177,کیوی بالا,colloquial,osm
ir-n4150173177,گیوی,colloquial,osm
ir-mamulan-city,شهرستان معمولان,spelling,osm
ir-arsuon,Arsin,colloquial,osm
ir-ardi-musa,ایردی موسی,colloquial,osm
ir-jalalabad,علی آباد,colloquial,osm
ir-n4222178504,شهرک ولایت فقیه,colloquial,osm
ir-hejrat,هجرت دورگ اتابک,colloquial,osm
ir-shool-bozorg,شول گپ,colloquial,osm
ir-chetab-e-sofla,قلعه قائین,colloquial,osm
ir-arasanj,آرا سنج,colloquial,osm
ir-arasanj-ghadim,آرا سنج قدیم,colloquial,osm
ir-n4266032259,امیرکبیر,colloquial,osm
ir-shahnagh,شانق,colloquial,osm
ir-n4294669022,بانک تجارت,old,osm
ir-taheriyeh,طاهرآباد,old,osm
ir-phase-8,دره بهشت,colloquial,osm
ir-saran-paein,سارون دومنی,colloquial,osm
ir-abdolabad-6,عبدل آباد,spelling,osm
ir-n4336250672,چهار برج,colloquial,osm
ir-n4337169113,قره قوچ علیا,colloquial,osm
ir-dumuru-domriq,دومریق,spelling,osm
ir-aqdaraq-e-jadid,آق درق جدید,spelling,osm
ir-aqdaraq-e-qadim,آق درق قدیم,spelling,osm
ir-ali-shah,علی شاه,colloquial,osm
ir-khasra-kali-khaneh-ye-khosrow,خانه خسرو,spelling,osm
ir-molla-kola-2,ملاکلا,colloquial,osm
ir-tiyan,طیان,colloquial,osm
ir-joobkhale-paeen,جوخله دومن,colloquial,osm
ir-chareh,چاره,colloquial,osm
ir-moallem-kola,معلم کلا آمل,colloquial,osm
ir-n4394186767,اسفاد,old,osm
ir-n4394186768,Bidokht,colloquial,osm
ir-n4396261546,موتورگرگیج,colloquial,osm
ir-makaki,کرم شاه,colloquial,osm
ir-makaki,Karam;Karamshah;Karam Shah,spelling,osm
ir-a2-neighbourhood,محله قدس,colloquial,osm
ir-a1-neighbourhood,محله ۲۲ بهمن,colloquial,osm
ir-a3-neighbourhood,محله زهره,colloquial,osm
ir-b-5,محله شهید بهشتی,colloquial,osm
ir-palangar,پرنگر,colloquial,osm
ir-mahdikanlu,Mardkanlu,colloquial,osm
ir-n4413716442,بزقوچ علیا,colloquial,osm
ir-zarandin-e-olya,زرندین بالا,colloquial,osm
ir-tazehabad-e-bostan-kheyl,Bostan Kheyl,colloquial,osm
ir-khordoun-kola,خردان کلا,colloquial,osm
ir-khorramabad-sari,خرم آباد ساری,colloquial,osm
ir-seyyed-abu-saleh,سید ابوصالح,spelling,osm
ir-seyf-koti,سیف‌کتی,spelling,osm
ir-shahidabad-2,تروجن,colloquial,osm
ir-n4413928887,طوله سرا,old,osm
ir-vosta-kola,"Vosta Kola, Qaem Shahr",colloquial,osm
ir-zarandin-e-sofla,زرندین پایین,colloquial,osm
ir-semeskandeh-ye-pain,سمسکنده پایین,spelling,osm
ir-panbeh-chuleh-ye-pain,پنبه‌چوله پایین,spelling,osm
ir-peemat,پیمط,colloquial,osm
ir-n4413973583,ابلکه سر بزرگ,colloquial,osm
ir-kharat-kola,خراط کلا,colloquial,osm
ir-kharat-kola,روستای خراطکلا,spelling,osm
ir-siahgelchal,سلیم آباد پائین,colloquial,osm
ir-n4413975885,شادمراد محله,colloquial,osm
ir-n4413976012,طالارسر غربی,colloquial,osm
ir-tale-2,طالع,spelling,osm
ir-n4413976059,کراجوبکنار,colloquial,osm
ir-titkan,تیتکان,colloquial,osm
ir-khoygan-e-olya,خویگان علیا روستای محسن علایی,spelling,osm
ir-zia-abad,ضیا آباد,spelling,osm
ir-larak,لاطان,old,osm
ir-nur-abad,نورآباد,colloquial,osm
ir-gowji,گوجیک,colloquial,osm
ir-mirpasand,شاهسوند,colloquial,osm
ir-rahmatabad-8,سلطان آباد,colloquial,osm
ir-mazlaghan,مزدکان,spelling,osm
ir-mahestan,گاو دره,colloquial,osm
ir-n4417745154,شاهرخ آباد,old,osm
ir-shahrak-e-qaem,تنگل شور علیا,old,osm
ir-n4417745513,شورک افغانها,colloquial,osm
ir-n4418015236,آب قوی,colloquial,osm
ir-bonyabad,بنی آباد,colloquial,osm
ir-tup-derakht,توپ درخت,colloquial,osm
ir-n4418016900,جیزآباد شاهان,colloquial,osm
ir-n4418016917,حسن آباد شاهراه,colloquial,osm
ir-aminieh,خرابه امین,old,osm
ir-n4418017242,سرمزار,colloquial,osm
ir-n4418017524,قلعه زو,colloquial,osm
ir-n4418017541,محمود آباد قدس,colloquial,osm
ir-n4418017566,مهرشاهی,colloquial,osm
ir-n4418017670,کاریزان ملا احمد,colloquial,osm
ir-n4418017699,کلاته شاه محمد,spelling,osm
ir-n4418017709,کلاته قادری,colloquial,osm
ir-n4419610919,آب جقان,colloquial,osm
ir-n4419610920,آبگرم,colloquial,osm
ir-abrash,ابرشک,colloquial,osm
ir-islam-abad-arab,شاه آباد عرب,old,osm
ir-shad-mianeh,شادمیانه,spelling,osm
ir-shahid-kamju,شهید نامجو,colloquial,osm
ir-shir-hesar,شیر حصار,colloquial,osm
ir-n4419612671,قلعه میان,old,osm
ir-n4419612875,کلاته شاهین,colloquial,osm
ir-n4419976542,شاه نشین علیا,old,osm
ir-n4419976563,شهوه علیا,old,osm
ir-dehbar,ده بار,colloquial,osm
ir-deh-sorkh-4,ده سرخ,colloquial,osm
ir-chaltalpak,چال تل پک,spelling,osm
ir-n4420280684,آرمادلو,colloquial,osm
ir-mohammad-abad-10,محمد علیخان,colloquial,osm
ir-n4420281023,کوکلی,spelling,osm
ir-qush-khaane,ینگه قلعه بالا,colloquial,osm
ir-donbaleju,ابراهیم آباد سر جوی دنبال سر جوی,colloquial,osm
ir-azmighan,ازمیغان کال جن,spelling,osm
ir-n4420808083,مرتضویه,colloquial,osm
ir-bimad,بیمار,colloquial,osm
ir-n4420808257,شیخ‌آباد,colloquial,osm
ir-n4420808270,خانلرآباد,colloquial,osm
ir-dehsalam,Dehsalm;Deh-e Salam,colloquial,osm
ir-zirak-2,زیرگ,colloquial,osm
ir-n4420808384,سندادان,colloquial,osm
ir-siskan,سیسگان,colloquial,osm
ir-sharifabad-12,اشکمبرآباد,colloquial,osm
ir-shahrak-e-shahid-dastghib,قاسم آباد,old,osm
ir-shirag,تک برج,colloquial,osm
ir-n4420808417,عباس آباد کلب,colloquial,osm
ir-n4420808524,وارزگ,colloquial,osm
ir-posuj,پسوچ,colloquial,osm
ir-n4420808596,کلات نو,colloquial,osm
ir-n4420808625,گومه,spelling,osm
ir-emamdeh,امامده,colloquial,osm
ir-berma-ye-ashrostaq,برماعشرستاق,spelling,osm
ir-haris,حریس,spelling,osm
ir-yademan,Kharchang,colloquial,osm
ir-dangsarak-2,دنگ‌سرک ساری,colloquial,osm
ir-zanget-e-sofla,زنگت پایین,colloquial,osm
ir-n4422680886,Zavat Gharb,spelling,osm
ir-n4422682298,طالارسر شرقی,colloquial,osm
ir-sadat-mahalle,لش سر,colloquial,osm
ir-veresk,عباس آباد,colloquial,osm
ir-kardar-kola,کاردگرکلا,colloquial,osm
ir-golurd,Goloord,colloquial,osm
ir-andishe-phase-5,اندیشه فاز ۵,colloquial,osm
ir-andishe-phase-6,اندیشه فاز ۶,colloquial,osm
ir-n4424252059,قاسم آباد مسیر قلعه کرشاهی,spelling,osm
ir-n4424905866,سیاهکل ده,colloquial,osm
ir-n4424905903,علی آباد بالا,old,osm
ir-n4424905919,لات سرا,colloquial,osm
ir-n4424905940,لله رود,colloquial,osm
ir-n4424906066,روستای چهارده استان گیلان,colloquial,osm
ir-noghlehbar-village,نقله بر,spelling,osm
ir-gel-sefid-2,گلسفید,colloquial,osm
ir-odloo,یاریم تپه,old,osm
ir-zahra,زاهرا,colloquial,osm
ir-n4426847468,آجی بزایه,colloquial,osm
ir-n4426848900,الله ده,spelling,osm
ir-n4426849758,ونبین,spelling,osm
ir-n4426850867,بالامحله سیاه گل وندان,colloquial,osm
ir-n4426851637,طاسکوه,colloquial,osm
ir-ma-af,مافان,colloquial,osm
ir-n4426851910,نعمتسرا,colloquial,osm
ir-n4426851967,پایین محله قاسم‌ آباد,colloquial,osm
ir-n4426852049,کبوتر آبکش,colloquial,osm
ir-n4429160614,دهنو,colloquial,osm
ir-n4429160704,علیشار,spelling,osm
ir-n4429160823,چیلیسبان,colloquial,osm
ir-n4429347060,تاد پایین,colloquial,osm
ir-qal-eh-qods,قلعه محی‌الدین,colloquial,osm
ir-n4430563583,ویی,spelling,osm
ir-tazeh-kand-e-angut,تازه کندانگوت,colloquial,osm
ir-n4433304827,آرچنیگ,colloquial,osm
ir-n4433304827,آرچینی,spelling,osm
ir-eshkastak,اشکستک,spelling,osm
ir-n4433306400,علی آباد,spelling,osm
ir-baahookalaat,باهو,colloquial,osm
ir-borzindan,برزین دن,spelling,osm
ir-tisorook,تی سروک,spelling,osm
ir-jod,روستای گردشگری جّد,colloquial,osm
ir-n4433306826,حاجی ادم ادینه پور,colloquial,osm
ir-hooshamb-e-baalaa,حوشم,colloquial,osm
ir-n4433306926,دور,colloquial,osm
ir-n4433306964,کوشوک,colloquial,osm
ir-dapkor,غماسان,old,osm
ir-dapkor,گماسان,colloquial,osm
ir-dapkor-2,دپکر,spelling,osm
ir-rogantok,رگنتک,spelling,osm
ir-sarbuk,ساربوگ,colloquial,osm
ir-n4433307564,ده شیخی,spelling,osm
ir-sarmich,سرمیچ,spelling,osm
ir-sohran-2,سهران,spelling,osm
ir-sib,سب,colloquial,osm
ir-dehkamaal,ده کمال,spelling,osm
ir-n4433307664,سورچاه بلوچان چاه,colloquial,osm
ir-shashgim,شش گیم,spelling,osm
ir-qaderabad-8,قادر آباد,colloquial,osm
ir-qaderabad-8,کادرآباد,colloquial,osm
ir-morad-abad-5,ناصر آباد,spelling,osm
ir-sariaabaad-e-paayin,سری آبادپایین,spelling,osm
ir-n4433309161,نیلگان,spelling,osm
ir-padig,پاديگ,spelling,osm
ir-pashamak,پشامگ,colloquial,osm
ir-pirdaan,پیر,old,osm
ir-pirdaan,هیتکش,colloquial,osm
ir-n4433309275,گریکان,spelling,osm
ir-chaanf,چنف,colloquial,osm
ir-karvandar,کاروندر,colloquial,osm
ir-kotij,گتیج,colloquial,osm
ir-kalaatok,کلاتوک,spelling,osm
ir-kalgook,کل گوک,spelling,osm
ir-kalengaan,کلنگان,spelling,osm
ir-n4433309960,کمب مراد آباد,colloquial,osm
ir-qal-eh-rashid-e-yek,قلعه رشیدیک,spelling,osm
ir-gerdaak,گرداک,spelling,osm
ir-kagdaan,کگدان,spelling,osm
ir-golnoush,گلنوش,spelling,osm
ir-gaazgari,گازگری,spelling,osm
ir-gervaan,گروان,colloquial,osm
ir-baharan-5,گو,colloquial,osm
ir-dowlatabad-17,آخماز,colloquial,osm
ir-dezhkord,دژ کرد,colloquial,osm
ir-ab-barik-8,آب باریک,colloquial,osm
ir-kaaftar,امیرآباد,spelling,osm
ir-kanzaq,گنزه,colloquial,osm
ir-majidabad-6,مجید آباد,spelling,osm
ir-asad-kandi,اسدکندی,spelling,osm
ir-n4444427340,شرکت عماکو,spelling,osm
ir-zahreh,چم خلف عیسی,colloquial,osm
ir-ovraqin,ارقین,old,osm
ir-n4444428642,کوی دکتر صدر,spelling,osm
ir-golgir,گلگیر,colloquial,osm
ir-lalan-2,لالون,colloquial,osm
ir-n4446818778,مجتمع مسکونی ۴۰۰ دستگاه,colloquial,osm
ir-darb-e-behesht,ساردوئیه,old,osm
ir-shahvaneh,شاهوانه,colloquial,osm
ir-n4446819134,گولخانا شهرجیی,colloquial,osm
ir-kurzeh,کورزق,colloquial,osm
ir-kurazag-e-now,گوزرک,colloquial,osm
ir-darengoun,دارنجان,colloquial,osm
ir-kanzeh-rud,کنزه‌رود,colloquial,osm
ir-chara-makan,چرامکان باغ دایی,spelling,osm
ir-rudbar-5,اسلام آباد,colloquial,osm
ir-reyhan-shahr,اسلام آباد,spelling,osm
ir-bagh-e-babuiyeh,Bāghbāghū’īyeh,colloquial,osm
ir-valiasr-suburb,روستای حاجی آباد نظری,old,osm
ir-n4449328467,(توحیدآباد,old,osm
ir-n4449328474,روداب وسط,spelling,osm
ir-n4449328870,عزیز آباد,colloquial,osm
ir-aliabad-49,علی آباد عمران,colloquial,osm
ir-jebalbarez,محمدآباد مسکون,colloquial,osm
ir-n4449329020,شهرک بلوچ,colloquial,osm
ir-kashkuiyeh,کشکوییه دشتاب,colloquial,osm
ir-mahjan,مهگان,spelling,osm
ir-ardali,اردلی,spelling,osm
ir-ardali-town,شهرک ادلی,spelling,osm
ir-n4449525161,شهرک شهید مطهری,spelling,osm
ir-bagheno-2,باغنو,spelling,osm
ir-saleh-abad-e-gharbi,شهرک رسالت,colloquial,osm
ir-javadiyeh-bugar,ده بوگری,colloquial,osm
ir-khaniman,Khaniman,spelling,osm
ir-dasht-e-azadegan,تیرتاج,colloquial,osm
ir-n4459618763,موسویه,colloquial,osm
ir-sadat-abad-2,سعادت آباد,spelling,osm
ir-n4459619098,افرز شمالی,colloquial,osm
ir-sahra-sefid,صحراسفید,colloquial,osm
ir-emadshahr,عمادده,colloquial,osm
ir-lirmanjan,لیرمنگوم,colloquial,osm
ir-noor-abad-2,طویله بند,old,osm
ir-n4459619818,روستای چهارده استان فارس,colloquial,osm
ir-golestan-11,کاسکان,colloquial,osm
ir-manaman,منامین,spelling,osm
ir-n4461340053,خلازیر,colloquial,osm
ir-saeedabad-4,سعید آباد,colloquial,osm
ir-n4461340325,محمودآباد,colloquial,osm
ir-malekabad-13,شهرک کامیون داران,colloquial,osm
ir-palain,پلائین,spelling,osm
ir-n4461340384,چهل قزوسیاه دره,colloquial,osm
ir-shahandasht,شاهاندشت,spelling,osm
ir-n4466315170,نقاره خانه,spelling,osm
ir-n4466315510,آقا پشت گج,colloquial,osm
ir-n4466315535,Bābā-ye Kalān;Bābā Kalū;Bāba Keln;Bāba Kelu;Chashmeh-ye Bābā Kālān;Cheshmeh-ye Bābā Kalān;Cheshmey-ye Bābā Kalān,colloquial,osm
ir-baeraee,Beraei,spelling,osm
ir-bizhgan,Bizh gan,spelling,osm
ir-n4466315616,تل بابونه,colloquial,osm
ir-n4466315661,"Ghaleh,Jelo",colloquial,osm
ir-khonegah,Khonegah,spelling,osm
ir-dashte-raz,Dashte Raz,spelling,osm
ir-sar-tange-ravagh,Sar Tange Ravagh,spelling,osm
ir-sepidar-2,سفیدار,colloquial,osm
ir-n4466490015,دمنالو,old,osm
ir-askestan,استان,colloquial,osm
ir-n4468681648,گلها رود,spelling,osm
ir-ankeh,هنگام,colloquial,osm
ir-n4471103466,ابوفاضل,colloquial,osm
ir-n4471103477,روستای غلامعلی,colloquial,osm
ir-n4471105206,اسلام آباد سرنهری,colloquial,osm
ir-n4471105818,برم گاومیشی سه,old,osm
ir-bene-lam,چله سرخ,spelling,osm
ir-n4471106978,خیطعماره,colloquial,osm
ir-beyt-e-davood,درویشی,spelling,osm
ir-n4471108172,سردار آباد,spelling,osm
ir-n4471108172,سردارآباد,colloquial,osm
ir-n4471108341,سیدصبهان,colloquial,osm
ir-chamran-4,جراحی,colloquial,osm
ir-chamran-4,شهر چمران,colloquial,osm
ir-saleh-shahr,شهر چمران,spelling,osm
ir-saleh-shahr,شهرک شهید چمران,colloquial,osm
ir-n4471108745,شهید بهشتی,colloquial,osm
ir-fath-ol-mobin,صالح مشطت,colloquial,osm
ir-n4471108799,طگطاگه (آزادی),spelling,osm
ir-fare-zayer,فرغ زایر,spelling,osm
ir-n4471109100,فیروزآباد میهن آباد,spelling,osm
ir-n4471109112,قدرت آباد البو حمادی,spelling,osm
ir-pir-musa-2,تُوله,colloquial,osm
ir-n4471110560,روستای چهارده استان خوزستان,colloquial,osm
ir-shokrali-qishlaqi,شکرعلی کندی,colloquial,osm
ir-ashaghi-hinabad-hona-abad-e-sofla,آشاغی هین آباد,colloquial,osm
ir-yukhari-hinabad-hona-abad-e-oliya,یوخاری هین آباد,colloquial,osm
ir-chaqa-bahram,"چغابهرام,چقا بهرام,چغا بهرام",colloquial,osm
ir-seyavel,"سیاه ول,سیا ول",colloquial,osm
ir-n4491452665,دره اشکفت,colloquial,osm
ir-n4491452709,قلعه بهاءالدین,spelling,osm
ir-kamareh-ye-olya-2,کمره بالا,colloquial,osm
ir-bid-kalmeh,بیکلمه,colloquial,osm
ir-shahrak-parvaz-4,چوبتراش میان گلال,old,osm
ir-zarrin-choqa-ye-olya,زرین چغا بالا,colloquial,osm
ir-n4491454312,اسکین سفلی,spelling,osm
ir-sarab-e-dowreh,سراو دوره,colloquial,osm
ir-n4491454568,کافر مسلمان,old,osm
ir-haji-asghar,حاجی علی اصغر,colloquial,osm
ir-haji-asghar,دمی دول,colloquial,osm
ir-haji-asghar,حاجی آباد,colloquial,osm
ir-n4491454675,کهریزوروشت,colloquial,osm
ir-shahrak-e-shahid-keshvari,جهان‌آباد,old,osm
ir-shahrak-e-shahid-keshvari,وِنِسو,colloquial,osm
ir-tudeh-zan,تیزه‌زه,colloquial,osm
ir-qaed-taher,کاتار,colloquial,osm
ir-shahrak-e-shahid-mohammad-e-borujerdi,دره گرگ,old,osm
ir-chaqabol-2,چغابل,colloquial,osm
ir-basat-beygi,قلعه بساط بیگی,colloquial,osm
ir-n4493293286,ویله,old,osm
ir-n4496581992,زکان,spelling,osm
ir-n4496582062,قره دره,spelling,osm
ir-n4497368279,قبادبگیان,colloquial,osm
ir-zireh-merg,زیر مرگ,colloquial,osm
ir-n4497368648,قالوی باسودلان,colloquial,osm
ir-n4497368655,پیربهاءالدین,colloquial,osm
ir-n4497368729,کلدگه,colloquial,osm
ir-n4497368762,ارمنی بلاغی,colloquial,osm
ir-n4497368988,حیدرآباد میاندوآب,spelling,osm
ir-n4497369012,سردکوهستان,colloquial,osm
ir-n4497369064,خانلر,spelling,osm
ir-n4497369084,کوروش آباد,colloquial,osm
ir-majandeh-2,مجندی,colloquial,osm
ir-ruin-dizaq,روستای رویین دزق,old,osm
ir-ruin-dizaq,روستای بهمن دژ,colloquial,osm
ir-ruin-dizaq,روستای قوناخ قیران,colloquial,osm
ir-n4500748488,روستای شوون علیا,colloquial,osm
ir-n4500749365,قشلاق دیلنچی,colloquial,osm
ir-n4501083286,هورمغان علیا,spelling,osm
ir-n4501083394,هورمغان سفلی,spelling,osm
ir-dara-harovsha-arabshah-e-daraq,پوخلو هروشه,colloquial,osm
ir-qaleh-ye-qareh-dash,قلعه سرهنگ,colloquial,osm
ir-qadim-mahas-meqas-e-qadim,مقاس قدیم,spelling,osm
ir-taza-mahas-meqas-e-jadid,مقاس جدید,spelling,osm
ir-kaghbat-keyqobad,کیقباد,spelling,osm
ir-n4528891296,کلانتر بابالو,spelling,osm
ir-n4528891298,کلانتر غلام,spelling,osm
ir-n4528891321,صومعه ملکشاه,spelling,osm
ir-mir-kuh-e-olya,میرکوه سلطان,spelling,osm
ir-n4528891330,میرکوه حاجی,spelling,osm
ir-n4528891333,میرکوه علی میرزا,spelling,osm
ir-estelu,اسطلو,colloquial,osm
ir-n4528891605,قزل قیه,colloquial,osm
ir-n4528891609,ناچیت کورانلو,colloquial,osm
ir-sohrol,کلیسای سهرل,spelling,osm
ir-tajareh-village,شجره,colloquial,osm
ir-kahirkand,کهیرکند حاج خداداد,colloquial,osm
ir-n4540943006,روستای چهارده استان چهارمحال و بختیاری,colloquial,osm
ir-n4540943032,ده گاه,colloquial,osm
ir-absharan-sofla,سرکون پائین,colloquial,osm
ir-absharan-olia,سرکون بالا,colloquial,osm
ir-n4540967299,سیب ستان,colloquial,osm
ir-n4540967305,تنکمان,spelling,osm
ir-zarb-ali,قلعه نقد علی,old,osm
ir-cheshmeh-saran,قلعه میرآخور,old,osm
ir-ali-morad-khvah,قلعه علی مرادخاء,colloquial,osm
ir-sadatabad,دره عثمان,old,osm
ir-rezvankadeh,میوا,colloquial,osm
ir-rezvankadeh,می آباد,colloquial,osm
ir-tajar-2,تجر,colloquial,osm
ir-tajar-2,طجر سامن,colloquial,osm
ir-bahareh,سلطان آباد,old,osm
ir-n4541038546,شاه بداق,colloquial,osm
ir-abshineh,آوشینه,colloquial,osm
ir-n4541038554,مزداگرد,old,osm
ir-n4541038554,مازاگرد,colloquial,osm
ir-gamasb,جاماسب,old,osm
ir-gamasb,پاماست,colloquial,osm
ir-gamasb,پاماس,colloquial,osm
ir-n4541038703,مزرعه بید,colloquial,osm
ir-mahajerabad,خان آباد,old,osm
ir-firooz-abad,فیروز آباد,spelling,osm
ir-raziabad-3,رجوار,colloquial,osm
ir-ghalat-historical-village,روستای گردشگری قلات,colloquial,osm
ir-zagros-tourist-village-2,دهکده توریستی زاگرس,colloquial,osm
ir-rashid-abad,تنگ کهره,colloquial,osm
ir-band-didegan,بند دیدگان,colloquial,osm
ir-mahdiyeh-suburb,شهرک جوانان,colloquial,osm
ir-sadfa-dasht,گنداب,colloquial,osm
ir-amir-arab,امیرالمومنین,colloquial,osm
ir-n4725833022,کونه وه رچه,colloquial,osm
ir-rig-abad,ریگ آباد,spelling,osm
ir-ghanat-shib-deh,کن شیب ده,spelling,osm
ir-rahmanabad-2,رَمِنُاد,colloquial,osm
ir-rahmanabad-2,رحمن‌ آباد,colloquial,osm
ir-varniab,وارنیاب,colloquial,osm
ir-sefidrood,علی‌ آباد پایین,old,osm
ir-anuch,انوج,colloquial,osm
ir-shahid-abad,جیان,colloquial,osm
ir-n4930578252,چمن,colloquial,osm
ir-n4949468807,زیدآباد,colloquial,osm
ir-shahrak-amiralmomenin,شهرک امیر مومنین,colloquial,osm
ir-tirshab,تیرشاب,colloquial,osm
ir-n5027781989,گنزیر,colloquial,osm
ir-n5100772072,دام شهر,colloquial,osm
ir-saleh-abad-8,ملک آباد,colloquial,osm
ir-n5164679080,فجرآباد,spelling,osm
ir-n5172903669,فاز شش مهستان,colloquial,osm
ir-n5236952421,مسکن مهر پردیس,colloquial,osm
ir-n5241200408,روستای شوون سفلی,colloquial,osm
ir-pir-barzgu,برزگو,colloquial,osm
ir-n5271503420,لیژان,colloquial,osm
ir-n5273102201,۴۰۰ دستگاه,colloquial,osm
ir-n5326159748,شهرک توحید - زرناس,colloquial,osm
ir-n5368952818,آرمس,colloquial,osm
ir-rooiedeh-village,روییده,colloquial,osm
ir-n5455030627,شهرک سپاه,colloquial,osm
ir-n5501697996,درزکری,colloquial,osm
ir-heidari-town,شهرک شهید حیدری,colloquial,osm
ir-n5582315999,استلِ‌سر,spelling,osm
ir-n5599595803,دهلکوه,colloquial,osm
ir-n5652399329,شهرک سرطاف,colloquial,osm
ir-suli-daraq,سولیدرق,spelling,osm
ir-qods-2,سبزه الماس,old,osm
ir-qods-2,شهر قدس,colloquial,osm
ir-qods-2,قلعه حسن خان,colloquial,osm
ir-n5773623475,شهرک آسمان,colloquial,osm
ir-n5893946345,کوی ملت,colloquial,osm
ir-namalar,محله نمه لر,colloquial,osm
ir-cheshme-li-bagh,چشمه لو,old,osm
ir-n5898770395,faze yek padadshahr,spelling,osm
ir-22th-bahman,۶ بهمن,old,osm
ir-goy-mascid,مسجد کبود,spelling,osm
ir-shahid-chamran-university-of-ahvaz,دانشگاه جندی شاپور سابق,spelling,osm
ir-n5903089312,ahan afshar,spelling,osm
ir-ali-abad-26,نور,colloquial,osm
ir-4rah-sirus,مدنی ۱,colloquial,osm
ir-n5903654759,گوهردشت,spelling,osm
ir-akhgar-abaad,اختر آباد,colloquial,osm
ir-n5904531145,کاخوک,colloquial,osm
ir-givi-2,گیوی,old,osm
ir-n5954045502,مالمیر,colloquial,osm
ir-e1-neighbourhood,ایثار 1,colloquial,osm
ir-e4-neighbourhood,ایثار 4,colloquial,osm
ir-n6007490881,سایت روحانی,colloquial,osm
ir-dam-shahr,شهرک دام,old,osm
ir-ariobarzan,بیسیم,colloquial,osm
ir-b-6,محله شهید بهشتی,colloquial,osm
ir-qabr-e-musa,قُرموسی,colloquial,osm
ir-chah-marian,چه موری,colloquial,osm
ir-n6126217435,دره چپی,old,osm
ir-garmeh-khani-mirbag,گرمه خانی میربگ,spelling,osm
ir-takhti-square,میدان جهان پهلوان تختی,colloquial,osm
ir-n6282677365,ونارج,colloquial,osm
ir-n6293098233,شهرداری منطقه 6 ناحیه 1,colloquial,osm
ir-cham-village,روستاي چم,spelling,osm
ir-n6327092077,سعدی,colloquial,osm
ir-n6327092078,مولوی,colloquial,osm
ir-n6327092079,بهداری,colloquial,osm
ir-n6328781943,مفتح,colloquial,osm
ir-e5-neighbourhood,ایثار 5,colloquial,osm
ir-e6-neighbourhood,ایثار 6,colloquial,osm
ir-e3-neighbourhood,ایثار 3,colloquial,osm
ir-e2-neighbourhood,ایثار 2,colloquial,osm
ir-f1-neighbourhood,فرهنگ 1,colloquial,osm
ir-f2-neighbourhood,فرهنگ 2,colloquial,osm
ir-f3-neighbourhood,فرهنگ 3,colloquial,osm
ir-f4-neighbourhood,فرهنگ 4,colloquial,osm
ir-f5-neighbourhood,فرهنگ 5,colloquial,osm
ir-zarrin-choqa-ye-sofla,زرین چغا پایین,colloquial,osm
ir-motahari-neighborhood,قلعه‌گل,colloquial,osm
ir-garrabad,ناصح آباد,colloquial,osm
ir-hadait-aleh,گچ بندی,colloquial,osm
ir-n6440526461,خرگونه,old,osm
ir-n6497299467,آبتلخ,colloquial,osm
ir-gurjiu,کفترحله,colloquial,osm
ir-phase-three,فاز ۳,old,osm
ir-phase-one,فاز ۱,old,osm
ir-phase-two,فاز ۲,old,osm
ir-phase-four,فاز ۴,old,osm
ir-phase-five,فاز ۵,old,osm
ir-phase-zero,فاز ۰,old,osm
ir-phase-six,فاز ۵,old,osm
ir-n6639713762,چغاپهن,colloquial,osm
ir-jandi-shapur,چغامیش,colloquial,osm
ir-jandi-shapur,اسلام آباد,colloquial,osm
ir-ashab-2,اصحاب سفلی,colloquial,osm
ir-eshaqabad-3,اسحاق آباد,spelling,osm
ir-n6681061094,جلال آباد,colloquial,osm
ir-n6682544486,کوسار,colloquial,osm
ir-kazemabad-9,خیرآباد,colloquial,osm
ir-fulad-mahalleh,پولادمحله,colloquial,osm
ir-industrial-city-of-najaf-abad-2,شهرک صنعتی جزدون,colloquial,osm
ir-n6796218206,۰۳۱,colloquial,osm
ir-n6796251605,۰۸۰,colloquial,osm
ir-n6796260185,۰۱۶,colloquial,osm
ir-n6800682535,۰۲۶,colloquial,osm
ir-n6800682570,۰۱۲,colloquial,osm
ir-n6800729164,۰۴۲,colloquial,osm
ir-n6801626391,۰۷۵,colloquial,osm
ir-n6801626425,۰۷۱,colloquial,osm
ir-n6801626454,۰۸۹,colloquial,osm
ir-n6801641691,۰۵۱,colloquial,osm
ir-n6801679932,۰۷۶,colloquial,osm
ir-n6802719349,۰۴۹,colloquial,osm
ir-n6802724807,۰۴۵,colloquial,osm
ir-n6803029422,۰۹۸,colloquial,osm
ir-n6803079743,۹۹,colloquial,osm
ir-n6805445301,۱۲۴,colloquial,osm
ir-zanget-e-olya,زنگت بالا,colloquial,osm
ir-latergaz-e-sofla,لترگاز روبار,colloquial,osm
ir-latergaz-e-olya,لترگاز بالا,colloquial,osm
ir-old-aktokay,آق توقای,colloquial,osm
ir-n6880503528,کنیزک,colloquial,osm
ir-majomard,رضوانشهر,colloquial,osm
ir-akbarabad-23,گروک,colloquial,osm
ir-n7090341366,گل تپ,colloquial,osm
ir-n7106225126,کهنگ گدار,colloquial,osm
ir-mahiabad,مهیاباد,colloquial,osm
ir-n7273853635,طاهرگوراب,colloquial,osm
ir-zabering,زبرینگ,spelling,osm
ir-nokan,نوکان,spelling,osm
ir-gorasher,گورەشیر,spelling,osm
ir-imam-khomeini-town-3,شهرک 4,spelling,osm
ir-baharestan-town-2,شهرک 2,spelling,osm
ir-erfan-town,شهرک 3,spelling,osm
ir-drula-upper,درولە علیا,spelling,osm
ir-n7393887211,تنگ زرد پایین,colloquial,osm
ir-n7393887212,تنگ زرد بالا,colloquial,osm
ir-nekah-2,نکاح,colloquial,osm
ir-gud-araban,درب شیخ,colloquial,osm
ir-malek-abad-6,بوک بالا,colloquial,osm
ir-komeyz,کمیز,colloquial,osm
ir-n7779945483,چاه پایاب,colloquial,osm
ir-n7795566279,اشربی,colloquial,osm
ir-hoseynabad-34,صالح آباد,old,osm
ir-n7811056308,ولی آباد,colloquial,osm
ir-n7811074360,گله چشمه بالا,colloquial,osm
ir-n7820028218,قلعه رود خان,colloquial,osm
ir-n7943510472,شهرک یاران,spelling,osm
ir-rimdan-e-bankul,ریمدان بنگول,colloquial,osm
ir-n7994401190,ابوشکر,spelling,osm
ir-n7994401196,ابوحمید,spelling,osm
ir-n7994425855,ابوفلوس,spelling,osm
ir-hesar-e-chupan,صالحیه,spelling,osm
ir-n8361228120,طوفشیرین,old,osm
ir-n8361434707,برم گاومیشی دو,old,osm
ir-n8361467502,هوره,old,osm
ir-n8361682366,برم گاومیشی یک,old,osm
ir-n8376048101,ده عباسقلی,colloquial,osm
ir-hamashahr,هماشهر,colloquial,osm
ir-n8432492529,هشانی,colloquial,osm
ir-n8479428177,صلگ,colloquial,osm
ir-qeshlaq-e-sofla,قشلاق خسروخان,old,osm
ir-n8569994256,پریشان,colloquial,osm
ir-n8569994257,خیزان,colloquial,osm
ir-n8569994258,ونسوون,colloquial,osm
ir-n8569994297,کشتارگاه,colloquial,osm
ir-baregadan,باریگدان,colloquial,osm
ir-n8649162398,غفور آباد,colloquial,osm
ir-ferdowsi-5,جهانگیری,colloquial,osm
ir-sajjadiye,باغ خلج,colloquial,osm
ir-n8662296572,شهرک نگین,colloquial,osm
ir-kuye-naseriye,قنات ناصری,colloquial,osm
ir-n8697467252,ییلاق,colloquial,osm
ir-lavar-gol-village,روستای لاور گل,spelling,osm
ir-n8868382780,چشمه توتی,old,osm
ir-n8909753689,سه راهی گتوند,spelling,osm
ir-n8928638287,فلکه ستاد، حوض فلکه، فلکه ساعت، فلکه شاه,old,osm
ir-jalal-e-sofla,جلال سفلی,colloquial,osm
ir-shahrah-2,سنگ کار,colloquial,osm
ir-shahrah-2,شاهراه,colloquial,osm
ir-ava,شهر آوا (مانه و سملقان),colloquial,osm
ir-n9382853026,اَصلی کیشی قشلاغی,spelling,osm
ir-n9459995419,نصرت آباد,colloquial,osm
ir-n9654801422,تاد بالا,colloquial,osm
ir-chaqa-naqd-e-ali,Chia Kao;Cheqa Kabud;Cheqa Naqd-e `Ali-ye `Olya;Choqa Naqd `Ali;Chia Ku;Cheqa Kabud-e Naqd `Ali,colloquial,osm
ir-chaqa-hoseyn,Choqa Hoseyn,colloquial,osm
ir-do-chaqa-darvish,Do Choqa Darvish,colloquial,osm
ir-azreh-ye-mohammad-khan-2,Azreh-ye Mokarrami,colloquial,osm
ir-n9792279423,رده طاهر,colloquial,osm
ir-n9792279425,بوزه چپ,colloquial,osm
ir-n9792279428,حسن مظلوم,colloquial,osm
ir-n9792279431,معبودی,colloquial,osm
ir-n9792279449,بحریه,colloquial,osm
ir-n9792279451,راس جنوبی;بوزه راست,colloquial,osm
ir-n9792279452,شلحه,colloquial,osm
ir-n9805219987,النصار,colloquial,osm
ir-n9805219988,المعمرة,colloquial,osm
ir-n9926079282,شهرک توحید,old,osm
ir-paramount-crossing,چهارراه پارامونت,old,osm
ir-paramount-crossing,چهار راه پارامونت,spelling,osm
ir-jaftah,چفته,spelling,osm
ir-mazhin-mianeh-sorkh,ماژین میانه سرخ,spelling,osm
ir-gelana,گیلانه,spelling,osm
ir-plia,پلیە,spelling,osm
ir-twasia,توەسیە,spelling,osm
ir-qapachal,قپەچال,spelling,osm
ir-krsar,کهرسر,spelling,osm
ir-mazda-ban-bakr,مزرعەبان بکر,spelling,osm
ir-siagl,سیاگل,spelling,osm
ir-zherwzn,ژیروزن,spelling,osm
ir-taal,تعل,spelling,osm
ir-banalg,بان علگ,spelling,osm
ir-drg,درگ,spelling,osm
ir-mlakhatun,ملیەخاتوون,spelling,osm
ir-plug-kana,پلنگ کنا,spelling,osm
ir-wellamalamala,ویلەملاملا,spelling,osm
ir-darzulexa,دارزولیخا,spelling,osm
ir-tabark,تبرک,spelling,osm
ir-gawmeshan,گاومیشان,spelling,osm
ir-sartang-6,سرتنگ,spelling,osm
ir-mayan,میان,spelling,osm
ir-taimana,تیمانه,spelling,osm
ir-peshtang,پشتنگ علیا,spelling,osm
ir-balladasht,بالادشته,spelling,osm
ir-darwana,دارونە,spelling,osm
ir-zayran-upper,ظاهروەند علیا,spelling,osm
ir-mahdiyeh-3,مهدیە,spelling,osm
ir-cham-shama,چم چمە,spelling,osm
ir-lieutenant-general-martyr-haj-qassem-soleymani-town,شهرک شهید قاسم سلیمانی,colloquial,osm
ir-bannar,بندنر,colloquial,osm
ir-n10660837780,دره دراز,colloquial,osm
ir-choman,چومان,spelling,osm
ir-malek-rahmati-airport,فرودگاه سهند,old,osm
ir-shah-valli,شاه ولی,spelling,osm
ir-n10973984400,شهرک رضویه,colloquial,osm
ir-n11048079159,سیاه گلوندان پایین,colloquial,osm
ir-n11138461271,شهرک جوانان,colloquial,osm
ir-rekun,باغکلا,colloquial,osm
ir-fathabad-15,شاه نشین,colloquial,osm
ir-n11431588192,مسکن ملی,colloquial,osm
ir-n11508831907,قلعه بالا,colloquial,osm
ir-n11517507710,بعثت,colloquial,osm
ir-nughab-3,ناقو,spelling,osm
ir-sabz,سبیز,colloquial,osm
ir-samantouj,مزرعه زمان‌رستمی,colloquial,osm
ir-n12321209823,دیواندرە;دیوان دەرە;دیواندەرە,colloquial,osm
ir-n12361930591,روستای آجر پزی ایران,colloquial,osm
ir-golestan-square,میدان کلبه،,colloquial,osm
ir-choob-sorkh,چوب سرخ,colloquial,osm
ir-n12766620406,درویش کندی,colloquial,osm
ir-n13174799995,موتور شماره 210,colloquial,osm
ir-shir-hoseini,کربلایی محمد حسینی,colloquial,osm
ir-n13273452030,دهواران,colloquial,osm
ir-n13287197211,شهرداری منطقه 6 ناحیه 3,colloquial,osm
ir-n13288312639,Kohbon,colloquial,osm
ir-n13945999096,شهرک توحید - زرناس,colloquial,osm
ir-n13984276238,بیشه هندی,colloquial,osm
ir-siasak,Siyāsak,colloquial,osm
ir-n14020456267,علی کوری,colloquial,osm
ir-shadmehr-street,شادمان,spelling,osm
ir-soroush,یکم دریان نو,old,osm
ir-sadr-expressway,بزرگراه دوگل,old,osm
ir-dr-qarib,بیات,old,osm
ir-fathi-shaghaghi-street,هشتم,colloquial,osm
ir-motahhari-street,تخت طاووس,old,osm
ir-islamic-revolution-square,میدان ۲۴ اسفند,old,osm
ir-islamic-revolution-square,میدان مجسمه,colloquial,osm
ir-islamic-revolution-square,میدان انقلاب اسلامی,spelling,osm
ir-keshavarz-boulevard,بلوار الیزابت دوم,old,osm
ir-hejab-street,لس آنجلس,old,osm
ir-enqelab-e-eslami-street,شاهرضا,old,osm
ir-16-azar,شانزده آذر,colloquial,osm
ir-emam-montazar,هخامنش,old,osm
ir-valiasr-street-2,پهلوی,old,osm
ir-valiasr-street-2,ولیعصر,colloquial,osm
ir-shahid-lashgari-expressway,جاده مخصوص کرج,old,osm
ir-paknejad-street,بلوار پاکنژاد,colloquial,osm
ir-vahid-dastgerdi,ظفر,old,osm
ir-kharazm,مخبری,colloquial,osm
ir-north-shajarian,فلامک شمالی,old,osm
ir-ekbatan-town-square,میدان شهرک اکباتان,colloquial,osm
ir-jomhuriye-eslami-street,شاه,old,osm
ir-abshenasan-expressway,بزرگراه ایرانپارس,old,osm
ir-hashemi-rafsanjani-expressway,بزرگراه نیایش,colloquial,osm
ir-shahid-hemmat-expressway,بزرگراه شمال عباس آباد,old,osm
ir-asadabadi-street,یوسف آباد,old,osm
ir-abbaspour-street,توانیر,old,osm
ir-hemmat-expressway-2,بزرگراه شمال عباس آباد,old,osm
ir-hashemi-rafsanjani-expressway-2,بزرگراه نیایش,colloquial,osm
ir-major-general-pilot-martyr-asadullah-barbari-overpass,پل پاکنژاد,colloquial,osm
ir-major-general-pilot-martyr-asadullah-barbari-overpass,پل شهید بربری,colloquial,osm
ir-w4313984,پل شهید اخباری,colloquial,osm
ir-yadegar-e-emam-expressway-2,بزرگراه ۱۰۰,old,osm
ir-south-homayoonshah-street,همایونشهر جنوبی,colloquial,osm
ir-taleqani-3,تخت جمشید,old,osm
ir-felestin-square,میدان کاخ,old,osm
ir-roudaki,سلسبیل,old,osm
ir-shahid-rashid-street,Hengam Blvd,old,osm
ir-lavasani-street,فرمانیه,old,osm
ir-malek-ashtar-street,آریانا,old,osm
ir-sheykh-fazlollah-noori-expressway-2,بزرگراه ایوبی,old,osm
ir-major-general-pilot-martyr-hasan-bahram-overpass,پل شهید بهرام,colloquial,osm
ir-w4334705,بیمه چهارم,old,osm
ir-yemen-street,تابناک,old,osm
ir-haghani-expressway,خیابان جهان کودک,old,osm
ir-haghani-expressway,جهان کودک,colloquial,osm
ir-pourjafari,ایثار,colloquial,osm
ir-zeynoddin-expressway,بزرگراه شمال عباس آباد,old,osm
ir-south-kargar,خیابان سی متری ششم بهمن,old,osm
ir-hor-square,میدان باغ شاه,old,osm
ir-west-janbazan-boulevard,گلبرگ غربی,colloquial,osm
ir-west-janbazan-boulevard-2,گلبرگ غربی,colloquial,osm
ir-west-janbazan-boulevard-3,گلبرگ غربی,colloquial,osm
ir-w4344288,خیابان آبشار,old,osm
ir-hemmat-expressway-3,بزرگراه شمال عباس آباد,old,osm
ir-shahid-hassan-tehrani-moghaddam-square,میدان کاج,old,osm
ir-shahid-hassan-tehrani-moghaddam-square,میدان شهید حسن تهرانی مقدم,spelling,osm
ir-jalal-al-ahmad-expressway,فرحزاد,old,osm
ir-salami-local-lane,کنارگذر آزادگان,colloquial,osm
ir-borujerdi-boulevard,شهرزاد,colloquial,osm
ir-w4361878,مستوفی,old,osm
ir-beheshti,خیابان عباس آباد,old,osm
ir-beheshti,عباس آباد,colloquial,osm
ir-shahid-hemmat-expressway-2,بزرگراه شمال عباس آباد,old,osm
ir-shohadaye-artesh-square,میدان اقدسیه,colloquial,osm
ir-pasdaran-6,سلطنت آباد,old,osm
ir-pasdaran-6,Pasdaran Avenue,colloquial,osm
ir-motavaliaan,بلوار گلها,old,osm
ir-azadi-street,خیابان آیزنهاور,old,osm
ir-azadi-street,خیابان آزادی,spelling,osm
ir-15-khordad-2,بوذرجمهری,old,osm
ir-davoodian,درکه,colloquial,osm
ir-major-general-pilot-martyr-rostam-ebrahimzadeh-overpass,پل شهید ابراهیم‌زاده,colloquial,osm
ir-w4414109,نفت,colloquial,osm
ir-mohammad-amin-aliyali-street,علیالی,colloquial,osm
ir-komeyl-boulevard,جوانمرد قصاب,colloquial,osm
ir-komeyl-boulevard-2,جوانمرد قصاب,colloquial,osm
ir-komeyl-street,جوانمرد قصاب,colloquial,osm
ir-azar-bridge,پل ابوذر,colloquial,osm
ir-azar-bridge-2,پل ابوذر,colloquial,osm
ir-w4444604,میدان باغ ملی,colloquial,osm
ir-beheshti-square-2,میدان مجاهدین,colloquial,osm
ir-cheraghi-highway,جوانه,colloquial,osm
ir-yadegar-e-emam-expressway-3,بزرگراه ۱۰۰,old,osm
ir-w4497815,بزرگراه ۱۰۰,old,osm
ir-iranshenasi,۶۴ غربی,colloquial,osm
ir-iranshenasi,12 بهمن,colloquial,osm
ir-nejatollahi-street,ویلا,old,osm
ir-nejatollahi-street,استاد نجات الهی,colloquial,osm
ir-nejatollahi-street,خیابان ویلا,colloquial,osm
ir-aryafar-boulevard,بلوار دانش,old,osm
ir-fathi-shaghaghi-street-2,هشتم,colloquial,osm
ir-mohammad-ali-keshavarz,۲۴ متری سعادت آباد,old,osm
ir-nelson-mandela-boulevard,خیابان جردن,old,osm
ir-nelson-mandela-boulevard,بلوار آفریقا,colloquial,osm
ir-nelson-mandela-boulevard,جردن,colloquial,osm
ir-emam-khomeini-street,خیابان امام خمینی,spelling,osm
ir-shahid-hemmat-expressway-3,بزرگراه شمال عباس آباد,old,osm
ir-north-shiraz-street,شیراز شمالی,old,osm
ir-yahya-sinwar-street,بیستون,old,osm
ir-ghaem-square-2,میدان اول قائم,old,osm
ir-sabbari-street,آجودانیه,old,osm
ir-babaee-expressway,بزرگراه مدائن,old,osm
ir-w4623324,خیابان اردیبهشت,old,osm
ir-shahid-ayatollah-raeisi-st,پاستور,colloquial,osm
ir-rasht-qazvin,رشت - قزوین,colloquial,osm
ir-razi-square,میدان رازی,colloquial,osm
ir-w4750811,بلوار میرزا کوچک خان,colloquial,osm
ir-w4751016,بلوار لاکانی,colloquial,osm
ir-nasser-hejazi-boulevard,بلوار فردوس غرب,colloquial,osm
ir-nelson-mandela-boulevard-2,بلوار آفریقا,old,osm
ir-nelson-mandela-boulevard-2,جردن,colloquial,osm
ir-morteza-fayyazi-st,فرشته,old,osm
ir-irlu-boulevard,بلوار صبا,old,osm
ir-irlu-boulevard,بلوار شهید ایرلو,spelling,osm
ir-major-general-pilot-martyr-mansour-mohammadi-azad-overpass,پل شهید محمدی‌آزاد,colloquial,osm
ir-shahid-soleimani-expressway,بزرگراه رسالت,old,osm
ir-moqaddasi-street,مژده,old,osm
ir-mahmod-ahmadi-e-zamani-street,خیابان نخجوان,colloquial,osm
ir-w4824637,کمربندی نوشهر و چالوس,colloquial,osm
ir-w4831630,پل شهید درویش,colloquial,osm
ir-9th-dey-sq,میدان حق شناس,colloquial,osm
ir-hafezi-street,ارغوان غربی,old,osm
ir-w4832140,پل شهید اخباری,colloquial,osm
ir-w4832993,شیمیایی,colloquial,osm
ir-voskanian,آفتاب,colloquial,osm
ir-attar-nishaburi-square,میدان عطار نیشابوری,spelling,osm
ir-khamenei-boulevard,جاده فیروزکوه,colloquial,osm
ir-nashveh-st,سازمان آب,colloquial,osm
ir-paydar-fard,امیر ابراهیمی,old,osm
ir-sattar-khan-street,خیابان تاج,old,osm
ir-w8377801,بزرگراه ۱۰۰,old,osm
ir-shahid-gholamreza-mokhberi-boulevard,سی و پنج متری گلستان,old,osm
ir-w9218999,بلوار آزادگان,colloquial,osm
ir-soleymani-boulevard,جاده ملارد,old,osm
ir-soleymani-boulevard,بلوار آزادگان,colloquial,osm
ir-imam-khomeini-street,انوشیروان,colloquial,osm
ir-shahid-soleimani-expressway-2,بزرگراه رسالت,old,osm
ir-w17456059,بلوار شهدا شمس الدین و نورالدین مقدم,colloquial,osm
ir-marand-evoghli-road,جاده مرند- ایواوغلی,spelling,osm
ir-w17533255,بلوار امام خمینی,spelling,osm
ir-w17692174,میدان توحید,colloquial,osm
ir-w17692193,بلوار کاشفی,colloquial,osm
ir-w17692193,هشتم فاز ۲,spelling,osm
ir-w17926089,بلوار شهید مدرسی (هشتم),colloquial,osm
ir-w18075118,بلوار رستاخیز,colloquial,osm
ir-w18075692,بلوار رستاخیز,colloquial,osm
ir-gole-nabi,دشتستان ۴,old,osm
ir-w19369261,بلوار شکوهی,colloquial,osm
ir-w19369261,یازدهم فاز ۲,spelling,osm
ir-w19394907,داریوش,spelling,osm
ir-w19402546,سی و پنج متری,colloquial,osm
ir-w19513075,بلوار استقلال شمالی,spelling,osm
ir-general-ebrahim-khani-square,میدان مهران,colloquial,osm
ir-general-ebrahim-khani-square,میدان سرلشکر ابراهیم خانی,spelling,osm
ir-w19575786,میدان پرستار,colloquial,osm
ir-w19580353,یکم غربی,spelling,osm
ir-w19781940,بابایی,spelling,osm
ir-ayatullah-khoshghovat-boulevard,بلوار آرش تیرانداز,old,osm
ir-ayatullah-khoshghovat-boulevard,بلوار حجر بن عدی,colloquial,osm
ir-ayatullah-khoshghovat-boulevard,آرش تیرانداز,colloquial,osm
ir-sajjadiyeh-sq,میدان سوم تهرانپارس,old,osm
ir-w20628472,مظاهری,colloquial,osm
ir-w20628505,رحمانی آبان,colloquial,osm
ir-beheshti-2,قزوین,colloquial,osm
ir-east-gazal-street,مریم,colloquial,osm
ir-north-ayatollah-taleghani-blvd,بلوار کوروش,old,osm
ir-north-ayatollah-taleghani-blvd,بلوار آیت‌الله طالقانی شمالی,spelling,osm
ir-w21796819,بهار,spelling,osm
ir-jomhouri-eslami-boulevard,سی و پنج متری,colloquial,osm
ir-w21796860,سی و پنج متری,colloquial,osm
ir-basij-roundabout,فلکه گندم,colloquial,osm
ir-w23054833,کدیوری,colloquial,osm
ir-w23054900,بلوار شاهد,colloquial,osm
ir-w23069936,شهدای حافظان آسمان,colloquial,osm
ir-bahnemir-square,میدان بهنمیر,colloquial,osm
ir-beheshti-3,خیابان قزوین,old,osm
ir-beheshti-3,قزوین,colloquial,osm
ir-gohardasht-bridge,بلوار آزادی,colloquial,osm
ir-north-ayatollah-taleghani-blvd-2,بلوار کوروش,old,osm
ir-north-ayatollah-taleghani-blvd-2,بلوار آیت‌الله طالقانی شمالی,spelling,osm
ir-sepah-shohada,سپه,old,osm
ir-w23903915,بلوار شهید مدرسی (هشتم),colloquial,osm
ir-north-ayatollah-taleghani-blvd-3,بلوار کوروش,old,osm
ir-north-ayatollah-taleghani-blvd-3,بلوار آیت‌الله طالقانی شمالی,spelling,osm
ir-beheshti-4,قزوین,colloquial,osm
ir-d-beheshti,قزوین,colloquial,osm
ir-shahid-qasem-soleimani-highway,جاده آسیایی,colloquial,osm
ir-jomhori-eslami-square,میدان تلویزیون,colloquial,osm
ir-shahid-kalantary-highway,جاده آسیایی,colloquial,osm
ir-shahid-mohammad-montazeri-boulevard,بولوار تلویزیون,colloquial,osm
ir-shahid-mohammad-montazeri-boulevard-2,بولوار تلویزیون,colloquial,osm
ir-imam-hasan-square,میدان امام حسن,colloquial,osm
ir-toos-boulevard,توس,colloquial,osm
ir-hafez-square,فلکه گاراژدارها,colloquial,osm
ir-emam-reza-street,خیابان تهران,old,osm
ir-emam-reza-street-2,خیابان تهران,old,osm
ir-w24160981,بلوار فرودگاه,old,osm
ir-w24227421,خیابان داروپخش,colloquial,osm
ir-w24227438,خیابان داروپخش,colloquial,osm
ir-imam-javad-boulevard,بلوار امام جواد,colloquial,osm
ir-sadr-boulevard,خیابان گل ختمی,old,osm
ir-w24243360,صدر,old,osm
ir-mofatteh-boulevard-2,سی متری طلاب,colloquial,osm
ir-shahid-dr-mofatteh-boulevard,سی متری طلاب,colloquial,osm
ir-emam-reza-street-3,خیابان تهران,old,osm
ir-shahid-aslani-square,میدان صبا,colloquial,osm
ir-shahid-aslani-boulevard,بولوار صبا,colloquial,osm
ir-shahid-aslani-boulevard-2,بولوار صبا,colloquial,osm
ir-w24378121,بولوار صدر- گل ختمی,old,osm
ir-ayatollah-ebadi-boulevard,خیابان خواجه ربیع,old,osm
ir-ayatollah-ebadi-boulevard-2,خیابان خواجه ربیع,old,osm
ir-mesam-tammar,بابانظر ۱۱,colloquial,osm
ir-meghdad-boulevard,گاز شرقی,old,osm
ir-shahid-aslani-boulevard-3,بولوار صبا,colloquial,osm
ir-raeesi-square-tohid,فلکه دروازه قوچان,old,osm
ir-bahar-boulevard,بولوار ملک الشعرا بهار,colloquial,osm
ir-hor-boulevard-2,بولوار امام رضا,colloquial,osm
ir-amirkabir-street,کوهسنگی ۲۲,colloquial,osm
ir-shahid-sadeghi-boulevard,بولوار سازمان آب,colloquial,osm
ir-w24471859,خیابان سرخس,old,osm
ir-w24471859,شهید عباسپور,colloquial,osm
ir-w24471869,خیابان سرخس,old,osm
ir-w24471869,شهید عباسپور,colloquial,osm
ir-ayatollah-shirazi-street,بالا خیابان,old,osm
ir-ayatollah-shirazi-street,خیابان شیرازی,colloquial,osm
ir-seyed-morteza,معلم ۲۴,colloquial,osm
ir-w24518571,مهریز,old,osm
ir-paniz-boulevard,بولوار پانیذ,colloquial,osm
ir-w24541157,سرداران,colloquial,osm
ir-sa-idi-expressway-2,بزرگراه شهیاد,old,osm
ir-shahid-aslani-boulevard-4,بولوار صبا,colloquial,osm
ir-w24671062,صبا ۴۲,old,osm
ir-shahid-ghasemi-street,ثامن ۲,colloquial,osm
ir-north-motahari-boulevard,خیابان شاهرخ,old,osm
ir-takhti-square-2,میدان سعدآباد,colloquial,osm
ir-south-motahari-boulevard,خیابان شاهرخ,old,osm
ir-molavi-square,میدان بهارستان,colloquial,osm
ir-vahid-dastgerdi-2,ظفر,old,osm
ir-w25410253,بولوار شفا,old,osm
ir-w25410253,بابارجب,colloquial,osm
ir-w25410259,بولوار شفا,old,osm
ir-w25410259,بابارجب,colloquial,osm
ir-w25471491,شهید مجید صفار مشهدی,colloquial,osm
ir-w25471491,10 متری عطار,colloquial,osm
ir-balal-e-habashi,خواجه ربیع ۳,colloquial,osm
ir-w25471762,شهید فرخی,colloquial,osm
ir-w25471895,طبرسی ۴,colloquial,osm
ir-w25550396,توس ۶۵,colloquial,osm
ir-seyed-morteza-2,معلم ۳۱,colloquial,osm
ir-vahid-dastgerdi-3,ظفر,old,osm
ir-shahid-hemmat-expressway-5,بزرگراه شمال عباس آباد,old,osm
ir-azadi-street-2,خیابان آیزنهاور,old,osm
ir-azadi-street-2,خیابان آزادی,spelling,osm
ir-azadi-street-3,خیابان آیزنهاور,old,osm
ir-azadi-street-3,خیابان آزادی,spelling,osm
ir-azadi-street-4,خیابان آیزنهاور,old,osm
ir-azadi-street-4,خیابان آزادی,spelling,osm
ir-w25850112,حجاب ۵۴,old,osm
ir-rezaei-nezhad,ناهید,colloquial,osm
ir-w26196318,کوشش ۲۶,colloquial,osm
ir-w26209911,سبحان ۱۸ - دایی ۱,colloquial,osm
ir-tarh-chi,خین عرب,old,osm
ir-samen-ol-aemeh-street,خیابان سردادور,old,osm
ir-w26254757,استاد علی اصغر باقرزاده,colloquial,osm
ir-asrar,دانشگاه ۱۵,colloquial,osm
ir-w26265839,صبا ۴۵,old,osm
ir-imam-javad-boulevard-2,طبرسی,old,osm
ir-imam-javad-boulevard-3,طبرسی,old,osm
ir-imam-javad-boulevard-4,طبرسی,old,osm
ir-emam-reza-boulevard,خیابان تهران,old,osm
ir-emam-reza-boulevard-2,خیابان تهران,old,osm
ir-north-motahari-boulevard-2,خیابان شاهرخ,old,osm
ir-north-motahari-boulevard-3,خیابان شاهرخ,old,osm
ir-w26354441,بوکانی ۱۳,colloquial,osm
ir-kargar-boulevard,توس ۱۰,colloquial,osm
ir-w26377844,رستمی۲,colloquial,osm
ir-w26396025,پست,colloquial,osm
ir-w26407313,تختی,colloquial,osm
ir-pasdaran-street-2,جم,old,osm
ir-w26922607,بلوار بسیج,old,osm
ir-w26922619,بلوار بسیج,old,osm
ir-w26923334,کمربندی شهمیرزاد,colloquial,osm
ir-w27057369,بولوار شفا,old,osm
ir-w27091998,آیت الله هاشمی رفسنجانی,colloquial,osm
ir-w27128851,میدان شهرداری,colloquial,osm
ir-w27388418,پروانه,old,osm
ir-w27497483,فلاحی ۳۸,colloquial,osm
ir-w27497797,رازی,colloquial,osm
ir-w27498703,خیابان طلوع,old,osm
ir-south-sabalan-street,بهرامی,old,osm
ir-w27772758,صبا ۶۹,old,osm
ir-w27800395,بیست متری دینکان,colloquial,osm
ir-daneshjoo-square-2,فلکه علم ، آسیاب سه قلو,old,osm
ir-w27803208,بیست متری ششم,colloquial,osm
ir-w28026787,ولایت ۱۰,colloquial,osm
ir-w28080098,بلوار ریاستی,colloquial,osm
ir-akhund-e-khorasani,خیابان خاکی,old,osm
ir-w28260426,کرمان,old,osm
ir-hemmat-expressway-5,بزرگراه شمال عباس آباد,old,osm
ir-zeynoddin-expressway-4,بزرگراه شمال عباس آباد,old,osm
ir-hemmat-expressway-7,بزرگراه شمال عباس آباد,old,osm
ir-nelson-mandela-boulevard-3,آفریقا,old,osm
ir-nelson-mandela-boulevard-3,جردن,colloquial,osm
ir-shahid-nilforooshan-street,West Farjam,old,osm
ir-mozafari-nia,سراج,old,osm
ir-azadegan-boulevard,بلوار کرج,colloquial,osm
ir-shahid-rashid-street-2,Hengam Blvd,old,osm
ir-w28337720,سی متری دوم دلواری,colloquial,osm
ir-shahid-nilforooshan-street-2,West Farjam,old,osm
ir-martyr-hassan-tabatabaei-nasab-st,اردیبهشت,colloquial,osm
ir-w28342227,دکتر آیت,colloquial,osm
ir-w28358657,۴۱,colloquial,osm
ir-emam-hossein-square,فلکه ستاد، حوض فلکه، فلکه ساعت، فلکه شاه,old,osm
ir-emam-hossein-square,میدان ستاد,colloquial,osm
ir-w28368782,میرزای شیرازی شرقی,old,osm
ir-w28368782,میرزا کوچک خان جنگلی,colloquial,osm
ir-w28368824,میرزای شیرازی شرقی,old,osm
ir-w28368824,میرزا کوچک خان جنگلی,colloquial,osm
ir-w28372798,بیست و پنج متری شکوفه,colloquial,osm
ir-w28437143,پاسداران 10,colloquial,osm
ir-w28457596,ذکاء الملک,old,osm
ir-gaz-square-2,میدان آزادی,colloquial,osm
ir-atlasi-square-2,میدان اطلسی,old,osm
ir-shahid-andarzgoo,خیابان خسروی,old,osm
ir-ayatollah-ebadi-street,خیابان خواجه ربیع,old,osm
ir-8-9,خیابان ناظر,colloquial,osm
ir-w28606201,بلوار آزادی,old,osm
ir-parvin-e-etesami-boulevard,بلوار پروین اعتصامی,colloquial,osm
ir-lashgari-expressway,جاده مخصوص کرج,old,osm
ir-ali-daei-blvd,بلوار غربی ورزشگاه آزادی,colloquial,osm
ir-ali-daei-blvd,بلوار علی دایی,spelling,osm
ir-shahriari-square,میدان دانشجو,colloquial,osm
ir-raeisi-expressway,انوشیروان دادگر,old,osm
ir-raeisi-expressway,بزرگراه بعثت,colloquial,osm
ir-w28758628,آیت الله سعیدی,colloquial,osm
ir-sattari-boulevard,۳۰ متری فشار قوی,old,osm
ir-w28759083,بلوار گلستان,colloquial,osm
ir-roohol-amin-st,آبشار چهارم,colloquial,osm
ir-shariati-boulevard,معالی ٱباد,old,osm
ir-shariati-boulevard,معالی آباد,colloquial,osm
ir-chamran-boulevard,معالی آباد,colloquial,osm
ir-yadollah-kalhor-st,ساسان,old,osm
ir-w30694548,فرمانفرما,old,osm
ir-south-eskandari,راه پیما,old,osm
ir-w30695127,پیروز,old,osm
ir-shahid-nasrullah-avenue,وزرا,old,osm
ir-seif,بدخشان,old,osm
ir-north-modafean-salamat-street,زرافشان شمالی,old,osm
ir-south-modafean-salamat-street,زرافشان جنوبی,old,osm
ir-major-general-pilot-martyr-rostam-ebrahimzadeh-overpass-2,پل شهید ابراهیم‌زاده,colloquial,osm
ir-w30951466,خیابان شهید مصطفی خمینی,colloquial,osm
ir-north-motahari-boulevard-5,خیابان شاهرخ,old,osm
ir-w31522287,پونه ۱۹,colloquial,osm
ir-shariati-roundabout,فلکه شاه حسینی,colloquial,osm
ir-imam-khomeini-boulevard-9,بلوار امام خمینی,spelling,osm
ir-yamamura,ب,colloquial,osm
ir-shadavar,د,colloquial,osm
ir-fallahi-2,زعفرانیه,old,osm
ir-imam-khomeini-boulevard-16,بلوار امام خمینی,spelling,osm
ir-w31728016,میدان نخل ناخدا,colloquial,osm
ir-persian-gulf-boulevard,بلوار خلیج فارس,spelling,osm
ir-w31744129,۱۷ شهریور,colloquial,osm
ir-fanakhosrow-street,فناخسرو,colloquial,osm
ir-modafean-salamat-street,مدافعان سلامت,spelling,osm
ir-ayatullah-kashani-boulevard,بزرگراه آیت الله کاشانی,old,osm
ir-ayatullah-kashani-boulevard,بلوار آتاتورک,colloquial,osm
ir-major-general-pilot-martyr-asadullah-barbari-overpass-2,پل پاکنژاد,colloquial,osm
ir-major-general-pilot-martyr-asadullah-barbari-overpass-2,پل شهید بربری,colloquial,osm
ir-park,چهارباغ,old,osm
ir-w31984821,چهارباغ,old,osm
ir-1st-shahran-square,فلکه اول شهران,colloquial,osm
ir-sabounchi-street,خیابان مهناز,old,osm
ir-sabounchi-street,مهناز,colloquial,osm
ir-khorramshahr-3,آپادانا,old,osm
ir-shahid-dr-ayat-st,نارمک,old,osm
ir-nobovat-sq,میدان هفت حوض,old,osm
ir-nobovat-sq,میدان نبوت,spelling,osm
ir-soleiman-khater-street,امیر اتابک,old,osm
ir-turkmenistan-st,خراسان,colloquial,osm
ir-fajr-street,جم,colloquial,osm
ir-w33840982,شهید رجایی,colloquial,osm
ir-w33846467,معلم,colloquial,osm
ir-w33847905,پل تاریخی ورگان,colloquial,osm
ir-w33852890,میدان نصر,colloquial,osm
ir-w34208027,آیت الله بهجت,colloquial,osm
ir-beyhaghi,شهید واعظ زاده,colloquial,osm
ir-shahid-vaez-zadeh,بیهقی,colloquial,osm
ir-persian-gulf,امام حسین (ع),colloquial,osm
ir-w34777680,دانشسرا,colloquial,osm
ir-khaqani-street,شهید ابراهیمی,colloquial,osm
ir-farzanegan,بلوار شهید اسماعیل هنیه,colloquial,osm
ir-shahid-movahedian,ثریا,colloquial,osm
ir-ali-asghar-ahmadi-riseh-street,چهارده متری لشکر,colloquial,osm
ir-fattahi-brothers-street,طاووسی,old,osm
ir-shojaeddin-davoudi-street,وحیدیه,old,osm
ir-masoud-bakht-azad-street,خیابان ارباب مهدی,old,osm
ir-masoud-bakht-azad-street,خیابان مسعود بخت آزاد,spelling,osm
ir-second-moshtagh,مشتاق دوم,colloquial,osm
ir-amini-nejad-street,هفت دست غربی,colloquial,osm
ir-imam-ali-square-2,سبزه میدان,old,osm
ir-imam-ali-square-2,میدان قیام,colloquial,osm
ir-kolahdouzan,چهارسوق,colloquial,osm
ir-marnan-street,میرزا کوچک خان,colloquial,osm
ir-w35306871,امامزاده عبدالله,colloquial,osm
ir-w35306878,جعفر جرجانی,old,osm
ir-w35306879,۱۶ متری امیری,colloquial,osm
ir-mojtaba-cheraghi-street,نهر فیروزآبادی,colloquial,osm
ir-w35693422,خیابان عمار یاسر,colloquial,osm
ir-ayatollah-taleqani-boulevard,سی‌متری,colloquial,osm
ir-w35714980,بولوار آب و برق,old,osm
ir-haft-e-tir-boulevard,بولوار آب و برق,old,osm
ir-sayad-shirazi-boulevard-2,بنفشه,colloquial,osm
ir-sayad-shirazi-boulevard-3,بنفشه,colloquial,osm
ir-ketab-boulevard,ارشاد,old,osm
ir-cheraghi-expressway,جوانه,colloquial,osm
ir-robat-karim-street,خیابان رباط کریم,old,osm
ir-w36326646,خیابان قاآنی,old,osm
ir-changizi,نشاط,old,osm
ir-west-beryanak-boulevard,بلوار بریانک غربی,spelling,osm
ir-seyyed-abedin-nouri-st-2,گلستانی,colloquial,osm
ir-w36327245,یخچال,colloquial,osm
ir-w36331944,شهدای سایپا,colloquial,osm
ir-south-ayatollah-taleghani-blvd,بلوار کوروش,old,osm
ir-south-ayatollah-taleghani-blvd,بلوار آیت‌الله طالقانی جنوبی,spelling,osm
ir-abay-kunanbaiuly-street,کاویان غربی,old,osm
ir-akhavan,بوستان دوم,colloquial,osm
ir-w36333142,ساقدوش,old,osm
ir-mosavi,گلستان چهارم,colloquial,osm
ir-south-qalandari-st,دستور جنوبی,old,osm
ir-dezashib-2,دزاشیب,old,osm
ir-jamshid-mashayekhi-street,ج,colloquial,osm
ir-lavasani-boulevard,فرمانیه,old,osm
ir-lavasani-boulevard-2,فرمانیه,old,osm
ir-north-dibaji,میهن,old,osm
ir-minodar-square,غریب کش,old,osm
ir-hojjat-soori,نیستان ۷,old,osm
ir-martyr-pourmeshkani-st,کودکان غزه,old,osm
ir-nemati,کیکاووس,old,osm
ir-sarhang-sakhaee-street,خیابان سوم اسفند,old,osm
ir-baghrood-road,شهید شوشتری,colloquial,osm
ir-imam-khomeini-square-4,فلکه ایران,colloquial,osm
ir-abu-saeed-abu-alkhair-square,سه راه عیدیانی,colloquial,osm
ir-ziba-2,زیبا,colloquial,osm
ir-mina-sq,میدان مینا,spelling,osm
ir-w36362700,آرمن,colloquial,osm
ir-w36363472,شیرمرد,old,osm
ir-w36363472,سهیلیان,colloquial,osm
ir-w36363483,مهربار,colloquial,osm
ir-neauphle-le-chateau-street,فرانسه,old,osm
ir-w36381145,استالین,old,osm
ir-w36381910,ایرانمهر,old,osm
ir-w36381940,محسن فیاض باش,colloquial,osm
ir-mehdi-shahabadi,دهم فروردین,colloquial,osm
ir-mehdi-shahabadi,بلوار دهم فروردین,colloquial,osm
ir-shahabadi-boulevard,دهم فروردین,colloquial,osm
ir-shahabadi-boulevard,بلوار دهم فروردین,colloquial,osm
ir-w36383906,۱۵ متری دوم,colloquial,osm
ir-shahidan-artesh-blvd,بزرگراه هجرت,old,osm
ir-shahidan-artesh-blvd,بلوار شهیدان ارتش,spelling,osm
ir-vahdat-e-eslami-street,شاپور,old,osm
ir-vahdat-e-eslami-street,شاهپور,colloquial,osm
ir-w36391122,خیابان فرصت,old,osm
ir-sheikh-mohammadi,بلور سازی,old,osm
ir-fatemieh-square,میدان شهرداری,colloquial,osm
ir-w36466431,جاده ابریشم,old,osm
ir-w36467507,مخابرات,old,osm
ir-imam-khomeini-street-4,خیابان امام خمینی,spelling,osm
ir-shohada-street-3,زریسف,old,osm
ir-abbaspour-boulevard,بلوار شهید عباسپور,spelling,osm
ir-w36558839,پروفسور کریمی نژاد,colloquial,osm
ir-w36558840,آبنوس 24,colloquial,osm
ir-khayyam,خواجوی کرمانی ۳۰,colloquial,osm
ir-behzad,شیخ احمد کافی شمالی 26,colloquial,osm
ir-w36606234,جنگل,colloquial,osm
ir-w36606256,وطن,colloquial,osm
ir-w36606260,بوعلی شمالی,colloquial,osm
ir-w36606263,هلال احمر,old,osm
ir-yakhchi-abad,یاخچی آباد,old,osm
ir-w36606273,جهرمی,colloquial,osm
ir-rezaei-adl-street,خیابان ستاره,colloquial,osm
ir-fadaeiyan-eslam,رزم آرا,old,osm
ir-fadaeiyan-eslam,فدائیان اسلام,colloquial,osm
ir-rajabnia,شهرزاد,old,osm
ir-rajabnia,بروجردی,colloquial,osm
ir-bokharaee-street,خیابان خزانه,colloquial,osm
ir-w36616681,امیر شرقی,colloquial,osm
ir-pasdaran-7,سلطنت آباد,old,osm
ir-pasdaran-7,Pasdaran Avenue,colloquial,osm
ir-pasdaran-8,سلطنت آباد,old,osm
ir-pasdaran-8,Pasdaran Avenue,colloquial,osm
ir-aryafar-boulevard-2,بلوار دانش,old,osm
ir-danesh-5,خوانساری,colloquial,osm
ir-w36733834,البرز,old,osm
ir-w36733837,باستیون شرقی,colloquial,osm
ir-kamali-2,کمالی,colloquial,osm
ir-rais-abdollahi-street,رئیس عبداللهی,spelling,osm
ir-rajabnia-2,شهرزاد,old,osm
ir-rajabnia-2,بروجردی,colloquial,osm
ir-w36746796,صدوق,old,osm
ir-w36746975,اردشیر,colloquial,osm
ir-mashhadirahim,زیبا,old,osm
ir-dayyani,شترداران,old,osm
ir-w36773931,غیاثی,old,osm
ir-w36788454,Nabati,colloquial,osm
ir-borujerdi-boulevard-2,شهرزاد,colloquial,osm
ir-fadaeiyan-eslam-2,رزم آرا,old,osm
ir-fadaeiyan-eslam-2,فدائیان اسلام,colloquial,osm
ir-fadaeiyan-eslam-3,رزم آرا,old,osm
ir-fadaeiyan-eslam-3,فدائیان اسلام,colloquial,osm
ir-ibn-babawayh-2,صفاییه,colloquial,osm
ir-w36831076,نسیمی,colloquial,osm
ir-w36831376,گلبن,colloquial,osm
ir-w36831898,جاده قلعه گبری,colloquial,osm
ir-bolvar-e-hefdah-e-shahrivar,بلوار هفده شهریور,colloquial,osm
ir-jomhoori-eslami-boulevard,جمهوری,colloquial,osm
ir-lashkarak-rd,جاده لشکرک,spelling,osm
ir-imam-khomeini-boulevard-21,بلوار امام,colloquial,osm
ir-nahidi-boulevard,بلوار جشنواره,colloquial,osm
ir-mahdavi-zafarghandi-brothers-st,خیابان ۱۹۶ شرقی,old,osm
ir-shahed-boulevard-3,بلوار پروین,old,osm
ir-mahdavi-zafarghandi-brothers-st-2,خیابان ۱۹۶ شرقی,old,osm
ir-martyr-garmabdarri-st,احسان,old,osm
ir-east-janbazan,گلبرگ شرقی,old,osm
ir-1st-square-of-tehranpars,میدان قمر بنی هاشم,colloquial,osm
ir-1st-square-of-tehranpars,فلکه اول تهرانپارس,colloquial,osm
ir-noroozi,عدالت,old,osm
ir-bakeri-st,باهنر,old,osm
ir-south-mojahede-kabir-blvd,بلوار مجاهد کبیر جنوبی,spelling,osm
ir-javadian-brothers-st,قلمستان,old,osm
ir-shahid-gholamreza-mokhberi-boulevard-2,سی و پنج متری گلستان,old,osm
ir-gole-maryam-st,خیابان میثاق,colloquial,osm
ir-gole-maryam-st,خیابان گل مریم,spelling,osm
ir-ansar-al-mahdi-boulevard,مهستان,old,osm
ir-alipoor,گلستان غربی,old,osm
ir-shahid-gholamreza-mokhberi-boulevard-3,سی و پنج متری گلستان,old,osm
ir-ostad-hasan-e-banna,مجیدیه شمالی,old,osm
ir-heidari,شهید سلیمان و محمد آقایی,colloquial,osm
ir-w37011349,شهید فردی,colloquial,osm
ir-w37034112,بلوار نیلوفر,colloquial,osm
ir-w37057038,هفتاد و ششم,colloquial,osm
ir-fatemieh-sq,میدان فاطمیه,colloquial,osm
ir-w37073538,سوم,colloquial,osm
ir-jamshidi-street,یکم,colloquial,osm
ir-jouriki-blvd,بلوار شهرداری,old,osm
ir-w37080894,زمرد,colloquial,osm
ir-w37088429,آزادی,colloquial,osm
ir-shahidan-sarbaz-blvd,بزرگراه هجرت,old,osm
ir-shahidan-sarbaz-blvd,بلوار شهیدان سرباز,spelling,osm
ir-martyr-safavi-blvd,بلوار ارتش,old,osm
ir-martyr-safavi-blvd,بلوار هجرت,colloquial,osm
ir-martyr-safavi-blvd,بلوار شهید صفوی,spelling,osm
ir-north-dr-mohamad-mosadegh-st,خیابان نفت شمالی,old,osm
ir-w37200829,خیابان گلستان,colloquial,osm
ir-w37211447,بلوار شادی,colloquial,osm
ir-w37213631,بیست‌متری بیمارستان,colloquial,osm
ir-moosa-namjoo-sq,میدان ثریا,old,osm
ir-moosa-namjoo-sq,میدان گرگان,colloquial,osm
ir-moosa-namjoo-sq,میدان موسی نامجو,spelling,osm
ir-mohammadreza-mahmoudi-st,حسینی,old,osm
ir-shahid-boulevard,بلوار سهند,colloquial,osm
ir-rajai-2,بازرگان,old,osm
ir-w37437978,استخر,colloquial,osm
ir-martyr-iraj-ahmadian-street,کوهسار,old,osm
ir-w37678021,گلبرگ,colloquial,osm
ir-w37678023,مریم,spelling,osm
ir-w37678029,میدان دهقان ویلای اول,colloquial,osm
ir-w37678031,خواجه نصیر غربی,colloquial,osm
ir-w37678747,شهید میر زنده دل,colloquial,osm
ir-w37689539,شهید ملک آرایی,colloquial,osm
ir-w38681260,کوشک,old,osm
ir-enqelab-e-eslami-street-2,شاهرضا,old,osm
ir-enqelab-e-eslami-street-3,شاهرضا,old,osm
ir-shahid-rashid-street-3,Hengam Blvd,old,osm
ir-babaee-expressway-6,بزرگراه مدائن,old,osm
ir-w40006296,میدان گچ,colloquial,osm
ir-melal-roundabout,سه‌راهی تخت‌جمشید,colloquial,osm
ir-w40036681,میدان انقلاب,colloquial,osm
ir-w40036685,امام جعفر صادق,colloquial,osm
ir-second-moshtagh-2,مشتاق دوم,colloquial,osm
ir-robat-street,رباط ۱,colloquial,osm
ir-soleimani-boulevard,بلوار کشاورز,colloquial,osm
ir-w40641448,پل مهرشهر,spelling,osm
ir-w40644331,باغستان,colloquial,osm
ir-w40644331,بلوار امام خمینی,spelling,osm
ir-fakhri-zadeh-street,صنایع,old,osm
ir-h-r-mazhdi-boulevard,بلوار اوشان,colloquial,osm
ir-hashem-ozgoli-st,استخر,colloquial,osm
ir-w41222103,اول,colloquial,osm
ir-beasat-2,جاده دولت آباد,colloquial,osm
ir-w41677915,بزرگراه بهشت زهرا,old,osm
ir-sarallah,کامبیز,old,osm
ir-meghdad-boulevard-2,گاز شرقی,old,osm
ir-estaki-boulevard,گاز,colloquial,osm
ir-gomnam-square,یخسازی,colloquial,osm
ir-w45839091,پل فلکه پارک,colloquial,osm
ir-w45839092,پل فلکه پارک,colloquial,osm
ir-tus-bvd,توس,colloquial,osm
ir-w45879440,شهیدحقی,old,osm
ir-w46110791,ابوذر غربی ۹,colloquial,osm
ir-dr-ali-shariati-square,میدان شهربانی,colloquial,osm
ir-hashemi-rafsanjani-expressway-3,بزرگراه میثاق,old,osm
ir-w46604279,میثاق ۳۸,colloquial,osm
ir-basij-square-2,میدان شیر و خورشید,colloquial,osm
ir-qyam-squre,میدان چنار سوخته,old,osm
ir-qyam-squre,چنار سوخته,colloquial,osm
ir-imam-reza-square-2,سرچشمه,old,osm
ir-raeisi-expressway-2,انوشیروان دادگر,old,osm
ir-raeisi-expressway-2,بزرگراه بعثت,colloquial,osm
ir-raeisi-expressway-2,بزرگراه شهید رئیسی,spelling,osm
ir-w47130223,میدان ۱۳ آبان,colloquial,osm
ir-w47297959,شهید ریگی,colloquial,osm
ir-sayad-shirazi-square,میدان دامپزشکی,colloquial,osm
ir-w48122966,رازی,colloquial,osm
ir-w48123994,میدان دوم,colloquial,osm
ir-w48124945,بلوار امام رضا,old,osm
ir-w48362430,میدان بازرگانی,old,osm
ir-khorramshahr-square,میدان دفاع مقدس,colloquial,osm
ir-sabzervar-esfarayen,سبزوار - اسفراین,colloquial,osm
ir-w48370540,شهدای هسته ای,colloquial,osm
ir-emam-khomeini-street-2,گنبد,colloquial,osm
ir-seyyed-ali-rute,خیابان استخر,colloquial,osm
ir-seyyed-ali-rute-2,خیابان استخر,colloquial,osm
ir-seyyed-ali-rute-3,خیابان استخر,colloquial,osm
ir-w48996108,دانشگاه,colloquial,osm
ir-ayatollah-shirazi-street-2,بالا خیابان,old,osm
ir-ayatollah-shirazi-street-2,خیابان شیرازی,colloquial,osm
ir-ayatollah-ebadi-street-2,خیابان خواجه ربیع,old,osm
ir-robat-street-2,رباط ۱,colloquial,osm
ir-tus-bvd-2,توس,colloquial,osm
ir-toos-boulevard-4,توس,colloquial,osm
ir-w51141130,سلمان فارسی,old,osm
ir-shahid-aslani-boulevard-5,بولوار صبا,colloquial,osm
ir-delavaran-63,سرافرازان ۵۲,colloquial,osm
ir-golbahar-boulevard,شهیدان ابوطالبی,colloquial,osm
ir-ghahramanan-boulevard,بلوار قهرمانان,colloquial,osm
ir-ghahramanan-boulevard-2,بلوار قهرمانان,colloquial,osm
ir-emam-reza-street-4,خیابان تهران,old,osm
ir-emam-reza-5,خیابان تهران,old,osm
ir-abrisham-siloo-gandom-street,سیلو گندم,colloquial,osm
ir-emam-khomeini-square-4,فلکه مرکزی,colloquial,osm
ir-emdad-emam-khomeini-square,میدان امداد امام خمینی,colloquial,osm
ir-w52009554,میدان قدس,old,osm
ir-w52009554,میدان فلسطین,colloquial,osm
ir-estaki-boulevard-2,گاز,colloquial,osm
ir-shahid-kalantary-highway-2,جاده آسیایی,colloquial,osm
ir-jomhoori-eslami-bridge,جاده آسیایی,colloquial,osm
ir-shahid-kalantary-highway-3,جاده آسیایی,colloquial,osm
ir-shahid-kalantary-highway-4,جاده آسیایی,colloquial,osm
ir-shahid-kalantary-highway-5,جاده آسیایی,colloquial,osm
ir-salam-bridge,پل عسگریه,old,osm
ir-payambar-azam-71,آزادی ۱۲۵,old,osm
ir-w52704344,میدان شورا,old,osm
ir-w52704345,باهنر,old,osm
ir-w52945863,بولوار شفا,old,osm
ir-w53145349,بسیج مستضعفین,colloquial,osm
ir-w53171140,شهید یعقوبی - بلال ۹,colloquial,osm
ir-beheshti-6,بازار سبزوار,colloquial,osm
ir-alizadeh-boulevard,بلوار ساحلی,colloquial,osm
ir-w53396751,گرگان به تهران,colloquial,osm
ir-khatem-al-nabia-blvd,اردیبهشت,colloquial,osm
ir-khatem-al-nabia-blvd,بلوار خاتم الانبیا,spelling,osm
ir-khatem-al-nabia-blvd,افسریه چهارم,colloquial,osm
ir-w53452960,۱۵ متری اول,colloquial,osm
ir-w53452968,افسریه سوم,colloquial,osm
ir-shahid-salami-expressway,بزرگراه آزادگان,colloquial,osm
ir-khavaran-3,بزرگراه خاوران,colloquial,osm
ir-khavaran-4,بزرگراه خاوران,colloquial,osm
ir-saadi-mofatteh-3,مفتح 3,colloquial,osm
ir-shohada-square-5,میدان گل,colloquial,osm
ir-ayatollah-ebadi-boulevard-3,خیابان خواجه ربیع,old,osm
ir-w54618289,بازار مشهد,colloquial,osm
ir-w54730485,بلوار آقانجفی قوچانی,colloquial,osm
ir-dr-esmaeili-street,خیابان سعد آباد,old,osm
ir-dr-esmaeili-street,Sa'ad Abad Street,colloquial,osm
ir-w54739232,۳۰متری کشاورزی,colloquial,osm
ir-w54739239,میدان مریم آّباد,old,osm
ir-w54740153,بلوار شهید فخار,colloquial,osm
ir-mosalla-boulevard-3,طالقانی ۶,colloquial,osm
ir-w54879048,بیست متری ابراهیمی,colloquial,osm
ir-rajaei-boulevard,طالقانی ۵,colloquial,osm
ir-ring-road,کمربندی,old,osm
ir-shahid-beheshti-square,میدان سی هزارمتری,colloquial,osm
ir-mehrab-boulevard,محراب,colloquial,osm
ir-w55447896,٢٢ بهمن,old,osm
ir-w55447896,بلوار مهر,colloquial,osm
ir-w55488373,مشهد - طرقبه,colloquial,osm
ir-fadaeiyan-eslam-4,رزم آرا,old,osm
ir-fadaeiyan-eslam-4,فدائیان اسلام,colloquial,osm
ir-borujerdi-boulevard-3,شهرزاد,colloquial,osm
ir-fadaeiyan-eslam-5,رزم آرا,old,osm
ir-fadaeiyan-eslam-5,فدائیان اسلام,colloquial,osm
ir-w55527255,امیرآباد,colloquial,osm
ir-w56010335,باغ زندان,colloquial,osm
ir-w56010346,بلوار شهدا,colloquial,osm
ir-w56058578,بلوار دانشگاه,colloquial,osm
ir-w56068606,بلوار ۵۲ متری امام شهر,colloquial,osm
ir-ayatollah-kashani-street-3,بلوار دریادل,colloquial,osm
ir-janbazan-street,خیابان بی‌سیم,colloquial,osm
ir-azadegan-boulevard-2,بلوار آزادگان,spelling,osm
ir-pasdaran-square-2,میدان پاسداران,spelling,osm
ir-jahad-square-4,میدان جهاد,spelling,osm
ir-geo-park-sq,میدان گلها,colloquial,osm
ir-geo-park-sq,میدان ژئو پارک,spelling,osm
ir-azadegan-boulevard-3,۲۴ متری,colloquial,osm
ir-w56155757,میدان کسایی,colloquial,osm
ir-w56155781,میدان کمپلو,colloquial,osm
ir-w56238549,خیابان شهید مصطفی کتوئی‌زاده,colloquial,osm
ir-salam-bridge-2,پل عسگریه,old,osm
ir-w56907805,بلوار صبا,old,osm
ir-bahonar-street,خیابان نیاوران,old,osm
ir-w57365109,بلوار زیبادشت,colloquial,osm
ir-hasan-yazdani,بلوار صدرا,old,osm
ir-e-jazi-street,آصف,old,osm
ir-w57388629,کیهان,colloquial,osm
ir-behzadi,ساسان,old,osm
ir-davoodian-2,درکه,colloquial,osm
ir-ali-hosseini,مهر,old,osm
ir-ahmad-gasir-avenue,بخارست,old,osm
ir-w57826809,بهاران,old,osm
ir-mirdamad-boulevard,ششم بهمن,old,osm
ir-jomhoori-eslami-bridge-2,جاده آسیایی,colloquial,osm
ir-w58319374,بابا نظر ۴۲,colloquial,osm
ir-shahid-soleimani-expressway-3,بزرگراه رسالت,old,osm
ir-shahid-nilforooshan-street-3,West Farjam,old,osm
ir-pardis-5,دانشور,old,osm
ir-shahid-modarres-expressway,بزرگراه شاهنشاهی,old,osm
ir-damavand-street,خیابان تهران نو,old,osm
ir-damavand-street,خیابان دماوند,spelling,osm
ir-martyr-sadoughi-st,چمن آرا,old,osm
ir-shahid-hossein-khalatbari,جاده تلو,old,osm
ir-w58853176,جاوید,colloquial,osm
ir-w58853209,میدان هنرستان,colloquial,osm
ir-w59279578,فلکه شهرک,colloquial,osm
ir-w59411833,مختاری,colloquial,osm
ir-w59411833,فروردین,spelling,osm
ir-babaee-expressway-7,بزرگراه مدائن,old,osm
ir-w59411843,بابائیان,colloquial,osm
ir-babaeyan-blvd,بلوار لاله,colloquial,osm
ir-major-general-martyr-sadegh-pourshiani-overpass,پل شهید پورشیانی,colloquial,osm
ir-sadeqpour-street,خیابان خسرو جنوبی,old,osm
ir-davari-2,حافظیه,colloquial,osm
ir-shohada-boulevard-5,بلوار فردیس,old,osm
ir-shohada-boulevard-5,سی متری فردیس,colloquial,osm
ir-w60788431,فلکه دوم,colloquial,osm
ir-w60788441,فلکه اول,colloquial,osm
ir-w60846764,۳۵ متری ولیعصر,colloquial,osm
ir-w60846764,دهم فروردین,colloquial,osm
ir-mahallat-blvd,بلوار کوثر,colloquial,osm
ir-mahallat-blvd,بلوار محلات,spelling,osm
ir-hosseini-mazinani-blvd,بلوار صالحی,colloquial,osm
ir-hosseini-mazinani-blvd,بلوار حسینی مزینانی,spelling,osm
ir-eskandarloo-st,نخلی,colloquial,osm
ir-shohada-roundabout,فلکه یادبود,colloquial,osm
ir-w61834743,شهید رئیسی,colloquial,osm
ir-w61834859,میدان آمار,colloquial,osm
ir-w61837171,فرهنگیان,colloquial,osm
ir-w61837178,مولوی,old,osm
ir-w61837358,مولوی,old,osm
ir-shohada-ye-gomnam-boulevard,بلوار شهدای گمنام,spelling,osm
ir-15th-khordad-street,سلیمانی 59,colloquial,osm
ir-hashemi-rafsanjani-expressway-5,بزرگراه نیایش,colloquial,osm
ir-w63564752,بلوار نماز,colloquial,osm
ir-imam-ali-highway,امام علی غرب,colloquial,osm
ir-shahid-of-the-republic-boulevard,بلوار منابع طبیعی,old,osm
ir-shahid-of-the-republic-boulevard,کمربندی جنوبی,colloquial,osm
ir-enghelab-e-eslami-square-2,میدان ژاندارمری,colloquial,osm
ir-w66436244,۱۵ خرداد,colloquial,osm
ir-w66652113,فروهر,colloquial,osm
ir-w66689735,جاده بهبهان -رامهرمز,colloquial,osm
ir-w66689837,یکم,colloquial,osm
ir-nasser-hejazi-boulevard-2,بلوار فردوس غرب,colloquial,osm
ir-shahran-2nd-square,فلکه دوم شهران,colloquial,osm
ir-ayatullah-kashani-boulevard-2,بزرگراه آیت الله کاشانی,old,osm
ir-ayatullah-kashani-boulevard-2,بلوار آتاتورک,colloquial,osm
ir-ayatullah-kashani-boulevard-3,بزرگراه آیت الله کاشانی,old,osm
ir-ayatullah-kashani-boulevard-3,بلوار آتاتورک,colloquial,osm
ir-hemmat-expressway-10,بزرگراه شمال عباس آباد,old,osm
ir-hemmat-expressway-11,بزرگراه شمال عباس آباد,old,osm
ir-w66690019,یکم,colloquial,osm
ir-w66696093,خرمشهر,old,osm
ir-ayatollah-modarres-boulevard-4,بلوار آیت الله مدرس,spelling,osm
ir-w67502805,۲۸ متری,colloquial,osm
ir-w67549492,تاکسی رانی,colloquial,osm
ir-faghihi-street,صورتگر,old,osm
ir-faghihi-street,خیابان صورتگر,colloquial,osm
ir-asadabadi-street-2,پوستچی,old,osm
ir-w67600012,پروانه,colloquial,osm
ir-alzahra-boulevard,بلوار فرح,old,osm
ir-be-sat-square,فلکه سنگی,colloquial,osm
ir-southern-ghaani,قانی کهنه,old,osm
ir-southern-ghaani,قاآنی نو,colloquial,osm
ir-qasrodasht-street-alley-45,خیابان قصردشت کوچه ۴۵,colloquial,osm
ir-w67917568,بهار شمالی,old,osm
ir-nasser-hejazi-boulevard-3,بلوار فردوس غرب,colloquial,osm
ir-ayatullah-kashani-boulevard-4,بزرگراه آیت الله کاشانی,old,osm
ir-ayatullah-kashani-boulevard-4,بلوار آتاتورک,colloquial,osm
ir-mohammad-kachooei,اوین,colloquial,osm
ir-taavon-boulevard,بلوار تعاون,colloquial,osm
ir-ayatullah-kashani-boulevard-5,بزرگراه آیت الله کاشانی,old,osm
ir-ayatullah-kashani-boulevard-5,بلوار آتاتورک,colloquial,osm
ir-alzahra-boulevard-2,بلوار فرح,old,osm
ir-w68560970,بلوار ایثار شمالی,old,osm
ir-imam-ali-square-3,فلکه اول گلستان,old,osm
ir-w68561196,بلوار ایثار شمالی,old,osm
ir-w68561321,14 متری,colloquial,osm
ir-northern-ghaani,قانی کهنه,old,osm
ir-basij-square-8,فلکه فرودگاه,old,osm
ir-w68570293,سرو,colloquial,osm
ir-shiroudi-boulevard-2,بلوار استادیان,colloquial,osm
ir-shiroudi-boulevard-3,بلوار استادیان,colloquial,osm
ir-w68791241,شهید داریوش ندیمی,colloquial,osm
ir-w68791250,خلبان شهید خسرو اخباری,colloquial,osm
ir-w68791251,شهید محمد میر,colloquial,osm
ir-ha-eri,فرح,old,osm
ir-w69423663,بلوار گلبهار,old,osm
ir-w69423663,بلوار شهید صفرزاده,colloquial,osm
ir-w69423673,محراب,spelling,osm
ir-w69423701,محراب,spelling,osm
ir-w69551813,حاجی پیرلو,colloquial,osm
ir-w69709818,خیابان امیر قلی,colloquial,osm
ir-w70082033,شهنما,colloquial,osm
ir-w70082035,شهربانی,old,osm
ir-w70843971,شهید حججی,colloquial,osm
ir-w71226351,مکی,colloquial,osm
ir-abd-ol-rahimi,نورد,colloquial,osm
ir-w71500840,میدان فتح,colloquial,osm
ir-w71500846,میدان زاهدی,colloquial,osm
ir-qarani-street,فیشرآباد,old,osm
ir-yadegar-e-emam-expressway-8,بزرگراه ۱۰۰,old,osm
ir-major-general-pilot-martyr-gholamhossein-afshin-azar-overpass,پل شهید افشین آذر,colloquial,osm
ir-w72129654,شصت‌متری,colloquial,osm
ir-w72129664,روزگار,colloquial,osm
ir-w72129779,خیابان ژیان,colloquial,osm
ir-w72129784,بیست‌متری موسوی,colloquial,osm
ir-emam-khomeini-roundabout,فلکه شهرداری,colloquial,osm
ir-w72489928,بلوار جهادگران,colloquial,osm
ir-lashgari-expressway-2,جاده مخصوص کرج,old,osm
ir-lashgari-expressway-3,جاده مخصوص کرج,old,osm
ir-chougan-blvd,بلوار غربی ورزشگاه آزادی,colloquial,osm
ir-chougan-blvd,بلوار چوگان,spelling,osm
ir-chougan-blvd-2,بلوار غربی ورزشگاه آزادی,colloquial,osm
ir-chougan-blvd-2,بلوار چوگان,spelling,osm
ir-shishe-mina-boulevard,استادیوم آزادی,colloquial,osm
ir-gozal-khu-street,توکلی,colloquial,osm
ir-osveh,اسوه,colloquial,osm
ir-w72526762,سنبل,old,osm
ir-kamali-3,کمالی,colloquial,osm
ir-west-22th-bahman-street,فرحبخش غربی,colloquial,osm
ir-ammar-yaser-street-2,کفکدک,colloquial,osm
ir-modarres-street-2,علیوف,colloquial,osm
ir-kamal-al-molk-street,کمال,colloquial,osm
ir-shahid-fahmideh-boulevard,بنیاد شهید,colloquial,osm
ir-ayatollah-taleqani-boulevard-2,سی‌متری,colloquial,osm
ir-mehr-abad-boulevard,جاده کاشمر,colloquial,osm
ir-modarres-street-3,علیوف,colloquial,osm
ir-north-asadabadi-street,ارگ شمالی,colloquial,osm
ir-22nd-bahman-sq,فلکه سعد آباد,colloquial,osm
ir-panjrah-sq,میدان پنجراه,colloquial,osm
ir-dr-modabber-azizi-blvd,بلوار بعثت جنوبی,old,osm
ir-mother-square-3,میدان الغدیر,colloquial,osm
ir-ibn-sina-street,رجایی ۱۳ - مطهری ۲۰,colloquial,osm
ir-prof-yahaghi-blvd,خیابان فرهنگ,old,osm
ir-imam-reza-sq,فلکه ترمینال,colloquial,osm
ir-be-sat-blvd,بلوار بعثت شمالی,old,osm
ir-w76176483,مرکز بهداشت,colloquial,osm
ir-w76235570,بلوار مادر,colloquial,osm
ir-w76235574,بلوار مادر,colloquial,osm
ir-w76858316,شهید محمود اخلاقی شمالی,colloquial,osm
ir-w76964876,پل جدید,colloquial,osm
ir-w76966290,جاده قدیم تهران - قم,colloquial,osm
ir-basij-expressway-2,بزرگراه امام رضا (ع),old,osm
ir-w77689339,پل روگذر سرلشکر شهید ضیاءالدین ذاکر,old,osm
ir-w77689339,پل شهید رئیسی,colloquial,osm
ir-golnaz-street,اسدی,colloquial,osm
ir-w79277711,گلخانه بهروز,colloquial,osm
ir-narenjestan,سعدی,colloquial,osm
ir-delgosha-square,میدان عمار,colloquial,osm
ir-w80736033,گیتی فیروز,colloquial,osm
ir-w80866499,منصور کورپیسی,colloquial,osm
ir-fahmideh-square,میدان شهید فهمیده,colloquial,osm
ir-abbasi-anari,ارغوان شرقی,old,osm
ir-morovati-blvd,بلوار گلها,colloquial,osm
ir-w81109487,شهید محبی,colloquial,osm
ir-rah-ahan-square,فلکه را آهن,old,osm
ir-rah-ahan-square,فلکه ترمینال,colloquial,osm
ir-mahboubi,محبوبی (پارکینگ ۳),spelling,osm
ir-w83365481,بلوار شریفی,colloquial,osm
ir-namaz-blvd,بلوار نماز,spelling,osm
ir-shahid-hosein-payande,میدان انتظام,colloquial,osm
ir-imam-hadi-sq,میدان امام هادی,spelling,osm
ir-w83905389,بلوار توحید غربی,colloquial,osm
ir-seyyed-jalal-al-din-ashraf-squre,فلکه کیسم,colloquial,osm
ir-w83905442,بلوار شهید انصاری,colloquial,osm
ir-w83905444,بلوار کارگر,old,osm
ir-abdhagh-sq,میدان معراج,colloquial,osm
ir-abdhagh-sq,میدان شهید عبدحق,spelling,osm
ir-w84359069,۶۷ وکیل آباد,colloquial,osm
ir-w84590596,میدان تختی,colloquial,osm
ir-reza-emami,امیریه شمالی,old,osm
ir-w84604328,سی متری پاسداران,colloquial,osm
ir-w84631685,کمربندی شهید کلانتری,colloquial,osm
ir-dr-shariati-square,فلکه تقی آباد,old,osm
ir-monfared-niaki-boulevard,بلوار کوهستان,colloquial,osm
ir-w85479574,خیابان ویلا,old,osm
ir-w85479574,استاد نجات الهی,colloquial,osm
ir-w85982561,میدان امام حسین,colloquial,osm
ir-w86206486,بهار جنوبی,old,osm
ir-bahar-boulevard-2,بولوار ملک الشعرا بهار,colloquial,osm
ir-atayi,خیابان عطایی,colloquial,osm
ir-w87862354,خیابان دانش,old,osm
ir-w87862354,خیابان شهید پیرزاده,colloquial,osm
ir-lieutenant-general-martyr-haj-qassem-soleymani-blvd,بولوار شهدا,old,osm
ir-lieutenant-general-martyr-haj-qassem-soleymani-blvd,بولوار شهید قاسم سلیمانی,colloquial,osm
ir-basij-expressway-3,بزرگراه امام رضا (ع),old,osm
ir-basij-expressway-4,بزرگراه امام رضا (ع),old,osm
ir-basij-expressway-5,بزرگراه امام رضا (ع),old,osm
ir-basij-expressway-6,بزرگراه امام رضا (ع),old,osm
ir-w88454135,پل شهید رضازاده,colloquial,osm
ir-shahid-reyhani-yasavoli-square,میدان یادگاران,old,osm
ir-w88833732,وکیل آباد ۶۳,colloquial,osm
ir-w88833798,بولوار معلم,old,osm
ir-w89164412,سجاد ۷,colloquial,osm
ir-w90104598,میدان شهداء,old,osm
ir-w90104598,میدان شهید قاسم سلیمانی,colloquial,osm
ir-akhund-e-khorasani-2,خیابان خاکی,old,osm
ir-shahid-qasem-soleimani-highway-9,جاده آسیایی,colloquial,osm
ir-w91514387,پل روگذر سرلشکر شهید ضیاءالدین ذاکر,old,osm
ir-w91514387,پل شهید رئیسی,colloquial,osm
ir-basij-expressway-7,بزرگراه امام رضا (ع),old,osm
ir-w92482138,خیابان شهید بهشتی,colloquial,osm
ir-w93213572,آزادگان,colloquial,osm
ir-w93213586,دوم,colloquial,osm
ir-alimoradian,بلوار کوهک,colloquial,osm
ir-w93213680,میدان فرودگاه,colloquial,osm
ir-major-general-pilot-martyr-ebrahim-fakhraee-st,خیابان شهید فخرایی,colloquial,osm
ir-martyr-pilot-major-general-ebrahim-fakhraee,خیابان شهید فخرایی,colloquial,osm
ir-sadeghi-boulevard,بولوار سازمان آب,colloquial,osm
ir-w93715858,وحدت,old,osm
ir-saadi-boulevard,بلوار مطهری,colloquial,osm
ir-vahdat-square,میدان شهرداری,colloquial,osm
ir-w94418832,سی متری اول,colloquial,osm
ir-w94418838,سی متری دوم,colloquial,osm
ir-w94428638,سروش جنگل,colloquial,osm
ir-w94428638,سی متری دوم,colloquial,osm
ir-w94428646,سی متری اول,colloquial,osm
ir-basij-square-10,میدان نخل,colloquial,osm
ir-farmandari-3,فرمانداری,colloquial,osm
ir-farmandari-street,فرمانداری,colloquial,osm
ir-w95411225,بلوار شهید سلیمانی,colloquial,osm
ir-alavian-boulevard,چهارباغ علویان,colloquial,osm
ir-cento-road-kargar-boulevard,بلوار ملت,colloquial,osm
ir-w97020916,رسالت ۵,colloquial,osm
ir-w97021010,عدالت شمالی,colloquial,osm
ir-w97021188,میدان هنرستان,colloquial,osm
ir-w97021235,توحید شرقی,colloquial,osm
ir-w97021312,بلوار انقلاب اسلامی,colloquial,osm
ir-balal-square,میدان بلال,colloquial,osm
ir-w97021745,سلمان فارسی ۴,colloquial,osm
ir-bam-boulevard,بلوار الوند,colloquial,osm
ir-bam-boulevard-2,بلوار الوند,colloquial,osm
ir-shohada-square-9,میدان چاپار خانه,colloquial,osm
ir-mellat-boulevard,بلوار ملت,colloquial,osm
ir-w97825334,بلوار بدیع الزمان همدانی,old,osm
ir-martyr-haji-babaei-boulevard,بلوار شهید حاجی بابایی,colloquial,osm
ir-w97827430,بلوار بدیع الزمان همدانی,old,osm
ir-shahed-boulevard-7,بلوار شاهد,colloquial,osm
ir-shahed-square,میدان شاهد,colloquial,osm
ir-shahed-boulevard-8,بلوار شاهد,colloquial,osm
ir-azadegan-11,چرم سازی,spelling,osm
ir-w97904384,تقاطع غیرهمسطح شهید یزداندوست همدانی,colloquial,osm
ir-shari-ati-square,ایستگاه عباس آباد,colloquial,osm
ir-w98030319,پل سوم,colloquial,osm
ir-bahador-beigy-boulevard,چهارباغ شهیدان بهادربیگی,colloquial,osm
ir-w98057293,شهید چگنی,colloquial,osm
ir-ebrahimi-boulevard,چهارباغ پاسداران,colloquial,osm
ir-w98059794,بلوار بدیع الزمان همدانی,old,osm
ir-resalat-overpass,پل رسالت,colloquial,osm
ir-w98107696,میدان مالیات,colloquial,osm
ir-w98107696,میدان بیمه,colloquial,osm
ir-15th-khordad-square-3,میدان شرکت نفت,colloquial,osm
ir-w98183218,شهید غلام آقایی زوری,colloquial,osm
ir-w98185090,رسالت,colloquial,osm
ir-w98202083,جاده دره مرادبیگ,colloquial,osm
ir-w98202100,جاده دره مراد بیک,colloquial,osm
ir-w98223365,بلوار شهید همدانی,colloquial,osm
ir-azadegan-12,چرم سازی,colloquial,osm
ir-w98356865,سی متری گراش,colloquial,osm
ir-w98356889,میدان سپاه,colloquial,osm
ir-shahid-dialameh,خیابان خسروی,old,osm
ir-w98440267,بلوار شهید همدانی,colloquial,osm
ir-w98440758,بلوار شهید همدانی,colloquial,osm
ir-w98622331,بلوار جولان,colloquial,osm
ir-bahador-beigy-boulevard-2,چهارباغ شهیدان بهادربیگی,colloquial,osm
ir-w99250483,شهدای شهرداری,colloquial,osm
ir-w99251197,شهید ترابی,colloquial,osm
ir-w99251214,میدان امام حسین,colloquial,osm
ir-w99252233,شهید ترابی 9,colloquial,osm
ir-w99271542,رضایی,colloquial,osm
ir-w99271594,شاه مهدی (شا میتی),old,osm
ir-hemmat-expressway-13,بزرگراه شمال عباس آباد,old,osm
ir-shahid-hemmat-expressway-13,بزرگراه شمال عباس آباد,old,osm
ir-sadra-boulevard,بلوار صدرا,old,osm
ir-sadra-boulevard-2,بلوار صدرا,old,osm
ir-sabzevar-boulevard,بلوار اقاقیا,colloquial,osm
ir-alimoradian-2,بلوار کوهک,old,osm
ir-alimoradian-3,بلوار کوهک,colloquial,osm
ir-mohammadreza-baghdari-street,چشمه غربی,old,osm
ir-w99999937,ادهم همدانی,colloquial,osm
ir-w100002147,۱۸ متری شکریه,colloquial,osm
ir-w100184624,استادیوم آزادی,old,osm
ir-w100199119,ایرانپارس,old,osm
ir-karaj-bileghan-2,بلوار جهان پهلوان ابراهیم جوادی - خط ۴ حصار,colloquial,osm
ir-18,انصارالحسین,colloquial,osm
ir-w100687421,موسی بن جعفر 22,colloquial,osm
ir-w100687453,فلکه ترمینال,colloquial,osm
ir-w100687463,فلکه شاد,colloquial,osm
ir-w100687592,خیابان کشتارگاه,colloquial,osm
ir-valiasr-square-5,فلکه مرکزی,colloquial,osm
ir-shohada-square-10,فلکه شهرداری - میدان شهدا,colloquial,osm
ir-raeisi-expressway-3,انوشیروان دادگر,old,osm
ir-raeisi-expressway-3,بزرگراه بعثت,colloquial,osm
ir-raeisi-expressway-3,افسریه,colloquial,osm
ir-raeisi-expressway-4,انوشیروان دادگر,old,osm
ir-raeisi-expressway-4,بزرگراه بعثت,colloquial,osm
ir-deh-haghi-aahang,آهنگ,colloquial,osm
ir-allameh-motahari-boulevard,بلوار انقلاب اسلامی,colloquial,osm
ir-w100890454,گلعزار,colloquial,osm
ir-w100890461,بلوار آزادی,old,osm
ir-w101005180,گلبرگ 8,colloquial,osm
ir-w101185315,ولیعصر,colloquial,osm
ir-w101185320,خیابان اسلامشهر,colloquial,osm
ir-w101962926,میدان اربعین,colloquial,osm
ir-w102413316,رده,colloquial,osm
ir-cheraghi-highway-2,جوانه,colloquial,osm
ir-pasdaran-boulevard-6,زرهی,old,osm
ir-w102881495,بلوار ایثار,old,osm
ir-shahid-hossein-khalatbari-2,جاده تلو,old,osm
ir-vali-asr-square,فلکه شهرقائم,colloquial,osm
ir-w103183501,امام علی شرق,colloquial,osm
ir-w103548740,سجاد,colloquial,osm
ir-w103558050,خیابان آتشنشانی,colloquial,osm
ir-janbazan-street-3,خیابان بی‌سیم,colloquial,osm
ir-w104515559,کوی شیرین,colloquial,osm
ir-w105234511,فلکه کوتیان,colloquial,osm
ir-w105234879,روستا,colloquial,osm
ir-w105236901,ششم بهمن,colloquial,osm
ir-w105250451,شهید مجتبی کرمی,colloquial,osm
ir-moghavemat-sq,فلکه موشک,colloquial,osm
ir-w105401667,میدان خیبر,old,osm
ir-w105408229,کوچه سعدی 33,colloquial,osm
ir-w105411246,خیابان ۷,colloquial,osm
ir-45,بلوار 45 متری مقاومت,spelling,osm
ir-haaj-moradi-square,میدان وحدت,colloquial,osm
ir-jahad-7,خیابان جهاد,colloquial,osm
ir-w106258679,کمربندی,colloquial,osm
ir-w108815405,جمهوری اسلامی ۳۶,colloquial,osm
ir-madar-square,میدان انقلاب,colloquial,osm
ir-30-dey-square,میدان استقلال,colloquial,osm
ir-w108815925,خیام,colloquial,osm
ir-al-qadir-sq,میدان الغدیر,spelling,osm
ir-w112885267,جامی,colloquial,osm
ir-w112885489,فروردین ۱۵,colloquial,osm
ir-w112885509,پویا,colloquial,osm
ir-w112987557,میدان فرودگاه,colloquial,osm
ir-persian-gulf-2,عشایر,colloquial,osm
ir-w112987629,شعبانیه شرقی,colloquial,osm
ir-tamana-ye-baran-square,میدان تمنای باران,colloquial,osm
ir-w112987783,میدان سوم مدرس,colloquial,osm
ir-safir-e-omid-square,میدان سفیر امید,colloquial,osm
ir-emam-reza-boulevard-5,بلوار فرودگاه,colloquial,osm
ir-20,Mahallati,spelling,osm
ir-w112987878,میدان آیت الله مدرس,colloquial,osm
ir-adineh-sq,میدان آدینه,colloquial,osm
ir-cheraghi-expressway-2,جوانه,colloquial,osm
ir-cheraghi-expressway-3,جوانه,colloquial,osm
ir-w114096099,بلوار پاسداران,colloquial,osm
ir-w114207681,فلکه خانی آباد,colloquial,osm
ir-komeyl-boulevard-3,جوانمرد قصاب,colloquial,osm
ir-taleghani-street-2,مطهری۹ - انقلاب۱۴,colloquial,osm
ir-2nd-hafez-3rd-ibn-yamin,ابن یمین سه_حافظ دو,colloquial,osm
ir-ferdowsi-st-2,خیابان فردوسی,colloquial,osm
ir-3rd-professor-yahaghi,خیابان شهید اکبری شمالی,colloquial,osm
ir-fatemieh-st,امام ۲,colloquial,osm
ir-abu-muslim-khurasani-st,کوچه سنگی,old,osm
ir-abu-muslim-khurasani-st,خمینی۱,colloquial,osm
ir-w114414489,Baladah BLVD,old,osm
ir-w114414489,بلوار بلده,colloquial,osm
ir-ershad-street,امام۹,colloquial,osm
ir-hasheminejad-street-2,معلم ۱۶,colloquial,osm
ir-ansari-street,خواجه عبدالله انصاری,colloquial,osm
ir-w114415039,خیابان جمهوری اسلامی,colloquial,osm
ir-qods-street,رجایی ۱۷ - مطهری ۲۴,colloquial,osm
ir-w115025278,میدان شهرداری,colloquial,osm
ir-w115025472,فلکه ساعت,colloquial,osm
ir-taleb-amoli-street,خیابان محمودآباد,colloquial,osm
ir-w117102326,سرچشمه ۲۵,colloquial,osm
ir-w117102379,استاد سید مهدی چیتی,old,osm
ir-w117102379,گلسرخ 28,colloquial,osm
ir-w117102382,بزرگراه کنارگذر یزد,colloquial,osm
ir-w117102461,راه آهن,colloquial,osm
ir-w117102536,مهدی ۳۳,colloquial,osm
ir-w117102541,دهه فجر 51,colloquial,osm
ir-12-44,حضرت بتول,colloquial,osm
ir-w117102813,بزرگراه کنارگذر یزد,colloquial,osm
ir-w117103038,بزرگراه کنارگذر یزد,colloquial,osm
ir-w117103197,حسینی,colloquial,osm
ir-kashani-4,آیت الله کاشانی,colloquial,osm
ir-w117103517,امام خمینی 61,colloquial,osm
ir-ladan-2,چمران 9,colloquial,osm
ir-isargaran-3,آبشاهی,colloquial,osm
ir-w118450196,بهشتی,colloquial,osm
ir-w118450231,میدان بسیج,colloquial,osm
ir-w118450235,میدان بشیرالله,colloquial,osm
ir-w118450263,فلکه آهو,colloquial,osm
ir-w118458221,میدان ولایت - میدان ایران پیما,colloquial,osm
ir-w118458223,مولوی 9,colloquial,osm
ir-w118458260,آزادی شمالی,old,osm
ir-amir-kabir-boulevard-6,بلوار امیر کبیر,spelling,osm
ir-w118594340,شهدای روح آباد,colloquial,osm
ir-w118594714,شهدای امنیت,colloquial,osm
ir-w118594732,بلوار جمهوری,colloquial,osm
ir-w118594832,بلوار آزادی,colloquial,osm
ir-w118594833,توکل غربی,colloquial,osm
ir-meraj-street,معراج,colloquial,osm
ir-w118874886,جاده خراشادی,colloquial,osm
ir-w118874890,نیمروز ۶,colloquial,osm
ir-w118874891,امام خمینی ۴۷,colloquial,osm
ir-w118874966,کلانتری 12,colloquial,osm
ir-w118874968,ایرج افشار,colloquial,osm
ir-w118875064,حسابی مقدم 11,colloquial,osm
ir-w118875075,دولتی مقدم 8,colloquial,osm
ir-w118895153,باسکول,colloquial,osm
ir-w118900605,بلوار فردوسی,spelling,osm
ir-w119182293,شهید رجایی,colloquial,osm
ir-w119182316,میدان فرمانداری,colloquial,osm
ir-w119182417,میدان لا,colloquial,osm
ir-w119182454,مطهری ۱۱,colloquial,osm
ir-w119182485,امام خمینی ۴۳,colloquial,osm
ir-w119299345,میرابوالقاسمی,colloquial,osm
ir-arak-s-airport-road,جاده فرودگاه,spelling,osm
ir-imam-ali-highway-12,کمربندی شمالی اراک,colloquial,osm
ir-w119718409,جانباز,colloquial,osm
ir-shahid-soleimani-boulevard-2,بولوار رزمندگان,old,osm
ir-pirouzi-boulevard,شهید هاشمی,colloquial,osm
ir-w119724542,رجایی 28,colloquial,osm
ir-w119724542,شهید محمد حسین نمازیان,colloquial,osm
ir-shahidan-firouzi-street,خیابان شهیدان فیروزی,colloquial,osm
ir-w119890056,بهشتی ۱۲,colloquial,osm
ir-imam-khamenei-ring-road,کمربندی تنکابن,colloquial,osm
ir-emam-khomeini-expressway-3,بزرگراه امام خمینی,spelling,osm
ir-w119909909,بوستان,colloquial,osm
ir-w119910003,شهید محمد حسنی سعدی,colloquial,osm
ir-jomhouriye-eslami,نادر,colloquial,osm
ir-qaran,آیت الله کاشانی,colloquial,osm
ir-w120002181,میرزمانی,colloquial,osm
ir-w120019027,الهیه,colloquial,osm
ir-major-general-martyr-jafar-mahdavi-malek-kolaei-expressway,سرلشکر شهید جعفر مهدوی ملک کلایی,colloquial,osm
ir-major-general-martyr-jafar-mahdavi-malek-kolaei-expressway,بزرگراه شهید مهدوی,colloquial,osm
ir-w120060014,خیابان تهران,colloquial,osm
ir-w120245148,پل شهید برزگر,colloquial,osm
ir-w120245171,پل شهید برزگر,colloquial,osm
ir-qods-boulevard-7,بلوار قدس,spelling,osm
ir-w120273456,مالک اشتر جنوبی,colloquial,osm
ir-afzali-pour-boulevard,بولوار شهاب,colloquial,osm
ir-mostafa-khomeini-blvd,شهاب,old,osm
ir-w120317686,پل شهدای سلامت,colloquial,osm
ir-w120317692,پل شهدای سلامت,colloquial,osm
ir-w120374827,بلوار پیروزی,old,osm
ir-w120499840,انقلاب ۲۸,colloquial,osm
ir-w120825669,بلوار یاوری,colloquial,osm
ir-w121020499,خیابان شهید فهمیده,colloquial,osm
ir-w121020511,میدان ترمینال,colloquial,osm
ir-w121202015,میرزا آقا خان کرمانی,colloquial,osm
ir-kargar-boulevard-2,بلوار کارگر,spelling,osm
ir-pasdaran-boulevard-8,بلوار پاسداران,spelling,osm
ir-qarani-avenue,خیابان شهید سپهبد قرنی,spelling,osm
ir-shahid-rajaee-street,خیابان خورشید,old,osm
ir-24-azar-st,خیابان ۲۴ آذر,spelling,osm
ir-shahid-soleimani-blvd,بلوار غدیر ۲,old,osm
ir-havanirooz-boulevard,بلوار هوانیروز,spelling,osm
ir-w121207732,خیابان گیلان,old,osm
ir-w121207732,جهاد ۶۶,colloquial,osm
ir-shiraz-boulevard,بلوار شیراز,spelling,osm
ir-kosar-blvd,بلوار کوثر,spelling,osm
ir-w121243014,استانداری,colloquial,osm
ir-w121667817,بلوار سیدی,colloquial,osm
ir-w121918658,خیابان بعثت,old,osm
ir-w121918658,خیابان شهید حیدروند,colloquial,osm
ir-w122039837,خیابان گنبد سبز,colloquial,osm
ir-w122114333,بلوار امام رضا,colloquial,osm
ir-buali-blvd,بلوار بوعلی,spelling,osm
ir-ostandari-street,رضوان ۱۰,colloquial,osm
ir-shohada-street-7,زریسف,old,osm
ir-saadi-ave,خیابان سعدی,spelling,osm
ir-w122380467,آلاشت,old,osm
ir-gaza-street,خیابان غزه,colloquial,osm
ir-salman-farsi-2,خیابان فرودگاه,old,osm
ir-w122637100,پیشاهنگی,old,osm
ir-janbazan-street-4,پیرنیا,colloquial,osm
ir-w122637108,میدان ابوذر,colloquial,osm
ir-saheb-al-zaman-square-3,میدان نجار آباد,colloquial,osm
ir-w122637129,راه قلعه نو,colloquial,osm
ir-abu-muslim-square,میدان ابومسلم,colloquial,osm
ir-abu-muslim,ابومسلم شمالی,colloquial,osm
ir-abu-muslim-2,ابومسلم جنوبی,colloquial,osm
ir-w122637685,ابومسلم شمالی,colloquial,osm
ir-w122637720,جهاد سازندگی,old,osm
ir-22th-bahaman-square,میدان پست و تلگراف,old,osm
ir-w122680289,بزرگراه شهید سلیمانی,colloquial,osm
ir-w122797421,مسیر عیدگاه,colloquial,osm
ir-w122797466,اسپریس,colloquial,osm
ir-w122797554,کمینه 9,colloquial,osm
ir-w122797576,بلوار شهید بهشتی,colloquial,osm
ir-w122797581,کمینه 15,colloquial,osm
ir-w122807846,فلکه دوم,colloquial,osm
ir-w122807848,میدان عباس آباد,colloquial,osm
ir-w122807869,خیابان عباس آباد,colloquial,osm
ir-w122807875,بلوار امیرالمومنین,colloquial,osm
ir-w122807885,یکشنبه بازار,colloquial,osm
ir-w122821934,جاده بابلسر - کیاکلا - قائمشهر,colloquial,osm
ir-w122822011,بلوار فردوس حاجیان,colloquial,osm
ir-w122822011,خیابان ساری,colloquial,osm
ir-takhti-blvd,رادیو دریا,colloquial,osm
ir-17th-shahrivar-boulevard-4,بلوار هفده شهریور,spelling,osm
ir-w123265010,بزرگراه شهید قاسم سلیمانی,colloquial,osm
ir-w123265020,کمربندی چالوس,colloquial,osm
ir-w123404340,جلفا,colloquial,osm
ir-w123404344,پروین اعتصامی,colloquial,osm
ir-w123699827,جاده اصفهان (بلوار شهید بختیاری),colloquial,osm
ir-w123717407,فلکه نمره یک,colloquial,osm
ir-w123717410,میدان تختی,colloquial,osm
ir-w123717411,فلکه بانک ملی,colloquial,osm
ir-w123717419,فلکه زندان,colloquial,osm
ir-w123778948,میدان وادی,colloquial,osm
ir-w123840053,سرباز 43,colloquial,osm
ir-w124164973,آیت الله هاشمی رفسنجانی2,colloquial,osm
ir-w124164978,باب الحوائج,colloquial,osm
ir-w124210118,بلوار شقایق,colloquial,osm
ir-w124641378,شهید رئیسی,colloquial,osm
ir-w124641384,بلوار مولوی احمد نارویی,colloquial,osm
ir-w124641451,میلان ۵,colloquial,osm
ir-w124641483,ابوذر,colloquial,osm
ir-w124641485,شهید سپاهیان,colloquial,osm
ir-w124641495,میدان سفیر امید,colloquial,osm
ir-w124641501,میدان نماز,colloquial,osm
ir-w124641915,میدان ارکیده,colloquial,osm
ir-w124641973,میدان کوزه,colloquial,osm
ir-w124642108,عزیز امام بخش,colloquial,osm
ir-w124642342,بلوار بلوچستان,colloquial,osm
ir-ostad-gholamali-raisolzakerin-dehbani-street,خیابان مسجد طالقانی,colloquial,osm
ir-w124642615,مسجد ولی عصر,old,osm
ir-w124765425,پرستار 1,colloquial,osm
ir-w124930025,کوثر ۲۸,colloquial,osm
ir-w125603451,پل شهید رضازاده,colloquial,osm
ir-w125603457,خیابان سی متری,colloquial,osm
ir-w125739387,فرخي 32,colloquial,osm
ir-w125740287,کوچه براهویی,spelling,osm
ir-south-persian-gulf-boulevard,بلوار خلیج فارس,spelling,osm
ir-ayatollah-raisi-street,خیابان شهید رجایی,old,osm
ir-ayatollah-raisi-street,خیابان خورشید,colloquial,osm
ir-w126355547,۴۵ متری گلشهر,spelling,osm
ir-sarhaddi,مخابرات,colloquial,osm
ir-w126495859,میلان احمدیه,colloquial,osm
ir-w126495876,پیر,colloquial,osm
ir-w126495886,امام خمینی 2,colloquial,osm
ir-w126495900,عباسپور ۱۲- معدآباد ۶,colloquial,osm
ir-w126495904,علیمردانی ۱۱,colloquial,osm
ir-w126496693,دارایی,colloquial,osm
ir-salavarzi,تختی,colloquial,osm
ir-30th-tir-street,قوام السلطنه,old,osm
ir-w127305972,میدان فیروزآباد,colloquial,osm
ir-jahad-boulevard-2,بلوار جهاد,spelling,osm
ir-w127721870,بلوار کیمه,colloquial,osm
ir-w127721922,دکتر آرش خیراللهی,colloquial,osm
ir-w128110701,میدان طاووس,colloquial,osm
ir-w128343978,خیابان قبرستان قدیم,colloquial,osm
ir-w128344766,جاده مرودشت - سلطان‌آباد,colloquial,osm
ir-w128440000,بلوار بهاران,colloquial,osm
ir-w128440009,بلوار بهاران,colloquial,osm
ir-w128440013,بلوار بهاران,colloquial,osm
ir-w128440018,بلوار بهاران,colloquial,osm
ir-w128443681,وحدت,colloquial,osm
ir-w128959965,چهارباندی,colloquial,osm
ir-w128959979,بلوار نیروگاه,colloquial,osm
ir-w128959996,میدان شهدای خلیج‌فارس,colloquial,osm
ir-w128960012,چهارباندی,colloquial,osm
ir-eastern-saheb-al-amr,درکی,old,osm
ir-afif-abad-street-alley-20,خیابان عفیف آباد کوچه ۲۰,colloquial,osm
ir-palestine-street,خیابان باغشاه,old,osm
ir-northern-safaei-street,خیابان قالیشویی,colloquial,osm
ir-w129344642,بلوار ایثار,old,osm
ir-w129344658,بلوار ایثار,old,osm
ir-w129344700,بلوار ایثار شمالی,old,osm
ir-saddarvazeh,صد دروازه,colloquial,osm
ir-w129436679,بلوار ولیعصر,colloquial,osm
ir-azadi-boulevard-8,بلوار شمالی,colloquial,osm
ir-ebrahim-adham-street,ابراهیمی,colloquial,osm
ir-south-asadabadi-street,ارگ جنوبی,colloquial,osm
ir-vahdat-2-2,ورودی دوم شهرک بهشتی,colloquial,osm
ir-w129841909,گلدشت محمدی,colloquial,osm
ir-aghaei,آقائی,colloquial,osm
ir-w130584753,۶ متری مسجد امام موسی کاظم,colloquial,osm
ir-w131411054,بوستان ۳۵,colloquial,osm
ir-w131411241,بولوار شهدای شهرک سعدی,colloquial,osm
ir-w131629198,میثم جنوبی,colloquial,osm
ir-pamchal-street,پامچال,colloquial,osm
ir-w132093806,بلوار نارنج,colloquial,osm
ir-laleh-street,لاله,colloquial,osm
ir-w132093818,بلوار نارنج,colloquial,osm
ir-western-baharestan-boulevard,بلوار بهارستان غربی,colloquial,osm
ir-west-pasargad-boulevard,بلوار پاسارگاد شرقی,colloquial,osm
ir-rouzbehan-boulevard,بلوار روزبهان,colloquial,osm
ir-partoo-boulevard,بلوار پرتو,colloquial,osm
ir-partoo-boulevard-2,بلوار پرتو,colloquial,osm
ir-valizadeh,18,colloquial,osm
ir-varzeshkar-boulevard,بلوار شهدای ورزشکار,colloquial,osm
ir-w132095622,بلوار فرزانگان,colloquial,osm
ir-gol-e-mohammadi-boulevard,بلوار گل محمدی,colloquial,osm
ir-gol-e-mohammadi-boulevard-2,بلوار گل محمدی,colloquial,osm
ir-kowkab,گل کوکب,colloquial,osm
ir-w132413477,ابوذر غفاری ۳۷,colloquial,osm
ir-w132533962,خیابان جهان‌پهلوان رضا‌زاده,colloquial,osm
ir-w132533963,خیابان جهان‌پهلوان رضا‌زاده,colloquial,osm
ir-w132533964,پل شهید خراسانی,colloquial,osm
ir-w132541706,شهاب,colloquial,osm
ir-w132541714,ایثار ۳,colloquial,osm
ir-w132543007,شهید چمران,colloquial,osm
ir-parvin-e-etesami-boulevard-2,بلوار پروین اعتصامی,colloquial,osm
ir-negarestan-3,امیرکبیر ۵/۱۹,colloquial,osm
ir-w133390754,نوروزیان,old,osm
ir-w133390754,بلوار دانشگاه بین‌المللی امام خمینی,colloquial,osm
ir-dehkhoda-boulevard-2,بلوار فردوسی شمالی,colloquial,osm
ir-w133490328,هشت متری باغ نارنج,colloquial,osm
ir-w133490586,بولوار شهدای شهرک سعدی,colloquial,osm
ir-w133491213,فرزانه,colloquial,osm
ir-w133491215,بیست متری سعدی,colloquial,osm
ir-dehkhoda-boulevard-3,بلوار فردوسی شمالی,colloquial,osm
ir-w133721709,بلوار دانشگاه بین‌المللی امام خمینی,colloquial,osm
ir-w133914053,امیرکبیر شرقی ۳,colloquial,osm
ir-w133914097,خیابان بهشتی,spelling,osm
ir-mostafa-khomeyni-boulevard,بلوار مصطفی خمینی,spelling,osm
ir-west-shariyati-boulevard,بلوار شریعتی غربی,spelling,osm
ir-w133916017,میدان شهدا,old,osm
ir-imam-hassan-boulevard,آهن فروشان,colloquial,osm
ir-w134223028,بلوار سلیمان خاطر,colloquial,osm
ir-w134223042,بلوار سلیمان خاطر,colloquial,osm
ir-w134223048,میدان صناعی,colloquial,osm
ir-baghmelli-sq,میدان امام خمینی,colloquial,osm
ir-fath-al-mobin,فتح المبین,colloquial,osm
ir-fahimi-boulevard,بلوار گفتار,colloquial,osm
ir-fahimi-boulevard-2,بلوار گفتار,colloquial,osm
ir-kardeh-street,بلوار عدالت جنوبی کوچه ۴۵,colloquial,osm
ir-partoo-boulevard-3,بلوار پرتو,colloquial,osm
ir-w134808734,بلوار پیوند,colloquial,osm
ir-adl-6,عقیل ۶,colloquial,osm
ir-soleimani-roundabout,میدان شاهد,colloquial,osm
ir-w135415677,تیموری,colloquial,osm
ir-nobahar-alley,کریمخان زند ۳۹,colloquial,osm
ir-w135416194,لشکری,colloquial,osm
ir-sheikh-ruzbehan-street,خیابان روزبهان,colloquial,osm
ir-w135432653,فلکه مرکزی,colloquial,osm
ir-w135432654,میدان کوروش,colloquial,osm
ir-w135432656,گلستان,colloquial,osm
ir-w135461854,فلکه محله آقا,colloquial,osm
ir-w135461855,میدان شهید باهنر,colloquial,osm
ir-abdolreza-blvd,بلوار شهید عباسپور,colloquial,osm
ir-abdolreza-blvd,بلوار بهار,colloquial,osm
ir-abdolreza-blvd,بلوار عبدالرضا,spelling,osm
ir-w136606221,نور,colloquial,osm
ir-farmandari-4,۸ دکتر حسابی,old,osm
ir-adineh,۱۴ دکتر حسابی,old,osm
ir-w137108230,میدان فرمانداری,colloquial,osm
ir-w137108231,معلم,colloquial,osm
ir-w137108241,کمربندی,colloquial,osm
ir-w137108285,فلکه مرکزی,colloquial,osm
ir-w137127904,شهرداری,colloquial,osm
ir-w137127938,میدان ۱۷ شهریور,colloquial,osm
ir-emam-hosein-square,میدان استانداری,colloquial,osm
ir-emam-khomeini-6,۶۰متری,colloquial,osm
ir-emam-khomeini-7,۶۰متری,colloquial,osm
ir-60,۶۰متری,colloquial,osm
ir-w137224914,میدان اکبر آباد,colloquial,osm
ir-shahid-namjoo-street,خیابان اقبال,old,osm
ir-w137329013,بلوار شهید قنبری,colloquial,osm
ir-davood-rashidi,معارف,old,osm
ir-w137830490,میدان سینما,colloquial,osm
ir-w137991264,میدان گیتی نورد,colloquial,osm
ir-w138480237,میدان غدیر,colloquial,osm
ir-w138480280,میدان نون و القلم,colloquial,osm
ir-w138480285,شهید سعید قهاری,colloquial,osm
ir-ghaem-magham-farahani-avenue,شاه عباس,old,osm
ir-karim-khan-zand-boulevard,کریمخان,colloquial,osm
ir-ali-abad-katool-ring-road-2,کمربندی علی آباد کتول,colloquial,osm
ir-w139183296,پل شهید خوش‌روزی,colloquial,osm
ir-lieutenant-general-martyr-haj-qassem-soleymani-blvd-2,بولوار شهدا,old,osm
ir-lieutenant-general-martyr-haj-qassem-soleymani-blvd-2,بولوار شهید قاسم سلیمانی,colloquial,osm
ir-w139183311,میدان شهید حاج قاسم سلیمانی,colloquial,osm
ir-w140395613,خیابان استقلال,old,osm
ir-w140395614,خیابان استقلال,old,osm
ir-w140395628,پل شهید خراسانی,colloquial,osm
ir-martyr-irani-jam-street,خیابان شهید ایرانی جم,colloquial,osm
ir-w140395663,خیابان خیرین,colloquial,osm
ir-lieutenant-general-martyr-haj-qassem-soleymani-blvd-3,بولوار شهدا,old,osm
ir-lieutenant-general-martyr-haj-qassem-soleymani-blvd-3,بولوار شهید قاسم سلیمانی,colloquial,osm
ir-w140395673,خیابان فدک,old,osm
ir-w140395673,خیابان شهید ایران نژاد,colloquial,osm
ir-lieutenant-general-martyr-haj-qassem-soleymani-blvd-4,بولوار شهدا,old,osm
ir-lieutenant-general-martyr-haj-qassem-soleymani-blvd-4,بولوار شهید قاسم سلیمانی,colloquial,osm
ir-w140395678,پل شهید حجازی,colloquial,osm
ir-lieutenant-general-martyr-haj-qassem-soleymani-blvd-5,بولوار شهدا,old,osm
ir-lieutenant-general-martyr-haj-qassem-soleymani-blvd-5,بولوار شهید قاسم سلیمانی,colloquial,osm
ir-major-general-martyr-mehdi-bakeri-sq,میدان شهید باکری,colloquial,osm
ir-lieutenant-general-martyr-haj-qassem-soleymani-blvd-6,بولوار شهدا,old,osm
ir-lieutenant-general-martyr-haj-qassem-soleymani-blvd-6,بولوار شهید قاسم سلیمانی,colloquial,osm
ir-lieutenant-general-martyr-haj-qassem-soleymani-blvd-7,بولوار شهدا,old,osm
ir-lieutenant-general-martyr-haj-qassem-soleymani-blvd-7,بولوار شهید قاسم سلیمانی,colloquial,osm
ir-w140784770,۴۵ متری دوم قدس,colloquial,osm
ir-w140784772,اسحاق روشنی,colloquial,osm
ir-w140784799,۴۵ متری,colloquial,osm
ir-seyyedo-shohada,شن کش,colloquial,osm
ir-seyyedo-shohada-2,شن کش,colloquial,osm
ir-janbazan-7,مخابرات,colloquial,osm
ir-chamran-neysanian,نیسانیان,colloquial,osm
ir-shohada-6,کشتارگاه,old,osm
ir-w140938657,جاده قدیم مرزیجران,colloquial,osm
ir-imam-ali-highway-13,کمربندی شمالی اراک,colloquial,osm
ir-imam-ali-highway-14,کمربندی شمالی اراک,colloquial,osm
ir-javadol-aeme,جهرم,colloquial,osm
ir-hatamabadi,بیست متری میقان,colloquial,osm
ir-vahidreza-rasuli,پیروزی,old,osm
ir-reshadat,حنظله - فاز ۲ بعثت,old,osm
ir-qods-boulevard-10,بلوار مصطفی خمینی,colloquial,osm
ir-martyr-mohammadzadeh-st,خیابان شهید محمدزاده,colloquial,osm
ir-basij-expressway-8,بزرگراه امام رضا (ع),old,osm
ir-w141354470,نهضت,colloquial,osm
ir-w141354470,خیابان شهید برزگر,colloquial,osm
ir-w141354479,خیابان شهید باهنر,colloquial,osm
ir-w141354506,پل ارجستان,old,osm
ir-w141354506,پل شهید قهرمانی,colloquial,osm
ir-martyr-azimpoor-blvd,بولوار شهید عظیم‌پور,colloquial,osm
ir-w141354532,پل ارجستان,old,osm
ir-w141354532,پل شهید قهرمانی,colloquial,osm
ir-w141354542,پل شهید طهماسبی‌پور,colloquial,osm
ir-w141354560,پل شهید برزگر,colloquial,osm
ir-w141354585,پل شهید طهماسبی‌پور,colloquial,osm
ir-w141354615,پل شهید طهماسبی‌پور,colloquial,osm
ir-lieutenant-general-martyr-haj-qassem-soleymani-blvd-8,بولوار شهدا,old,osm
ir-lieutenant-general-martyr-haj-qassem-soleymani-blvd-8,بولوار شهید قاسم سلیمانی,colloquial,osm
ir-basij-expressway-9,بزرگراه امام رضا (ع),old,osm
ir-w141354722,خیابان سی متری,colloquial,osm
ir-w141354737,خیابان شهید دستغیب,colloquial,osm
ir-martyr-behzadbakht-st,خیابان شهید بهزاد‌بخت,colloquial,osm
ir-w141354791,پل شهید رحیمی,colloquial,osm
ir-w141354801,پل شهید رحیمی,colloquial,osm
ir-w141354802,پل شهید رحیمی,colloquial,osm
ir-w141354821,خیابان وحدت,old,osm
ir-w141354821,خیابان شهید فخرزاده,colloquial,osm
ir-w141354825,پل شهید رحیمی,colloquial,osm
ir-w141385689,خیابان شهید ایرانی جم,colloquial,osm
ir-badr-2,خیابان بدر,colloquial,osm
ir-w141389504,خیابان شهید اعلمی,colloquial,osm
ir-w141394968,میدان خبرنگار,colloquial,osm
ir-w141395138,خیابان ابوذر,old,osm
ir-w141395138,خیابان شهید پژوهی,colloquial,osm
ir-w141450819,میدان بهورز,colloquial,osm
ir-w141450840,میدان دانشگاه,colloquial,osm
ir-tous,مطهری,colloquial,osm
ir-w141528449,راه آهن,colloquial,osm
ir-w141529098,خیابان چشمه علی,colloquial,osm
ir-w144234092,شهیدان غلامپور,colloquial,osm
ir-w144234177,شهیدان غلامپور,colloquial,osm
ir-w144377032,میدان زینبیه,colloquial,osm
ir-w144377056,زینبیه,colloquial,osm
ir-w145667422,شهیدکرامت الله رفیع,colloquial,osm
ir-w145667472,میدان پست دارابی,old,osm
ir-w145667474,میدان خرمشهر,colloquial,osm
ir-w145667482,حضرت ابوالفضل,old,osm
ir-w145667558,بلوار بعثت,colloquial,osm
ir-w145667561,بلوار کارخانه,colloquial,osm
ir-w145667605,۷۶۳,colloquial,osm
ir-w145667607,شریف واقفی,colloquial,osm
ir-w145667609,بلوار شهید بهشتی,colloquial,osm
ir-w145667637,بلوار امام حسین ع,colloquial,osm
ir-w146378529,طالقانی غربی,colloquial,osm
ir-sardar-soleimani-expressway,بزرگراه نیایش,old,osm
ir-north-vahhabi-street,یوتاب شمالی,colloquial,osm
ir-arvand-street,کیان‌آباد,colloquial,osm
ir-7th-bridge,پل عامری,colloquial,osm
ir-w147316565,میدان ساعت,colloquial,osm
ir-w147316567,سنگی,colloquial,osm
ir-3rd-kianpars-square,گردشگر,colloquial,osm
ir-salehpour-street,صالح‌پور,colloquial,osm
ir-hemmat-expressway-15,بزرگراه شمال عباس آباد,old,osm
ir-parviz-abutaleb-boulevard,بلوار الهام,old,osm
ir-manochehri-e,منوچهری شرقی,colloquial,osm
ir-w150778935,سرکیس داوودیان,old,osm
ir-bandarabas,گلزار غربی,colloquial,osm
ir-martyr-kabirzadeh-blvd,بلوار لاله غربی,old,osm
ir-martyr-kabirzadeh-blvd,بلوار شهید کبیرزاده,spelling,osm
ir-w150779112,کودک,colloquial,osm
ir-amiri-taeme,گلبرگ غربی,old,osm
ir-amiri-taeme,خیابان ۱۴۲ غربی,colloquial,osm
ir-qaneh,پروین,colloquial,osm
ir-saeed-baghdarnia-st,رشید,colloquial,osm
ir-saeed-baghdarnia-st,۱۱۵,colloquial,osm
ir-ayatullah-khoshghovat-boulevard-2,بلوار آرش تیرانداز,old,osm
ir-ayatullah-khoshghovat-boulevard-2,بلوار حجر بن عدی,colloquial,osm
ir-ayatullah-khoshghovat-boulevard-2,آرش تیرانداز,colloquial,osm
ir-east-janbazan-boulevard,گلبرگ شرقی,old,osm
ir-ahmadzadeh-st,۷.۳۷,colloquial,osm
ir-ahani-amineh-st,عادل,colloquial,osm
ir-ahani-amineh-st,۱۱۹,colloquial,osm
ir-mostofi-st,بصیر,old,osm
ir-shahid-dr-ayat-st-2,نارمک,old,osm
ir-shahid-ali-shadmani-blvd,بلوار دلاوران,old,osm
ir-shahid-ali-shadmani-blvd,بلوار شهید علی شادمانی,spelling,osm
ir-martyr-mahmoudi-sq,میدان شهید محمودی,spelling,osm
ir-w151277642,هوشنگ زمانی,colloquial,osm
ir-w151277642,ده متری اول جوادیه,colloquial,osm
ir-w151277655,نیاکان,colloquial,osm
ir-w151277661,ده متری دوم جوادیه,colloquial,osm
ir-razi-square-3,دروازه گمرک,old,osm
ir-razi-square-3,میدان گمرک,colloquial,osm
ir-w151483737,خیابان رباط کریم,old,osm
ir-behesht-sq,میدان بهشت,spelling,osm
ir-shahid-salami-expressway-2,بزرگراه آزادگان,colloquial,osm
ir-shahid-salami-expressway-3,بزرگراه آزادگان,colloquial,osm
ir-w151498577,بلوار ابریشم,colloquial,osm
ir-w151498627,بلوار ابریشم,colloquial,osm
ir-qom-street,خیابان قم,colloquial,osm
ir-qom-street-2,خیابان قم,colloquial,osm
ir-raeisi-expressway-5,بزرگراه بعثت,colloquial,osm
ir-raeisi-expressway-6,بزرگراه بعثت,colloquial,osm
ir-shohada-boulevard-7,بلوار شاهد,colloquial,osm
ir-w151839105,بلوار دولت آباد,colloquial,osm
ir-w151839110,صاحب الزمان,colloquial,osm
ir-fadaeiyan-eslam-6,رزم آرا,old,osm
ir-fadaeiyan-eslam-6,فدائیان اسلام,colloquial,osm
ir-fadaeiyan-eslam-7,رزم آرا,old,osm
ir-fadaeiyan-eslam-7,فدائیان اسلام,colloquial,osm
ir-w151839122,بلوار ابریشم,colloquial,osm
ir-w151839123,بلوار ابریشم,colloquial,osm
ir-fadaeiyan-eslam-8,رزم آرا,old,osm
ir-fadaeiyan-eslam-8,فدائیان اسلام,colloquial,osm
ir-payam-st,مجتبی موسوی,colloquial,osm
ir-sayyad-shirazi-expressway,بزرگراه نیاوران,old,osm
ir-sayyad-shirazi-expressway,بزرگراه صیاد شیرازی,spelling,osm
ir-vafamanesh-street,خیابان شهید وفامنش,colloquial,osm
ir-w151853144,پل مغان,colloquial,osm
ir-shahid-soleimani-expressway-4,بزرگراه رسالت,old,osm
ir-shahid-soleimani-expressway-5,بزرگراه رسالت,old,osm
ir-shahid-soleimani-expressway-5,بزرگراه شهید سلیمانی,colloquial,osm
ir-shahid-soleimani-expressway-6,بزرگراه رسالت,old,osm
ir-shahid-soleimani-expressway-6,بزرگراه شهید سلیمانی,colloquial,osm
ir-shahid-soleimani-expressway-7,بزرگراه رسالت,old,osm
ir-north-sabalan-street,بهرامی,old,osm
ir-davood-golshandoost,مسیل باختر,colloquial,osm
ir-majidyeh-ostad-hasan-e-banna,مجیدیه جنوبی,old,osm
ir-davood-golshandoost-2,مسیل باختر,colloquial,osm
ir-w151931254,بهرامی,old,osm
ir-asadabadi-street-3,یوسف آباد,colloquial,osm
ir-w152078202,شصت و چهارم,colloquial,osm
ir-dr-fatemi-st,آریامهر,old,osm
ir-dr-fatemi-st,خیابان شهید فاطمی,colloquial,osm
ir-tat,سرسبز جنوبی,colloquial,osm
ir-yemen-street-2,تابناک,old,osm
ir-major-general-pilot-martyr-mansour-mohammadi-azad-overpass-2,پل شهید محمدی‌آزاد,colloquial,osm
ir-w152323491,بیست متری گلستان شرقی,old,osm
ir-w152323491,گلستان شرقی,colloquial,osm
ir-martyr-jan-mohammad-faryadras-street,گلزار شرقی,old,osm
ir-abadeh-5,۲۰ متری گلستان,colloquial,osm
ir-ghaffari-square,میدان عدل,old,osm
ir-ghaffari-square,میدان غفاری,colloquial,osm
ir-fallahzade-boulevard,بلوار همیلا,colloquial,osm
ir-nowruzpur,نشاط,colloquial,osm
ir-saeed-eslamian,گلستان شرقی,old,osm
ir-qasempur,قاسم پور,colloquial,osm
ir-qasempur,لادن,colloquial,osm
ir-modafean-salamat-street-2,زرافشان,old,osm
ir-allameh-tabatabaee-south,علامه,colloquial,osm
ir-khovardin-boulevard-2,بلوار خوردین,colloquial,osm
ir-w152529878,مطهری شمالی,colloquial,osm
ir-shahid-dadman-boulevard,بلوار پونک باختری,old,osm
ir-shohadaye-bagh-feyz-sq,میدان شهدای باغ فیض,spelling,osm
ir-4-bagh-east,چهارباغ شرقی,old,osm
ir-north-mojahede-kabir-blvd,بلوار مجاهد کبیر شمالی,spelling,osm
ir-fatemi-3,آریامهر,old,osm
ir-fatemi-3,خیابان شهید فاطمی,colloquial,osm
ir-w153587389,خرمشهر,old,osm
ir-east-shahid-motahari,خیابان احمدی,old,osm
ir-w154535745,بلوار صنایع فولاد,colloquial,osm
ir-3rd-bridge,پل سوم,colloquial,osm
ir-w154544521,الغدیر,colloquial,osm
ir-w154549817,مبدان پلیس,colloquial,osm
ir-21-2,خیام ۱,colloquial,osm
ir-w154723914,خیابان فردوسی,spelling,osm
ir-w154724022,بلوارمعلم,colloquial,osm
ir-w155246758,خیابان جمهوری اسلامی جنوبی,colloquial,osm
ir-w155246766,میدان شهید سارانی,colloquial,osm
ir-w155246826,بلوار اقیانوس,colloquial,osm
ir-w155274331,خیابان شهید قدیر جلیل زادگان,old,osm
ir-w155274331,کوچه انقلاب ۱۸,colloquial,osm
ir-w155274331,کوچه قاسمیه,colloquial,osm
ir-w155274331,خیابان استاد انور,colloquial,osm
ir-w155274341,خیابان شهید خدایاری,colloquial,osm
ir-w155274342,خیابان شهید خدایاری,colloquial,osm
ir-w155274343,خیابان شهید خدایاری,colloquial,osm
ir-mosavi-2,گلستان چهارم,colloquial,osm
ir-w155707133,شعبانلو,colloquial,osm
ir-w155707437,خیابان کیوان,old,osm
ir-langari,خیابان اقدسیه,colloquial,osm
ir-w155785975,پل شهید درویش,colloquial,osm
ir-bahar-street-2,شهید دوم,colloquial,osm
ir-municipal-asphalt-plant-road,جاده شن‌شویی,colloquial,osm
ir-prof-majid-samiei-boulevard,پروفسور مجید سمیعی,colloquial,osm
ir-w157660811,بلوار لاکان,colloquial,osm
ir-w157876336,هدف,colloquial,osm
ir-w157876558,عبود اصلاحی,colloquial,osm
ir-nejatollahi-street-2,استاد نجات الهی,colloquial,osm
ir-nejatollahi-street-2,خیابان ویلا,colloquial,osm
ir-somayye,ثریا,old,osm
ir-sefid-bridge,پل دوم,colloquial,osm
ir-shahid-soleimani,پاسداران,colloquial,osm
ir-south-jahad,سجاد,colloquial,osm
ir-hejrat-square,میدان راه آهن,colloquial,osm
ir-w158334473,ایرانپارس,old,osm
ir-jeddiye-ardebili-boulevard,بلوار ۳۵ متری آبشار,old,osm
ir-zeynali-boulevard,بلوار کاج,colloquial,osm
ir-zeynali-boulevard-2,بلوار کاج,colloquial,osm
ir-shahid-sohani,سوهانک,colloquial,osm
ir-movahed-danesh,خیابان اقدسیه,old,osm
ir-jahanbakhsh-nejad,نارنجستان هفتم,old,osm
ir-w159508508,میدان هفت برادران,colloquial,osm
ir-w159554887,میدان اول,colloquial,osm
ir-agha-miri,قنات,colloquial,osm
ir-major-general-martyr-sadegh-pourshiani-overpass-2,پل شهید پورشیانی,colloquial,osm
ir-yadegar-e-emam-expressway-12,بزرگراه ۱۰۰,old,osm
ir-western-nafisi-street,بیست و سوم,colloquial,osm
ir-11th-west,احمد مقدس,colloquial,osm
ir-w160106987,پیک دانش,colloquial,osm
ir-payam-boulevard,بلوار پیام,colloquial,osm
ir-payam-boulevard-2,بلوار پیام,colloquial,osm
ir-shaghayegh-boulevard,شقایق,old,osm
ir-sadr-expressway-8,بزرگراه دوگل,old,osm
ir-ayatollah-maleki,سعدآباد,old,osm
ir-ostad-hasan-e-banna-2,مجیدیه شمالی,old,osm
ir-ostad-hasan-e-banna-3,مجیدیه شمالی,old,osm
ir-mohammadreza-pashazahari,خیابان کامرانیه,old,osm
ir-mohammadreza-pashazahari,کامرانیه جنوبی,colloquial,osm
ir-alireza-bazdar,کامرانیه,old,osm
ir-alireza-bazdar,کامرانیه شمالی,colloquial,osm
ir-neda-square,میدان ندا,spelling,osm
ir-andarzgou-boulevard,بلوار شهید اندرزگو,spelling,osm
ir-karim-khan-zand-boulevard-2,کریمخان,colloquial,osm
ir-karim-khan-zand-boulevard-3,کریمخان,colloquial,osm
ir-mirzaye-shirazi-3,نادرشاه,old,osm
ir-w161072223,میدان شعاع,old,osm
ir-w162009860,شیخ فضل الله نوری,colloquial,osm
ir-w162010108,تیر انداز,colloquial,osm
ir-imam-ali-square-5,میدان امام علی,colloquial,osm
ir-enghelab-eslami-2,انقلاب اسلامی,colloquial,osm
ir-mirza-bozorge-shirazi-boulevard,باغ فردوس,old,osm
ir-w162110998,بلوار سفیر امید,colloquial,osm
ir-w162110999,علم و صنعت,colloquial,osm
ir-w162205202,ابریشم,colloquial,osm
ir-w162205362,یگان ویژه,colloquial,osm
ir-w162205395,بلوار شهید مصطفی فدایی,colloquial,osm
ir-w162205420,بلوار شهید مصطفی فدایی,colloquial,osm
ir-shahid-soleimani-expressway-8,بزرگراه رسالت,old,osm
ir-shahid-soleimani-expressway-9,بزرگراه رسالت,old,osm
ir-w162653778,بزرگراه شاهین دژ - میاندوآب,colloquial,osm
ir-etehad-square,میدان اتحاد,colloquial,osm
ir-emam-hossein-square-5,میدان صلاح الدین ایوبی,colloquial,osm
ir-dabestan-kaboli-ave,دبستان,old,osm
ir-w164595008,بزرگراه داریوش,old,osm
ir-w164595009,بزرگراه داریوش,old,osm
ir-hesam-zadeh-hejazi-street,شیرین,old,osm
ir-w164595228,امیر اتابک,old,osm
ir-w164814815,بلوار حیدری,spelling,osm
ir-azadi-boulevard-9,خیابان اصلی رجائی شهر,colloquial,osm
ir-w164913856,سی و پنج متری,colloquial,osm
ir-w164914103,حجازی,colloquial,osm
ir-beheshti-9,خیابان قزوین,old,osm
ir-beheshti-9,قزوین,colloquial,osm
ir-w166960337,بلوار دشتبان زاده,colloquial,osm
ir-imam-hussain-square,سبزه میدان,old,osm
ir-imam-hussain-square,میدان شهرداری,colloquial,osm
ir-shahid-babaei-street,خیابان دانشگاه,old,osm
ir-w167596498,حجت الاسلام ابوترابی,colloquial,osm
ir-jamal-al-din-asad-abadi,دوازده متری ملک,colloquial,osm
ir-w167691216,سی و پنج متری,colloquial,osm
ir-w168057372,مرکز,old,osm
ir-w168057380,سلماس,colloquial,osm
ir-w168057400,دانش,colloquial,osm
ir-w168057402,خیابان امام,old,osm
ir-w168549371,رجائی شهر,colloquial,osm
ir-beheshti-10,قزوین,colloquial,osm
ir-south-ayatollah-taleghani-blvd-2,بلوار کوروش,old,osm
ir-south-ayatollah-taleghani-blvd-2,بلوار آیت‌الله طالقانی جنوبی,spelling,osm
ir-west-gazal,غزال,colloquial,osm
ir-w168549493,شکری,spelling,osm
ir-w168549617,هفتم جواد آباد,colloquial,osm
ir-doctor-mosaddeq,پیروزی,colloquial,osm
ir-w168683534,رشتیان,colloquial,osm
ir-w168683540,حاجی‌آباد,colloquial,osm
ir-w169482652,خوش اخلاق,colloquial,osm
ir-w169482881,کتبی,colloquial,osm
ir-w169482981,بلوار شیراز,colloquial,osm
ir-w169483095,فیض,colloquial,osm
ir-mirbozorg-bridge,پل سوم,colloquial,osm
ir-w170571990,خیابان شهرداری,colloquial,osm
ir-17-shahrivar-square,فلکه آمل,colloquial,osm
ir-w170572062,بلوار حضرت معصومه(س),colloquial,osm
ir-sepah-street,شهید دکتر قاسمی,colloquial,osm
ir-13th-east-street,۱۳ شرقی,colloquial,osm
ir-w171533829,مجدم,colloquial,osm
ir-karun-square,میدان زندان,colloquial,osm
ir-w171534064,میدان شهید سردار محمدرضا علیخانی,colloquial,osm
ir-w171543278,یوسفی,colloquial,osm
ir-w173451027,خیابان شهید یزدی,colloquial,osm
ir-17-shahrivar-jadid,خیابان ١٧ شهریور جدید,spelling,osm
ir-shariati-e-jonubi,شهناز,old,osm
ir-qods-3,آناتول فرانس,old,osm
ir-sa-at-square-5,ساعات قاباغی,spelling,osm
ir-w174859232,چهارراه لاله,colloquial,osm
ir-17-shahrivar-jadid-2,خیابان ١٧ شهریور جدید,spelling,osm
ir-w175010988,میدان آموزش و پرورش,colloquial,osm
ir-w175073985,گاراژ پهلوان,colloquial,osm
ir-w175074080,بلوار زنده یاد علی پیرمرادی,colloquial,osm
ir-w175074095,بلوار تختی,colloquial,osm
ir-moghavemat-square,میدان مقاومت,colloquial,osm
ir-moghavemat-square,میدان شهید سپهبد حاج قاسم سلیمانی,colloquial,osm
ir-w175074129,میدان نور,colloquial,osm
ir-w175074141,هیراد خان,colloquial,osm
ir-w175074146,میدان گلستان,colloquial,osm
ir-ganji-square,میدان قدس,colloquial,osm
ir-w175162360,شهید رزقیان,colloquial,osm
ir-w175162371,شهید رزقیان,colloquial,osm
ir-w175162395,بلوار 29 بهمن,spelling,osm
ir-w175246143,علی آباد,colloquial,osm
ir-w175352662,بلوار شهید قاسم سلیمانی,colloquial,osm
ir-w175473863,۱۲ متری فرامرزی,colloquial,osm
ir-w175474131,جمهوری شمالی,colloquial,osm
ir-evaz-gerash-highway,بزرگراه اوز - گراش,spelling,osm
ir-sheikh-ahmad-ansari-boulevard,بلوار شیخ احمد انصاری,colloquial,osm
ir-w175598730,گاز,colloquial,osm
ir-w175668774,گلستان,colloquial,osm
ir-golkar-boulevard,بلوار وکیل,old,osm
ir-w175672630,گوموش قیه,colloquial,osm
ir-w175673904,خیابان حزب الله,colloquial,osm
ir-w175681019,چای کنار آزادی,colloquial,osm
ir-w175681028,چای کنار آزادی,colloquial,osm
ir-azadi-square-15,میدان شهیاد,old,osm
ir-azadi-square-15,میدان آزادی,spelling,osm
ir-jenah-highway,جناح,colloquial,osm
ir-sa-idi-highway,بزرگراه شهیاد,old,osm
ir-sa-idi-highway-2,بزرگراه شهیاد,old,osm
ir-ammar-3,دزاشیب,old,osm
ir-w175815528,نیایش,colloquial,osm
ir-valiasr-street-4,پهلوی,old,osm
ir-valiasr-street-4,ولیعصر,colloquial,osm
ir-major-general-pilot-martyr-mohammad-haji-overpass,پل شهید حاجی,colloquial,osm
ir-major-general-pilot-martyr-mohammad-haji-overpass-2,پل شهید حاجی,colloquial,osm
ir-mahmoud-ghandi-st,پالیزی,colloquial,osm
ir-w175875198,سهیل,old,osm
ir-ahmad-sartipi,ایمان,colloquial,osm
ir-w175898544,گلگشت,colloquial,osm
ir-w175898550,امین,colloquial,osm
ir-w176386320,شقایق,colloquial,osm
ir-cheraghi-expressway-4,جوانه,colloquial,osm
ir-w176391129,میدان دردشت,old,osm
ir-w176478151,علیزاده,colloquial,osm
ir-tehran-boulevard,دروازه تهران,colloquial,osm
ir-shahidan-rajaei,جهاد سازندگی,colloquial,osm
ir-shahidan-rajaei,هپکو,colloquial,osm
ir-shahidan-rajaei-hepco,جهاد سازندگی,colloquial,osm
ir-shahidan-rajaei-hepco,هپکو,colloquial,osm
ir-imam-ali-highway-15,کمربندی شمالی اراک,colloquial,osm
ir-w176646870,میدان طوس,colloquial,osm
ir-shazand-boulevard,بلوار خلیج فارس,colloquial,osm
ir-basij-square-16,میدان سردشت,colloquial,osm
ir-w176786547,بلوار شهید سلیمانی,colloquial,osm
ir-w176851170,بلوار غدیر,colloquial,osm
ir-w176873758,میدان حر,colloquial,osm
ir-sayyadan-2,بلوار صیادان,colloquial,osm
ir-sayyadan-2,برگ سبز,colloquial,osm
ir-w177150751,بلوار شهید صدوقی,colloquial,osm
ir-w177157119,آق تپه,colloquial,osm
ir-madani-boulevard,سامت,colloquial,osm
ir-yousefi-2,حکمت ۱۲,colloquial,osm
ir-ekbatan-street-2,اکباتان,colloquial,osm
ir-w177810125,راه انزاب,colloquial,osm
ir-w177810125,خیابان شهید مبارکی,colloquial,osm
ir-w177810129,خیابان مهر,colloquial,osm
ir-tohid-square-4,میدان کوروش,old,osm
ir-shahid-beheshti-square-4,میدان بهشت,colloquial,osm
ir-yadbud-square,میدان یادبود شهدای شیمیایی,colloquial,osm
ir-yadbud-square,میدان یادبود,colloquial,osm
ir-modares-square,میدان دانشگاه,old,osm
ir-modares-square,میدان آیت اله مدرس,colloquial,osm
ir-bahman-22-boulevard,بلوار مدرس,old,osm
ir-zakat-square,میدان کشاورز,old,osm
ir-sepah-square-6,میدان راهنمایی,colloquial,osm
ir-shohada-square-19,میدان مجسمه,old,osm
ir-north-ayatollah-kashani-boulevard,گلسرخی شمالی,old,osm
ir-takhti-boulevard,رضا شاه,old,osm
ir-20-metri-ghaem,نظامی گنجوی,old,osm
ir-w177908894,میدان زاگرس,old,osm
ir-abdul-hossein-kurdi-boulevard,بهار,old,osm
ir-al-ghadir-boulevard-3,بلوار شهرداری,colloquial,osm
ir-imamzadeh-abdullah-square,میدان امامزاده عبدالله,colloquial,osm
ir-w177909226,آیت الله گنبدی,colloquial,osm
ir-w177955465,کنارگذر فتح,colloquial,osm
ir-pire-morad-street,پیر مراد,colloquial,osm
ir-pire-morad-street,بلوار پیرمراد,spelling,osm
ir-shahid-haghshenas,بلوار سربازان گمنام,colloquial,osm
ir-w178143767,جانبازان,colloquial,osm
ir-w178329192,میدان احمدآباد,colloquial,osm
ir-taleghani-street-3,خیابان طالقانی,spelling,osm
ir-w178660909,بلوار آیت الله هاشمی رفسنجانی,old,osm
ir-w178664667,میدان کوهنورد,colloquial,osm
ir-w178702079,میدان علیمردان خان بختیاری,colloquial,osm
ir-w178702082,میدان بختیاری,colloquial,osm
ir-w178702086,جاده کولرشاپ/سرمسجد/ جی تایپ/چهاربیشه,colloquial,osm
ir-w178702089,بلوار نفتک,colloquial,osm
ir-w178702089,بلوار شهيد مرتضی حسین پور,colloquial,osm
ir-w178702091,بلوار نفتک,colloquial,osm
ir-w178702091,بلوار شهيد مرتضی حسین پور,colloquial,osm
ir-w178702110,میدان شهید بهنام محمدی,colloquial,osm
ir-entezami-street,سپند,colloquial,osm
ir-w178718587,کوشش,colloquial,osm
ir-danesh-street,خیابان دانش,spelling,osm
ir-w178827394,بیمه سوم,old,osm
ir-w179052261,جاده اندیمشک - پاعلم - پلدختر,colloquial,osm
ir-w179052314,۲۲ بهمن,colloquial,osm
ir-w179112416,بلوار سفیر امید,colloquial,osm
ir-enghelab-square-6,میدان انقلاب,colloquial,osm
ir-w179457196,جاده کشتارگاه,colloquial,osm
ir-w179544227,خیابان شهرک شهید سلطانی,colloquial,osm
ir-w179544248,میدان بسیج,colloquial,osm
ir-ataee-blvd-2,بلوار شهرداری,colloquial,osm
ir-genaveh-st,رضوان,old,osm
ir-valiasr-boulevard-6,بلوار ولیعصر,spelling,osm
ir-shohadaye-soffeh-expressway,بزرگراه شهدای صفه,colloquial,osm
ir-w180338310,بلوار سازمان آب,colloquial,osm
ir-w180338310,بلوار شهید مجتبی خدامی,colloquial,osm
ir-w180338641,جاده مال قائد,colloquial,osm
ir-w180375912,میدان دریاچه,colloquial,osm
ir-w180381189,کار آفرینی,colloquial,osm
ir-w180474644,بلوار شهید حسین فهمیده,colloquial,osm
ir-w180474815,معزالسلطان,old,osm
ir-qazvin-square,دروازه قزوین,old,osm
ir-w180517550,تختی ۴۳,colloquial,osm
ir-sotoodeh-boulevard,بلوار شهیدان ستوده,colloquial,osm
ir-alqadir-square,میدان الغدیر,colloquial,osm
ir-imam-hossein-square-11,فلکه فین,colloquial,osm
ir-mollamohsen-street,خیابان ملامحسن فیض کاشانی,colloquial,osm
ir-mohtasham-street,خیابان محتشم کاشانی,colloquial,osm
ir-rajaie-street,خیابان شهید رجایی,colloquial,osm
ir-yasrebi-street,خیابان راه آهن,colloquial,osm
ir-w180626194,بزرگراه شهید سهراب نوروزی,colloquial,osm
ir-e-jazi-square,میدان آصف,old,osm
ir-w181200694,میدان شهیدان ستونه,colloquial,osm
ir-w181200695,بلوارشهیدان عبدالله ومرتضی پوست کن,colloquial,osm
ir-w181200745,میدان بید بلند,colloquial,osm
ir-w181200803,میدان تختی,colloquial,osm
ir-w181200804,بلوار شهید غلامرضا مظفری,colloquial,osm
ir-w181200810,میدان زیدون,colloquial,osm
ir-w181200820,میدان لاله,colloquial,osm
ir-w181200825,میدان دانشگاه - میدان ساعت,colloquial,osm
ir-w181274361,میدان تامین اجتماعی,colloquial,osm
ir-w181274362,۶۰ متری,colloquial,osm
ir-w181306664,میدان چمنک,colloquial,osm
ir-w181306683,میدان شهید جنت شعار,colloquial,osm
ir-w181493991,میدان ساعت,colloquial,osm
ir-w181494001,شهروند,colloquial,osm
ir-w181750218,بابا علیشاه,old,osm
ir-w181772628,مصلی,colloquial,osm
ir-ayatollah-taleqani-boulevard-3,سی‌متری,colloquial,osm
ir-w182372882,قربانی,colloquial,osm
ir-w182460594,بلوار شهید چمران,colloquial,osm
ir-w182514169,سلمان فارسی 6,colloquial,osm
ir-w182515300,بلوار 60 متری,colloquial,osm
ir-w182572059,ساحلی غربی,colloquial,osm
ir-w182590072,کەمەربەنی هوار,colloquial,osm
ir-w182590073,کەمەربەنی هوار,colloquial,osm
ir-w182590076,آیت الله کاظمی,colloquial,osm
ir-shahid-beheshti-boulevard-11,بلوار طاق بستان,colloquial,osm
ir-taghbostan-blvd,بلوار طاق بستان,colloquial,osm
ir-w182603155,بلوار طاقبستان,colloquial,osm
ir-w182603155,بلوار طاق بستان,colloquial,osm
ir-w182603156,بلوار طاقبستان,colloquial,osm
ir-w182603156,بلوار طاق بستان,colloquial,osm
ir-rah-e-karbala-expressway,بزرگراه راه کربلا,spelling,osm
ir-imam-hossein-expressway,بزرگراه کمربندی,old,osm
ir-imam-hossein-expressway,بزرگراه امام حسین,spelling,osm
ir-w182618796,میدان تاجگذاری,old,osm
ir-w182618816,خیابان صابونی,colloquial,osm
ir-w182618840,میدان کوروش,old,osm
ir-w182618840,گاراژ,colloquial,osm
ir-w182618840,گاراج,colloquial,osm
ir-w182618877,بلوار طاق بستان,colloquial,osm
ir-w182670196,خیابان کسری,old,osm
ir-w182670199,میدان شاه,old,osm
ir-w182670201,خیابان فردوسی,old,osm
ir-w182670202,میدان ۲۸ مرداد,old,osm
ir-w182670202,میدان مصدق,colloquial,osm
ir-w182670203,خیابان شاه,old,osm
ir-w182670203,خیابان دبیر اعظم,colloquial,osm
ir-w182670203,خیابان مصدق,colloquial,osm
ir-w182670205,میدان ششم بهمن,old,osm
ir-w182670205,میدان شهرداری سابق,colloquial,osm
ir-w182670205,میدان انقلاب اسلامی,spelling,osm
ir-w182670206,خیابان سپه,old,osm
ir-imam-hossein-expressway-2,بزرگراه کمربندی,old,osm
ir-imam-hossein-expressway-2,بزرگراه امام حسین,spelling,osm
ir-imam-hossein-expressway-3,بزرگراه کمربندی,old,osm
ir-imam-hossein-expressway-3,بزرگراه امام حسین,spelling,osm
ir-imam-hossein-expressway-4,بزرگراه کمربندی,old,osm
ir-imam-hossein-expressway-4,بزرگراه امام حسین,spelling,osm
ir-imam-hossein-expressway-5,بزرگراه امام حسین,spelling,osm
ir-imam-hossein-expressway-6,بزرگراه امام حسین,spelling,osm
ir-w182682284,خیابان کوروش,old,osm
ir-w182682284,چهل متری سیروس,colloquial,osm
ir-w182682299,میدان سنجابی,colloquial,osm
ir-ashayer-boulevard-3,خیابان سنجابی,old,osm
ir-w182682376,سیده فاطمه,colloquial,osm
ir-afshar-toos-boulevard,خیابان کوهساری,colloquial,osm
ir-al-agha-boulevard,بلوار گذرنامه,old,osm
ir-w182696815,خیابان برق,old,osm
ir-w182696832,خیابان رشید یاسمی,old,osm
ir-w182696839,میدان وزیری,colloquial,osm
ir-w182696849,خیابان رشید یاسمی,old,osm
ir-w182696849,خیابان رشیدی,colloquial,osm
ir-w182696934,میدان آقا شیخ هادی,colloquial,osm
ir-w182696936,میدان شهناز,old,osm
ir-w182696937,خیابان شهناز,old,osm
ir-w182696937,خیابان برزه دماغ,colloquial,osm
ir-w182696937,برزه دماغ,spelling,osm
ir-w182696940,خیابان باریکه,old,osm
ir-w182701791,میدان سپاهیان انقلاب,old,osm
ir-w182701791,میدان جوانشیر,colloquial,osm
ir-w182701810,خیابان شیروخورشید,old,osm
ir-w182701810,خیابان شهید مدنی,colloquial,osm
ir-rafatieh-square-dr-fatemieh-square,میدان فاطمیه,old,osm
ir-rafatieh-square-dr-fatemieh-square,میدان فاطمی,colloquial,osm
ir-rafatieh-square-dr-fatemieh-square,میدان رفعتیه,colloquial,osm
ir-w182701812,خیابان فرح,old,osm
ir-w182701814,خیابان ذوالریاستین,old,osm
ir-w182701816,پرورشگاه,old,osm
ir-w182701816,یداللهی,colloquial,osm
ir-w182701821,بلوار جام جم,colloquial,osm
ir-ayatollah-saeedi-street,خیابان نطنز,colloquial,osm
ir-golha-square,مردوخ,colloquial,osm
ir-w182933483,میدان لشکر,colloquial,osm
ir-chamran-boulevard-10,بلوار چمران,colloquial,osm
ir-chamran-boulevard-11,بلوار چمران,colloquial,osm
ir-w182933491,میدان غفور,colloquial,osm
ir-shebli-blvd,خسرو آباد,colloquial,osm
ir-keshavarz-street,خیابان وکیل,colloquial,osm
ir-emam-khomeyni-street-2,شاپور,old,osm
ir-cyrus-enghelab,سیروس,colloquial,osm
ir-w182933615,میدان فیض آباد,colloquial,osm
ir-salah-aldin-ayoubi-street,ولیعهد,colloquial,osm
ir-haj-ali-asghar-bridge,پل حاجی,colloquial,osm
ir-w183060575,رسالت,colloquial,osm
ir-meraj-square-2,میدان هفتون,colloquial,osm
ir-zarrin-koob-street,نسیم,colloquial,osm
ir-zarrin-koob-street-2,نسیم,colloquial,osm
ir-fahmideh,پل سرهنگ,colloquial,osm
ir-hakim-street,مسجد حکیم,colloquial,osm
ir-arsanjan-saadat-shahr,ارسنجان - سعادت شهر,colloquial,osm
ir-western-sheikh-tousi-street-2,۲۴ متری,colloquial,osm
ir-modarres-street-5,مدرس قدیم,colloquial,osm
ir-w183502561,کشاورز,colloquial,osm
ir-w183502589,میدان شهدای ورزشکار,colloquial,osm
ir-w183580935,فلکه جوان,colloquial,osm
ir-w183641751,پل شهید قربانعلی عرب,colloquial,osm
ir-mirzataher-street,سه پله,colloquial,osm
ir-mirzataher,زیتون,colloquial,osm
ir-mirzataher-street-2,سه پله,colloquial,osm
ir-w184197245,پریشن,colloquial,osm
ir-south-farvardin-boulevard,بلوار فروردین جنوبی,colloquial,osm
ir-w184492585,میدان شهدای خدمت,colloquial,osm
ir-pasdaran-12,سلطنت آباد,old,osm
ir-pasdaran-12,Pasdaran Avenue,colloquial,osm
ir-vossoughi-square,میدان وثوقی,spelling,osm
ir-martyr-bakeri-st,خیابان شهید باکری,colloquial,osm
ir-w186750992,میدان فرهنگیان,colloquial,osm
ir-w188138739,بلوار نماز,colloquial,osm
ir-w189056939,فلکه بانک ملی,colloquial,osm
ir-w189100675,میدان کوره خانه,colloquial,osm
ir-w189100678,میدان معلم,colloquial,osm
ir-w189100735,میدان گاز,colloquial,osm
ir-maheri-st,خیابان تپلی باغ,old,osm
ir-w189112749,آیت الله مدرس,colloquial,osm
ir-w189112754,آیت الله مجتهد حائری,colloquial,osm
ir-w189112762,شهید ایت اله طالقانی,colloquial,osm
ir-w189116776,شانزده متری غربی,colloquial,osm
ir-w189127206,بلوار امیرکبیر,colloquial,osm
ir-martyr-teymuri-st,بلوار شهید تیموری,colloquial,osm
ir-w190005839,بلوار سعدی,old,osm
ir-w190005839,بلوار شهید قاسم سلیمانی,colloquial,osm
ir-w191059908,بلوار فاتح,colloquial,osm
ir-w191352069,حجاب ۵۸,old,osm
ir-w191352081,حجاب ۷۵,old,osm
ir-w191352085,حجاب ۸۵,old,osm
ir-vaezi-street,اسدی,old,osm
ir-shahid-modarres-expressway-2,بزرگراه شاهنشاهی,old,osm
ir-shahid-modarres-expressway-3,بزرگراه شاهنشاهی,old,osm
ir-w191674093,دستور,old,osm
ir-w191674093,علی محمدی,colloquial,osm
ir-w191674093,نظامی,colloquial,osm
ir-shahid-ejarehdar,خواجه نظام الملک,old,osm
ir-mirza-reza-kermani,ژاله,old,osm
ir-mirza-reza-kermani,بسیج,colloquial,osm
ir-w191941911,شهید علی رنجبر,colloquial,osm
ir-w191973898,خیابان ینگه‌قلعه,colloquial,osm
ir-w192147960,میدان دادگستری,colloquial,osm
ir-w192147982,میدان دادگستری,colloquial,osm
ir-w192147984,میدان دادگستری,colloquial,osm
ir-w192148007,میدان دادگستری,colloquial,osm
ir-w192584631,کنارگذر فتح,colloquial,osm
ir-imamzade-hasan,امین الملک,colloquial,osm
ir-sa-idi-highway-3,بزرگراه آیت الله سعیدی,spelling,osm
ir-saeed-baghdarnia-st-2,رشید,colloquial,osm
ir-saeed-baghdarnia-st-2,۱۱۵,colloquial,osm
ir-w193452528,۲۱۲ غربی,colloquial,osm
ir-shahed-boulevard-10,بلوار پروین,old,osm
ir-w193832488,۲۱۲ شرقی,colloquial,osm
ir-mansour-zohdi-st,خاک سفید,old,osm
ir-mansour-zohdi-st,امین,colloquial,osm
ir-martyr-garmabdarri-st-2,احسان,old,osm
ir-khansari,بابا رکن الدین,colloquial,osm
ir-w194380936,دکتر جلالی,colloquial,osm
ir-6th-bridge,پل ششم,colloquial,osm
ir-south-molasadra,جابر,colloquial,osm
ir-w194675996,میدان نگهبانی,old,osm
ir-w194675996,میدان شهدای قانا,colloquial,osm
ir-emam-reza-64,امام رضا ۶۴,colloquial,osm
ir-mostofi-st-2,بصیر,old,osm
ir-rezaei,مسیل جاجرود,old,osm
ir-w195983012,میثم البرز,colloquial,osm
ir-emam-ali-boulevard-2,زیرگذر امام علی,colloquial,osm
ir-w196173758,کبودوال,colloquial,osm
ir-w196173878,سی متری شمالی,colloquial,osm
ir-w196173881,هنرستان,old,osm
ir-w196173899,صبا۵,colloquial,osm
ir-w196173927,۳۰ صبا,colloquial,osm
ir-andishe-5-9th-day-2,حافظ ۲۱,colloquial,osm
ir-w196217041,پل کابلی,old,osm
ir-w196217058,پل کابلی,old,osm
ir-w196503349,آخر طالقانی,colloquial,osm
ir-niyayesh-expressway,بزرگراه نیایش(روگذر آخر مارالان),old,osm
ir-sardar-soleimani-expressway-3,بزرگراه نیایش,old,osm
ir-w196574004,بلوار استقلال,colloquial,osm
ir-w196794924,میدان استادیوم,colloquial,osm
ir-w196794929,میدان شهید شریف,colloquial,osm
ir-shohada-grouh-abuzar-square,میدان بار,colloquial,osm
ir-sayyid-al-shohada-square,میدان شهید حیدری,colloquial,osm
ir-w197187752,شهید یاسینی,colloquial,osm
ir-w197187754,بلوار فرودگاه - بلوار شهید عارف کایدخورده,colloquial,osm
ir-w197187765,میدان ظفر,colloquial,osm
ir-w197187776,پل جهان آرا,colloquial,osm
ir-w197187784,میدان اردیبهشت,colloquial,osm
ir-east-beryanak-boulevard,بلوار بریانک شرقی,spelling,osm
ir-w197806779,کمربندی,colloquial,osm
ir-aliakbar-2,حضرت علی اکبر,colloquial,osm
ir-w197851193,فدائیان اسلام,old,osm
ir-movahhed-street,کشاورزی,old,osm
ir-w197957506,اتوبان زرین شهر-اصفهان,colloquial,osm
ir-w197970308,زیرگذر گلستان شهدا,colloquial,osm
ir-sepah-square-9,میدان عشرت آباد,old,osm
ir-boroujerdi-street,شهرزاد,old,osm
ir-boroujerdi-street,بروجردی,colloquial,osm
ir-w198810505,Movahedi,colloquial,osm
ir-w198948347,کمربندی,colloquial,osm
ir-w198953507,۴۵ متری,colloquial,osm
ir-amir-kabir-4,هشتصد دستگاه,colloquial,osm
ir-farmandari-square-2,میدان فرمانداری,colloquial,osm
ir-shohada-11,۶۰ متری,colloquial,osm
ir-hashemi-rafsanjani-boulevard,شهید سلیمانی,colloquial,osm
ir-hashemi-rafsanjani-boulevard-2,شهید سلیمانی,colloquial,osm
ir-motahari-avenue,کمربندی عیش آباد,colloquial,osm
ir-taleghani-avenue,کمربندی مهداب,colloquial,osm
ir-w199113053,خیابان شیخ ها,colloquial,osm
ir-valiasr-street-5,کمربندی دشتو,colloquial,osm
ir-azadi-square-19,فلکه گل,colloquial,osm
ir-w199131499,میدان زندان,colloquial,osm
ir-w199131514,میدان هه لو,colloquial,osm
ir-allah-o-akbar-blvd,کوثر,colloquial,osm
ir-azadi-boulevard-11,کمربندی,colloquial,osm
ir-azerbaijan,کمربندی,colloquial,osm
ir-w199212613,سیلو,colloquial,osm
ir-imam-ali-boulevard-2,بلوار خرم رودی,colloquial,osm
ir-w199496192,میدان چالیمار,colloquial,osm
ir-azadi-squre,میدان آزادی,colloquial,osm
ir-persian-gulf-highway-3,بزرگراه خلیج فارس,colloquial,osm
ir-persian-gulf-highway-3,کمربندی جنوبی,colloquial,osm
ir-nikoo-amal-blvd,اردیبهشت,colloquial,osm
ir-nikoo-amal-blvd,بلوار شهید نیکو عمل,spelling,osm
ir-nikoo-amal-blvd,افسریه چهارم,colloquial,osm
ir-w199732265,میدان گلستان,colloquial,osm
ir-mother-square-6,میدان دا,colloquial,osm
ir-ziba-kenar,شهید اسماعیل غلامی یاراحمدی,colloquial,osm
ir-w199893165,فلکه عنکبوت,colloquial,osm
ir-w199910423,علی ایمانی نصب,colloquial,osm
ir-w200069959,بزرگراه جهرم - شیراز,colloquial,osm
ir-w200069961,انقلاب,colloquial,osm
ir-w200069962,علامه خفری,colloquial,osm
ir-w200069963,علامه خفری,colloquial,osm
ir-w200076344,میدان شهید فسایی,colloquial,osm
ir-kargar-street-6,کمربندی,colloquial,osm
ir-w200197587,شهرزاد شمالی,colloquial,osm
ir-w200341899,آزادی,colloquial,osm
ir-w200341912,فلکه شهرداری,colloquial,osm
ir-piranshahr-2,آزادی,colloquial,osm
ir-w200341978,بلوار بسیج,old,osm
ir-hadi-saie-square,میدان شهرداری,colloquial,osm
ir-w200444334,بلوار آرامگاه,spelling,osm
ir-w200444335,بلوار آرامگاه,spelling,osm
ir-fadaeiyan-eslam-9,رزم آرا,old,osm
ir-fadaeiyan-eslam-9,فدائیان اسلام,colloquial,osm
ir-w200454247,عروجی,colloquial,osm
ir-w200454249,عروجی,colloquial,osm
ir-w200481922,خیابان سی متری,colloquial,osm
ir-shahid-motevaselian-expressway,جاده قدیم کرج,old,osm
ir-shahid-motevaselian-expressway,بزرگراه فتح,colloquial,osm
ir-bolvar-e-hefdah-e-shahrivar-2,بلوار هفده شهریور,colloquial,osm
ir-w200490827,کنارگذر فتح,colloquial,osm
ir-shahid-motevaselian-expressway-2,جاده قدیم کرج,old,osm
ir-shahid-motevaselian-expressway-2,بزرگراه فتح,colloquial,osm
ir-shahid-motevaselian-expressway-3,جاده قدیم کرج,old,osm
ir-shahid-motevaselian-expressway-3,بزرگراه فتح,colloquial,osm
ir-w200523181,بلوار استقلال,colloquial,osm
ir-w200523186,کارگر,colloquial,osm
ir-helal-ahmar-2,شیر و خورشید,old,osm
ir-w200606259,شیروخورشید,old,osm
ir-bathaie,مغان,colloquial,osm
ir-w200828779,بلوار توحید شرقی,colloquial,osm
ir-w200856655,بلوار طالقانی,colloquial,osm
ir-w200911135,میدان کمال آباد,colloquial,osm
ir-khayyam-st,خیابان خیام,spelling,osm
ir-w200926445,بلوار امام رضا,colloquial,osm
ir-major-general-martyr-hossein-khalatbari-sq,میدان شهید خلعتبری,colloquial,osm
ir-w200944638,هشت متری,colloquial,osm
ir-w201120025,بلوار دادگستری,colloquial,osm
ir-w201198310,میدان سیدالشهدا,colloquial,osm
ir-w201198331,جاده شوراب,colloquial,osm
ir-keshavarz-square,میدان قمسال,colloquial,osm
ir-moallem-square-12,میدان معلم,colloquial,osm
ir-w201237817,اندیشه,colloquial,osm
ir-w201252717,خیابان عطار,colloquial,osm
ir-w201252726,کارگر,colloquial,osm
ir-w201252753,نصر,colloquial,osm
ir-qolami,قنات,old,osm
ir-w201346757,بلوار شهید قاسم سلیمانی,colloquial,osm
ir-w201419407,بلادشاپور,colloquial,osm
ir-w201419416,کمربندی صدا سیما,old,osm
ir-w201419416,بلوار سردار سلیمانی,colloquial,osm
ir-dah-metri-avval,۱۰ متری,colloquial,osm
ir-w202256451,فرهنگ,colloquial,osm
ir-w202285724,۲۴ متری گلباد,colloquial,osm
ir-w202286320,میدان امام خمینی,colloquial,osm
ir-golkar-boulevard-2,بلوار وکیل,old,osm
ir-7th-tir-boulevard-4,آبرسانی,colloquial,osm
ir-7th-tir-boulevard-5,آبرسانی,colloquial,osm
ir-basij-square-23,فلکه چه کنم,colloquial,osm
ir-mollasadra-boulevared,بلوار ملاصدرا,old,osm
ir-mollasadra-boulevared,کمربندی,colloquial,osm
ir-persian-gulf-boulevard-5,کمربندی,colloquial,osm
ir-w202529163,بلوار حاج تفضلی,colloquial,osm
ir-w202596471,۱۶ متری اول,colloquial,osm
ir-w202596477,شهیدان موسوی,colloquial,osm
ir-w202596480,میدان آذربایجان,colloquial,osm
ir-w202627918,Baharestan,spelling,osm
ir-w202627921,Sarhadi,spelling,osm
ir-w202628810,Asef,spelling,osm
ir-w202628813,Shariati,spelling,osm
ir-w202628815,Shahid Rajaee,spelling,osm
ir-w202628819,22th Bahman,spelling,osm
ir-salmas-square,میدان فرح بخش,old,osm
ir-salmas-square,میدان سلماس,spelling,osm
ir-persian-gulf-boulevard-6,بلوار خلیج فارس,colloquial,osm
ir-w202763685,Azadi,spelling,osm
ir-w202763687,Danesh,spelling,osm
ir-w202763691,West Sahel,spelling,osm
ir-w202766891,Harir,spelling,osm
ir-w202813263,بلوار پناهپوری,colloquial,osm
ir-w202896177,میدان مادر,colloquial,osm
ir-w203027428,بلوار ولایت,colloquial,osm
ir-w203027433,بلوار ولایت,colloquial,osm
ir-w203027457,میدان معلم,colloquial,osm
ir-namaz-boulevard,بلوار شهید کسائیان,colloquial,osm
ir-namaz-boulevard-2,بلوار شهید کسائیان,colloquial,osm
ir-piroozi,طالقانی هفدهم,colloquial,osm
ir-shahid-soleimani-blvd-2,بزرگراه ولی عصر,old,osm
ir-defa-moqaddas-highway,بزرگراه دفاع مقدس,colloquial,osm
ir-payambare-azam-street,شیوه برایم,old,osm
ir-w203327424,بلوار مهر,colloquial,osm
ir-sayyah-taheri,فرزاد طاهری,colloquial,osm
ir-w203343774,بلوار آزادی,colloquial,osm
ir-w203344012,میدان شهید سلیمانی,colloquial,osm
ir-amiri-street,شلمچه,colloquial,osm
ir-arvand-saheli-st,خیابان اروند ساحلی,spelling,osm
ir-velayat-blvd-arousie-2,خیابان اروسیه,colloquial,osm
ir-oves-qarani-street,خیابان ویس القرنی,colloquial,osm
ir-w203413696,دولتانچک,old,osm
ir-w203413696,پلیس انقلاب,colloquial,osm
ir-w203479034,میدان راهیان نور,colloquial,osm
ir-shahid-soleimani-2,پاسداران,colloquial,osm
ir-w203484151,بلوار هفت تیر,colloquial,osm
ir-w204126966,چاسبی,colloquial,osm
ir-w204130717,حکیم جرجانی,colloquial,osm
ir-w204135157,کوثر شرقی,colloquial,osm
ir-w204383869,ذغال چال,colloquial,osm
ir-w204384005,میدان دانشجو,colloquial,osm
ir-shahidan-shamshirband-blvd,بلوار اصناف,colloquial,osm
ir-sayyad-shirazi-expressway-2,بزرگراه نیاوران,old,osm
ir-sayyad-shirazi-expressway-2,بزرگراه صیاد شیرازی,spelling,osm
ir-w204842933,فلکه ارتش,colloquial,osm
ir-khaled-islamboli-avenue,وزرا,old,osm
ir-w205057347,مازیار,colloquial,osm
ir-w205615285,بلوار ابن سینا,old,osm
ir-w205679193,بلوار شهید حسین عباسی,colloquial,osm
ir-w205681751,بلوار شهرداری,colloquial,osm
ir-w205685908,فلکه سردار ملی,colloquial,osm
ir-w205864724,کوچه رحیمی,old,osm
ir-ayalat-square,میدان ایالت,colloquial,osm
ir-rajaei-boulevard-2,بلوار رجایی,spelling,osm
ir-w205900909,میدان استقلال,colloquial,osm
ir-w205900933,میدان گمرک,colloquial,osm
ir-hormoz-boulevard,بلوار ژئوپارک,colloquial,osm
ir-khalij-fars-boulevard,بلوار خلیج فارس,spelling,osm
ir-velayat-square-4,میدان ولایت,spelling,osm
ir-ghol-uste-emam-hoseyn-square,میدان گول اوستی,colloquial,osm
ir-w205981319,حجه الاسلام حسنی,colloquial,osm
ir-poriaye-vali-square,خبرنگار,colloquial,osm
ir-w206840559,بنیاد شهید,colloquial,osm
ir-bahonar-street-5,خیابان نیاوران,old,osm
ir-karimi-street,بوعلی,old,osm
ir-sattar-khan-street-2,خیابان تاج,old,osm
ir-w206969271,سه راه امین,colloquial,osm
ir-emamzadeh-jafar-boulevard,بلوار امام جعفر صادق,colloquial,osm
ir-w207066170,امام خمینی 29,colloquial,osm
ir-w207066172,مهدی 35,colloquial,osm
ir-w207069174,بلوار سلیمان خاطر,colloquial,osm
ir-w207834446,اندیشه,colloquial,osm
ir-hafez-square-3,دهخدا,colloquial,osm
ir-w208096058,مهریز,old,osm
ir-w208136512,بولوار حکمت,colloquial,osm
ir-pourheydari,روشنایی,colloquial,osm
ir-w208701743,برق,colloquial,osm
ir-w208789583,بیست و پنج متری شکوفه,colloquial,osm
ir-mozafari-nia-2,سراج,old,osm
ir-w208789734,دویست وچهل و چهار شرقی,colloquial,osm
ir-shahid-rashid-street-4,Hengam Blvd,old,osm
ir-shahid-ghaffari-st,شمیران نو,colloquial,osm
ir-fatehan,پویش,colloquial,osm
ir-valiasr-street-6,پهلوی,old,osm
ir-w209019126,شریعت ۱۱,colloquial,osm
ir-w209019204,کوچه بهار,colloquial,osm
ir-w209019234,شریعت 10,colloquial,osm
ir-east-22th-bahman-street,فرحبخش شرقی,colloquial,osm
ir-w209723357,شیرازی ۲۴,colloquial,osm
ir-w209779052,میدان نیایش,colloquial,osm
ir-w209779072,شهید عزیز غلامی,colloquial,osm
ir-w210190052,اندیشه ۶,colloquial,osm
ir-enqelab-street,شاهرضا,old,osm
ir-enqelab-street-2,شاهرضا,old,osm
ir-enqelab-e-eslami-street-4,شاهرضا,old,osm
ir-roshandelan-bridge,شاهرضا,old,osm
ir-roshandelan-bridge-2,شاهرضا,old,osm
ir-north-saadi-street,لختی,old,osm
ir-w210304194,اکبرآباد,old,osm
ir-w210304194,هوشیار,colloquial,osm
ir-sepah-street-2,پل چوبی,old,osm
ir-adib-boulevard-2,بلوار ادیب,old,osm
ir-adib-boulevard-3,بلوار ادیب,old,osm
ir-w210941081,پیرسرا,colloquial,osm
ir-w210942877,خیابان سام,colloquial,osm
ir-mellat-3,Mellat,colloquial,osm
ir-azadi-square-21,میدان آزادی,colloquial,osm
ir-w211193820,میدان شهید چمران,colloquial,osm
ir-shahr-e-babak-harat-highway,بزرگراه شهربابک - هرات,spelling,osm
ir-emam-khomeini-8,ده متری,colloquial,osm
ir-sohrevardi-2,سهروردی,colloquial,osm
ir-w211957628,میدان دانشگاه,colloquial,osm
ir-moallem-square-14,فلکه گاز,colloquial,osm
ir-w212023815,میدان شهرداری,colloquial,osm
ir-w212023816,بلوار بهشتی,colloquial,osm
ir-w212271709,منگر,colloquial,osm
ir-w212300879,قهرمان - محمد رحیم مسکین,colloquial,osm
ir-w212301095,پشت باغ بهشت,colloquial,osm
ir-w212301413,ادهم همدانی,colloquial,osm
ir-w212301578,هدایت,colloquial,osm
ir-w212320655,انقلاب,colloquial,osm
ir-w212701599,دانشجو,colloquial,osm
ir-w214368869,فلکه طوطی,colloquial,osm
ir-tohid-square-5,فلکه الله,colloquial,osm
ir-w214369260,جهاد,colloquial,osm
ir-w215471353,میدان بهار,old,osm
ir-fazl-ibn-shazan-boulevard,فضل,colloquial,osm
ir-w215643985,۴۵ متری گلشهر,spelling,osm
ir-esteghlal-street-2,جاده یحیی آباد,colloquial,osm
ir-w216883999,میدان انقلاب,colloquial,osm
ir-w216884002,دره تخت - کمندان,colloquial,osm
ir-w216884011,میدان آزادگان,colloquial,osm
ir-w216894276,میدان آزادگان,colloquial,osm
ir-w216944934,پرتو,colloquial,osm
ir-w217399799,نخل,colloquial,osm
ir-w217585168,فرهمند,spelling,osm
ir-w217651879,آزادی۳۱,spelling,osm
ir-w217958938,میدان گلزار شهدا,colloquial,osm
ir-w218852514,بوعلی,colloquial,osm
ir-w219616483,میدان سوم خرداد,colloquial,osm
ir-w219693436,خیابان شهرام طلوعی,colloquial,osm
ir-w219703098,فلکه شهرداری,colloquial,osm
ir-w220110689,طالقانی,colloquial,osm
ir-w220110705,میدان گلدان,colloquial,osm
ir-tarbiat-street,خیابان تربیت,spelling,osm
ir-velayat-street,خیابان ولایت,spelling,osm
ir-ayatollah-ebadi-boulevard-4,خیابان خواجه ربیع,old,osm
ir-nahidi-boulevard-2,بلوار جشنواره,colloquial,osm
ir-w220881925,تسلیحات,colloquial,osm
ir-soheilian,شیرمرد,old,osm
ir-soheilian,سهیلیان,colloquial,osm
ir-w221653662,ترمینال,colloquial,osm
ir-w221799789,خیابان اوقاف,colloquial,osm
ir-w221962520,بلوار 60 متری,colloquial,osm
ir-haj-boulevard-3,بلوار مدیریت دولتی,colloquial,osm
ir-haj-boulevard-4,بلوار مدیریت دولتی,colloquial,osm
ir-w222173436,شهدای ۱۷,colloquial,osm
ir-w222251571,میدان کیو,colloquial,osm
ir-damavand-street-3,خیابان تهران نو,old,osm
ir-damavand-street-3,خیابان دماوند,spelling,osm
ir-north-sabalan-street-2,بهرامی,old,osm
ir-piroozi-street-2,فرح آباد,old,osm
ir-piroozi-street-3,فرح آباد,old,osm
ir-south-sohrevardi-street,فرح جنوبی,old,osm
ir-fattahi-brothers-street-2,طاووسی,old,osm
ir-w222758956,بهرامی,old,osm
ir-ali-asghar-ahmadi-riseh-street-2,چهارده متری لشکر,colloquial,osm
ir-bokharaee-street-2,خیابان خزانه,colloquial,osm
ir-fadaeiyan-eslam-10,رزم آرا,old,osm
ir-fadaeiyan-eslam-10,فدائیان اسلام,colloquial,osm
ir-imam-khomeini-street-12,خیابان دوازده برجی,colloquial,osm
ir-w223259418,پل صفوی,colloquial,osm
ir-w223261710,ساحلی غربی,colloquial,osm
ir-w223758662,میدان علامه محمد تقی ایوانکی,colloquial,osm
ir-w223758726,خیابان استخر,colloquial,osm
ir-imam-khomeini-square-14,فرامه,old,osm
ir-w224142111,ولیعصر,colloquial,osm
ir-w224142120,الغدیر,colloquial,osm
ir-w224142169,راه آهن,colloquial,osm
ir-w224142207,برادران حسینی,colloquial,osm
ir-w224142240,15 خرداد,colloquial,osm
ir-w224142344,45متری,colloquial,osm
ir-bahonar-street-6,خیابان نیاوران,old,osm
ir-pour-ebtehaj-street,خیابان دارآباد,old,osm
ir-pour-ebtehaj-street-2,خیابان دارآباد,old,osm
ir-w225691413,کوچه برنجی,old,osm
ir-w226130194,میدان خلیج فارس,colloquial,osm
ir-w226435674,ولیعصر ۱۲,colloquial,osm
ir-w228932239,دو چنار,old,osm
ir-w229069109,خیابان ساری,colloquial,osm
ir-w229292463,نسیم 8,colloquial,osm
ir-w229292563,نسیم 44,colloquial,osm
ir-w229292563,علامه شیخ محمد دشتی,colloquial,osm
ir-w229292652,دریا 4,colloquial,osm
ir-w229292737,شالیزار,colloquial,osm
ir-w229292741,میدان هاشمی زاده,colloquial,osm
ir-namaz-square-7,میدان آیت الله کریمی,colloquial,osm
ir-w229591365,بارو,old,osm
ir-w229603291,خیابان فخرآباد,old,osm
ir-qoddusi-street,خیابان قصر,old,osm
ir-qoddusi-street,عباس آباد,colloquial,osm
ir-rahimi-2,بلوار سیزده آبان,old,osm
ir-w229709509,جاده شهرکیان - بهرام آباد,colloquial,osm
ir-w229720786,عرفان ۵,old,osm
ir-shohada-square-23,میدان شهدا,colloquial,osm
ir-w229825496,میدان امام حسن مجتبی,colloquial,osm
ir-vahdat-square-2,میدان وحدت,colloquial,osm
ir-w229864435,میدان فرمانداری,colloquial,osm
ir-w230898673,شهید خوشخویی,colloquial,osm
ir-w231344874,میدان پیروزی,colloquial,osm
ir-w231373642,حمام سبزواری,colloquial,osm
ir-w231373644,فروردین,colloquial,osm
ir-w231373646,فلکه ژاندارمری,colloquial,osm
ir-w231385940,چهل و پنج متری,colloquial,osm
ir-w231464242,بلوار شهید سلیمانی,colloquial,osm
ir-w231464256,اصغر یوسفیان,old,osm
ir-moallem-boulevard-20,لوار کازینو,old,osm
ir-enghelab-square-13,میدان انقلاب,colloquial,osm
ir-tayyar-halakou,شهیدان طیار و هلاکو,spelling,osm
ir-w231800992,کاروان,colloquial,osm
ir-w231849297,فلکه ترمینال,spelling,osm
ir-w231849300,۱۷ شهریور غربی,colloquial,osm
ir-w231849308,شریعتی غربی,spelling,osm
ir-w231849311,خالد نبی,spelling,osm
ir-w231849315,شریعتی شرقی,spelling,osm
ir-w231849333,فرودگاه,spelling,osm
ir-w231849336,جنگلبان,colloquial,osm
ir-w232704598,فرعی ۲۴ - برهان,colloquial,osm
ir-w232704598,شهید بیغم,colloquial,osm
ir-w232817171,سیرجان - کرمان,colloquial,osm
ir-nategh-noori-2,زمرد,old,osm
ir-w233784988,بلوار توحید غربی,colloquial,osm
ir-w233785029,میدان مصلی,colloquial,osm
ir-w233785151,بلوار شهید چائی پز,colloquial,osm
ir-w233785282,بلوار شهید چائی پز,colloquial,osm
ir-w233785294,بسیج,colloquial,osm
ir-w233785316,میدان عاقلیه,colloquial,osm
ir-w233785454,حافظ,colloquial,osm
ir-w233785557,ارم,colloquial,osm
ir-w233785605,میدان قرقاول,colloquial,osm
ir-w233841051,بلوار جمهوری اسلامی,colloquial,osm
ir-w233905512,هجرت,spelling,osm
ir-elgoli-boulevard-shahgoli-boulevard-shahid-bakeri,جاده ائل گولی - جاده شاهگلی - شهید باکری,spelling,osm
ir-reza-abbasi-street,خیابان افضل,colloquial,osm
ir-reza-abbasi-street,خیابان استاد رضا عباسی,spelling,osm
ir-w234728743,میدان سنگ,colloquial,osm
ir-molla-habibollah-sharif-street,آیت الله مصطفوی,colloquial,osm
ir-resalat-street-4,منتظری,colloquial,osm
ir-w234730035,بلوکی نژاد,colloquial,osm
ir-22-bahman-boulevard-4,بلوار ۲۲ بهمن,spelling,osm
ir-afqree,16متری فرهنگیان,colloquial,osm
ir-w235304091,نرگس ۱۵,colloquial,osm
ir-w235314402,شهید زاده,colloquial,osm
ir-w235352930,فرشید صالح عربانی,colloquial,osm
ir-w236119827,میدان فجر,colloquial,osm
ir-ettehad-3,کوی رسالت,colloquial,osm
ir-w236455043,میدان جمهوری,colloquial,osm
ir-w236719831,اسد گولی,colloquial,osm
ir-behdari-roundabout,میدان ثارالله,colloquial,osm
ir-w237103212,رضوان,colloquial,osm
ir-w237268506,رضوان ۴,colloquial,osm
ir-w237521416,بلوار کوهستان,colloquial,osm
ir-shahid-rajayi-boulevard,یوسف آباد,colloquial,osm
ir-azadegan-highway-2,بزرگراه چایکنار,colloquial,osm
ir-rabeh-rashidi-overpass,پل هفت تیر,old,osm
ir-shariati-12,بلوار بهشتی,colloquial,osm
ir-w238050013,ابوذر,colloquial,osm
ir-w238163748,ابوذر,colloquial,osm
ir-shahid-beheshti-5,منصور,old,osm
ir-baharestan-19,شهید علی مقدم,colloquial,osm
ir-w238636421,گجیل,colloquial,osm
ir-w238911242,پل خشتی,colloquial,osm
ir-shams-e-tabrizi-3,دوه چی,colloquial,osm
ir-w239457687,بنافتی زاده 1,colloquial,osm
ir-w239463489,علامه جعفری 12,colloquial,osm
ir-w239467965,امام خمینی 64,colloquial,osm
ir-w239595485,میدان پاسگاه,colloquial,osm
ir-nasr-boulevard-3,بلوار نصر,spelling,osm
ir-west-shahid-motahari-st,احمدی غربی,old,osm
ir-west-shahid-motahari-st,خیابان شهید مطهری غربی,spelling,osm
ir-w239653625,بولوار هوشنگ مرادی کرمانی,colloquial,osm
ir-imam-hassan-mojtaba-blvd,بلوار امام حسن مجتبی,spelling,osm
ir-zoghalsang-boulevard,بلوار ایثار,colloquial,osm
ir-w240042538,شهید لطفی نژاد,colloquial,osm
ir-gomnam-square-3,یخسازی,colloquial,osm
ir-gomnam-square-4,یخسازی,colloquial,osm
ir-shohadaye-salamat,سردار جنگل,old,osm
ir-shohadaye-salamat-2,سردار جنگل,old,osm
ir-w240136099,بیستون,colloquial,osm
ir-taleghani-avenue-2,بیستون,colloquial,osm
ir-w240136105,پرستار,colloquial,osm
ir-w240136106,رزمندگان اسلام,colloquial,osm
ir-pasdaran-16,پل عراق,colloquial,osm
ir-w240136130,پرستار ۴,colloquial,osm
ir-w240136199,میدان بسیج,colloquial,osm
ir-w240858796,استاد مشفق کاشانی,colloquial,osm
ir-w240883679,سی متری جی,colloquial,osm
ir-w240899473,یاس,colloquial,osm
ir-w241521125,انزلی - خمام,colloquial,osm
ir-martyr-navvab-safavi-blvd,بلوار شهید نواب صفوی,spelling,osm
ir-najafi-blvd,بلوار آیت الله نجفی,spelling,osm
ir-port-blvd,بلوار اطبا,colloquial,osm
ir-port-blvd,بلوار بندر,spelling,osm
ir-port-blvd-2,بلوار اطبا,colloquial,osm
ir-port-blvd-2,بلوار بندر,spelling,osm
ir-shora-bridge,پل پیل علی باغ,old,osm
ir-shora-bridge-2,پل پیل علی باغ,old,osm
ir-alireza-foumani-sq,میدان نخل,colloquial,osm
ir-alireza-foumani-sq,میدان علیرضا فومنی,spelling,osm
ir-martyr-khodadadi-sq,میدان شهید خدادادی,spelling,osm
ir-october-15th-martyrs-st,میدان شهدای ۲۳ مهر,spelling,osm
ir-naji-sq,میدان ناجی,spelling,osm
ir-hassan-bahar-st,آذربایجان,old,osm
ir-akhare-khat-st,شهدای شمالی,colloquial,osm
ir-w241691747,ورزش,colloquial,osm
ir-najafi-blvd-2,بلوار آیت الله نجفی,spelling,osm
ir-martyr-navvab-safavi-blvd-2,بلوار شهید نواب صفوی,spelling,osm
ir-imam-reza-blvd-2,بلوار امام رضا,spelling,osm
ir-imam-reza-blvd-3,بلوار امام رضا,spelling,osm
ir-w241691812,خلخال,colloquial,osm
ir-w241691821,تهران,colloquial,osm
ir-w241691833,خیابان همایون,colloquial,osm
ir-health-martyrs-st,شهدای جنوبی,colloquial,osm
ir-health-martyrs-st-2,شهدای جنوبی,colloquial,osm
ir-w241751335,میدان شهید ابومهدی المهندس,colloquial,osm
ir-w241932706,میدان کشاورز,colloquial,osm
ir-kharazmi-boulevard,بلوار خوارزمی,colloquial,osm
ir-niyayesh-dampezeshki-2,بزرگراه شهید نجاتی,colloquial,osm
ir-w242696031,دکتر مزارعی,colloquial,osm
ir-w242699861,35 متری لاله,colloquial,osm
ir-w242822063,شقایق,colloquial,osm
ir-w242948839,قدس,colloquial,osm
ir-w242949010,بلوار جهاد,colloquial,osm
ir-w243244833,خاقانی,colloquial,osm
ir-w243245049,آزادی شرقی,colloquial,osm
ir-w243245399,یاس ۳۱,spelling,osm
ir-w243245404,یاس ۲۹,spelling,osm
ir-w243245751,تلار ۱۶,colloquial,osm
ir-w243245785,خیابان شانزده متری,colloquial,osm
ir-w243245824,دانش,colloquial,osm
ir-w243245881,خزر۲۱,colloquial,osm
ir-w243245916,شهید جاندل,colloquial,osm
ir-khatem-al-nabia-blvd-2,اردیبهشت,colloquial,osm
ir-khatem-al-nabia-blvd-2,بلوار خاتم الانبیا,spelling,osm
ir-khatem-al-nabia-blvd-2,افسریه چهارم,colloquial,osm
ir-w243404879,تاکسیرانی,colloquial,osm
ir-w243598872,شانزده متری دوم,colloquial,osm
ir-w243726643,گذر افراکتی,colloquial,osm
ir-w244078756,بلوار عاشورا,colloquial,osm
ir-w244078783,بلوار عاشورا,colloquial,osm
ir-w244111687,یاس ۳۷ مهمانسرا,colloquial,osm
ir-w244111821,ایثار ۲۶ شهید زارع,colloquial,osm
ir-w244111853,مهمانسرا ١٠,old,osm
ir-w244111853,گذر چشمه,colloquial,osm
ir-w244397346,نیروی هوایی,colloquial,osm
ir-w244397353,کوی شهید رجایی,colloquial,osm
ir-w244404418,شیرازی غربی,colloquial,osm
ir-w244404547,امام رضا,colloquial,osm
ir-w244718989,شهروند,colloquial,osm
ir-w244873012,خیرین مدرسه ساز,colloquial,osm
ir-shams,کوی ۱۰متری شمس آباد,colloquial,osm
ir-w245213904,کمربندی الیگودرز,colloquial,osm
ir-w245213915,کمربندی الیگودرز,colloquial,osm
ir-w245368945,میدان فرمانداری,old,osm
ir-w245544687,سید زرین نوا,colloquial,osm
ir-vasmish-road,بزرگراه باسمنج,colloquial,osm
ir-w246121279,بزرگراه باسمنج,colloquial,osm
ir-w246279130,بلوار شهید سید نورخدا موسوی,colloquial,osm
ir-w246279131,بلوار شهید سید نورخدا موسوی,colloquial,osm
ir-w246282010,خیابان کاوه,colloquial,osm
ir-w247061612,امام خمینی,colloquial,osm
ir-w247102272,گاراژ قدیم,colloquial,osm
ir-w247102281,صفری,colloquial,osm
ir-w247546681,آرامگاه,colloquial,osm
ir-velayat-boulevard-11,خیابان سی متری,old,osm
ir-velayat-boulevard-11,بلوار نارنج باغ,colloquial,osm
ir-w247646939,میدان 15 خرداد,colloquial,osm
ir-dr-abbaspour-bridge,پل توانیر,colloquial,osm
ir-w247977986,ژاندارمری,old,osm
ir-w247989552,ژاندارمری,old,osm
ir-w248182602,ژاندارمری,old,osm
ir-w248182605,آلاله,colloquial,osm
ir-w248481280,مدرس,colloquial,osm
ir-w248481292,بهار,colloquial,osm
ir-w248639437,بسیج مستضعفین,old,osm
ir-w248639437,بلوارگریاشان,colloquial,osm
ir-kamkar-boulevard,بلوار کامکار,spelling,osm
ir-w248716077,میدان خیرین مدرسه ساز,colloquial,osm
ir-w248808024,خیابان قمر بنی هاشم,colloquial,osm
ir-qaem-3,بلوار سی متری قائم,colloquial,osm
ir-w248855323,میدان سالاریه,colloquial,osm
ir-w248855326,سالاریه,colloquial,osm
ir-w248922943,ساحلی,colloquial,osm
ir-w248922947,ساحلی,colloquial,osm
ir-w248941205,بلوار زائر,old,osm
ir-w248941206,بلوار زائر,old,osm
ir-w248941206,رودخانه,colloquial,osm
ir-w248941219,بلوار زائر,old,osm
ir-w248941219,رودخانه,colloquial,osm
ir-w248941222,بلوار زائر,old,osm
ir-w248941238,خیابان ساحلی,colloquial,osm
ir-w248949280,سالاریه,colloquial,osm
ir-w248949280,بلوار شهید مهدی گلزار,colloquial,osm
ir-w248949292,میدان صفائیه,colloquial,osm
ir-w248949295,خیابان انقلاب,colloquial,osm
ir-resalat-square-4,میدان دورشهر,colloquial,osm
ir-w248950852,عدالت,colloquial,osm
ir-keivanfar-blvd,سی متری کیوانفر,colloquial,osm
ir-navvab-safavi-street,خیابان قاضی طباطبایی,colloquial,osm
ir-ghazi-tabatabaie-street,خیابان قاضی طباطبایی,colloquial,osm
ir-16m-hosseini,فلسطین,colloquial,osm
ir-shahid-daghayeghi-sq,فلکه انصار,old,osm
ir-w249266868,حضرت معصومه 24,colloquial,osm
ir-w249400482,بلوار سردار شهید حاج اکبر خردپیشه شیرازی,colloquial,osm
ir-azar-boulevard,طالقانی,old,osm
ir-w249740619,میدان کمربندی,colloquial,osm
ir-w249755958,نور غربی,colloquial,osm
ir-zad-street,بیست متری زاد,colloquial,osm
ir-zad-street,خیابان زاد,colloquial,osm
ir-w250552896,کارگر,colloquial,osm
ir-w250552896,خیابان ساری,colloquial,osm
ir-amar-e-yaser,چهل و پنج متری عمار یاسر,colloquial,osm
ir-emam-khomeyni-street-4,شاپور,old,osm
ir-felestin-12,ژاندارمری,old,osm
ir-beheshti-street-2,Chaksar street,colloquial,osm
ir-w251021082,میدان چاکسر,old,osm
ir-w251021082,میدان شهید فهمیده,colloquial,osm
ir-w251247001,پل فلزی,colloquial,osm
ir-keshavarz-street-2,خیابان وکیل,colloquial,osm
ir-w251411997,حضرت ابوالفضل 8,colloquial,osm
ir-major-general-pilot-martyr-gholamhossein-afshin-azar-overpass-2,پل شهید افشین آذر,colloquial,osm
ir-w251833446,بیست و چهار متری حمام,old,osm
ir-w251833446,حضرت معصومه 17,colloquial,osm
ir-saheb-al-zaman,گلستان ۵۶,spelling,osm
ir-w251889402,شهید اقبال آدمی,colloquial,osm
ir-keshavarz-street-3,خیابان وکیل,colloquial,osm
ir-zagros-suburb-ringroad,جاده حسن آباد,colloquial,osm
ir-w252398522,دولتی مقدم 6,colloquial,osm
ir-anajafi-boulevard,بلوار مهارت,old,osm
ir-anajafi-boulevard,بزرگراه شهید آنجفی,colloquial,osm
ir-abr-street,Behesht St,colloquial,osm
ir-baran-st,خیابان خردمند,colloquial,osm
ir-persian-gulf-highway-4,کمربندی جنوبی,colloquial,osm
ir-imam-ali-highway-18,کمربندی شمالی اراک,colloquial,osm
ir-imam-ali-highway-19,کمربندی شمالی اراک,colloquial,osm
ir-w252772357,میدان طبيعت,colloquial,osm
ir-w252963544,کنارگذر فتح,colloquial,osm
ir-shahid-motevaselian-expressway-4,جاده قدیم کرج,old,osm
ir-shahid-motevaselian-expressway-4,بزرگراه فتح,colloquial,osm
ir-shahid-motevaselian-expressway-5,جاده قدیم کرج,old,osm
ir-shahid-motevaselian-expressway-5,بزرگراه فتح,colloquial,osm
ir-emam-ali-square-4,جاده ساوه,colloquial,osm
ir-sa-idi-expressway-3,جوانه,colloquial,osm
ir-sa-idi-exp,بزرگراه شهیاد,old,osm
ir-w253086939,ورزش,colloquial,osm
ir-w253234391,هدایتکار,colloquial,osm
ir-w253559242,شهیده حسنی سعدی,colloquial,osm
ir-w253569983,بلوار غدیر 4,colloquial,osm
ir-w253923293,میدان وحدت,colloquial,osm
ir-w254299756,کوچه ۱۵ خلیج فارس,colloquial,osm
ir-w254309423,فهمیده,colloquial,osm
ir-w254610979,بلوار آیت ا.. میرغنی زاده,colloquial,osm
ir-w254612048,خیابان آتشنشانی,colloquial,osm
ir-w254675957,شهید چمران 12,colloquial,osm
ir-w254676144,شهید چمران 10,colloquial,osm
ir-w256057462,فلکه فرمانداری,colloquial,osm
ir-w256057464,میدان علم و فن آوری,colloquial,osm
ir-w256099072,فلکه احمدی,colloquial,osm
ir-w256177736,چهل متری اول,colloquial,osm
ir-w256177752,چهل متری دوم,colloquial,osm
ir-w256320426,امام خمینی ۶,colloquial,osm
ir-w256399336,جاده باقرآباد,colloquial,osm
ir-w256685381,کارگر 24,colloquial,osm
ir-w256685381,30 متری موسی بن جعفر,colloquial,osm
ir-w256685396,شهید حاجی زاده ۱۹,colloquial,osm
ir-w256806061,بلوار امام رضا (ع),colloquial,osm
ir-w256806061,بلوار عمان سامانی,spelling,osm
ir-w256881048,صیاد شیرازی,old,osm
ir-w256883777,بلوار فجر,colloquial,osm
ir-nabovat-boulevard,چهل متری,colloquial,osm
ir-w256886263,چهل متری اول,colloquial,osm
ir-kargar-blvd-2,خیابان خسروپرویز,old,osm
ir-kargar-blvd-2,خیابان اربابی,colloquial,osm
ir-w256936800,فیاض بخش,colloquial,osm
ir-w256936806,۲۴ متری,colloquial,osm
ir-w256941677,ایستگاه,colloquial,osm
ir-w257055601,ورزش,colloquial,osm
ir-w257104207,باغ زندان,colloquial,osm
ir-w257108205,خیابان یغما,old,osm
ir-w257108205,رحمان‌پور,colloquial,osm
ir-w257108205,کوچه ثبت,colloquial,osm
ir-w257108208,خیابان یغما,old,osm
ir-w257108208,رحمان‌پور,colloquial,osm
ir-w257108208,کوچه ثبت,colloquial,osm
ir-w257112453,میدان قبرآقا,colloquial,osm
ir-w257113360,خیابان ده مجنون,colloquial,osm
ir-kargar-blvd-3,خیابان خسروپرویز,old,osm
ir-kargar-blvd-3,خیابان اربابی,colloquial,osm
ir-w257113363,خیابان کوروش,old,osm
ir-w257113363,چهل متری سیروس,colloquial,osm
ir-w257113698,خیابان سیروس,old,osm
ir-sajjad-boulevard-2,بلوار اس,colloquial,osm
ir-w257125156,بلوار پورابراهیمی,colloquial,osm
ir-w257254689,خیابان مفتح شمالی,colloquial,osm
ir-w257334206,18 متری بشارت,colloquial,osm
ir-w257351689,17 متری کشمیری,colloquial,osm
ir-w257351694,بلوار فرهنگیان فاز دو,colloquial,osm
ir-w257351695,بلوار فرهنگیان فاز دو,colloquial,osm
ir-w257445066,جوادالائمه,colloquial,osm
ir-10-4,12 متری امام,colloquial,osm
ir-w257445093,عباس اباد,colloquial,osm
ir-w257452146,دکتر زرینکوب,colloquial,osm
ir-w257505472,بلوار شرقی,colloquial,osm
ir-w257531917,آق تپه,colloquial,osm
ir-w257531923,خیابان مسجد,colloquial,osm
ir-w257531935,آق تپه,colloquial,osm
ir-w257531952,حسین آباد,colloquial,osm
ir-afzali-pour-boulevard-2,بولوار شهاب,colloquial,osm
ir-w257772631,بلوار امیرالمومنین,colloquial,osm
ir-kalhori-street,میدان مجیدیه,colloquial,osm
ir-w257836306,زاویه,colloquial,osm
ir-sabalan-2,سبلان جنوبي,colloquial,osm
ir-sabalan-2,شهیدان رضا و محسن رضی,colloquial,osm
ir-w258430629,صالح نیا,old,osm
ir-w258679715,هلال احمر,colloquial,osm
ir-w258707331,سعادت ۱۰,colloquial,osm
ir-shahid-amjadian-boulevard,خیابان سیلو,old,osm
ir-w258799890,میدان کیانشهر,colloquial,osm
ir-w258799890,میدان اول کیانشهر,spelling,osm
ir-w258802296,میدان دوم کیانشهر,spelling,osm
ir-w258822497,خیابان کسری,old,osm
ir-w258869010,شبنم ۱۴,colloquial,osm
ir-ayatollah-saeedi,مدرس 9,colloquial,osm
ir-w259020341,وحدت ۲۱,colloquial,osm
ir-w259158296,نواب صفوی,colloquial,osm
ir-w259278366,دروازه ری,colloquial,osm
ir-w259503006,توحید ۴۴,colloquial,osm
ir-w259511151,بلندیان,colloquial,osm
ir-kargar-boulevard-6,خیابان خسروپرویز,old,osm
ir-w259542906,دروازه ملک آباد,colloquial,osm
ir-w259544849,کوچه میدان کهنه,old,osm
ir-beheshti-street-3,خیابان شهید بهشتی,colloquial,osm
ir-janbazan-street-6,آزادی ۱۶,colloquial,osm
ir-w259651521,خیابان جوانشیر,old,osm
ir-shahid-amjadian-boulevard-2,خیابان ابراهیم آباد,old,osm
ir-w259723608,خیابان امیری,old,osm
ir-w259723609,خیابان امیرآباد,old,osm
ir-w259723609,کوچه لکها,colloquial,osm
ir-w259725855,اتحاد اسلامی,colloquial,osm
ir-w259725855,جمع خانه,colloquial,osm
ir-w259777936,بلوار مریم,colloquial,osm
ir-taleqani-street-4,سردار باقری,colloquial,osm
ir-azar-boulevard-2,طالقانی,old,osm
ir-payambar-a-zam-square,میدان قرآن,colloquial,osm
ir-w260202956,بلوار ارم,colloquial,osm
ir-w260202970,شهید آزموده,colloquial,osm
ir-w260202981,برق بالا,colloquial,osm
ir-w260202985,۲۴ متری عظیمی,colloquial,osm
ir-keshavarz-boulevard-13,هەڵەبجە,colloquial,osm
ir-shahid-beheshti-6,سلێمانی,colloquial,osm
ir-jomhori-islami-square,فەلەکەی چۆمان,colloquial,osm
ir-w260222090,خیابان خانەقین,colloquial,osm
ir-west-jomhori,بەغداد,colloquial,osm
ir-west-jomhori-islami,بەغداد,colloquial,osm
ir-alley-no-4-naser-jan-jan,گلزار ۴,colloquial,osm
ir-w260860152,حضرت معصومه 13,colloquial,osm
ir-w260863387,ناصر دیوان - 25,colloquial,osm
ir-w260863410,دل آذر 21,colloquial,osm
ir-w261143524,قرنی 14,colloquial,osm
ir-w261143596,خیابان مفتح جنوبی,colloquial,osm
ir-w261143596,سی متری مفتح جنوبی,colloquial,osm
ir-soltani-street,سلطانی,colloquial,osm
ir-w262058329,حهوت کانی,old,osm
ir-w262058329,هفت چشمه,colloquial,osm
ir-w262376521,۲۴ متری خیام,colloquial,osm
ir-w262539162,ولایت ۳۹,colloquial,osm
ir-w262539163,هفتاد دستگاه,colloquial,osm
ir-w262539166,باغ بهشت,colloquial,osm
ir-w262539172,شهید بهادر ایزدی,colloquial,osm
ir-w263437135,دادبین۲۶,colloquial,osm
ir-w263994470,میدان سفیر امید,colloquial,osm
ir-w263999192,حافظ,colloquial,osm
ir-w264529698,غدیر,colloquial,osm
ir-basij-square-29,میدان فرمانداری,colloquial,osm
ir-w264530624,شهید منوچهر سعیدی,colloquial,osm
ir-w264572681,نوفل,colloquial,osm
ir-w264626403,گلها,colloquial,osm
ir-shotorkhar-road,سفیددار,colloquial,osm
ir-w265232309,امان الله ماندگاری,colloquial,osm
ir-w265232323,اتوبوس رانی شمالی,colloquial,osm
ir-w265232324,ایرانیت,colloquial,osm
ir-w265232333,فردوس,colloquial,osm
ir-south-rasol-e-akram-boulevard,بلوار رسول اکرم,colloquial,osm
ir-w265312872,بلوار امام علی,colloquial,osm
ir-emam-reza-boulevard-8,بلوار امام رضا,colloquial,osm
ir-w265753108,سمیه 1,colloquial,osm
ir-w266177049,بلوار شهدا,colloquial,osm
ir-w266284262,‫بلوار شورا,spelling,osm
ir-beheshti-13,خیابان قزوین,colloquial,osm
ir-daneshkade,رجایی,colloquial,osm
ir-w266296174,فیاض بخشی,spelling,osm
ir-w266326997,آنام,old,osm
ir-w266418974,شهریاران,colloquial,osm
ir-w266423254,بلوار میرزا کوچک خان,colloquial,osm
ir-w266522082,نوآور ۴,colloquial,osm
ir-w266522481,گلستان,colloquial,osm
ir-w266526888,گلستان,colloquial,osm
ir-w266526892,نوآور 12,colloquial,osm
ir-w266531945,بلوار شهید حامد کوچک زاده,colloquial,osm
ir-34,مهر سی و چهار,colloquial,osm
ir-80,مهر ۸۰,colloquial,osm
ir-w266577996,پورسینا,colloquial,osm
ir-kasra-2,کسری,colloquial,osm
ir-w266674307,گذر فرخ,old,osm
ir-w267237065,میدان ولیعصر,colloquial,osm
ir-w267976292,نواب صفوی 20,colloquial,osm
ir-w267976295,نواب صفوی 16,colloquial,osm
ir-w268235795,لب آب,old,osm
ir-w268235795,میدان زرجوب,colloquial,osm
ir-w270510278,پست خانه,colloquial,osm
ir-w270897696,میدان نمک صالح,colloquial,osm
ir-w271727143,امیرکبیر,colloquial,osm
ir-w272102693,مخابرات,colloquial,osm
ir-w272220720,مدرس 1,colloquial,osm
ir-w272220721,مدرس 3,colloquial,osm
ir-w272551189,میرابوالقاسمی,colloquial,osm
ir-chamran-expressway-3,پارک وی,old,osm
ir-w273431108,برق,colloquial,osm
ir-beheshti-14,دانشکده,colloquial,osm
ir-w273451021,دانشکده,colloquial,osm
ir-beheshti-15,دانشکده,colloquial,osm
ir-beheshti-16,دانشکده,colloquial,osm
ir-w273451065,بلوار هشت شهریور,colloquial,osm
ir-w273451119,استاد برزگر,colloquial,osm
ir-w273451121,برق,colloquial,osm
ir-w273451125,برق,colloquial,osm
ir-w274310471,بلوار ساحلی,colloquial,osm
ir-w275301742,شهید عطار سیار,colloquial,osm
ir-madani-street,نظام آباد,old,osm
ir-shahid-dr-ayat-st-3,نارمک,old,osm
ir-w278563469,لاله,colloquial,osm
ir-w278585051,وکیلی,colloquial,osm
ir-mostafa-khomeyni-street,خیابان شبکه,colloquial,osm
ir-tohid-street-5,خیابان عصار,colloquial,osm
ir-navab-safavi-street,خیابان فسارود,colloquial,osm
ir-amirkabir-street-3,خیابان شهرداری,colloquial,osm
ir-enqelab-street-4,خیابان امامزاده,colloquial,osm
ir-madani-street-2,نظام آباد,old,osm
ir-nabi-akram-boulevard,بلوار کشاورز,colloquial,osm
ir-saheli-street-2,خیابان نشاط,colloquial,osm
ir-valie-asr-square,فلکه گاز,colloquial,osm
ir-qoran-square,فلکه سپاه,colloquial,osm
ir-orjaman-boulevard,فلسطین 21,colloquial,osm
ir-farhang-boulevard-5,خیابان گلزار,colloquial,osm
ir-farhang-boulevard-6,خیابان گلزار,colloquial,osm
ir-w280673398,بیست متری امام,colloquial,osm
ir-dr-sang,کوی دکتر سنگ,colloquial,osm
ir-w281131268,پیام نور ۱۲,colloquial,osm
ir-keshavarz-boulevard-14,بلوار شهید صیاد شیرازی غربی,old,osm
ir-keshavarz-boulevard-15,بلوار شهید صیاد شیرازی غربی,old,osm
ir-w281389310,آیت الله صدوقی,colloquial,osm
ir-w281389311,شهید مفتح,colloquial,osm
ir-w281389644,آیت الله دستغیب,colloquial,osm
ir-w281845692,بیست متری اول,colloquial,osm
ir-w281845713,سروناز,old,osm
ir-w282713947,سرو آزاد,old,osm
ir-w282922759,بلوار شهید حسین مولوی,colloquial,osm
ir-w282931810,بلوار شهید محمدحسین نواب,colloquial,osm
ir-w282933905,بلوار شهید احمد کوچکی,colloquial,osm
ir-w282933949,شهیدان واعظی دهنوی 2,colloquial,osm
ir-w283545997,پل فلزی ارجمان,colloquial,osm
ir-w283621758,دهنه پیرسرا,colloquial,osm
ir-khorramshahr-blvd,بلوار خرمشهر,spelling,osm
ir-nobahari,سیزدهم,old,osm
ir-nobahari,سی و هفتم شرقی قریشی,colloquial,osm
ir-15th-street-2,سوم قدیم,old,osm
ir-28th-street,یازدهم شرقی,old,osm
ir-8th,شهید اکبری,colloquial,osm
ir-4th-ataei,عطایی,colloquial,osm
ir-w284291683,فلکه سوم فردیس,colloquial,osm
ir-w284291683,فلکه سوم,colloquial,osm
ir-w284291687,فلکه چهارم فردیس,colloquial,osm
ir-w284291687,فلکه چهارم,colloquial,osm
ir-keshani,درب دوم,old,osm
ir-w284567977,بلوار مهرآباد,colloquial,osm
ir-dariush-street,داریوش، محمودیه (قاجار),old,osm
ir-taleghani-boulevard-6,بلوار طالقانی,colloquial,osm
ir-w285175293,۱۷ شهریور 18,colloquial,osm
ir-w285177456,بلوار مهرآباد,colloquial,osm
ir-w285245300,میدان سنگی,colloquial,osm
ir-w285338567,شورا,colloquial,osm
ir-w285338601,مدرس,spelling,osm
ir-w285651420,پل مدیران,colloquial,osm
ir-w285651421,پل مدیران,colloquial,osm
ir-w285751088,صراط,colloquial,osm
ir-w285959938,شهدای ماسور,colloquial,osm
ir-w286301198,میدان آفتابگردان,colloquial,osm
ir-w286306298,بلوار فلسطین,colloquial,osm
ir-w286610125,شقایق,colloquial,osm
ir-w287081987,۱۲ متری سرداران,colloquial,osm
ir-gholam-hosein-amirkhani,کوکب,old,osm
ir-w287141530,شهید انصاری,colloquial,osm
ir-w287799802,میدان مهدیه غربی,colloquial,osm
ir-w287857703,محمدیه,colloquial,osm
ir-imam-ali-expressway-5,دار آباد,colloquial,osm
ir-w288063875,بزرگراه خاوران,colloquial,osm
ir-w288065558,جاده ابرکوه- مهردشت,colloquial,osm
ir-qalandari,درب دوم,colloquial,osm
ir-shahid-sadoghi-boulevard,جاده تهران,colloquial,osm
ir-bahar-9,بهار 9,colloquial,osm
ir-w289412514,۲۰ متری گاز,colloquial,osm
ir-azadi-square-23,فلکه مثلث,colloquial,osm
ir-w289937287,پل برق باهنر,colloquial,osm
ir-taavon-boulevard-2,بلوار تعاون,colloquial,osm
ir-w291423692,احمدآباد,colloquial,osm
ir-moallem-11,معلم,colloquial,osm
ir-eastern-nafisi-street,بیست و سوم,colloquial,osm
ir-w291999270,بلوار زیباشهر,colloquial,osm
ir-shahid-afzal-alley,کوچه حصار,colloquial,osm
ir-w292464797,دشتی 86,colloquial,osm
ir-w292468460,خیابان دکتر اسلامی ندوشن,colloquial,osm
ir-w292550244,تربیت ۲۷,colloquial,osm
ir-w292550247,امام رضا شرقی دوازدهم,colloquial,osm
ir-w292550295,امام رضا شرقی دهم,colloquial,osm
ir-w292656917,رودکي شمالي,colloquial,osm
ir-w292716680,شهیدان خلیفه,colloquial,osm
ir-w292928495,میدان یادبود,colloquial,osm
ir-w292928497,پل قاسمی,spelling,osm
ir-radmehr-boulevard,بلوار موج,colloquial,osm
ir-dezful-boulevard-2,بلوار صدف,old,osm
ir-w294068590,بلوار کاشان,old,osm
ir-w294068637,بلوار کاشان,old,osm
ir-amiri-sefat,امیری صنعت,colloquial,osm
ir-allameh-qazvini-boulevard,ارغوان,colloquial,osm
ir-w294402084,جاده تفریجان,colloquial,osm
ir-w294477521,خیابان انبار سیمان,colloquial,osm
ir-w294565358,بلوار زائر,old,osm
ir-w294571331,بلوار شرافت,colloquial,osm
ir-vahdat-7,علی آباد,old,osm
ir-w295416187,تعاون,colloquial,osm
ir-w295416742,پژوهش,colloquial,osm
ir-w295566096,ملک فام,colloquial,osm
ir-w295626459,میانه - هشترود,colloquial,osm
ir-w295677530,شیشه بری,colloquial,osm
ir-w295874563,فلکه قادرآباد,colloquial,osm
ir-w295874564,معدن,colloquial,osm
ir-w295912223,خیابان دهخدا,colloquial,osm
ir-w296235440,بلوار قدس,old,osm
ir-w296684845,خیابان میراخوری,colloquial,osm
ir-w296715411,امام علی ۱۸,colloquial,osm
ir-w296740393,بلوار نیلوفر,colloquial,osm
ir-w296783517,شهید بهرام بالایی,colloquial,osm
ir-w296783527,خیابان شیرین,colloquial,osm
ir-w296785060,کوچه تعزیرات,colloquial,osm
ir-w296785064,خیابان نهم,colloquial,osm
ir-w296785065,خیابان سوم,colloquial,osm
ir-w296785107,بلوار سی متری سوم,colloquial,osm
ir-w296826535,خیابان دولتشاهی,old,osm
ir-amar-e-yaser-2,چهل و پنج متری عمار یاسر,colloquial,osm
ir-w296836359,آذر,colloquial,osm
ir-w297158680,پل حاج محمد تقی,colloquial,osm
ir-w297160345,شهید مجید عبدالملکی,colloquial,osm
ir-w297170100,کشاورز,old,osm
ir-w297170100,۱۶ متری اول فرهنگیان,colloquial,osm
ir-w297241412,خیابان خوانقاه,old,osm
ir-w297243958,در طویله توپخانه,colloquial,osm
ir-qorbanali,لاله,old,osm
ir-yadgar-e-emam,ارغوان,colloquial,osm
ir-soleimani,شقایق,old,osm
ir-soleimani,خانه سازی,colloquial,osm
ir-khayyami-boulevard,بلوار شهید علیرضا خیامی,colloquial,osm
ir-w297581729,محله غربتی ها,colloquial,osm
ir-w297752167,معلم سوم,colloquial,osm
ir-w297778026,اندیشه ۴۳,colloquial,osm
ir-north-iman-street,جاده قدیم زیدی,colloquial,osm
ir-standard-square-3,میدان فلسطین,colloquial,osm
ir-w297888607,پل روگذر مادر,colloquial,osm
ir-w298205312,بلوار شهیدان مکاری,colloquial,osm
ir-w298212937,کاشان - نوش آباد,colloquial,osm
ir-shamsabadi-2,بلوار شهید رئیسی,colloquial,osm
ir-w298332024,دروازه اصفهان,colloquial,osm
ir-w298617397,بلوار شهید فخری زاده,colloquial,osm
ir-w298832647,بلوار قاسمی,colloquial,osm
ir-w298839367,مرتضی محمدی,colloquial,osm
ir-w299269477,شهرک امام خمینی,colloquial,osm
ir-w299310774,پل روگذر میدان میثم,colloquial,osm
ir-shahid-shahriari-square,میدان شهریاری,colloquial,osm
ir-w299387658,فلکه زمزم,colloquial,osm
ir-w299393356,میدان معراج,colloquial,osm
ir-w299393513,باغشمال جدید,colloquial,osm
ir-mostafa-khomeini-2,کرشته,old,osm
ir-w299520160,خیابان قدوسی,colloquial,osm
ir-w299522494,شهید علی احمد کریم زاده,colloquial,osm
ir-mahan-2,ماهان,old,osm
ir-w299758433,خیابان روشنایی,colloquial,osm
ir-w300164848,24 متری استاد شهریار,colloquial,osm
ir-w300166457,بهارستان,old,osm
ir-w300227982,قوزی میدانی,colloquial,osm
ir-w300398341,خیابان ساحلی,colloquial,osm
ir-w300398355,کمربندی شمالی,colloquial,osm
ir-w300526385,خیابان برق,colloquial,osm
ir-w300528217,میدان زعفرانیه,colloquial,osm
ir-palestine-square-2,میدان فلسطین,colloquial,osm
ir-sharifzadeh-square,میدان شاه گلی,old,osm
ir-sharifzadeh-square,میدان ائل گولی,colloquial,osm
ir-w300670016,جاده اولادقباد,colloquial,osm
ir-w300782542,شهید حمید سوری,colloquial,osm
ir-w300782544,شهید مدرس,colloquial,osm
ir-w300782569,شهید بهشتی,colloquial,osm
ir-w300921231,دخانیات 2,colloquial,osm
ir-w300959205,میدان ائل گولی,colloquial,osm
ir-golha-st,خیابان گلها,colloquial,osm
ir-w301157210,کاشان چی,colloquial,osm
ir-w301157218,شهید چکبر,colloquial,osm
ir-lulu-square,میدان اندیشه,colloquial,osm
ir-shahid-mostafa-goodarzi-boulevard,بلوار بحرین,old,osm
ir-w301165462,بلوار بحرین,old,osm
ir-karim-bazgir-square,میدان شهید کریم بازگیر,colloquial,osm
ir-w301225285,میدان شهرداری,colloquial,osm
ir-w301225286,ابوطالب,colloquial,osm
ir-w301651337,رفاه ۱۸,colloquial,osm
ir-w301661394,کوی 12,colloquial,osm
ir-w301661397,پشت مسجد شاه,colloquial,osm
ir-w301691565,بلوار شورا,old,osm
ir-w301693678,جاده اقلید - صفاشهر,colloquial,osm
ir-w301693712,صفاشهر - اقلید,colloquial,osm
ir-w301698294,بلوار مرکزی شهرک مریم,colloquial,osm
ir-w301753132,مجاهد,colloquial,osm
ir-kargaran-3,صفا,old,osm
ir-w302015572,خیابان هشت بنگله,colloquial,osm
ir-w302015573,پل هشت بنگله,colloquial,osm
ir-w302016157,شهید اکبر قاسمی پور,colloquial,osm
ir-w302022810,خیابان شهید اوسانوس,colloquial,osm
ir-w302521670,خیابان رسول الله,colloquial,osm
ir-w302668889,میدان معین آباد,colloquial,osm
ir-w302747381,بلوارفرمانده شهید محمود ریاحی,colloquial,osm
ir-w302749650,شهید سید ابراهیم رییسی,colloquial,osm
ir-w302891991,بلوار کشاورز,colloquial,osm
ir-w302933106,جاده مهرآباد - قلعه قاسم,colloquial,osm
ir-airport-road-3,فرودگاه,colloquial,osm
ir-airport-road-4,فرودگاه,colloquial,osm
ir-w302965639,شهید رستمخانی,colloquial,osm
ir-w302969370,شهید سید کمال میرصدری,colloquial,osm
ir-w302970583,خیابان فرودگاه,colloquial,osm
ir-17th-shahrivar-18,هفده شهریور قدیم,old,osm
ir-w302971853,آیت الله مجتهدی زنجانی,colloquial,osm
ir-w302972448,میدان شهریار,colloquial,osm
ir-22-bahman-square,میدان ۲۲ بهمن,colloquial,osm
ir-w303013378,ولیخان,colloquial,osm
ir-w303218070,شهید زرافشان - نسیم شرق,colloquial,osm
ir-w303282556,بلوار زائر,old,osm
ir-w303506747,خیابان ساحلی,colloquial,osm
ir-w303868872,حق وردی,colloquial,osm
ir-w303869090,میدان شهیدان خالقی پور,colloquial,osm
ir-w303869093,شهید شیبت الحمد بیگدلی,colloquial,osm
ir-w303869389,بلوار فاتح,colloquial,osm
ir-w303870329,آزادی,colloquial,osm
ir-w303998273,پنجم غربی,colloquial,osm
ir-w303998416,شهید رسول قره جلو,colloquial,osm
ir-w304060448,عرفان,colloquial,osm
ir-w304060459,پاستور شرقی - شهید ابوالمهدی المهندس,colloquial,osm
ir-w304199189,پاسداران,colloquial,osm
ir-shohada-sq-3,میدان شهدا,colloquial,osm
ir-zahravi,زهراوی,colloquial,osm
ir-w304609915,بازار,colloquial,osm
ir-w304686084,شهید شاهرخ پرهون,colloquial,osm
ir-w304738374,دلیجه,colloquial,osm
ir-w304739496,ارکین هفدهم,spelling,osm
ir-w304739687,خزانه,colloquial,osm
ir-w304760020,ششم شرقی,colloquial,osm
ir-w304760022,شهید اکبر سعادتی خمسه,colloquial,osm
ir-golzar-2-2,گلستان,colloquial,osm
ir-w304794514,بلوار میرزا ماذون,colloquial,osm
ir-qazi-tabatabaie,جهانگیری,colloquial,osm
ir-w304832450,فضیلت 22,colloquial,osm
ir-w305031801,بلوار گلستان,colloquial,osm
ir-w305034177,بلوار بهشت,colloquial,osm
ir-w305036526,سلیمان صباحی,colloquial,osm
ir-w305036528,سلمان فارسی,colloquial,osm
ir-w305091581,خیابان ساحلی,colloquial,osm
ir-w305091583,خیابان ساحلی,colloquial,osm
ir-w305288302,میدان جانبازان,colloquial,osm
ir-w305289479,آیت الله صدر,colloquial,osm
ir-w305290991,بلوار کشاورز,old,osm
ir-w305293393,بلوار ولایت,colloquial,osm
ir-laleh-sardaftaran,لاله,old,osm
ir-west-farvardin-2,بلوار حاج احمد متوسلیان,colloquial,osm
ir-w306117219,شهدای منا,colloquial,osm
ir-w306150024,شهید رسول عباسی,colloquial,osm
ir-w306193191,بلوار آزادی,old,osm
ir-w306237155,فرهنگ,colloquial,osm
ir-w306237170,بلوار آزادگان,colloquial,osm
ir-west-pasdaran-street,هویدا,old,osm
ir-hejazi-expressway,اتوبان تهران کرج,old,osm
ir-shahid-hejazi-expressway,اتوبان تهران کرج,old,osm
ir-w306365061,میدان ابومسلم خراسانی,colloquial,osm
ir-w306373314,خیابان فرودگاه,colloquial,osm
ir-w306460235,بلوار مهر,colloquial,osm
ir-baghe-banafshe,باغ بنفشه,colloquial,osm
ir-baghe-banafshe,شهید محمد روستایی,colloquial,osm
ir-w306629561,۶۱ متری دوم,colloquial,osm
ir-w306629639,کارخانه,colloquial,osm
ir-w306705816,شفیع زاده,colloquial,osm
ir-w306777551,بانوان شهیده,colloquial,osm
ir-w306778220,میدان شکیبا,colloquial,osm
ir-w306778519,مشتاقان,colloquial,osm
ir-w306779119,خیابان ده متری,colloquial,osm
ir-w306846450,خیابان گازرگاه - میثاق,colloquial,osm
ir-w307094906,کوی همت آباد,colloquial,osm
ir-w307094907,کوی همت آباد,colloquial,osm
ir-w307237306,علوی,colloquial,osm
ir-w307406349,گلستان,colloquial,osm
ir-daro-pakhs,شصت و یکم,colloquial,osm
ir-w307656264,بلوار استقلال,colloquial,osm
ir-w307656305,نیلوفر,colloquial,osm
ir-farsh-square,سه راه قدس - سه راه ابوذر,colloquial,osm
ir-azadi-10,بیات,old,osm
ir-w308028625,پورمحسن,colloquial,osm
ir-w308028946,بیاتانی,colloquial,osm
ir-w308029719,میدان شریعتی,old,osm
ir-shahid-soleymani-boulevard,جاده ملارد,old,osm
ir-shahid-asabpour-st,50,colloquial,osm
ir-w308140822,بلوار زائر,old,osm
ir-w308214010,شهدای نیروی انتظامی,colloquial,osm
ir-w308247649,شهید احمدنژاد,colloquial,osm
ir-w308335393,رودکی,colloquial,osm
ir-w308335399,حقانی,colloquial,osm
ir-w308335399,شهید عمران خانلری,colloquial,osm
ir-w308335401,رودکی,colloquial,osm
ir-lieutenant-general-martyr-haj-qassem-soleymani-blvd-9,بولوار شهدا,old,osm
ir-lieutenant-general-martyr-haj-qassem-soleymani-blvd-9,بولوار شهید قاسم سلیمانی,colloquial,osm
ir-ayatollah-ghafari,سی متری آیت الله غفاری,colloquial,osm
ir-qiam,تره بار,old,osm
ir-vahdat-e-eslami,وحدت اسلامی,colloquial,osm
ir-w308942539,بلوار امیرکبیر,colloquial,osm
ir-w309061120,خیابان باباطاهر,spelling,osm
ir-w309092258,جوان,colloquial,osm
ir-mehvari-esfahani,گاز,colloquial,osm
ir-abooreyhan-birooni,مادی شاه پسند,colloquial,osm
ir-w309094949,درختی,colloquial,osm
ir-shahed-boulevard-14,بلوار پروین,old,osm
ir-w309124946,سعدی,colloquial,osm
ir-w309126460,نیر اصفهانی,old,osm
ir-imam-hossein-square-17,میدان فوزیه,old,osm
ir-imam-hossein-square-17,میدان امام حسین,spelling,osm
ir-w309399890,مطهری جنوبی,colloquial,osm
ir-mikhak-3,شهید رجائی,old,osm
ir-w309450192,خیرین مدرسه ساز,colloquial,osm
ir-w309559690,کمربندی شمالی,colloquial,osm
ir-w309572264,شیمیایی,colloquial,osm
ir-w309640883,فرمانداری,colloquial,osm
ir-w309651626,شهدا,colloquial,osm
ir-w309866163,بلوار بهاران,colloquial,osm
ir-w309932727,شهید حمیدرضا همتی,colloquial,osm
ir-w309956444,دانشگاه,colloquial,osm
ir-w309973739,یادگار امام,colloquial,osm
ir-w309973741,حجت الاسلام جوادی,colloquial,osm
ir-w309973743,محله ب 5,colloquial,osm
ir-22nd-pass,گذر محمد کسی سومار,colloquial,osm
ir-26th-parking,گذر شهدای درویشی,colloquial,osm
ir-w310007688,ده متری امام صادق,colloquial,osm
ir-w310019572,خیابان شاه بختی,old,osm
ir-w310067193,یادگار امام,colloquial,osm
ir-mazi,پرویز ماضی,colloquial,osm
ir-zeytoon-boulvard,خیابان دستغیب,colloquial,osm
ir-ahle-beit-street,خیابان اهل بیت,colloquial,osm
ir-w310082470,بلوار سیب,colloquial,osm
ir-w310142650,نبوت,colloquial,osm
ir-w310221186,دوازده متری انقلاب,colloquial,osm
ir-w310236331,آب و فاضلاب,old,osm
ir-shahabadi-boulevard-2,دهم فروردین,colloquial,osm
ir-shahabadi-boulevard-2,بلوار دهم فروردین,colloquial,osm
ir-w310424816,نوبهار,colloquial,osm
ir-w310433655,سی و پنج متری,colloquial,osm
ir-w310439652,چهل و پنج متری کاج,spelling,osm
ir-w310445803,پارک,colloquial,osm
ir-javadol-aeme-2,جهرم,colloquial,osm
ir-w310525885,شهید عیوضی,colloquial,osm
ir-motahari-16,بهداری,old,osm
ir-w310539889,گاز,colloquial,osm
ir-w310891440,امام حسین,colloquial,osm
ir-w310965721,خیابان شاه بختی,old,osm
ir-mahdyeh,سردار شهید مهدی عشوریون,colloquial,osm
ir-azadi-blvd-2,بلوار مقامی,spelling,osm
ir-w311119519,پارک,colloquial,osm
ir-w311127037,شقایق,colloquial,osm
ir-w311168591,خیابان شهرداری,colloquial,osm
ir-w311169740,میدان آزادگان,colloquial,osm
ir-14-masoum-street,۱۰ متری ۱۴ معصوم,colloquial,osm
ir-w311466297,چهارراه امام خمینی (ره),colloquial,osm
ir-w311466299,مراغه,colloquial,osm
ir-w311515940,خیابان دانش,colloquial,osm
ir-w311737188,بولوار سپاه پاسداران,colloquial,osm
ir-w311741537,ملک الشعرای بهار,colloquial,osm
ir-shohadaye-komite-blvd,بلوار گلها,colloquial,osm
ir-w311980971,ورزش,colloquial,osm
ir-w312104834,علی قلی آقا,colloquial,osm
ir-15kordad,بکایی,colloquial,osm
ir-w312158053,هفتم شمالی,colloquial,osm
ir-w312182261,خیابان استاد منزوی,colloquial,osm
ir-w312244578,طالقانی,colloquial,osm
ir-w312249697,سراب,colloquial,osm
ir-fergaz-3,جاده فرگاز,colloquial,osm
ir-w312275125,شهید مرتضی مسیب زاده,colloquial,osm
ir-w312303736,بلوار شهید صدوقی,colloquial,osm
ir-w312303740,بلوار بنفشه غربی,colloquial,osm
ir-w312527906,بلوار بهشتی,colloquial,osm
ir-ordibehesht-blvd,بلوار شورا,colloquial,osm
ir-w312530965,سوم,colloquial,osm
ir-w312530967,امام رضا,colloquial,osm
ir-w312531067,شهید یاری نسب,colloquial,osm
ir-hossin-tariqat,هرمز,colloquial,osm
ir-w312674899,بلوار ولیعصر عج,colloquial,osm
ir-w312676697,۲۵ متری بهار,spelling,osm
ir-w312676700,۲۵ متری بهار,spelling,osm
ir-w312678884,قلمستان,colloquial,osm
ir-ostad-hasan-e-banna-majidieh,مجیدیه شمالی,old,osm
ir-fathi-shaghaghi-street-3,پنجم,colloquial,osm
ir-w314038593,سیندخت شمالی,colloquial,osm
ir-w314264874,صحرائیان ۳,colloquial,osm
ir-shahid-rajaiee-boulevard,بلوار ۲۲ بهمن جنوبی,colloquial,osm
ir-mahsuli,عرفان,old,osm
ir-w315266928,مفتح,colloquial,osm
ir-w315280574,خیابان علامه طباطبایی,colloquial,osm
ir-w315690182,نماز,old,osm
ir-gharani-st-2,دادگستری,old,osm
ir-w316257359,شهدای اصناف,colloquial,osm
ir-south-imam-khomeini,ایرانپور,colloquial,osm
ir-w316542844,میدان بعثت,colloquial,osm
ir-w316597517,سعیدآباد,colloquial,osm
ir-vali-ye-asr-boulevard,جاده قدیم تهران - ساوه,colloquial,osm
ir-w317395202,بلوار شهید قاسم سلیمانی,colloquial,osm
ir-tabestan,ملت,colloquial,osm
ir-w317507781,نماز,colloquial,osm
ir-shahid-ajamian-boulevard,بلوار شورا,colloquial,osm
ir-w317764716,میلاد ۱۹,colloquial,osm
ir-w317837617,اهل بیت 17,colloquial,osm
ir-w318350833,میدان حافظ,colloquial,osm
ir-w318350837,۲۴ متری,old,osm
ir-w318350837,۲۴ متری چمران,colloquial,osm
ir-w318509619,رودکی,colloquial,osm
ir-w318520069,فتح,colloquial,osm
ir-w318731887,خیابان سلطان محراب,colloquial,osm
ir-w318731887,خیابان شهیدان نیک پور,colloquial,osm
ir-w318927608,ملت,colloquial,osm
ir-bonyad-sq,میدان بنیاد,spelling,osm
ir-w319090665,کوچه بارو,old,osm
ir-rast,بیست و پنج متری جوادیه,colloquial,osm
ir-rast-2,بیست و پنج متری جوادیه,colloquial,osm
ir-vahidreza-rasuli-2,پیروزی,old,osm
ir-w319233750,پانزده متری اول جوادیه,colloquial,osm
ir-w319386928,شهید انصاری,colloquial,osm
ir-w319537761,خیابان دانشگاه ازاد,colloquial,osm
ir-shohadaye-naja-boulevard,بلوار شهدای هسته ای,colloquial,osm
ir-w319785613,شریف,colloquial,osm
ir-w319791658,بلوار تشریفات,colloquial,osm
ir-w319855150,میدان جهاد,colloquial,osm
ir-w320186940,مدرسه,colloquial,osm
ir-hamedan-st,خیابان همدان,spelling,osm
ir-aref-5,عارف قزوینی,colloquial,osm
ir-emam-reza-square-5,میدان فضای سبز,colloquial,osm
ir-63,امام رضا 5,colloquial,osm
ir-molasadra-24-street,ارشاد اسلامی,colloquial,osm
ir-w320877099,میرداماد,colloquial,osm
ir-ja-fari-2,دودانگه,old,osm
ir-shahid-ghandi,ثریا,old,osm
ir-shahid-rajaei-6,ثریا,old,osm
ir-dr-nasrollahi-s-boulevard,بلوار دانشگاه شمالی,old,osm
ir-bahonar-17,ثریا,old,osm
ir-yadgar-emam,جاده دانشگاه آزاد -  ونایی,colloquial,osm
ir-emam-hassan-mojtaba,شهرداری,colloquial,osm
ir-w321034827,میدان مثلثی,colloquial,osm
ir-w321083835,افروز,old,osm
ir-martyr-gholamreza-haji-mohammadi-navai-st,خیابان شهید حاجی محمدی,colloquial,osm
ir-w321086576,کوچه شهید باهنر,colloquial,osm
ir-w321167986,فتاح غربی,colloquial,osm
ir-salman-farsi-street-4,خیابان سلمان فارسی,spelling,osm
ir-w321449260,برادران ثابت نیا,colloquial,osm
ir-w321449267,نیلوفر,old,osm
ir-beheshti-20,خیابان قزوین,old,osm
ir-beheshti-20,قزوین,colloquial,osm
ir-w321503896,لاله,spelling,osm
ir-w321503904,شهدای رضوانیه,spelling,osm
ir-halaavi,مهاجرین,old,osm
ir-osku-sahand-road,فاز چهار سهند,colloquial,osm
ir-osku-sahand-road,بلوار سردار سلیمانی,colloquial,osm
ir-w321808992,عماد,colloquial,osm
ir-w321809002,آزادگان 47,colloquial,osm
ir-w321810089,صحرا 22,colloquial,osm
ir-w321864304,برج عسگر,colloquial,osm
ir-amir-kabir-12-street-orkideh,شهید سانی خانی,colloquial,osm
ir-shahid-bolandian-street,منتظری,old,osm
ir-w322213345,نسترن,colloquial,osm
ir-w322213349,بلوار شورا,old,osm
ir-w322431139,لاله,colloquial,osm
ir-w322523013,میدان هادی,colloquial,osm
ir-khatamol-anbia,سی متری فوتبال,colloquial,osm
ir-w322820540,خیابان سی متری,colloquial,osm
ir-w322820541,خیابان سی متری,colloquial,osm
ir-w322892301,جاده بندر شیرینو,colloquial,osm
ir-w323014934,خیابان دارو پخش,old,osm
ir-w323014934,خیابان شهید نونهال,colloquial,osm
ir-w323065228,بلال ۳,spelling,osm
ir-lieutenant-general-martyr-haj-qassem-soleymani-blvd-10,بولوار شهدا,old,osm
ir-lieutenant-general-martyr-haj-qassem-soleymani-blvd-10,بولوار شهید قاسم سلیمانی,colloquial,osm
ir-lieutenant-general-martyr-haj-qassem-soleymani-blvd-11,بولوار شهدا,old,osm
ir-lieutenant-general-martyr-haj-qassem-soleymani-blvd-11,بولوار شهید قاسم سلیمانی,colloquial,osm
ir-w323262375,نهضت,colloquial,osm
ir-w323262375,خیابان شهید برزگر,colloquial,osm
ir-w323378887,آراسته,colloquial,osm
ir-w323509060,اکبرآباد,colloquial,osm
ir-w323743827,میدان سرقنات,old,osm
ir-w323743831,شهید قاسم سلیمانی,colloquial,osm
ir-w323743835,بلوار شورا شمالی,colloquial,osm
ir-w323743835,شورا بالا,colloquial,osm
ir-w323743836,بلوار شهدای گمنام,colloquial,osm
ir-w323744352,ساحل جنوبی,old,osm
ir-w323744352,خیابان شهید پوستی,colloquial,osm
ir-w323826368,شیرودی دوم,colloquial,osm
ir-sa-adat,سی متری میقان,colloquial,osm
ir-w324062568,شهید سلامت مهدی ممبینی,colloquial,osm
ir-w324313128,پارسا غربی,colloquial,osm
ir-manzarieh-st,خیابان منظریه,spelling,osm
ir-irlu-blvd,بلوار صبا,old,osm
ir-w324836628,پرچم,colloquial,osm
ir-w324836646,احمدی پور,colloquial,osm
ir-w324984952,خیابان سرلشکر ظهیرنژاد,colloquial,osm
ir-akbarali-square,میدان منبع طبیعی,colloquial,osm
ir-w325213852,امام زمان,colloquial,osm
ir-atlas-sq,میدان اطلس,colloquial,osm
ir-w325372018,درختی,old,osm
ir-w325448153,خیابان فرمانفرما,old,osm
ir-w325509746,سرو گل,colloquial,osm
ir-w325560838,امینی,colloquial,osm
ir-w325664982,انوری پایین,colloquial,osm
ir-alimohammadi,ثامنی,old,osm
ir-w325701339,خیابان دانشسرا,old,osm
ir-w325701340,خیابان شهید بهاء الدین عراقی,colloquial,osm
ir-w325701340,خیابان خیام,colloquial,osm
ir-w325846364,۳۵ متری قنات,colloquial,osm
ir-sanat-square,میدان ماشین سازی,colloquial,osm
ir-w325857531,کمربندی دالایی,colloquial,osm
ir-w325857532,خیابان امامت شمالی,colloquial,osm
ir-w325857533,گوشه عظیم,colloquial,osm
ir-w325858758,امام رضا,colloquial,osm
ir-w325859683,بلوار منتظری,colloquial,osm
ir-jahan-afarin,نسترن,old,osm
ir-w325866699,مقداد,colloquial,osm
ir-w325898231,خیابان شهید صاحبقران فرد,colloquial,osm
ir-w326181244,چمران,colloquial,osm
ir-w326181244,خیابان ولی عصر,colloquial,osm
ir-w326204436,انوری بالا,colloquial,osm
ir-w326204928,شهید سید داوود هاشمی,colloquial,osm
ir-shahabadi-boulevard-3,دهم فروردین,colloquial,osm
ir-shahabadi-boulevard-3,بلوار دهم فروردین,colloquial,osm
ir-sekeh-square,میدان سکه,colloquial,osm
ir-basij-boulevard-10,بلوار بسیج,colloquial,osm
ir-w326669346,خیابان بوستان,colloquial,osm
ir-taheri-2,سعدآباد,colloquial,osm
ir-w327132861,جاده نظرآباد-نجم آباد,colloquial,osm
ir-fath-e-shiyakuh,نمک‌کوهی‌ها,colloquial,osm
ir-w327363404,کوچه وحدت ۸,colloquial,osm
ir-w327365138,کوچه شهید آل طه,colloquial,osm
ir-w327449388,پانزده خرداد,colloquial,osm
ir-w327729735,میدان لاله,colloquial,osm
ir-w327939811,شهید نیک نژاد,colloquial,osm
ir-w328005441,دارالسلام,old,osm
ir-w328005441,خیابان بهشت رضا,colloquial,osm
ir-tir-7th,سه راه ارامنه,colloquial,osm
ir-zan-boulevard,رضوان مدنی,colloquial,osm
ir-w328599160,رضوان مدنی,colloquial,osm
ir-w328978968,خیابان صابونی,colloquial,osm
ir-reza-nazari-blvd,بلوار ارشاد,colloquial,osm
ir-reza-nazari-blvd,بلوار رضا نظری,spelling,osm
ir-w329070165,شهید نعمت اله کریمی,colloquial,osm
ir-elgoli-boulevard-shahgoli-boulevard-shahid-bakeri-2,جاده ائل گولی - جاده شاهگلی - شهید باکری,spelling,osm
ir-w329179228,خیابان سرچشمه وکیل آقا,colloquial,osm
ir-w329179229,خیابان مظهرعلیشاه,old,osm
ir-ayat-2,مجاهد,colloquial,osm
ir-saa-at-square,فلکه ساعت,colloquial,osm
ir-zanbagh-sq,میدان زنبق,colloquial,osm
ir-w329422022,کوچه اعظمی,old,osm
ir-w329422023,دبیراعظم,colloquial,osm
ir-imam-hossein-expressway-7,بزرگراه کمربندی,old,osm
ir-imam-hossein-expressway-7,بزرگراه امام حسین,spelling,osm
ir-valiasr-street-10,مصدق,old,osm
ir-hambastegi-square,میدان همبستگی,colloquial,osm
ir-hambastegi-square,میدان چهار شاخ,spelling,osm
ir-w330338846,عمارت,colloquial,osm
ir-movahed-danesh-2,خیابان اقدسیه,old,osm
ir-martyr-nasiri-st,رودبار غربی,old,osm
ir-dr-nourbakhsh,دکتر نوربخش,colloquial,osm
ir-moghaddas-ardebili-street,پیراسته,old,osm
ir-moghaddas-ardebili-street-2,پیراسته,old,osm
ir-alef-square,پیراسته,old,osm
ir-yemen-street-3,تابناک,old,osm
ir-jomhuriye-eslami-street-3,استانبول,old,osm
ir-mojahedin-eslam-street,ژاله,old,osm
ir-baradaran-hasani,قلعه مرغی,old,osm
ir-east-brezil-street,خیابان برزیل,colloquial,osm
ir-w330778690,دانشور,old,osm
ir-shahid-kabiri-tameh-blvd,شاهین شمالی,old,osm
ir-shahid-kabiri-tameh-blvd,بلوار شهید کبیری طامه,spelling,osm
ir-javadol-aeme-3,جهرم,colloquial,osm
ir-ayatollah-sehri,کوزه,colloquial,osm
ir-hakim-farzaneh,جوی گاردر,colloquial,osm
ir-shahid-motevaselian-expressway-6,جاده قدیم کرج,old,osm
ir-shahid-motevaselian-expressway-6,بزرگراه فتح,colloquial,osm
ir-w331305379,پل سرداران,colloquial,osm
ir-w331535134,اندیشه شمالی,colloquial,osm
ir-ayatollah-sa-idi,راهزان,colloquial,osm
ir-w332305240,شهناز,colloquial,osm
ir-khodami-street,بیژن,old,osm
ir-khodami-street-2,بیژن,old,osm
ir-jalal-al-e-ahmad,رنگرزها,colloquial,osm
ir-naser-khosro-street,ناصریه,old,osm
ir-w332720720,ارشاد,colloquial,osm
ir-w332725263,میدان شهید نجفی,colloquial,osm
ir-w333015313,کوچه مدرسه سما,colloquial,osm
ir-w333017357,شهید رحیمی,colloquial,osm
ir-w333104582,رنگ فروش ها,colloquial,osm
ir-w333113504,قره داشلی,colloquial,osm
ir-shahrzad-blvd,کودکان غزه,old,osm
ir-shahrzad-blvd,بلوار شهرزاد,spelling,osm
ir-north-qalandari-st,دستور شمالی,old,osm
ir-ja-fari-3,گلها,old,osm
ir-w334834049,ولایت ۳۲,colloquial,osm
ir-w334996758,استاد مراد دوردی قاضی,colloquial,osm
ir-samen-ol-aemeh,خیابان سردادور,old,osm
ir-mostafa-khomeini-3,سیروس,old,osm
ir-asadabadi-street-4,یوسف آباد,old,osm
ir-shahid-mostafa-pajoohandeh-blvd,شاهین جنوبی,old,osm
ir-shahid-mostafa-pajoohandeh-blvd,بلوار شهید مصطفی پژوهنده,spelling,osm
ir-martyr-samie-street,سبکرو,colloquial,osm
ir-pour-ebtehaj-street-3,خیابان دارآباد,old,osm
ir-pour-ebtehaj-street-4,خیابان دارآباد,old,osm
ir-abu-sa-id-bridge,شاپور,old,osm
ir-abu-sa-id-bridge,شاهپور,colloquial,osm
ir-vahdat-e-eslami-street-2,شاپور,old,osm
ir-vahdat-e-eslami-street-2,شاهپور,colloquial,osm
ir-w336299166,بلوار تخت جمشید,colloquial,osm
ir-imam-reza-blvd-5,بلوار امام رضا,spelling,osm
ir-ashoura-st,میدان عاشورا,spelling,osm
ir-w336607863,میدان فاطمه رشیدی,colloquial,osm
ir-w336607864,میدان غزل,colloquial,osm
ir-shahid-salami-expressway-4,بزرگراه آزادگان,colloquial,osm
ir-gudarz-mohammadi-sq,میدان شهید محمدی,colloquial,osm
ir-w336878139,درب گاراژ,colloquial,osm
ir-w336904384,عدالت - انسجام,colloquial,osm
ir-w337037344,یاس ۱۱ شمالی,colloquial,osm
ir-martyr-kabirzadeh-blvd-2,بلوار لاله غربی,old,osm
ir-martyr-kabirzadeh-blvd-2,بلوار شهید کبیرزاده,spelling,osm
ir-w337046129,میدان آزادگان,colloquial,osm
ir-w337583102,خیابان یخچال,colloquial,osm
ir-w338083753,سادات,colloquial,osm
ir-w338101903,دانش ۲۶,colloquial,osm
ir-w338101904,تعاونی شیشه,colloquial,osm
ir-w338102553,خیابان شهید جلیل مومنی,colloquial,osm
ir-shahid-raeisi-boulevard-2,بلوار بوستان,old,osm
ir-tohid-st,زاویه,colloquial,osm
ir-w338105089,زاویه,colloquial,osm
ir-w338109695,شمشاد ۳,colloquial,osm
ir-fatemi-street-2,خیابان شهید فاطمی,colloquial,osm
ir-w338119347,فاز ۲,colloquial,osm
ir-w338254745,دیانت ۱۹,colloquial,osm
ir-w338274355,پیام پنجم,colloquial,osm
ir-w338285572,پیروزی,old,osm
ir-w338287302,ذوالفقار ۴۶,colloquial,osm
ir-standard-square-4,میدان استاندارد,spelling,osm
ir-w338481016,بلوار بهاران,colloquial,osm
ir-w338990326,حاج حاتم,colloquial,osm
ir-w339091413,شهید اندرزگو,colloquial,osm
ir-w339119088,نهال 28,colloquial,osm
ir-shohadaye-atash-neshan-sq,میدان شهدای آتش نشان,spelling,osm
ir-w339298218,بلوار فاطمیه,colloquial,osm
ir-varzesh-square-4,میدان ورزش,colloquial,osm
ir-w339594153,خیابان بنیاد شهید,colloquial,osm
ir-w339888829,معراج 40,colloquial,osm
ir-w339889151,معراج 42,colloquial,osm
ir-w339889213,معراج ۴۶,colloquial,osm
ir-ensejam-boulevard,خیامی 3,colloquial,osm
ir-yaaser-street,کاویان ۶,colloquial,osm
ir-sanatkar-street-2,خیابان شهید صنعت کار,colloquial,osm
ir-negin-6,نگین ششم,colloquial,osm
ir-w340587564,دانش ۲۳,colloquial,osm
ir-w341367170,خیابان بخشداری,colloquial,osm
ir-w341697615,بلوار بسیج,colloquial,osm
ir-imam-ali-highway-20,کمربندی شمالی اراک,colloquial,osm
ir-anajafi-boulevard-2,بزرگراه شهید آنجفی,colloquial,osm
ir-anajafi-boulevard-3,بزرگراه شهید آنجفی,colloquial,osm
ir-mohammad-bagher-sadoogh,محیط زیست,old,osm
ir-namaz-square-11,میدان اسب,colloquial,osm
ir-w347326322,ژاندارمری,old,osm
ir-w347455933,هلال احمر-شهید رنجبر,colloquial,osm
ir-w348453903,تالار پارچه,colloquial,osm
ir-w350153314,میدان سلام,colloquial,osm
ir-sharestan-blvd,نواب صفوی ۸,spelling,osm
ir-sabalan-3,ژاله,colloquial,osm
ir-w351919879,عباسی,old,osm
ir-w351919882,عباسی,old,osm
ir-namjoo-street,گرگان,old,osm
ir-etemadieh-street,Etemadiye street,colloquial,osm
ir-imam-javad-boulevard-5,طبرسی,old,osm
ir-imam-javad-boulevard-6,بلوار امام جواد,colloquial,osm
ir-w352582236,شهید نبی لو 1,colloquial,osm
ir-w352585128,شهید نبی لو 3,colloquial,osm
ir-w352724767,قاصدک ۵,colloquial,osm
ir-3rd-bridge-2,پل سوم,colloquial,osm
ir-w354322388,استاد بهزاد ۱۰,colloquial,osm
ir-emam-reza-street-6,خیابان تهران,old,osm
ir-poori,بلوار کوهک,old,osm
ir-poori,بلوار علیمرادی,colloquial,osm
ir-w355985858,میدان امام خمینی,colloquial,osm
ir-w356373418,سنگینی,colloquial,osm
ir-w356373419,سنگینی,colloquial,osm
ir-hazrat-zeinab-kobra-square,میدان پرستار,old,osm
ir-hazrat-zeinab-kobra-square,میدان حضرت زینب,colloquial,osm
ir-hejazi-expressway-2,اتوبان تهران کرج,old,osm
ir-basij-expressway-11,افسریه,old,osm
ir-w357485969,۲۲ بهمن ۴,colloquial,osm
ir-w357515220,بلوار غیور اصلی,old,osm
ir-w357521213,هجده متری فجر,colloquial,osm
ir-mellat-boulevard-3,بلوار ملت,colloquial,osm
ir-mellat-boulevard-4,بلوار ملت,colloquial,osm
ir-anajafi-boulevard-4,بلوار مهارت,old,osm
ir-anajafi-boulevard-4,بزرگراه شهید آنجفی,colloquial,osm
ir-anajafi-boulevard-5,بزرگراه شهید آنجفی,colloquial,osm
ir-w359886106,۲۴ متری فرهنگیان,old,osm
ir-w360130610,بلوار نیایش,colloquial,osm
ir-w360680849,قره داغی,colloquial,osm
ir-shahidan-ghazvini-brothers-street,خیابان توحید تهرانپارس,old,osm
ir-shohada-square-26,باغ ملی,old,osm
ir-imam-ali-blvd-2,بلوار امام علی,colloquial,osm
ir-jalili-street,خیابان فرمانداری,old,osm
ir-w363645005,میدان امام صادق,colloquial,osm
ir-south-saadi-street,لختی,old,osm
ir-w364472124,خیابان زمرد,colloquial,osm
ir-w364563556,طلوع ۷,colloquial,osm
ir-w364564098,آذربایجان,colloquial,osm
ir-w364837180,سرچشمه 8,colloquial,osm
ir-w364837191,ادهمی 11,colloquial,osm
ir-w364837194,شهید محمدرضا فتحی,colloquial,osm
ir-lieutenant-general-martyr-haj-qassem-soleymani-highway,بزرگراه رسالت جنوبی,old,osm
ir-lieutenant-general-martyr-haj-qassem-soleymani-highway,بزرگراه شهید قاسم سلیمانی,colloquial,osm
ir-alizadeh-boulevard-2,بلوار ساحلی,colloquial,osm
ir-w367395421,میدان فنی حرفه ای,colloquial,osm
ir-w368242073,فردوسی,colloquial,osm
ir-w368242076,فلکه معلم,colloquial,osm
ir-w368245104,امید,colloquial,osm
ir-w368245105,اشرفی اصفهانی,colloquial,osm
ir-w368267166,بزرگراه سپهبد شهید حاج قاسم سلیمانی,colloquial,osm
ir-w368388755,شمشاد 8,colloquial,osm
ir-farhangian-9,بلوار فرهنگیان,colloquial,osm
ir-w368557277,بلوار خلیج فارس,colloquial,osm
ir-w368888724,وقف,colloquial,osm
ir-w369425639,بلوار بیست و دو بهمن,colloquial,osm
ir-w369426262,سلمان فارسی,colloquial,osm
ir-w369586089,فلکه سونا,spelling,osm
ir-w369662337,پل روگذر سرلشکر شهید ضیاءالدین ذاکر,old,osm
ir-w369662337,پل شهید رئیسی,colloquial,osm
ir-w370158630,بلوار خفرک,colloquial,osm
ir-w370277488,نماز,colloquial,osm
ir-w370297126,شهید داوود واعظ,colloquial,osm
ir-w370688287,مەلا مستەفای بارزان,colloquial,osm
ir-yadegar-emam,هشت متری مطهری,colloquial,osm
ir-w370757567,بیمه یکم,colloquial,osm
ir-w370934151,چای کنار,colloquial,osm
ir-w370935126,شهید کلانتری,colloquial,osm
ir-w370962666,باکری ۹,colloquial,osm
ir-w370962667,کوی امام حسین,colloquial,osm
ir-w371068708,میدان مخابرات,colloquial,osm
ir-w371069428,دانش,colloquial,osm
ir-takhti-10,۳۰ متری,colloquial,osm
ir-w371079922,۲۴ متری,colloquial,osm
ir-marand-evoghli-road-2,جاده مرند- ایواوغلی,spelling,osm
ir-ayatollah-ebadi-boulevard-5,خیابان خواجه ربیع,old,osm
ir-w371898789,ابوذر,colloquial,osm
ir-w371953490,خیابان شهید اصغرزاده,colloquial,osm
ir-w372440858,ابراهیم آباد,colloquial,osm
ir-w372725102,میدان شیخ الشعرا استاد کریمی مراغه ای,colloquial,osm
ir-w372787350,فلکه گل,colloquial,osm
ir-w372919447,اسلام آباد,colloquial,osm
ir-w373028414,کوی مهر,colloquial,osm
ir-w373357008,میدان امام حسین,colloquial,osm
ir-w373489092,بهداری کوی لاله,colloquial,osm
ir-w374028033,بهرامی,colloquial,osm
ir-w374048732,آزادگان,colloquial,osm
ir-w374182310,میدان ۹ دی,colloquial,osm
ir-w374233549,۶,colloquial,osm
ir-w374236922,چمران,colloquial,osm
ir-valiaser-2,محله دهنو,colloquial,osm
ir-w374243381,بهداری,colloquial,osm
ir-w374245441,شهید محمدعلی حقیقی,colloquial,osm
ir-w374248886,حدیث ۸,colloquial,osm
ir-w374253258,میدان شهیدان فتحی,colloquial,osm
ir-w374369202,پارس فاستون,colloquial,osm
ir-moallem-square-25,پارس فاستون,colloquial,osm
ir-w374389140,یاداوران,colloquial,osm
ir-w374389177,جاده امام جعفرصادق(ع),colloquial,osm
ir-kharazmi-boulevard-2,بلوار خوارزمی,colloquial,osm
ir-w374610121,امام حسین,colloquial,osm
ir-w374615512,کوی مکائیل قنوی,colloquial,osm
ir-w374650164,اخلاص,colloquial,osm
ir-w374656016,جاده شهرک نصر,colloquial,osm
ir-w374842249,بلوار کاج,colloquial,osm
ir-holy-shrine-tunnel,تونل حرم مطهر,colloquial,osm
ir-shahid-karampoor,بهاران 2,colloquial,osm
ir-shahid-farhad-mansouri,نور,old,osm
ir-w375335758,زاینده رود,colloquial,osm
ir-shahid-nader-soltani,خرم شرقی,colloquial,osm
ir-w375345651,دوازده متری صنعت,colloquial,osm
ir-sadr-layered-highway,بزرگراه دوگل,old,osm
ir-w375640264,فلکه امام,colloquial,osm
ir-khazarabad-sari-road,جاده خزرآباد - ساری,colloquial,osm
ir-w375908336,قره باغی زاده,colloquial,osm
ir-w376344087,آزادی شمالی ۴ - شهید قاسم سلیمانی ۱۲,colloquial,osm
ir-w377031607,شهید مزار پودینه,colloquial,osm
ir-w377064986,لکزایی ۴,colloquial,osm
ir-w377129642,باغستان,colloquial,osm
ir-w377129642,بلوار امام خمینی,spelling,osm
ir-w377295728,میدان غیاثی,old,osm
ir-w377337116,شاهد,colloquial,osm
ir-ayatollah-ebadi-boulevard-6,خیابان خواجه ربیع,old,osm
ir-west-janbazan-boulevard-4,گلبرگ غربی,colloquial,osm
ir-ali-bakhtiyari-street,بختیاری,colloquial,osm
ir-yadegar-e-emam-expressway-15,بزرگراه ۱۰۰,old,osm
ir-yadegar-e-emam-expressway-17,بزرگراه ۱۰۰,old,osm
ir-nelson-mandela-boulevard-4,بلوار آفریقا,colloquial,osm
ir-nelson-mandela-boulevard-4,خیابان جردن,colloquial,osm
ir-south-dr-mohamad-mosadegh-st,نفت جنوبی,old,osm
ir-w378388457,بلوار هلال احمر,old,osm
ir-w378388457,خیابان دکتر شهید سیدحسین فاطمی,colloquial,osm
ir-w378388457,خیابان شهید فاطمی,colloquial,osm
ir-vahdat-e-eslami-street-3,شاپور,old,osm
ir-vahdat-e-eslami-street-3,شاهپور,colloquial,osm
ir-besharat-3-alley,کوچه آبیاری,colloquial,osm
ir-w378629443,کوچه بزبند,colloquial,osm
ir-w378666630,حسین مرادی,old,osm
ir-w378719388,۲۰متری ولی عصر,colloquial,osm
ir-w378862969,شهیدمحمدزمان بیکی,colloquial,osm
ir-w378866034,کوی ایثار,colloquial,osm
ir-moallem-14,معلم,colloquial,osm
ir-w379075073,میدان ساعت,colloquial,osm
ir-w379359789,بزرگراه شهید سلیمانی,colloquial,osm
ir-vaziri-st,میدان وزیری,spelling,osm
ir-w379778003,بلوار ساحلی,colloquial,osm
ir-w379779017,امام حسین,colloquial,osm
ir-w379879502,مهارت,colloquial,osm
ir-w379939342,میدان شهرک,colloquial,osm
ir-w379963333,کشتارگاه,colloquial,osm
ir-enqelab-e-eslami-street-5,شاهرضا,old,osm
ir-taleqani-13,تخت جمشید,old,osm
ir-valiasr-street-13,پهلوی,old,osm
ir-valiasr-street-13,مصدق,colloquial,osm
ir-w380241741,سازمان آب,colloquial,osm
ir-w380257228,شهید علی مختاری,colloquial,osm
ir-w380283412,شهید بهرام صفرزاده,colloquial,osm
ir-19th-mehr-bridge,پل ۱۹ مهر,colloquial,osm
ir-w380377833,میدان انقلاب,colloquial,osm
ir-w380542015,بلوار آیت ا.. میرغنی زاده,colloquial,osm
ir-w380882899,حریم راه‌آهن,colloquial,osm
ir-w380882900,حریم راه‌آهن,colloquial,osm
ir-w380914744,نطنج,old,osm
ir-w380927956,طبیعت,colloquial,osm
ir-w380992196,طالقانی,colloquial,osm
ir-jalal-al-ahmad-expressway-5,فرحزاد,old,osm
ir-w381425829,بلوار میعاد,old,osm
ir-w381465352,صیاد,colloquial,osm
ir-w381816023,زایشگاه,old,osm
ir-keshavarz-boulevard-17,بلوار الیزابت دوم,old,osm
ir-north-kargar-street-4,امیرآباد,old,osm
ir-w382257127,عسگرخان,old,osm
ir-w382257127,خیابان شهید محمد خمسه لویی,colloquial,osm
ir-jalil-shahnaz-street,جهان پهلوان تختی,colloquial,osm
ir-w382389764,بلوار زائر,old,osm
ir-dr-shariati-square-2,فلکه تقی آباد,old,osm
ir-dr-shariati-square-3,فلکه تقی آباد,old,osm
ir-w382759594,شهید علی رنجبر,colloquial,osm
ir-amir-kabir-street-5,چراغ برق,old,osm
ir-amir-kabir-street-6,چراغ برق,old,osm
ir-shahid-dr-mofatteh-boulevard-2,سی متری طلاب,colloquial,osm
ir-shahid-dr-mofatteh-boulevard-3,سی متری طلاب,colloquial,osm
ir-w382935013,امام رضا هشتم,colloquial,osm
ir-palestine-square-3,Malek-Abad Square,colloquial,osm
ir-palestine-square-4,Malek-Abad Square,colloquial,osm
ir-ayatollah-ebadi-boulevard-7,خیابان خواجه ربیع,old,osm
ir-shahid-qasem-soleimani-highway-10,جاده آسیایی,colloquial,osm
ir-shahid-qasem-soleimani-highway-11,جاده آسیایی,colloquial,osm
ir-jomhori-eslami-square-2,میدان تلویزیون,colloquial,osm
ir-jomhori-eslami-square-3,میدان تلویزیون,colloquial,osm
ir-hafez-square-5,فلکه گاراژدارها,colloquial,osm
ir-w383941691,بولوار شهید میرزایی,colloquial,osm
ir-w383941692,بولوار شهید میرزایی,colloquial,osm
ir-azodi,آبان جنوبى,old,osm
ir-w384592737,میدان امام هادی,colloquial,osm
ir-w384615458,میدان شهید سلیمانی,colloquial,osm
ir-w384655746,اوج,colloquial,osm
ir-w384661772,سردخانه,spelling,osm
ir-w384661773,ناصربهایی,colloquial,osm
ir-w384791310,میرزایی,spelling,osm
ir-jalal-al-ahmad-expressway-6,فرحزاد,old,osm
ir-hosseini-street,نسترن,colloquial,osm
ir-w384834289,بلوار مریم,colloquial,osm
ir-w384836890,بلوار مرزبان,colloquial,osm
ir-pour-ebtehaj-street-5,خیابان دارآباد,old,osm
ir-shafiei,جمال آباد,old,osm
ir-jamal-abad-martyrs-sq,میدان خیبر,colloquial,osm
ir-jamal-abad-martyrs-sq,میدان شهدای جمال آباد,spelling,osm
ir-w384948702,پل مهرشهر,spelling,osm
ir-ayatollah-ebadi-boulevard-8,خیابان خواجه ربیع,old,osm
ir-w384968522,میدان استقلال,colloquial,osm
ir-saheli,کاج,colloquial,osm
ir-w385398574,مهاباد,colloquial,osm
ir-w385405027,میدان حضرت مهدی,colloquial,osm
ir-w385405381,وحدت شمالی,colloquial,osm
ir-w385422483,بولوار شفا,old,osm
ir-w385422483,بابارجب,colloquial,osm
ir-w385543546,گل مراد,colloquial,osm
ir-w385577461,کوی 5,colloquial,osm
ir-w385789621,خیابان شهید برزگر,colloquial,osm
ir-w385803915,عطار 7,colloquial,osm
ir-w386290919,بلوار آزادی (خیابان اصلی گوهردشت),colloquial,osm
ir-w386293132,شهیده سارا گل شیروانی,colloquial,osm
ir-madani-street-3,نظام آباد,old,osm
ir-w386743606,محمد سرکارگر,colloquial,osm
ir-w386743612,۱۴۲,colloquial,osm
ir-w386748586,یاس شرقی,colloquial,osm
ir-w387125543,سی و هشتم,colloquial,osm
ir-bahonar-20,چهارم غربی,spelling,osm
ir-w387288685,شهید ابوالحسنی,colloquial,osm
ir-emam-khomeini-street-9,خیابان سپه,old,osm
ir-emam-khomeini-street-9,خیابان امام خمینی,spelling,osm
ir-w387318254,سپاس,colloquial,osm
ir-31st-blvd,سی و یکم غربی قریشی,colloquial,osm
ir-persian-gulf-highway-5,بزرگراه خلیج فارس,colloquial,osm
ir-persian-gulf-highway-5,کمربندی جنوبی,colloquial,osm
ir-imam-khomeini-14,بلوار پمپ گاز,colloquial,osm
ir-rah-ahan-square-5,فلکه راه آهن,old,osm
ir-rah-ahan-square-5,فلکه ترمینال,colloquial,osm
ir-w388933327,خیابان هشت متری سوم,colloquial,osm
ir-imam-hossein-street,سواران 25,colloquial,osm
ir-w389150093,نسیم ششم,colloquial,osm
ir-w389150101,طلوع,colloquial,osm
ir-w389151305,نسیم نهم,old,osm
ir-w389151307,طلوع دوم,colloquial,osm
ir-shahid-hajizadeh-boulevard,بلوار کاج,colloquial,osm
ir-shahid-fahimi-street,خیابان شهید فهیمی-توحید 19,colloquial,osm
ir-keivanfar-blvd-2,سی متری کیوانفر,colloquial,osm
ir-w389488472,شاعری,colloquial,osm
ir-w389490928,نورد,colloquial,osm
ir-w389491616,بلوار هفده شهریور,colloquial,osm
ir-tus-bvd-3,توس,colloquial,osm
ir-tus-bvd-4,توس,colloquial,osm
ir-sadeghi-blvd,بولوار سازمان آب,colloquial,osm
ir-shahid-sadeghi-boulevard-2,بولوار سازمان آب,colloquial,osm
ir-jahad-10,خیابان جهاد,colloquial,osm
ir-w389581451,میدان پنجراه,colloquial,osm
ir-w390112169,چهارم,colloquial,osm
ir-w390112170,چهارم,colloquial,osm
ir-ghorbani-st,ملایری,colloquial,osm
ir-ghorbani-st-2,ملایری,colloquial,osm
ir-martyr-ebrahimi-st,ارج,old,osm
ir-martyr-ebrahimi-st-2,ارج,old,osm
ir-hefdah-shahrivar-street-6,شهناز,old,osm
ir-w391706476,بلوار بهاران,colloquial,osm
ir-hadiloo,مصلی,colloquial,osm
ir-w391992737,سپهسالار,colloquial,osm
ir-ghaem-6,قایم,colloquial,osm
ir-w392146161,جاده باغ شهر هفته,colloquial,osm
ir-w392174775,سید حسن نصرالله,colloquial,osm
ir-shahid-gharani-6,دکتر شیخ,old,osm
ir-shahid-gharani-6,طاهری,colloquial,osm
ir-w392412629,درختی,colloquial,osm
ir-w392412660,سبلان,colloquial,osm
ir-shahid-ejarehdar-2,خواجه نظام الملک,old,osm
ir-w393358830,بلوار سردار شهید حاج اکبر خردپیشه شیرازی,colloquial,osm
ir-w393375069,دروازه ری,colloquial,osm
ir-w393375077,روحانی 31,colloquial,osm
ir-atashgah-boulevard-3,صارمیه,colloquial,osm
ir-robat-street-3,رباط ۱,colloquial,osm
ir-mir-fendereski,میر,colloquial,osm
ir-sheikh-fazlollah-nouri-street,ارغوانیه جنوبی,colloquial,osm
ir-davood-golshandoost-3,مسیل باختر,colloquial,osm
ir-beheshti-street-7,شاپور قدیم,colloquial,osm
ir-mohtasham-kashani-street,دقیقی,colloquial,osm
ir-mohtasham-kashani-street-2,دقیقی,old,osm
ir-w394780743,رهنان,colloquial,osm
ir-w394780745,رهنان,colloquial,osm
ir-w394805756,باهنر شمالی,colloquial,osm
ir-w395480428,سیلابی,colloquial,osm
ir-w395621625,فروغ,colloquial,osm
ir-w395788367,ابراهیم آباد,colloquial,osm
ir-khovardin-boulevard-3,بلوار خوردین,colloquial,osm
ir-w396360810,شهید جمشید میرزاده پاریزه,colloquial,osm
ir-shahid-rashid-street-5,Hengam Blvd,old,osm
ir-qods-10,مسیل باختر,old,osm
ir-w396857261,مدرسه موسوی,colloquial,osm
ir-w397020780,بهشتی 7,colloquial,osm
ir-w397472027,شهید نی,old,osm
ir-w397472027,خیابان شهید فاطمی,colloquial,osm
ir-w398042587,بلوار شهید علی آخوندی,colloquial,osm
ir-ayatollah-raisi-street-2,خیابان شهید رجائی,old,osm
ir-ayatollah-raisi-street-2,خیابان خورشید,colloquial,osm
ir-imam-ali-expressway-17,امام علی,colloquial,osm
ir-sadr-expressway-9,بزرگراه دوگل,old,osm
ir-w398347168,میدان معراج,colloquial,osm
ir-w398397870,خیابان چالوس,colloquial,osm
ir-w398398135,خیابان چالوس,colloquial,osm
ir-w398462601,بلوار اندیشه,colloquial,osm
ir-azadi-square-27,سبزه میدان,colloquial,osm
ir-w399098267,همت 17,colloquial,osm
ir-w399098273,همت 13 - گلشن 14,colloquial,osm
ir-w399192248,بزرگراه شاهین دژ - میاندوآب,colloquial,osm
ir-w399412550,امام رضا,colloquial,osm
ir-w399433711,فلکه خروس,colloquial,osm
ir-w399575468,شهید موحدی,colloquial,osm
ir-w399609715,ورزش,colloquial,osm
ir-w399642813,کمربندی محله کهویه,colloquial,osm
ir-w399648445,امامزاده,colloquial,osm
ir-ayatollah-mahdavi-kani-expressway-5,بزرگراه آزادگان,old,osm
ir-tehran-north-freeway,بزرگراه آزادگان,old,osm
ir-ayatollah-mahdavi-kani-expressway-6,بزرگراه آزادگان,old,osm
ir-tehran-north-freeway-2,بزرگراه آزادگان,old,osm
ir-w400244588,خیابان نور,colloquial,osm
ir-w400257060,میدان کاکتوس,colloquial,osm
ir-w400399115,لاله,colloquial,osm
ir-w400460167,بیستون,colloquial,osm
ir-fazilat-street-2,خیابان فضیلت,spelling,osm
ir-w400918357,مرتضی شریفی,colloquial,osm
ir-w400922000,زاینده رود,colloquial,osm
ir-w401140156,لوکوموتیو سازی,colloquial,osm
ir-w401734415,میدان بولود قره چور لو,colloquial,osm
ir-w401783295,آیت الله صدوقی,colloquial,osm
ir-w401797527,آیت الله صدوقی,colloquial,osm
ir-w401832903,مشیری,colloquial,osm
ir-w401909868,جاده پارک معلم,colloquial,osm
ir-w401913775,شهید خسرو رسولی دوه بوینی,colloquial,osm
ir-w402521692,بایگان,colloquial,osm
ir-w403225893,همایون,colloquial,osm
ir-w404132942,سیروس,colloquial,osm
ir-w405266662,کنارگذر فتح,colloquial,osm
ir-shahid-motevaselian-expressway-7,جاده قدیم کرج,old,osm
ir-shahid-motevaselian-expressway-7,بزرگراه فتح,colloquial,osm
ir-ardehal-square,میدان عامریه,colloquial,osm
ir-w405873678,شعبه نفت,colloquial,osm
ir-western-12-farvardin,بلوار ۱۲ فروردین,colloquial,osm
ir-hemmat-street,خیابان عقیل,old,osm
ir-shahid-raeisi-boulevard-3,بلوار بوستان,old,osm
ir-damavand-street-4,خیابان تهران نو,old,osm
ir-damavand-street-4,خیابان دماوند,spelling,osm
ir-javadol-aeme-4,جهرم,colloquial,osm
ir-w406405418,کمربندی چالوس,colloquial,osm
ir-sadr-expressway-10,بزرگراه دوگل,old,osm
ir-azadi-square-28,سبزه میدان,colloquial,osm
ir-ata-ahmadi-blvd,بلوار عطا احمدی,spelling,osm
ir-rajabi-moghadam-sq,میدان جهانگانی,colloquial,osm
ir-rajabi-moghadam-sq,میدان شهید رجبی مقدم,spelling,osm
ir-w406674269,ولیعصر,colloquial,osm
ir-w406681022,جاده پارچین,colloquial,osm
ir-sattar-khan-street-4,خیابان تاج,old,osm
ir-w408021461,بلوار شهید رئیسی,colloquial,osm
ir-barajin-road,جاده باراجین,spelling,osm
ir-w408725115,بلوار ابوترابی,colloquial,osm
ir-w408860261,میدان گز,colloquial,osm
ir-qoddusi-street-2,خیابان قصر,old,osm
ir-qoddusi-street-2,عباس آباد,colloquial,osm
ir-w409236772,کنار گذر پاسداران,colloquial,osm
ir-taheri-3,شهید قرنی ۶,colloquial,osm
ir-w410097665,شصت و چهارم,colloquial,osm
ir-w410335288,شاکر ۱۰,colloquial,osm
ir-vahdat-street-4,کمربندی,old,osm
ir-mahdavi-zafarghandi-brothers-st-3,۱۹۶ غربی,old,osm
ir-mahdavi-zafarghandi-brothers-st-4,۱۹۶ غربی,old,osm
ir-w410888085,برق فشار قوی,colloquial,osm
ir-w410888086,درویشیه,colloquial,osm
ir-west-22th-bahman-street-2,فرحبخش غربی,colloquial,osm
ir-w413068477,سرچاه قدیم,colloquial,osm
ir-w413306765,شهید آقا بزرگ رضا پور,colloquial,osm
ir-w414093006,خیابان بهداشت,colloquial,osm
ir-w414656230,اشرفی,colloquial,osm
ir-shahriyar-4,میدان شهریار,spelling,osm
ir-w415542685,دانشسرا,colloquial,osm
ir-eskandari-shomali,اردشیر بابکان,old,osm
ir-w416322475,کامرانیه,old,osm
ir-w416458181,میدان شهید عوضزاده,colloquial,osm
ir-major-general-martyr-mirjafar-seyyed-fatemi-st,خیابان شهید سیدفاطمی,colloquial,osm
ir-hatami,خیابان شهید حاتمی,colloquial,osm
ir-w416529541,میدان لک لک,colloquial,osm
ir-w416631628,امام حسین ۱۱,colloquial,osm
ir-w417501630,۱۲ متری ناصر رحیمی,colloquial,osm
ir-w417504433,شهید رسول حیدری,colloquial,osm
ir-w418301939,فاطمیه,colloquial,osm
ir-w418515826,درختی,old,osm
ir-w419818210,دهم دشت مزار,colloquial,osm
ir-w420020412,میدان ابومسلم خراسانی,colloquial,osm
ir-beheshti-22,خیابان قزوین,old,osm
ir-beheshti-22,قزوین,colloquial,osm
ir-w420510848,گلستان,colloquial,osm
ir-martyr-ayyub-ma-adi-st,خیابان شهید معادی,colloquial,osm
ir-9th-parking,گذر شهید محمد رضا آسترکی,colloquial,osm
ir-8th-parking,گذر شهید آیت الله غفاری,colloquial,osm
ir-w421481358,شقایق,colloquial,osm
ir-w421746682,خیابان ۶۰ متری,colloquial,osm
ir-w421749419,خیابان مسکن مهر,colloquial,osm
ir-w421750093,شهید محفوظی,colloquial,osm
ir-w421837509,طالقانی,spelling,osm
ir-w421837521,پانزده خرداد,colloquial,osm
ir-w421847806,زرناسی,colloquial,osm
ir-w421930681,میدان هواشناسی,colloquial,osm
ir-w422023316,نهر فیروزآباد,old,osm
ir-w422023316,فیروزآباد,colloquial,osm
ir-w422139206,آیت الله نائینی,colloquial,osm
ir-shahid-najafi-rastegar-exp,بزرگراه نجفی رستگار,spelling,osm
ir-shariati-street-8,خیابان شمیران,old,osm
ir-shariati-street-9,خیابان شمیران,old,osm
ir-tohid-9,کندی,old,osm
ir-malek-ashtar-2,آریانا,old,osm
ir-martyr-mahmoud-arab-bafrani-st,شهید عرب,colloquial,osm
ir-w422838714,زمزم,old,osm
ir-w422838714,رضایی,colloquial,osm
ir-w422897896,ابوریحان,colloquial,osm
ir-w423321069,فرهنگ,old,osm
ir-w423491883,میدان شهید باغبان زاده,colloquial,osm
ir-w423534050,پزشک,colloquial,osm
ir-w424499818,کوی شیرین,colloquial,osm
ir-nahidi-boulevard-3,بلوار جشنواره,colloquial,osm
ir-w424851635,بولوار شهید صیاد شیرازی,colloquial,osm
ir-enqelab-eslami-street,مشیر فاطمی,old,osm
ir-w425188554,فلکه موشکی,colloquial,osm
ir-haraz-road-2,Abali Road,colloquial,osm
ir-ghahramanan-boulevard-3,بلوار قهرمانان,colloquial,osm
ir-shiraz-ring-8,کمربندی شیراز1,spelling,osm
ir-w425702625,Gholestan,spelling,osm
ir-mother-sq,میدان مادر,spelling,osm
ir-w426180734,گلشن شرقی,colloquial,osm
ir-w426199184,وشمگیر,spelling,osm
ir-w426538489,بلوار معلم,colloquial,osm
ir-madani-street-4,نظام آباد,old,osm
ir-madani-street-5,نظام آباد,old,osm
ir-w426921851,امام زاده غربی,spelling,osm
ir-piroozi-street-4,فرح آباد,old,osm
ir-w427180526,بهار,colloquial,osm
ir-bahonar-street-9,خیابان نیاوران,old,osm
ir-panzdahe-khordad,بوذرجمهری,old,osm
ir-w427323583,جوان,colloquial,osm
ir-w427323587,میدان هسا,colloquial,osm
ir-w427323588,پدافند هوایی,colloquial,osm
ir-abooreyhan-birooni-2,مادی شاه پسند,colloquial,osm
ir-w427326005,شهید کمالی,colloquial,osm
ir-w427326006,سردار کمالی,colloquial,osm
ir-w427326007,سردار کمالی,colloquial,osm
ir-w427338724,کوی ۲۰ متری نفت,colloquial,osm
ir-w427340678,شیخ صدوق,colloquial,osm
ir-payambar-azam-boulevard,شهید ترابی,colloquial,osm
ir-hefdah-shahrivar-street-7,شهنناز,old,osm
ir-w428268805,میدان کندو,colloquial,osm
ir-w428270927,امام رضا,colloquial,osm
ir-emam-hassan-mojtaba-square-2,میدان لاله,old,osm
ir-hafte-tir-square-2,روزولت,old,osm
ir-niayesh-boulevard,کوشک بی بی چه,old,osm
ir-talaeiyeh-boulevard-3,بلوار طلائیه,colloquial,osm
ir-hadi-chupan-boulevard,بلوار طلائیه,colloquial,osm
ir-hadi-chupan-boulevard-2,بلوار طلائیه,colloquial,osm
ir-w429526683,جاده قدیم قره چمن,colloquial,osm
ir-w429596061,بلوار فرزانگان,colloquial,osm
ir-honardar-blvd,بلوار هنردار,colloquial,osm
ir-w429907413,میدان امام خمینی,colloquial,osm
ir-w430003486,ولیعصر,colloquial,osm
ir-w430006885,فردوس,colloquial,osm
ir-emam-khomeini-street-10,خیابان امام خمینی,spelling,osm
ir-w430267923,بلوار ولایت,colloquial,osm
ir-niroo-havaei,شهدای نیرو هوایی,colloquial,osm
ir-w430819933,بلوار ولایت,colloquial,osm
ir-beheshti-street-8,خیابان بهشتی,spelling,osm
ir-w431112487,بلوار طاها میرزاده,colloquial,osm
ir-w431188185,هجده متری اطلس,colloquial,osm
ir-w431576778,فلکه ساعت,colloquial,osm
ir-w432304305,خیابان اتوبوسرانی,colloquial,osm
ir-w432316744,خیابان عیدی پور سرخابی,colloquial,osm
ir-w432696561,۱۷ شهریور,colloquial,osm
ir-emam-khomeini-boulevard-14,امام,colloquial,osm
ir-w432735625,مدرس 10,colloquial,osm
ir-w432850318,میدان اصفهانی ها,colloquial,osm
ir-w433012376,پیروزی 17,old,osm
ir-w433770345,دکتر زرینکوب,colloquial,osm
ir-w434346737,کوی بهشت,colloquial,osm
ir-emam-khomeini-street-11,خیابان امام خمینی,spelling,osm
ir-taheri-4,دکتر شیخ,old,osm
ir-taheri-4,شهید قرنی ۶,colloquial,osm
ir-taheri-5,شهید قرنی ۶,colloquial,osm
ir-w435523392,بزرگراه سیراف,colloquial,osm
ir-w435790288,بوعلی سینا,old,osm
ir-north-roudaki-2,سلسبیل,old,osm
ir-ardabil-st,نیایش غربی,colloquial,osm
ir-havaniruz-boulevard,بلوار صدرا,old,osm
ir-hasan-yazdani-2,بلوار صدرا,old,osm
ir-azerbaijan-square-3,میدان مدافعان حرم,colloquial,osm
ir-taravat-street,بیست متری اول,colloquial,osm
ir-raeisi-expressway-7,انوشیروان دادگر,old,osm
ir-raeisi-expressway-7,بزرگراه بعثت,colloquial,osm
ir-raeisi-expressway-8,انوشیروان دادگر,old,osm
ir-raeisi-expressway-8,بزرگراه بعثت,colloquial,osm
ir-raeisi-expressway-9,انوشیروان دادگر,old,osm
ir-raeisi-expressway-9,بزرگراه بعثت,colloquial,osm
ir-w437094343,ولیعصر,colloquial,osm
ir-3rd-sarakhs,سرخس ۳,colloquial,osm
ir-w437461350,Shahid Quasi Street,spelling,osm
ir-jomhouri-eslami-square-2,میدان جمهوری اسلامی,colloquial,osm
ir-imam-kazem-boulevard,بلوار امام کاطم,spelling,osm
ir-houshang-anvarzadeh-st,خواجوی کرمانی,old,osm
ir-khavaran-5,بزرگراه خاوران,colloquial,osm
ir-khavaran-6,بزرگراه خاوران,colloquial,osm
ir-ahmad-babaei-street,مدائن,old,osm
ir-ahmad-babaei-street,بازار دوم,colloquial,osm
ir-south-maharlu-street,شهریار پناه ۱,colloquial,osm
ir-shahid-hosseini,آیری کوچه,old,osm
ir-seyyed-ali-rute-4,خیابان استخر,colloquial,osm
ir-hashemi-rafsanjani-expressway-9,بزرگراه نیایش,colloquial,osm
ir-w438548684,بیست و چهار متری,old,osm
ir-zarenejad-alley,تختی ۷,colloquial,osm
ir-w439002614,سید جمال الدین اسد آبادی,colloquial,osm
ir-yousef-kolahdooz,خیابان دولت,old,osm
ir-w439848499,نیاوران,colloquial,osm
ir-imam-ali-expressway-19,امام علی,colloquial,osm
ir-madani-street-6,نظام آباد,old,osm
ir-madani-street-7,نظام آباد,old,osm
ir-madani-street-8,نظام آباد,old,osm
ir-w439930261,بلوار امام علی,colloquial,osm
ir-rajaei-local-lane,کنارگذر جاده قدیم تهران - قم,colloquial,osm
ir-w440209313,میدان کتاب,colloquial,osm
ir-sumac-boulevard,بلوار ابن سینا,colloquial,osm
ir-zeynali-boulevard-3,بلوار کاج,colloquial,osm
ir-22-bahman-boulevard-9,بلوار ۲۲ بهمن,spelling,osm
ir-karaj-bileghan-3,بلوار جهان پهلوان ابراهیم جوادی - خط ۴ حصار,colloquial,osm
ir-w440857244,شهید محمد اعظم,colloquial,osm
ir-emam-khomeini-street-12,خیابان امام خمینی,spelling,osm
ir-w441121411,مسکن مهر,colloquial,osm
ir-w441750176,میرزای شیرازی شرقی,old,osm
ir-w441750176,میرزا کوچک خان جنگلی,colloquial,osm
ir-w441750179,میرزای شیرازی شرقی,old,osm
ir-w441750179,میرزا کوچک خان جنگلی,colloquial,osm
ir-w441768713,پاداد ۱۰,colloquial,osm
ir-w441779667,بلوار فرودگاه - بلوار شهید عارف کایدخورده,colloquial,osm
ir-east-mokri,پارسا شرقی,colloquial,osm
ir-w442121892,بلوار مدرس,colloquial,osm
ir-qods-avenue,خیابان غزه,colloquial,osm
ir-nastaran-street-2,هزار ۱۴,colloquial,osm
ir-lashgari-expressway-4,جاده مخصوص کرج,old,osm
ir-lashgari-expressway-5,جاده مخصوص کرج,old,osm
ir-w442964765,صداقت ۲۱,colloquial,osm
ir-w442995672,شهید کنعانی,colloquial,osm
ir-khorramshahr-blvd-2,بلوار خرمشهر,spelling,osm
ir-w443151374,خیابان همایون,colloquial,osm
ir-reza-emami-2,امیریه شمالی,old,osm
ir-w443189842,جاده شهرک فرهنگیان,colloquial,osm
ir-w443417791,بلوار دانشگاه,colloquial,osm
ir-w443532272,شهید نادری,colloquial,osm
ir-w443566282,بلوار شهید عبدالله کریمی,colloquial,osm
ir-shahid-dadman-boulevard-2,بلوار پونک باختری,old,osm
ir-taravat-street-2,بیست متری اول,colloquial,osm
ir-w443984993,خیابان استاد شاهی,colloquial,osm
ir-w444070888,میدان نفت,colloquial,osm
ir-w444328055,میدان نیکخواه,colloquial,osm
ir-w444328056,بلوار پرورش,colloquial,osm
ir-mahmud-abad-bridge,پل شهید امرایی,colloquial,osm
ir-w444714822,میدان شاهد,colloquial,osm
ir-rajaei-boulevard-3,فرهنگ شهر,colloquial,osm
ir-khorram-abad-boulevard,بلوار خرم‌آباد,spelling,osm
ir-aramesh-square,میدان آرامش,spelling,osm
ir-nahavand-blvd,بلوار نهاوند,spelling,osm
ir-w445129756,بلوار بعثت,colloquial,osm
ir-w445271537,موسوی فرد,colloquial,osm
ir-w445287860,بلوار احمد بیگداشتی فرهنگیان فاز 2,colloquial,osm
ir-w445287860,بلوار فرهنگیان فاز دو,colloquial,osm
ir-shushtar-dezful-road,جاده دزفول ، شوشتر,colloquial,osm
ir-w445859302,بالاگذر فتح المبین (یعقوب لیث),colloquial,osm
ir-w445864487,عبدالحمید صالح نژاد,colloquial,osm
ir-4-3,گلستان ۲,old,osm
ir-w446070354,گلستان ۴,old,osm
ir-w446192519,گذر فرخ,old,osm
ir-taghbostan-blvd-2,بلوار تاق وه سان,colloquial,osm
ir-w446846720,رضوان مدنی,colloquial,osm
ir-imam-khomeni-street-3,خیابان امام خمینی,spelling,osm
ir-bayat-street,شیان,colloquial,osm
ir-w447364448,فرشچیان,colloquial,osm
ir-olympic-village-boulevard-2,استادیوم آزادی,old,osm
ir-east-hor-street,فلسطین 10,spelling,osm
ir-saniolmolk-street,باغ مهتابی,colloquial,osm
ir-saniolmolk-street,کتابچی,spelling,osm
ir-abshenasan-expressway-2,بزرگراه ایرانپارس,old,osm
ir-shahid-kabiri-tameh-blvd-2,شاهین شمالی,old,osm
ir-shahid-kabiri-tameh-blvd-2,بلوار شهید کبیری طامه,spelling,osm
ir-w447781337,خیابان شهید علی اصغر شاه حمزه,colloquial,osm
ir-qaznavi-street,اندیشه ۲۳,colloquial,osm
ir-qaznavi-street,خیابان دکتر غزنوی,colloquial,osm
ir-w448055044,خیابان گوهری,colloquial,osm
ir-somayye-2,ثریا,old,osm
ir-w448213029,انقلاب اسلامی,colloquial,osm
ir-w448285857,فلکه ولیعهد ، درشکه خانه,old,osm
ir-w448314279,کوی امام خمینی,colloquial,osm
ir-w448437414,شالچی,colloquial,osm
ir-w448820039,خیابان شهیاد,old,osm
ir-w448833750,میدان شهرداری,colloquial,osm
ir-shariati-street-11,خیابان شمیران,old,osm
ir-w449046122,انوشه,colloquial,osm
ir-w449069422,ایران زمین جنوبی,colloquial,osm
ir-w449814467,سرو,colloquial,osm
ir-zamzam-2,زمزم,old,osm
ir-zamzam-2,رضایی,colloquial,osm
ir-w450131155,کوهسار,colloquial,osm
ir-shahid-soleimani-3,پاسداران,colloquial,osm
ir-w450665573,خیابان شهناز,old,osm
ir-w450665575,کوی دولتشاه,old,osm
ir-mahan-3,ماهان,old,osm
ir-w451301949,کوچه دوازدهم,colloquial,osm
ir-esteqlal-boulevard-2,هنگ آموزشی,old,osm
ir-asrar-square,میدان شیرها,colloquial,osm
ir-damavand-street-5,خیابان تهران نو,old,osm
ir-damavand-street-5,خیابان دماوند,spelling,osm
ir-pasdaran-boulevard-17,کوثر,colloquial,osm
ir-esteqlal-boulevard-3,هنگ آموزشی,old,osm
ir-cheraghi-highway-3,جوانه,colloquial,osm
ir-w452008558,الغدیر,old,osm
ir-w452030734,درمانگاه,colloquial,osm
ir-w452072864,۱۶ متری طالقانی,colloquial,osm
ir-sadr-expressway-11,بزرگراه دوگل,old,osm
ir-langari-2,خیابان اقدسیه,colloquial,osm
ir-w453495497,بلوار ایثار جنوبی,old,osm
ir-shahid-soleimani-4,پاسداران,colloquial,osm
ir-w453579552,میدان ولی عصر,colloquial,osm
ir-w453579552,میدان استاد محمد بهمن بیگی,colloquial,osm
ir-vokala,همت شمالی,old,osm
ir-jomhouri-square,فاکه کیاشهر,colloquial,osm
ir-ghanbarzadeh-st,آهنچی,old,osm
ir-qadir-2,آنتربوس; اینترپوز,colloquial,osm
ir-w454538247,کوی کوثر,colloquial,osm
ir-felestin-square-7,میدان البرز,old,osm
ir-western-saheb-al-amr,درکی,old,osm
ir-beheshti-23,خیابان عباس آباد,old,osm
ir-beheshti-23,عباس آباد,colloquial,osm
ir-ostad-rahim-jedi,مقداد,colloquial,osm
ir-north-sohrevardi-ave,فرح شمالی,old,osm
ir-shadabad-martyrs-square,میدان مهر,colloquial,osm
ir-shadabad-martyrs-square,میدان شهدای شادآباد,spelling,osm
ir-w456201384,جانباز ۱,colloquial,osm
ir-w456215639,۱۵ متری اول,colloquial,osm
ir-abd-ol-rahimi-2,نورد,colloquial,osm
ir-enqelab-e-eslami-street-6,شاهرضا,old,osm
ir-valiasr-street-15,پهلوی,old,osm
ir-valiasr-street-15,ولیعصر,colloquial,osm
ir-valiasr-street-15,مصدق,colloquial,osm
ir-enqelab-e-eslami-street-7,شاهرضا,old,osm
ir-w456615215,کوی اباذر,colloquial,osm
ir-w457040855,میدان کارگر,colloquial,osm
ir-w457228078,بوستان ۱۱,colloquial,osm
ir-shemshad-1,نیلوفر یازده,colloquial,osm
ir-w457687294,محسنی وطنی,colloquial,osm
ir-mirzakhani,هفده ام غربی,colloquial,osm
ir-shahpour-abdi-boulevard,بلوار گلستان چهارم,colloquial,osm
ir-w458090450,میدان شهدا,colloquial,osm
ir-w458090459,بهارستان چهارم,colloquial,osm
ir-w458091521,میدان قهرمان ممی نژاد,colloquial,osm
ir-w458096865,بلوار جانبازان,colloquial,osm
ir-w458096866,بلوار جانبازان,colloquial,osm
ir-w458309882,۱۰ متری اول,old,osm
ir-w458309883,۱۴ متری,colloquial,osm
ir-w458348329,غلامی,colloquial,osm
ir-w458432301,جانبازان,colloquial,osm
ir-w458446817,شهید سواری,colloquial,osm
ir-w458466450,میدان تلوری علیا,colloquial,osm
ir-qasem-soleimani-3,فرهنگیان,colloquial,osm
ir-w458502273,۲۵متری پارک ملت,colloquial,osm
ir-w458511660,گلها,colloquial,osm
ir-arg-square-2,میدان آقاضیاء الدین,colloquial,osm
ir-w458754947,بیست و چهار متری بهار,old,osm
ir-w458850239,کوچه شهید اسدی,colloquial,osm
ir-w459172916,مسکن مهر,colloquial,osm
ir-shahid-asghari,گوچه زرگر ها,old,osm
ir-north-sohrevardi-avenue,فرح شمالی,old,osm
ir-dast-gheyb,شهید سید خلیل دستغیب,colloquial,osm
ir-w459778399,یاس,colloquial,osm
ir-w459792627,بلوار چهارباغ,colloquial,osm
ir-w459891981,بلوار سردار شهید سلیمانی,colloquial,osm
ir-taleghani-sq,میدان طالقانی,spelling,osm
ir-ganaveh-deylam-highway,بزرگراه بندر گناوه - بندر دیلم,spelling,osm
ir-w460139152,بلوار ابریشم,colloquial,osm
ir-hossein-abad-15,راه آهن,colloquial,osm
ir-nikoo-amal-blvd-2,اردیبهشت,colloquial,osm
ir-nikoo-amal-blvd-2,بلوار شهید نیکو عمل,spelling,osm
ir-nikoo-amal-blvd-2,افسریه چهارم,colloquial,osm
ir-tohid-11,کندی,old,osm
ir-w460577451,کارگر,colloquial,osm
ir-w460621058,شهدای ۱۲ محرم,colloquial,osm
ir-w460746124,هشت متری مجد,colloquial,osm
ir-lashgari-expressway-6,جاده مخصوص کرج,old,osm
ir-shohadaye-farhangi-square,میدان راه آهن,colloquial,osm
ir-alghadir-sq,میدان الغدیر,spelling,osm
ir-police-street,جاده قدیم قاسم آباد,colloquial,osm
ir-emam-ali-boulevard-5,بلوار امام علی,colloquial,osm
ir-andishe-chamran-2-mofatteh-5,حافظ,old,osm
ir-gareni-street,خیابان قره نی,spelling,osm
ir-w461397480,استقلال,old,osm
ir-w461443344,میدان امام رضا,colloquial,osm
ir-w461630464,هشت متری سلمان,colloquial,osm
ir-seyyedo-shohada-3,شن کش,colloquial,osm
ir-w461669431,صبا,colloquial,osm
ir-w461670690,شهید محمد حسن,colloquial,osm
ir-lashgari-expressway-7,جاده مخصوص کرج,old,osm
ir-lashgari-expressway-8,جاده مخصوص کرج,old,osm
ir-lashgari-expressway-9,جاده مخصوص کرج,old,osm
ir-w461738559,کوچه شهید محسن شاداب,colloquial,osm
ir-w461887504,ساری کنار,colloquial,osm
ir-north-mofateh-street,روزولت,old,osm
ir-hefdah-shahrivar-street-8,شهنناز,old,osm
ir-shariati-street-12,خیابان شمیران,old,osm
ir-mirzapour-st,سهیل,old,osm
ir-eshghyar-street,نیلوفر,old,osm
ir-fadaeiyan-eslam-11,رزم آرا,old,osm
ir-fadaeiyan-eslam-11,فدائیان اسلام,colloquial,osm
ir-w462529868,میدان شهدای دلازیان,colloquial,osm
ir-w462655957,میدان مسکن,old,osm
ir-56th-golestan,کندور,spelling,osm
ir-w463113656,وحدت,colloquial,osm
ir-imam-khomeini-expressway-12,پل شهیدان امینی,colloquial,osm
ir-ghahramanan-boulevard-4,بلوار قهرمانان,colloquial,osm
ir-ghahramanan-boulevard-5,بلوار قهرمانان,colloquial,osm
ir-ghahramanan-boulevard-6,بلوار قهرمانان,colloquial,osm
ir-w463467292,شهید قاسم سلیمانی,colloquial,osm
ir-w463475534,خیابان رشید یاسمی,old,osm
ir-w463475534,خیابان رشیدی,colloquial,osm
ir-w463621350,میدان شهید پورشریفی,colloquial,osm
ir-w463664503,افسریه,old,osm
ir-w463730368,شهید استکی,colloquial,osm
ir-w463744328,بهمن ۳,colloquial,osm
ir-18-3,تیمور,colloquial,osm
ir-arabali,نوبخت,old,osm
ir-w464110814,شهیدان محمدزاده,colloquial,osm
ir-w464193268,بزرگراه سردار حسین رضایی,colloquial,osm
ir-w464477174,Nabati,colloquial,osm
ir-soleymani-boulevard-2,جاده ملارد,old,osm
ir-soleymani-boulevard-2,بلوار آزادگان,colloquial,osm
ir-w464562441,بلوار سرچشمه ها,colloquial,osm
ir-dr-fatemi-st-2,آریامهر,old,osm
ir-dr-fatemi-st-2,خیابان شهید فاطمی,colloquial,osm
ir-azadi-street-11,خیابان آیزنهاور,old,osm
ir-azadi-street-11,خیابان آزادی,spelling,osm
ir-w464888502,امام خمینی ۲۰,colloquial,osm
ir-w464939001,روگذر افسران,colloquial,osm
ir-w465369405,شیشه و گاز,colloquial,osm
ir-7th-tir-street,بیست متری سینما سعدی,old,osm
ir-16-4,شمشاد دوم,colloquial,osm
ir-w465837320,ابرکوه - سور مق,colloquial,osm
ir-deh-haghi-aahang-2,آهنگ,colloquial,osm
ir-salehi-street,خیابان شهید محمدتقی صالحی,colloquial,osm
ir-azar-street,ابوذر,colloquial,osm
ir-w466687728,بزرگراه شهید سهراب نوروزی,colloquial,osm
ir-w466747322,امام رضا 17,colloquial,osm
ir-w466980654,گلها,colloquial,osm
ir-kosar-street-2,خیابان کوثر,spelling,osm
ir-dastgheib-street,خیابان دستغیب,spelling,osm
ir-w467092341,کوشا,colloquial,osm
ir-shohadaye-jahad-square,میدان سروستان,colloquial,osm
ir-w468050256,میدان محمود مومنی,colloquial,osm
ir-east-hasht-behesht,امام زاده شاه زید,colloquial,osm
ir-w468618160,نفیس,colloquial,osm
ir-mosalla-street,آب ۲۵۰,colloquial,osm
ir-w468767881,محمود ابدی,colloquial,osm
ir-w468767883,محمود ابدی,colloquial,osm
ir-mehdi-shahabadi-2,دهم فروردین,colloquial,osm
ir-mehdi-shahabadi-2,بلوار دهم فروردین,colloquial,osm
ir-w469426648,نیلچیان,spelling,osm
ir-valiasr-street-17,پهلوی,old,osm
ir-ghadyani,مظاهر,old,osm
ir-etemad-zadeh-square,میدان اعتماد زاده,spelling,osm
ir-w472634479,شیشه و گاز,old,osm
ir-w472634479,جنرال استیل,colloquial,osm
ir-shahid-motevaselian-expressway-8,جاده قدیم کرج,old,osm
ir-shahid-motevaselian-expressway-8,بزرگراه فتح,colloquial,osm
ir-western-12-farvardin-2,بلوار ۱۲ فروردین,colloquial,osm
ir-w472869441,میدان دی,old,osm
ir-w472869441,میدان آریا,colloquial,osm
ir-w473058778,نخل ۴,colloquial,osm
ir-w473283261,اسلامی,colloquial,osm
ir-w473283261,دوازده متری,spelling,osm
ir-baboldasht-2,رضا عباسی,colloquial,osm
ir-w473536302,انبار نفت,colloquial,osm
ir-w474431761,کنارگذر فتح,colloquial,osm
ir-w475238379,۲۰متری ولی عصر,colloquial,osm
ir-valiasr-street-18,پهلوی,old,osm
ir-azadi-street-12,خیابان آیزنهاور,old,osm
ir-azadi-street-12,خیابان آزادی,spelling,osm
ir-yousef-kolahdooz-2,خیابان دولت,old,osm
ir-w475503972,بلوار هنر,colloquial,osm
ir-mostafa-khomeini-4,سیروس,old,osm
ir-jahanbakhsh-nejad-2,نارنجستان هفتم,old,osm
ir-raeisi-expressway-10,انوشیروان دادگر,old,osm
ir-raeisi-expressway-10,بزرگراه بعثت,colloquial,osm
ir-artesh-expressway,بلوار لشکرک,old,osm
ir-barjoeyan,باقوشخانه,colloquial,osm
ir-w476942669,بلوار خلیج فارس,spelling,osm
ir-khavaran-7,بزرگراه خاوران,colloquial,osm
ir-yousef-kolahdooz-3,خیابان دولت,old,osm
ir-w477330973,حسین زاده,colloquial,osm
ir-w478059351,بیست متری اول,colloquial,osm
ir-w478059353,بیست متری اول,colloquial,osm
ir-azizi-st,غلامرضا خان عزیزی,colloquial,osm
ir-soroush-2,یکم دریان نو,old,osm
ir-qarani-street-2,خیابان قرنی,spelling,osm
ir-mostafa-khomeini-blvd-2,شهاب,old,osm
ir-mostafa-khomeini-blvd-2,بلوار شهید مصطفی خمینی,spelling,osm
ir-mostafa-khomeini-blvd-3,شهاب,old,osm
ir-mostafa-khomeini-blvd-3,بلوار شهید مصطفی خمینی,spelling,osm
ir-qarani-street-3,خیابان قرنی,spelling,osm
ir-motahari-junction,چهارراه احمدی,old,osm
ir-mostafa-khomeini-blvd-4,شهاب,old,osm
ir-mostafa-khomeini-blvd-4,بلوار مصطفی خمینی,spelling,osm
ir-w478682295,طالقانی,colloquial,osm
ir-w479220827,مفتح,colloquial,osm
ir-w479481700,چیذر,colloquial,osm
ir-shakib-2,گلزار,colloquial,osm
ir-w479931394,شهید سعیدی زاده,colloquial,osm
ir-eastern-sheykh-tosi,۲۴ متری دوم,colloquial,osm
ir-w480091109,دیانت پور,colloquial,osm
ir-w480091131,میدان گلدره,colloquial,osm
ir-w480091248,محراب,colloquial,osm
ir-ghaedi,خیابان هدایت,old,osm
ir-ghaedi,هدایت,colloquial,osm
ir-ayatollah-kashani-boulevard-2,گلسرخی شمالی,old,osm
ir-northern-hafez-2,حافظ,colloquial,osm
ir-south-hafez-2,حافظ,colloquial,osm
ir-haqshenas-boulevard,شهریاری,colloquial,osm
ir-islamic-republic-square,دروازه تهران,colloquial,osm
ir-ahmad-abad-squre,فلکه احمدآباد,colloquial,osm
ir-w480967747,رجایی,colloquial,osm
ir-w481008148,معراج ۴۸,colloquial,osm
ir-shahid-vahid-soleimani,وحید شهید سلیمانی,colloquial,osm
ir-shahid-vahid-soleimani,وحید شهید,colloquial,osm
ir-allameh-bahr-al-alum-boulevard,بلوار اوستا,old,osm
ir-karvane-shohada,اداره برقگ,colloquial,osm
ir-shahid-soleymani-boulevard-2,جاده ملارد,old,osm
ir-33rd-street,یازدهم قدیم,old,osm
ir-w481171067,فلکه پنجم,colloquial,osm
ir-28th-golestan,اسکندی,colloquial,osm
ir-w481172529,گلستان ۱۴,old,osm
ir-w481172529,ارشاد,colloquial,osm
ir-w481404518,دویست و دوازده شرقی,colloquial,osm
ir-kashani-avenue,خیابان یکطرفه,colloquial,osm
ir-shahid-sa-adati-boulevard,دانشگاه جنوبی,old,osm
ir-shahid-sa-adati-boulevard,مدرس جنوبی,colloquial,osm
ir-w481995975,دکتر بهشتی,colloquial,osm
ir-w482232675,بلوار چالدران,colloquial,osm
ir-shariati-street-13,خیابان شمیران,old,osm
ir-soleymani-boulevard-3,جاده ملارد,old,osm
ir-w482781395,میدان الف,colloquial,osm
ir-shahid-soleimani-expressway-10,بزرگراه رسالت,old,osm
ir-shahid-soleimani-expressway-11,بزرگراه رسالت,old,osm
ir-arvand-st,کیان‌آباد,colloquial,osm
ir-w483091889,خیابان شهید بایزیدی,colloquial,osm
ir-w483207736,کوزه گری,colloquial,osm
ir-shohadaye-mena,سلسبیل,old,osm
ir-shohadaye-mena,رودکی شمالی,colloquial,osm
ir-w483426522,کنارگذر بلوار توس,colloquial,osm
ir-mahram-street,مدبر,old,osm
ir-shakoori-st,اسفندیاری,colloquial,osm
ir-shakoori-st,محمدرضا شکوری,spelling,osm
ir-w484321441,خیابان نهر فیروزآباد,old,osm
ir-shahid-soleimani-expressway-12,بزرگراه رسالت,old,osm
ir-w484574440,جاده مشهد - طرقبه,colloquial,osm
ir-w484650163,فلکه سرداران,spelling,osm
ir-shahid-khazri,مسیل باختر,old,osm
ir-w484858617,بلوار ولایت,colloquial,osm
ir-w484876884,قیصریه,colloquial,osm
ir-w484879159,بلوار شهید فراست,spelling,osm
ir-w484881445,۲۴متری مسجد علی ابن ابیطالب,spelling,osm
ir-lakan-boulevard,بلوار لاکان,colloquial,osm
ir-w485048997,میدان طاووس,colloquial,osm
ir-w485232071,خاتم 5,colloquial,osm
ir-w485312344,جرجانی,colloquial,osm
ir-jomhuriye-eslami-street-4,شاه,old,osm
ir-w485478199,شهید بی غم,colloquial,osm
ir-jomhuriye-eslami-street-5,شاه,old,osm
ir-w485625781,فرهنگ شرقي,colloquial,osm
ir-w485625782,فرهنگ غربي,colloquial,osm
ir-artesh-expressway-2,بلوار لشکرک,old,osm
ir-tohid-13,کندی,old,osm
ir-azadi-street-13,خیابان آیزنهاور,old,osm
ir-azadi-street-13,خیابان آزادی,spelling,osm
ir-w485903880,میدان خزر,colloquial,osm
ir-w485928171,جاده امیرکبیر,colloquial,osm
ir-w486144016,خیابان ششم بهمن,colloquial,osm
ir-w486344319,نشاط,old,osm
ir-w486555974,شمس تبریزی,colloquial,osm
ir-moosa-namjoo-st,گرگان,old,osm
ir-w487670679,بلوار حیدری,spelling,osm
ir-w487776237,بلوار ایثار جنوبی,old,osm
ir-w488123261,میدان فلسطین,colloquial,osm
ir-golestan-boulevard-7,کوهسار,old,osm
ir-imam-khomeini-boulevard-44,شهید سلیمانی,colloquial,osm
ir-imam-khomeini-boulevard-45,شهید سلیمانی,colloquial,osm
ir-rezai-shahid,قدغون,old,osm
ir-w489665450,امیرکبیر,colloquial,osm
ir-w489742572,نارمک,old,osm
ir-w489742573,نارمک,old,osm
ir-w489742575,دکتر آیت,colloquial,osm
ir-north-ayatollah-taleghani-blvd-4,بلوار کوروش,old,osm
ir-north-ayatollah-taleghani-blvd-4,بلوار آیت‌الله طالقانی شمالی,spelling,osm
ir-ferdowsi-square-13,میدان فردوسی,spelling,osm
ir-w490845835,کنارگذر شهید همدانی,colloquial,osm
ir-martyr-haji-babaei-boulevard-2,بلوار بدیع الزمان همدانی,old,osm
ir-martyr-haji-babaei-boulevard-2,بلوار شهید حاجی بابایی,colloquial,osm
ir-w490848017,تقاطع غیرهمسطح سردار همدانی,colloquial,osm
ir-w490848017,پل شهید همدانی,colloquial,osm
ir-w490849230,میدان استاد یاور همدانی,colloquial,osm
ir-w490853675,تقاطع غیرهمسطح سردار شهید حسن صوفی,colloquial,osm
ir-w491133080,میصیر قهوه سی,colloquial,osm
ir-w491260778,میدان بهجت,colloquial,osm
ir-w491326176,مریم,spelling,osm
ir-eskandari-2,راه پیما,old,osm
ir-w491627392,ارس,colloquial,osm
ir-w491720898,بوستان سوم,spelling,osm
ir-w492415462,اما رضا(ع),colloquial,osm
ir-w492567962,سی و پنج متری,colloquial,osm
ir-w492567965,خیابان قزوین,old,osm
ir-w492567965,قزوین,colloquial,osm
ir-w492574414,خیابان قزوین,old,osm
ir-w492574414,قزوین,colloquial,osm
ir-baharestan-23,گوشه گابله,old,osm
ir-w493022156,حضرت خدیجه,colloquial,osm
ir-w493022157,حضرت خدیجه,colloquial,osm
ir-south-asadabadi-street-2,ارگ جنوبی,colloquial,osm
ir-shahid-farrahi-square,میدان شهرداری,colloquial,osm
ir-w493423981,گلشن,old,osm
ir-w493424454,دانشکده کشاورزی,colloquial,osm
ir-w493445223,لفتون,colloquial,osm
ir-w493685537,مانی,spelling,osm
ir-w493685540,فروغی,spelling,osm
ir-roudaki-2,سلسبیل,old,osm
ir-south-roudaki,سلسبیل,old,osm
ir-south-roudaki,رودکی جنوبی,colloquial,osm
ir-w493947228,رودخانه,colloquial,osm
ir-mohammad-dadkhah,داور,colloquial,osm
ir-w494552414,بزرگراه شهید سهراب نوروزی,colloquial,osm
ir-w494731035,کوثر-شاهین,colloquial,osm
ir-w495006323,رحیم آباد,colloquial,osm
ir-w495051548,قلعه مرغی,colloquial,osm
ir-w495618784,گلمهر,spelling,osm
ir-w495623408,مصالح فروشان,spelling,osm
ir-w495806558,میدان سردار شهید سلیمانی,colloquial,osm
ir-w496257713,هشت بهشت,colloquial,osm
ir-w496270228,چهل و ششم,colloquial,osm
ir-w496581953,سرداران,spelling,osm
ir-w497380260,کوی ۱۴,colloquial,osm
ir-hossin-kamran,حسین کامران,colloquial,osm
ir-forest-ranger-coastal-road,مسیر شمالی پارک جنگلی ناژوان,colloquial,osm
ir-w497647998,ایران جوجه,colloquial,osm
ir-w498022542,شهید رضایی,colloquial,osm
ir-w498124322,خیابان شهید بهشتی,colloquial,osm
ir-w498125904,خیابان دکتر نایبی,colloquial,osm
ir-w498659691,بلوار اقاقیا,colloquial,osm
ir-karroubi-square,میدان علی ابن ابیطالب,colloquial,osm
ir-shirudi-2,خرم,colloquial,osm
ir-shirudi-3,خرم,colloquial,osm
ir-w499266797,سهراب پهلوانی,colloquial,osm
ir-shahid-panjeh-band,ماهان,old,osm
ir-w500119170,اصغر نوروزی,colloquial,osm
ir-w500409561,شهرداری,colloquial,osm
ir-w500710694,بهارستان,colloquial,osm
ir-w502831624,بلوار زون ۱,colloquial,osm
ir-khayam-street-3,شهید سوم,colloquial,osm
ir-hadi-chupan-boulevard-3,یاوران غربی,colloquial,osm
ir-salman-pour-zahir,سنبل,old,osm
ir-salman-pour-zahir,شهید غلامرضا سلمان پور,colloquial,osm
ir-w504357503,کوثر شرقی,colloquial,osm
ir-khawaja-shamsuddin-kishi,ولایت,colloquial,osm
ir-khawaja-shamsuddin-kishi-2,ولایت,colloquial,osm
ir-w504782617,میدان بسیج,old,osm
ir-w505051434,چشمه بزرگ,colloquial,osm
ir-w505340671,بلوار احمد بیگداشتی فرهنگیان فاز 2,colloquial,osm
ir-w505340671,بلوار فرهنگیان فاز دو,colloquial,osm
ir-w505622372,آرمن,colloquial,osm
ir-voskanian-2,آفتاب,colloquial,osm
ir-w506394611,شهید غلامعلی رحیمی,colloquial,osm
ir-shahid-solgi-boulevard,بلوار شهید سلگی,colloquial,osm
ir-laari-najafi,۲۰ متری نادر,old,osm
ir-mardan-khoda-roundabout,فلکه پرواز,old,osm
ir-hafez-square-6,میدان حافظیه,colloquial,osm
ir-hojatollah-goodarzi,اندیشه,colloquial,osm
ir-w507777415,گلستان ۱۶,colloquial,osm
ir-32nd-street,احمد نسب,colloquial,osm
ir-shahid-soleimani-5,پاسداران,colloquial,osm
ir-w508763449,بیست متری شمیران نو شهداء,colloquial,osm
ir-shahid-sadoughi-boulevard,جاده تهران,colloquial,osm
ir-w509158047,میدان شمیران نو,colloquial,osm
ir-abouzar-st,میدان ابوذر,spelling,osm
ir-w509491493,بلوار بعثت,colloquial,osm
ir-w509584193,سلمان فارسی,colloquial,osm
ir-w509680147,صورتی,colloquial,osm
ir-shahid-khojasteh,خیابان شهید خجسته,colloquial,osm
ir-taleqani-street-7,سردار باقری,colloquial,osm
ir-ostad-hasan-e-banna-4,مجیدیه شمالی,old,osm
ir-mir-fendereski-street,میر,colloquial,osm
ir-ayatullah-kashani-boulevard-6,بزرگراه آیت الله کاشانی,old,osm
ir-ayatullah-kashani-boulevard-6,بلوار آتاتورک,colloquial,osm
ir-vosough-square,میدان وثوق,colloquial,osm
ir-persian-gulf-boulevard-10,زیرگذر بلوار خلیج فارس,colloquial,osm
ir-w512390914,کنارگذر شهید همدانی,colloquial,osm
ir-w512885115,ایرانمهر,old,osm
ir-north-rasol-e-akram-boulevard,بلوار امام علی,colloquial,osm
ir-sardar-soleimani-square,میدان زائران کربلا,old,osm
ir-shabanlou-2,جوان شیر,colloquial,osm
ir-w514278321,بلوار آخوندی,spelling,osm
ir-bahar-7,مادی ارزنان,colloquial,osm
ir-w514534894,بیاتانی,colloquial,osm
ir-w515686666,میدان تاج قدیم,colloquial,osm
ir-aghaei-2,آقائی,colloquial,osm
ir-w515960811,ورودی قدیم شهر جدید مهستان,colloquial,osm
ir-w516357067,جاده ساحلی,colloquial,osm
ir-afif-abad-street-alley-6,خیابان عفیف آباد کوچه ۶,colloquial,osm
ir-w516968216,زاینده رود,colloquial,osm
ir-w518326478,خرم ۱۴,colloquial,osm
ir-w518409940,شهید اقبال پور,colloquial,osm
ir-w518419101,درختی,old,osm
ir-hamedani-expressway-7,پل شهید محمد رضا زرین,spelling,osm
ir-ferdowsi-boulevard-12,بلوار فردوسی,spelling,osm
ir-daneshgah-sanati-highway,بزرگراه سردار شهید قاسم سلیمانی,colloquial,osm
ir-khajovi-kermani-square,میدان خواجوی کرمانی,spelling,osm
ir-w519489156,لاله,colloquial,osm
ir-imam-khomeini-16,رانیە,colloquial,osm
ir-w519719629,دهۆک,colloquial,osm
ir-w519719632,هەولێر,colloquial,osm
ir-sarbaz-boulevard-3,بلوار سرباز,spelling,osm
ir-gandi-square,میدان گاندی,spelling,osm
ir-yalda-boulevard,بلوار مهارلو,colloquial,osm
ir-w520614736,بازرگانی,colloquial,osm
ir-w520645034,گنجعلیخان,colloquial,osm
ir-ghadir-square-15,میدان چاهداشی,colloquial,osm
ir-ziba-kenar-2,شهید اسماعیل غلامی یاراحمدی,colloquial,osm
ir-lari-street,لاری,colloquial,osm
ir-w521904760,خاور,colloquial,osm
ir-w522396797,عسجدی,colloquial,osm
ir-w522435989,خیابان آزادگان سوم,old,osm
ir-beheshti-26,شهید سالاروند,colloquial,osm
ir-shahid-ebrahimi-4,مسلم جنوبی ۱۶,colloquial,osm
ir-keshavarz-boulevard-20,بلوار کشاورز,spelling,osm
ir-shahid-salami-expressway-5,بزرگراه آزادگان,colloquial,osm
ir-basij-expressway-13,افسریه,old,osm
ir-cheraghi-expressway-5,جوانه,colloquial,osm
ir-w523847715,عمارت,colloquial,osm
ir-w523905860,بلوار کاشفی,colloquial,osm
ir-amir-kabir-street-7,شاهپور جدید,colloquial,osm
ir-w524227803,شصت و سوم امام خمینی ۶۳,colloquial,osm
ir-w524301645,بلوار شهید چمران,colloquial,osm
ir-behesht-boulevard-3,بلوار شهید میرزا سلگی,colloquial,osm
ir-w524780857,انقلاب 26,colloquial,osm
ir-w524823630,وحدت,colloquial,osm
ir-w524958099,اویس قرنی,colloquial,osm
ir-w525241983,پل مهرشهر,spelling,osm
ir-w525678172,امام خمینی,colloquial,osm
ir-shohada-sq-4,میدان شهدا,spelling,osm
ir-shohada-naja,تخت طاووس,old,osm
ir-w526346543,بلوار سما,spelling,osm
ir-w526538841,بوستان,colloquial,osm
ir-azadi-blvd-4,بلوار مقامی,spelling,osm
ir-azadi-blvd-5,بلوار مقامی,spelling,osm
ir-w526753817,عابدینی نیا,colloquial,osm
ir-mostafa-khomeini-arak,اراک,old,osm
ir-w526856540,شهید مسلم خیزاب,colloquial,osm
ir-w526893615,وحدت,old,osm
ir-w526893615,عباس آباد,colloquial,osm
ir-w526936687,بلوار جانباز,old,osm
ir-w527145615,فتح المبین ۱,colloquial,osm
ir-w527480980,شهید مصطفی مردانی,colloquial,osm
ir-w527525260,همیشه بهار,colloquial,osm
ir-w528064966,شهید عزت اله مرادی,colloquial,osm
ir-37-44,مطهری 44,colloquial,osm
ir-w528422656,پاسداران ۱۹,colloquial,osm
ir-w528433445,خیبر ۲۸ - ذوالفقار ۱۹,colloquial,osm
ir-w528653637,میدان سرچشمه,colloquial,osm
ir-soleymani-boulevard-4,جاده ملارد,old,osm
ir-w528943786,طالقانی,colloquial,osm
ir-south-ringway,کمربندی جنوبی,colloquial,osm
ir-w529536577,همت شمالی,old,osm
ir-w529730950,فرخی ۷,colloquial,osm
ir-mostafa-khomeini-arak-2,اراک,old,osm
ir-w529924434,شهید ناصر سرپرست,colloquial,osm
ir-w529950824,ویلاشهر,colloquial,osm
ir-w529998339,ترمینال,colloquial,osm
ir-w530022103,زازران به فلاورجان,colloquial,osm
ir-w530022104,جاده زازران-کوشک,colloquial,osm
ir-w530023429,شاهکویی,colloquial,osm
ir-w530117744,میدان اصلی وحیدیه,colloquial,osm
ir-w530311897,بزرگراه هشت بهشت,colloquial,osm
ir-w530587227,روبرو هنرستان علم و صنعت,colloquial,osm
ir-w530588296,جوان,spelling,osm
ir-shahid-motevaselian-expressway-9,جاده قدیم کرج,old,osm
ir-shahid-motevaselian-expressway-9,بزرگراه فتح,colloquial,osm
ir-w531693764,خیابان ده مجنون,colloquial,osm
ir-qanat-e-kowsar-square,میدان قنات کوثر,old,osm
ir-yadegar-e-emam-expressway-20,بزرگراه ۱۰۰,old,osm
ir-hemmat-expressway-20,بزرگراه شمال عباس آباد,old,osm
ir-w532382926,پل شریعتی,colloquial,osm
ir-w532382927,پل شریعتی,colloquial,osm
ir-w532531160,بلوار محتشم,colloquial,osm
ir-imam-hossein-boulevard-2,بلوار امام حسین,spelling,osm
ir-freiburg-street-2,مصلی,old,osm
ir-enghelab-eslami-street,مشیر فاطمی,old,osm
ir-w533425069,فنس,colloquial,osm
ir-w533472982,خیابان یاسینی,colloquial,osm
ir-w533650061,مقداد,colloquial,osm
ir-roudaki-3,سلسبیل,old,osm
ir-roudaki-3,رودکی جنوبی,colloquial,osm
ir-w534059906,شهید حسین ابولحسنی,colloquial,osm
ir-w534093731,بلوار ولیعصر عج,colloquial,osm
ir-w534304989,میدان وحدت,colloquial,osm
ir-w534791357,جاده چمخاله,colloquial,osm
ir-w534826523,پل ارجستان,old,osm
ir-w534826523,پل شهید قهرمانی,colloquial,osm
ir-w534826524,خیابان شهید باهنر,colloquial,osm
ir-w534826525,پل ارجستان,old,osm
ir-w534826525,پل شهید قهرمانی,colloquial,osm
ir-w535532498,سروش,colloquial,osm
ir-w536091007,یگان ویژه,colloquial,osm
ir-w536297223,مساوات,colloquial,osm
ir-w536297382,شکیبا,colloquial,osm
ir-w536351934,بلوار کوه نور,colloquial,osm
ir-w536448705,قدس پانزدهم,colloquial,osm
ir-w536965481,عمر قدم,colloquial,osm
ir-w537174345,آق تپه,colloquial,osm
ir-w537768625,شهید داوودی,colloquial,osm
ir-w537771207,مهمانسرا ١٢,old,osm
ir-w537785878,برق,colloquial,osm
ir-hamid-rahimi-st-3,افسریه چهارم,colloquial,osm
ir-w538186494,رحیل ۵,colloquial,osm
ir-navab-safavi-square-2,میدان ساعت,colloquial,osm
ir-w538492635,شیمیایی,colloquial,osm
ir-davood-golshandoost-4,مسیل باختر,colloquial,osm
ir-nik-bakhsh-blvd,بلوار نیک بخش,spelling,osm
ir-abdolabad-square,میدان عبدل‌آباد,spelling,osm
ir-afshari,ساقدوش,old,osm
ir-sartakht,خیابان فاطمیه,colloquial,osm
ir-w540477680,آفتاب,colloquial,osm
ir-w540477697,میدان هلکوپتر,old,osm
ir-w540477697,میدان شهید چله دوان,colloquial,osm
ir-madar-square-8,میدان محسنی,old,osm
ir-w541359424,بلوار خلیج فارس,colloquial,osm
ir-sarbaz-square-2,میدان امام شافعی,colloquial,osm
ir-w541785139,خیابان شفا,colloquial,osm
ir-basij-expressway-15,بزرگراه امام رضا (ع),old,osm
ir-w541820583,جاده نیار,colloquial,osm
ir-shahid-rajaei-7,ایرانشهر,colloquial,osm
ir-w541920081,میدان فانوس,colloquial,osm
ir-w541928332,۲۲ بهمن شمالی ۱۵,colloquial,osm
ir-shahid-motahhari-street,خیابان دارایی,colloquial,osm
ir-w542327056,خروجی به صنایع جنوب,old,osm
ir-allahgholi-khan-moghtaderi-boulevard,هجرت,colloquial,osm
ir-w542885142,خیابان شهید مفتح,colloquial,osm
ir-w542885142,خیابان سراب,colloquial,osm
ir-w542909512,ذاکری۲,colloquial,osm
ir-w544701768,مدآقاسیا,colloquial,osm
ir-khalaj-4,سیدی,old,osm
ir-w544983896,بهار,colloquial,osm
ir-hajizadeh-street,بلوار بنفشه,colloquial,osm
ir-emam-hossein-square-12,میدان جهاد,old,osm
ir-honardar-blvd-2,بلوار هنردار,colloquial,osm
ir-w545499960,میدان قصبه شهر,colloquial,osm
ir-w545520488,مطهری,colloquial,osm
ir-w545520540,صدوقی,colloquial,osm
ir-w545524952,میدان صنعت,colloquial,osm
ir-rajaei-boulevard-4,فرهنگ شهر,colloquial,osm
ir-w546860889,تابش,old,osm
ir-w546860889,روحانی,colloquial,osm
ir-lashgari-expressway-10,جاده مخصوص کرج,old,osm
ir-basij-expressway-16,بزرگراه امام رضا (ع),old,osm
ir-sardar-asa-d-square,میدان سردار اسعد,colloquial,osm
ir-sa-di-farabi,فارابی,old,osm
ir-w548097751,۱۲ متری,colloquial,osm
ir-w548097754,شهدای عشایر,colloquial,osm
ir-w548225395,آرین,colloquial,osm
ir-w548516607,۲۰ متری,colloquial,osm
ir-w548668677,مرشدی ۵,colloquial,osm
ir-w548916559,بلوار شهدای مدافع حرم,colloquial,osm
ir-w549725750,بزرگراه شهید سهراب نوروزی,colloquial,osm
ir-w549725760,بزرگراه شهید سهراب نوروزی,colloquial,osm
ir-w549774331,نصیری,colloquial,osm
ir-shohada-19,کشتارگاه,old,osm
ir-w549918897,بیست متری خیبر جنوبی,colloquial,osm
ir-motahari-avenue-2,کمربندی عیش آباد,colloquial,osm
ir-abbaspour-street-3,توانیر,old,osm
ir-sardaran-square-3,دروازه تهران,colloquial,osm
ir-w550852475,مهارت,colloquial,osm
ir-gerami,سجادیه دوم,colloquial,osm
ir-w551475149,۱۷ شهریور,colloquial,osm
ir-w551684076,بوستان,colloquial,osm
ir-w551726098,نسترن,old,osm
ir-w552183508,تو باغی,colloquial,osm
ir-w552183508,شهید یاسین عالی شوندی,colloquial,osm
ir-w552452187,بردو,colloquial,osm
ir-w552560657,میدان شیشه ای,colloquial,osm
ir-w552595298,شهید بهمنیار زائری,colloquial,osm
ir-ali-daei-blvd-2,بلوار غربی ورزشگاه آزادی,colloquial,osm
ir-ali-daei-blvd-2,بلوار علی دایی,spelling,osm
ir-borujerdi-bypass-3,سعید آباد,colloquial,osm
ir-shariati-street-14,خیابان شمیران,old,osm
ir-w553439978,میدان شهید حسن شرافتی,old,osm
ir-w554049225,میدان شهید منا سید محمدحسین شفیعی,colloquial,osm
ir-taleghani-street-9,خیابان آیت الله طالقانی,spelling,osm
ir-mahan-4,ماهان,old,osm
ir-seyyedo-shohada-4,شن کش,colloquial,osm
ir-sayyad-shirazi-expressway-3,بزرگراه صیاد شیرازی,spelling,osm
ir-w555380126,عباس شفیعی,colloquial,osm
ir-w555911688,شهید آزموده,colloquial,osm
ir-w555949173,آهن فروش ها,colloquial,osm
ir-w556417504,ملاصدرا 16,colloquial,osm
ir-shahid-rajaei-expressway-3,جاده قدیم تهران - قم,colloquial,osm
ir-w556844316,شهید محمود کاوه,colloquial,osm
ir-w556854404,بلوار غیور اصلی,old,osm
ir-felestin-boulevard-7,بلوار حافظ,colloquial,osm
ir-w557127747,میدان شهید کمالی,old,osm
ir-w557149675,حافظ ۱,colloquial,osm
ir-erfan-5,میدان عرفان,colloquial,osm
ir-w558856576,مجدیه,colloquial,osm
ir-w558930367,گلها,colloquial,osm
ir-w559006052,میدان گرشاسبی,spelling,osm
ir-amiri-sefat-2,امیری صنعت,colloquial,osm
ir-w559476376,توکلی,old,osm
ir-museum-square,میدان خسروی,colloquial,osm
ir-w559561735,استاد ناصر فراهانی,colloquial,osm
ir-shariati-street-16,خیابان شمیران,old,osm
ir-w560580612,بلوار سعدی غربی,old,osm
ir-w561010763,شورا,colloquial,osm
ir-qoddusi-street-3,خیابان قصر,old,osm
ir-qoddusi-street-3,عباس آباد,colloquial,osm
ir-shahid-najafi-rastegar-exp-2,بزرگراه نجفی رستگار,spelling,osm
ir-w561967313,دانشگاه,colloquial,osm
ir-mirkhani,نصرت شرقی,colloquial,osm
ir-w562398100,۳,colloquial,osm
ir-madani-street-9,شهید کیوانفر 3,colloquial,osm
ir-w563243675,۲۴۵,colloquial,osm
ir-w563645277,بلوار اعتمادیه شرقی,colloquial,osm
ir-w563645277,بلوار سرتیپ امیرمحمد جوادی,colloquial,osm
ir-emam-khomeyni-street-7,شاپور,old,osm
ir-pasdaran-22,حصار,colloquial,osm
ir-moosa-namjoo-st-2,گرگان,old,osm
ir-imam-ali-highway-26,کمربندی شمالی اراک,colloquial,osm
ir-imam-ali-highway-27,کمربندی شمالی اراک,colloquial,osm
ir-imam-ali-highway-28,کمربندی شمالی اراک,colloquial,osm
ir-fazl-ibn-shazan-boulevard-2,فضل,colloquial,osm
ir-shiraz-qaemyeh-highway,بوشهر - شیراز,colloquial,osm
ir-north-ayatollah-taleghani-blvd-5,بلوار کوروش,old,osm
ir-north-ayatollah-taleghani-blvd-5,بلوار آیت‌الله طالقانی شمالی,spelling,osm
ir-north-ayatollah-taleghani-blvd-6,بلوار کوروش,old,osm
ir-north-ayatollah-taleghani-blvd-6,بلوار آیت‌الله طالقانی شمالی,spelling,osm
ir-qaem-street,خیابان قائم,spelling,osm
ir-w568147179,جاده فسا,colloquial,osm
ir-khojasteh-2,خیابان شهید خجسته,colloquial,osm
ir-w568198032,آزاد غربی,colloquial,osm
ir-w569414623,کمربندی جنوبی,colloquial,osm
ir-w569414632,میدان سلام,colloquial,osm
ir-police-martyrs-square,فلکه ژاندارمری,old,osm
ir-police-martyrs-square,میدان قرنی,colloquial,osm
ir-w570531100,بولوار حکمت,colloquial,osm
ir-w570548311,جواد الائمه 46,colloquial,osm
ir-w570834611,بلوار زائر,old,osm
ir-w571031619,میدان کشتارگاه,colloquial,osm
ir-w572763107,بلوار زائر,old,osm
ir-honardar-blvd-3,بلوار هنردار,colloquial,osm
ir-w573605935,مولوی,colloquial,osm
ir-taheri-6,دکتر شیخ,old,osm
ir-taheri-6,شهید قرنی ۶,colloquial,osm
ir-basij-expressway-17,بزرگراه امام رضا (ع),old,osm
ir-basij-expressway-18,بزرگراه امام رضا (ع),old,osm
ir-basij-expressway-19,بزرگراه امام رضا (ع),old,osm
ir-w575110826,کـــنـــارگـــذر فــــــرودگـــاه,colloquial,osm
ir-shahid-rajaee-street-4,خیابان خورشید,old,osm
ir-vahid-khojastepour-st,باهنر,old,osm
ir-w575912330,ساحلی غربی,colloquial,osm
ir-w579966558,میدان مسلم,colloquial,osm
ir-w581453066,آسیاب قوامی,colloquial,osm
ir-behzadi-2,ساسان,old,osm
ir-w583022628,خیابان ۲۴ متری دانشگاه,colloquial,osm
ir-west-pasargad-boulevard-2,بلوار پاسارگاد شرقی,colloquial,osm
ir-saadi-8,سوزنی,old,osm
ir-w585035195,تعویض پلاک,colloquial,osm
ir-16-5,فرح,colloquial,osm
ir-w585423182,شهناز,old,osm
ir-w585638539,امام رضا۳,colloquial,osm
ir-shahid-najafi-rastegar-exp-3,بزرگراه نجفی رستگار,spelling,osm
ir-qasem-soleimani-4,کمربندی قدیم فردوس,old,osm
ir-w586007945,جاده شکراب,colloquial,osm
ir-w586283379,شفاهی,colloquial,osm
ir-w587280453,بلوار شهید عنایت الله رحمتی,colloquial,osm
ir-w587456281,بلوار جانبازان,colloquial,osm
ir-w587534450,شیراز خیابان جانبازان(پودنک ) خیابان شهید امامی,spelling,osm
ir-shariati-boulevard-10,معالی ٱباد,old,osm
ir-shariati-boulevard-10,معالی آباد,colloquial,osm
ir-alimohammadi-2,ثامنی,old,osm
ir-alimohammadi-2,۲۷ متری مخابرات,colloquial,osm
ir-ghanei,درباری,spelling,osm
ir-w590175938,بولوار شهدای شهرک سعدی,colloquial,osm
ir-basij-expressway-20,بزرگراه امام رضا (ع),old,osm
ir-w591020095,یاس,colloquial,osm
ir-w591322515,شهید لاجوردی,colloquial,osm
ir-w591549614,سپهسالار,colloquial,osm
ir-w591709288,فلکه مورد آبی- هفت تیر,colloquial,osm
ir-w593104075,هلستان شمالی,colloquial,osm
ir-30,سهل آباد 30,colloquial,osm
ir-w593400586,سعدی 4,colloquial,osm
ir-w593465372,بزرگراه شهید قاسم سلیمانی,colloquial,osm
ir-w593508956,خیابان خوانقاه,old,osm
ir-w593508958,خیابان خوانقاه,old,osm
ir-w593731713,سعدی,colloquial,osm
ir-w593731713,شهید نادر مهدوی,colloquial,osm
ir-w594153223,۴۷,colloquial,osm
ir-north-sabalan-street-3,بهرامی,old,osm
ir-w594568919,فردوسی۵,colloquial,osm
ir-shahid-tarh-chi,خین عرب,old,osm
ir-shahid-tarh-chi-2,خین عرب,old,osm
ir-w594663192,طاولی,colloquial,osm
ir-emam-hassan-askari-boulevard,سیاوش,old,osm
ir-w595193630,رضایی۱۴,colloquial,osm
ir-w595194699,۲۰,colloquial,osm
ir-w595750432,سردار جنگل,colloquial,osm
ir-w595840788,فردوس ۱,colloquial,osm
ir-pamchal-street-2,پامچال,colloquial,osm
ir-w596409838,۱۸ متری گلها,colloquial,osm
ir-w596790460,دلاوران ۶,colloquial,osm
ir-w597148618,رسالت,colloquial,osm
ir-w597161275,لادن,colloquial,osm
ir-17-shahrivar-boulevard-2,بلوار مهرآباد,colloquial,osm
ir-w597239429,سلامت,colloquial,osm
ir-porya-vali,گلزار,colloquial,osm
ir-ershad-eslami,اطلسی ۲۵,colloquial,osm
ir-w597388549,اطلسی ۲۴,colloquial,osm
ir-w597410988,بلوار قدیمی زرند,colloquial,osm
ir-w597444582,دورشهر,colloquial,osm
ir-w597706797,مطهری,colloquial,osm
ir-w597889261,یحیوی,colloquial,osm
ir-w597954008,علي شريعتي,colloquial,osm
ir-w598297097,بشارت ۹,colloquial,osm
ir-w598371036,معلم,colloquial,osm
ir-w598464923,کوی امام خمینی,colloquial,osm
ir-shohada-20,کشتارگاه,old,osm
ir-taleghani-18,شکوفه,old,osm
ir-w599391147,بلوار شهید طهرانی مقدم,colloquial,osm
ir-w599442724,بلوار سوم خرداد,colloquial,osm
ir-w599751700,سوم شرقی,colloquial,osm
ir-w600067220,پل پور درویش,colloquial,osm
ir-w600067220,پل پوردرویش,colloquial,osm
ir-w600991243,جمال الدین اسد آبادی,colloquial,osm
ir-w601107485,بلوار توحید شرقی,colloquial,osm
ir-w601455504,بلوار پزشک,colloquial,osm
ir-west-22th-bahman-street-3,فرحبخش غربی,colloquial,osm
ir-baharestan-26,گوشه گابله,old,osm
ir-w602043244,مختاری,colloquial,osm
ir-w602043247,حق وردی,colloquial,osm
ir-w602043249,حق وردی,colloquial,osm
ir-shomali-boulevard,بلوار آزادی,colloquial,osm
ir-martyr-ayyub-ma-adi-st-2,خیابان شهید معادی,colloquial,osm
ir-w603753196,کوچه حاج نجف,colloquial,osm
ir-sumar-pass,پارکینگ بیست و دوم,colloquial,osm
ir-10-6,اطلسی ۱۰,colloquial,osm
ir-w606370794,قائم ۲۵,colloquial,osm
ir-w606382222,گلستان,colloquial,osm
ir-valfajr-st,میدان والفجر,spelling,osm
ir-behzisti-sq,میدان بهزیستی,spelling,osm
ir-mellat-boulevard-5,بلوار ملت,colloquial,osm
ir-mellat-boulevard-6,بلوار ملت,colloquial,osm
ir-w607264332,هشت متری قاضیانی,colloquial,osm
ir-w607723152,گود خزینه,colloquial,osm
ir-bahonar-street-10,خیابان نیاوران,old,osm
ir-alireza-bazdar-2,کامرانیه,old,osm
ir-alireza-bazdar-2,کامرانیه شمالی,colloquial,osm
ir-w608686214,ناصربهایی,colloquial,osm
ir-w609179395,گذر افراقلم,colloquial,osm
ir-w609504516,بلوار شهرداری,old,osm
ir-mozaffari-azar,امیرکبیر,colloquial,osm
ir-w609876473,شهید سلطانی,colloquial,osm
ir-w609958172,خیابان شهدای صنعت آب و برق,old,osm
ir-w609958172,خیابان شهدای آب,colloquial,osm
ir-motahhari-2,خیابان شهید مطهری,colloquial,osm
ir-dampezeshki-shahid-najati,بزرگراه شهید نجاتی,colloquial,osm
ir-lieutenant-general-martyr-haj-qassem-soleymani-blvd-12,بولوار شهدا,old,osm
ir-lieutenant-general-martyr-haj-qassem-soleymani-blvd-12,بولوار شهید قاسم سلیمانی,colloquial,osm
ir-w612264343,محبی ۲۴,colloquial,osm
ir-w612954336,ذوالفقار,colloquial,osm
ir-w613360903,بلوار خلیج فارس,colloquial,osm
ir-w613656265,خیابان شهید سرتیپ نامجو,colloquial,osm
ir-basij-expressway-21,بزرگراه امام رضا (ع),old,osm
ir-w614282453,میدان شهید سولقانی,colloquial,osm
ir-navab-e-safavi-2,سیدی,old,osm
ir-w614447447,بابانظر ۲۹,colloquial,osm
ir-artesh-expressway-3,بلوار لشکرک,old,osm
ir-jahad-square-16,میدان دانشگاه,colloquial,osm
ir-jahad-square-16,میدان آزادی,colloquial,osm
ir-w614959677,زنبیل آباد,colloquial,osm
ir-w614979865,نسترن ۷,colloquial,osm
ir-w615823394,ایستگاه دو,colloquial,osm
ir-w617677484,آبفا,colloquial,osm
ir-w617783843,کنارگذر لنگرود,colloquial,osm
ir-w617852724,میدان پرواز,colloquial,osm
ir-eskandari-3,راه پیما,old,osm
ir-w618138612,بلوار شهید مدرسی (هشتم),colloquial,osm
ir-azadi-blvd-7,بلوار مقامی,spelling,osm
ir-w619390314,شیمیایی,colloquial,osm
ir-w619430749,میدان برج ساعت,colloquial,osm
ir-w621126381,صدف,colloquial,osm
ir-w621509229,روشن پور,colloquial,osm
ir-w621962330,بلوار بعثت,colloquial,osm
ir-w622707413,بیست متری,colloquial,osm
ir-w622941143,سلیمی,colloquial,osm
ir-w623737319,شهدای امنیت,colloquial,osm
ir-w623828019,خیابان رسالت,colloquial,osm
ir-w625039606,لاله,colloquial,osm
ir-w625224964,معین,colloquial,osm
ir-dr-mosadegh,مصدق کاشانی,colloquial,osm
ir-dr-mosadegh,دکتر مصدق,spelling,osm
ir-cyrus-2,سیروس,colloquial,osm
ir-w625705471,هلستان جنوبی,colloquial,osm
ir-w625968544,بلوار بهارستان,colloquial,osm
ir-w626012340,شهید جعفرآبادی,colloquial,osm
ir-w626206854,سیدهاشم موسوی شجری,colloquial,osm
ir-w626239252,خیابان چالوس,colloquial,osm
ir-w626333218,حمام سعدی,colloquial,osm
ir-w627871514,کوی فرهنگ,colloquial,osm
ir-kavoosi,بلوار بیژن,old,osm
ir-w629008877,نوفل,colloquial,osm
ir-w629015154,ادیب 3,colloquial,osm
ir-martyr-sarlak-sq,میدان شهید سرلک,spelling,osm
ir-w629857812,خیابان مهر,colloquial,osm
ir-w630442722,پل شهید پیران,colloquial,osm
ir-w630442723,خیابان دارو پخش,old,osm
ir-w630442723,خیابان شهید نونهال,colloquial,osm
ir-w631272187,نواب صفوی ۸,spelling,osm
ir-w632073504,بهشت ۳,colloquial,osm
ir-valiasr-street-19,پهلوی,old,osm
ir-w632170959,تیر,old,osm
ir-enqelab-e-eslami-street-8,شاهرضا,old,osm
ir-bahar-boulevard-4,بولوار ملک الشعرا بهار,colloquial,osm
ir-basij-square-37,فلکه برق,colloquial,osm
ir-qiam-2,امام خمینی 12,colloquial,osm
ir-shahid-rajaei-9,ایرانشهر,colloquial,osm
ir-7th-parking,گذر شهید صدر,colloquial,osm
ir-hossin-kamran-2,حسین کامران,colloquial,osm
ir-w633576872,گلبرگ شرقی,colloquial,osm
ir-w633860708,خیابان وحدت,colloquial,osm
ir-w633860708,خیابان شهید فخرزاده,colloquial,osm
ir-w633921818,میدان ثارالله,colloquial,osm
ir-w634158483,کوی عین دو,colloquial,osm
ir-khatam-an-nabeein-street-2,میدان باغات,colloquial,osm
ir-w634411425,گرگان به تهران,colloquial,osm
ir-w634411426,گرگان به تهران,colloquial,osm
ir-w634411427,گرگان به تهران,colloquial,osm
ir-w634559037,خیابان شهید شادمان,colloquial,osm
ir-w635349366,میدان کارگر,colloquial,osm
ir-allah-dadi-bridge,پل ابوذر,colloquial,osm
ir-allah-dadi-bridge-2,پل ابوذر,colloquial,osm
ir-w635470723,زاویه,colloquial,osm
ir-alaee,علائی,colloquial,osm
ir-anajafi-boulevard-6,بزرگراه شهید آنجفی,colloquial,osm
ir-gole-nabi-2,دشتستان ۴,old,osm
ir-w637189590,میدان ایزدی,colloquial,osm
ir-w638146647,بهشت بیست وچهارم,colloquial,osm
ir-haydar-amuli-square,میدان صدف,colloquial,osm
ir-w638211436,جاده جهان آباد,old,osm
ir-anajafi-boulevard-7,بزرگراه شهید آنجفی,colloquial,osm
ir-w639116182,بولوار ولایت,old,osm
ir-w639357935,خیابان شهید نوعی اقدم,colloquial,osm
ir-w639357936,خیابان شهید نوعی اقدم,colloquial,osm
ir-w639379582,شهدای نجف آباد,colloquial,osm
ir-w639421986,مصلا,colloquial,osm
ir-w639421992,کمربندی,colloquial,osm
ir-w640460319,سه راه طعنه,colloquial,osm
ir-w640510686,خیابان عمار یاسر,colloquial,osm
ir-w640616267,کنارگذر فتح,colloquial,osm
ir-w641559591,بلوار ملاصدرا,old,osm
ir-w642809600,مندلی,colloquial,osm
ir-w642901129,شهدا,spelling,osm
ir-w643025256,نورالشهدا,colloquial,osm
ir-w645523483,سید مرتضی,colloquial,osm
ir-payambar-azam-63,بزرگراه پیامبر اعظم,spelling,osm
ir-w646965877,میدان گاز,colloquial,osm
ir-w647519822,شهید نواب صفوی,colloquial,osm
ir-w648007927,باغ فامیلی,old,osm
ir-w648007927,شورا _ باغ فامیلی,colloquial,osm
ir-w648022869,خیام ۱۳,colloquial,osm
ir-w648167657,بختیار وهاب زاده,colloquial,osm
ir-w648645008,آزاد غربی,colloquial,osm
ir-shahid-beheshti-10,عباس آباد,colloquial,osm
ir-shahid-beheshti-11,عباس آباد,colloquial,osm
ir-rajaei-5,ملک,colloquial,osm
ir-28th-parking,گذر مهران عفت نژاد,colloquial,osm
ir-w651950642,منوچهری,spelling,osm
ir-valiasr-street-20,کمربندی دشتو,colloquial,osm
ir-makhtoumgholi-faraghi-square,چهار راه آق قایه,colloquial,osm
ir-makhtoumgholi-faraghi-square,میدان مختوم قلی فراغی,spelling,osm
ir-w653579659,لاله,colloquial,osm
ir-martyr-valiollah-mohseni-st,۸.۳۷,colloquial,osm
ir-w653908836,خیابان کمربندی,colloquial,osm
ir-shahidan-rajaei-2,جهاد سازندگی,colloquial,osm
ir-shahidan-rajaei-2,هپکو,colloquial,osm
ir-w654371157,۴۵ متری گلشهر,spelling,osm
ir-amir-ebrahim-darbandi-st,مقصود بیک,old,osm
ir-mosalla-street-2,آب ۲۵۰,colloquial,osm
ir-w657758177,پانزده خرداد ۱۶,colloquial,osm
ir-w659360508,چهار مردان,colloquial,osm
ir-w659360773,طالقانی ۸۶,colloquial,osm
ir-w659360774,انقلاب ۳۴,colloquial,osm
ir-w659688760,گرگان به تهران,colloquial,osm
ir-w660705168,یاس ۳۱,spelling,osm
ir-w661814291,گرگان به تهران,colloquial,osm
ir-w661814292,گرگان به تهران,colloquial,osm
ir-w663353994,فنس,colloquial,osm
ir-w663855977,شیمیایی,colloquial,osm
ir-w664291463,شهید نظری,colloquial,osm
ir-shohadaye-komite-blvd-2,بلوار گلها,colloquial,osm
ir-w665555513,بلوار امام رضا,colloquial,osm
ir-taleqani-17,تخت جمشید,old,osm
ir-w667259063,بیست متری شرقی,colloquial,osm
ir-w667791439,میدان حر,colloquial,osm
ir-w667791451,خیابان ساحلی,colloquial,osm
ir-w667791456,خیابان ساحلی,colloquial,osm
ir-w667791467,میدان رفاه,colloquial,osm
ir-neauphle-le-chateau-street-2,فرانسه,old,osm
ir-w668361981,میدان فرهنگ,colloquial,osm
ir-w668476900,بلوار میرزا ماذون,colloquial,osm
ir-w668519416,شهید پرکار,colloquial,osm
ir-w668993856,فرهنگیان فاز 2 (هجده متری ),colloquial,osm
ir-w669496720,قدر جنوبی,colloquial,osm
ir-w669982835,میدان یاس,old,osm
ir-w669982835,میدان چای بویین,colloquial,osm
ir-w671021633,بلوار بیدوخوار,colloquial,osm
ir-w671293083,جاده راه آهن رشت,colloquial,osm
ir-w671293086,بلوار میرزا کوچک خان,colloquial,osm
ir-w671507393,خیابان اسماعیل بیگ,old,osm
ir-qadir-3,آنتربوس; اینترپوز,colloquial,osm
ir-w672171762,دولتی مقدم ۷- چهارده متری هنرستان,colloquial,osm
ir-martyr-garmabdarri-st-3,احسان,old,osm
ir-martyr-sadoughi-st-2,چمن آرا,old,osm
ir-w672972832,صیاد 62,colloquial,osm
ir-w673390321,شهید مطهری غربی,spelling,osm
ir-valiasr-street-21,مصدق,old,osm
ir-emam-khomeini-street-13,خیابان سپه,old,osm
ir-emam-khomeini-street-13,خیابان امام خمینی,spelling,osm
ir-w674236968,۳۰ متری دوم,colloquial,osm
ir-w674362965,رضا نیک,colloquial,osm
ir-w675297557,خیابان جمهوری اسلامی شمالی,colloquial,osm
ir-w675601164,کوی رودخانه,old,osm
ir-w675601164,بلوار شهید مهدی فتوحی اردکانی,colloquial,osm
ir-w676012386,پروفسور مجید سمیعی,colloquial,osm
ir-w676012388,پروفسور مجید سمیعی,colloquial,osm
ir-damavand-street-6,خیابان تهران نو,old,osm
ir-damavand-street-6,خیابان دماوند,spelling,osm
ir-general-qasem-soleimani-blvd,بلوار غدیر ۲,old,osm
ir-w676719506,عسجدی,colloquial,osm
ir-w676735559,خیابان قزوین,old,osm
ir-w676735559,قزوین,colloquial,osm
ir-beheshti-28,خیابان قزوین,old,osm
ir-beheshti-28,قزوین,colloquial,osm
ir-marnan-street-2,میرزا کوچک خان,colloquial,osm
ir-azadi-boulevard-21,رجائی شهر,colloquial,osm
ir-w677010220,بهشتی 11,colloquial,osm
ir-azadegan-24,فـــــرودگـــــاه,colloquial,osm
ir-sayyad-shirazi-expressway-4,بزرگراه نیاوران,old,osm
ir-sayyad-shirazi-expressway-4,بزرگراه صیاد شیرازی,spelling,osm
ir-w678881990,کوی ۲۰ متری نفت,colloquial,osm
ir-w678905158,شصت‌متری,colloquial,osm
ir-w678923915,۴۵ متری تکاور,colloquial,osm
ir-sayyah-taheri-2,فرزاد طاهری,colloquial,osm
ir-sayyah-taheri-3,فرزاد طاهری,colloquial,osm
ir-w679714192,رازی,colloquial,osm
ir-w679998450,شهید علی رنجبر,colloquial,osm
ir-w680054575,شفا,colloquial,osm
ir-w680131044,حضرت معصومه 34,colloquial,osm
ir-w680132589,حضرت معصومه 28,colloquial,osm
ir-w680187460,حضرت معصومه 26,colloquial,osm
ir-w680438567,پل سنجان,colloquial,osm
ir-abbaspour-square,میدان توانیر,old,osm
ir-shahid-nasrullah-avenue-2,وزرا,old,osm
ir-w681360467,بلوار آیت الله هاشمی رفسنجانی,old,osm
ir-motahhari-street-7,تخت طاووس,old,osm
ir-zad-street-2,خیابان زاد,colloquial,osm
ir-w683631040,جاده مرودشت سلطان آباد,colloquial,osm
ir-w683638525,کوثر ۱۴,colloquial,osm
ir-w683645870,خلبان شهید احمد توکلی,colloquial,osm
ir-w683843612,بلوار کاج,spelling,osm
ir-shariati-street-17,خیابان شمیران,old,osm
ir-w683972239,بلوار توحید شرقی,colloquial,osm
ir-w683972242,بلوار توحید شرقی,colloquial,osm
ir-w684021040,شهید مجید صفار مشهدی,colloquial,osm
ir-w684021040,10 متری عطار,colloquial,osm
ir-w684074592,بولوار ولایت,old,osm
ir-taleqani-18,تخت جمشید,old,osm
ir-sa-idi-highway-4,بزرگراه شهیاد,old,osm
ir-w684172595,رشت - لاهیجان,colloquial,osm
ir-w684212197,بلوار توحید شرقی,colloquial,osm
ir-w684212199,بلوار توحید غربی,colloquial,osm
ir-w684255328,بلوار رسالت,colloquial,osm
ir-w684438440,مزار شهدا,colloquial,osm
ir-w684762375,بقراط ۱۳,colloquial,osm
ir-moallem-square-32,میدان شهید حسین پور,colloquial,osm
ir-piroozi-street-7,پیروزی,spelling,osm
ir-afshari-2,ساقدوش,old,osm
ir-w685194454,بلوار نورمنش,colloquial,osm
ir-1-17,شهید محمد رحیم جمالی,colloquial,osm
ir-yasini-expressway-2,افسریه,old,osm
ir-basij-expressway-22,افسریه,old,osm
ir-w685797830,شهید استاد,colloquial,osm
ir-salami-local-lane-2,کنارگذر آزادگان,colloquial,osm
ir-salami-local-lane-3,کنارگذر آزادگان,colloquial,osm
ir-imam-ali-expressway-21,امام علی,colloquial,osm
ir-imam-ali-expressway-22,امام علی,colloquial,osm
ir-sayyad-shirazi-expressway-5,بزرگراه نیاوران,old,osm
ir-sayyad-shirazi-expressway-5,بزرگراه صیاد شیرازی,spelling,osm
ir-sayyad-shirazi-expressway-6,بزرگراه نیاوران,old,osm
ir-sayyad-shirazi-expressway-6,بزرگراه صیاد شیرازی,spelling,osm
ir-sayyad-shirazi-expressway-7,بزرگراه نیاوران,old,osm
ir-sayyad-shirazi-expressway-7,بزرگراه صیاد شیرازی,spelling,osm
ir-major-general-pilot-martyr-mohammad-haji-overpass-3,پل شهید حاجی,colloquial,osm
ir-shahid-rashid-street-6,Hengam Blvd,old,osm
ir-ali-abad-katool-ring-road-4,کمربندی علی آباد کتول,colloquial,osm
ir-shariati-boulevard-11,معالی آباد,colloquial,osm
ir-w687389745,22 Bahman Street,spelling,osm
ir-hejazi-expressway-3,اتوبان تهران کرج,old,osm
ir-w687719708,میدان ساعت,colloquial,osm
ir-w687719709,میدان ساعت,colloquial,osm
ir-w687725791,صمدو,colloquial,osm
ir-w687927751,خیابان نیلوفر,colloquial,osm
ir-salami-local-lane-4,کنارگذر آزادگان,colloquial,osm
ir-w688316482,بلوار شهرداری,old,osm
ir-jouriki-blvd-2,بلوار شهرداری,old,osm
ir-w688322547,آذر,colloquial,osm
ir-w688498163,کوچه سینما,colloquial,osm
ir-shahid-soleimani-expressway-13,بزرگراه رسالت,old,osm
ir-artesh-expressway-4,بلوار لشکرک,old,osm
ir-artesh-expressway-5,بلوار لشکرک,old,osm
ir-artesh-expressway-6,بلوار لشکرک,old,osm
ir-valiasr-street-22,مصدق,colloquial,osm
ir-hemmat-expressway-21,بزرگراه شمال عباس آباد,old,osm
ir-hemmat-expressway-22,بزرگراه شمال عباس آباد,old,osm
ir-sheykh-fazlollah-noori-expressway-4,بزرگراه ایوبی,old,osm
ir-sheykh-fazlollah-noori-expressway-5,بزرگراه ایوبی,old,osm
ir-sheykh-fazlollah-noori-expressway-6,بزرگراه ایوبی,old,osm
ir-sheykh-fazlollah-noori-expressway-7,بزرگراه ایوبی,old,osm
ir-sheykh-fazlollah-noori-expressway-8,بزرگراه ایوبی,old,osm
ir-dr-badrolzaman-gharib-street,خیابان اجتماعی,colloquial,osm
ir-w689412720,بلوار نورمنش,colloquial,osm
ir-mohammadi-4,دستور,old,osm
ir-mohammadi-4,نظامی,colloquial,osm
ir-yadegar-e-emam-expressway-21,بزرگراه ۱۰۰,old,osm
ir-w689583770,بلوار فرزان,colloquial,osm
ir-martyr-anvari-sq,میدان شهید انوری,spelling,osm
ir-yadegar-e-emam-expressway-22,بزرگراه ۱۰۰,old,osm
ir-shariati-street-18,خیابان شمیران,old,osm
ir-w690712089,میدان درویشی,colloquial,osm
ir-hefdah-shahrivar-street-11,شهناز,old,osm
ir-panzdahe-khordad-2,بوذرجمهری,old,osm
ir-w690848261,خیابان کوروش,old,osm
ir-w690848261,چهل متری سیروس,colloquial,osm
ir-w690911301,رازی,colloquial,osm
ir-atayi-2,خیابان عطایی,colloquial,osm
ir-atayi-3,خیابان عطایی,colloquial,osm
ir-martyr-davar-yosri-st,خیابان والی,old,osm
ir-martyr-davar-yosri-st,خیابان شهید یسری,colloquial,osm
ir-valiasr-17,محمدرضا رشیدی,colloquial,osm
ir-valiasr-17,خیابان اراج,colloquial,osm
ir-w692168455,مستهلک,colloquial,osm
ir-w692205413,گلخانه,colloquial,osm
ir-w692205424,گلخانه,colloquial,osm
ir-lieutenant-general-martyr-haj-qassem-soleymani-highway-2,بزرگراه رسالت جنوبی,old,osm
ir-lieutenant-general-martyr-haj-qassem-soleymani-highway-2,بزرگراه قاسم سلیمانی,colloquial,osm
ir-emam-khomeini-street-14,خیابان سپه,old,osm
ir-emam-khomeini-street-14,خیابان امام خمینی,spelling,osm
ir-emam-khomeini-street-15,خیابان سپه,old,osm
ir-emam-khomeini-street-15,خیابان امام خمینی,spelling,osm
ir-w693135953,میدان شهید مصطفی بهادری,colloquial,osm
ir-w693889212,پل شریعتی,colloquial,osm
ir-w694034024,جوان,colloquial,osm
ir-w694034078,جوان,colloquial,osm
ir-mir-fendereski-3,میر,colloquial,osm
ir-w696405489,پل امام حسن مجتبی,colloquial,osm
ir-w696405490,پل آنا,colloquial,osm
ir-w696614544,بلوار غدیر 4,colloquial,osm
ir-w697670881,میرزای شیرازی,colloquial,osm
ir-w698433146,خیابان شهید اعلمی,colloquial,osm
ir-w699043400,مجاهد,colloquial,osm
ir-w699047124,بیستون,colloquial,osm
ir-w699161376,حاج سمیع,colloquial,osm
ir-w699588557,بنفشه,colloquial,osm
ir-lashgari-expressway-11,جاده مخصوص کرج,old,osm
ir-lashgari-expressway-12,جاده مخصوص کرج,old,osm
ir-enghelab-square-17,فلکه مجسمه,colloquial,osm
ir-w700060314,خیابان وحدت,old,osm
ir-w700060314,خیابان شهید فخرزاده,colloquial,osm
ir-w700074893,ادهم همدانی,colloquial,osm
ir-zeynali-boulevard-4,بلوار کاج,colloquial,osm
ir-lashgari-expressway-13,جاده مخصوص کرج,colloquial,osm
ir-zamzam-3,رضایی,colloquial,osm
ir-shahid-motevaselian-expressway-10,جاده قدیم کرج,old,osm
ir-shahid-motevaselian-expressway-10,بزرگراه فتح,colloquial,osm
ir-w700621670,حکما,colloquial,osm
ir-w700623812,شهید نادری,colloquial,osm
ir-w700630216,قدر جنوبی,colloquial,osm
ir-hashemi-rafsanjani-expressway-12,بزرگراه نیایش,colloquial,osm
ir-jomhouri-eslami-boulevard-10,بلوار جمهوری اسلامی,spelling,osm
ir-w700783851,آزادگان ۳۹,old,osm
ir-sadeqiye-2nd-square,فلکه دوم آریاشهر,old,osm
ir-sadeqiye-2nd-square,میدان صادقیه,colloquial,osm
ir-w701057799,آوینی ۱۶,colloquial,osm
ir-shahid-hejazi-expressway-2,اتوبان تهران کرج,old,osm
ir-shahid-hejazi-expressway-3,اتوبان تهران کرج,old,osm
ir-shahid-hejazi-expressway-4,اتوبان تهران کرج,old,osm
ir-yadegar-e-emam-expressway-23,بزرگراه ۱۰۰,old,osm
ir-cheraghi-expressway-6,جوانه,colloquial,osm
ir-w701912775,بلوار خوارزمی,colloquial,osm
ir-saeed-eslamian-2,گلستان شرقی,old,osm
ir-shahid-dadman-boulevard-3,بلوار پونک باختری,old,osm
ir-north-shajarian-2,فلامک شمالی,old,osm
ir-shahid-dadman-boulevard-4,بلوار پونک باختری,old,osm
ir-w702596686,امیر کبیر ۳۶,colloquial,osm
ir-shahid-modarres-expressway-4,بزرگراه شاهنشاهی,old,osm
ir-imam-hossein-expressway-8,بزرگراه کمربندی,old,osm
ir-imam-hossein-expressway-8,بزرگراه امام حسین,spelling,osm
ir-besat-street-2,قاسمیه,colloquial,osm
ir-south-shajarian,فلامک جنوبی,old,osm
ir-north-shajarian-3,فلامک شمالی,old,osm
ir-ayatullah-kashani-boulevard-7,بزرگراه آیت الله کاشانی,old,osm
ir-ayatullah-kashani-boulevard-7,بلوار آتاتورک,colloquial,osm
ir-shahid-hemmat-expressway-16,بزرگراه شمال عباس آباد,old,osm
ir-w704242295,۲۰ متری غلامی,colloquial,osm
ir-shahid-modarres-expressway-5,بزرگراه شاهنشاهی,old,osm
ir-w704288305,کمینه 5,colloquial,osm
ir-w704288314,کمینه 13,colloquial,osm
ir-w704432281,میدان یاسین,colloquial,osm
ir-artesh-boulevard-18,تقاطع غیرهمسطح شهید مظاهری,colloquial,osm
ir-artesh-boulevard-19,تقاطع غیرهمسطح شهید مظاهری,colloquial,osm
ir-azadi-square-30,میدان آزادی,spelling,osm
ir-sa-idi-highway-5,بزرگراه شهیاد,old,osm
ir-sa-idi-highway-6,بزرگراه شهیاد,old,osm
ir-sa-idi-highway-7,بزرگراه شهیاد,old,osm
ir-shahi-daie,شهید اصلانی ۲۹,colloquial,osm
ir-khalaj-5,سیدی,old,osm
ir-w706310420,قوخ,colloquial,osm
ir-w706318637,میدان دکتر عزیزالله الهی,colloquial,osm
ir-raeisi-expressway-11,انوشیروان دادگر,old,osm
ir-raeisi-expressway-11,بزرگراه بعثت,colloquial,osm
ir-sa-idi-expressway-4,بزرگراه شهیاد,old,osm
ir-shahid-soleimani-expressway-14,بزرگراه رسالت,old,osm
ir-rezaei-3,مسیل جاجرود,old,osm
ir-siratnia-sq,میدان اطلاعات,old,osm
ir-siratnia-sq,میدان سیرت نیا,spelling,osm
ir-w706407241,میدان غیاثی,old,osm
ir-shahid-rashid-street-7,Hengam Blvd,old,osm
ir-w706645956,بزرگراه رسالت,old,osm
ir-amir-kabir-street-9,چراغ برق,old,osm
ir-mostafa-khomeini-5,سیروس,old,osm
ir-w707616978,بلوار ابوطالب,colloquial,osm
ir-hadi-saie-square-2,میدان شهرداری,colloquial,osm
ir-w708063757,بلوار شاداب,colloquial,osm
ir-w708190723,شهید امیری,colloquial,osm
ir-w711233868,آذر,colloquial,osm
ir-w711568423,شهدای مدافع حرم,colloquial,osm
ir-w711570482,حضرت معصومه 7,colloquial,osm
ir-w711582214,۱۷ شهریور 15,colloquial,osm
ir-w711617528,شهدای جعفری,colloquial,osm
ir-2-20,شهیدان حسینی,colloquial,osm
ir-43-2,دیالمه,colloquial,osm
ir-w712460413,خیابان شهید تختی,colloquial,osm
ir-w712460414,خیابان شهید تختی,colloquial,osm
ir-hadi-saie-square-3,میدان شهرداری,colloquial,osm
ir-azadi-street-15,خیابان آیزنهاور,old,osm
ir-azadi-street-15,خیابان آزادی,spelling,osm
ir-sa-idi-highway-8,بزرگراه شهیاد,old,osm
ir-jalale-ale-ahmad-boulevard-4,بولوار ایرج میرزا,old,osm
ir-mohammadieh-square,میدان اعدام,old,osm
ir-imamzade-hasan-2,امین الملک,colloquial,osm
ir-imamzade-hasan-3,امین الملک,colloquial,osm
ir-raeisi-expressway-12,انوشیروان دادگر,old,osm
ir-raeisi-expressway-12,بزرگراه بعثت,colloquial,osm
ir-w712902411,بلوار امام خمینی,spelling,osm
ir-w715303255,سید حسن نصرالله,colloquial,osm
ir-amoli,میان گذر,colloquial,osm
ir-w717820513,خیابان کوروش,old,osm
ir-w717820513,چهل متری سیروس,colloquial,osm
ir-w717820516,خیابان کوروش,old,osm
ir-w717820516,چهل متری سیروس,colloquial,osm
ir-16m-hosseini-2,فلسطین,colloquial,osm
ir-w720108726,میدان شهید دریادارهمتی,colloquial,osm
ir-w721054935,میدان کتاب و قلم,colloquial,osm
ir-w721868039,خیابان شهید چمران,colloquial,osm
ir-fajr-street-3,وحدت,colloquial,osm
ir-w723541742,میدان آزادی,colloquial,osm
ir-w723583090,روگذر عفرین,colloquial,osm
ir-w723800581,بلوار قاسم سلیمانی,colloquial,osm
ir-mada-en,سعیدآباد,colloquial,osm
ir-w725786307,نبوت,colloquial,osm
ir-w725786308,نبوت,colloquial,osm
ir-w728301934,۱۶ متری اکبرآباد,colloquial,osm
ir-w728756767,رجایی,colloquial,osm
ir-raouf,نکاح,colloquial,osm
ir-manouchehri-street-2,فرح,old,osm
ir-w730082754,میدان پارچین,colloquial,osm
ir-seyyedo-shohada-5,شن کش,colloquial,osm
ir-lieutenant-general-martyr-haj-qassem-soleymani-blvd-13,بولوار شهدا,old,osm
ir-lieutenant-general-martyr-haj-qassem-soleymani-blvd-13,بولوار شهید قاسم سلیمانی,colloquial,osm
ir-qasem-chegeni,قاسم چگنی,colloquial,osm
ir-shourideh-shirazi-street,۳۰ متری سینما سعدی,old,osm
ir-w733011444,خیابان چالوس,colloquial,osm
ir-shahid-ali-shadmani-blvd-2,بلوار دلاوران,old,osm
ir-shahid-ali-shadmani-blvd-2,بلوار شهید علی شادمانی,spelling,osm
ir-shafiei-mokarram-st,۱۳۵,colloquial,osm
ir-taleqani-st,۱۳۵ شرقی,colloquial,osm
ir-taleqani-st-2,۱۳۵ شرقی,colloquial,osm
ir-mansour-zohdi-st-2,خاک سفید,old,osm
ir-mansour-zohdi-st-2,امین,colloquial,osm
ir-w734605330,موسی بن جعفر,spelling,osm
ir-mother-square-9,میدان هنر,colloquial,osm
ir-w737802549,چهارده معصوم,colloquial,osm
ir-w737838344,مهدیس,colloquial,osm
ir-w738471196,پل شهید رحیمی,colloquial,osm
ir-w739484079,خیابان دکتر شهید سیدحسین فاطمی,old,osm
ir-w739484080,دکتر فاطمی,colloquial,osm
ir-w739484220,بولوار معلم - وکیل آباد ۸۳,old,osm
ir-movahed-danesh-3,خیابان اقدسیه,old,osm
ir-w739516497,شهید بابایی,colloquial,osm
ir-w740145974,کوچه باسکول,colloquial,osm
ir-w740145975,کوچه باسکول,colloquial,osm
ir-shojaeddin-davoudi-street-2,وحیدیه,old,osm
ir-shahidan-ghazvini-street,خیابان توحید تهرانپارس,old,osm
ir-w741170067,غیاثی‌پور,colloquial,osm
ir-allame-sheikh-shushtar,زیرگذرشهیدان خادم سیدشهدا,colloquial,osm
ir-koy-nasr-underpass,زیرگذر کوی نصر,colloquial,osm
ir-cyrus-3,سیروس,old,osm
ir-vahdat-e-eslami-2,وحدت اسلامی,colloquial,osm
ir-w744246344,ارس,colloquial,osm
ir-w744871276,خیابان شهید شکری,colloquial,osm
ir-mesam-tammar-2,بابانظر ۱۱,colloquial,osm
ir-shahid-hejazi-expressway-5,اتوبان تهران کرج,old,osm
ir-shahid-hejazi-expressway-6,اتوبان تهران کرج,old,osm
ir-w747524792,آیت الله نوری,colloquial,osm
ir-azadegan-sq-2,دروازه آستارا,old,osm
ir-azadegan-sq-2,میدان علی سرباز,colloquial,osm
ir-major-general-pilot-martyr-ghafoor-jeddi-sq,میدان ایثار,old,osm
ir-major-general-pilot-martyr-ghafoor-jeddi-sq,میدان شهید جدی,colloquial,osm
ir-dr-heshmat,دکتر حشمت,colloquial,osm
ir-shahid-rajaee-street-5,خیابان خورشید,old,osm
ir-imam-khomeini-street-22,رسولی,colloquial,osm
ir-w749741173,بلوط,colloquial,osm
ir-ayatollah-sa-idi-2,راهزان,colloquial,osm
ir-javadol-aeme-5,جهرم,colloquial,osm
ir-jalal-al-e-ahmad-2,رنگرزها,colloquial,osm
ir-w752293618,پل شهید پیران,colloquial,osm
ir-w752293622,خیابان دارو پخش,old,osm
ir-w752293622,خیابان شهید نونهال,colloquial,osm
ir-w752307473,بلوار علی ابن موسی الرضا علیه السلام,colloquial,osm
ir-w752981512,کوی قدس,colloquial,osm
ir-w753492242,حسابی مقدم 9,colloquial,osm
ir-w753927352,سلماس,colloquial,osm
ir-8th-bridge,پل غدیر,colloquial,osm
ir-8th-bridge-2,پل غدیر,colloquial,osm
ir-w755280515,شکوفه,spelling,osm
ir-w755590650,کمربندی شمالی,colloquial,osm
ir-w755600753,قلعه نو,colloquial,osm
ir-w755685698,خیابان ولی عصر,colloquial,osm
ir-w756175120,پیک دانش,colloquial,osm
ir-nareng-bagh-boulevard,خیابان سی متری,colloquial,osm
ir-w757491022,شهیدان صانعی موفق,colloquial,osm
ir-w757493821,زنگیان,colloquial,osm
ir-bazarcheh-4,khalilabad,colloquial,osm
ir-w759655099,جاده چالکیاسر,colloquial,osm
ir-w759791569,طالبی,old,osm
ir-w759822704,شهیدجهانی پور,spelling,osm
ir-w760603852,خیابان سی متری,colloquial,osm
ir-w760603852,بولوار آیت الله مروج,colloquial,osm
ir-karbalai-ahmad-street,اردیبهشت,colloquial,osm
ir-w762004009,خیابان شهید مدرس,colloquial,osm
ir-major-general-martyr-mehdi-bakeri-st,خیابان شهید باکری,colloquial,osm
ir-lieutenant-general-martyr-haj-qassem-soleymani-blvd-14,بولوار شهدا,old,osm
ir-lieutenant-general-martyr-haj-qassem-soleymani-blvd-14,بولوار شهید قاسم سلیمانی,colloquial,osm
ir-lieutenant-general-martyr-haj-qassem-soleymani-blvd-15,بولوار شهدا,old,osm
ir-lieutenant-general-martyr-haj-qassem-soleymani-blvd-15,بولوار شهید قاسم سلیمانی,colloquial,osm
ir-major-general-pilot-martyr-asadullah-barbari-overpass-3,پل پاکنژاد,colloquial,osm
ir-major-general-pilot-martyr-asadullah-barbari-overpass-3,پل شهید بربری,colloquial,osm
ir-major-general-pilot-martyr-asadullah-barbari-overpass-4,پل پاکنژاد,colloquial,osm
ir-major-general-pilot-martyr-asadullah-barbari-overpass-4,پل شهید بربری,colloquial,osm
ir-w763381308,سی متری دوم دلواری,colloquial,osm
ir-yas-e-sevom,بلوار شهر کرد,spelling,osm
ir-w764329215,بلوار عباس ورامینی,colloquial,osm
ir-borujerdi-bypass-5,سعید آباد,colloquial,osm
ir-w764339982,مظاهر,old,osm
ir-qasemi-2,اتابک,old,osm
ir-qasemi-2,ذوالفقاری,colloquial,osm
ir-sanaye-sq,میدان علم و ادب,colloquial,osm
ir-w766422825,میدان پردیس,colloquial,osm
ir-shahidan-rajaei-3,جهاد سازندگی,colloquial,osm
ir-shahidan-rajaei-3,هپکو,colloquial,osm
ir-qazi-tabatabaie-2,جهانگیری,colloquial,osm
ir-west-naseri-st,آسمان,colloquial,osm
ir-w769451044,نوزده دی 12,colloquial,osm
ir-w769554418,مطهری ۳۱,colloquial,osm
ir-w769675540,تونل استاد معین,colloquial,osm
ir-w769675541,تونل استاد معین,colloquial,osm
ir-vali-asr-amir-mazandarani,خیابان ولی عصر,colloquial,osm
ir-w769939852,خیابان ولی عصر,colloquial,osm
ir-w770017952,آهنگ,colloquial,osm
ir-w770017954,آهنگ,colloquial,osm
ir-koy-nasr-underpass-2,زیرگذر کوی نصر,colloquial,osm
ir-tehran-saveh-road-5,جاده قدیم تهران - ساوه,colloquial,osm
ir-w775524166,اشرفی,colloquial,osm
ir-imam-ali-expressway-31,امام علی,colloquial,osm
ir-motahari-junction-2,چهارراه احمدی,old,osm
ir-w776439401,پل سپهبد شهید سلیمانی,colloquial,osm
ir-w776658743,بلور سازی,old,osm
ir-bagh-dabir-3,کاشانی,colloquial,osm
ir-w777220168,بلوار هشت شهریور,colloquial,osm
ir-w777479461,تلخداش,colloquial,osm
ir-fadaeiyan-eslam-12,رزم آرا,old,osm
ir-fadaeiyan-eslam-12,فدائیان اسلام,colloquial,osm
ir-janbazan-boulevard-13,بلوار جانبازان,colloquial,osm
ir-south-molasadra-street,جابر,colloquial,osm
ir-sardar-soleymani-st,بولود قاراچوغورلو,colloquial,osm
ir-shahid-najafi-rastegar-exp-4,بزرگراه نجفی رستگار,spelling,osm
ir-east-shahid-motahari-2,خیابان احمدی,old,osm
ir-shahidan-ghazvini-street-towhid,خیابان توحید تهرانپارس,old,osm
ir-square-2,میدان راه و ترابری,colloquial,osm
ir-w783535586,خیابان شهید برزگر,colloquial,osm
ir-movahed-danesh-4,خیابان اقدسیه,old,osm
ir-bahonar-street-11,خیابان نیاوران,old,osm
ir-valiasr-street-23,پهلوی,old,osm
ir-valiasr-street-23,ولیعصر,colloquial,osm
ir-lavasani-boulevard-3,فرمانیه,old,osm
ir-sadeqiye-2nd-square-2,فلکه دوم آریاشهر,old,osm
ir-sadeqiye-2nd-square-2,میدان صادقیه,colloquial,osm
ir-w784379893,بلوار مصطفی خمینی,spelling,osm
ir-shahid-modarres-expressway-6,بزرگراه شاهنشاهی,old,osm
ir-bahonar-street-12,خیابان نیاوران,old,osm
ir-shahriari-square-2,میدان دانشجو,colloquial,osm
ir-w785217176,چهل و یکم امام خمینی ۴۱,colloquial,osm
ir-w785506792,امداد,colloquial,osm
ir-w785781733,دانشجو ۱,colloquial,osm
ir-w785819317,بلوار بهارستان,colloquial,osm
ir-shahrivar-17,هفده متری ملک,colloquial,osm
ir-zagros-suburb-ringroad-4,جاده حسن آباد,colloquial,osm
ir-w790794809,بز کوهی,colloquial,osm
ir-w792638156,پل آنا,colloquial,osm
ir-w793412995,بلوار طاق بستان,colloquial,osm
ir-w793563208,پاسداران,colloquial,osm
ir-w799272940,چمران,colloquial,osm
ir-w800385538,میدان شهید پورجعفر,colloquial,osm
ir-w802658227,احمد مقدس,colloquial,osm
ir-w805313153,عدالت 34,colloquial,osm
ir-shahid-abazari,شهید اباذری,colloquial,osm
ir-shahid-ajamian-boulevard-2,بلوار شورا,colloquial,osm
ir-beasat-5,جاده دولت آباد,colloquial,osm
ir-w812398185,بلوار امیرکبیر,colloquial,osm
ir-w815388217,بیست وچهارمتری فرهنگیان,colloquial,osm
ir-w815633425,بلوار شورا,old,osm
ir-w816365335,پارک,colloquial,osm
ir-motamed-nejad-sq,میدان جوانان,old,osm
ir-w818251916,بلوار ولیعصر,colloquial,osm
ir-w819079382,بلوار شهید سپهبد سلیمانی,colloquial,osm
ir-east-naseri-st,تابان,colloquial,osm
ir-w822878083,بزرگراه اردبیل - سراب - تبریز,colloquial,osm
ir-w822878083,بزرگراه شهید محمدزاده,colloquial,osm
ir-andarzgou-boulevard-2,بلوار شهید اندرزگو,spelling,osm
ir-w826063422,جاده نورعلی بیگ,colloquial,osm
ir-w827549873,مهرآباد,colloquial,osm
ir-abdolreza-blvd-2,بلوار شهید عباسپور,colloquial,osm
ir-abdolreza-blvd-2,بلوار بهار,colloquial,osm
ir-abdolreza-blvd-2,بلوار عبدالرضا,spelling,osm
ir-w828404892,بیمه چهارم,old,osm
ir-seif-2,بدخشان,old,osm
ir-w829931757,میدان پینارت,colloquial,osm
ir-langari-3,خیابان اقدسیه,colloquial,osm
ir-khorramshahr-blvd-3,خیابان سعد آباد,old,osm
ir-khorramshahr-blvd-3,Sa'ad Abad Street,colloquial,osm
ir-w832859532,شهدا,colloquial,osm
ir-sayyad-shirazi-expressway-8,بزرگراه نیاوران,old,osm
ir-sayyad-shirazi-expressway-8,بزرگراه صیاد شیرازی,spelling,osm
ir-sayyad-shirazi-expressway-9,بزرگراه نیاوران,old,osm
ir-sayyad-shirazi-expressway-9,بزرگراه صیاد شیرازی,spelling,osm
ir-zeynali-boulevard-5,بلوار کاج,colloquial,osm
ir-havaniruz-boulevard-2,بلوار صدرا,old,osm
ir-south-molasadra-street-2,جابر,colloquial,osm
ir-south-molasadra-2,جابر,colloquial,osm
ir-taleqani-19,تخت جمشید,old,osm
ir-municipal-asphalt-plant-road-2,جاده شن‌شویی,colloquial,osm
ir-isargaran-blvd,بلوار ایثارگران,spelling,osm
ir-behdad-salimi-expressway,جاده ساری به قائمشهر,colloquial,osm
ir-w851576019,خیابان قزوین,old,osm
ir-w851576019,قزوین,colloquial,osm
ir-w852349611,خیابان شهید بدری,colloquial,osm
ir-w854305904,بولوار شهید صیاد شیرازی,colloquial,osm
ir-w854434043,Beasat 29 St.,spelling,osm
ir-w854829341,خیابان انبار سیمان,colloquial,osm
ir-w856437628,فقیه,colloquial,osm
ir-dadgostari-square-2,میدان دادگستری,spelling,osm
ir-edalat-blvd,بلوار عدالت,spelling,osm
ir-shahid-salami-expressway-6,بزرگراه آزادگان,colloquial,osm
ir-w859883768,رودکی 1,colloquial,osm
ir-w860171066,شهید مفرد,colloquial,osm
ir-w860315365,۴۵ متری تکاور,colloquial,osm
ir-w860323229,خیابان کاویانی,old,osm
ir-w860925360,بلوار ملاصدرا,old,osm
ir-w860925767,جاوید,colloquial,osm
ir-dehkhoda-boulevard-4,بلوار فردوسی شمالی,colloquial,osm
ir-w863693573,خیابان دکتر نایبی,colloquial,osm
ir-shahid-salami-expressway-7,بزرگراه آزادگان,colloquial,osm
ir-velayat-square-9,میدان ولایت,spelling,osm
ir-w866184074,میرپور,colloquial,osm
ir-w866904470,ابهری,old,osm
ir-w867966490,مهاباد,colloquial,osm
ir-north-kargar-street-5,امیرآباد,old,osm
ir-west-janbazan-boulevard-5,گلبرگ غربی,colloquial,osm
ir-w872126151,میدان فرهنگ,colloquial,osm
ir-shariati-street-19,خیابان شمیران,old,osm
ir-azadi-street-17,خیابان آیزنهاور,old,osm
ir-azadi-street-17,خیابان آزادی,spelling,osm
ir-w876426570,بلوار خلیج فارس,colloquial,osm
ir-ghods-boulevard-2,بلوار آزادی,colloquial,osm
ir-hashemi-rafsanjani-boulevard-3,شهید سلیمانی,colloquial,osm
ir-hashemi-rafsanjani-boulevard-4,شهید سلیمانی,colloquial,osm
ir-damavand-street-7,خیابان تهران نو,old,osm
ir-damavand-street-7,خیابان دماوند,spelling,osm
ir-damavand-street-8,خیابان تهران نو,old,osm
ir-damavand-street-8,خیابان دماوند,spelling,osm
ir-damavand-street-9,خیابان تهران نو,old,osm
ir-damavand-street-9,خیابان دماوند,spelling,osm
ir-damavand-street-10,خیابان تهران نو,old,osm
ir-damavand-street-10,خیابان دماوند,spelling,osm
ir-shahid-dr-ayat-st-4,نارمک,old,osm
ir-w878619623,بلوار فاطمیه,colloquial,osm
ir-w878874476,شهید بیات,colloquial,osm
ir-haji-hasani-kargar,بولوار شارستان رضوی,old,osm
ir-martyr-valiollah-mohseni-st-2,۸.۳۷,colloquial,osm
ir-w881194164,یکم غربی,spelling,osm
ir-w881275735,وحدت,colloquial,osm
ir-gozal-khu-street-2,توکلی,colloquial,osm
ir-sa-idi-highway-9,بزرگراه شهیاد,old,osm
ir-martyr-taheri-st,یکصد و بیست و یکم,colloquial,osm
ir-azadi-street-18,خیابان آیزنهاور,old,osm
ir-azadi-street-18,خیابان آزادی,spelling,osm
ir-azadi-street-19,خیابان آیزنهاور,old,osm
ir-azadi-street-19,خیابان آزادی,spelling,osm
ir-w884308970,کنارگذر فتح,colloquial,osm
ir-shahid-motevaselian-expressway-11,جاده قدیم کرج,old,osm
ir-shahid-motevaselian-expressway-11,بزرگراه فتح,colloquial,osm
ir-sa-di-5,سعدی,colloquial,osm
ir-w884648003,حجت الاسلام ابوترابی,colloquial,osm
ir-piroozi-street-8,پیروزی,spelling,osm
ir-piroozi-street-9,فرح آباد,old,osm
ir-w886378895,شهید محمودلو,colloquial,osm
ir-w888464139,جاده کارخانه سیمان,colloquial,osm
ir-irlu-blvd-2,بلوار صبا,old,osm
ir-irlu-blvd-2,بلوار شهید ایرلو,spelling,osm
ir-shariati-street-20,خیابان شمیران,old,osm
ir-w888847409,شهید آزموده,colloquial,osm
ir-w888867198,میدان شهید احمدرضا حاج رحیمی,colloquial,osm
ir-sheykh-fazlollah-noori-expressway-9,بزرگراه ایوبی,old,osm
ir-sheykh-fazlollah-noori-expressway-10,بزرگراه ایوبی,old,osm
ir-shahid-soleimani-expressway-15,بزرگراه رسالت,old,osm
ir-w891984401,خیابان فسارود,colloquial,osm
ir-abshenasan-expressway-3,بزرگراه ایرانپارس,old,osm
ir-abshenasan-expressway-4,بزرگراه ایرانپارس,old,osm
ir-taavon-boulevard-3,بلوار تعاون,colloquial,osm
ir-w893596532,بیست متری خیبر جنوبی,colloquial,osm
ir-abshenasan-expressway-5,بزرگراه ایرانپارس,old,osm
ir-abshenasan-expressway-6,بزرگراه ایرانپارس,old,osm
ir-abshenasan-expressway-7,بزرگراه ایرانپارس,old,osm
ir-hashemi-rafsanjani-expressway-14,بزرگراه نیایش,colloquial,osm
ir-hashemi-rafsanjani-expressway-15,بزرگراه نیایش,colloquial,osm
ir-w893890770,مسجد حضرت ولیعصر,colloquial,osm
ir-w894010135,بلوار کاشان,old,osm
ir-sadeqiye-2nd-square-3,فلکه دوم آریاشهر,old,osm
ir-sadeqiye-2nd-square-3,میدان صادقیه,colloquial,osm
ir-shahid-modarres-expressway-7,بزرگراه شاهنشاهی,old,osm
ir-basij-expressway-26,افسریه,old,osm
ir-nobovat-sq-2,میدان هفت حوض,old,osm
ir-nobovat-sq-2,میدان نبوت,spelling,osm
ir-basij-expressway-27,افسریه,old,osm
ir-w896254966,مولوی ۱۳,colloquial,osm
ir-w896291674,فلکه دوم گلشهر,colloquial,osm
ir-w899094771,میدان شهید بهشتی,colloquial,osm
ir-khavaran-8,بزرگراه خاوران,colloquial,osm
ir-motahari-street-5,گاز,colloquial,osm
ir-shahid-soleimani-expressway-16,بزرگراه رسالت,old,osm
ir-w906988998,میدان شهدای پِلَک,colloquial,osm
ir-w910969559,کوی دادگستری,colloquial,osm
ir-w910969560,کوی دادگستری,colloquial,osm
ir-east-22th-bahman-street-4,فرحبخش شرقی,colloquial,osm
ir-azadi-square-31,دروازه شیراز,colloquial,osm
ir-kashani-street-7,مصدق کاشانی,colloquial,osm
ir-islamic-republic-square-2,دروازه تهران,colloquial,osm
ir-w914342361,خیابان مهدوی,colloquial,osm
ir-pasdaran-street-7,خیابان شهید محمدزاده,colloquial,osm
ir-khash-saravan-road-3,جاده خاش - سراوان,spelling,osm
ir-w915388771,میدان شهید زاهدی,colloquial,osm
ir-w915731521,شصت‌متری,colloquial,osm
ir-w915731522,شصت‌متری,colloquial,osm
ir-beasat-6,جاده دولت آباد,colloquial,osm
ir-basij-expressway-28,افسریه,old,osm
ir-eastern-sheykh-tosi-2,۲۴ متری دوم-شیخ طوسی شرقی,colloquial,osm
ir-fahmideh-2,پل سرهنگ,colloquial,osm
ir-meraj-square-4,میدان هفتون,colloquial,osm
ir-w916116460,میدان عروج,colloquial,osm
ir-olympic-square-2,میدان ورزش,old,osm
ir-olympic-square-2,میدان المپیک,colloquial,osm
ir-beheshti-street-9,شاپور قدیم,colloquial,osm
ir-islamic-republic-square-3,دروازه تهران,colloquial,osm
ir-shahid-alikhani-square,فلکه ملک شهر,old,osm
ir-shahid-alikhani-square,فلکه مطهری,colloquial,osm
ir-w917553525,میدان عاشورا,colloquial,osm
ir-daneshgah-sanati-highway-2,بزرگراه سردار شهید قاسم سلیمانی,colloquial,osm
ir-ghods-square-3,فلکه استادیوم,colloquial,osm
ir-w919242715,حجت الاسلام ابوترابی,colloquial,osm
ir-sohrevardi-street,سیمین,colloquial,osm
ir-kharazi-expressway-3,بزرگراه خیام,colloquial,osm
ir-robat-street-4,رباط ۱,colloquial,osm
ir-piroozi-street-10,فرح آباد,old,osm
ir-w921988657,میدان رفاه,colloquial,osm
ir-w921988660,میدان رفاه,colloquial,osm
ir-ayatullah-kashani-boulevard-8,بزرگراه آیت الله کاشانی,old,osm
ir-ayatullah-kashani-boulevard-8,بلوار آتاتورک,colloquial,osm
ir-w923395940,پل شهید قاسم سلیمانی,colloquial,osm
ir-w926497064,سی متری اول,colloquial,osm
ir-w926497067,علی ایمانی نصب,colloquial,osm
ir-sa-idi-expressway-5,جوانه,colloquial,osm
ir-jenah-highway-5,جناح,colloquial,osm
ir-w935073512,طالقانی,colloquial,osm
ir-eftekhari-boulevard,فومن - رشت,colloquial,osm
ir-tehran-ghadim-2,منتظری,colloquial,osm
ir-tehran-ghadim-3,منتظری,colloquial,osm
ir-w938444359,تونل استاد معین,colloquial,osm
ir-w939250123,قاهر,colloquial,osm
ir-yadgar-e-emam-2,ارغوان,colloquial,osm
ir-w942010552,بسیج مستضعفین,old,osm
ir-w942010552,بلوارگریاشان,colloquial,osm
ir-w942029564,کوی امام رضا,colloquial,osm
ir-khalaj-6,سیدی,old,osm
ir-shariati-street-21,خیابان شمیران,old,osm
ir-w949030425,شاطریان,colloquial,osm
ir-jomhori-eslami-square-4,میدان تلویزیون,colloquial,osm
ir-modarres-blvd-3,بلوار مدرس,colloquial,osm
ir-w952049402,پردیس دانشگاه,spelling,osm
ir-shahid-dr-ayat,نارمک,old,osm
ir-w954684305,مرتضوی,colloquial,osm
ir-w956029007,نسیم 8,colloquial,osm
ir-w958091371,بلوار سردار شهید قاسم سلیمانی,colloquial,osm
ir-palestine-square-6,Malek-Abad Square,colloquial,osm
ir-ayatollah-ebadi-street-3,خیابان خواجه ربیع,old,osm
ir-w960803938,بزرگراه اردبیل - سراب - تبریز,colloquial,osm
ir-w960803938,بزرگراه شهید محمدزاده,colloquial,osm
ir-pasdaran-blvd-4,بلوار پاسداران,spelling,osm
ir-pasdaran-blvd-5,بلوار پاسداران,spelling,osm
ir-shahid-reyhani-yasavoli-square-2,میدان یادگاران,old,osm
ir-dr-shariati-square-4,فلکه تقی آباد,old,osm
ir-basij-square-39,فلکه برق,colloquial,osm
ir-basij-square-40,فلکه برق,colloquial,osm
ir-w963168051,بلوار قدر شمالی,colloquial,osm
ir-akhund-e-khorasani-3,خیابان خاکی,old,osm
ir-ayatollah-shirazi-street-3,بالا خیابان,old,osm
ir-ayatollah-shirazi-street-3,خیابان شیرازی,colloquial,osm
ir-tus-bvd-5,توس,colloquial,osm
ir-bahar-boulevard-5,بولوار ملک الشعرا بهار,colloquial,osm
ir-bahar-boulevard-6,بولوار ملک الشعرا بهار,colloquial,osm
ir-w963830803,میدان طاووس,colloquial,osm
ir-sadr-boulevard-2,خیابان گل ختمی,old,osm
ir-15th-khordad-street-3,دارایی,colloquial,osm
ir-w965546872,شهید محمود نوروززاده بیدگلی,colloquial,osm
ir-persian-gulf-square-6,میدان هفتم آذر,old,osm
ir-persian-gulf-square-7,میدان هفتم آذر,old,osm
ir-haft-e-tir-boulevard-5,بولوار آب و برق,old,osm
ir-w966954059,میدان شهید شهباززاده,colloquial,osm
ir-khayyam-12,دهه فجر 23,colloquial,osm
ir-w969854752,میدان منطقه آزاد,colloquial,osm
ir-w969854753,میدان فرهنگیان,colloquial,osm
ir-hafez-square-8,فلکه گاراژدارها,colloquial,osm
ir-w970646419,سعدی,colloquial,osm
ir-takhti-square-3,میدان سعدآباد,colloquial,osm
ir-sadeghi-blvd-2,بولوار سازمان آب,colloquial,osm
ir-damavand-street-11,خیابان تهران نو,old,osm
ir-damavand-street-11,خیابان دماوند,spelling,osm
ir-municipal-asphalt-plant-road-3,جاده شن‌شویی,colloquial,osm
ir-ayatollah-shirazi-street-4,بالا خیابان,old,osm
ir-ayatollah-shirazi-street-4,خیابان شیرازی,colloquial,osm
ir-anajafi-boulevard-8,بلوار مهارت,old,osm
ir-anajafi-boulevard-8,بزرگراه شهید آنجفی,colloquial,osm
ir-hafez-square-9,فلکه گاراژدارها,colloquial,osm
ir-vosough-square-2,میدان وثوق,colloquial,osm
ir-w975564172,خیابان شبستان,colloquial,osm
ir-anajafi-boulevard-9,بزرگراه شهید آنجفی,colloquial,osm
ir-w976382756,شهید کاوه ۱۷ - کشمیری 44,colloquial,osm
ir-w978041771,چهل متری,colloquial,osm
ir-imam-ali-highway-30,کمربندی شمالی اراک,colloquial,osm
ir-w980160260,شکوفه,colloquial,osm
ir-w981520396,توس ۵۴,colloquial,osm
ir-w987155173,کوچه شهید فاطمی,colloquial,osm
ir-overpass-bridge-of-lieutenant-general-martyr-haj-qassem-soleymani,پل شهید قاسم سلیمانی,colloquial,osm
ir-overpass-bridge-of-lieutenant-general-martyr-haj-qassem-soleymani-2,پل شهید قاسم سلیمانی,colloquial,osm
ir-nirouye-havaee,شهید بابایی,colloquial,osm
ir-abu-saeed-abu-alkhair-square-2,سه راه عیدیانی,colloquial,osm
ir-imam-khomeini-square-27,فلکه ایران,colloquial,osm
ir-municipal-asphalt-plant-road-4,جاده کارخانه آسفالت شهرداری,colloquial,osm
ir-municipal-asphalt-plant-road-4,جاده شن‌شویی,colloquial,osm
ir-w991651881,روگذر افسران,colloquial,osm
ir-emamat-3,وثوق,old,osm
ir-azadi-street-20,خیابان آیزنهاور,old,osm
ir-azadi-street-20,خیابان آزادی,spelling,osm
ir-sa-idi-expressway-6,بزرگراه شهیاد,old,osm
ir-west-22th-bahman-street-4,فرحبخش غربی,colloquial,osm
ir-fazl-ibn-shazan-boulevard-3,فضل,colloquial,osm
ir-fazl-ibn-shazan-boulevard-4,فضل,colloquial,osm
ir-adib-boulevard-6,بلوار ادیب,old,osm
ir-adib-boulevard-7,بلوار ادیب,old,osm
ir-w996069880,حمزه سیدالشهدا 7,colloquial,osm
ir-ayatollah-taleqani-boulevard-8,سی‌متری,colloquial,osm
ir-ayatollah-taleqani-boulevard-9,سی‌متری,colloquial,osm
ir-dr-mo-tamed-rezaei-street,مطهری,colloquial,osm
ir-abu-saeed-abu-alkhair-square-3,سه راه عیدیانی,colloquial,osm
ir-w997836705,پل سنگی,colloquial,osm
ir-w997964993,پروانه,colloquial,osm
ir-amiriyah-boulevard,نایب احمد,colloquial,osm
ir-w1001320598,بلوار رستاخیز,colloquial,osm
ir-w1001988293,میدان شهربانی,colloquial,osm
ir-w1002589794,میدان اکسپورت,colloquial,osm
ir-eastern-sheykh-tosi-3,۲۴ متری دوم,colloquial,osm
ir-w1005754405,بیست‌متری موسوی,colloquial,osm
ir-w1007569007,بلوار شهدای جهاد,colloquial,osm
ir-w1007645248,جاده نوروزی,colloquial,osm
ir-w1007841122,مازیار,colloquial,osm
ir-w1008039532,خیابان چی چست,colloquial,osm
ir-w1009953260,دور برگردان پارک کودک,colloquial,osm
ir-sardar-soleimani-highway,بزرگراه شهید قاسم سلیمانی,colloquial,osm
ir-w1011989746,شهید رستمخانی,colloquial,osm
ir-4-6,شهید خرم صفا,colloquial,osm
ir-babaee-expressway-8,بزرگراه مدائن,old,osm
ir-w1015718833,شهید مطهری جنوبی,colloquial,osm
ir-w1022298604,امام خمینی ۳۶,colloquial,osm
ir-w1022479392,خیابان شهیدان باقری زنده‌دل,colloquial,osm
ir-ayatollah-maleki-2,سعدآباد,old,osm
ir-w1024957522,بیمه دوم,old,osm
ir-w1031959930,شهید محمودیان,colloquial,osm
ir-w1031959930,گلستان هفتم شمالی,colloquial,osm
ir-madani-street-10,نظام آباد,old,osm
ir-sistan-2,مهستان,old,osm
ir-w1033414526,ترییت بدنی,colloquial,osm
ir-w1035973406,ابوذر,colloquial,osm
ir-martyr-dariush-soltani-st,یکصد و سی و هفتم,colloquial,osm
ir-w1037470497,بلوار آزادگان,colloquial,osm
ir-shahid-rashid-street-8,Hengam Blvd,old,osm
ir-w1043093375,بلوار فرهنگیان فاز دو,colloquial,osm
ir-w1046359641,شهید مزار پودینه,colloquial,osm
ir-sa-idi-highway-10,بزرگراه شهیاد,old,osm
ir-zeynali-boulevard-6,بلوار کاج,colloquial,osm
ir-amiriyah-boulevard-2,نایب احمد,colloquial,osm
ir-sayyad-shirazi-expressway-10,بزرگراه نیاوران,old,osm
ir-sayyad-shirazi-expressway-10,بزرگراه صیاد شیرازی,spelling,osm
ir-roudbari-st,مهر,old,osm
ir-north-sohrevardi-avenue-2,فرح شمالی,old,osm
ir-w1056371130,صبا ۳۰,old,osm
ir-w1058436987,دور برگردان پارک کودک,colloquial,osm
ir-palestine-street-3,کاخ,old,osm
ir-w1060071190,خیابان دورشهر,colloquial,osm
ir-yousef-kolahdooz-4,خیابان دولت,old,osm
ir-valiasr-street-25,پهلوی,old,osm
ir-w1064518162,مشیری,colloquial,osm
ir-w1065401237,افسریه سوم,colloquial,osm
ir-w1065907594,فتاح غربی,colloquial,osm
ir-w1065907595,فتاح غربی,colloquial,osm
ir-w1067458295,خرم ۱۴,colloquial,osm
ir-w1067496753,بلوار نیلوفر,colloquial,osm
ir-w1067496756,بلوار نیلوفر,colloquial,osm
ir-w1067496760,بلوار نیلوفر,colloquial,osm
ir-w1068734716,بلوار شهدای هوانیروز,colloquial,osm
ir-w1069468982,چهارگل,colloquial,osm
ir-mohammadreza-pashazahari-2,خیابان کامرانیه,old,osm
ir-mohammadreza-pashazahari-2,کامرانیه جنوبی,colloquial,osm
ir-sabbari-street-2,آجودانیه,old,osm
ir-amir-kabir-street-10,چراغ برق,old,osm
ir-w1073514880,رسالت ۱۲,colloquial,osm
ir-w1074240860,هاشم آباد,colloquial,osm
ir-w1075253869,دولت آباد,colloquial,osm
ir-w1075901837,شهید مرتضی مسیب زاده,colloquial,osm
ir-osku-sahand-road-2,فاز چهار سهند,colloquial,osm
ir-osku-sahand-road-2,بلوار سردار سلیمانی,colloquial,osm
ir-w1076341179,رسول فرجی,colloquial,osm
ir-shariati-17,بلوار بهشتی,colloquial,osm
ir-w1077444136,خیابان فرمانفرما,old,osm
ir-w1077444136,کل‌هواس,spelling,osm
ir-seyedoshohada,فرح آباد 6,colloquial,osm
ir-w1079663143,تقی زاده,colloquial,osm
ir-w1079663143,شهید بهزاد تقی زاده,colloquial,osm
ir-emam-khomeini-street-16,خیابان امام خمینی,spelling,osm
ir-w1080749261,زیرگذر گلستان شهدا,colloquial,osm
ir-w1081241607,بیست متری حیدرآباد,colloquial,osm
ir-w1082161790,سرباز,colloquial,osm
ir-imam-ali-highway-31,کمربندی شمالی اراک,colloquial,osm
ir-w1082647106,مهدی ۲۳,colloquial,osm
ir-w1082821601,خیابان شهید مدرس,colloquial,osm
ir-w1083708113,پل ستارخان,colloquial,osm
ir-esteghlal-square-8,میدان دانشگاه,colloquial,osm
ir-daneshgah-sanati-highway-3,بزرگراه سردار شهید قاسم سلیمانی,colloquial,osm
ir-w1084369775,میدان عروج,colloquial,osm
ir-imam-ali-square-12,سبزه میدان,old,osm
ir-imam-ali-square-12,میدان قیام,colloquial,osm
ir-imam-ali-square-13,سبزه میدان,old,osm
ir-imam-ali-square-13,میدان قیام,colloquial,osm
ir-w1084369827,زیرگذر گلستان شهدا,colloquial,osm
ir-w1084673771,فلکه جوان,colloquial,osm
ir-w1085003380,شهید سپهبد صیاد شیرازی,colloquial,osm
ir-shahid-alikhani-square-2,فلکه ملک شهر,old,osm
ir-shahid-alikhani-square-2,فلکه مطهری,colloquial,osm
ir-w1085946068,اول,colloquial,osm
ir-w1085959328,کمربندی جنوب,colloquial,osm
ir-w1085959330,کمربندی جنوب,colloquial,osm
ir-shahid-alikhani-square-3,فلکه ملک شهر,old,osm
ir-shahid-alikhani-square-3,فلکه مطهری,colloquial,osm
ir-w1087641185,ابوذر غربی ۱۳,colloquial,osm
ir-w1087641186,ابوذر غربی ۱۳,colloquial,osm
ir-w1088740746,بازارچه شهرک چشمه,colloquial,osm
ir-w1092457292,درختی,old,osm
ir-w1093017469,اتوبان اصلی کیانشهر,colloquial,osm
ir-w1094045755,18 متری نشاط,colloquial,osm
ir-w1095572482,جاده کوه خضر به جمکران,colloquial,osm
ir-w1097478373,بلوار سعدی غربی,old,osm
ir-madar-square-10,میدان آبشار,old,osm
ir-w1099614778,عدالت,colloquial,osm
ir-18-4,خیابان ناسیونال,old,osm
ir-w1101651534,بلوار ایثار جنوبی,old,osm
ir-w1102306711,پل لشکرآباد,colloquial,osm
ir-w1103430929,خیابان شهید سیدفاطمی,colloquial,osm
ir-w1105694380,شهدای محمدآباد,spelling,osm
ir-w1105762026,مدرس 14,colloquial,osm
ir-w1106381295,شهدا مکه,spelling,osm
ir-w1106398223,شهید محمد حسین فهمیده,colloquial,osm
ir-w1108157821,باغشمال جدید,colloquial,osm
ir-w1108157822,باغشمال جدید,colloquial,osm
ir-w1111252474,بلوار دکتر شریعتی,colloquial,osm
ir-shahid-mustafa-hosseini-boulevard,بلوار دانشگاه شمالی,old,osm
ir-w1115016791,بزرگراه اردبیل - سراب - تبریز,colloquial,osm
ir-w1115016792,زیر گذر نیایش,colloquial,osm
ir-w1115016793,بزرگراه اردبیل - سراب - تبریز,colloquial,osm
ir-w1116505514,طبرسی ۴,colloquial,osm
ir-w1117751080,جلفا,colloquial,osm
ir-w1119105439,میدان علامه جعفری,colloquial,osm
ir-ahmadi-roshan-square-2,میدان کتابی,old,osm
ir-major-general-martyr-mirjafar-seyyed-fatemi-st-2,خیابان شهید سیدفاطمی,colloquial,osm
ir-persepolis-square,میدان پیروزان,old,osm
ir-persepolis-square,میدان پرسپولیس,spelling,osm
ir-w1124756778,میدان آزادگان,colloquial,osm
ir-w1126227111,بلوار ولیعصر,colloquial,osm
ir-w1126227112,بلوار ولیعصر,colloquial,osm
ir-w1126432774,اخلاص,colloquial,osm
ir-w1126733826,حاج کمک جعفربای,spelling,osm
ir-meraj-square-6,میدان هفتون,colloquial,osm
ir-imam-ali-square-14,سبزه میدان,old,osm
ir-imam-ali-square-14,میدان قیام,colloquial,osm
ir-meraj-square-7,میدان هفتون,colloquial,osm
ir-w1131948180,میدان حجت آباد,colloquial,osm
ir-eftekhari-boulevard-2,رشت - فومن,colloquial,osm
ir-nehzat-boulevard-3,هلال احمر,colloquial,osm
ir-nehzat-boulevard-4,هلال احمر,colloquial,osm
ir-w1135873250,سرو گل,colloquial,osm
ir-w1136373393,خیابان صایب تبریزی.پاییز ۷,colloquial,osm
ir-w1136418884,امام خمینی 39,colloquial,osm
ir-w1137213970,کاشان - نوش آباد,colloquial,osm
ir-w1138237009,مطهری,colloquial,osm
ir-w1138237081,40 متری,colloquial,osm
ir-w1145226732,بلوار جام جم,colloquial,osm
ir-sari-khazarabad-road,جاده خزرآباد - ساری,colloquial,osm
ir-shahid-soleimani-blvd-3,جاده قائمشهر به ساری,colloquial,osm
ir-w1146460919,میدان پینارت,colloquial,osm
ir-w1147545689,میدان شهدای لبنان,colloquial,osm
ir-w1149819798,سلماس,colloquial,osm
ir-darvazeh-dowlat-2,دروازه دولت,colloquial,osm
ir-w1150881582,علی اکبر عربی,colloquial,osm
ir-w1157584776,حافظ,colloquial,osm
ir-w1157584777,حافظ,colloquial,osm
ir-w1162405809,کمربندی نه دی,colloquial,osm
ir-w1162438729,میدان استاد شهریار,colloquial,osm
ir-shahid-salami-expressway-8,بزرگراه آزادگان,colloquial,osm
ir-w1163360845,بلوار نیروگاه,colloquial,osm
ir-7th-tir-boulevard-7,آبرسانی,colloquial,osm
ir-7th-tir-boulevard-8,آبرسانی,colloquial,osm
ir-w1167558750,سروش جنگل,colloquial,osm
ir-w1167558750,سی متری دوم,colloquial,osm
ir-w1167558752,سی متری دوم,colloquial,osm
ir-w1167558755,23 رسالت,colloquial,osm
ir-w1167558756,سی متری اول,colloquial,osm
ir-shahid-motevaselian-expressway-12,جاده قدیم کرج,old,osm
ir-shahid-motevaselian-expressway-12,بزرگراه فتح,colloquial,osm
ir-w1172500952,کنارگذر فتح,colloquial,osm
ir-rasht-to-anzali-road,رشت - خمام,colloquial,osm
ir-rasht-to-anzali-road,بلوار آستراخان,colloquial,osm
ir-rasht-to-anzali-road-2,رشت - خمام,colloquial,osm
ir-rasht-to-anzali-road-2,بلوار آستراخان,colloquial,osm
ir-w1175186692,خمام - رشت,colloquial,osm
ir-w1175186692,بلوار آستراخان,colloquial,osm
ir-pasdaran-boulevard-21,کوثر,colloquial,osm
ir-w1177652474,جاده کوهک,colloquial,osm
ir-w1177825113,استقامت دوم,colloquial,osm
ir-northern-ghaani-2,قانی کهنه,old,osm
ir-imam-ali-highway-32,کمربندی شمالی اراک,colloquial,osm
ir-w1180375675,اسپریس,colloquial,osm
ir-w1180604741,بیست متری خیبر شمالی,colloquial,osm
ir-enghelab-eslami-street-2,مشیر فاطمی,old,osm
ir-w1183963107,هشت متری باغ نارنج,colloquial,osm
ir-1st-shahran-square-2,فلکه اول شهران,colloquial,osm
ir-azadi-square-34,دروازه شیراز,colloquial,osm
ir-marnan-street-3,میرزا کوچک خان,colloquial,osm
ir-w1185265143,میدان هسا,colloquial,osm
ir-w1185265154,سردار کمالی,colloquial,osm
ir-w1185265373,خیابان جهان‌پهلوان رضا‌زاده,colloquial,osm
ir-w1187018761,قزوین - رشت,colloquial,osm
ir-w1188259794,شهدای مظفر,colloquial,osm
ir-w1189607023,بلوار آزادگان,colloquial,osm
ir-rouzbehan-boulevard-2,بلوار بولوار,colloquial,osm
ir-rouzbehan-boulevard-3,بلوار روزبهان,colloquial,osm
ir-moallem-blvd-3,بلوار معلم,colloquial,osm
ir-w1191758152,حاجی‌آباد,colloquial,osm
ir-w1191758153,حاجی‌آباد,colloquial,osm
ir-enghelab-eslami-street-3,مشیر فاطمی,old,osm
ir-w1193269967,کشاورزی شمالی ۱۴,colloquial,osm
ir-shahid-alikhani-square-4,فلکه ملک شهر,old,osm
ir-shahid-alikhani-square-4,فلکه مطهری,colloquial,osm
ir-shohadaye-artesh-square-2,میدان اقدسیه,colloquial,osm
ir-shohadaye-artesh-square-3,میدان اقدسیه,colloquial,osm
ir-qasrodasht-street-3,خيابان رحمت آباد,colloquial,osm
ir-w1194211199,رهنان,colloquial,osm
ir-w1194922922,بیست متری سعدی,colloquial,osm
ir-rajaei-boulevard-5,فرهنگ شهر,colloquial,osm
ir-w1198051521,کنارگذر شهید همدانی,colloquial,osm
ir-hejazi-expressway-4,اتوبان تهران کرج,old,osm
ir-rasht-qazvin-3,رشت - قزوین,colloquial,osm
ir-w1202474197,بیمارستان,colloquial,osm
ir-shariati-boulevard-14,معالی ٱباد,old,osm
ir-shariati-boulevard-14,معالی آباد,colloquial,osm
ir-w1203102042,مزدوری ۱۲,colloquial,osm
ir-azar-boulevard-3,طالقانی,old,osm
ir-vahdat-e-eslami-street-4,شاپور,old,osm
ir-vahdat-e-eslami-street-4,شاهپور,colloquial,osm
ir-shahid-modarres-expressway-8,بزرگراه شاهنشاهی,old,osm
ir-shahid-modarres-expressway-9,بزرگراه شاهنشاهی,old,osm
ir-mohammadieh-square-2,میدان اعدام,old,osm
ir-mohammadieh-square-3,میدان اعدام,old,osm
ir-alzahra-boulevard-3,بلوار فرح,old,osm
ir-w1206359128,خیابان شبهای رنگی,colloquial,osm
ir-w1208243582,گذر فرخ,old,osm
ir-w1208421452,خیابان عطار,colloquial,osm
ir-w1210720088,امام زمان,colloquial,osm
ir-w1212433404,خیابان شهید چمران,colloquial,osm
ir-hadi-chupan-boulevard-4,یاوران غربی,colloquial,osm
ir-talaeiyeh-boulevard-5,بلوار طلائیه,colloquial,osm
ir-talaeiyeh-boulevard-6,بلوار طلائیه,colloquial,osm
ir-talaeiyeh-boulevard-7,بلوار طلائیه,colloquial,osm
ir-hejazi-expressway-5,اتوبان تهران کرج,old,osm
ir-hejazi-expressway-6,اتوبان تهران کرج,old,osm
ir-hejazi-expressway-7,اتوبان تهران کرج,old,osm
ir-hejazi-expressway-8,اتوبان تهران کرج,old,osm
ir-port-blvd-3,بلوار اطبا,colloquial,osm
ir-port-blvd-3,بلوار بندر,spelling,osm
ir-western-baharestan-boulevard-3,بلوار بهارستان غربی,colloquial,osm
ir-ghahramanan-boulevard-7,بلوار قهرمانان,colloquial,osm
ir-vokala-3,همت شمالی,old,osm
ir-shiraz-ring-20,کمربندی شیراز1,spelling,osm
ir-shiraz-ring-23,کمربندی شیراز1,spelling,osm
ir-pasdaran-boulevard-22,زرهی,old,osm
ir-w1219934411,کوی کوثر,colloquial,osm
ir-shiraz-ring-27,کمربندی شیراز1,spelling,osm
ir-shiraz-ring-28,کمربندی شیراز1,spelling,osm
ir-khanekuk-hoseynabad-road,هفده شهریور۱۶,colloquial,osm
ir-w1222707114,بلوار بی بی مریم بختیاری,colloquial,osm
ir-sattar-khan-street-5,خیابان تاج,old,osm
ir-beasat-7,جاده دولت آباد,colloquial,osm
ir-w1228570974,استاد سید مهدی چیتی,old,osm
ir-w1228570974,گلسرخ 28,colloquial,osm
ir-w1228570976,استاد سید مهدی چیتی,old,osm
ir-w1228570976,گلسرخ 28,colloquial,osm
ir-w1228570977,استاد سید مهدی چیتی,old,osm
ir-w1228570977,گلسرخ 28,colloquial,osm
ir-shariati-boulevard-15,معالی ٱباد,old,osm
ir-shariati-boulevard-15,معالی آباد,colloquial,osm
ir-w1229874761,معلم,colloquial,osm
ir-43-3,دیالمه,colloquial,osm
ir-keshavarz-boulevard-26,بلوار الیزابت دوم,old,osm
ir-motahhari-street-10,تخت طاووس,old,osm
ir-north-mofateh-street-2,روزولت,old,osm
ir-w1233571733,عباسی,old,osm
ir-w1234559294,مرتضی محمدی,colloquial,osm
ir-yadollah-kalhor-st-2,ساسان,old,osm
ir-halaavi-2,مهاجرین,old,osm
ir-w1236016129,رسالت ۶,colloquial,osm
ir-w1237775164,سی متری جی,colloquial,osm
ir-w1239159264,شهدای نجف آباد,colloquial,osm
ir-w1239159276,خیابان دکتر اسلامی ندوشن,colloquial,osm
ir-w1239560177,فجر ۵۸,colloquial,osm
ir-w1239560178,شهید صفرعلی طاهری,colloquial,osm
ir-w1240420817,بلوار 60 متری,colloquial,osm
ir-w1240420818,بلوار 60 متری,colloquial,osm
ir-baradaran-hasani-2,قلعه مرغی,old,osm
ir-jomhuriye-eslami-street-6,شاه,old,osm
ir-w1243618469,۴۳متری,colloquial,osm
ir-w1244061671,بلوار استقلال شمالی,spelling,osm
ir-w1249434103,خیابان اسماعیل بیگ,old,osm
ir-martyr-davar-yosri-st-2,خیابان والی,old,osm
ir-martyr-davar-yosri-st-2,خیابان شهید یسری,colloquial,osm
ir-w1252212178,جاده روستای قپچاق,colloquial,osm
ir-major-general-pilot-martyr-mohammad-haji-overpass-4,پل شهید حاجی,colloquial,osm
ir-shahid-hemmat-expressway-17,بزرگراه شمال عباس آباد,old,osm
ir-w1255994848,آق تپه,colloquial,osm
ir-w1259593388,بلوار دانشگاه بین‌المللی امام خمینی,colloquial,osm
ir-mohitban-boulevard,بلوار موج,colloquial,osm
ir-madani-boulevard-3,سامت,colloquial,osm
ir-w1265872722,مطهری 44,colloquial,osm
ir-w1268951159,شهید گلی 4,colloquial,osm
ir-w1270809953,طالقانی,colloquial,osm
ir-w1271098781,شالیکوبی,colloquial,osm
ir-damavand-street-12,خیابان تهران نو,old,osm
ir-damavand-street-12,خیابان دماوند,spelling,osm
ir-movahed-danesh-5,خیابان اقدسیه,old,osm
ir-movahed-danesh-6,خیابان اقدسیه,old,osm
ir-alghadir-sq-2,میدان الغدیر,spelling,osm
ir-w1275058697,سی متری جی,old,osm
ir-hor-square-7,میدان باغ شاه,old,osm
ir-kamali-7,کمالی,colloquial,osm
ir-lashgari-expressway-14,جاده مخصوص کرج,old,osm
ir-shahid-lashgari-expressway-2,جاده مخصوص کرج,old,osm
ir-beheshti-29,خیابان عباس آباد,old,osm
ir-beheshti-29,عباس آباد,colloquial,osm
ir-damavand-street-13,خیابان تهران نو,old,osm
ir-damavand-street-13,خیابان دماوند,spelling,osm
ir-rezaei-4,مسیل جاجرود,old,osm
ir-moosa-namjoo-sq-2,میدان ثریا,old,osm
ir-moosa-namjoo-sq-2,میدان گرگان,colloquial,osm
ir-moosa-namjoo-sq-2,میدان موسی نامجو,spelling,osm
ir-hefdah-shahrivar-street-13,شهناز,old,osm
ir-w1280385306,خیابان وحدت,old,osm
ir-w1280385306,خیابان شهید فخرزاده,colloquial,osm
ir-w1280491994,سلمان,colloquial,osm
ir-raisi-st,خیابان گلها,old,osm
ir-raisi-st,خیابان شهرداری,colloquial,osm
ir-shahid-solgi-boulevard-2,بلوار شهید سلگی,colloquial,osm
ir-w1281894294,بزرگراه مقدم,colloquial,osm
ir-shahid-rashid-street-9,Hengam Blvd,old,osm
ir-nirooye-daryayei-st,شهدای گل,colloquial,osm
ir-damavand-street-14,خیابان تهران نو,old,osm
ir-damavand-street-14,خیابان دماوند,spelling,osm
ir-davood-golshandoost-5,مسیل باختر,colloquial,osm
ir-w1283209128,بلوار بهشتی,colloquial,osm
ir-w1284692045,باغشمال جدید,colloquial,osm
ir-w1287313993,خیابان سی متری,colloquial,osm
ir-w1287313993,بولوار آیت الله مروج,colloquial,osm
ir-qarani-street-4,فیشرآباد,old,osm
ir-shahid-hejazi-expressway-7,اتوبان تهران کرج,old,osm
ir-lieutenant-general-martyr-haj-qassem-soleymani-blvd-16,بلوار شهدا,old,osm
ir-lieutenant-general-martyr-haj-qassem-soleymani-blvd-16,بلوار شهید قاسم سلیمانی,colloquial,osm
ir-lieutenant-general-martyr-haj-qassem-soleymani-blvd-17,بلوار شهدا,old,osm
ir-lieutenant-general-martyr-haj-qassem-soleymani-blvd-17,بلوار شهید قاسم سلیمانی,colloquial,osm
ir-lieutenant-general-martyr-haj-qassem-soleymani-blvd-18,بلوار شهدا,old,osm
ir-lieutenant-general-martyr-haj-qassem-soleymani-blvd-18,بلوار شهید قاسم سلیمانی,colloquial,osm
ir-adami-martyrs-st,بهار شرقی,old,osm
ir-shahid-hemmat-expressway-18,بزرگراه شمال عباس آباد,old,osm
ir-mozafari-nia-3,سراج,old,osm
ir-malek-ashtar-3,آریانا,old,osm
ir-shahid-hejazi-expressway-8,اتوبان تهران کرج,old,osm
ir-jeddiye-ardebili-boulevard-2,بلوار ۳۵ متری آبشار,old,osm
ir-shahid-hemmat-expressway-19,بزرگراه شمال عباس آباد,old,osm
ir-hashemi-rafsanjani-expressway-17,بزرگراه نیایش,colloquial,osm
ir-w1295018927,مجدم,colloquial,osm
ir-w1298081574,زیر گذر نیایش,colloquial,osm
ir-w1300151359,نواب صفوی 20,colloquial,osm
ir-w1300519749,پل روگذر سرلشکر شهید ضیاءالدین ذاکر,old,osm
ir-w1300519749,پل شهید رئیسی,colloquial,osm
ir-w1301278884,خیابان دکتر نایبی,colloquial,osm
ir-azadi-boulevard-23,رجائی شهر,colloquial,osm
ir-alimoradian-4,بلوار کوهک,colloquial,osm
ir-martyr-navvab-safavi-blvd-3,بلوار شهید نواب صفوی,spelling,osm
ir-w1308759833,خمام - رشت,colloquial,osm
ir-w1308759833,بلوار آستراخان,colloquial,osm
ir-w1308982277,۳۰متری امامشهر,colloquial,osm
ir-major-general-martyr-mehdi-bakeri-st-2,خیابان شهید باکری,colloquial,osm
ir-haji-hasani-kargar-2,بولوار شارستان رضوی,old,osm
ir-valiasr-street-26,مصدق,colloquial,osm
ir-w1315123662,میدان وارش,colloquial,osm
ir-w1315471818,بلوار باباجانیان,colloquial,osm
ir-w1315486808,مهر جنوبی,colloquial,osm
ir-abay-sq,میدان آبای,spelling,osm
ir-ayatollah-moalemi-blvd,قائمشهر - جویبار,colloquial,osm
ir-w1322159483,فرشچیان,colloquial,osm
ir-w1326193575,شاکر ۱۰,colloquial,osm
ir-w1327449266,منوچهرزنگنه- جاده بنه سهراب,colloquial,osm
ir-salman-e-farsi-square,میدان پردیس,colloquial,osm
ir-mellat-boulevard-7,بلوار ملت,colloquial,osm
ir-martyr-dariush-soltani-st-2,یکصد و سی و هفتم,colloquial,osm
ir-enqelabe-eslami-boulevard,بلوار انقلاب اسلامی,colloquial,osm
ir-enqelabe-eslami-boulevard,بلوار علامه مطهری,colloquial,osm
ir-salami-local-lane-5,کنارگذر آزادگان,colloquial,osm
ir-w1333444218,جاده شهرکیان - بهرام آباد,colloquial,osm
ir-defae-moghaddas-square,دوراه همدان,old,osm
ir-w1337981698,حجاب 2,old,osm
ir-w1348671675,خیابان مثنوی,colloquial,osm
ir-mosalla-street-3,آب ۲۵۰,colloquial,osm
ir-w1355281124,چهارم غربی,spelling,osm
ir-w1374804940,چهارراه دولت,colloquial,osm
ir-w1376095084,عشایری,colloquial,osm
ir-sepah-square-11,میدان عشرت آباد,old,osm
ir-h-r-mazhdi-boulevard-2,بلوار اوشان,colloquial,osm
ir-4th-piroozi,پیروزی ۴,colloquial,osm
ir-piroozi-street-13,فرح آباد,old,osm
ir-shourideh-shirazi-street-2,۳۰ متری سینما سعدی,old,osm
ir-w1391845568,مسیر عیدگاه,colloquial,osm
ir-w1394102297,میدان نصر,colloquial,osm
ir-saa-at-square-2,فلکه ساعت,colloquial,osm
ir-raisi-expressway-3,اتوبان فرودگاه,colloquial,osm
ir-raisi-expressway-4,اتوبان فرودگاه,colloquial,osm
ir-prof-majid-samiei-boulevard-2,جاده رشت - لاکان,colloquial,osm
ir-prof-majid-samiei-boulevard-2,پروفسور مجید سمیعی,colloquial,osm
ir-palestine-street-4,کاخ,old,osm
ir-west-pasargad-boulevard-3,بلوار پاسارگاد شرقی,colloquial,osm
ir-imam-ali-square-15,میدان امام علی (ع),spelling,osm
ir-w1420032185,شهدای روح آباد,colloquial,osm
ir-molavi-underpass,زیرگذر مولوی,spelling,osm
ir-gosht-dashto-bondaran-road,جاده گشت - دشتو - بندران,spelling,osm
ir-municipality-square-2,میدان شهدا,colloquial,osm
ir-emam-hossein-square-18,فلکه ستاد، حوض فلکه، فلکه ساعت، فلکه شاه,old,osm
ir-emam-hossein-square-18,میدان ستاد,colloquial,osm
ir-emam-hossein-square-19,فلکه ستاد، حوض فلکه، فلکه ساعت، فلکه شاه,old,osm
ir-emam-hossein-square-19,میدان ستاد,colloquial,osm
ir-partoo-boulevard-4,بلوار پرتو,colloquial,osm
ir-emam-hossein-square-20,فلکه ستاد، حوض فلکه، فلکه ساعت، فلکه شاه,old,osm
ir-emam-hossein-square-20,میدان ستاد,colloquial,osm
ir-imam-hoseyn-square,میدان فوزیه,old,osm
ir-w1443200465,گلگشت,colloquial,osm
ir-w1443434421,جاده تمبی,colloquial,osm
ir-w1444572815,تربیت 14,colloquial,osm
ir-shahid-soleimani-expressway-17,بزرگراه رسالت,old,osm
ir-nareng-bagh-boulevard-2,خیابان سی متری,colloquial,osm
ir-lashgari-expressway-15,جاده مخصوص کرج,colloquial,osm
ir-lashgari-expressway-16,جاده مخصوص کرج,colloquial,osm
ir-w1451156635,کنف کار,colloquial,osm
ir-w1456894154,بولوار ولایت,old,osm
ir-w1457901967,شیرخدا,colloquial,osm
ir-w1473345560,خیابان شهید فرقان بین,colloquial,osm
ir-w1474846397,کوچه سوم,colloquial,osm
ir-razi-square-4,میدان رازی,colloquial,osm
ir-martyr-shadman-st,خیابان شهید شادمان,colloquial,osm
ir-w1523606501,خیابان آیین,spelling,osm
ir-w1524581466,ذکاء الملک,old,osm
ir-keshavarz-boulevard-27,بلوار کشاورز,spelling,osm
ir-kolahchi-blvd,بلوار شهید نصراله کلاهچی,colloquial,osm
ir-hejrat-blvd,بلوار هجرت,spelling,osm
ir-azadegan-boulevard-13,بلوار کرج,colloquial,osm
ir-w1530289149,خیابان شهید سعید خانعلی,colloquial,osm
ir-w1535006445,طلوع ۷,colloquial,osm
ir-1st-shahran-square-3,فلکه اول شهران,colloquial,osm
ir-shahid-hemmat-expressway-20,بزرگراه شمال عباس آباد,old,osm
ir-daftar-street,خیابان دفتر,spelling,osm
ir-jenah-highway-6,جناح,colloquial,osm
ir-pahlevane-moghavemat-square,بلوار حافظ,colloquial,osm
ir-shahid-modarres-expressway-10,بزرگراه شاهنشاهی,old,osm
ir-yadollah-kalhor-st-3,ساسان,old,osm
ir-sa-idi-highway-11,بزرگراه شهیاد,old,osm
ir-9th-dey-sq-2,میدان حق شناس,colloquial,osm
ir-valiasr-street-27,مصدق,old,osm
ir-helal-ahmar-street-3,شیروخورشید,old,osm
ir-qods-15,مسیل باختر,old,osm
ir-shahid-khazri-2,مسیل باختر,old,osm
ir-shahid-soleimani-expressway-18,بزرگراه رسالت,old,osm
ir-shahid-soleimani-expressway-19,بزرگراه رسالت,old,osm
ir-sayyad-shirazi-expressway-11,بزرگراه نیاوران,old,osm
ir-sayyad-shirazi-expressway-11,بزرگراه صیاد شیرازی,spelling,osm
ir-w1545048237,بزرگراه بهشت زهرا,old,osm
ir-imam-hoseyn-square-2,میدان فوزیه,old,osm
ir-babaee-expressway-9,بزرگراه مدائن,old,osm
ir-fallahi-5,زعفرانیه,old,osm
ir-martyr-haji-babaei-boulevard-3,بلوار شهید حاجی بابایی,colloquial,osm
ir-mohammadieh-square-4,میدان اعدام,old,osm
ir-beheshti-30,خیابان قزوین,old,osm
ir-beheshti-30,قزوین,colloquial,osm
ir-beheshti-31,خیابان قزوین,old,osm
ir-beheshti-31,قزوین,colloquial,osm
ir-w1547511606,خیابان قزوین,old,osm
ir-w1547511606,قزوین,colloquial,osm
ir-jalal-al-ahmad-expressway-7,فرحزاد,old,osm
ir-w1547767770,۱۵ متری دوم,colloquial,osm
ir-imam-hadi-sq-2,میدان امام هادی,spelling,osm
ir-imam-hadi-sq-3,میدان امام هادی,spelling,osm
ir-vahdat-e-eslami-street-5,شاپور,old,osm
ir-vahdat-e-eslami-street-5,شاهپور,colloquial,osm
ir-w1549866150,خیابان نهر فیروزآباد,old,osm
ir-w1552516307,بلوار شهید فخری زاده,colloquial,osm
ir-w1552516308,بلوار شهید فخری زاده,colloquial,osm
ir-behesht-sq-2,میدان بهشت,spelling,osm
ir-sheykh-fazlollah-noori-expressway-11,بزرگراه ایوبی,old,osm
ir-urmia,اورمیه,old,osm
ir-urmia,اورمو,colloquial,osm
ir-bandar-e-anzali,Bandar-e Pahlavi,old,osm
ir-mohammadiyeh-city,زیباشهر,old,osm
ir-r16118739,صوفیان;سوفیان,colloquial,osm
ir-r13016310,بانە,colloquial,osm
ir-r16141105,آپادانا,old,osm
ir-bojnord,بیژن گرد,old,osm
ir-r17340930,خانا,old,osm
ir-takab,تیکان تپه,spelling,osm
ir-r17133261,علمده,colloquial,osm
ir-r16464038,مغان,old,osm
ir-neyriz,نیریز,colloquial,osm
ir-r17749619,بهمن میر,old,osm
ir-quchan,"Quchon, Kuchan",colloquial,osm
ir-chabahar,چهبار,colloquial,osm
ir-r16551980,چه چکر,colloquial,osm
ir-mahdishahr,سنگسر,colloquial,osm
ir-r18985268,گُمِش تَپِّه,old,osm
ir-r17341329,هشتپر تالش,spelling,osm
ir-r17341134,Tayyebat,colloquial,osm
ir-jiroft,Sabzvārān,old,osm
ir-lar,لاد,old,osm
ir-lar,لارستان,colloquial,osm
ir-gerash,گِراش,colloquial,osm
ir-r16463801,پهره,old,osm
ir-r12241866,شاه آباد,old,osm
ir-r12241866,Eslamabad;Harunabad;Shahabad;Shahabad-e Gharb,colloquial,osm
ir-kosar-3,کوی کوکاکولا,old,osm
ir-radeh,میثم,colloquial,osm
ir-safashahr,Dehbid,old,osm
ir-w58719834,کرد کوی,spelling,osm
ir-kalat-city,کلات نادری,spelling,osm
ir-kalat-city,شهر زو,colloquial,osm
ir-niroo-havaee,شهرک نیروی هوایی,old,osm
ir-bandar-ganaveh,گناوه,colloquial,osm
ir-r18161690,امیرشهر,colloquial,osm
ir-r17351934,شهسوار,old,osm
ir-golbaf,Gowg,colloquial,osm
ir-bandar-siraf-city,بندر طاهِری,colloquial,osm
ir-bandar-siraf-city,سیراف,spelling,osm
ir-w75004572,بایگ,spelling,osm
ir-alvand,شهر صنعتی البرز قزوین,colloquial,osm
ir-sousangerd,دشت میشان,old,osm
ir-sousangerd,خفاجیه,colloquial,osm
ir-w1092588105,دزآب,old,osm
ir-shahin-dezh,"سایین قالا,صائین‌دژ,صایین قلعه افشار",colloquial,osm
ir-r6556713,بستان‌آباد,spelling,osm
ir-marivan,قەڵا,old,osm
ir-marivan,Meriwan,colloquial,osm
ir-bidestan-city,بیدستان,spelling,osm
ir-nahavand,ناون,colloquial,osm
ir-nahavand,ناوَن,colloquial,osm
ir-ardakan,سپیدان,colloquial,osm
ir-fuladshahr,آریاشهر,old,osm
ir-r16783015,گل دشت,colloquial,osm
ir-r12950613,خياو‎‎,old,osm
ir-r14456858,گاوگان,old,osm
ir-r14456858,گوگن,colloquial,osm
ir-r8768515,آق قلعه,colloquial,osm
ir-r9080270,دَرْگَهان,colloquial,osm
ir-parsian-city,گاوبندی,colloquial,osm
ir-w1230391223,یاسریه,colloquial,osm
ir-sardrud,سرده ری,colloquial,osm
ir-r17341093,مهریوان,colloquial,osm
ir-r16494059,ترکمنچای,colloquial,osm
ir-r6555297,احمدلو,old,osm
ir-r6555297,آبیش احمد,spelling,osm
ir-r18535359,کؤشکه سارای,colloquial,osm
ir-chaharborj-city,چاربوش,old,osm
ir-r17583973,قره موسالو,old,osm
ir-gandaman-city,قَلعِۀ گَندُمان,colloquial,osm
ir-r17354379,آفی,spelling,osm
ir-r17353299,المحمره,colloquial,osm
ir-gosht,گوادر,old,osm
ir-qol-quchan,قلقوچان,colloquial,osm
ir-chalus,Chaloos,colloquial,osm
ir-shahr-e-kiyan,شهرک,old,osm
ir-borujerd,اُردکَرد - بَروگرد,old,osm
ir-r17560880,شکرانه,colloquial,osm
ir-dehkade-saheli,Dehkadeh,old,osm
ir-r13220651,هیدوچ,colloquial,osm
ir-zehak-city,Zahak,colloquial,osm
ir-r17140317,خسیل,colloquial,osm
ir-r15514972,ایسبلان,colloquial,osm
ir-miandoab,قوشاچای,colloquial,osm
ir-r19021082,کوپیچ سفلی,spelling,osm
ir-banevreh,بانوره,colloquial,osm
ir-r16952584,بئره,colloquial,osm
ir-r19582399,آستاری,colloquial,osm
ir-fassaghandis,پیسندیز,colloquial,osm
ir-r16024308,سرین دیزه,colloquial,osm
ir-r19575701,خاصاوان,colloquial,osm
ir-naqadeh,سولدوز,old,osm
ir-sardasht-lordegan,چالو,colloquial,osm
ir-r17468817,غلین;کولیان;قلیان;گلخیران;گل خیزان,colloquial,osm
ir-r16097352,کار;قاو,colloquial,osm
ir-r18797272,نور آباد,colloquial,osm
ir-r16948911,Shorih,spelling,osm
ir-r17152626,Sarna;سارنا,colloquial,osm
ir-mahdasht,مردآباد,old,osm
ir-mehrdasht,خاتون لر,colloquial,osm
ir-marzijaran,مرزیگران; مرزگران,colloquial,osm
ir-shirinu-city,بندر شیرینو,colloquial,osm
ir-r18016692,مشعل دار,colloquial,osm
ir-mohammad-shahr,محمدشهر,colloquial,osm
ir-r17443079,چغاکری,colloquial,osm
ir-r18337303,میر آباد,spelling,osm
ir-pirbazar,پیله بازار,colloquial,osm
ir-r20028773,بیانچو;باینچوب;بین چب,colloquial,osm
ir-r17416077,Qareh Bolagh-e Mafi;Mu`afi;Qareh Bolagh;Mo`afi,colloquial,osm
ir-r14520442,Rashid `Abbast;Rashid `Abbasi,colloquial,osm
ir-r16665856,Rikhak-e Bala,colloquial,osm
ir-r17560814,Barfabad-e `Olya,colloquial,osm
ir-r17509582,Lor;Lurail;Lord,colloquial,osm
ir-r16680740,Wanai;Vani,colloquial,osm
ir-r21112244,Hajji `Aziz-e Cheshmeh Sefid,colloquial,osm
ir-r16313436,Jameh Shuran-e Pa'in,colloquial,osm
ir-r15770772,Lur-i-Zengeneh;Qomesheh-ye Lor Zangeneh,colloquial,osm
ir-r17477845,Sarab Khoshkeh-ye `Olya,colloquial,osm
ir-r18985460,Gholam `Ali Beyk,colloquial,osm
ir-r17313287,Kur Bolagh-e Sofla,colloquial,osm
ir-r18292984,Karaagach;Qareh Aghaj;Qara Agach;Ghareh Aghaj;Qareh Aqach,colloquial,osm
ir-r16421556,شاخمار,colloquial,osm
ir-r15824734,چمبر غربال,old,osm
ir-r17034673,حسن کندی هشترود,colloquial,osm
ir-r17034673,چای حسن کندی,colloquial,osm
ir-astaneh-ye-ashrafiyeh,آستونه,colloquial,osm
ir-r17583223,تازه کند نصرت آباد,colloquial,osm
ir-r14989710,چارده,colloquial,osm
ir-r18504390,فارسین,colloquial,osm
ir-kuy-bimeh,شهرک بیمه,colloquial,osm
ir-shahrak-e-sepah,فاز دو سابق مارلیک,spelling,osm
ir-qaen,قاین,colloquial,osm
ir-r16094133,اندی کلا,colloquial,osm
ir-r19996115,طبق ده,colloquial,osm
ir-r17493121,ولاشید,colloquial,osm
ir-r6827302,زانیان,old,osm
ir-r17923649,بژدن,colloquial,osm
ir-r14484433,Gorjī 'Olyā,colloquial,osm
ir-jahadabad,جهاد آباد,colloquial,osm
ir-r13968224,خانه‌های چهارشنبه (شیردل),colloquial,osm
ir-zarrinshahr,ریز,old,osm
ir-imam-reza-town,مسکن مهر اقلید,colloquial,osm
ir-r9129996,جزیره هنگام,colloquial,osm
ir-ab-anar,اونار,colloquial,osm
ir-asef-abad,ارزنه,colloquial,osm
ir-r13041048,علویه,colloquial,osm
ir-vali-asr-community,زراعی,colloquial,osm
ir-fath-abad-sofla,فتح آباد سلفی,colloquial,osm
ir-mohammad-abad,گشک,colloquial,osm
ir-ramjerd,کوشکک,colloquial,osm
ir-gerkhun,گلخون,colloquial,osm
ir-bidkhun-city,بید خون,colloquial,osm
ir-shonbeh-city,شُنبه,colloquial,osm
ir-khanafereh,خروسی جنوبی,colloquial,osm
ir-r17145168,شهرک بابک,colloquial,osm
ir-r16511870,شهرک سکوند,colloquial,osm
ir-r18673630,جعفرآباد,old,osm
ir-r17231279,تخت پولاد,colloquial,osm
ir-r16717978,کوی رسالت,colloquial,osm
ir-ladan,جنیران,colloquial,osm
ir-mahmoodabad-industrial-city,شهرک صنعتی محمود آباد,colloquial,osm
ir-r17040247,شهرک ماشین سازی,colloquial,osm
ir-ghasr-firuzeh-2,قصر فیروزه دو,colloquial,osm
ir-r16340479,چوئبده,colloquial,osm
ir-ebrahim-abad-2,بهار آباد,colloquial,osm
ir-eshraghi,Eshraghi,colloquial,osm
ir-aseman,سرو,colloquial,osm
ir-golab-dareh,گلابدره,colloquial,osm
ir-ekbatan,شهرک اکباتان,spelling,osm
ir-chaharsad-dastgah,۴۰۰ دستگاه,colloquial,osm
ir-ghasr-firuzeh-1,قصر فیروزه یک,colloquial,osm
ir-qaem-shahr,شاهی,old,osm
ir-qaem-shahr,قائم‌شهر,spelling,osm
ir-sabzabad,رایانی,old,osm
ir-molavi-2,امین,colloquial,osm
ir-shahrak-parvaz-3,حضرت پور,colloquial,osm
ir-shahrak-behdari-2,سنگی,colloquial,osm
ir-abshenasan,رودکی,colloquial,osm
ir-shaghaygh,میدان امام حسین,old,osm
ir-vakili,باهنر,colloquial,osm
ir-shahrak-fajr-sepah,سپاه,colloquial,osm
ir-azadegan-3,مولوی,colloquial,osm
ir-park-jangali-2,ایشیق تپه,colloquial,osm
ir-w624701638,کوی ستایش (تپه العطش),colloquial,osm
ir-fozalla,درستکار,colloquial,osm
ir-kouye-mahdis,kooye mahdis,spelling,osm
ir-kooye-tolab,kooye tolab,spelling,osm
ir-padadshahr,padadshahr,spelling,osm
ir-kooye-janbazan,kooye janbazan,spelling,osm
ir-ziba-shahr,ziba shahr,spelling,osm
ir-yousefi,yousefi,spelling,osm
ir-sheikh-shalout,صمدزاده,colloquial,osm
ir-terminal,پرورش,colloquial,osm
ir-poorrashid,حکیم نظامی,colloquial,osm
ir-azadi-square,سبزه میدان,colloquial,osm
ir-rajaee,کارگر,spelling,osm
ir-r8959323,تنگک رستمی,colloquial,osm
ir-r8959324,تنگک زنگنه,colloquial,osm
ir-shahrak-razmandegan,shahrak razmandegan,spelling,osm
ir-chahar-bakhsh,بروجردی,colloquial,osm
ir-azam-mosque,امام,colloquial,osm
ir-baghe-sheykh,baghe sheykh,spelling,osm
ir-yengi-emam,ینگه امام,colloquial,osm
ir-yengi-emam,ینگه مام,colloquial,osm
ir-r19059693,مسکن مهر اندیشه,colloquial,osm
ir-sarv-azad,شهرک آزادشهر,colloquial,osm
ir-sarv-azad,شهرک آزاد شهر,colloquial,osm
ir-r17341189,ماهشهر,colloquial,osm
ir-daneshkadeh,منصور افشار,colloquial,osm
ir-r15676627,گاومیش آباد,colloquial,osm
ir-r17526274,شهرک شهید منتظری,colloquial,osm
ir-r16203130,مرجقل,colloquial,osm
ir-valiasr,۰۵۵,colloquial,osm
ir-kaveh,۰۲۳,colloquial,osm
ir-darvazeh-esfahan,۰۰۸,colloquial,osm
ir-eslahnezhad,۰۱۵,colloquial,osm
ir-roknabad-3,محله ۱۰۰,colloquial,osm
ir-pansad-dastgah-artesh,۰۴۷,colloquial,osm
ir-shahrak-beheshti,۱۳۷,colloquial,osm
ir-haqqabad,هک آباد,colloquial,osm
ir-kuy-e-valiasr,شهرک ولیعصر,colloquial,osm
ir-r17232169,امیرحمزه,colloquial,osm
ir-r16234661,ده سرحدی,colloquial,osm
ir-abiverdi,بُلوردی,old,osm
ir-r11042112,۱۰۷,colloquial,osm
ir-r17341153,آذران,colloquial,osm
ir-r17337283,کوی کارمندان شرکت نفت,colloquial,osm
ir-r11789925,کوی صنعتی,colloquial,osm
ir-sadeghieh,مسکن مهر صادقیه,colloquial,osm
ir-kamal-shahr,خرمدشت,colloquial,osm
ir-r15921318,چهل هکتار,spelling,osm
ir-r16201872,شهرک خبرنگاران,colloquial,osm
ir-ferdows-3,تون,old,osm
ir-eslamiyeh,"باغستان فردوس, بهشت آباد,تون",old,osm
ir-baghestan-2,باغستان علیا,colloquial,osm
ir-r15924287,مسکن مهر جنوب هادیشهر,colloquial,osm
ir-r17540653,شهرک امام سجاد,colloquial,osm
ir-meydan-emamat,وثوق,old,osm
ir-meydan-emamat,امامت,spelling,osm
ir-ghiam-3,غیاثی,old,osm
ir-jahad-4,میدان آریامهر,old,osm
ir-jahad-4,میدان پورسینا,colloquial,osm
ir-jahad-4,میدان فاطمی,colloquial,osm
ir-shahrdari,میدان شهدا,colloquial,osm
ir-felestin-3,Malek-Abad Square,colloquial,osm
ir-fatemiyeh-2,عبادی ۷۳,colloquial,osm
ir-yas,عبدالمطلب ۱۵,colloquial,osm
ir-azadegan-5,بلوار آزادگان,spelling,osm
ir-nowghan,طبرسی ۱۰,colloquial,osm
ir-khoram-shahr,آپادانا,colloquial,osm
ir-fifteenth-khordad-street,دارایی,colloquial,osm
ir-ghaem-2,رسالت 64,old,osm
ir-alshohada,خیابان مارپیچ,colloquial,osm
ir-mirdamad-2,ششم بهمن,old,osm
ir-meydan-emamat,میدان وثوق,old,osm
ir-valiasr,ولیعهد,old,osm
ir-towhid,کندی,old,osm
ir-shariati-3,میدان مجسمه,old,osm
ir-rahnemayi-2,احمد آباد ۲۳,colloquial,osm
ir-oil-garner,مصطفی خمینی,colloquial,osm
ir-fahadan,امام خمینی 46,colloquial,osm
ir-molasadra,شش بهمن,old,osm
ir-shaheed-jafari-street,ایستگاه,colloquial,osm
ir-shahrak-emam-hossein-3,سی متری شهرک امام حسین,colloquial,osm
ir-kiyanpars,چمران,colloquial,osm
ir-modiriyat,امداد,colloquial,osm
ir-azgol,میدان ازگل,spelling,osm
ir-manzariyeh,آبادانی مسکن,colloquial,osm
ir-r12691844,فلکه برازنده,colloquial,osm
ir-iran,خیابان عین‌الدوله,old,osm
ir-iran,خیابان ایران,spelling,osm
ir-r15574285,بلوار چالیمار,colloquial,osm
ir-jahad,نصرت,colloquial,osm
ir-bosar,بلوار شهیدان محبی,colloquial,osm
ir-tehran-ghadim,منتظری,colloquial,osm
ir-shahrak-farhanghian,قه‌فه قاباغی,old,osm
ir-shahrak-farhanghian,قه فه قاباغی,colloquial,osm
ir-manzariye,بلوار آزادی,colloquial,osm
ir-pasdaran-3,بلوار پاسداران,spelling,osm
ir-sahel-ghou,بلوار ساحل قو,spelling,osm
ir-moalem-3,بلوار معلم,spelling,osm
ir-gomrok,میدان گمرک,spelling,osm
ir-parastar,میدان سجودی معرفت,colloquial,osm
ir-parastar,میدان پرستار,spelling,osm
ir-astaneh,خیابان حسینی,colloquial,osm
ir-shahrak-pardis-2,شیلان ۲,colloquial,osm
ir-r8858608,عدالت,colloquial,osm
ir-karmandan,میدان دوم کارمندان,colloquial,osm
ir-karmandan,شهید سلیمان حسینی,colloquial,osm
ir-shahid-sayad-shirazi,حضرت معصومه ۳,colloquial,osm
ir-meysam,میثم البرز,colloquial,osm
ir-niruye-daryayi,شهدای گل,colloquial,osm
ir-r16026869,کوی کارکنان دولت,colloquial,osm
ir-salsabil,عاصی زاده 9,colloquial,osm
ir-shahrak-ghaemieh,بلوار قاسمی,colloquial,osm
ir-mirdamad,دانش,colloquial,osm
ir-khosh-pyke,حسن وظیفه شناس جوان,colloquial,osm
ir-eskan,شهدای امنیت,colloquial,osm
ir-darabad,خیابان دارآباد,colloquial,osm
ir-helalahmar,شیروخورشید,old,osm
ir-navab-safavi-south,عمر محله,old,osm
ir-sadi-jonoobi,عاصم زنجانی,colloquial,osm
ir-park-shahr,میدان امام خمینی,colloquial,osm
ir-r8768686,جنگلبان,colloquial,osm
ir-r14442545,شهید دکتر مفتح,colloquial,osm
ir-vilashahr-2,کمربندی غربی,colloquial,osm
ir-r11789880,سی متری آیت الله غفاری,colloquial,osm
ir-ghalat,گلستان,colloquial,osm
ir-beryanak-2,میدان بریانک,spelling,osm
ir-khavaran,بزرگراه خاوران,colloquial,osm
ir-mehrabad-airport,پرواز,colloquial,osm
ir-pasdaran-2,زرهی,old,osm
ir-barajin,جاده باراجین,spelling,osm
ir-azgol,هاشم ازگلی,colloquial,osm
ir-jahad-5,میدان رفاه,colloquial,osm
ir-azadi,انوش,colloquial,osm
ir-shahid-rajayi,فرهنگ شهر,colloquial,osm
ir-south-eman,همت جنوبی,old,osm
ir-eslam-abade-gharbi,لقمان,colloquial,osm
ir-13-aban,بلوار سیزده آبان,old,osm
ir-tehran,خیابان تهران,spelling,osm
ir-r17394220,جاده اجبارکلا,colloquial,osm
ir-band,خیابان سلیمی,colloquial,osm
ir-now-bahar,دروازه ری,colloquial,osm
ir-isar-2,طبرسی ۴۳,colloquial,osm
ir-ferdowsi-3,علاء الدوله,old,osm
ir-mahyar,ولیعصر 6,colloquial,osm
ir-azadegan-4,فـــــرودگـــــاه,colloquial,osm
ir-taleghani,بیستون,colloquial,osm
ir-vahid,بابانظر ۱۹,colloquial,osm
ir-piruzi,فرح آباد,old,osm
ir-sattarkhan,خیابان تاج,old,osm
ir-r16347999,میدان امامزاده عباس علیه السلام,colloquial,osm
ir-tajrish,سر پل تجریش,old,osm
ir-fifteenth-khordad-street,خیابان دارایی,colloquial,osm
ir-r16623365,خیابان امام,colloquial,osm
ir-shahrak-dehkade,وحدت,colloquial,osm
ir-hor,میدان باغ شاه,old,osm
ir-rah-ahan-2,ایستگاه راه آهن شهید رئیسی مشهد,transit,osm
ir-dah-dey,میدان امام رضا,square,osm
ir-varamin,ایستگاه راه آهن ورامین,transit,osm
ir-qazvin,ایستگاه راه آهن قزوین,transit,osm
ir-mosala-5,پایانه باغ قوشخانه,transit,osm
ir-r16713340,دروازه تهران,transit,osm
ir-arazi-abas-abad,شهید همت,transit,osm
ir-janbaz,میدان جانباز,square,osm
ir-r17349222,ایستگاه راه آهن نکا,transit,osm
ir-r16027969,ایستگاه راه آهن بندر گز,transit,osm
ir-sari,ایستگاه راه آهن ساری,transit,osm
ir-r6557021,گرمدشت,transit,osm
ir-ahwaz,میاندشت,transit,osm
ir-r6558865,میدان خارک,square,osm
ir-r17351849,ایستگاه راه آهن ازنا,transit,osm
ir-shahr-ghaem,جمکران,transit,osm
ir-r8199755,میدان سیدالشهدا,square,osm
ir-bafq,ایستگاه راه آهن بافق,transit,osm
ir-dibaji-farmanieh,پایانه دستواره,transit,osm
ir-r8199755,میدان امام سجاد,square,osm
ir-maragheh,ایستگاه راه آهن مراغه,transit,osm
ir-r20190193,میدان آزادی (دروازه شیراز),transit,osm
ir-jahrom,ترمینال مسافربری جهرم,transit,osm
ir-zargandeh,قلهک,transit,osm
ir-safa-2,ایستگاه مترو ابن سینا,transit,osm
ir-r8199755,میدان دانشگاه آزاد اسلامی,square,osm
ir-r8199755,میدان شهدا,square,osm
ir-r8199755,میدان امام خمینی,square,osm
ir-r8199755,میدان امام حسین,square,osm
ir-r8199755,میدان شهید سلیمانی,square,osm
ir-r8199755,میدان آزادی,square,osm
ir-r8199755,میدان اول مدرس,square,osm
ir-r8199755,میدان هفت تیر,square,osm
ir-shamshiri,پایانه بوتان,transit,osm
ir-ghatar-chian,پارک سوار ناصر خسرو سازمان اتوبوسرانی سنندج,transit,osm
ir-mohammad-abad-2,پایانه خط واحد نبوت,transit,osm
ir-bagheno,میدان استاندارد,square,osm
ir-r17341583,ترمینال گچساران,transit,osm
ir-amaniye,فلکه ساعت,square,osm
ir-kooche-meshki,میدان قائم,square,osm
ir-r15436558,ترمینال غرب,transit,osm
ir-malayer,پایانه بزرگ مسافربری ملایر,transit,osm
ir-r9497220,ترمینال,transit,osm
ir-abarkuh,ترمینال ابرکوه,transit,osm
ir-meybod,ترمینال مسافربری تعاونی ۴,transit,osm
ir-bagheno,میدان سلامت,square,osm
ir-qods,رابط ملکی,transit,osm
ir-tabas,میدان پنجم اردیبهشت,square,osm
ir-r8199755,میدان ولیعصر,square,osm
ir-osku,ترمینال شرکت مسافربری اسکو سفر,transit,osm
ir-miandoab,ترمینال ارومیه ، مهاباد ، نقده,transit,osm
ir-r17340836,ترمینال بین روستاهای سلماس,transit,osm
ir-abbas-abad-8,شهید قدوسی,transit,osm
ir-pasdaran-zarab-khaneh,میدان هروی,transit,osm
ir-nilufar,سهروردی,transit,osm
ir-mehran,خواجه عبدالله انصاری,transit,osm
ir-abbasi,ایستگاه مترو هلال احمر,transit,osm
ir-khalil-hasan-beygi,پایانه میدان همافر,transit,osm
ir-mahallat,تعاونی ۱۷,transit,osm
ir-tabriz,میدان بسیج,square,osm
ir-saravan,میدان کلپورگان,square,osm
ir-r17231277,ایستگاه مترو شریعتی,transit,osm
ir-district-5-7,ایستگاه مترو کارگر,transit,osm
ir-district-5-7,ایستگاه مترو کوی امام,transit,osm
ir-r20190192,ایستگاه مترو دانشگاه,transit,osm
ir-r17193717,پایانه اتوبوس شهید سلطانی,transit,osm
ir-fuladshahr,ترمینال مینی بوس رانی فولادشهر,transit,osm
ir-kashan,پایانه مرکزی اتوبوس,transit,osm
ir-zarrinshahr,ایستگاه اتوبوس,transit,osm
ir-r17349746,چهار راه کبوتر,square,osm
ir-shahrak-e-ghods,پایانه میدان صنعت,transit,osm
ir-district-3-7,پایانه مسافربری فدک,transit,osm
ir-r17353299,میدان مسجد جامع,square,osm
ir-damavand,پایانه تاکسیرانی,transit,osm
ir-ferdows-3,فاز ۳ مسکن مهر,square,osm
ir-r17341402,ایستگاه گمیشان و سیمین شهر,transit,osm
ir-r17341402,ایستگاه گنبدکاووس و آق قلا,transit,osm
ir-south-sazman-barnameh,پایانه ارم سبز,transit,osm
ir-r8818635,ایستگاه راه آهن کرمان,transit,osm
ir-navab-safavi-2,پایانه اتوبوس مجتمع ادارات نواب,transit,osm
ir-bajak-1,ایستگاه نوبهار,transit,osm
ir-fadak-3,پایانه شهید اسلام پناه,transit,osm
ir-eram-3,تله کابین ارم,transit,osm
ir-shahin-shahr,فرهنگسرای اشراق,transit,osm
ir-darvaze-lakan,ایستگاه دانشگاه، مسکن مهر,transit,osm
ir-masjed-soleyman,میدان بسیج,square,osm
ir-pamenar,پانزده خرداد,transit,osm
ir-r17228073,پایانه بابلدشت,transit,osm
ir-district-3-7,پارکینگ اتوبوس های قم تهران,transit,osm
ir-valiasr-6,پایانه اتوبوس های درون شهری آزادگان,transit,osm
ir-nowroozian,پایانه مسافربری دانشگاه بین المللی امام خمینی,transit,osm
ir-valiasr-6,میدان مینودر,square,osm
ir-vaeen-town,ایستگاه اتوبوس,transit,osm
ir-r21291323,میدان صداقت حکیمیه,transit,osm
ir-dezful,ترمینال مسافربری دزفول,transit,osm
ir-mohammadiyeh-city,ایستگاه اتوبوس های بین شهری محمدیه,transit,osm
ir-hosseinabad,میدان ولایت,square,osm
ir-sajjadieh-mohammadieh,ترمینال مسافربری امیرکبیر,transit,osm
ir-shahrak-fahmideh,کارخانه قند,transit,osm
ir-esfahaniha,کارخانه قند,transit,osm
ir-chaharsad-dastgah-2,کارخانه قند,transit,osm
ir-chaharsad-dastgah-2,شهید فهمیده,transit,osm
ir-arazi-abas-abad,پایانه حقانی,transit,osm
ir-r16717498,میدان امام حسین (دروازه دولت),transit,osm
ir-arsanjan,پایانه بین شهری,transit,osm
ir-sadi-vasat,پایانه اتوبوس های درون شهری,transit,osm
ir-tondgoyan-town,ایستگاه اتوبوس,transit,osm
ir-suhanak,پایانه لاله - سامانه ۶ و ۹ تندرو,transit,osm
ir-r16713339,میدان امام حسین (دروازه دولت),transit,osm
ir-abbas-abad-6,میدان انقلاب,transit,osm
ir-jolfa-2,چهارراه توحید,transit,osm
ir-r16713341,پشت بارو,transit,osm
ir-kampolo-jonoubi,پایانه مسافربری غرب,transit,osm
ir-r10397212,سبزه میدان,square,osm
ir-qeshm,ترمینال مسافربری آسیاسفر,transit,osm
ir-qahderijan,پایانه قهدریجان,transit,osm
ir-r21291323,پایانه افق,transit,osm
ir-district-2-3,ترمینال شماره ۲ اتوبوس شهری,transit,osm
ir-bakhsdari,میدان عاشورا,square,osm
ir-eslamshahr,ایستگاه اتوبوس قائمیه_آذری,transit,osm
ir-eslamshahr,ایستگاه اتوبوس اسلامشهر,transit,osm
ir-andishe-phase-1,ترمینال فاز یک اندیشه,transit,osm
ir-shahid-rajaei-2,پایانه اتوبوسرانی نعمت آباد,transit,osm
ir-ashtiani,فلکه چایچی,square,osm
ir-najafshahr,میدان ابوالفضل,square,osm
ir-miyaneh,ترمینال مسافربری,transit,osm
ir-sirjan,ترمینال اتوبوس شماره ۱۶,transit,osm
ir-sirjan,میدان مادر,square,osm
ir-r20192714,کرج,transit,osm
ir-13,ایستگاه تله سیژ,transit,osm
ir-district-2-4,ایستگاه قطار کرج,transit,osm
ir-baharan-4,پایانه کوهسار,transit,osm
ir-r8199755,میدان شهید کلاهدوز,square,osm
ir-w624314415,فلکه بزرگ ولیعصر,square,osm
ir-bandar-rig-city,میدان طاق,square,osm
ir-shad-abad,پایانه میدان شادآباد,transit,osm
ir-r7318873,پایانه اتوبوس شهری,transit,osm
ir-malayer,شرکت اتوبوس رانی ملایر,transit,osm
ir-r13895268,نیک پسندی,transit,osm
ir-chahar-dangeh,تپه سفید,transit,osm
ir-r13074792,ایستگاه راه آهن پرندک,transit,osm
ir-r11342466,ایستگاه راه آهن شازند,transit,osm
ir-bazzar,ایستگاه شهدا,transit,osm
ir-piruzi,پایانه براری,transit,osm
ir-marlik,ایستگاه اتوبوس مارلیک,transit,osm
ir-shushtar,میدان کارگر,square,osm
ir-shushtar,میدان فلسطین,square,osm
ir-shushtar,میدان ۱۵ خرداد,square,osm
ir-char-rah,۱۵۴-۱۱۹,transit,osm
ir-tabriz,۱۵۴-۱۱۹,transit,osm
ir-tabriz,۱۱۹-۱۵۴,transit,osm
ir-char-rah,۱۱۹-۱۵۴,transit,osm
ir-beylankoh-momtaz,۱۱۹-۱۵۴,transit,osm
ir-sheshgilan,۱۱۹,transit,osm
ir-w624902082,۱۱۹,transit,osm
ir-sousangerd,ایستگاه اهواز,transit,osm
ir-pamenar,مولوى,transit,osm
ir-bagh-azari,شوش,transit,osm
ir-khormuj-city,پایانه مسافربری,transit,osm
ir-andimeshk,میدان جانبازان,square,osm
ir-arabestan,ایستگاه جمکران,transit,osm
ir-w624185595,ایستگاه ۱۴۳,transit,osm
ir-shaheed-jafari-street,پایانه منوچهری,transit,osm
ir-terminal-2,ترمینال اتوبوس بندرانزلی,transit,osm
ir-akhare-khat,ایستگاه تاکسی,transit,osm
ir-shahid-beheshti-3,ایستگاه اتوبوس,transit,osm
ir-daryacheh,پایانه مترو ایران خودرو,transit,osm
ir-shakoucheh,ایستگاه,transit,osm
ir-cheragh-bargh,ایستگاه اتوبوس,transit,osm
ir-khiaban-24-metri,ایستگاه اتوبوس,transit,osm
ir-shahrak-shahrdari,پایانه شهرک شهرداری,transit,osm
ir-meydan,ایستگاه اتوبوس,transit,osm
ir-r7318873,پایانه شهری معلم,transit,osm
ir-boolvar-amin-va-saheli,ایستگاه,transit,osm
ir-zeynabieh,ایستگاه,transit,osm
ir-kargaran,ایستگاه مترو غدیر,transit,osm
ir-r20192692,ایستگاه مترو خیام,transit,osm
ir-r20192692,ایستگاه مترو امام رضا,transit,osm
ir-r20190677,ایستگاه مترو سهند,transit,osm
ir-tabriz,ایستگاه مترو ائل‌گلی,transit,osm
ir-w1475502072,ایستگاه مترو ۲۹ بهمن,transit,osm
ir-w624355033,ایستگاه مترو استاد شهریار,transit,osm
ir-baharan,ایستگاه مترو احسان,transit,osm
ir-maali-abad,ایستگاه مترو دکتر شریعتی,transit,osm
ir-maali-abad,ایستگاه مترو میرزای شیرازی,transit,osm
ir-r11042055,ایستگاه مترو شهید مطهری,transit,osm
ir-ghasr-dasht,ایستگاه مترو شهید آوینی,transit,osm
ir-molasadra,ایستگاه مترو نمازی,transit,osm
ir-zand,ایستگاه مترو امام حسین,transit,osm
ir-ahangaran-2,ایستگاه مترو شهید باهنر,transit,osm
ir-shamsabad,ایستگاه مترو شهید چمران,transit,osm
ir-district-8-4,ایستگاه مترو کاوه,transit,osm
ir-university,ایستگاه مترو پارک ملت,transit,osm
ir-azadshahr,ایستگاه مترو کوثر,transit,osm
ir-farhang-6,ایستگاه مترو سید رضی,transit,osm
ir-farhang-6,ایستگاه مترو دانش آموز,transit,osm
ir-daneshjoo,ایستگاه مترو هفت تیر,transit,osm
ir-sharif,ایستگاه مترو صدف,transit,osm
ir-sayyad-shirazi,ایستگاه مترو صیاد شیرازی,transit,osm
ir-eghbal,ایستگاه مترو اقبال لاهوری,transit,osm
ir-fareghottahsilan,ایستگاه مترو نمایشگاه,transit,osm
ir-koohestan-park,ایستگاه مترو کوهستان پارک,transit,osm
ir-koohestan-park,ایستگاه مترو وکیل آباد,transit,osm
ir-sayahi,ایستگاه سوسنگرد و حمیدیه - مینی بوس و تاکسی,transit,osm
ir-district-12-3,ایستگاه مترو گلستان,transit,osm
ir-district-12-3,ایستگاه مترو بهارستان,transit,osm
ir-r17228073,ایستگاه مترو شهدا,transit,osm
ir-r16713339,ایستگاه مترو تختی,transit,osm
ir-r16717498,ایستگاه مترو امام حسین,transit,osm
ir-r16717711,ایستگاه مترو انقلاب,transit,osm
ir-bazaar,خیام,transit,osm
ir-sad-dastgah,ایستگاه مترو نبرد,transit,osm
ir-tehran-university,میدان انقلاب اسلامی,transit,osm
ir-valiasr-5,تئاتر شهر,transit,osm
ir-piruzi,ایستگاه مترو نیرو هوایی,transit,osm
ir-kashani-2,ایستگاه مترو شهدا,transit,osm
ir-malek-abad-2,ایستگاه مترو آزادی,transit,osm
ir-nofel-loshato,ایستگاه مترو خیام,transit,osm
ir-rahnemayi-2,ایستگاه مترو فلسطین,transit,osm
ir-behesht,ایستگاه مترو قائم,transit,osm
ir-dah-dey,ایستگاه مترو شریعتی,transit,osm
ir-dah-dey,ایستگاه مترو امام خمینی,transit,osm
ir-onsori,ایستگاه مترو بسیج,transit,osm
ir-moghadam-2,ایستگاه مترو هفده شهریور,transit,osm
ir-moghadam-2,ایستگاه مترو پروین اعتصامی,transit,osm
ir-airport-3,ایستگاه مترو فرودگاه,transit,osm
ir-shahrak-naft,شهید محلاتی,transit,osm
ir-suhanak,قائم,transit,osm
ir-narmak,شهیدان باقری,transit,osm
ir-javadieh-tehranpars,فرهنگسرا,transit,osm
ir-west-tehranpars,تهرانپارس,transit,osm
ir-r10054123,ایستگاه مترو شهید دستغیب,transit,osm
ir-eskandari,ایستگاه مترو شهید نواب صفوی,transit,osm
ir-south-salsabil,ایستگاه مترو رودکی,transit,osm
ir-shahid-rajaei-2,نعمت آباد,transit,osm
ir-esmaeil-abad-2,آزادگان,transit,osm
ir-w623995653,ایستگاه مترو چهار راه منصور-بهشتی,transit,osm
ir-azarbayjan,ایستگاه,transit,osm
ir-radeh,ایستگاه مترو ولایت,transit,osm
ir-mala,ایستگاه ویژه میدان مالا,transit,osm
ir-maskan-mehr-2,پایانه مسافربری غرب شهرستان انزلی,transit,osm
ir-barberry-garden,ایستگاه مترو سی و سه پل,transit,osm
ir-kar-amouzi,ایستگاه اتوبوس,transit,osm
ir-nasimshahr,ایستگاه اتوبوس نسیم‌شهر-آزادی,transit,osm
ir-nasimshahr,ایستگاه اتوبوس نسیم‌شهر - زمزم,transit,osm
ir-sanaei,شهدای هفتم تیر,transit,osm
ir-takhti-4,علی آباد,transit,osm
ir-shahrak-apadana,بیمه,transit,osm
ir-towhid,شادمان,transit,osm
ir-shahrak-apadana,میدان آزادی,transit,osm
ir-ferdowsi-3,امام خمینی(ره),transit,osm
ir-gomrok,پایانه مسافری دریایی بین المللی,transit,osm
ir-ferdowsi-3,دروازه دولت,transit,osm
ir-district-3-4,سه راه بیست و دو بهمن,transit,osm
ir-tabriz,ایستگاه مترو ابرسان,transit,osm
ir-w1475502072,ایستگاه مترو دانشگاه,transit,osm
ir-bazzar,ایستگاه مترو میدان ساعت,transit,osm
ir-shahrara-patris,دانشگاه تربیت مدرس,transit,osm
ir-beryanak-2,ایستگاه مترو کمیل,transit,osm
ir-historic-district,پایانه عمار یاسر,transit,osm
ir-mehestan,ایستگاه مترو شهید قاسم سلیمانی,transit,osm
ir-tabriz,ایستگاه اتوبوس میدان ونک ۱۱۹-۱۵۴,transit,osm
ir-tabriz,خط ۱۵۴,transit,osm
ir-ferdows-2,پایانه اتوبوس صادقیه,transit,osm
ir-r8199755,پایانه اتوبوسرانی ابوذر,transit,osm
ir-r8199755,میدان ابن حسام,square,osm
ir-r8199755,میدان آدینه,square,osm
ir-r17341189,ایستگاه راه آهن ماهشهر,transit,osm
ir-kooye-karmandan,ترمینال یاسوج,transit,osm
ir-omidieh,ترمینال قدس,transit,osm
ir-hejab,میدان عفاف,square,osm
ir-shahrak-e-ansariyeh,میدان مشک انصاریه,square,osm
ir-baharestan-qods-2-town,میدان امام حسین,square,osm
ir-eghlid,میدان قرآن,square,osm
ir-omidieh,ترمینال امیدیه,transit,osm
ir-evaz,پایانه مسافربری,transit,osm
ir-r17231281,ایستگاه اتوبوس,transit,osm
ir-rafsanjan,ترمینال مسافربری رفسنجان,transit,osm
ir-dezful,میدان ۹ دی,square,osm
ir-w624212884,مسیر ۱۵۹-نگین پارک,transit,osm
ir-r15794147,ایستگاه اتوبوس,transit,osm
ir-district-6-6,ایستگاه راه آهن اصفهان,transit,osm
ir-w625151102,ایستگاه اتوبوس عباس آباد,transit,osm
ir-resalat-4,پایانه مسافربری اردبیل,transit,osm
ir-r20190417,ترمینال اتوبوس گلشهر,transit,osm
ir-nilufar,شهید بهشتی,transit,osm
ir-r16464038,ترمینال,transit,osm
ir-r20192564,میدان پروین اعتصامی,square,osm
ir-r11789917,پایانه اتوبوس رانی,transit,osm
ir-abhar-city,ترمینال مسافربری ابهر,transit,osm
ir-r20190417,ایستگاه مترو گلشهر,transit,osm
ir-shahrak-parvaz-2,ارم سبز,transit,osm
ir-shahrak-daneshgah-sharif,ایستگاه مترو وردآورد,transit,osm
ir-varzeshgah-azadi,ایستگاه مترو ورزشگاه آزادی,transit,osm
ir-shahrak-sadra,ایستگاه مترو چیتگر,transit,osm
ir-daryacheh,ایستگاه مترو ایران خودرو,transit,osm
ir-ferdows-2,صادقیه,transit,osm
ir-tabriz,۱۵۴,transit,osm
ir-w624912174,۱۱۹-۱۵۴,transit,osm
ir-district-2-4,ایستگاه مترو محمد شهر,transit,osm
ir-r20192733,ایستگاه مترو کرج,transit,osm
ir-r20190200,میدان کاوه,square,osm
ir-vaiasr-dizaj-town,میدان مطهری,square,osm
ir-w521108621,میدان موسوی,square,osm
ir-shahin-shahr,ایستگاه دانشگاه ازاد خمینی شهر,transit,osm
ir-shahid-rajaei-2,مترو آزادگان,transit,osm
ir-w521108621,میدان صالحی,square,osm
ir-kahnuj,ترمینال کهنوج,transit,osm
ir-r21293267,پایانه شهرک وصال,transit,osm
ir-lakan-shahr,مجتمع لاکانشهر,square,osm
ir-kooye-rah-ahan,ایستگاه راه آهن یزد,transit,osm
ir-r8199755,میدان مرجان,square,osm
ir-eslamshahr,ترمینال اسلامشهر,transit,osm
ir-abdol-abad,پایانه شهید سروری,transit,osm
ir-moshirieh,شرکت واحد اتوبوسرانی تهران و حومه (منطقه ۳),transit,osm
ir-r20194083,ترمینال مسافربری سنندج,transit,osm
ir-r8199755,میدان هاشمی رفسنجانی,square,osm
ir-bolvar-abuzar-ahang,پایانه اتوبوس خاوران,transit,osm
ir-bolvar-abuzar-ahang,ترمینال ورامین افسریه اسلامشهر,transit,osm
ir-rah-ahan,پایانه اتوبوس معین,transit,osm
ir-andishe,میدان آزادی,square,osm
ir-r6558865,میدان لاوان,square,osm
ir-r8199755,میدان فلسطین,square,osm
ir-r8199755,میدان ولایت,square,osm
ir-r8199755,میدان امام جعفر صادق,square,osm
ir-meybod,میدان آیت‌الله خامنه‌ای,square,osm
ir-r8199755,میدان بنی هاشم,square,osm
ir-r8199755,میدان جواد الائمه,square,osm
ir-baqershahr,انتهای باقر شهر,transit,osm
ir-shahrak-shahid-bagheri,پایانه شهرک شهید باقری,transit,osm
ir-shahrak-darya,پایانه شهرک دریا,transit,osm
ir-amol,میدان حر,square,osm
ir-r8199755,میدان جماران,square,osm
ir-airport-3,ایستگاه مترو بوستان ریحانه,transit,osm
ir-ahmad-abad-2,ایستگاه مترو طالقانی,transit,osm
ir-sari,ترمینال مازندران سمنان,transit,osm
ir-r8199755,میدان موسی بن جعفر,square,osm
ir-kampolo-shomali,پایانه مسافربری سیاحت,transit,osm
ir-zeytoon-kargari,سازمان اتوبوسرانی شرکت ملی مناطق نفت خیز جنوب,transit,osm
ir-naderi-2,پایانه اتوبوس درون شهری غدیر,transit,osm
ir-r6557021,شلمچه,transit,osm
ir-kampolo-shomali,ایستگاه راه آهن اهواز,transit,osm
ir-district-2-5,میدان امام خمینی (ره),square,osm
ir-shahnaz-3,میدان انقلاب,square,osm
ir-chalus,ترمینال چالوس,transit,osm
ir-bukan,ترمینال ، سواری شرکت ماندگار,transit,osm
ir-andimeshk,ایستگاه راه آهن اندیمشک,transit,osm
ir-bukan,ترمینال روستایی سیفالی,transit,osm
ir-bukan,ترمینال شرکت جمال سیر,transit,osm
ir-nakhl-nakhoda,صدف,square,osm
ir-golshahr-jounoubi,شهید حسین دهقانی,square,osm
ir-fuladshahr,میدان انتظار,square,osm
ir-golestan-7,ترمینال مسافربری فرد گلستان,transit,osm
ir-tabriz,میدان ونک,square,osm
ir-fuladshahr,سه راه پلیس,square,osm
ir-rasht,ایستگاه راه آهن رشت,transit,osm
ir-shadegan,ترمینال مسافربری به اهواز,transit,osm
ir-motahari-4,انتها هفده شهریور,transit,osm
ir-amol,ترمینال مسافربری آمل,transit,osm
ir-haji-abad-4,ایستگاه مینی بوس لاهیجان به رشت,transit,osm
ir-haji-abad-4,ایستگاه سواری لاهیجان به رشت،تهران,transit,osm
ir-haji-abad-4,ایستگاه سواری لاهیجان به سیاهکل و دیلمان,transit,osm
ir-r6558176,ایستگاه قطار تخت جمشید,transit,osm
ir-south-kianshahr,کیانشهر,transit,osm
ir-omidieh,ایستگاه آغاجاری,transit,osm
ir-shahrak-sadra,پایانه مترو چیتگر,transit,osm
ir-sanglaj,پایانه اتوبوسرانی شهید دکتر محمدعلی فیاض‌بخش,transit,osm
ir-fuladshahr,ایستگاه شهرکرد,transit,osm
ir-fuladshahr,ایستگاه فلاورجان,transit,osm
ir-fuladshahr,ایستگاه زرین شهر,transit,osm
ir-shahrak-daneshgah-sharif,پایانه مترو وردآورد,transit,osm
ir-shahrak-esteghlal,پایانه استقلال,transit,osm
ir-niruye-daryayi,پایانه رسالت,transit,osm
ir-shahrak-naft,پایانه اتوبوس مینی ستی,transit,osm
ir-chabahar,فلکه هیات سه نفره,square,osm
ir-r8199755,میدان نعلبکی,square,osm
ir-r8199755,ایستگاه اتوبوس آزادی,transit,osm
ir-r8199755,میدان شهید آیت الله رئیسی,square,osm
ir-r16309186,ترمینال کوزران,transit,osm
ir-r8818635,پایانه مسافربری آدینه کرمان,transit,osm
ir-r8199755,میدان سپیده کاشانی,square,osm
ir-r8199755,میدان خبرنگار,square,osm
ir-district-5-4,ایستگاه ۳,transit,osm
ir-r8199755,میدان شهید آوینی,square,osm
ir-r8199755,میدان استقلال,square,osm
ir-r8199755,میدان قائم,square,osm
ir-r8199755,میدان فاطمیه,square,osm
ir-r8199755,میدان بهجت,square,osm
ir-r8199755,میدان همت,square,osm
ir-r8199755,میدان شهید ناصری,square,osm
ir-r8199755,میدان فرهنگ,square,osm
ir-r8212055,میدان ۱۷ شهریور,square,osm
ir-amol,میدان علویان,square,osm
ir-shahr-e-babak,ترمینال مسافر بری شهربابک,transit,osm
ir-r8199755,میدان مادر,square,osm
ir-r8199755,میدان سپاه,square,osm
ir-shahr-e-kord,ایستگاه اتوبوس,transit,osm
ir-shushtar,میدان عدالت,square,osm
ir-shushtar,حجت ابن حسن,square,osm
ir-shushtar,میدان شهید محمدی,square,osm
ir-shushtar,میدان ولیعصر,square,osm
ir-shushtar,میدان امیرکبیر,square,osm
ir-shushtar,میدان شهید فهمیده,square,osm
ir-shushtar,میدان پاسداران,square,osm
ir-shahrak-e-vahidiye,میدان وحیدیه,square,osm
ir-rajaei-shahr-gohardasht,ایستگاه اتوبوس اشتراکی,transit,osm
ir-ekhtiarieh,میدان نیلی,square,osm
ir-zhandarmery,ایستگاه اتوبوس نمین,transit,osm
ir-mirdamad-2,میدان نجم آبادی,square,osm
ir-bojnord,میدان امام حسین,square,osm
ir-r20216200,میدان مسکن,square,osm
ir-ghotbsquare,ایستگاه مترو میدان قطب,transit,osm
ir-r16141105,ایستگاه ۷,transit,osm
ir-district-1-4,تیرنگ,transit,osm
ir-district-1-4,ساری-گرگان,transit,osm
ir-south-khani-abad,پایانه خانی آباد نو,transit,osm
ir-bisim-jomhoori,میدان محمدیه,square,osm
ir-elahiyeh-faze-1,میدان پلیس,square,osm
ir-dowlat-abad-2,شهدای دولت آباد,transit,osm
ir-safa-2,ایستگاه مترو میدان شهدا,transit,osm
ir-w212301637,ایستگاه اتوبوس,transit,osm
ir-bafq,میدان ابوالفضل,square,osm
ir-ramhormoz,اسدآبادي,square,osm
ir-r16230551,پایانه مسافربری رامسر,transit,osm
ir-elahiyeh-faze-2,میدان نیایش,square,osm
ir-elahiyeh-faze-2,میدان یاس,square,osm
ir-neiro-daryai,ایستگاه اتوبوس دانشگاه گیلان,transit,osm
ir-mehrvila-south,ایستگاه اتوبوس,transit,osm
ir-north-kianshahr,ایستگاه مترو بعثت,transit,osm
ir-astaneh-ye-ashrafiyeh,ایستگاه سواری لفوت ماشک,transit,osm
ir-khate-kashmar,پایانه جواد الائمه,transit,osm
ir-maragheh,سه راهی کوره خانه,square,osm
ir-maragheh,میدان عبدالقادر مراغه ای,square,osm
ir-maragheh,میدان استاد کریمی,square,osm
ir-maragheh,میدان پروین اعتصامی,square,osm
ir-maragheh,میدان الغدیر,square,osm
ir-kashan,ایستگاه راه آهن کاشان,transit,osm
ir-r17133257,ترمینال اتوبوس رانی محمدی,transit,osm
ir-elahieh-2,پایانه افشار,transit,osm
ir-r17133261,ترمینال مسافربری رویان,transit,osm
ir-r17351822,میدان آزادگان,square,osm
ir-r17351822,میدان حضرت معصومه,square,osm
ir-r17351822,میدان قنبرچشمه,square,osm
ir-r8199755,میدان شهدای منا,square,osm
ir-kampolo-shomali,محطة شاحنات نقل VIP,transit,osm
ir-shahrak-mofatteh,ایستگاه مترو رازی,transit,osm
ir-shahin-dezh,ترمینال قاسملو,transit,osm
ir-lamerd,میدان زنده یاد محمدعلی حیاتی,square,osm
ir-bojnord,میدان سرداران شهید,square,osm
ir-r8818644,میدان پژوهش,square,osm
ir-bazaar,ایستگاه مترو میدان محمدیه,transit,osm
ir-na-in,ترمینال مسافربری نایین,transit,osm
ir-garmsar,ترمینال گرمسار,transit,osm
ir-meybod,ترمینال مسافربری تعاونی ۱۳,transit,osm
ir-shahin-shahr,ایستگاه اتوبوس رازی,transit,osm
ir-qaem-shahr,گونی بافی,transit,osm
ir-lordegan,ترمینال لردگان,transit,osm
ir-khomeini-shahr-district-4,ترمینال مسافربری مهربین,transit,osm
ir-khomeini-shahr-district-4,ترمینال باربری خمینی شهر,transit,osm
ir-pishva,ایستگاه راه آهن پیشوا,transit,osm
ir-r17646929,پایانه مسافربری مبارکه,transit,osm
ir-dehaqan,ترمینال مسافر بری,transit,osm
ir-r16717498,بیمارستان خورشید,transit,osm
ir-r16717498,ایستگاه خط ۷۹,transit,osm
ir-r16717498,مسجد حکیم,transit,osm
ir-sahebozzaman,پایانه شهرک ولیعصر,transit,osm
ir-imam-reza-teravel-terminal,ترمینال مشهد,transit,osm
ir-r8199755,میدان جرجانی,square,osm
ir-nahavand,پایانه مسافربری بروجرد,transit,osm
ir-golestan-3,میدان گلستان,square,osm
ir-r15921821,میدان ولیعصر خمام,square,osm
ir-faze-do-padadshahr,پمپ بنزین بعثت,transit,osm
ir-r20190193,ایستگاه مترو آزادی,transit,osm
ir-maragheh,میدان مولوی,square,osm
ir-r8199755,میدان امیرکبیر,square,osm
ir-taze-meydan,چهارراه امام حسین علیه السلام,square,osm
ir-r19194802,پایانه مسافربری تعاونی ۱۴,transit,osm
ir-r19194802,ترمینال مسافربری تعاونی ۸,transit,osm
ir-borke-gerd,چهارراه قدس,transit,osm
ir-r8199755,میدان صنایع,square,osm
ir-shahmirzad-town,میدان حضرت ولیعصر,square,osm
ir-bander-kangan-city,پایانه مسافربری کنگان,transit,osm
ir-r20216460,میدان ابریشم,square,osm
ir-absard,میدان شهید فهمیده,square,osm
ir-absard,میدان شهید محسن فخری زاده,square,osm
ir-absard,میدان هومند,square,osm
ir-absard,میدان غدیر,square,osm
ir-r20193911,میدان دفاع مقدس,square,osm
ir-minoodar-mini-city,میدان هما (ایران دوچرخ سابق),transit,osm
ir-jahad-3,میدان هاشمی,square,osm
ir-ashtiani,پل خاقانی,square,osm
ir-r17231348,ایستگاه مترو دفاع مقدس (صفه),transit,osm
ir-fatemi,میدان عالی قاپو,square,osm
ir-nilufar,پایانه سید خندان,transit,osm
ir-bazzar,ایستگاه مترو میدان کهن,transit,osm
ir-r10054099,ایستگاه مترو شهید دوران,transit,osm
ir-dowlat-abad-2,پایانه قدس,transit,osm
ir-golshan-2,میدان کمیل,square,osm
ir-semirom,پایانه مسافربری سمیرم,transit,osm
ir-laleh-3,ایستگاه مترو نور,transit,osm
ir-parand,شهر پرند,transit,osm
ir-darab,میدان الله,square,osm
ir-r17353299,ایستگاه راه آهن خرمشهر,transit,osm
ir-r6557021,حسينيه,transit,osm
ir-manazele-karoon,کارون,transit,osm
ir-zahedan,ایستگاه راه آهن زاهدان,transit,osm
ir-saadi-cinema,چهارراه هنگ,square,osm
ir-r6558865,میدان نیایش,square,osm
ir-r8818644,ایستگاه تله کابین کرمان,transit,osm
ir-shokufeh,ایستگاه مترو امیرکبیر,transit,osm
ir-r11166650,پایانه اتوبوسرانی آباده طشک,transit,osm
ir-south-kianshahr,کیان‌شهر,transit,osm
ir-semnan,راه آهن سمنان,transit,osm
ir-khate-kashmar,ایستگاه راه‌ آهن نیشابور,transit,osm
ir-shahrud,ایستگاه شاهرود,transit,osm
ir-city-center-bandar-abbas,Bandar Abbas,transit,osm
ir-district-3-7,ایستگاه مانوری قم,transit,osm
ir-robat-karim,ایستگاه راه آهن رباط کریم,transit,osm
ir-pishva,ایستگاه راه آهن امامزاده,transit,osm
ir-shahid-beheshti-2,ری,transit,osm
ir-r6558865,اسکله کیش,transit,osm
ir-namjo,سه راه آب و فاضلاب,square,osm
ir-tabriz,ایستگاه مترو قونقا,transit,osm
ir-tabriz,ایستگاه مترو گازران,transit,osm
ir-tabriz,ایستگاه مترو میدان امام حسین,transit,osm
ir-tabriz,ایستگاه مترو لاله,transit,osm
ir-eslamshahr,نماز,transit,osm
ir-eslamshahr,نواب (سلمان فارسی),transit,osm
ir-eslamshahr,قائم,transit,osm
ir-navid,میدان قائم,square,osm
ir-r17231280,ایستگاه اتوبوس آبشار,transit,osm
ir-r17232497,پایانه ارغوانیه,transit,osm
ir-r16713340,پایانه خرم,transit,osm
ir-falavarjan,ایستگاه فلاورجان,transit,osm
ir-pir-bakran,میدان چهارده معصوم,transit,osm
ir-dorcheh,پایانه درچه,transit,osm
ir-shahin-shahr,پایانه حافظ,transit,osm
ir-mosala-5,میدان قدس (طوقچی),transit,osm
ir-dastgerd-2,ترمینال دستگرد,transit,osm
ir-r17231348,پارک سوار صفه,transit,osm
ir-khomeini-shahr-district-4,پایانه دانشگاه صنعتی اصفهان,transit,osm
ir-chamran-3,سه راه چمران,square,osm
ir-manzariye,چهارراه ولیعصر,square,osm
ir-resalat-2,سه راه سرچشمه,square,osm
ir-kuy-e-valiasr,پایانه ولیعصر,transit,osm
ir-shahreza,پایانه شرق,transit,osm
ir-shahin-shahr,پایانه مسافربری شاهین شهر,transit,osm
ir-masjed-soleyman,فلکه زندان,square,osm
ir-diyanati,مزار دیانتی,square,osm
ir-r17351911,ایستگاه راه آهن دورود,transit,osm
ir-r6558865,میدان قشم,square,osm
ir-r6558865,میدان دلفین,square,osm
ir-r6558865,میدان هنگام,square,osm
ir-r6558865,میدان اقتصاد,square,osm
ir-r6558865,میدان ملل,square,osm
ir-r6558865,میدان کاریز,square,osm
ir-r6558865,میدان نیلوفر,square,osm
ir-r6558865,میدان نوآوران,square,osm
ir-r6558865,میدان دلیران,square,osm
ir-r6558865,میدان پرواز,square,osm
ir-r6558865,اسکله ورودی و خروجی خودرو,transit,osm
ir-district-8-4,ترمینال کاوه,transit,osm
ir-r17232173,ترمینال زاینده رود,transit,osm
ir-bagh-shazdeh,قم,transit,osm
ir-sanaei,میرزای شیرازی,transit,osm
ir-dibaji-farmanieh,اقدسیه,transit,osm
ir-farhangian-4,چهارراه ورزش,square,osm
ir-javanmard-ghasab,پایانه مترو جوانمرد قصاب,transit,osm
ir-pardisan,مرزداران,transit,osm
ir-hamzeh-abad,شهرری,transit,osm
ir-r10397212,میدان آزادی(گاراج),transit,osm
ir-district-5-4,پارک فدک,transit,osm
ir-district-1-5,پارک شاهد,transit,osm
ir-district-1-5,سی متری دوم,transit,osm
ir-district-3-4,چهارراه بسیج,transit,osm
ir-district-2-3,بازار,transit,osm
ir-district-4-3,میدان شهرداری سابق,transit,osm
ir-district-4-3,میدان فردوسی,transit,osm
ir-district-4-3,خیابان شورا,transit,osm
ir-abadeh-2,پایانه مسافربری آباده,transit,osm
ir-r8188592,پایانه مسافربری غدیر,transit,osm
ir-021,ترمینال شهید کاراندیش,transit,osm
ir-kashan,پایانه مسافربری کاشان,transit,osm
ir-bagh-azari,پایانه مسافربری جنوب,transit,osm
ir-eghlid,پایانه مسافری اقلید,transit,osm
ir-jamalzadeh,پایانه کاوه,transit,osm
ir-valiasr-bisim,ایستگاه مترو شهید رضایی,transit,osm
ir-lakani,چهارراه استانداری,square,osm
ir-namjo,چهارراه توتونکاران,square,osm
ir-sirjan,پایانه مسافر بری بعثت,transit,osm
ir-marzdaran-2,برج های یاس دو,square,osm
ir-dezful,میدان مادر,square,osm
ir-mohtasham,چاله,square,osm
ir-mohtasham,دانشجو,square,osm
ir-r17341283,میدان شهدا,square,osm
ir-r17341283,ترمینال وکیلی,transit,osm
ir-south-valiasr,میدان مفتح,square,osm
ir-nezam-abad,میدان امام حسین (ع),square,osm
ir-w624030257,مجتمع ونک,square,osm
ir-nakhl-nakhoda,پایانه مسافربری خلیج فارس,transit,osm
ir-qods,ملکی,transit,osm
ir-vazvan,میدان دفاع مقدس,square,osm
ir-asad-abadi,ترمینال مرکزی خرم آباد,transit,osm
ir-holy-shrine,ایستگاه زائربر,transit,osm
ir-eidgah,ایستگاه زائربر,transit,osm
ir-r18797272,ترمینال خاوه,transit,osm
ir-r18797272,ترمینال مسافربری خرمآباد,transit,osm
ir-r13895268,پل صیدی,square,osm
ir-east-tehranpars,مجتمع مسکونی شمس ولایت,square,osm
ir-district-3-7,پایانه مونوریل قم ( خط اول ),transit,osm
ir-robat-karim,پایانه اتوبوسرانی آبشناسان,transit,osm
ir-r8212055,چهارراه گنجینه,square,osm
ir-dehdasht,ترمینال مسافربری دهدشت,transit,osm
ir-r17340930,ترمینال پیرانشهر,transit,osm
ir-r16027969,میدان وحدت _ دارایی,square,osm
ir-khomeini-shahr-district-1,ایستگاه کاج,transit,osm
ir-r16027969,میدان امامت,square,osm
ir-r6558865,Mir Mohanna Station,transit,osm
ir-r13887335,مسافربری سفرگسترتفرش,transit,osm
ir-r13887335,ترمینال آسیا گستر,transit,osm
ir-r13887335,پایانه اتوبوسرانی تفرش,transit,osm
ir-bukan,ترمینال مسافربری بوکان,transit,osm
ir-district-7-4,میدان امام حسین,square,osm
ir-district-8-3,ترمینال راه کربلا,transit,osm
ir-tabriz,میدان رشادت,square,osm
ir-ferdowsi-3,میدان امام خمینی,square,osm
ir-ferdows-3,میدان غدیر (فلکه پمپ بنزین),square,osm
ir-maragheh,میدان بولود قاراچورلو,square,osm
ir-bazar-5,ترمینال کوهدشت,transit,osm
ir-district-1-5,پايانه مسافربری شهید کاویانی,transit,osm
ir-eslamshahr,پایانه اتوبوسرانی اسلامشهر,transit,osm
ir-karaj-no,ایستگاه مترو ۴۵ متری گلشهر,transit,osm
ir-jahanshar,ایستگاه مترو آیت الله طالقانی,transit,osm
ir-saravan,فلکه هلیکوپتر,square,osm
ir-fatemi,کارگر,transit,osm
ir-valiasr-5,میدان حضرت ولی عصر(عج),transit,osm
ir-na-in,میدان کبیر محمدیه,square,osm
ir-shushtar,پایانه مسافربری شوشتر,transit,osm
ir-r6557021,دروازه ورودی و خروجی منطقه آزاد اروند,square,osm
ir-shahrak-parvaz-2,علامه جعفری,transit,osm
ir-maragheh,دروازا مئیدانی,square,osm
ir-fatemi,میدان فرشته,square,osm
ir-r12950613,تقاطع حافظ باکری,square,osm
ir-niknam,میدان سرآسیاب,square,osm
ir-mahallat,میدان شهرداری,square,osm
ir-shush,مجتمع مسکونی غدیر,square,osm
ir-takieh-va-chaman,میدان کوهنورد,square,osm
ir-district-2-3,چهار راه مدرس,transit,osm
ir-r6558865,کشتی تفریحی رویای دریا,transit,osm
ir-r8677988,گرگان,transit,osm
ir-parand,چهار راه شهرک سلام,square,osm
ir-kashanak,ایستگاه جنگلبانی,transit,osm
ir-hamzeh-abad,پایانه مترو شهرری,transit,osm
ir-north-shahran,Shahran Square,square,osm
ir-r16463801,میدان عاشورا,square,osm
ir-rafsanjan,میدان خاتم الانبیا,square,osm
ir-r21293263,ایستگاه راه آهن تهران,transit,osm
ir-niknam,میدان کلانتری,square,osm
ir-qorveh,پایانه مسافربری قروه,transit,osm
ir-adel-abad,ایستگاه مترو شهدای عادل آباد,transit,osm
ir-north-sepah,ایستگاه مترو بسیج,transit,osm
ir-mianrud,ایستگاه مترو قهرمانان,transit,osm
ir-eshqabad-2,میدان ۱۵ خرداد,square,osm
ir-eshqabad-2,میدان معلم,square,osm
ir-agahi,ایستگاه مترو مهدیه,transit,osm
ir-mehrabad-airport,ایستگاه مترو فرودگاه مهرآباد ترمینال‌های ۴ و ۶,transit,osm
ir-mehrabad-airport,ایستگاه مترو فرودگاه مهرآباد ترمینال‌های ۱ و ۲,transit,osm
ir-laleh-3,ایستگاه مترو شهید باکری,transit,osm
ir-abbas-abad-8,پایانه شهید بهشتی,transit,osm
ir-bushehr,پایانه اتوبوس های درون شهری,transit,osm
ir-koy-karmandan-north,ایستگاه مترو رجایی‌شهر,transit,osm
ir-eshqabad-2,میدان امام رضا (ع),square,osm
ir-eshqabad-2,میدان امام حسین (ع),square,osm
ir-eshqabad-2,میدان امام خمینی (ره),square,osm
ir-esfandiari-bostan,مجتمع ۲۲ بهمن,square,osm
ir-r17341189,منزل شخصی عبدالرضا چاروسائی,square,osm
ir-adel-abad,ایستگاه مترو دولت,transit,osm
ir-north-sepah,ایستگاه مترو رحمت,transit,osm
ir-andishe-phase-1,میدان شاهد,square,osm
ir-yaghchiyan,میدان توحید,square,osm
ir-r21290235,بسیج,transit,osm
ir-r13006600,ساختمان تچرا,square,osm
ir-kilan,میدان امیرکبیر,square,osm
ir-abuzar-3,پایانه ائمه اطهار,transit,osm
ir-r21290235,پایانه محلاتی,transit,osm
ir-valfajr,شهرک والفجر,transit,osm
ir-golshahr-3,میدان امام حسین,square,osm
ir-eslam-abad-4,میدان زندان,square,osm
ir-takhti-4,مترو علی آباد,transit,osm
ir-narmak,پایانه علم و صنعت شمالی,transit,osm
ir-haj-enayat,میدان سفیر امید,square,osm
ir-w625035928,میدان فلسطین,square,osm
ir-abhar-city,میدان شهید رجایی,square,osm
ir-abhar-city,_,square,osm
ir-yaft-abad-2,پایانه یافت آباد,transit,osm
ir-javanmard-ghasab,میدان شهرداری,square,osm
ir-shahrak-farhangian-3,پایانه شهرک آزادی,transit,osm
ir-abhar-city,شهرداری ابهر,square,osm
ir-abhar-city,میدان,square,osm
ir-hesarak,جنت آباد,transit,osm
ir-dehkadeh-olympic,المپیک,transit,osm
ir-daryacheh,پایانه دریاچه,transit,osm
ir-south-narmak,پل خاقانی,transit,osm
ir-atabak,هاشم آباد,transit,osm
ir-sarsakht,پارکینگ شهر ری,transit,osm
ir-r21293267,پایانه هفده شهریور,transit,osm
ir-neyshabur-city,پیچ عیدیانی,square,osm
ir-neyshabur-city,فلکه صنعت,square,osm
ir-talkhab,میدان معلم,square,osm
ir-damavand,میدان بسیج,square,osm
ir-r17341508,میدان منتظری,square,osm
ir-r17341508,میدان امام,square,osm
ir-gaz-borkhar,میدان توحید,square,osm
ir-damavand,میدان حجاب,square,osm
ir-bushehr,ایستگاه اتوبوس,transit,osm
ir-andimeshk,میدان سردار شهید محمد سگوند,square,osm
ir-district-2-3,میدان شهید رجایی,square,osm
ir-kuy-nasr,برج میلاد تهران,transit,osm
ir-r17340930,میدان ماموستا هیمن,square,osm
ir-r17340930,میدان جمهوری اسلامی,square,osm
ir-bushehr,رشرکت حمل و نقل راه کوبان لیان,transit,osm
ir-pardis-4,میدان امام‌ر ضا (ع),square,osm
ir-saveh,شرکت تعاونی مسافربری مهر پیما,transit,osm
ir-ashtian-city,ترمینال مسافربری,transit,osm
ir-imam-reza-teravel-terminal,شرکت حمل و نقل محمد ارسلان,transit,osm
ir-lavasan,میدان پرچم,square,osm
ir-evaz,میدان مصلی,square,osm
ir-parand,میدان تخت جمشید,square,osm
ir-qeshm,کشتی تفریحی تارا دریا,transit,osm
ir-r13406527,حمل ونقل کوشابار اصفهان,transit,osm
ir-takab,ترمینال,transit,osm
ir-shahin-dezh,ترمینال مسافربری,transit,osm
ir-zabol,میدان یعقوب لیث,square,osm
ir-r17580861,ترمینال,transit,osm
ir-r11789912,اراک,transit,osm
ir-fuladshahr,میدان نبوت,square,osm
ir-fuladshahr,میدان امامت,square,osm
ir-r11226553,شرکت حمل ونقل بین المللی دریا نورد الماس,transit,osm
ir-tayeb,میدان خراسان,transit,osm
ir-zarrin-rud-city,میدان معلم,square,osm
ir-bajestan,میدان آزادی,square,osm
ir-phase-1-mehrshahr,مجتمع مسکونی ونک,square,osm
ir-oghaf,حمل و نقل - باربری دانش,transit,osm
ir-lamerd,میدان شهداء,square,osm
ir-lamerd,میدان امام خمینی,square,osm
ir-lamerd,میدان انقلاب,square,osm
ir-lamerd,میدان دانشجو,square,osm
ir-lamerd,میدان مادر,square,osm
ir-chaharbagh,ایستگاه مترو باب‌الجواد,transit,osm
ir-shahid-maghul,خدمات ارسال بار هوایی حیدرزاده,transit,osm
ir-phase-2,میدان شهید دوران,square,osm
ir-tabriz,119,transit,osm
ir-district-2-4,ایستگاه مترو شهید سلطانی,transit,osm
ir-r18800374,ترمینال الشتر,transit,osm
ir-shareati-yek-kot-abdolah,شرکت حمل و نقل نور اتحاد کارون,transit,osm
ir-ardestan,میدان فاطمیه,square,osm
ir-ardestan,میدان امام سجاد,square,osm
ir-garmsar,میدان بسیح,square,osm
ir-098,ایستگاه مترو قصردشت,transit,osm
ir-098,ایستگاه مترو شاهد,transit,osm
ir-shahrak-e-parvaz,ایستگاه مترو غدیر,transit,osm
ir-sardkhaneh-fale-asiri,ایستگاه مترو جانبازان,transit,osm
ir-sardkhaneh-fale-asiri,ایستگاه مترو فرصت شیرازی,transit,osm
ir-zand,ایستگاه مترو زندیه,transit,osm
ir-r10054055,ایستگاه مترو شهید کاوه,transit,osm
ir-r10054055,ایستگاه مترو ولیعصر,transit,osm
ir-goede-araban-darbe-sheikh,ایستگاه مترو وکیل الرعایا,transit,osm
ir-fazilat,ایستگاه مترو فضیلت,transit,osm
ir-iranshahr-2,فردوسی,transit,osm
ir-eyvane-kay,شرکت حمل و نقل امین ترابر ایوانکی,transit,osm
ir-north-shahran,شهید آرمان علی وردی,transit,osm
ir-ekbatan,ایستگاه مترو شهرک اکباتان,transit,osm
ir-tohid-2,امین بار,transit,osm
ir-naserabad,میدان میرزاطاهر نصرآبادی,square,osm
ir-masjed-soleyman,میلوار باغملی,square,osm
ir-masjed-soleyman,فلکه باغ ملی,square,osm
ir-bafq,حمل ونقل مسافر درون شهری وبرون شهری,transit,osm
ir-behjat-abad,مریم مقدس(س),transit,osm
ir-ghiam-3,شهدای هفده شهریور,transit,osm
ir-r17351822,ترمینال مسافربری مرند,transit,osm
ir-qods,ایستگاه قطار شهرقدس,transit,osm
ir-nazi-abad,شهید بخارایی,transit,osm
ir-bagh-azari,پایانه جنوب,transit,osm
ir-ferdowsi-3,سعدی,transit,osm
ir-iranshahr-2,آیت‌الله طالقانی,transit,osm
ir-abbas-abad-8,شهید مفتح,transit,osm
ir-nilufar,ایستگاه مترو مصلی امام خمینی(ره),transit,osm
ir-arazi-abas-abad,شهید حقانی,transit,osm
ir-mirdamad-2,دکتر شریعتی,transit,osm
ir-elahieh-2,شهید صدر,transit,osm
ir-r15436558,ایستگاه راه آهن تاکستان,transit,osm
ir-parand,ایستگاه قطار بین شهری پرند,transit,osm
ir-meshkat,مسکن مهر,square,osm
ir-khajeh-nasir,امام حسین(ع),transit,osm
ir-r8188592,میدان صلوات,square,osm
ir-r20216388,میدان تلاشگران,square,osm
ir-r20216388,میدان شهدا,square,osm
ir-r20216356,میدان لاله ها,square,osm
ir-r8188592,میدان پیامبر اعظم,square,osm
ir-zarrinshahr,میدان غدیر,square,osm
ir-zarrinshahr,میدان زرین,square,osm
ir-r8188592,میدان میلاد,square,osm
ir-r20216457,میدان دارالعباده,square,osm
ir-r8188592,فلکه ششم آزادشهر,square,osm
ir-azad-shahr-2,میدان بانوی شهید,square,osm
ir-meybod,میدان سرامیک سازی,square,osm
ir-nader,ایستگاه مترو استقلال,transit,osm
ir-ghasr-firuzeh-1,ورزشگاه تختی,transit,osm
ir-aqda,میدان آیت الله فاضل عقدایی,square,osm
ir-na-in,میدان جمهوری اسلامی,square,osm
ir-lamerd,مجتمع مسکونی کیانوش,square,osm
ir-shahrak-apadana,پایانه آزادی,transit,osm
ir-jordan-park-melat,چهار راه غزه,square,osm
ir-teymuri,دانشگاه شریف,transit,osm
ir-chub-tarash,طرشت,transit,osm
ir-monirieh,دانشگاه امام علی(ع),transit,osm
ir-ferdowsi-3,حسن‌آباد,transit,osm
ir-hor,میدان حر,transit,osm
ir-baharestan-6,ملت,transit,osm
ir-gorgan,شهید مدنی,transit,osm
ir-vahidieh,سبلان,transit,osm
ir-fadak-3,جانبازان,transit,osm
ir-narmak,سرسبز,transit,osm
ir-narmak,دانشگاه علم و صنعت,transit,osm
ir-dulab,چهل تن دولاب,transit,osm
ir-ghiam-3,ایستگاه مترو میدان قیام,transit,osm
ir-keshavarz-park-laleh,میدان جهاد,transit,osm
ir-khajeh-nezam,سرباز وطن,transit,osm
ir-pasdaran-zarab-khaneh,نوبنیاد,transit,osm
ir-north-sazman-barnameh,آیت الله کاشانی,transit,osm
ir-baharan-4,شهدای کن,transit,osm
ir-kan,شهران,transit,osm
ir-mehran-payambar,شهید ستاری,transit,osm
ir-north-zanjan,دکتر حبیب اله,transit,osm
ir-shohadaye-shahrak-saadi,باربری نوین ترابر ایرانیان(بزرگ مقیاس),transit,osm
ir-herandi,ایستگاه مترو مولوی,transit,osm
ir-kaj,بهار شیراز,transit,osm
ir-marzdaran,یادگار امام(ره),transit,osm
ir-abazar,شهید اشرفی اصفهانی,transit,osm
ir-south-majidieh,شهید صیاد شیرازی,transit,osm
ir-pasdaran-zarab-khaneh,شهید زین الدین,transit,osm
ir-heravi-hossein-abad,حسین آباد,transit,osm
ir-shahrara-patris,ایستگاه مترو مدافعان سلامت,transit,osm
ir-shakiba,ایستگاه مترو آهنگ,transit,osm
ir-sad-dastgah,ایستگاه مترو پیروزی,transit,osm
ir-kuy-nasr,بوستان گفتگو,transit,osm
ir-shahrak-e-ghods,میدان صنعت,transit,osm
ir-derakhti,شهید دادمان,transit,osm
ir-aseman,میدان کتاب,transit,osm
ir-zahtabi,شهرک شریعتی,transit,osm
ir-isar-2,ایستگاه مترو مفتح,transit,osm
ir-shahid-ghorbani,ایستگاه مترو طبرسی,transit,osm
ir-imam-reza-teravel-terminal,ایستگاه مترو امام رضا,transit,osm
ir-rah-ahan-2,ایستگاه مترو راه آهن,transit,osm
ir-radeh,ایستگاه مترو فجر,transit,osm
ir-abuzar,ایستگاه مترو نبوت,transit,osm
ir-sanabad,ایستگاه مترو سعدی,transit,osm
ir-ahmad-abad-2,ایستگاه مترو الندشت,transit,osm
ir-ahmad-abad-2,ایستگاه مترو کوهسنگی,transit,osm
ir-reza-shahr,ایستگاه مترو شهید کاوه,transit,osm
ir-zakariya,ایستگاه مترو شهید فکوری,transit,osm
ir-omidieh,دبستان دخترانه کوثر,landmark,osm
ir-omidieh,دبستان پسرانه ابن سینا,landmark,osm
ir-omidieh,دبستان پسرانه شهید قنواتی,landmark,osm
ir-omidieh,دبیرستان پسرانه شهدای نفت امیدیه,landmark,osm
