place,other,relation,source
ir-r16347723,ir-shahin-shahr,adjacent,osm
ir-gorgab,ir-shahin-shahr,adjacent,osm
ir-r16789836,ir-mashhad,adjacent,osm
ir-r15681932,ir-jamaran-mahdieh,adjacent,osm
ir-sureshjan,ir-r17530105,adjacent,osm
ir-r17350351,ir-r6556707,adjacent,osm
ir-shams-tabrizi,ir-beylankoh-momtaz,adjacent,osm
ir-shams-tabrizi,ir-w624922141,adjacent,osm
ir-hamedan-university-of-medical-science,ir-w624403416,adjacent,osm
ir-hamedan-university-of-medical-science,ir-ghaem-square,adjacent,osm
ir-hamedan-university-of-medical-science,ir-park-mardom,adjacent,osm
ir-hamedan-university-of-medical-science,ir-mardom-poeple-park,adjacent,osm
ir-hamedan-university-of-medical-science,ir-hospital-bu-ali,adjacent,osm
ir-hamedan-university-of-medical-science,ir-w500283365,adjacent,osm
ir-hamedan-university-of-medical-science,ir-w624362030,adjacent,osm
ir-hamedan-university-of-medical-science,ir-bagh-mouze,adjacent,osm
ir-hamedan-university-of-medical-science,ir-w625151102,adjacent,osm
ir-hamedan-university-of-medical-science,ir-kolab,adjacent,osm
ir-hamedan-university-of-medical-science,ir-buali-sina-university,adjacent,osm
ir-hamedan-university-of-medical-science,ir-bu-ali-sina-university,adjacent,osm
ir-w212300862,ir-w624403416,adjacent,osm
ir-w212300862,ir-ghaem-square,adjacent,osm
ir-w212300862,ir-park-mardom,adjacent,osm
ir-w212300862,ir-mardom-poeple-park,adjacent,osm
ir-w212300862,ir-hospital-bu-ali,adjacent,osm
ir-w212300862,ir-w500283365,adjacent,osm
ir-w212300862,ir-w624362030,adjacent,osm
ir-w212300862,ir-bagh-mouze,adjacent,osm
ir-w212300862,ir-w625151102,adjacent,osm
ir-w212300862,ir-kolab,adjacent,osm
ir-w212300862,ir-buali-sina-university,adjacent,osm
ir-w212300862,ir-bu-ali-sina-university,adjacent,osm
ir-park-mardom,ir-w624379045,adjacent,osm
ir-park-mardom,ir-ostandari-2,adjacent,osm
ir-park-mardom,ir-w624403416,adjacent,osm
ir-park-mardom,ir-ghaem-square,adjacent,osm
ir-park-mardom,ir-hamedan-univercity-of-technology,adjacent,osm
ir-park-mardom,ir-w522691662,adjacent,osm
ir-park-mardom,ir-hospital-bu-ali,adjacent,osm
ir-park-mardom,ir-w500283365,adjacent,osm
ir-park-mardom,ir-shokriyeh,adjacent,osm
ir-park-mardom,ir-w624653131,adjacent,osm
ir-park-mardom,ir-w624646391,adjacent,osm
ir-park-mardom,ir-mahdiyeh,adjacent,osm
ir-park-mardom,ir-buali-sina-university,adjacent,osm
ir-park-mardom,ir-bu-ali-sina-university,adjacent,osm
ir-mardom-poeple-park,ir-w624379045,adjacent,osm
ir-mardom-poeple-park,ir-ostandari-2,adjacent,osm
ir-mardom-poeple-park,ir-w624403416,adjacent,osm
ir-mardom-poeple-park,ir-ghaem-square,adjacent,osm
ir-mardom-poeple-park,ir-hamedan-univercity-of-technology,adjacent,osm
ir-mardom-poeple-park,ir-w522691662,adjacent,osm
ir-mardom-poeple-park,ir-hospital-bu-ali,adjacent,osm
ir-mardom-poeple-park,ir-w500283365,adjacent,osm
ir-mardom-poeple-park,ir-shokriyeh,adjacent,osm
ir-mardom-poeple-park,ir-w624653131,adjacent,osm
ir-mardom-poeple-park,ir-w624646391,adjacent,osm
ir-mardom-poeple-park,ir-mahdiyeh,adjacent,osm
ir-mardom-poeple-park,ir-buali-sina-university,adjacent,osm
ir-mardom-poeple-park,ir-bu-ali-sina-university,adjacent,osm
ir-farhangian-town-2,ir-eslam-shahr-shahpasand,adjacent,osm
ir-farhangian-town-2,ir-ali-abad-town,adjacent,osm
ir-farhangian-town-2,ir-ali-abad-town-2,adjacent,osm
ir-farhangian-town-2,ir-ashora-square,adjacent,osm
ir-farhangian-town-2,ir-ghasem-abad-2,adjacent,osm
ir-farhangian-town-2,ir-r8686207,adjacent,osm
ir-farhangian-town-2,ir-w625144756,adjacent,osm
ir-w212301637,ir-eslam-shahr-shahpasand,adjacent,osm
ir-w212301637,ir-ali-abad-town,adjacent,osm
ir-w212301637,ir-ali-abad-town-2,adjacent,osm
ir-w212301637,ir-ashora-square,adjacent,osm
ir-w212301637,ir-ghasem-abad-2,adjacent,osm
ir-w212301637,ir-r8686207,adjacent,osm
ir-w212301637,ir-w625144756,adjacent,osm
ir-baghe-behesht-cemetery,ir-mazaghineh,adjacent,osm
ir-baghe-behesht-cemetery,ir-w624210388,adjacent,osm
ir-baghe-behesht-cemetery,ir-w624722706,adjacent,osm
ir-baghe-behesht-cemetery,ir-jadeh-mazaghineh,adjacent,osm
ir-baghe-behesht-cemetery,ir-emam-hasan-square,adjacent,osm
ir-baghe-behesht-cemetery,ir-w625139580,adjacent,osm
ir-baghe-behesht-cemetery,ir-babak-crossroad,adjacent,osm
ir-baghe-behesht-cemetery,ir-w624712247,adjacent,osm
ir-w212301643,ir-mazaghineh,adjacent,osm
ir-w212301643,ir-w624210388,adjacent,osm
ir-w212301643,ir-w624722706,adjacent,osm
ir-w212301643,ir-jadeh-mazaghineh,adjacent,osm
ir-w212301643,ir-emam-hasan-square,adjacent,osm
ir-w212301643,ir-w625139580,adjacent,osm
ir-w212301643,ir-babak-crossroad,adjacent,osm
ir-w212301643,ir-w624712247,adjacent,osm
ir-sadeghieyeh,ir-hospital-of-artesh,adjacent,osm
ir-sadeghieyeh,ir-w624700103,adjacent,osm
ir-sadeghieyeh,ir-w490620258,adjacent,osm
ir-sadeghieyeh,ir-r8672226,adjacent,osm
ir-sadeghieyeh,ir-vaiasr-dizaj-town,adjacent,osm
ir-sadeghieyeh,ir-valiasr-dizaj-town,adjacent,osm
ir-sadeghieyeh,ir-r8686207,adjacent,osm
ir-sadeghieyeh,ir-w625144756,adjacent,osm
ir-sadeghiyeh-2,ir-hospital-of-artesh,adjacent,osm
ir-sadeghiyeh-2,ir-w624700103,adjacent,osm
ir-sadeghiyeh-2,ir-w490620258,adjacent,osm
ir-sadeghiyeh-2,ir-r8672226,adjacent,osm
ir-sadeghiyeh-2,ir-vaiasr-dizaj-town,adjacent,osm
ir-sadeghiyeh-2,ir-valiasr-dizaj-town,adjacent,osm
ir-sadeghiyeh-2,ir-r8686207,adjacent,osm
ir-sadeghiyeh-2,ir-w625144756,adjacent,osm
ir-vaiasr-dizaj-town,ir-hospital-of-artesh,adjacent,osm
ir-vaiasr-dizaj-town,ir-w624700103,adjacent,osm
ir-vaiasr-dizaj-town,ir-alvand-town,adjacent,osm
ir-vaiasr-dizaj-town,ir-r8686207,adjacent,osm
ir-vaiasr-dizaj-town,ir-w625144756,adjacent,osm
ir-vaiasr-dizaj-town,ir-maryanaj,adjacent,osm
ir-valiasr-dizaj-town,ir-hospital-of-artesh,adjacent,osm
ir-valiasr-dizaj-town,ir-w624700103,adjacent,osm
ir-valiasr-dizaj-town,ir-alvand-town,adjacent,osm
ir-valiasr-dizaj-town,ir-r8686207,adjacent,osm
ir-valiasr-dizaj-town,ir-w625144756,adjacent,osm
ir-valiasr-dizaj-town,ir-maryanaj,adjacent,osm
ir-shahr-e-kord,ir-r6557030,adjacent,osm
ir-r6846378,ir-r6557030,adjacent,osm
ir-abeyak,ir-abyek-city,adjacent,osm
ir-morad-beyg-valley,ir-tandis-tower,adjacent,osm
ir-morad-beyg-valley,ir-w624359457,adjacent,osm
ir-morad-beyg-valley,ir-pardis-2,adjacent,osm
ir-morad-beyg-valley,ir-w624373879,adjacent,osm
ir-morad-beyg-valley,ir-ostadan,adjacent,osm
ir-w326747145,ir-tandis-tower,adjacent,osm
ir-w326747145,ir-w624359457,adjacent,osm
ir-w326747145,ir-pardis-2,adjacent,osm
ir-w326747145,ir-w624373879,adjacent,osm
ir-w326747145,ir-ostadan,adjacent,osm
ir-bag-saeb,ir-w624906846,adjacent,osm
ir-bag-saeb,ir-shahrdari-1,adjacent,osm
ir-w430745038,ir-samen-district,adjacent,osm
ir-abbas-abad-entertainment-complex,ir-ganjnameh,adjacent,osm
ir-abbas-abad-entertainment-complex,ir-w624354128,adjacent,osm
ir-abbas-abad-entertainment-complex,ir-eram-blv,adjacent,osm
ir-abbas-abad-entertainment-complex,ir-w625155083,adjacent,osm
ir-abbas-abad-entertainment-complex,ir-abbas-abad-5,adjacent,osm
ir-abbas-abad-entertainment-complex,ir-w571020864,adjacent,osm
ir-abbas-abad-entertainment-complex,ir-hospital-beheshti,adjacent,osm
ir-abbas-abad-entertainment-complex,ir-w500284864,adjacent,osm
ir-w433917747,ir-ganjnameh,adjacent,osm
ir-w433917747,ir-w624354128,adjacent,osm
ir-w433917747,ir-eram-blv,adjacent,osm
ir-w433917747,ir-w625155083,adjacent,osm
ir-w433917747,ir-abbas-abad-5,adjacent,osm
ir-w433917747,ir-w571020864,adjacent,osm
ir-w433917747,ir-hospital-beheshti,adjacent,osm
ir-w433917747,ir-w500284864,adjacent,osm
ir-chalus,ir-r17351642,adjacent,osm
ir-shahrabad-district,ir-r6558217,adjacent,osm
ir-shahrabad-district,ir-r6558175,adjacent,osm
ir-r6558803,ir-r6557976,adjacent,osm
ir-r6557023,ir-sousangerd,adjacent,osm
ir-r6557023,ir-r6558580,adjacent,osm
ir-r6557023,ir-r6556713,adjacent,osm
ir-r17341109,ir-kuhdasht,adjacent,osm
ir-r6827274,ir-r6557030,adjacent,osm
ir-r18718111,ir-r19317835,adjacent,osm
ir-r18718111,ir-r19248624,adjacent,osm
ir-r18718218,ir-r18718077,adjacent,osm
ir-r19300795,ir-r19291574,adjacent,osm
ir-r17812578,ir-shahrake-tosee-neyshekar,adjacent,osm
ir-r8672226,ir-w624320861,adjacent,osm
ir-r8672226,ir-janbazan-3,adjacent,osm
ir-r8672226,ir-w624309914,adjacent,osm
ir-r8672226,ir-charmsazi-manouchehri,adjacent,osm
ir-r8672226,ir-w625034685,adjacent,osm
ir-r8672226,ir-babataher,adjacent,osm
ir-r8672226,ir-hospital-of-artesh,adjacent,osm
ir-r8672226,ir-w624700103,adjacent,osm
ir-r8672226,ir-imam-khomeyni-town,adjacent,osm
ir-r8672226,ir-eslam-shahr-shahpasand,adjacent,osm
ir-r8672226,ir-r8686207,adjacent,osm
ir-r8672226,ir-w625144756,adjacent,osm
ir-w490620258,ir-w624320861,adjacent,osm
ir-w490620258,ir-janbazan-3,adjacent,osm
ir-w490620258,ir-w624309914,adjacent,osm
ir-w490620258,ir-charmsazi-manouchehri,adjacent,osm
ir-w490620258,ir-w625034685,adjacent,osm
ir-w490620258,ir-babataher,adjacent,osm
ir-w490620258,ir-hospital-of-artesh,adjacent,osm
ir-w490620258,ir-w624700103,adjacent,osm
ir-w490620258,ir-imam-khomeyni-town,adjacent,osm
ir-w490620258,ir-eslam-shahr-shahpasand,adjacent,osm
ir-w490620258,ir-r8686207,adjacent,osm
ir-w490620258,ir-w625144756,adjacent,osm
ir-hospital-bu-ali,ir-w624403416,adjacent,osm
ir-hospital-bu-ali,ir-ghaem-square,adjacent,osm
ir-hospital-bu-ali,ir-hamedan-univercity-of-technology,adjacent,osm
ir-hospital-bu-ali,ir-w522691662,adjacent,osm
ir-w500283365,ir-w624403416,adjacent,osm
ir-w500283365,ir-ghaem-square,adjacent,osm
ir-w500283365,ir-hamedan-univercity-of-technology,adjacent,osm
ir-w500283365,ir-w522691662,adjacent,osm
ir-hospital-beheshti,ir-eram-blv,adjacent,osm
ir-hospital-beheshti,ir-w625155083,adjacent,osm
ir-hospital-beheshti,ir-abbas-abad-5,adjacent,osm
ir-hospital-beheshti,ir-w571020864,adjacent,osm
ir-hospital-beheshti,ir-w624403416,adjacent,osm
ir-hospital-beheshti,ir-ghaem-square,adjacent,osm
ir-w500284864,ir-eram-blv,adjacent,osm
ir-w500284864,ir-w625155083,adjacent,osm
ir-w500284864,ir-abbas-abad-5,adjacent,osm
ir-w500284864,ir-w571020864,adjacent,osm
ir-w500284864,ir-w624403416,adjacent,osm
ir-w500284864,ir-ghaem-square,adjacent,osm
ir-islamic-azad-university,ir-madani-borough,adjacent,osm
ir-w514904975,ir-madani-borough,adjacent,osm
ir-shavarin,ir-emam-hasan-square,adjacent,osm
ir-shavarin,ir-w625139580,adjacent,osm
ir-shavarin,ir-babak-crossroad,adjacent,osm
ir-shavarin,ir-w624712247,adjacent,osm
ir-shavarin,ir-persigaz,adjacent,osm
ir-shavarin,ir-r19059693,adjacent,osm
ir-w521108621,ir-emam-hasan-square,adjacent,osm
ir-w521108621,ir-w625139580,adjacent,osm
ir-w521108621,ir-babak-crossroad,adjacent,osm
ir-w521108621,ir-w624712247,adjacent,osm
ir-w521108621,ir-persigaz,adjacent,osm
ir-w521108621,ir-r19059693,adjacent,osm
ir-hamedan-univercity-of-technology,ir-w624379045,adjacent,osm
ir-hamedan-univercity-of-technology,ir-ostandari-2,adjacent,osm
ir-hamedan-univercity-of-technology,ir-w624403416,adjacent,osm
ir-hamedan-univercity-of-technology,ir-ghaem-square,adjacent,osm
ir-w522691662,ir-w624379045,adjacent,osm
ir-w522691662,ir-ostandari-2,adjacent,osm
ir-w522691662,ir-w624403416,adjacent,osm
ir-w522691662,ir-ghaem-square,adjacent,osm
ir-buali-sina-university,ir-w624646391,adjacent,osm
ir-buali-sina-university,ir-mahdiyeh,adjacent,osm
ir-buali-sina-university,ir-javadiyeh,adjacent,osm
ir-buali-sina-university,ir-w624645059,adjacent,osm
ir-buali-sina-university,ir-w624643621,adjacent,osm
ir-buali-sina-university,ir-zamani,adjacent,osm
ir-buali-sina-university,ir-r8670095,adjacent,osm
ir-buali-sina-university,ir-borough-shahid-modares,adjacent,osm
ir-buali-sina-university,ir-modares-town,adjacent,osm
ir-buali-sina-university,ir-w624728328,adjacent,osm
ir-buali-sina-university,ir-pasdaran-square-shah-hoseyni-blv,adjacent,osm
ir-buali-sina-university,ir-heydareh-road,adjacent,osm
ir-buali-sina-university,ir-w625147273,adjacent,osm
ir-bu-ali-sina-university,ir-w624646391,adjacent,osm
ir-bu-ali-sina-university,ir-mahdiyeh,adjacent,osm
ir-bu-ali-sina-university,ir-javadiyeh,adjacent,osm
ir-bu-ali-sina-university,ir-w624645059,adjacent,osm
ir-bu-ali-sina-university,ir-w624643621,adjacent,osm
ir-bu-ali-sina-university,ir-zamani,adjacent,osm
ir-bu-ali-sina-university,ir-r8670095,adjacent,osm
ir-bu-ali-sina-university,ir-borough-shahid-modares,adjacent,osm
ir-bu-ali-sina-university,ir-modares-town,adjacent,osm
ir-bu-ali-sina-university,ir-w624728328,adjacent,osm
ir-bu-ali-sina-university,ir-pasdaran-square-shah-hoseyni-blv,adjacent,osm
ir-bu-ali-sina-university,ir-heydareh-road,adjacent,osm
ir-bu-ali-sina-university,ir-w625147273,adjacent,osm
ir-ardestan-2,ir-ardestan,adjacent,osm
ir-r8040905,ir-r8040883,adjacent,osm
ir-shahr-e-kiyan,ir-r6557030,adjacent,osm
ir-abbas-abad-5,ir-ganjnameh,adjacent,osm
ir-abbas-abad-5,ir-w624354128,adjacent,osm
ir-abbas-abad-5,ir-w624403416,adjacent,osm
ir-abbas-abad-5,ir-ghaem-square,adjacent,osm
ir-abbas-abad-5,ir-w624362030,adjacent,osm
ir-abbas-abad-5,ir-bagh-mouze,adjacent,osm
ir-abbas-abad-5,ir-w625151102,adjacent,osm
ir-abbas-abad-5,ir-kolab,adjacent,osm
ir-w571020864,ir-ganjnameh,adjacent,osm
ir-w571020864,ir-w624354128,adjacent,osm
ir-w571020864,ir-w624403416,adjacent,osm
ir-w571020864,ir-ghaem-square,adjacent,osm
ir-w571020864,ir-w624362030,adjacent,osm
ir-w571020864,ir-bagh-mouze,adjacent,osm
ir-w571020864,ir-w625151102,adjacent,osm
ir-w571020864,ir-kolab,adjacent,osm
ir-r16012896,ir-punak,adjacent,osm
ir-noor-town,ir-fajr,adjacent,osm
ir-noor-town,ir-w623097513,adjacent,osm
ir-fajr,ir-laleh-3,adjacent,osm
ir-fajr,ir-laleh-2,adjacent,osm
ir-fajr,ir-w623097513,adjacent,osm
ir-qarabagilar,ir-mansour,adjacent,osm
ir-qarabagilar,ir-w623084626,adjacent,osm
ir-w623072840,ir-mansour,adjacent,osm
ir-w623072840,ir-w623084626,adjacent,osm
ir-laleh-2,ir-safire-omid-town,adjacent,osm
ir-laleh-2,ir-dizel-abad,adjacent,osm
ir-laleh-2,ir-safire-omid-town-2,adjacent,osm
ir-laleh-2,ir-w624157346,adjacent,osm
ir-laleh-2,ir-jalaliyeh-2,adjacent,osm
ir-laleh-2,ir-w623097513,adjacent,osm
ir-laleh-3,ir-safire-omid-town,adjacent,osm
ir-laleh-3,ir-dizel-abad,adjacent,osm
ir-laleh-3,ir-safire-omid-town-2,adjacent,osm
ir-laleh-3,ir-w624157346,adjacent,osm
ir-laleh-3,ir-jalaliyeh-2,adjacent,osm
ir-laleh-3,ir-w623097513,adjacent,osm
ir-mansour,ir-w623995653,adjacent,osm
ir-mansour,ir-mansoursquare,adjacent,osm
ir-w623084626,ir-w623995653,adjacent,osm
ir-w623084626,ir-mansoursquare,adjacent,osm
ir-jalaliyeh-2,ir-resalat-6,adjacent,osm
ir-bahadori,ir-w623099007,adjacent,osm
ir-bahadori,ir-daneshsara,adjacent,osm
ir-w623090339,ir-w623099007,adjacent,osm
ir-w623090339,ir-daneshsara,adjacent,osm
ir-w623097513,ir-khatib,adjacent,osm
ir-daneshsara,ir-bazzar,adjacent,osm
ir-w623099007,ir-bazzar,adjacent,osm
ir-resalat-6,ir-khatib,adjacent,osm
ir-babak,ir-khatib,adjacent,osm
ir-babak,ir-shanb-e-ghazan,adjacent,osm
ir-babak-2,ir-khatib,adjacent,osm
ir-babak-2,ir-shanb-e-ghazan,adjacent,osm
ir-w623330808,ir-nesferah,adjacent,osm
ir-w623330808,ir-ashkan,adjacent,osm
ir-w623330808,ir-shanb-e-ghazan,adjacent,osm
ir-w623330808,ir-varzash-3,adjacent,osm
ir-w623330808,ir-varzash-2,adjacent,osm
ir-nesferah,ir-firooz-alley,adjacent,osm
ir-nesferah,ir-w624063524,adjacent,osm
ir-nesferah,ir-kuchebagh,adjacent,osm
ir-nesferah,ir-ashkan,adjacent,osm
ir-nesferah,ir-varzash-3,adjacent,osm
ir-nesferah,ir-varzash-2,adjacent,osm
ir-mansoursquare,ir-w624756055,adjacent,osm
ir-mansoursquare,ir-sadr,adjacent,osm
ir-w623995653,ir-w624756055,adjacent,osm
ir-w623995653,ir-sadr,adjacent,osm
ir-basij-town,ir-janbazan-town,adjacent,osm
ir-varzash-2,ir-ashkan,adjacent,osm
ir-varzash-2,ir-shanb-e-ghazan,adjacent,osm
ir-varzash-3,ir-ashkan,adjacent,osm
ir-varzash-3,ir-shanb-e-ghazan,adjacent,osm
ir-sheshgilan,ir-w624027996,adjacent,osm
ir-sheshgilan,ir-w624308691,adjacent,osm
ir-sheshgilan,ir-ismailbaqqal,adjacent,osm
ir-sheshgilan,ir-w624430286,adjacent,osm
ir-sheshgilan,ir-w624433211,adjacent,osm
ir-sheshgilan,ir-asmaei,adjacent,osm
ir-w624027996,ir-w624308691,adjacent,osm
ir-w624027996,ir-ismailbaqqal,adjacent,osm
ir-w624027996,ir-w624430286,adjacent,osm
ir-w624027996,ir-w624433211,adjacent,osm
ir-w624027996,ir-asmaei,adjacent,osm
ir-nezampezashki,ir-nokazzeh,adjacent,osm
ir-w624031818,ir-nokazzeh,adjacent,osm
ir-maralan,ir-w1475502071,adjacent,osm
ir-maralan,ir-w624164568,adjacent,osm
ir-maralan,ir-w624809917,adjacent,osm
ir-maralan,ir-r20192592,adjacent,osm
ir-w624031912,ir-w1475502071,adjacent,osm
ir-w624031912,ir-w624164568,adjacent,osm
ir-w624031912,ir-w624809917,adjacent,osm
ir-w624031912,ir-r20192592,adjacent,osm
ir-kuchebagh,ir-qaraaqaj,adjacent,osm
ir-kuchebagh,ir-w624041903,adjacent,osm
ir-qaraaqaj,ir-w624056643,adjacent,osm
ir-w624041903,ir-w624056643,adjacent,osm
ir-monajem,ir-w624059479,adjacent,osm
ir-monajem,ir-bazzar,adjacent,osm
ir-monajem,ir-w624056643,adjacent,osm
ir-monajem,ir-w624057067,adjacent,osm
ir-monajjem,ir-w624059479,adjacent,osm
ir-monajjem,ir-bazzar,adjacent,osm
ir-monajjem,ir-w624056643,adjacent,osm
ir-monajjem,ir-w624057067,adjacent,osm
ir-kalaka-jar,ir-shahrak-keshavarz,adjacent,osm
ir-kalaka-jar,ir-ghopal,adjacent,osm
ir-kalaka-jar,ir-shahrak-noor,adjacent,osm
ir-kalaka-jar,ir-khaneghah-khosro-abad,adjacent,osm
ir-w624056643,ir-w624057067,adjacent,osm
ir-w624059479,ir-bazzar,adjacent,osm
ir-w624060585,ir-bazzar,adjacent,osm
ir-firooz-alley,ir-w624073801,adjacent,osm
ir-firooz-alley,ir-w624066343,adjacent,osm
ir-w624063524,ir-w624073801,adjacent,osm
ir-w624063524,ir-w624066343,adjacent,osm
ir-w624066343,ir-baron-avak,adjacent,osm
ir-zafaraniyeh,ir-w624356271,adjacent,osm
ir-w624066609,ir-w624356271,adjacent,osm
ir-w624157346,ir-manzariyeh,adjacent,osm
ir-w624163559,ir-w624164568,adjacent,osm
ir-w624163559,ir-sa-eb-tabeizi,adjacent,osm
ir-w624164568,ir-w624809917,adjacent,osm
ir-w624164568,ir-r20192592,adjacent,osm
ir-agha-zaman,ir-r20193911,adjacent,osm
ir-agha-zaman,ir-ghatar-chian,adjacent,osm
ir-agha-zaman,ir-chahar-bagh,adjacent,osm
ir-agha-zaman,ir-sar-tapoola,adjacent,osm
ir-w624166327,ir-w682047549,adjacent,osm
ir-emamiyeh,ir-w1475309196,adjacent,osm
ir-emamiyeh,ir-r20190565,adjacent,osm
ir-borough-shahid-modares,ir-w624643621,adjacent,osm
ir-borough-shahid-modares,ir-zamani,adjacent,osm
ir-borough-shahid-modares,ir-w624728328,adjacent,osm
ir-borough-shahid-modares,ir-pasdaran-square-shah-hoseyni-blv,adjacent,osm
ir-borough-shahid-modares,ir-heydareh-road,adjacent,osm
ir-borough-shahid-modares,ir-w625147273,adjacent,osm
ir-borough-shahid-modares,ir-sheshsad-dastgah,adjacent,osm
ir-borough-shahid-modares,ir-w624312824,adjacent,osm
ir-borough-shahid-modares,ir-w624309914,adjacent,osm
ir-borough-shahid-modares,ir-charmsazi-manouchehri,adjacent,osm
ir-r8670095,ir-w624643621,adjacent,osm
ir-r8670095,ir-zamani,adjacent,osm
ir-r8670095,ir-w624728328,adjacent,osm
ir-r8670095,ir-pasdaran-square-shah-hoseyni-blv,adjacent,osm
ir-r8670095,ir-heydareh-road,adjacent,osm
ir-r8670095,ir-w625147273,adjacent,osm
ir-r8670095,ir-sheshsad-dastgah,adjacent,osm
ir-r8670095,ir-w624312824,adjacent,osm
ir-r8670095,ir-w624309914,adjacent,osm
ir-r8670095,ir-charmsazi-manouchehri,adjacent,osm
ir-modares-town,ir-w624643621,adjacent,osm
ir-modares-town,ir-zamani,adjacent,osm
ir-modares-town,ir-w624728328,adjacent,osm
ir-modares-town,ir-pasdaran-square-shah-hoseyni-blv,adjacent,osm
ir-modares-town,ir-heydareh-road,adjacent,osm
ir-modares-town,ir-w625147273,adjacent,osm
ir-modares-town,ir-sheshsad-dastgah,adjacent,osm
ir-modares-town,ir-w624312824,adjacent,osm
ir-modares-town,ir-w624309914,adjacent,osm
ir-modares-town,ir-charmsazi-manouchehri,adjacent,osm
ir-w624182430,ir-w624183607,adjacent,osm
ir-w624184239,ir-w624702889,adjacent,osm
ir-w624184239,ir-khalilabad-2,adjacent,osm
ir-w624184239,ir-avall-eram,adjacent,osm
ir-w624184239,ir-w624706912,adjacent,osm
ir-w624185595,ir-w624186232,adjacent,osm
ir-w624185595,ir-amir-bagi,adjacent,osm
ir-w624185595,ir-w624341290,adjacent,osm
ir-w624185595,ir-w624672539,adjacent,osm
ir-w624185595,ir-kuye-shahid-gharabaghi,adjacent,osm
ir-w624186232,ir-sharbatzade,adjacent,osm
ir-w624186232,ir-w624611268,adjacent,osm
ir-moalem-2,ir-bisotun,adjacent,osm
ir-moalem-2,ir-oustadsara,adjacent,osm
ir-moalem-2,ir-ali-abad-3,adjacent,osm
ir-moalem-2,ir-hosein-abad-4,adjacent,osm
ir-moalem-2,ir-takhti-3,adjacent,osm
ir-ali-abad-town,ir-w625000658,adjacent,osm
ir-ali-abad-town,ir-sepah-square,adjacent,osm
ir-ali-abad-town,ir-car-center,adjacent,osm
ir-ali-abad-town,ir-imam-khomeyni-town,adjacent,osm
ir-ali-abad-town,ir-eslam-shahr-shahpasand,adjacent,osm
ir-ali-abad-town,ir-ashora-square,adjacent,osm
ir-ali-abad-town-2,ir-w625000658,adjacent,osm
ir-ali-abad-town-2,ir-sepah-square,adjacent,osm
ir-ali-abad-town-2,ir-car-center,adjacent,osm
ir-ali-abad-town-2,ir-imam-khomeyni-town,adjacent,osm
ir-ali-abad-town-2,ir-eslam-shahr-shahpasand,adjacent,osm
ir-ali-abad-town-2,ir-ashora-square,adjacent,osm
ir-samanmeydani,ir-davachi-shotorban,adjacent,osm
ir-samanmeydani,ir-w624411276,adjacent,osm
ir-w624207333,ir-davachi-shotorban,adjacent,osm
ir-w624207333,ir-w624411276,adjacent,osm
ir-w624208392,ir-w624212884,adjacent,osm
ir-mazaghineh,ir-beheshti-town,adjacent,osm
ir-mazaghineh,ir-w624718588,adjacent,osm
ir-mazaghineh,ir-hospital-of-besat,adjacent,osm
ir-mazaghineh,ir-w624722706,adjacent,osm
ir-mazaghineh,ir-jadeh-mazaghineh,adjacent,osm
ir-w624210388,ir-beheshti-town,adjacent,osm
ir-w624210388,ir-w624718588,adjacent,osm
ir-w624210388,ir-hospital-of-besat,adjacent,osm
ir-w624210388,ir-w624722706,adjacent,osm
ir-w624210388,ir-jadeh-mazaghineh,adjacent,osm
ir-shams-e-tabrizi,ir-w624628998,adjacent,osm
ir-shams-e-tabrizi,ir-mojahed,adjacent,osm
ir-shams-e-tabrizi,ir-w624386006,adjacent,osm
ir-shams-e-tabrizi,ir-shahabad,adjacent,osm
ir-w624210443,ir-w624628998,adjacent,osm
ir-w624210443,ir-mojahed,adjacent,osm
ir-w624210443,ir-w624386006,adjacent,osm
ir-w624210443,ir-shahabad,adjacent,osm
ir-beheshti-town,ir-haj-shams-ali-town,adjacent,osm
ir-beheshti-town,ir-w624713899,adjacent,osm
ir-beheshti-town,ir-resalat,adjacent,osm
ir-beheshti-town,ir-haj-enayat,adjacent,osm
ir-beheshti-town,ir-w624701638,adjacent,osm
ir-beheshti-town,ir-w624718588,adjacent,osm
ir-beheshti-town,ir-hospital-of-besat,adjacent,osm
ir-beheshti-town,ir-w624722706,adjacent,osm
ir-beheshti-town,ir-jadeh-mazaghineh,adjacent,osm
ir-w624212884,ir-w624314415,adjacent,osm
ir-w624212884,ir-vali-asr-2,adjacent,osm
ir-pirzargar,ir-pir-abdolmalek,adjacent,osm
ir-pirzargar,ir-taze-meydan,adjacent,osm
ir-pirzargar,ir-jome-masjed,adjacent,osm
ir-pirzargar,ir-nama-lar,adjacent,osm
ir-pirzargar,ir-yasavol,adjacent,osm
ir-pirzargar,ir-zhandarmery,adjacent,osm
ir-pir-abdolmalek,ir-ochtukan,adjacent,osm
ir-pir-abdolmalek,ir-abravan,adjacent,osm
ir-pir-abdolmalek,ir-bazar,adjacent,osm
ir-pir-abdolmalek,ir-pir-shams-aldin,adjacent,osm
ir-pir-abdolmalek,ir-taze-meydan,adjacent,osm
ir-pir-abdolmalek,ir-jome-masjed,adjacent,osm
ir-seyed-abad,ir-pir-madar,adjacent,osm
ir-seyed-abad,ir-pir-shams-aldin,adjacent,osm
ir-seyed-abad,ir-jome-masjed,adjacent,osm
ir-seyed-abad,ir-tohid,adjacent,osm
ir-imam-khomeyni-town,ir-w625034685,adjacent,osm
ir-imam-khomeyni-town,ir-babataher,adjacent,osm
ir-imam-khomeyni-town,ir-w625000658,adjacent,osm
ir-imam-khomeyni-town,ir-sepah-square,adjacent,osm
ir-imam-khomeyni-town,ir-eslam-shahr-shahpasand,adjacent,osm
ir-eslam-shahr-shahpasand,ir-w625034685,adjacent,osm
ir-eslam-shahr-shahpasand,ir-babataher,adjacent,osm
ir-eslam-shahr-shahpasand,ir-r8686207,adjacent,osm
ir-eslam-shahr-shahpasand,ir-w625144756,adjacent,osm
ir-balahamam,ir-w624327240,adjacent,osm
ir-balahamam,ir-amirkhiz,adjacent,osm
ir-w624287491,ir-w624327240,adjacent,osm
ir-w624287491,ir-amirkhiz,adjacent,osm
ir-charmsazi-manouchehri,ir-heydareh-road,adjacent,osm
ir-charmsazi-manouchehri,ir-w625147273,adjacent,osm
ir-charmsazi-manouchehri,ir-sheshsad-dastgah,adjacent,osm
ir-charmsazi-manouchehri,ir-w624312824,adjacent,osm
ir-charmsazi-manouchehri,ir-w624320861,adjacent,osm
ir-charmsazi-manouchehri,ir-janbazan-3,adjacent,osm
ir-charmsazi-manouchehri,ir-hospital-of-artesh,adjacent,osm
ir-charmsazi-manouchehri,ir-w624700103,adjacent,osm
ir-w624309914,ir-heydareh-road,adjacent,osm
ir-w624309914,ir-w625147273,adjacent,osm
ir-w624309914,ir-sheshsad-dastgah,adjacent,osm
ir-w624309914,ir-w624312824,adjacent,osm
ir-w624309914,ir-w624320861,adjacent,osm
ir-w624309914,ir-janbazan-3,adjacent,osm
ir-w624309914,ir-hospital-of-artesh,adjacent,osm
ir-w624309914,ir-w624700103,adjacent,osm
ir-sheshsad-dastgah,ir-w624728328,adjacent,osm
ir-sheshsad-dastgah,ir-pasdaran-square-shah-hoseyni-blv,adjacent,osm
ir-sheshsad-dastgah,ir-chaman-chopan,adjacent,osm
ir-sheshsad-dastgah,ir-w625038925,adjacent,osm
ir-sheshsad-dastgah,ir-w624320861,adjacent,osm
ir-sheshsad-dastgah,ir-janbazan-3,adjacent,osm
ir-w624312824,ir-w624728328,adjacent,osm
ir-w624312824,ir-pasdaran-square-shah-hoseyni-blv,adjacent,osm
ir-w624312824,ir-chaman-chopan,adjacent,osm
ir-w624312824,ir-w625038925,adjacent,osm
ir-w624312824,ir-w624320861,adjacent,osm
ir-w624312824,ir-janbazan-3,adjacent,osm
ir-shahrak-velayat,ir-tohid-2,adjacent,osm
ir-shahrak-velayat,ir-padegan,adjacent,osm
ir-shahrak-velayat,ir-bolvar,adjacent,osm
ir-shahrak-velayat,ir-sortak,adjacent,osm
ir-shahrak-velayat,ir-daneshgah,adjacent,osm
ir-shahrak-velayat,ir-r20194327,adjacent,osm
ir-bozorgmehr,ir-firuzeh-town,adjacent,osm
ir-bozorgmehr,ir-gomnam-west,adjacent,osm
ir-bozorgmehr,ir-janbazan-town,adjacent,osm
ir-vali-asr-2,ir-r20192692,adjacent,osm
ir-vali-asr-2,ir-w1475512645,adjacent,osm
ir-vali-asr-2,ir-r20192694,adjacent,osm
ir-vali-asr-2,ir-w1475512647,adjacent,osm
ir-w624314415,ir-r20192692,adjacent,osm
ir-w624314415,ir-w1475512645,adjacent,osm
ir-w624314415,ir-r20192694,adjacent,osm
ir-w624314415,ir-w1475512647,adjacent,osm
ir-sortak,ir-padegan,adjacent,osm
ir-sortak,ir-bolvar,adjacent,osm
ir-sortak,ir-daneshgah,adjacent,osm
ir-janbazan-3,ir-chaman-chopan,adjacent,osm
ir-janbazan-3,ir-w625038925,adjacent,osm
ir-janbazan-3,ir-w625035928,adjacent,osm
ir-janbazan-3,ir-emamzadeh-abdolah,adjacent,osm
ir-janbazan-3,ir-w625034685,adjacent,osm
ir-janbazan-3,ir-babataher,adjacent,osm
ir-w624320861,ir-chaman-chopan,adjacent,osm
ir-w624320861,ir-w625038925,adjacent,osm
ir-w624320861,ir-w625035928,adjacent,osm
ir-w624320861,ir-emamzadeh-abdolah,adjacent,osm
ir-w624320861,ir-w625034685,adjacent,osm
ir-w624320861,ir-babataher,adjacent,osm
ir-molasadra-mini-city,ir-daneshgah,adjacent,osm
ir-molasadra-mini-city,ir-r20194327,adjacent,osm
ir-molasadra-mini-city,ir-molasadra-west,adjacent,osm
ir-molasadra-mini-city,ir-janbazan-mini-city,adjacent,osm
ir-molasadra-mini-city,ir-molasadra-mini-city-north,adjacent,osm
ir-chahar-bagh,ir-r20193911,adjacent,osm
ir-chahar-bagh,ir-ghatar-chian,adjacent,osm
ir-chahar-bagh,ir-sar-tapoola,adjacent,osm
ir-chahar-bagh,ir-feyz-abad-2,adjacent,osm
ir-chahar-bagh,ir-r20194094,adjacent,osm
ir-haj-shams-ali-town,ir-nayeb-ahmad-above,adjacent,osm
ir-haj-shams-ali-town,ir-neyeb-ahmad,adjacent,osm
ir-haj-shams-ali-town,ir-w624713899,adjacent,osm
ir-haj-shams-ali-town,ir-resalat,adjacent,osm
ir-sar-tapoola,ir-ghatar-chian,adjacent,osm
ir-sar-tapoola,ir-sheykhan,adjacent,osm
ir-sar-tapoola,ir-feyz-abad-2,adjacent,osm
ir-sar-tapoola,ir-shohada-3,adjacent,osm
ir-faghireh,ir-chamran-2,adjacent,osm
ir-w624333244,ir-chamran-2,adjacent,osm
ir-nayeb-ahmad-above,ir-chamran-2,adjacent,osm
ir-nayeb-ahmad-above,ir-neyeb-ahmad,adjacent,osm
ir-khoche-meshki,ir-pardis-2,adjacent,osm
ir-khoche-meshki,ir-chamran-2,adjacent,osm
ir-khoche-meshki,ir-sang-sefid,adjacent,osm
ir-khoche-meshki,ir-w624373879,adjacent,osm
ir-khoche-meshki,ir-ostadan,adjacent,osm
ir-khoche-meshki,ir-etemadieh,adjacent,osm
ir-khoche-meshki,ir-niazmand-bridge,adjacent,osm
ir-khoche-meshki,ir-w624377731,adjacent,osm
ir-khoche-meshki,ir-aram-2,adjacent,osm
ir-khoche-meshki,ir-aram,adjacent,osm
ir-khoche-meshki,ir-rokni,adjacent,osm
ir-khoche-meshki,ir-w624669129,adjacent,osm
ir-w624351495,ir-pardis-2,adjacent,osm
ir-w624351495,ir-chamran-2,adjacent,osm
ir-w624351495,ir-sang-sefid,adjacent,osm
ir-w624351495,ir-w624373879,adjacent,osm
ir-w624351495,ir-ostadan,adjacent,osm
ir-w624351495,ir-etemadieh,adjacent,osm
ir-w624351495,ir-niazmand-bridge,adjacent,osm
ir-w624351495,ir-w624377731,adjacent,osm
ir-w624351495,ir-aram-2,adjacent,osm
ir-w624351495,ir-aram,adjacent,osm
ir-w624351495,ir-rokni,adjacent,osm
ir-w624351495,ir-w624669129,adjacent,osm
ir-ganjnameh,ir-pist-ski-2,adjacent,osm
ir-ganjnameh,ir-pist-ski,adjacent,osm
ir-w624354128,ir-pist-ski-2,adjacent,osm
ir-w624354128,ir-pist-ski,adjacent,osm
ir-etemadieh,ir-pardis-2,adjacent,osm
ir-etemadieh,ir-chamran-2,adjacent,osm
ir-etemadieh,ir-sang-sefid,adjacent,osm
ir-w624356271,ir-r20192692,adjacent,osm
ir-w624356271,ir-w1475512645,adjacent,osm
ir-pardis-2,ir-tandis-tower,adjacent,osm
ir-pardis-2,ir-w624359457,adjacent,osm
ir-pardis-2,ir-w624373879,adjacent,osm
ir-pardis-2,ir-ostadan,adjacent,osm
ir-pardis-2,ir-niazmand-bridge,adjacent,osm
ir-pardis-2,ir-w624377731,adjacent,osm
ir-feyz-abad-2,ir-sheykhan,adjacent,osm
ir-feyz-abad-2,ir-r20194094,adjacent,osm
ir-feyz-abad-2,ir-shohada-3,adjacent,osm
ir-feyz-abad-2,ir-kar-amoozi,adjacent,osm
ir-feyz-abad-2,ir-r20194119,adjacent,osm
ir-feyz-abad-2,ir-eslam-abad,adjacent,osm
ir-feyz-abad-2,ir-shahrak-besaat,adjacent,osm
ir-w624358404,ir-r20192826,adjacent,osm
ir-w624358404,ir-w1475527360,adjacent,osm
ir-w624358404,ir-kouye-hasan,adjacent,osm
ir-w624358404,ir-w624953323,adjacent,osm
ir-tandis-tower,ir-w624373879,adjacent,osm
ir-tandis-tower,ir-ostadan,adjacent,osm
ir-w624359457,ir-w624373879,adjacent,osm
ir-w624359457,ir-ostadan,adjacent,osm
ir-shohada-3,ir-sheykhan,adjacent,osm
ir-shohada-3,ir-tapeh-sheykh-mohamad-sadegh,adjacent,osm
ir-shohada-3,ir-bisto-panj,adjacent,osm
ir-shohada-3,ir-kar-amoozi,adjacent,osm
ir-bagh-mouze,ir-w624403416,adjacent,osm
ir-bagh-mouze,ir-ghaem-square,adjacent,osm
ir-bagh-mouze,ir-w625151102,adjacent,osm
ir-bagh-mouze,ir-kolab,adjacent,osm
ir-w624362030,ir-w624403416,adjacent,osm
ir-w624362030,ir-ghaem-square,adjacent,osm
ir-w624362030,ir-w625151102,adjacent,osm
ir-w624362030,ir-kolab,adjacent,osm
ir-bosar,ir-hosein-abad-4,adjacent,osm
ir-bosar,ir-takhti-3,adjacent,osm
ir-bosar,ir-golbagh-namaz,adjacent,osm
ir-bosar,ir-koye-hoseini,adjacent,osm
ir-bosar,ir-r8672684,adjacent,osm
ir-ochtukan,ir-ebrahim-abad-2,adjacent,osm
ir-ochtukan,ir-varzash,adjacent,osm
ir-ochtukan,ir-chahar-rahe-emam,adjacent,osm
ir-ochtukan,ir-abravan,adjacent,osm
ir-ochtukan,ir-bazar,adjacent,osm
ir-bazar,ir-varzash,adjacent,osm
ir-bazar,ir-chahar-rahe-emam,adjacent,osm
ir-bazar,ir-alighapoo,adjacent,osm
ir-bazar,ir-ghajarieh,adjacent,osm
ir-bazar,ir-taze-meydan,adjacent,osm
ir-bazar,ir-ghiam-2,adjacent,osm
ir-taze-meydan,ir-ghajarieh,adjacent,osm
ir-taze-meydan,ir-nama-lar,adjacent,osm
ir-taze-meydan,ir-yasavol,adjacent,osm
ir-taze-meydan,ir-ghiam-2,adjacent,osm
ir-taze-meydan,ir-r20197171,adjacent,osm
ir-yasavol,ir-nama-lar,adjacent,osm
ir-yasavol,ir-ghiam-2,adjacent,osm
ir-yasavol,ir-zhandarmery,adjacent,osm
ir-yasavol,ir-r20197171,adjacent,osm
ir-nama-lar,ir-zhandarmery,adjacent,osm
ir-ostadan,ir-motekhassesin,adjacent,osm
ir-ostadan,ir-motekhassesin-2,adjacent,osm
ir-ostadan,ir-niazmand-bridge,adjacent,osm
ir-ostadan,ir-w624377731,adjacent,osm
ir-ostadan,ir-saeediyeh-bala,adjacent,osm
ir-ostadan,ir-saeediyeh-bala-2,adjacent,osm
ir-w624373879,ir-motekhassesin,adjacent,osm
ir-w624373879,ir-motekhassesin-2,adjacent,osm
ir-w624373879,ir-niazmand-bridge,adjacent,osm
ir-w624373879,ir-w624377731,adjacent,osm
ir-w624373879,ir-saeediyeh-bala,adjacent,osm
ir-w624373879,ir-saeediyeh-bala-2,adjacent,osm
ir-saeediyeh-bala,ir-motekhassesin,adjacent,osm
ir-saeediyeh-bala,ir-motekhassesin-2,adjacent,osm
ir-saeediyeh-bala,ir-niazmand-bridge,adjacent,osm
ir-saeediyeh-bala,ir-w624377731,adjacent,osm
ir-saeediyeh-bala,ir-eram-blv,adjacent,osm
ir-saeediyeh-bala,ir-w625155083,adjacent,osm
ir-saeediyeh-bala,ir-eram-park,adjacent,osm
ir-saeediyeh-bala,ir-w624631419,adjacent,osm
ir-saeediyeh-bala,ir-rokni,adjacent,osm
ir-saeediyeh-bala,ir-w624669129,adjacent,osm
ir-saeediyeh-bala,ir-saeediye-paeen,adjacent,osm
ir-saeediyeh-bala,ir-saeediye-paeen-2,adjacent,osm
ir-saeediyeh-bala,ir-w624379045,adjacent,osm
ir-saeediyeh-bala,ir-ostandari-2,adjacent,osm
ir-saeediyeh-bala,ir-w624656958,adjacent,osm
ir-saeediyeh-bala,ir-honarestan-dibaj,adjacent,osm
ir-saeediyeh-bala-2,ir-motekhassesin,adjacent,osm
ir-saeediyeh-bala-2,ir-motekhassesin-2,adjacent,osm
ir-saeediyeh-bala-2,ir-niazmand-bridge,adjacent,osm
ir-saeediyeh-bala-2,ir-w624377731,adjacent,osm
ir-saeediyeh-bala-2,ir-eram-blv,adjacent,osm
ir-saeediyeh-bala-2,ir-w625155083,adjacent,osm
ir-saeediyeh-bala-2,ir-eram-park,adjacent,osm
ir-saeediyeh-bala-2,ir-w624631419,adjacent,osm
ir-saeediyeh-bala-2,ir-rokni,adjacent,osm
ir-saeediyeh-bala-2,ir-w624669129,adjacent,osm
ir-saeediyeh-bala-2,ir-saeediye-paeen,adjacent,osm
ir-saeediyeh-bala-2,ir-saeediye-paeen-2,adjacent,osm
ir-saeediyeh-bala-2,ir-w624379045,adjacent,osm
ir-saeediyeh-bala-2,ir-ostandari-2,adjacent,osm
ir-saeediyeh-bala-2,ir-w624656958,adjacent,osm
ir-saeediyeh-bala-2,ir-honarestan-dibaj,adjacent,osm
ir-niazmand-bridge,ir-aram-2,adjacent,osm
ir-niazmand-bridge,ir-aram,adjacent,osm
ir-niazmand-bridge,ir-rokni,adjacent,osm
ir-niazmand-bridge,ir-w624669129,adjacent,osm
ir-niazmand-bridge,ir-saeediye-paeen,adjacent,osm
ir-niazmand-bridge,ir-saeediye-paeen-2,adjacent,osm
ir-w624377731,ir-aram-2,adjacent,osm
ir-w624377731,ir-aram,adjacent,osm
ir-w624377731,ir-rokni,adjacent,osm
ir-w624377731,ir-w624669129,adjacent,osm
ir-w624377731,ir-saeediye-paeen,adjacent,osm
ir-w624377731,ir-saeediye-paeen-2,adjacent,osm
ir-ostandari-2,ir-eram-park,adjacent,osm
ir-ostandari-2,ir-w624631419,adjacent,osm
ir-ostandari-2,ir-rangin-kaman-amusement-arcade,adjacent,osm
ir-ostandari-2,ir-w624630253,adjacent,osm
ir-ostandari-2,ir-w624403416,adjacent,osm
ir-ostandari-2,ir-ghaem-square,adjacent,osm
ir-ostandari-2,ir-w624656958,adjacent,osm
ir-ostandari-2,ir-honarestan-dibaj,adjacent,osm
ir-ostandari-2,ir-shokriyeh,adjacent,osm
ir-ostandari-2,ir-w624653131,adjacent,osm
ir-ostandari-2,ir-w624646391,adjacent,osm
ir-ostandari-2,ir-mahdiyeh,adjacent,osm
ir-w624379045,ir-eram-park,adjacent,osm
ir-w624379045,ir-w624631419,adjacent,osm
ir-w624379045,ir-rangin-kaman-amusement-arcade,adjacent,osm
ir-w624379045,ir-w624630253,adjacent,osm
ir-w624379045,ir-w624403416,adjacent,osm
ir-w624379045,ir-ghaem-square,adjacent,osm
ir-w624379045,ir-w624656958,adjacent,osm
ir-w624379045,ir-honarestan-dibaj,adjacent,osm
ir-w624379045,ir-shokriyeh,adjacent,osm
ir-w624379045,ir-w624653131,adjacent,osm
ir-w624379045,ir-w624646391,adjacent,osm
ir-w624379045,ir-mahdiyeh,adjacent,osm
ir-tapeh-roosi,ir-khaneghah-khosro-abad,adjacent,osm
ir-tapeh-roosi,ir-ghatar-chian,adjacent,osm
ir-tapeh-roosi,ir-boulvar-shebli,adjacent,osm
ir-tapeh-roosi,ir-kamiz,adjacent,osm
ir-tapeh-roosi,ir-ostandari,adjacent,osm
ir-tapeh-roosi,ir-padegan-2,adjacent,osm
ir-boulvar-shebli,ir-mobarak-abad,adjacent,osm
ir-boulvar-shebli,ir-khaneghah-khosro-abad,adjacent,osm
ir-boulvar-shebli,ir-haji-abad,adjacent,osm
ir-boulvar-shebli,ir-kamiz,adjacent,osm
ir-khaneghah-khosro-abad,ir-takieh-va-chaman,adjacent,osm
ir-khaneghah-khosro-abad,ir-ghopal,adjacent,osm
ir-khaneghah-khosro-abad,ir-shahrak-noor,adjacent,osm
ir-khaneghah-khosro-abad,ir-mobarak-abad,adjacent,osm
ir-khaneghah-khosro-abad,ir-ghatar-chian,adjacent,osm
ir-mobarak-abad,ir-takieh-va-chaman,adjacent,osm
ir-mobarak-abad,ir-shahrak-noor,adjacent,osm
ir-mobarak-abad,ir-haji-abad,adjacent,osm
ir-shahrak-noor,ir-shahrak-keshavarz,adjacent,osm
ir-shahrak-noor,ir-takieh-va-chaman,adjacent,osm
ir-takieh-va-chaman,ir-shahrak-keshavarz,adjacent,osm
ir-ghatar-chian,ir-sheykhan,adjacent,osm
ir-ghatar-chian,ir-ostandari,adjacent,osm
ir-motekhassesin,ir-eram-blv,adjacent,osm
ir-motekhassesin,ir-w625155083,adjacent,osm
ir-motekhassesin-2,ir-eram-blv,adjacent,osm
ir-motekhassesin-2,ir-w625155083,adjacent,osm
ir-kowsar-mini-city,ir-nowroozian,adjacent,osm
ir-kowsar-mini-city,ir-imam-khomeini-international-university,adjacent,osm
ir-kowsar-mini-city,ir-ghias-abad,adjacent,osm
ir-kowsar-mini-city,ir-minoodar-mini-city,adjacent,osm
ir-sheykhan,ir-ostandari,adjacent,osm
ir-sheykhan,ir-tapeh-sheykh-mohamad-sadegh,adjacent,osm
ir-ostandari,ir-kamiz,adjacent,osm
ir-ostandari,ir-tapeh-sheykh-mohamad-sadegh,adjacent,osm
ir-ostandari,ir-padegan-2,adjacent,osm
ir-r8672684,ir-golbagh-namaz,adjacent,osm
ir-r8672684,ir-deylaman-2,adjacent,osm
ir-r8672684,ir-koye-erfan,adjacent,osm
ir-r8672684,ir-koye-hoseini,adjacent,osm
ir-r8672684,ir-fakhab,adjacent,osm
ir-r8672684,ir-pastak,adjacent,osm
ir-jahad-3,ir-rashtian,adjacent,osm
ir-jahad-3,ir-ali-abad-3,adjacent,osm
ir-jahad-3,ir-hosein-abad-4,adjacent,osm
ir-jahad-3,ir-farhangiyan,adjacent,osm
ir-hosein-abad-4,ir-ali-abad-3,adjacent,osm
ir-hosein-abad-4,ir-farhangiyan,adjacent,osm
ir-hosein-abad-4,ir-takhti-3,adjacent,osm
ir-hosein-abad-4,ir-koye-hoseini,adjacent,osm
ir-ghaem-square,ir-eram-blv,adjacent,osm
ir-ghaem-square,ir-w625155083,adjacent,osm
ir-ghaem-square,ir-rangin-kaman-amusement-arcade,adjacent,osm
ir-ghaem-square,ir-w624630253,adjacent,osm
ir-w624403416,ir-eram-blv,adjacent,osm
ir-w624403416,ir-w625155083,adjacent,osm
ir-w624403416,ir-rangin-kaman-amusement-arcade,adjacent,osm
ir-w624403416,ir-w624630253,adjacent,osm
ir-koye-hoseini,ir-farhangiyan,adjacent,osm
ir-koye-hoseini,ir-fakhab,adjacent,osm
ir-sang-sefid,ir-chamran-2,adjacent,osm
ir-sang-sefid,ir-aram-2,adjacent,osm
ir-sang-sefid,ir-aram,adjacent,osm
ir-sang-sefid,ir-neyeb-ahmad,adjacent,osm
ir-sang-sefid,ir-w624713899,adjacent,osm
ir-sang-sefid,ir-resalat,adjacent,osm
ir-tapeh-sheykh-mohamad-sadegh,ir-bisto-panj,adjacent,osm
ir-tapeh-sheykh-mohamad-sadegh,ir-r20194149,adjacent,osm
ir-tapeh-sheykh-mohamad-sadegh,ir-kamarbandi-25,adjacent,osm
ir-tapeh-sheykh-mohamad-sadegh,ir-padegan-2,adjacent,osm
ir-gomnam-west,ir-firuzeh-town,adjacent,osm
ir-gomnam-west,ir-quds-town,adjacent,osm
ir-gomnam-west,ir-janbazan-town,adjacent,osm
ir-ali-abad-3,ir-bisotun,adjacent,osm
ir-ali-abad-3,ir-oustadsara,adjacent,osm
ir-ali-abad-3,ir-rashtian,adjacent,osm
ir-asmaei,ir-w624438124,adjacent,osm
ir-asmaei,ir-manbeh,adjacent,osm
ir-w624433211,ir-w624438124,adjacent,osm
ir-w624433211,ir-manbeh,adjacent,osm
ir-shahrak-farhangian-2,ir-enghelab-5,adjacent,osm
ir-shahrak-farhangian-2,ir-motahhari-shomali,adjacent,osm
ir-shahrak-farhangian-2,ir-kuye-emam-hosein,adjacent,osm
ir-shahrak-farhangian-2,ir-vilashahr-2,adjacent,osm
ir-ghazi-abad,ir-tayb,adjacent,osm
ir-ghazi-abad,ir-shaghaygh,adjacent,osm
ir-ghazi-abad,ir-kofelestin,adjacent,osm
ir-ghazi-abad,ir-shariati,adjacent,osm
ir-sharbatzade,ir-w624672539,adjacent,osm
ir-sharbatzade,ir-kuye-shahid-gharabaghi,adjacent,osm
ir-w624611268,ir-w624672539,adjacent,osm
ir-w624611268,ir-kuye-shahid-gharabaghi,adjacent,osm
ir-almahdi-town,ir-maryam-town,adjacent,osm
ir-almahdi-town,ir-andishe-phase-1,adjacent,osm
ir-rangin-kaman-amusement-arcade,ir-eram-blv,adjacent,osm
ir-rangin-kaman-amusement-arcade,ir-w625155083,adjacent,osm
ir-rangin-kaman-amusement-arcade,ir-eram-park,adjacent,osm
ir-rangin-kaman-amusement-arcade,ir-w624631419,adjacent,osm
ir-w624630253,ir-eram-blv,adjacent,osm
ir-w624630253,ir-w625155083,adjacent,osm
ir-w624630253,ir-eram-park,adjacent,osm
ir-w624630253,ir-w624631419,adjacent,osm
ir-dorah-hamedan,ir-rah-ahan-3,adjacent,osm
ir-dorah-hamedan,ir-salamgah,adjacent,osm
ir-dorah-hamedan,ir-molavi,adjacent,osm
ir-dorah-hamedan,ir-navab-safavi-south,adjacent,osm
ir-abbas-abad-4,ir-r20194083,adjacent,osm
ir-abbas-abad-4,ir-shahrak-molavi-2,adjacent,osm
ir-abbas-abad-4,ir-golshan,adjacent,osm
ir-abbas-abad-4,ir-farajeh,adjacent,osm
ir-abbas-abad-4,ir-kani-kozala,adjacent,osm
ir-abbas-abad-4,ir-shahrak-ershad,adjacent,osm
ir-abbas-abad-4,ir-r20194119,adjacent,osm
ir-eram-park,ir-eram-blv,adjacent,osm
ir-eram-park,ir-w625155083,adjacent,osm
ir-w624631419,ir-eram-blv,adjacent,osm
ir-w624631419,ir-w625155083,adjacent,osm
ir-farhangiyan,ir-rashtian,adjacent,osm
ir-farhangiyan,ir-siya-estalkh,adjacent,osm
ir-farhangiyan,ir-fakhab,adjacent,osm
ir-shahrak-molavi-2,ir-r20194083,adjacent,osm
ir-shahrak-molavi-2,ir-gheshlagh,adjacent,osm
ir-shahrak-molavi-2,ir-farajeh,adjacent,osm
ir-gheshlagh,ir-r20194083,adjacent,osm
ir-maskan-mehr-mosalla,ir-maskan-mehr-3,adjacent,osm
ir-shahrak-shahed,ir-shahrak-shahriar-2,adjacent,osm
ir-aboo-taleb,ir-bahar-abad,adjacent,osm
ir-aboo-taleb,ir-pir-madar,adjacent,osm
ir-aboo-taleb,ir-tohid,adjacent,osm
ir-aboo-taleb,ir-zaranas,adjacent,osm
ir-soltan-abad,ir-jafarieh,adjacent,osm
ir-soltan-abad,ir-mo-alem,adjacent,osm
ir-soltan-abad,ir-ali-abad,adjacent,osm
ir-soltan-abad,ir-r20197190,adjacent,osm
ir-soltan-abad,ir-ebrahim-abad-2,adjacent,osm
ir-soltan-abad,ir-varzash,adjacent,osm
ir-jafarieh,ir-dash-kasan,adjacent,osm
ir-jafarieh,ir-sabalan-faze-1,adjacent,osm
ir-jafarieh,ir-ghods,adjacent,osm
ir-jafarieh,ir-mo-alem,adjacent,osm
ir-jafarieh,ir-ali-abad,adjacent,osm
ir-jafarieh,ir-r20197190,adjacent,osm
ir-shahrak-andisheh-2,ir-r14379447,adjacent,osm
ir-shahrak-andisheh-2,ir-shahrak-isar,adjacent,osm
ir-shahrak-andisheh-2,ir-shahrak-zibashahr-2,adjacent,osm
ir-zamani,ir-javadiyeh,adjacent,osm
ir-zamani,ir-w624645059,adjacent,osm
ir-zamani,ir-w625040529,adjacent,osm
ir-zamani,ir-pasdaran,adjacent,osm
ir-zamani,ir-w624728328,adjacent,osm
ir-zamani,ir-pasdaran-square-shah-hoseyni-blv,adjacent,osm
ir-zamani,ir-chaman-chopan,adjacent,osm
ir-zamani,ir-w625038925,adjacent,osm
ir-w624643621,ir-javadiyeh,adjacent,osm
ir-w624643621,ir-w624645059,adjacent,osm
ir-w624643621,ir-w625040529,adjacent,osm
ir-w624643621,ir-pasdaran,adjacent,osm
ir-w624643621,ir-w624728328,adjacent,osm
ir-w624643621,ir-pasdaran-square-shah-hoseyni-blv,adjacent,osm
ir-w624643621,ir-chaman-chopan,adjacent,osm
ir-w624643621,ir-w625038925,adjacent,osm
ir-haji-abad,ir-kamiz,adjacent,osm
ir-haji-abad,ir-shahrak-panje-azar,adjacent,osm
ir-haji-abad,ir-shahrak-vahdat,adjacent,osm
ir-javadiyeh,ir-w624646391,adjacent,osm
ir-javadiyeh,ir-mahdiyeh,adjacent,osm
ir-javadiyeh,ir-w625040529,adjacent,osm
ir-javadiyeh,ir-pasdaran,adjacent,osm
ir-w624645059,ir-w624646391,adjacent,osm
ir-w624645059,ir-mahdiyeh,adjacent,osm
ir-w624645059,ir-w625040529,adjacent,osm
ir-w624645059,ir-pasdaran,adjacent,osm
ir-shahrak-vahdat,ir-shahrak-panje-azar,adjacent,osm
ir-mahdiyeh,ir-shokriyeh,adjacent,osm
ir-mahdiyeh,ir-w624653131,adjacent,osm
ir-mahdiyeh,ir-pastor,adjacent,osm
ir-mahdiyeh,ir-w625124636,adjacent,osm
ir-mahdiyeh,ir-w625042931,adjacent,osm
ir-mahdiyeh,ir-shariati-crossroad,adjacent,osm
ir-mahdiyeh,ir-w625040529,adjacent,osm
ir-mahdiyeh,ir-pasdaran,adjacent,osm
ir-w624646391,ir-shokriyeh,adjacent,osm
ir-w624646391,ir-w624653131,adjacent,osm
ir-w624646391,ir-pastor,adjacent,osm
ir-w624646391,ir-w625124636,adjacent,osm
ir-w624646391,ir-w625042931,adjacent,osm
ir-w624646391,ir-shariati-crossroad,adjacent,osm
ir-w624646391,ir-w625040529,adjacent,osm
ir-w624646391,ir-pasdaran,adjacent,osm
ir-shahrak-panje-azar,ir-kamiz,adjacent,osm
ir-kamiz,ir-padegan-2,adjacent,osm
ir-yakhsazi,ir-esteghamat-1,adjacent,osm
ir-yakhsazi,ir-shahid-eftekhari,adjacent,osm
ir-yakhsazi,ir-rashtian,adjacent,osm
ir-yakhsazi,ir-siya-estalkh,adjacent,osm
ir-baraati,ir-park-jangali-2,adjacent,osm
ir-baraati,ir-sheikh-tappeh,adjacent,osm
ir-baraati,ir-meysam,adjacent,osm
ir-rashtian,ir-esteghamat-1,adjacent,osm
ir-rashtian,ir-chomarsara,adjacent,osm
ir-rashtian,ir-bisotun,adjacent,osm
ir-rashtian,ir-siya-estalkh,adjacent,osm
ir-shokriyeh,ir-w624656958,adjacent,osm
ir-shokriyeh,ir-honarestan-dibaj,adjacent,osm
ir-shokriyeh,ir-pastor,adjacent,osm
ir-shokriyeh,ir-w625124636,adjacent,osm
ir-w624653131,ir-w624656958,adjacent,osm
ir-w624653131,ir-honarestan-dibaj,adjacent,osm
ir-w624653131,ir-pastor,adjacent,osm
ir-w624653131,ir-w625124636,adjacent,osm
ir-esteghamat-1,ir-soleymandarab,adjacent,osm
ir-esteghamat-1,ir-esteghamate-2,adjacent,osm
ir-esteghamat-1,ir-r20192934,adjacent,osm
ir-esteghamat-1,ir-rodbari,adjacent,osm
ir-esteghamat-1,ir-chomarsara,adjacent,osm
ir-esteghamat-1,ir-shahid-eftekhari,adjacent,osm
ir-golshan,ir-r20194083,adjacent,osm
ir-golshan,ir-r20193911,adjacent,osm
ir-golshan,ir-kani-kozala,adjacent,osm
ir-shahrak-zibashahr-2,ir-shahrak-isar,adjacent,osm
ir-shahrak-zibashahr-2,ir-alvaj,adjacent,osm
ir-shahrak-zibashahr-2,ir-r15740141,adjacent,osm
ir-molavi,ir-rah-rey,adjacent,osm
ir-molavi,ir-sepah-2,adjacent,osm
ir-molavi,ir-salamgah,adjacent,osm
ir-molavi,ir-navab-safavi-south,adjacent,osm
ir-molavi,ir-bazar-2,adjacent,osm
ir-molavi,ir-taleghani-4,adjacent,osm
ir-shariati-2,ir-kofelestin,adjacent,osm
ir-shariati-2,ir-shariati,adjacent,osm
ir-shariati-2,ir-alavi,adjacent,osm
ir-shariati-2,ir-bam-khoramabad,adjacent,osm
ir-shariati-2,ir-bazar-5,adjacent,osm
ir-shariati-2,ir-azadi,adjacent,osm
ir-shariati-2,ir-shamshirabad,adjacent,osm
ir-honarestan-dibaj,ir-saeediye-paeen,adjacent,osm
ir-honarestan-dibaj,ir-saeediye-paeen-2,adjacent,osm
ir-honarestan-dibaj,ir-pich-zendan,adjacent,osm
ir-honarestan-dibaj,ir-w625121226,adjacent,osm
ir-honarestan-dibaj,ir-pastor,adjacent,osm
ir-honarestan-dibaj,ir-w625124636,adjacent,osm
ir-w624656958,ir-saeediye-paeen,adjacent,osm
ir-w624656958,ir-saeediye-paeen-2,adjacent,osm
ir-w624656958,ir-pich-zendan,adjacent,osm
ir-w624656958,ir-w625121226,adjacent,osm
ir-w624656958,ir-pastor,adjacent,osm
ir-w624656958,ir-w625124636,adjacent,osm
ir-sabalan-faze-1,ir-janbazan-2,adjacent,osm
ir-sabalan-faze-1,ir-sabalan-faze-2,adjacent,osm
ir-sabalan-faze-1,ir-dash-kasan,adjacent,osm
ir-sabalan-faze-1,ir-be-sat,adjacent,osm
ir-sabalan-faze-1,ir-ghods,adjacent,osm
ir-sabalan-faze-1,ir-mo-alem,adjacent,osm
ir-sabalan-faze-1,ir-ali-abad,adjacent,osm
ir-r20197171,ir-ghiam-2,adjacent,osm
ir-r20197171,ir-zhandarmery,adjacent,osm
ir-r20197171,ir-rahe-anzab,adjacent,osm
ir-r20197171,ir-darvaze-meshgin,adjacent,osm
ir-rahe-anzab,ir-ghiam-2,adjacent,osm
ir-rahe-anzab,ir-zhandarmery,adjacent,osm
ir-rahe-anzab,ir-farhangian,adjacent,osm
ir-rahe-anzab,ir-darvaze-meshgin,adjacent,osm
ir-rahe-anzab,ir-jahad-5,adjacent,osm
ir-shahrak-ershad,ir-kani-kozala,adjacent,osm
ir-shahrak-ershad,ir-r20194094,adjacent,osm
ir-shahrak-ershad,ir-r20194119,adjacent,osm
ir-saeediye-paeen,ir-rokni,adjacent,osm
ir-saeediye-paeen,ir-w624669129,adjacent,osm
ir-saeediye-paeen,ir-jahad-square-daneshgah,adjacent,osm
ir-saeediye-paeen,ir-w624666051,adjacent,osm
ir-saeediye-paeen,ir-pich-zendan,adjacent,osm
ir-saeediye-paeen,ir-w625121226,adjacent,osm
ir-saeediye-paeen-2,ir-rokni,adjacent,osm
ir-saeediye-paeen-2,ir-w624669129,adjacent,osm
ir-saeediye-paeen-2,ir-jahad-square-daneshgah,adjacent,osm
ir-saeediye-paeen-2,ir-w624666051,adjacent,osm
ir-saeediye-paeen-2,ir-pich-zendan,adjacent,osm
ir-saeediye-paeen-2,ir-w625121226,adjacent,osm
ir-shahrak-fajr-sepah,ir-shahrak-daneshghah,adjacent,osm
ir-shahrak-fajr-sepah,ir-tarzilu,adjacent,osm
ir-22bahman-blv,ir-gonbad-sabz,adjacent,osm
ir-22bahman-blv,ir-ghale-nu,adjacent,osm
ir-22bahman-blv,ir-north-ferdowsi-blv,adjacent,osm
ir-22bahman-blv,ir-beast-blv,adjacent,osm
ir-22bahman-blv,ir-golha-blv,adjacent,osm
ir-22bahman-blv,ir-kooye-farhangian-2,adjacent,osm
ir-22bahman-blv,ir-fifteenth-khordad-street,adjacent,osm
ir-shamshirabad,ir-bam-khoramabad,adjacent,osm
ir-shamshirabad,ir-azadi,adjacent,osm
ir-shamshirabad,ir-asad-abadi,adjacent,osm
ir-jahad-square-daneshgah,ir-rokni,adjacent,osm
ir-jahad-square-daneshgah,ir-w624669129,adjacent,osm
ir-jahad-square-daneshgah,ir-farhang-2,adjacent,osm
ir-jahad-square-daneshgah,ir-farhang,adjacent,osm
ir-jahad-square-daneshgah,ir-sizdah-khaneh,adjacent,osm
ir-jahad-square-daneshgah,ir-w625119112,adjacent,osm
ir-jahad-square-daneshgah,ir-pich-zendan,adjacent,osm
ir-jahad-square-daneshgah,ir-w625121226,adjacent,osm
ir-w624666051,ir-rokni,adjacent,osm
ir-w624666051,ir-w624669129,adjacent,osm
ir-w624666051,ir-farhang-2,adjacent,osm
ir-w624666051,ir-farhang,adjacent,osm
ir-w624666051,ir-sizdah-khaneh,adjacent,osm
ir-w624666051,ir-w625119112,adjacent,osm
ir-w624666051,ir-pich-zendan,adjacent,osm
ir-w624666051,ir-w625121226,adjacent,osm
ir-rokni,ir-aram-2,adjacent,osm
ir-rokni,ir-aram,adjacent,osm
ir-rokni,ir-farhang-2,adjacent,osm
ir-rokni,ir-farhang,adjacent,osm
ir-w624669129,ir-aram-2,adjacent,osm
ir-w624669129,ir-aram,adjacent,osm
ir-w624669129,ir-farhang-2,adjacent,osm
ir-w624669129,ir-farhang,adjacent,osm
ir-shahrak-pardis-2,ir-shahrak-nezam-mohandesi,adjacent,osm
ir-shahrak-pardis-2,ir-shahrak-saheli,adjacent,osm
ir-shahrak-pardis-2,ir-degairan,adjacent,osm
ir-shahrak-pardis-2,ir-r20193874,adjacent,osm
ir-shahrak-pardis-2,ir-bagh-zhaleh,adjacent,osm
ir-bagh-zhaleh,ir-r20193874,adjacent,osm
ir-bagh-zhaleh,ir-varmaghani,adjacent,osm
ir-bagh-zhaleh,ir-r20193922,adjacent,osm
ir-bagh-zhaleh,ir-shahrak-andishe,adjacent,osm
ir-ferdoosi,ir-rudaki,adjacent,osm
ir-ferdoosi,ir-shahrak-behdari-2,adjacent,osm
ir-ferdoosi,ir-azadegan-3,adjacent,osm
ir-aram,ir-farhang-2,adjacent,osm
ir-aram,ir-farhang,adjacent,osm
ir-aram,ir-shahnaz-2,adjacent,osm
ir-aram,ir-shahnaz,adjacent,osm
ir-aram,ir-w624713899,adjacent,osm
ir-aram,ir-resalat,adjacent,osm
ir-aram,ir-sang-shir-2,adjacent,osm
ir-aram,ir-sang-shir,adjacent,osm
ir-aram-2,ir-farhang-2,adjacent,osm
ir-aram-2,ir-farhang,adjacent,osm
ir-aram-2,ir-shahnaz-2,adjacent,osm
ir-aram-2,ir-shahnaz,adjacent,osm
ir-aram-2,ir-w624713899,adjacent,osm
ir-aram-2,ir-resalat,adjacent,osm
ir-aram-2,ir-sang-shir-2,adjacent,osm
ir-aram-2,ir-sang-shir,adjacent,osm
ir-degairan,ir-shahrak-nezam-mohandesi,adjacent,osm
ir-degairan,ir-shahrak-saheli,adjacent,osm
ir-degairan,ir-shahrak-dadgostari,adjacent,osm
ir-ghale-nu,ir-gonbad-sabz,adjacent,osm
ir-farhang,ir-shahnaz-2,adjacent,osm
ir-farhang,ir-shahnaz,adjacent,osm
ir-farhang,ir-sizdah-khaneh,adjacent,osm
ir-farhang,ir-w625119112,adjacent,osm
ir-farhang,ir-w625046366,adjacent,osm
ir-farhang,ir-golapa,adjacent,osm
ir-farhang-2,ir-shahnaz-2,adjacent,osm
ir-farhang-2,ir-shahnaz,adjacent,osm
ir-farhang-2,ir-sizdah-khaneh,adjacent,osm
ir-farhang-2,ir-w625119112,adjacent,osm
ir-farhang-2,ir-w625046366,adjacent,osm
ir-farhang-2,ir-golapa,adjacent,osm
ir-kuye-emam-hosein,ir-enghelab-5,adjacent,osm
ir-kuye-emam-hosein,ir-shahrak-emam,adjacent,osm
ir-kuye-emam-hosein,ir-motahhari-shomali,adjacent,osm
ir-kuye-emam-hosein,ir-kuye-sajadieh,adjacent,osm
ir-kuye-emam-hosein,ir-vilashahr-2,adjacent,osm
ir-shahnaz,ir-sang-shir-2,adjacent,osm
ir-shahnaz,ir-sang-shir,adjacent,osm
ir-shahnaz,ir-w625046366,adjacent,osm
ir-shahnaz,ir-golapa,adjacent,osm
ir-shahnaz-2,ir-sang-shir-2,adjacent,osm
ir-shahnaz-2,ir-sang-shir,adjacent,osm
ir-shahnaz-2,ir-w625046366,adjacent,osm
ir-shahnaz-2,ir-golapa,adjacent,osm
ir-shahrak-saheli,ir-r20193959,adjacent,osm
ir-shahrak-saheli,ir-shahrak-nezam-mohandesi,adjacent,osm
ir-shahrak-saheli,ir-shahrak-dadgostari,adjacent,osm
ir-khaghani,ir-8-shahrivar,adjacent,osm
ir-khaghani,ir-shahrak-isar,adjacent,osm
ir-khaghani,ir-nasim,adjacent,osm
ir-khaghani,ir-ostad-shahriar,adjacent,osm
ir-khaghani,ir-alvaj,adjacent,osm
ir-shahrak-isar,ir-shahrak-valiasr-2,adjacent,osm
ir-shahrak-isar,ir-r14379447,adjacent,osm
ir-shahrak-isar,ir-shahrak-farhanghian,adjacent,osm
ir-shahrak-isar,ir-8-shahrivar,adjacent,osm
ir-shahrak-isar,ir-alvaj,adjacent,osm
ir-sang-shir,ir-w624713899,adjacent,osm
ir-sang-shir,ir-resalat,adjacent,osm
ir-sang-shir,ir-haj-enayat,adjacent,osm
ir-sang-shir,ir-w624701638,adjacent,osm
ir-sang-shir,ir-w625046366,adjacent,osm
ir-sang-shir,ir-golapa,adjacent,osm
ir-sang-shir,ir-w625018362,adjacent,osm
ir-sang-shir,ir-ferdosi-square,adjacent,osm
ir-sang-shir,ir-sadaf,adjacent,osm
ir-sang-shir,ir-w625016808,adjacent,osm
ir-sang-shir-2,ir-w624713899,adjacent,osm
ir-sang-shir-2,ir-resalat,adjacent,osm
ir-sang-shir-2,ir-haj-enayat,adjacent,osm
ir-sang-shir-2,ir-w624701638,adjacent,osm
ir-sang-shir-2,ir-w625046366,adjacent,osm
ir-sang-shir-2,ir-golapa,adjacent,osm
ir-sang-shir-2,ir-w625018362,adjacent,osm
ir-sang-shir-2,ir-ferdosi-square,adjacent,osm
ir-sang-shir-2,ir-sadaf,adjacent,osm
ir-sang-shir-2,ir-w625016808,adjacent,osm
ir-8-shahrivar,ir-moallem-2,adjacent,osm
ir-8-shahrivar,ir-shahrak-farhanghian,adjacent,osm
ir-8-shahrivar,ir-vakili,adjacent,osm
ir-8-shahrivar,ir-nasim,adjacent,osm
ir-nasim,ir-vakili,adjacent,osm
ir-nasim,ir-ostad-shahriar,adjacent,osm
ir-vakili,ir-ostad-shahriar,adjacent,osm
ir-park-jangali-2,ir-shahrak-behdari-2,adjacent,osm
ir-park-jangali-2,ir-alborz,adjacent,osm
ir-park-jangali-2,ir-sheikh-tappeh,adjacent,osm
ir-park-jangali-2,ir-meysam,adjacent,osm
ir-kiyan-abad,ir-kampolo-shomali,adjacent,osm
ir-kiyan-abad,ir-kiyanpars,adjacent,osm
ir-kiyan-abad,ir-mehrshahr,adjacent,osm
ir-shahrak-behdari-2,ir-jami,adjacent,osm
ir-shahrak-behdari-2,ir-rudaki,adjacent,osm
ir-shahrak-behdari-2,ir-azadegan-3,adjacent,osm
ir-shahrak-behdari-2,ir-molavi-2,adjacent,osm
ir-shahrak-behdari-2,ir-sheikh-tappeh,adjacent,osm
ir-mydan-emam-khomyni,ir-shaghaygh,adjacent,osm
ir-mydan-emam-khomyni,ir-khyr-abad,adjacent,osm
ir-mydan-emam-khomyni,ir-gilvaran,adjacent,osm
ir-mydan-emam-khomyni,ir-shariati,adjacent,osm
ir-mydan-emam-khomyni,ir-khezr,adjacent,osm
ir-mydan-emam-khomyni,ir-alavi,adjacent,osm
ir-shahrak-payam,ir-shahrak-baharan,adjacent,osm
ir-shahrak-payam,ir-r20193986,adjacent,osm
ir-sheikh-tappeh,ir-azadegan-3,adjacent,osm
ir-sheikh-tappeh,ir-molavi-2,adjacent,osm
ir-sheikh-tappeh,ir-behnagh,adjacent,osm
ir-behnagh,ir-molavi-2,adjacent,osm
ir-shahrak-besaat,ir-r20194094,adjacent,osm
ir-shahrak-besaat,ir-kar-amoozi,adjacent,osm
ir-shahrak-besaat,ir-r20194119,adjacent,osm
ir-shahrak-besaat,ir-eslam-abad,adjacent,osm
ir-north-ferdowsi-blv,ir-south-ferdosi-blv,adjacent,osm
ir-north-ferdowsi-blv,ir-shaheed-jafari-street,adjacent,osm
ir-north-ferdowsi-blv,ir-beast-blv,adjacent,osm
ir-north-ferdowsi-blv,ir-golha-blv,adjacent,osm
ir-north-ferdowsi-blv,ir-kooye-farhangian-2,adjacent,osm
ir-hospital-of-artesh,ir-alvand-town,adjacent,osm
ir-w624700103,ir-alvand-town,adjacent,osm
ir-haj-enayat,ir-w624713899,adjacent,osm
ir-haj-enayat,ir-resalat,adjacent,osm
ir-haj-enayat,ir-sadaf,adjacent,osm
ir-haj-enayat,ir-w625016808,adjacent,osm
ir-haj-enayat,ir-w624718588,adjacent,osm
ir-haj-enayat,ir-hospital-of-besat,adjacent,osm
ir-haj-enayat,ir-bani-hashem,adjacent,osm
ir-haj-enayat,ir-w625014948,adjacent,osm
ir-w624701638,ir-w624713899,adjacent,osm
ir-w624701638,ir-resalat,adjacent,osm
ir-w624701638,ir-sadaf,adjacent,osm
ir-w624701638,ir-w625016808,adjacent,osm
ir-w624701638,ir-w624718588,adjacent,osm
ir-w624701638,ir-hospital-of-besat,adjacent,osm
ir-w624701638,ir-bani-hashem,adjacent,osm
ir-w624701638,ir-w625014948,adjacent,osm
ir-khalilabad-2,ir-w624748276,adjacent,osm
ir-khalilabad-2,ir-kosar,adjacent,osm
ir-khalilabad-2,ir-w624719866,adjacent,osm
ir-khalilabad-2,ir-40-metri,adjacent,osm
ir-w624702889,ir-w624748276,adjacent,osm
ir-w624702889,ir-kosar,adjacent,osm
ir-w624702889,ir-w624719866,adjacent,osm
ir-w624702889,ir-40-metri,adjacent,osm
ir-molavi-2,ir-azadegan-3,adjacent,osm
ir-molavi-2,ir-azadegan-2,adjacent,osm
ir-molavi-2,ir-fozalla,adjacent,osm
ir-r8677703,ir-pool-taleshan,adjacent,osm
ir-r8677703,ir-shahrak-ghods,adjacent,osm
ir-r8677703,ir-darvaze-lakan,adjacent,osm
ir-r8677703,ir-maskan-mehr-4,adjacent,osm
ir-r8677703,ir-manzariye,adjacent,osm
ir-shahrak-e-karmandan,ir-kooy-e-qaem,adjacent,osm
ir-shahrak-e-karmandan,ir-jadde-shahrak,adjacent,osm
ir-shahrak-e-karmandan,ir-kooy-e-oloompaye,adjacent,osm
ir-shahrak-e-karmandan,ir-shahrak-e-payiinkooh,adjacent,osm
ir-shahrak-e-karmandan,ir-shahrak-e-azadegan,adjacent,osm
ir-kooy-e-oloompaye,ir-kooche-meshki,adjacent,osm
ir-kooy-e-oloompaye,ir-shahrak-e-qods,adjacent,osm
ir-kooy-e-oloompaye,ir-jadde-shahrak,adjacent,osm
ir-kooy-e-oloompaye,ir-shahrak-e-azadegan,adjacent,osm
ir-babak-crossroad,ir-w624722706,adjacent,osm
ir-babak-crossroad,ir-jadeh-mazaghineh,adjacent,osm
ir-babak-crossroad,ir-emam-hasan-square,adjacent,osm
ir-babak-crossroad,ir-w625139580,adjacent,osm
ir-babak-crossroad,ir-w624731758,adjacent,osm
ir-babak-crossroad,ir-silo-way,adjacent,osm
ir-babak-crossroad,ir-persigaz,adjacent,osm
ir-w624712247,ir-w624722706,adjacent,osm
ir-w624712247,ir-jadeh-mazaghineh,adjacent,osm
ir-w624712247,ir-emam-hasan-square,adjacent,osm
ir-w624712247,ir-w625139580,adjacent,osm
ir-w624712247,ir-w624731758,adjacent,osm
ir-w624712247,ir-silo-way,adjacent,osm
ir-w624712247,ir-persigaz,adjacent,osm
ir-resalat,ir-neyeb-ahmad,adjacent,osm
ir-w624713899,ir-neyeb-ahmad,adjacent,osm
ir-farhangian-town,ir-kooye-farhangian-2,adjacent,osm
ir-farhangian-town,ir-fifteenth-khordad-street,adjacent,osm
ir-farhangian-town,ir-kooye-yaghma,adjacent,osm
ir-farhangian-town,ir-street-17-shahrivar,adjacent,osm
ir-farhangian-town,ir-behdari-town,adjacent,osm
ir-farhangian-town,ir-quds-town,adjacent,osm
ir-amin-eslami,ir-shaheed-jafari-street,adjacent,osm
ir-amin-eslami,ir-shariati-4,adjacent,osm
ir-amin-eslami,ir-beast-blv,adjacent,osm
ir-amin-eslami,ir-bonyad-shahid,adjacent,osm
ir-amin-eslami,ir-fifteenth-khordad-street,adjacent,osm
ir-amin-eslami,ir-street-17-shahrivar,adjacent,osm
ir-koy-basij,ir-bam-khoramabad,adjacent,osm
ir-koy-basij,ir-koy-andisheh,adjacent,osm
ir-koy-basij,ir-asad-abadi,adjacent,osm
ir-koy-andisheh,ir-bam-khoramabad,adjacent,osm
ir-koy-andisheh,ir-asad-abadi,adjacent,osm
ir-bam-khoramabad,ir-kofelestin,adjacent,osm
ir-bam-khoramabad,ir-azadi,adjacent,osm
ir-bam-khoramabad,ir-asad-abadi,adjacent,osm
ir-bisotun,ir-chomarsara,adjacent,osm
ir-bisotun,ir-taleghani,adjacent,osm
ir-bisotun,ir-oustadsara,adjacent,osm
ir-hospital-of-besat,ir-bani-hashem,adjacent,osm
ir-hospital-of-besat,ir-w625014948,adjacent,osm
ir-hospital-of-besat,ir-w624722706,adjacent,osm
ir-hospital-of-besat,ir-jadeh-mazaghineh,adjacent,osm
ir-hospital-of-besat,ir-w624727294,adjacent,osm
ir-hospital-of-besat,ir-shahed,adjacent,osm
ir-w624718588,ir-bani-hashem,adjacent,osm
ir-w624718588,ir-w625014948,adjacent,osm
ir-w624718588,ir-w624722706,adjacent,osm
ir-w624718588,ir-jadeh-mazaghineh,adjacent,osm
ir-w624718588,ir-w624727294,adjacent,osm
ir-w624718588,ir-shahed,adjacent,osm
ir-bisto-panj,ir-kar-amoozi,adjacent,osm
ir-bisto-panj,ir-r20194149,adjacent,osm
ir-bisto-panj,ir-kamarbandi-25,adjacent,osm
ir-karton-sazi,ir-kheyrabad-2,adjacent,osm
ir-karton-sazi,ir-azad-shahr-2,adjacent,osm
ir-karton-sazi,ir-azadegan-4,adjacent,osm
ir-eslam-abad,ir-kar-amoozi,adjacent,osm
ir-eslam-abad,ir-kamarbandi-25,adjacent,osm
ir-taleghani,ir-lakani,adjacent,osm
ir-taleghani,ir-chomarsara,adjacent,osm
ir-taleghani,ir-sabze-meydan,adjacent,osm
ir-taleghani,ir-oustadsara,adjacent,osm
ir-chomarsara,ir-rodbari,adjacent,osm
ir-chomarsara,ir-lakani,adjacent,osm
ir-kamarbandi-25,ir-kar-amoozi,adjacent,osm
ir-kamarbandi-25,ir-r20194149,adjacent,osm
ir-firuzeh-town,ir-street-17-shahrivar,adjacent,osm
ir-firuzeh-town,ir-andisheh-town,adjacent,osm
ir-firuzeh-town,ir-pastoor,adjacent,osm
ir-asad-abadi,ir-azadi,adjacent,osm
ir-asad-abadi,ir-motahari-3,adjacent,osm
ir-asad-abadi,ir-faz-1-koy-artesh,adjacent,osm
ir-asad-abadi,ir-faz-2-koy-artesh,adjacent,osm
ir-sabze-meydan,ir-lakani,adjacent,osm
ir-sabze-meydan,ir-shahrdary,adjacent,osm
ir-sabze-meydan,ir-oustadsara,adjacent,osm
ir-rodbari,ir-soleymandarab,adjacent,osm
ir-rodbari,ir-esteghamate-2,adjacent,osm
ir-rodbari,ir-lamp-sazi,adjacent,osm
ir-rodbari,ir-mohtasham,adjacent,osm
ir-rodbari,ir-lakani,adjacent,osm
ir-jadeh-mazaghineh,ir-w624727294,adjacent,osm
ir-jadeh-mazaghineh,ir-shahed,adjacent,osm
ir-jadeh-mazaghineh,ir-w624731758,adjacent,osm
ir-jadeh-mazaghineh,ir-silo-way,adjacent,osm
ir-w624722706,ir-w624727294,adjacent,osm
ir-w624722706,ir-shahed,adjacent,osm
ir-w624722706,ir-w624731758,adjacent,osm
ir-w624722706,ir-silo-way,adjacent,osm
ir-amir-abad-2,ir-yazd-baf,adjacent,osm
ir-amir-abad-2,ir-r20193453,adjacent,osm
ir-amir-abad-2,ir-kasnaviah,adjacent,osm
ir-amir-abad-2,ir-mard-abad,adjacent,osm
ir-amir-abad-2,ir-bolvar-jomhouri,adjacent,osm
ir-beast-blv,ir-gonbad-sabz,adjacent,osm
ir-beast-blv,ir-fifteenth-khordad-street,adjacent,osm
ir-beast-blv,ir-rasooli,adjacent,osm
ir-beast-blv,ir-street-17-shahrivar,adjacent,osm
ir-beast-blv,ir-shahr-aara,adjacent,osm
ir-shahr-aara,ir-rasooli,adjacent,osm
ir-shahr-aara,ir-street-17-shahrivar,adjacent,osm
ir-shahr-aara,ir-andisheh-town,adjacent,osm
ir-namjou,ir-taleb-abad-2,adjacent,osm
ir-namjou,ir-gilar,adjacent,osm
ir-namjou,ir-shahrak-eshagi,adjacent,osm
ir-namjou,ir-park-jangali,adjacent,osm
ir-shahed,ir-bani-hashem,adjacent,osm
ir-shahed,ir-w625014948,adjacent,osm
ir-shahed,ir-oil-garner,adjacent,osm
ir-shahed,ir-w625009931,adjacent,osm
ir-shahed,ir-w624731758,adjacent,osm
ir-shahed,ir-silo-way,adjacent,osm
ir-shahed,ir-ghalyani,adjacent,osm
ir-shahed,ir-w625006206,adjacent,osm
ir-shahed,ir-silo,adjacent,osm
ir-w624727294,ir-bani-hashem,adjacent,osm
ir-w624727294,ir-w625014948,adjacent,osm
ir-w624727294,ir-oil-garner,adjacent,osm
ir-w624727294,ir-w625009931,adjacent,osm
ir-w624727294,ir-w624731758,adjacent,osm
ir-w624727294,ir-silo-way,adjacent,osm
ir-w624727294,ir-ghalyani,adjacent,osm
ir-w624727294,ir-w625006206,adjacent,osm
ir-w624727294,ir-silo,adjacent,osm
ir-mohtasham,ir-lamp-sazi,adjacent,osm
ir-mohtasham,ir-namjo,adjacent,osm
ir-mohtasham,ir-chelekhane,adjacent,osm
ir-mohtasham,ir-lakani,adjacent,osm
ir-pasdaran-square-shah-hoseyni-blv,ir-w625040529,adjacent,osm
ir-pasdaran-square-shah-hoseyni-blv,ir-pasdaran,adjacent,osm
ir-pasdaran-square-shah-hoseyni-blv,ir-chaman-chopan,adjacent,osm
ir-pasdaran-square-shah-hoseyni-blv,ir-w625038925,adjacent,osm
ir-w624728328,ir-w625040529,adjacent,osm
ir-w624728328,ir-pasdaran,adjacent,osm
ir-w624728328,ir-chaman-chopan,adjacent,osm
ir-w624728328,ir-w625038925,adjacent,osm
ir-shahrak-daneshgah-emam-shahr,ir-r20216457,adjacent,osm
ir-shahrak-daneshgah-emam-shahr,ir-jadeh-foroodgah,adjacent,osm
ir-shahrak-daneshgah-emam-shahr,ir-emem-shahr,adjacent,osm
ir-shahrak-daneshgah-emam-shahr,ir-r20216465,adjacent,osm
ir-shahrak-daneshgah-emam-shahr,ir-bolvar-jomhouri,adjacent,osm
ir-lamp-sazi,ir-darvaze-lakan,adjacent,osm
ir-lamp-sazi,ir-soleymandarab,adjacent,osm
ir-lamp-sazi,ir-namjo,adjacent,osm
ir-jami,ir-abshenasan,adjacent,osm
ir-jami,ir-rudaki,adjacent,osm
ir-azadegan-3,ir-rudaki,adjacent,osm
ir-azadegan-3,ir-azadegan-2,adjacent,osm
ir-azadegan-3,ir-fozalla,adjacent,osm
ir-jadeh-foroodgah,ir-sherkat-naft,adjacent,osm
ir-jadeh-foroodgah,ir-eskan,adjacent,osm
ir-jadeh-foroodgah,ir-r20216457,adjacent,osm
ir-jadeh-foroodgah,ir-emem-shahr,adjacent,osm
ir-jadeh-foroodgah,ir-r20216465,adjacent,osm
ir-silo-way,ir-silo,adjacent,osm
ir-silo-way,ir-persigaz,adjacent,osm
ir-w624731758,ir-silo,adjacent,osm
ir-w624731758,ir-persigaz,adjacent,osm
ir-shahrak-ghods,ir-pool-taleshan,adjacent,osm
ir-shahrak-ghods,ir-darvaze-lakan,adjacent,osm
ir-shahrak-ghods,ir-manzariye,adjacent,osm
ir-gholshahr-2,ir-golshahr1,adjacent,osm
ir-namjo,ir-darvaze-lakan,adjacent,osm
ir-namjo,ir-manzariye,adjacent,osm
ir-namjo,ir-chelekhane,adjacent,osm
ir-namjo,ir-farhang-3,adjacent,osm
ir-golshahr1,ir-pol-e-qoyun,adjacent,osm
ir-shahrak-daneshghah,ir-pol-e-qoyun,adjacent,osm
ir-shahrak-daneshghah,ir-tarzilu,adjacent,osm
ir-toshiba,ir-mosala-4,adjacent,osm
ir-toshiba,ir-neiro-daryai,adjacent,osm
ir-gilar,ir-shaliver,adjacent,osm
ir-gilar,ir-park-jangali,adjacent,osm
ir-gilar,ir-dehkade-saheli,adjacent,osm
ir-manzariye,ir-darvaze-lakan,adjacent,osm
ir-manzariye,ir-mosala-4,adjacent,osm
ir-manzariye,ir-farhang-3,adjacent,osm
ir-mosala-4,ir-neiro-daryai,adjacent,osm
ir-mosala-4,ir-farhang-3,adjacent,osm
ir-mosala-4,ir-pool-aragh,adjacent,osm
ir-shaliver,ir-bibi-houriye,adjacent,osm
ir-shaliver,ir-dehkade-saheli,adjacent,osm
ir-shaliver,ir-sahel-ghou,adjacent,osm
ir-alvand-town,ir-maryanaj,adjacent,osm
ir-oustadsara,ir-motahari,adjacent,osm
ir-oustadsara,ir-shahrdary,adjacent,osm
ir-oustadsara,ir-shariyati,adjacent,osm
ir-oustadsara,ir-takhti-3,adjacent,osm
ir-farhang-3,ir-chelekhane,adjacent,osm
ir-farhang-3,ir-pool-aragh,adjacent,osm
ir-farhang-3,ir-motahari,adjacent,osm
ir-chelekhane,ir-lakani,adjacent,osm
ir-chelekhane,ir-motahari,adjacent,osm
ir-chelekhane,ir-shahrdary,adjacent,osm
ir-lakani,ir-shahrdary,adjacent,osm
ir-shahrdary,ir-motahari,adjacent,osm
ir-shahrdary,ir-shariyati,adjacent,osm
ir-ziba-shahr,ir-kooye-janbazan,adjacent,osm
ir-ziba-shahr,ir-padadshahr,adjacent,osm
ir-ziba-shahr,ir-aria-shahr,adjacent,osm
ir-shariyati,ir-motahari,adjacent,osm
ir-shariyati,ir-labe-ab,adjacent,osm
ir-shariyati,ir-takhti-3,adjacent,osm
ir-takhti-3,ir-labe-ab,adjacent,osm
ir-takhti-3,ir-shal-koh,adjacent,osm
ir-takhti-3,ir-golbagh-namaz,adjacent,osm
ir-motahari,ir-pool-aragh,adjacent,osm
ir-motahari,ir-robartan,adjacent,osm
ir-motahari,ir-resalat-2,adjacent,osm
ir-motahari,ir-labe-ab,adjacent,osm
ir-robartan,ir-pool-aragh,adjacent,osm
ir-robartan,ir-resalat-2,adjacent,osm
ir-robartan,ir-labe-ab,adjacent,osm
ir-pool-aragh,ir-neiro-daryai,adjacent,osm
ir-pool-aragh,ir-chamran-3,adjacent,osm
ir-pool-aragh,ir-resalat-2,adjacent,osm
ir-labe-ab,ir-resalat-2,adjacent,osm
ir-labe-ab,ir-felestin-2,adjacent,osm
ir-labe-ab,ir-r8679881,adjacent,osm
ir-labe-ab,ir-shal-koh,adjacent,osm
ir-labe-ab,ir-diyanati,adjacent,osm
ir-resalat-2,ir-neiro-daryai,adjacent,osm
ir-resalat-2,ir-chamran-3,adjacent,osm
ir-resalat-2,ir-felestin-2,adjacent,osm
ir-aria-shahr,ir-padadshahr,adjacent,osm
ir-aria-shahr,ir-yousefi,adjacent,osm
ir-neiro-daryai,ir-emam-ali,adjacent,osm
ir-neiro-daryai,ir-pirklachai,adjacent,osm
ir-neiro-daryai,ir-chamran-3,adjacent,osm
ir-yousefi,ir-padadshahr,adjacent,osm
ir-yousefi,ir-kooye-fatemieh,adjacent,osm
ir-yousefi,ir-manazele-karoon,adjacent,osm
ir-chamran-3,ir-pirklachai,adjacent,osm
ir-chamran-3,ir-felestin-2,adjacent,osm
ir-chamran-3,ir-taze-abad,adjacent,osm
ir-chamran-3,ir-janbazan-4,adjacent,osm
ir-felestin-2,ir-taze-abad,adjacent,osm
ir-felestin-2,ir-r8679881,adjacent,osm
ir-r8679881,ir-taze-abad,adjacent,osm
ir-r8679881,ir-shal-koh,adjacent,osm
ir-r8679881,ir-diyanati,adjacent,osm
ir-taze-abad,ir-janbazan-4,adjacent,osm
ir-taze-abad,ir-diyanati,adjacent,osm
ir-taze-abad,ir-koye-emamreza,adjacent,osm
ir-koy-pasdaran,ir-naser-khosro-2,adjacent,osm
ir-koy-pasdaran,ir-faz-2-koy-artesh,adjacent,osm
ir-koy-pasdaran,ir-bolvar-pazhohande,adjacent,osm
ir-golbagh-namaz,ir-shal-koh,adjacent,osm
ir-golbagh-namaz,ir-pars,adjacent,osm
ir-golbagh-namaz,ir-deylaman-2,adjacent,osm
ir-shal-koh,ir-diyanati,adjacent,osm
ir-shal-koh,ir-pars,adjacent,osm
ir-pars,ir-diyanati,adjacent,osm
ir-pars,ir-ershad-2,adjacent,osm
ir-pars,ir-deylaman-2,adjacent,osm
ir-deylaman-2,ir-ershad-2,adjacent,osm
ir-deylaman-2,ir-vali-asr,adjacent,osm
ir-deylaman-2,ir-koye-erfan,adjacent,osm
ir-deylaman-2,ir-pastak,adjacent,osm
ir-ershad-2,ir-diyanati,adjacent,osm
ir-ershad-2,ir-vali-asr,adjacent,osm
ir-vali-asr,ir-diyanati,adjacent,osm
ir-vali-asr,ir-koye-emamreza,adjacent,osm
ir-vali-asr,ir-farzane,adjacent,osm
ir-vali-asr,ir-koye-erfan,adjacent,osm
ir-azadi,ir-alavi,adjacent,osm
ir-azadi,ir-bazar-5,adjacent,osm
ir-azadi,ir-charahbank,adjacent,osm
ir-azadi,ir-shohada-2,adjacent,osm
ir-azadi,ir-motahari-3,adjacent,osm
ir-taleghani-3,ir-al-safi,adjacent,osm
ir-taleghani-3,ir-charsad-dastgah,adjacent,osm
ir-taleghani-3,ir-zeytoon-kargari,adjacent,osm
ir-taleghani-3,ir-soltanmanesh,adjacent,osm
ir-shariati,ir-shaghaygh,adjacent,osm
ir-shariati,ir-kofelestin,adjacent,osm
ir-shariati,ir-alavi,adjacent,osm
ir-kofelestin,ir-alavi,adjacent,osm
ir-charsad-dastgah,ir-al-safi,adjacent,osm
ir-charsad-dastgah,ir-20-metri-shahredari,adjacent,osm
ir-charsad-dastgah,ir-zeytoon-kargari,adjacent,osm
ir-shahrak-shahriar,ir-seyyedein,adjacent,osm
ir-shahrak-shahriar,ir-baharestan-2,adjacent,osm
ir-shahrak-shahriar,ir-buye,adjacent,osm
ir-shahrak-shahriar,ir-shahrak-ferdowsi,adjacent,osm
ir-shahrak-shahriar,ir-shahrak-daneshju,adjacent,osm
ir-shahrak-shahriar,ir-shahrak-jami,adjacent,osm
ir-shahrak-shahriar,ir-khargush-tappeh,adjacent,osm
ir-dash-korposo,ir-w624932664,adjacent,osm
ir-dash-korposo,ir-seylab-agzi,adjacent,osm
ir-w624912174,ir-w624932664,adjacent,osm
ir-w624912174,ir-seylab-agzi,adjacent,osm
ir-molasadra-west,ir-daneshgah,adjacent,osm
ir-molasadra-west,ir-janbazan-mini-city,adjacent,osm
ir-molasadra-west,ir-nowroozian,adjacent,osm
ir-molasadra-west,ir-ghias-abad,adjacent,osm
ir-sheikh-shalout,ir-saheli-parvaz,adjacent,osm
ir-sheikh-shalout,ir-shahrokh-abad,adjacent,osm
ir-sheikh-shalout,ir-darvaze-mahabad,adjacent,osm
ir-sheikh-shalout,ir-digaleh,adjacent,osm
ir-sheikh-shalout,ir-samadzadeh,adjacent,osm
ir-shahrokh-abad,ir-saheli-parvaz,adjacent,osm
ir-shahrokh-abad,ir-maafi,adjacent,osm
ir-shahrokh-abad,ir-darvaze-mahabad,adjacent,osm
ir-poonak,ir-poonak-first,adjacent,osm
ir-poonak,ir-molasadra-mini-city-north,adjacent,osm
ir-poonak,ir-mahdiye-mini-city,adjacent,osm
ir-poonak,ir-nowroozian,adjacent,osm
ir-poonak,ir-barajin,adjacent,osm
ir-poonak-first,ir-janbazan-mini-city,adjacent,osm
ir-poonak-first,ir-molasadra-mini-city-north,adjacent,osm
ir-poonak-first,ir-mahdiye-mini-city,adjacent,osm
ir-fifteenth-khordad-street,ir-shaheed-jafari-street,adjacent,osm
ir-fifteenth-khordad-street,ir-shariati-4,adjacent,osm
ir-fifteenth-khordad-street,ir-kooye-farhangian-2,adjacent,osm
ir-fifteenth-khordad-street,ir-kooye-yaghma,adjacent,osm
ir-fifteenth-khordad-street,ir-street-17-shahrivar,adjacent,osm
ir-janbazan-mini-city,ir-molasadra-mini-city-north,adjacent,osm
ir-janbazan-mini-city,ir-mahdiye-mini-city,adjacent,osm
ir-janbazan-mini-city,ir-nowroozian,adjacent,osm
ir-zargarabad,ir-digaleh,adjacent,osm
ir-zargarabad,ir-samadzadeh,adjacent,osm
ir-zargarabad,ir-gharantineh,adjacent,osm
ir-zargarabad,ir-valiasr-2,adjacent,osm
ir-zargarabad,ir-terminal,adjacent,osm
ir-eskan,ir-azad-shahr-2,adjacent,osm
ir-eskan,ir-azadegan-4,adjacent,osm
ir-eskan,ir-sherkat-naft,adjacent,osm
ir-eskan,ir-r20216457,adjacent,osm
ir-bibi-houriye,ir-sosar,adjacent,osm
ir-bibi-houriye,ir-terminal-2,adjacent,osm
ir-bibi-houriye,ir-dehkade-saheli,adjacent,osm
ir-bibi-houriye,ir-sahel-ghou,adjacent,osm
ir-airport-road,ir-airport-2,adjacent,osm
ir-airport-road,ir-w624995134,adjacent,osm
ir-w624994632,ir-airport-2,adjacent,osm
ir-w624994632,ir-w624995134,adjacent,osm
ir-amuzeshgah-jangal,ir-bu-ali,adjacent,osm
ir-amuzeshgah-jangal,ir-molaghati,adjacent,osm
ir-amuzeshgah-jangal,ir-qazaq-mahaleh,adjacent,osm
ir-amuzeshgah-jangal,ir-gorganjadid,adjacent,osm
ir-amuzeshgah-jangal,ir-baharestan-2,adjacent,osm
ir-amuzeshgah-jangal,ir-buye,adjacent,osm
ir-mahdiye-mini-city,ir-nowroozian,adjacent,osm
ir-airport-2,ir-w624996230,adjacent,osm
ir-airport-2,ir-joraghan,adjacent,osm
ir-w624995134,ir-w624996230,adjacent,osm
ir-w624995134,ir-joraghan,adjacent,osm
ir-kooye-feyziye,ir-safaeiye,adjacent,osm
ir-kooye-feyziye,ir-pardis-daneshgah-yazd,adjacent,osm
ir-kooye-feyziye,ir-15-khordad,adjacent,osm
ir-kooye-feyziye,ir-shahrak-daneshgah-2,adjacent,osm
ir-kooye-feyziye,ir-siloo-2,adjacent,osm
ir-kooye-feyziye,ir-abshahi,adjacent,osm
ir-shahrak-zibashahr,ir-shahrak-e-shahriyar,adjacent,osm
ir-shahrak-zibashahr,ir-shahrak-andisheh,adjacent,osm
ir-shahrak-zibashahr,ir-shahrak-amirkabir,adjacent,osm
ir-shahrak-zibashahr,ir-shahrak-e-valiyeasr,adjacent,osm
ir-shahrak-zibashahr,ir-kouye-omid,adjacent,osm
ir-shahrak-zibashahr,ir-shahrak-e-negin,adjacent,osm
ir-nowroozian,ir-daneshgah,adjacent,osm
ir-nowroozian,ir-imam-khomeini-international-university,adjacent,osm
ir-nowroozian,ir-barajin,adjacent,osm
ir-nowroozian,ir-ghias-abad,adjacent,osm
ir-nowroozian,ir-minoodar-mini-city,adjacent,osm
ir-shahrak-e-negin,ir-shahrak-amirkabir,adjacent,osm
ir-shahrak-e-negin,ir-kouye-omid,adjacent,osm
ir-shahrak-e-negin,ir-kooy-e-qaem,adjacent,osm
ir-shahrak-e-negin,ir-shahrak-e-payiinkooh,adjacent,osm
ir-sherkat-naft,ir-azad-shahr-2,adjacent,osm
ir-sherkat-naft,ir-azadegan-4,adjacent,osm
ir-sherkat-naft,ir-khalil-hasan-beygi,adjacent,osm
ir-sherkat-naft,ir-shahid-abedi,adjacent,osm
ir-sherkat-naft,ir-zeytoon,adjacent,osm
ir-sherkat-naft,ir-emem-shahr,adjacent,osm
ir-siloo-2,ir-pardis-daneshgah-yazd,adjacent,osm
ir-siloo-2,ir-shahrak-daneshgah-2,adjacent,osm
ir-siloo-2,ir-qasembad,adjacent,osm
ir-siloo-2,ir-kooye-rah-ahan,adjacent,osm
ir-siloo-2,ir-abshahi,adjacent,osm
ir-mikhchegaran,ir-aloche-bagh-shirkosh,adjacent,osm
ir-mikhchegaran,ir-bu-ali,adjacent,osm
ir-mikhchegaran,ir-nalbandan,adjacent,osm
ir-mikhchegaran,ir-gorganjadid,adjacent,osm
ir-mikhchegaran,ir-sarpir-va-dabaghan,adjacent,osm
ir-park-lale,ir-ameri,adjacent,osm
ir-park-lale,ir-newsite,adjacent,osm
ir-park-lale,ir-koye-meli-rah,adjacent,osm
ir-pardis-daneshgah-yazd,ir-safaeiye,adjacent,osm
ir-pardis-daneshgah-yazd,ir-shahrak-daneshgah-2,adjacent,osm
ir-khalil-hasan-beygi,ir-eyshabad,adjacent,osm
ir-khalil-hasan-beygi,ir-azadegan-4,adjacent,osm
ir-khalil-hasan-beygi,ir-ahrestan,adjacent,osm
ir-khalil-hasan-beygi,ir-shahid-abedi,adjacent,osm
ir-shahid-abedi,ir-ahrestan,adjacent,osm
ir-shahid-abedi,ir-chah-gheble,adjacent,osm
ir-shahid-abedi,ir-zeytoon,adjacent,osm
ir-shahid-abedi,ir-emem-shahr,adjacent,osm
ir-sepah-square,ir-hegmataneh-blv,adjacent,osm
ir-sepah-square,ir-w625135181,adjacent,osm
ir-sepah-square,ir-jolan,adjacent,osm
ir-sepah-square,ir-w625029983,adjacent,osm
ir-sepah-square,ir-w625034685,adjacent,osm
ir-sepah-square,ir-babataher,adjacent,osm
ir-sepah-square,ir-car-center,adjacent,osm
ir-sepah-square,ir-ashora-square,adjacent,osm
ir-w625000658,ir-hegmataneh-blv,adjacent,osm
ir-w625000658,ir-w625135181,adjacent,osm
ir-w625000658,ir-jolan,adjacent,osm
ir-w625000658,ir-w625029983,adjacent,osm
ir-w625000658,ir-w625034685,adjacent,osm
ir-w625000658,ir-babataher,adjacent,osm
ir-w625000658,ir-car-center,adjacent,osm
ir-w625000658,ir-ashora-square,adjacent,osm
ir-kooye-yaghma,ir-kooye-farhangian-2,adjacent,osm
ir-behdari-town,ir-street-17-shahrivar,adjacent,osm
ir-behdari-town,ir-pastoor,adjacent,osm
ir-behdari-town,ir-quds-town,adjacent,osm
ir-street-17-shahrivar,ir-shariati-4,adjacent,osm
ir-street-17-shahrivar,ir-bonyad-shahid,adjacent,osm
ir-street-17-shahrivar,ir-andisheh-town,adjacent,osm
ir-street-17-shahrivar,ir-pastoor,adjacent,osm
ir-pastoor,ir-andisheh-town,adjacent,osm
ir-pastoor,ir-quds-town,adjacent,osm
ir-charahbank,ir-bazar-5,adjacent,osm
ir-charahbank,ir-shohada-2,adjacent,osm
ir-charahbank,ir-motahari-3,adjacent,osm
ir-bazar-5,ir-alavi,adjacent,osm
ir-bazar-5,ir-shohada-2,adjacent,osm
ir-janbazan-4,ir-koye-emamreza,adjacent,osm
ir-kouye-omid,ir-shahrak-amirkabir,adjacent,osm
ir-kouye-omid,ir-shahrak-e-valiyeasr,adjacent,osm
ir-kouye-omid,ir-kooy-e-zafaraniyeh,adjacent,osm
ir-kouye-omid,ir-kooy-e-qaem,adjacent,osm
ir-kouye-omid,ir-shahrak-e-payiinkooh,adjacent,osm
ir-bazar-2,ir-sepah-2,adjacent,osm
ir-bazar-2,ir-navab-safavi-south,adjacent,osm
ir-bazar-2,ir-azadi-square,adjacent,osm
ir-bazar-2,ir-naderi,adjacent,osm
ir-bazar-2,ir-saadi,adjacent,osm
ir-bazar-2,ir-taleghani-4,adjacent,osm
ir-navab-safavi-south,ir-salamgah,adjacent,osm
ir-navab-safavi-south,ir-naderi,adjacent,osm
ir-navab-safavi-south,ir-saadi,adjacent,osm
ir-navab-safavi-south,ir-navab-safavi-2,adjacent,osm
ir-tehran-ghadim,ir-rah-rey,adjacent,osm
ir-tehran-ghadim,ir-sepah-2,adjacent,osm
ir-tehran-ghadim,ir-bagh-dabir,adjacent,osm
ir-tehran-ghadim,ir-valiasr-6,adjacent,osm
ir-sepah-2,ir-rah-rey,adjacent,osm
ir-sepah-2,ir-bagh-dabir,adjacent,osm
ir-sepah-2,ir-salamgah,adjacent,osm
ir-sepah-2,ir-valiasr-6,adjacent,osm
ir-sepah-2,ir-taleghani-4,adjacent,osm
ir-rah-rey,ir-rah-ahan-3,adjacent,osm
ir-rah-rey,ir-salamgah,adjacent,osm
ir-ghalyani,ir-oil-garner,adjacent,osm
ir-ghalyani,ir-w625009931,adjacent,osm
ir-ghalyani,ir-silo,adjacent,osm
ir-ghalyani,ir-arak-street,adjacent,osm
ir-ghalyani,ir-chaparkhaneh,adjacent,osm
ir-ghalyani,ir-w625027897,adjacent,osm
ir-w625006206,ir-oil-garner,adjacent,osm
ir-w625006206,ir-w625009931,adjacent,osm
ir-w625006206,ir-silo,adjacent,osm
ir-w625006206,ir-arak-street,adjacent,osm
ir-w625006206,ir-chaparkhaneh,adjacent,osm
ir-w625006206,ir-w625027897,adjacent,osm
ir-sadoughi,ir-valiasr-2,adjacent,osm
ir-sadoughi,ir-abuzar-2,adjacent,osm
ir-sadoughi,ir-allame-majlesi,adjacent,osm
ir-sadoughi,ir-horr,adjacent,osm
ir-horr,ir-abuzar-2,adjacent,osm
ir-horr,ir-allame-majlesi,adjacent,osm
ir-kooye-rah-ahan,ir-qasembad,adjacent,osm
ir-kooye-rah-ahan,ir-abshahi,adjacent,osm
ir-kooye-rah-ahan,ir-eyshabad,adjacent,osm
ir-kooye-rah-ahan,ir-azar-yazdi,adjacent,osm
ir-kooye-rah-ahan,ir-khoramshah,adjacent,osm
ir-felestin,ir-khayam-north,adjacent,osm
ir-felestin,ir-bolvar,adjacent,osm
ir-felestin,ir-daneshgah,adjacent,osm
ir-felestin,ir-adl,adjacent,osm
ir-felestin,ir-miremad,adjacent,osm
ir-felestin,ir-heydari,adjacent,osm
ir-felestin,ir-ghias-abad,adjacent,osm
ir-oil-garner,ir-bani-hashem,adjacent,osm
ir-oil-garner,ir-w625014948,adjacent,osm
ir-oil-garner,ir-mosala-3,adjacent,osm
ir-oil-garner,ir-w625023355,adjacent,osm
ir-oil-garner,ir-chaparkhaneh,adjacent,osm
ir-oil-garner,ir-w625027897,adjacent,osm
ir-w625009931,ir-bani-hashem,adjacent,osm
ir-w625009931,ir-w625014948,adjacent,osm
ir-w625009931,ir-mosala-3,adjacent,osm
ir-w625009931,ir-w625023355,adjacent,osm
ir-w625009931,ir-chaparkhaneh,adjacent,osm
ir-w625009931,ir-w625027897,adjacent,osm
ir-azadegan-4,ir-kheyrabad-2,adjacent,osm
ir-azadegan-4,ir-azad-shahr-2,adjacent,osm
ir-azadegan-4,ir-eyshabad,adjacent,osm
ir-kouye-farhangiyan,ir-terminal-2,adjacent,osm
ir-kouye-farhangiyan,ir-moalem-3,adjacent,osm
ir-kouye-farhangiyan,ir-sahel-ghou,adjacent,osm
ir-pirklachai,ir-emam-ali,adjacent,osm
ir-bolvar,ir-khayam-north,adjacent,osm
ir-bolvar,ir-padegan,adjacent,osm
ir-bolvar,ir-daneshgah,adjacent,osm
ir-bolvar,ir-adl,adjacent,osm
ir-sosar,ir-khosh-pyke,adjacent,osm
ir-sosar,ir-terminal-2,adjacent,osm
ir-terminal-2,ir-khosh-pyke,adjacent,osm
ir-terminal-2,ir-takhti,adjacent,osm
ir-terminal-2,ir-mala,adjacent,osm
ir-terminal-2,ir-moalem-3,adjacent,osm
ir-terminal-2,ir-sahel-ghou,adjacent,osm
ir-ahrestan,ir-eyshabad,adjacent,osm
ir-ahrestan,ir-azar-yazdi,adjacent,osm
ir-ahrestan,ir-amir-almomenin,adjacent,osm
ir-ahrestan,ir-chah-gheble,adjacent,osm
ir-ahrestan,ir-zeytoon,adjacent,osm
ir-sisad-dastgah,ir-200dstgah,adjacent,osm
ir-sisad-dastgah,ir-2000vahedi,adjacent,osm
ir-baharestan-2,ir-qazaq-mahaleh,adjacent,osm
ir-baharestan-2,ir-seyyedein,adjacent,osm
ir-baharestan-2,ir-buye,adjacent,osm
ir-baharestan-2,ir-shahrak-ferdowsi,adjacent,osm
ir-baharestan-2,ir-shahrak-jami,adjacent,osm
ir-zeytoon,ir-chah-gheble,adjacent,osm
ir-zeytoon,ir-koochi-biok,adjacent,osm
ir-zeytoon,ir-emem-shahr,adjacent,osm
ir-zeytoon,ir-yazd-baf,adjacent,osm
ir-zeytoon,ir-savaneh-sookhtegi,adjacent,osm
ir-qasembad,ir-javan,adjacent,osm
ir-qasembad,ir-shahrak-daneshgah-2,adjacent,osm
ir-qasembad,ir-razmandegan-2,adjacent,osm
ir-qasembad,ir-khamene-ei,adjacent,osm
ir-qasembad,ir-poshte-varzeshgah,adjacent,osm
ir-qasembad,ir-eyshabad,adjacent,osm
ir-bani-hashem,ir-w625018362,adjacent,osm
ir-bani-hashem,ir-ferdosi-square,adjacent,osm
ir-bani-hashem,ir-sadaf,adjacent,osm
ir-bani-hashem,ir-w625016808,adjacent,osm
ir-bani-hashem,ir-mosala-3,adjacent,osm
ir-bani-hashem,ir-w625023355,adjacent,osm
ir-w625014948,ir-w625018362,adjacent,osm
ir-w625014948,ir-ferdosi-square,adjacent,osm
ir-w625014948,ir-sadaf,adjacent,osm
ir-w625014948,ir-w625016808,adjacent,osm
ir-w625014948,ir-mosala-3,adjacent,osm
ir-w625014948,ir-w625023355,adjacent,osm
ir-chah-gheble,ir-amir-almomenin,adjacent,osm
ir-chah-gheble,ir-pole-navab,adjacent,osm
ir-chah-gheble,ir-sar-do-rah,adjacent,osm
ir-chah-gheble,ir-koochi-biok,adjacent,osm
ir-r8682153,ir-r8682154,adjacent,osm
ir-south-ferdosi-blv,ir-khate-kashmar,adjacent,osm
ir-south-ferdosi-blv,ir-edalat,adjacent,osm
ir-south-ferdosi-blv,ir-shaheed-jafari-street,adjacent,osm
ir-sadaf,ir-w625018362,adjacent,osm
ir-sadaf,ir-ferdosi-square,adjacent,osm
ir-w625016808,ir-w625018362,adjacent,osm
ir-w625016808,ir-ferdosi-square,adjacent,osm
ir-takhti,ir-khosh-pyke,adjacent,osm
ir-takhti,ir-jazireh,adjacent,osm
ir-takhti,ir-mala,adjacent,osm
ir-koye-sanaye,ir-shahrak-payam-2,adjacent,osm
ir-koye-sanaye,ir-shahrake-mahalati,adjacent,osm
ir-koye-sanaye,ir-mojahed-2,adjacent,osm
ir-koye-sanaye,ir-pardis-3,adjacent,osm
ir-khamene-ei,ir-daneshgah-oloom-pezeshki,adjacent,osm
ir-khamene-ei,ir-javan,adjacent,osm
ir-khamene-ei,ir-razmandegan-2,adjacent,osm
ir-khamene-ei,ir-poshte-varzeshgah,adjacent,osm
ir-khamene-ei,ir-eyshabad,adjacent,osm
ir-ferdosi-square,ir-w625046366,adjacent,osm
ir-ferdosi-square,ir-golapa,adjacent,osm
ir-ferdosi-square,ir-bualisina-tomb,adjacent,osm
ir-ferdosi-square,ir-w625044344,adjacent,osm
ir-ferdosi-square,ir-takhti-crossroad,adjacent,osm
ir-ferdosi-square,ir-w625020881,adjacent,osm
ir-ferdosi-square,ir-mosala-3,adjacent,osm
ir-ferdosi-square,ir-w625023355,adjacent,osm
ir-w625018362,ir-w625046366,adjacent,osm
ir-w625018362,ir-golapa,adjacent,osm
ir-w625018362,ir-bualisina-tomb,adjacent,osm
ir-w625018362,ir-w625044344,adjacent,osm
ir-w625018362,ir-takhti-crossroad,adjacent,osm
ir-w625018362,ir-w625020881,adjacent,osm
ir-w625018362,ir-mosala-3,adjacent,osm
ir-w625018362,ir-w625023355,adjacent,osm
ir-koochi-biok,ir-sar-do-rah,adjacent,osm
ir-koochi-biok,ir-khalfe-bagh,adjacent,osm
ir-koochi-biok,ir-iranshahr,adjacent,osm
ir-koochi-biok,ir-yazd-baf,adjacent,osm
ir-koochi-biok,ir-savaneh-sookhtegi,adjacent,osm
ir-koochi-biok,ir-r20193453,adjacent,osm
ir-takhti-crossroad,ir-bualisina-tomb,adjacent,osm
ir-takhti-crossroad,ir-w625044344,adjacent,osm
ir-takhti-crossroad,ir-mosala-3,adjacent,osm
ir-takhti-crossroad,ir-w625023355,adjacent,osm
ir-takhti-crossroad,ir-w625131938,adjacent,osm
ir-takhti-crossroad,ir-takhti-street,adjacent,osm
ir-w625020881,ir-bualisina-tomb,adjacent,osm
ir-w625020881,ir-w625044344,adjacent,osm
ir-w625020881,ir-mosala-3,adjacent,osm
ir-w625020881,ir-w625023355,adjacent,osm
ir-w625020881,ir-w625131938,adjacent,osm
ir-w625020881,ir-takhti-street,adjacent,osm
ir-moalem-3,ir-mala,adjacent,osm
ir-moalem-3,ir-gaz,adjacent,osm
ir-moalem-3,ir-sahel-ghou,adjacent,osm
ir-moalem-3,ir-kouye-azadegan,adjacent,osm
ir-moalem-3,ir-atebba,adjacent,osm
ir-shahrake-mahalati,ir-shahrak-payam-2,adjacent,osm
ir-shahrake-mahalati,ir-pardis-3,adjacent,osm
ir-amir-almomenin,ir-azar-yazdi,adjacent,osm
ir-amir-almomenin,ir-khoramshah,adjacent,osm
ir-amir-almomenin,ir-pole-navab,adjacent,osm
ir-amir-almomenin,ir-sar-do-rah,adjacent,osm
ir-mosala-3,ir-w625131938,adjacent,osm
ir-mosala-3,ir-takhti-street,adjacent,osm
ir-mosala-3,ir-shohada-street,adjacent,osm
ir-mosala-3,ir-w625131434,adjacent,osm
ir-mosala-3,ir-mofateh-square,adjacent,osm
ir-mosala-3,ir-w625025029,adjacent,osm
ir-mosala-3,ir-chaparkhaneh,adjacent,osm
ir-mosala-3,ir-w625027897,adjacent,osm
ir-w625023355,ir-w625131938,adjacent,osm
ir-w625023355,ir-takhti-street,adjacent,osm
ir-w625023355,ir-shohada-street,adjacent,osm
ir-w625023355,ir-w625131434,adjacent,osm
ir-w625023355,ir-mofateh-square,adjacent,osm
ir-w625023355,ir-w625025029,adjacent,osm
ir-w625023355,ir-chaparkhaneh,adjacent,osm
ir-w625023355,ir-w625027897,adjacent,osm
ir-sar-do-rah,ir-hana,adjacent,osm
ir-sar-do-rah,ir-pole-navab,adjacent,osm
ir-sar-do-rah,ir-khalfe-bagh,adjacent,osm
ir-sar-do-rah,ir-iranshahr,adjacent,osm
ir-mofateh-square,ir-shohada-street,adjacent,osm
ir-mofateh-square,ir-w625131434,adjacent,osm
ir-mofateh-square,ir-chaparkhaneh,adjacent,osm
ir-mofateh-square,ir-w625027897,adjacent,osm
ir-mofateh-square,ir-w625031554,adjacent,osm
ir-mofateh-square,ir-hegmataneh,adjacent,osm
ir-mofateh-square,ir-hegmataneh-blv,adjacent,osm
ir-mofateh-square,ir-w625135181,adjacent,osm
ir-w625025029,ir-shohada-street,adjacent,osm
ir-w625025029,ir-w625131434,adjacent,osm
ir-w625025029,ir-chaparkhaneh,adjacent,osm
ir-w625025029,ir-w625027897,adjacent,osm
ir-w625025029,ir-w625031554,adjacent,osm
ir-w625025029,ir-hegmataneh,adjacent,osm
ir-w625025029,ir-hegmataneh-blv,adjacent,osm
ir-w625025029,ir-w625135181,adjacent,osm
ir-mala,ir-khosh-pyke,adjacent,osm
ir-mala,ir-jazireh,adjacent,osm
ir-mala,ir-saman-sar,adjacent,osm
ir-mala,ir-gaz,adjacent,osm
ir-shahrak-daneshgah-2,ir-javan,adjacent,osm
ir-shahrak-e-payiinkooh,ir-kooy-e-qaem,adjacent,osm
ir-shahrak-e-payiinkooh,ir-jadde-shahrak,adjacent,osm
ir-ghaem,ir-east-beyhagh,adjacent,osm
ir-adl,ir-naderi,adjacent,osm
ir-adl,ir-booali,adjacent,osm
ir-adl,ir-ferdosi,adjacent,osm
ir-adl,ir-khayam-north,adjacent,osm
ir-adl,ir-miremad,adjacent,osm
ir-adl,ir-heydari,adjacent,osm
ir-koye-besharat,ir-koye-sadeghiye,adjacent,osm
ir-koye-besharat,ir-koye-bahonar,adjacent,osm
ir-koye-besharat,ir-koye-rah-karbala,adjacent,osm
ir-koye-besharat,ir-nabovat,adjacent,osm
ir-azar-yazdi,ir-abshahi,adjacent,osm
ir-azar-yazdi,ir-eyshabad,adjacent,osm
ir-azar-yazdi,ir-khoramshah,adjacent,osm
ir-azar-yazdi,ir-pole-navab,adjacent,osm
ir-kouye-azadegan,ir-gaz,adjacent,osm
ir-kouye-azadegan,ir-pump-bad,adjacent,osm
ir-kouye-azadegan,ir-kouye-zarafshan,adjacent,osm
ir-kouye-azadegan,ir-atebba,adjacent,osm
ir-chaparkhaneh,ir-arak-street,adjacent,osm
ir-chaparkhaneh,ir-hegmataneh-blv,adjacent,osm
ir-chaparkhaneh,ir-w625135181,adjacent,osm
ir-chaparkhaneh,ir-jolan,adjacent,osm
ir-chaparkhaneh,ir-w625029983,adjacent,osm
ir-chaparkhaneh,ir-khezrian-street,adjacent,osm
ir-chaparkhaneh,ir-car-center,adjacent,osm
ir-w625027897,ir-arak-street,adjacent,osm
ir-w625027897,ir-hegmataneh-blv,adjacent,osm
ir-w625027897,ir-w625135181,adjacent,osm
ir-w625027897,ir-jolan,adjacent,osm
ir-w625027897,ir-w625029983,adjacent,osm
ir-w625027897,ir-khezrian-street,adjacent,osm
ir-w625027897,ir-car-center,adjacent,osm
ir-eyshabad,ir-razmandegan-2,adjacent,osm
ir-eyshabad,ir-poshte-varzeshgah,adjacent,osm
ir-eyshabad,ir-kheyrabad-2,adjacent,osm
ir-javan,ir-r8687942,adjacent,osm
ir-javan,ir-daneshgah-oloom-pezeshki,adjacent,osm
ir-jolan,ir-hegmataneh-blv,adjacent,osm
ir-jolan,ir-w625135181,adjacent,osm
ir-jolan,ir-car-center,adjacent,osm
ir-w625029983,ir-hegmataneh-blv,adjacent,osm
ir-w625029983,ir-w625135181,adjacent,osm
ir-w625029983,ir-car-center,adjacent,osm
ir-qazaq-mahaleh,ir-bu-ali,adjacent,osm
ir-qazaq-mahaleh,ir-molaghati,adjacent,osm
ir-qazaq-mahaleh,ir-seyyedein,adjacent,osm
ir-jadde-shahrak,ir-kooche-meshki,adjacent,osm
ir-jadde-shahrak,ir-kooy-e-qaem,adjacent,osm
ir-hegmataneh,ir-shohada-street,adjacent,osm
ir-hegmataneh,ir-w625131434,adjacent,osm
ir-hegmataneh,ir-w625129379,adjacent,osm
ir-hegmataneh,ir-ekbatan-street,adjacent,osm
ir-hegmataneh,ir-w625035928,adjacent,osm
ir-hegmataneh,ir-emamzadeh-abdolah,adjacent,osm
ir-hegmataneh,ir-hegmataneh-blv,adjacent,osm
ir-hegmataneh,ir-w625135181,adjacent,osm
ir-hegmataneh,ir-w625034685,adjacent,osm
ir-hegmataneh,ir-babataher,adjacent,osm
ir-w625031554,ir-shohada-street,adjacent,osm
ir-w625031554,ir-w625131434,adjacent,osm
ir-w625031554,ir-w625129379,adjacent,osm
ir-w625031554,ir-ekbatan-street,adjacent,osm
ir-w625031554,ir-w625035928,adjacent,osm
ir-w625031554,ir-emamzadeh-abdolah,adjacent,osm
ir-w625031554,ir-hegmataneh-blv,adjacent,osm
ir-w625031554,ir-w625135181,adjacent,osm
ir-w625031554,ir-w625034685,adjacent,osm
ir-w625031554,ir-babataher,adjacent,osm
ir-pole-navab,ir-khoramshah,adjacent,osm
ir-pole-navab,ir-azmayeshgah-markazi,adjacent,osm
ir-pole-navab,ir-hana,adjacent,osm
ir-pole-navab,ir-khalfe-bagh,adjacent,osm
ir-babataher,ir-w625035928,adjacent,osm
ir-babataher,ir-emamzadeh-abdolah,adjacent,osm
ir-babataher,ir-hegmataneh-blv,adjacent,osm
ir-babataher,ir-w625135181,adjacent,osm
ir-w625034685,ir-w625035928,adjacent,osm
ir-w625034685,ir-emamzadeh-abdolah,adjacent,osm
ir-w625034685,ir-hegmataneh-blv,adjacent,osm
ir-w625034685,ir-w625135181,adjacent,osm
ir-r20197190,ir-mo-alem,adjacent,osm
ir-r20197190,ir-shariati-3,adjacent,osm
ir-r20197190,ir-varzash,adjacent,osm
ir-r20197190,ir-chahar-rahe-emam,adjacent,osm
ir-emamzadeh-abdolah,ir-w625127717,adjacent,osm
ir-emamzadeh-abdolah,ir-ghaleh-therm,adjacent,osm
ir-emamzadeh-abdolah,ir-w625128847,adjacent,osm
ir-emamzadeh-abdolah,ir-babataher-street,adjacent,osm
ir-emamzadeh-abdolah,ir-w625129379,adjacent,osm
ir-emamzadeh-abdolah,ir-ekbatan-street,adjacent,osm
ir-emamzadeh-abdolah,ir-chaman-chopan,adjacent,osm
ir-emamzadeh-abdolah,ir-w625038925,adjacent,osm
ir-w625035928,ir-w625127717,adjacent,osm
ir-w625035928,ir-ghaleh-therm,adjacent,osm
ir-w625035928,ir-w625128847,adjacent,osm
ir-w625035928,ir-babataher-street,adjacent,osm
ir-w625035928,ir-w625129379,adjacent,osm
ir-w625035928,ir-ekbatan-street,adjacent,osm
ir-w625035928,ir-chaman-chopan,adjacent,osm
ir-w625035928,ir-w625038925,adjacent,osm
ir-chaman-chopan,ir-w625042931,adjacent,osm
ir-chaman-chopan,ir-shariati-crossroad,adjacent,osm
ir-chaman-chopan,ir-w625040529,adjacent,osm
ir-chaman-chopan,ir-pasdaran,adjacent,osm
ir-chaman-chopan,ir-w625127717,adjacent,osm
ir-chaman-chopan,ir-ghaleh-therm,adjacent,osm
ir-w625038925,ir-w625042931,adjacent,osm
ir-w625038925,ir-shariati-crossroad,adjacent,osm
ir-w625038925,ir-w625040529,adjacent,osm
ir-w625038925,ir-pasdaran,adjacent,osm
ir-w625038925,ir-w625127717,adjacent,osm
ir-w625038925,ir-ghaleh-therm,adjacent,osm
ir-razavi-town,ir-rahmat-abad-2,adjacent,osm
ir-razavi-town,ir-karim-abad,adjacent,osm
ir-pasdaran,ir-w625042931,adjacent,osm
ir-pasdaran,ir-shariati-crossroad,adjacent,osm
ir-pasdaran,ir-w625127717,adjacent,osm
ir-pasdaran,ir-ghaleh-therm,adjacent,osm
ir-w625040529,ir-w625042931,adjacent,osm
ir-w625040529,ir-shariati-crossroad,adjacent,osm
ir-w625040529,ir-w625127717,adjacent,osm
ir-w625040529,ir-ghaleh-therm,adjacent,osm
ir-shahidan-ashraf,ir-golestan,adjacent,osm
ir-shahidan-ashraf,ir-javad-al-aemeh,adjacent,osm
ir-shahidan-ashraf,ir-edalat-2,adjacent,osm
ir-shahidan-ashraf,ir-r8687942,adjacent,osm
ir-shahidan-ashraf,ir-safaeiye,adjacent,osm
ir-dash-kasan,ir-janbazan-2,adjacent,osm
ir-dash-kasan,ir-sabalan-faze-2,adjacent,osm
ir-dash-kasan,ir-vali,adjacent,osm
ir-dash-kasan,ir-ghods,adjacent,osm
ir-dash-kasan,ir-mo-alem,adjacent,osm
ir-shariati-crossroad,ir-pastor,adjacent,osm
ir-shariati-crossroad,ir-w625124636,adjacent,osm
ir-shariati-crossroad,ir-w625125434,adjacent,osm
ir-shariati-crossroad,ir-khajeh-rashid,adjacent,osm
ir-shariati-crossroad,ir-shariati-street,adjacent,osm
ir-shariati-crossroad,ir-w625126705,adjacent,osm
ir-shariati-crossroad,ir-w625127717,adjacent,osm
ir-shariati-crossroad,ir-ghaleh-therm,adjacent,osm
ir-w625042931,ir-pastor,adjacent,osm
ir-w625042931,ir-w625124636,adjacent,osm
ir-w625042931,ir-w625125434,adjacent,osm
ir-w625042931,ir-khajeh-rashid,adjacent,osm
ir-w625042931,ir-shariati-street,adjacent,osm
ir-w625042931,ir-w625126705,adjacent,osm
ir-w625042931,ir-w625127717,adjacent,osm
ir-w625042931,ir-ghaleh-therm,adjacent,osm
ir-chahar-rah-farhang,ir-shohada-2,adjacent,osm
ir-chahar-rah-farhang,ir-motahari-3,adjacent,osm
ir-chahar-rah-farhang,ir-r14723384,adjacent,osm
ir-chahar-rah-farhang,ir-shirkhargah,adjacent,osm
ir-meraj,ir-allame-majlesi,adjacent,osm
ir-meraj,ir-mojassameh,adjacent,osm
ir-meraj,ir-bagher-al-olum,adjacent,osm
ir-shahrak-daneshgah,ir-mojahed-2,adjacent,osm
ir-shahrak-daneshgah,ir-baharestan-7,adjacent,osm
ir-shahrak-daneshgah,ir-pardis-3,adjacent,osm
ir-shahrak-daneshgah,ir-farhang-shahr-2,adjacent,osm
ir-shahrak-daneshgah,ir-shahrak-razmandegan,adjacent,osm
ir-bualisina-tomb,ir-sizdah-khaneh,adjacent,osm
ir-bualisina-tomb,ir-w625119112,adjacent,osm
ir-bualisina-tomb,ir-pich-zendan,adjacent,osm
ir-bualisina-tomb,ir-w625121226,adjacent,osm
ir-bualisina-tomb,ir-w625046366,adjacent,osm
ir-bualisina-tomb,ir-golapa,adjacent,osm
ir-bualisina-tomb,ir-pastor,adjacent,osm
ir-bualisina-tomb,ir-w625124636,adjacent,osm
ir-bualisina-tomb,ir-w625125434,adjacent,osm
ir-bualisina-tomb,ir-khajeh-rashid,adjacent,osm
ir-bualisina-tomb,ir-w625132585,adjacent,osm
ir-bualisina-tomb,ir-w625131938,adjacent,osm
ir-bualisina-tomb,ir-takhti-street,adjacent,osm
ir-bualisina-tomb,ir-shariati-street,adjacent,osm
ir-bualisina-tomb,ir-w625126705,adjacent,osm
ir-w625044344,ir-sizdah-khaneh,adjacent,osm
ir-w625044344,ir-w625119112,adjacent,osm
ir-w625044344,ir-pich-zendan,adjacent,osm
ir-w625044344,ir-w625121226,adjacent,osm
ir-w625044344,ir-w625046366,adjacent,osm
ir-w625044344,ir-golapa,adjacent,osm
ir-w625044344,ir-pastor,adjacent,osm
ir-w625044344,ir-w625124636,adjacent,osm
ir-w625044344,ir-w625125434,adjacent,osm
ir-w625044344,ir-khajeh-rashid,adjacent,osm
ir-w625044344,ir-w625132585,adjacent,osm
ir-w625044344,ir-w625131938,adjacent,osm
ir-w625044344,ir-takhti-street,adjacent,osm
ir-w625044344,ir-shariati-street,adjacent,osm
ir-w625044344,ir-w625126705,adjacent,osm
ir-padegan,ir-shahrdari-intersection,adjacent,osm
ir-padegan,ir-hokm-abad,adjacent,osm
ir-padegan,ir-khayam,adjacent,osm
ir-padegan,ir-tohid-2,adjacent,osm
ir-padegan,ir-khayam-north,adjacent,osm
ir-padegan,ir-r20194327,adjacent,osm
ir-golapa,ir-sizdah-khaneh,adjacent,osm
ir-golapa,ir-w625119112,adjacent,osm
ir-w625046366,ir-sizdah-khaneh,adjacent,osm
ir-w625046366,ir-w625119112,adjacent,osm
ir-ferdosi,ir-azadi-square,adjacent,osm
ir-ferdosi,ir-booali,adjacent,osm
ir-ferdosi,ir-shahrdari-intersection,adjacent,osm
ir-ferdosi,ir-khayam-south,adjacent,osm
ir-ferdosi,ir-khayam,adjacent,osm
ir-ferdosi,ir-khayam-north,adjacent,osm
ir-bag-rezvan,ir-koshtargah-2,adjacent,osm
ir-bag-rezvan,ir-mojassameh,adjacent,osm
ir-bag-rezvan,ir-eslam-abad-5,adjacent,osm
ir-nabovat,ir-resalat-3,adjacent,osm
ir-nabovat,ir-koye-sadeghiye,adjacent,osm
ir-nabovat,ir-koye-rah-karbala,adjacent,osm
ir-nabovat,ir-bist-metri-shohada,adjacent,osm
ir-nabovat,ir-koye-polis,adjacent,osm
ir-nabovat,ir-koye-besat,adjacent,osm
ir-nabovat,ir-sepidar,adjacent,osm
ir-badeki,ir-eslam-abad-5,adjacent,osm
ir-booali,ir-azadi-square,adjacent,osm
ir-booali,ir-naderi,adjacent,osm
ir-booali,ir-khayam-south,adjacent,osm
ir-booali,ir-miremad,adjacent,osm
ir-faz-1-koy-artesh,ir-motahari-3,adjacent,osm
ir-faz-1-koy-artesh,ir-naser-khosro-2,adjacent,osm
ir-faz-1-koy-artesh,ir-faz-2-koy-artesh,adjacent,osm
ir-eslam-abad-5,ir-ostad-shahriar,adjacent,osm
ir-eslam-abad-5,ir-shekarchi,adjacent,osm
ir-eslam-abad-5,ir-koshtargah-2,adjacent,osm
ir-alvaj,ir-ostad-shahriar,adjacent,osm
ir-alvaj,ir-r15740141,adjacent,osm
ir-ostad-shahriar,ir-shekarchi,adjacent,osm
ir-ostad-shahriar,ir-koshtargah-2,adjacent,osm
ir-rahmatabad-bala,ir-seda-va-sima,adjacent,osm
ir-rahmatabad-bala,ir-rahmatabad-paeen,adjacent,osm
ir-rahmatabad-bala,ir-pasdaran-4,adjacent,osm
ir-rahmatabad-bala,ir-najaf-abad-2,adjacent,osm
ir-rasooli,ir-sarab-e-kushk,adjacent,osm
ir-moeenzadeh,ir-shahrak-ekbatan,adjacent,osm
ir-moeenzadeh,ir-r8687537,adjacent,osm
ir-moeenzadeh,ir-shahrak-elahiye,adjacent,osm
ir-moeenzadeh,ir-mojahed-2,adjacent,osm
ir-moeenzadeh,ir-baharestan-7,adjacent,osm
ir-koshtargah-2,ir-shekarchi,adjacent,osm
ir-koshtargah-2,ir-poorrashid,adjacent,osm
ir-koshtargah-2,ir-mojassameh,adjacent,osm
ir-shekarchi,ir-poorrashid,adjacent,osm
ir-east-beyhagh,ir-west-beyhagh,adjacent,osm
ir-naderi,ir-azadi-square,adjacent,osm
ir-naderi,ir-saadi,adjacent,osm
ir-naderi,ir-taleghani-4,adjacent,osm
ir-naderi,ir-miremad,adjacent,osm
ir-cheragh-bargh-2,ir-be-sat,adjacent,osm
ir-cheragh-bargh-2,ir-shahrake-be-sat,adjacent,osm
ir-cheragh-bargh-2,ir-ali-abad,adjacent,osm
ir-cheragh-bargh-2,ir-ebrahim-abad-2,adjacent,osm
ir-cheragh-bargh-2,ir-yaghoobieh,adjacent,osm
ir-cheragh-bargh-2,ir-bahar-abad,adjacent,osm
ir-cheragh-bargh-2,ir-pir-madar,adjacent,osm
ir-baharestan-7,ir-shahrak-elahiye,adjacent,osm
ir-baharestan-7,ir-mojahed-2,adjacent,osm
ir-baharestan-7,ir-gate-boostan,adjacent,osm
ir-baharestan-7,ir-golestan-6,adjacent,osm
ir-baharestan-7,ir-r21403067,adjacent,osm
ir-baharestan-7,ir-farhang-shahr-2,adjacent,osm
ir-kouye-zarafshan,ir-pump-bad,adjacent,osm
ir-kouye-zarafshan,ir-azarbayjan,adjacent,osm
ir-kouye-zarafshan,ir-atebba,adjacent,osm
ir-elahiyeh,ir-farhanghian,adjacent,osm
ir-elahiyeh,ir-ettehad,adjacent,osm
ir-elahiyeh,ir-maskan-mehr-3,adjacent,osm
ir-2000vahedi,ir-254dastgah,adjacent,osm
ir-zarandeh,ir-deh-hallaj,adjacent,osm
ir-zarandeh,ir-feyz-abad,adjacent,osm
ir-feyz-abad,ir-deh-hallaj,adjacent,osm
ir-pump-bad,ir-saman-sar,adjacent,osm
ir-pump-bad,ir-emam-zadeh,adjacent,osm
ir-pump-bad,ir-gaz,adjacent,osm
ir-pump-bad,ir-azarbayjan,adjacent,osm
ir-saman-sar,ir-jazireh,adjacent,osm
ir-saman-sar,ir-emam-zadeh,adjacent,osm
ir-saman-sar,ir-gaz,adjacent,osm
ir-enteghal-e-khoon,ir-r8682759,adjacent,osm
ir-enteghal-e-khoon,ir-najaf-abad-2,adjacent,osm
ir-enteghal-e-khoon,ir-safaeiye,adjacent,osm
ir-enteghal-e-khoon,ir-15-khordad,adjacent,osm
ir-enteghal-e-khoon,ir-mive-tare-bar-ghadim,adjacent,osm
ir-najaf-abad-2,ir-rahmatabad-paeen,adjacent,osm
ir-najaf-abad-2,ir-r8682759,adjacent,osm
ir-najaf-abad-2,ir-pasdaran-4,adjacent,osm
ir-najaf-abad-2,ir-mive-tare-bar-ghadim,adjacent,osm
ir-nobakht,ir-kuye-azadi,adjacent,osm
ir-nobakht,ir-golha-2,adjacent,osm
ir-nobakht,ir-motahhari-jonubi,adjacent,osm
ir-nobakht,ir-molaghati,adjacent,osm
ir-nobakht,ir-motahhari-shomali,adjacent,osm
ir-nobakht,ir-seyyedein,adjacent,osm
ir-golha-2,ir-kuye-alimohammadi,adjacent,osm
ir-golha-2,ir-kuye-azadi,adjacent,osm
ir-golha-2,ir-motahhari-jonubi,adjacent,osm
ir-golha-2,ir-molaghati,adjacent,osm
ir-rahmatabad-paeen,ir-seda-va-sima,adjacent,osm
ir-rahmatabad-paeen,ir-r8682759,adjacent,osm
ir-rahmatabad-paeen,ir-pasdaran-4,adjacent,osm
ir-resalat-3,ir-koye-sadeghiye,adjacent,osm
ir-resalat-3,ir-254dastgah,adjacent,osm
ir-resalat-3,ir-koye-besat,adjacent,osm
ir-resalat-3,ir-sepidar,adjacent,osm
ir-korramshahr,ir-valiasr-2,adjacent,osm
ir-korramshahr,ir-dokhanyat,adjacent,osm
ir-korramshahr,ir-ghasemiyeh,adjacent,osm
ir-korramshahr,ir-mazaheri,adjacent,osm
ir-korramshahr,ir-allame-majlesi,adjacent,osm
ir-korramshahr,ir-mojassameh,adjacent,osm
ir-site-kargahi,ir-shahrak-mahdieh-sayan,adjacent,osm
ir-site-kargahi,ir-iran-transfo,adjacent,osm
ir-site-kargahi,ir-punak,adjacent,osm
ir-site-kargahi,ir-shahrak-laleh,adjacent,osm
ir-farhang-shahr-2,ir-r21403067,adjacent,osm
ir-farhang-shahr-2,ir-shahrak-razmandegan,adjacent,osm
ir-farhang-shahr-2,ir-shahrake-tosee-neyshekar,adjacent,osm
ir-254dastgah,ir-koye-besat,adjacent,osm
ir-deh-hallaj,ir-shahrak,adjacent,osm
ir-shahrak,ir-karim-abad,adjacent,osm
ir-shahrak,ir-sarab-e-kushk,adjacent,osm
ir-r8682759,ir-mive-tare-bar-ghadim,adjacent,osm
ir-metropol,ir-shilat,adjacent,osm
ir-metropol,ir-emam-zadeh,adjacent,osm
ir-metropol,ir-azarbayjan,adjacent,osm
ir-metropol,ir-gomrok,adjacent,osm
ir-metropol,ir-atebba,adjacent,osm
ir-emam-zadeh,ir-jazireh,adjacent,osm
ir-emam-zadeh,ir-shilat,adjacent,osm
ir-emam-zadeh,ir-azarbayjan,adjacent,osm
ir-azarbayjan,ir-shilat,adjacent,osm
ir-azarbayjan,ir-atebba,adjacent,osm
ir-shilat,ir-jazireh,adjacent,osm
ir-shilat,ir-ghalam-godeh,adjacent,osm
ir-shilat,ir-mosala-2,adjacent,osm
ir-shilat,ir-gomrok,adjacent,osm
ir-sarab-e-kushk,ir-ranj-abad,adjacent,osm
ir-ranj-abad,ir-kalaghan,adjacent,osm
ir-ranj-abad,ir-dehnoo-khalese,adjacent,osm
ir-kalaghan,ir-dehnoo-khalese,adjacent,osm
ir-edalat-2,ir-pasdaran-4,adjacent,osm
ir-edalat-2,ir-riazi-yazdi,adjacent,osm
ir-edalat-2,ir-javad-al-aemeh,adjacent,osm
ir-edalat-2,ir-nabarvari,adjacent,osm
ir-edalat-2,ir-safaeiye,adjacent,osm
ir-nabarvari,ir-pasdaran-4,adjacent,osm
ir-nabarvari,ir-safaeiye,adjacent,osm
ir-farhanghian,ir-taavon,adjacent,osm
ir-farhanghian,ir-dehkhoda,adjacent,osm
ir-farhanghian,ir-ettehad,adjacent,osm
ir-barajin,ir-molasadra-mini-city-north,adjacent,osm
ir-abshenasan,ir-shahrak-parvaz-3,adjacent,osm
ir-abshenasan,ir-rudaki,adjacent,osm
ir-shahrak-parvaz-3,ir-rudaki,adjacent,osm
ir-shahrak-parvaz-3,ir-saadi-2,adjacent,osm
ir-rudaki,ir-saadi-2,adjacent,osm
ir-rudaki,ir-azadegan-2,adjacent,osm
ir-modares,ir-kuye-taleghani,adjacent,osm
ir-modares,ir-golshahr-shomali,adjacent,osm
ir-modares,ir-kuye-tabiat,adjacent,osm
ir-modares,ir-chenaran,adjacent,osm
ir-modares,ir-motahhari-jonubi,adjacent,osm
ir-modares,ir-enghelab-5,adjacent,osm
ir-foladshahr,ir-koye-bahonar,adjacent,osm
ir-foladshahr,ir-koye-isar,adjacent,osm
ir-foladshahr,ir-koye-karbon,adjacent,osm
ir-foladshahr,ir-mostaghelat,adjacent,osm
ir-foladshahr,ir-koye-polis,adjacent,osm
ir-shahrak-laleh,ir-punak,adjacent,osm
ir-shahrak-laleh,ir-shahrak-baharestan-2,adjacent,osm
ir-shahrak-laleh,ir-shahrak-e-manzariyeh,adjacent,osm
ir-saadi-2,ir-badiei,adjacent,osm
ir-saadi-2,ir-azadegan-2,adjacent,osm
ir-badiei,ir-azadegan-2,adjacent,osm
ir-badiei,ir-pol-e-qoyun,adjacent,osm
ir-taleghani-4,ir-bagh-dabir,adjacent,osm
ir-taleghani-4,ir-azadi-square,adjacent,osm
ir-taleghani-4,ir-shahrdari-intersection,adjacent,osm
ir-taleghani-4,ir-hokm-abad,adjacent,osm
ir-taleghani-4,ir-khayam-south,adjacent,osm
ir-koye-karbon,ir-koye-shahrvand,adjacent,osm
ir-koye-karbon,ir-koye-bahonar,adjacent,osm
ir-koye-karbon,ir-koye-isar,adjacent,osm
ir-koye-karbon,ir-koye-tarabari,adjacent,osm
ir-koye-karbon,ir-koye-polis,adjacent,osm
ir-azadi-square,ir-khayam-south,adjacent,osm
ir-shahrak-e-shahriyar,ir-shahrak-e-ansariyeh,adjacent,osm
ir-shahrak-e-shahriyar,ir-shahrak-baharestan-2,adjacent,osm
ir-shahrak-e-shahriyar,ir-shahrak-e-manzariyeh,adjacent,osm
ir-shahrak-e-shahriyar,ir-shahrak-andisheh,adjacent,osm
ir-shahrak-e-shahriyar,ir-shahrak-e-valiyeasr,adjacent,osm
ir-darvaze-meshgin,ir-gariban,adjacent,osm
ir-darvaze-meshgin,ir-mansoorieh,adjacent,osm
ir-darvaze-meshgin,ir-ghiam-2,adjacent,osm
ir-darvaze-meshgin,ir-khatam-al-nabiyin,adjacent,osm
ir-darvaze-meshgin,ir-r20200211,adjacent,osm
ir-darvaze-meshgin,ir-jahad-5,adjacent,osm
ir-darvaze-meshgin,ir-resalat-4,adjacent,osm
ir-darvaze-meshgin,ir-vahdat,adjacent,osm
ir-shahrak-andishe-2,ir-faraz,adjacent,osm
ir-shahrak-andishe-2,ir-seda-va-sima,adjacent,osm
ir-shahrak-andishe-2,ir-mehravaran,adjacent,osm
ir-shahrak-andishe-2,ir-farhang-5,adjacent,osm
ir-shahrak-andishe-2,ir-ebne-sina,adjacent,osm
ir-shahrak-andishe-2,ir-dakhme,adjacent,osm
ir-shahrdari-intersection,ir-bagh-dabir,adjacent,osm
ir-shahrdari-intersection,ir-hokm-abad,adjacent,osm
ir-shahrdari-intersection,ir-khayam-south,adjacent,osm
ir-shahrdari-intersection,ir-khayam,adjacent,osm
ir-khayam-south,ir-khayam,adjacent,osm
ir-gonbad-sabz,ir-panjrah,adjacent,osm
ir-ettehad,ir-taavon,adjacent,osm
ir-ettehad,ir-dehkhoda,adjacent,osm
ir-ettehad,ir-modiran,adjacent,osm
ir-ettehad,ir-maskan-mehr-3,adjacent,osm
ir-ettehad,ir-mehr-modiran,adjacent,osm
ir-sabzeh-mashhad,ir-mieydan-abbasali,adjacent,osm
ir-sabzeh-mashhad,ir-darbeno,adjacent,osm
ir-sabzeh-mashhad,ir-mirkarim,adjacent,osm
ir-sabzeh-mashhad,ir-nalbandan,adjacent,osm
ir-sabzeh-mashhad,ir-sarpir-va-dabaghan,adjacent,osm
ir-sabzeh-mashhad,ir-koy-shahrvand,adjacent,osm
ir-sabzeh-mashhad,ir-kuye-javadieh,adjacent,osm
ir-maskan-mehr-3,ir-mehr-modiran,adjacent,osm
ir-shariati-4,ir-shaheed-jafari-street,adjacent,osm
ir-shariati-4,ir-bonyad-shahid,adjacent,osm
ir-panjrah,ir-meidun-bar,adjacent,osm
ir-panjrah,ir-edalat,adjacent,osm
ir-edalat,ir-khate-kashmar,adjacent,osm
ir-edalat,ir-meidun-bar,adjacent,osm
ir-shahrak-e-valiyeasr,ir-shahrak-e-ansariyeh,adjacent,osm
ir-shahrak-e-valiyeasr,ir-shahrak-baharestan-2,adjacent,osm
ir-shahrak-e-valiyeasr,ir-kooy-e-zafaraniyeh,adjacent,osm
ir-shahrak-e-valiyeasr,ir-kooy-e-qaem,adjacent,osm
ir-shaheed-jafari-street,ir-khate-kashmar,adjacent,osm
ir-meidun-bar,ir-khate-kashmar,adjacent,osm
ir-naser-khosro-2,ir-motahari-3,adjacent,osm
ir-naser-khosro-2,ir-shirkhargah,adjacent,osm
ir-naser-khosro-2,ir-faz-2-koy-artesh,adjacent,osm
ir-naser-khosro-2,ir-qiu,adjacent,osm
ir-naser-khosro-2,ir-bolvar-pazhohande,adjacent,osm
ir-rahmat-abad-2,ir-khate-kashmar,adjacent,osm
ir-enghelab-5,ir-chenaran,adjacent,osm
ir-enghelab-5,ir-motahhari-jonubi,adjacent,osm
ir-enghelab-5,ir-shahrak-emam,adjacent,osm
ir-enghelab-5,ir-motahhari-shomali,adjacent,osm
ir-enghelab-5,ir-kuye-sajadieh,adjacent,osm
ir-bonyad-shahid,ir-karim-abad,adjacent,osm
ir-shirkhargah,ir-motahari-3,adjacent,osm
ir-shirkhargah,ir-r14723384,adjacent,osm
ir-shirkhargah,ir-qiu,adjacent,osm
ir-kooy-e-zafaraniyeh,ir-shahrak-e-ansariyeh,adjacent,osm
ir-kooy-e-zafaraniyeh,ir-bisim-jomhoori,adjacent,osm
ir-kooy-e-zafaraniyeh,ir-kooy-e-qaem,adjacent,osm
ir-danesh,ir-kashani,adjacent,osm
ir-danesh,ir-falake-khayyam,adjacent,osm
ir-danesh,ir-emam,adjacent,osm
ir-danesh,ir-bakeri,adjacent,osm
ir-falake-khayyam,ir-kashani,adjacent,osm
ir-falake-khayyam,ir-jahad,adjacent,osm
ir-falake-khayyam,ir-bakeri,adjacent,osm
ir-mieydan-abbasali,ir-iranmehr-paeen,adjacent,osm
ir-mieydan-abbasali,ir-sarkhaje,adjacent,osm
ir-mieydan-abbasali,ir-shahzade-ghasem,adjacent,osm
ir-mieydan-abbasali,ir-kuye-daneshsara,adjacent,osm
ir-mieydan-abbasali,ir-darbeno,adjacent,osm
ir-mieydan-abbasali,ir-mirkarim,adjacent,osm
ir-shahzade-ghasem,ir-bagh-palang,adjacent,osm
ir-shahzade-ghasem,ir-iranmehr-paeen,adjacent,osm
ir-shahzade-ghasem,ir-sarkhaje,adjacent,osm
ir-shahzade-ghasem,ir-kuye-daneshsara,adjacent,osm
ir-shahzade-ghasem,ir-darbeno,adjacent,osm
ir-shahzade-ghasem,ir-mirkarim,adjacent,osm
ir-saheli-parvaz,ir-maafi,adjacent,osm
ir-tarzilu,ir-shahrak-valiasr-2,adjacent,osm
ir-tarzilu,ir-moallem-2,adjacent,osm
ir-tarzilu,ir-shahrak-farhanghian,adjacent,osm
ir-mehrvila-north,ir-mehrvila-south,adjacent,osm
ir-mehrvila-north,ir-vali-asr-town-2,adjacent,osm
ir-mehrvila-north,ir-chaharsad-dastgah-2,adjacent,osm
ir-mehrvila-north,ir-golshahr-vila,adjacent,osm
ir-mehrvila-north,ir-dehghan-vila,adjacent,osm
ir-mehrvila-north,ir-koy-karmandan-south,adjacent,osm
ir-ahandoost,ir-dizaj-siyavosh,adjacent,osm
ir-ahandoost,ir-daneshkadeh,adjacent,osm
ir-ahandoost,ir-hassani,adjacent,osm
ir-ahandoost,ir-soltani,adjacent,osm
ir-chalebagh,ir-cheshmandaz,adjacent,osm
ir-chalebagh,ir-emam-reza-2,adjacent,osm
ir-chalebagh,ir-shalikubi,adjacent,osm
ir-chalebagh,ir-kuye-takhti,adjacent,osm
ir-chalebagh,ir-5-azar-2,adjacent,osm
ir-dizaj-siyavosh,ir-daneshkadeh,adjacent,osm
ir-dizaj-siyavosh,ir-hassani,adjacent,osm
ir-fadak,ir-daneshkadeh,adjacent,osm
ir-vali-asr-town-2,ir-mehrvila-south,adjacent,osm
ir-vali-asr-town-2,ir-dolat-abad-3,adjacent,osm
ir-vali-asr-town-2,ir-chaharsad-dastgah-2,adjacent,osm
ir-iranmehr-paeen,ir-emam-reza-2,adjacent,osm
ir-iranmehr-paeen,ir-kuye-shariati,adjacent,osm
ir-iranmehr-paeen,ir-iranmehr-bala,adjacent,osm
ir-iranmehr-paeen,ir-bagh-palang,adjacent,osm
ir-iranmehr-paeen,ir-alghadir,adjacent,osm
ir-iranmehr-paeen,ir-ghale-khandan,adjacent,osm
ir-iranmehr-paeen,ir-kuye-daneshsara,adjacent,osm
ir-iranmehr-paeen,ir-mirkarim,adjacent,osm
ir-mehr-modiran,ir-dehkhoda,adjacent,osm
ir-mehr-modiran,ir-modiran,adjacent,osm
ir-modiran,ir-taavon,adjacent,osm
ir-modiran,ir-golestan-5,adjacent,osm
ir-modiran,ir-dehkhoda,adjacent,osm
ir-r20193556,ir-daneshkadeh,adjacent,osm
ir-r20193556,ir-hassani,adjacent,osm
ir-r20193556,ir-mokhaberat,adjacent,osm
ir-r20193556,ir-emam2,adjacent,osm
ir-hassani,ir-daneshkadeh,adjacent,osm
ir-hassani,ir-varzesh,adjacent,osm
ir-hassani,ir-mokhaberat,adjacent,osm
ir-hassani,ir-soltani,adjacent,osm
ir-varzesh,ir-mokhaberat,adjacent,osm
ir-varzesh,ir-soltani,adjacent,osm
ir-varzesh,ir-bargh,adjacent,osm
ir-ghale-khandan,ir-alghadir,adjacent,osm
ir-ghale-khandan,ir-koy-behzisti,adjacent,osm
ir-ghale-khandan,ir-kuye-daneshsara,adjacent,osm
ir-ghale-khandan,ir-chob-bori-eghtesad,adjacent,osm
ir-ghale-khandan,ir-kuye-keshavarz,adjacent,osm
ir-ghale-khandan,ir-kuye-afsaran,adjacent,osm
ir-dehkhoda,ir-taavon,adjacent,osm
ir-taavon,ir-golestan-5,adjacent,osm
ir-jomhori,ir-enghelab-3,adjacent,osm
ir-jomhori,ir-rezvan,adjacent,osm
ir-jomhori,ir-golestan-5,adjacent,osm
ir-gorgan-pars,ir-zibashahr,adjacent,osm
ir-gorgan-pars,ir-esterabadi,adjacent,osm
ir-gorgan-pars,ir-cheshmandaz,adjacent,osm
ir-gorgan-pars,ir-kuye-alimohammadi,adjacent,osm
ir-gorgan-pars,ir-shalikubi,adjacent,osm
ir-gorgan-pars,ir-kuye-azadi,adjacent,osm
ir-aloche-bagh-shirkosh,ir-shalikubi,adjacent,osm
ir-aloche-bagh-shirkosh,ir-5-azar-2,adjacent,osm
ir-aloche-bagh-shirkosh,ir-sarkhaje,adjacent,osm
ir-aloche-bagh-shirkosh,ir-bu-ali,adjacent,osm
ir-aloche-bagh-shirkosh,ir-darbeno,adjacent,osm
ir-aloche-bagh-shirkosh,ir-nalbandan,adjacent,osm
ir-sizdah-khaneh,ir-pich-zendan,adjacent,osm
ir-sizdah-khaneh,ir-w625121226,adjacent,osm
ir-w625119112,ir-pich-zendan,adjacent,osm
ir-w625119112,ir-w625121226,adjacent,osm
ir-rezvan,ir-enghelab-3,adjacent,osm
ir-pich-zendan,ir-pastor,adjacent,osm
ir-pich-zendan,ir-w625124636,adjacent,osm
ir-w625121226,ir-pastor,adjacent,osm
ir-w625121226,ir-w625124636,adjacent,osm
ir-pastor,ir-w625125434,adjacent,osm
ir-pastor,ir-khajeh-rashid,adjacent,osm
ir-w625124636,ir-w625125434,adjacent,osm
ir-w625124636,ir-khajeh-rashid,adjacent,osm
ir-khajeh-rashid,ir-shariati-street,adjacent,osm
ir-khajeh-rashid,ir-w625126705,adjacent,osm
ir-w625125434,ir-shariati-street,adjacent,osm
ir-w625125434,ir-w625126705,adjacent,osm
ir-golestan-5,ir-pamchal,adjacent,osm
ir-shariati-street,ir-w625132585,adjacent,osm
ir-shariati-street,ir-w625131938,adjacent,osm
ir-shariati-street,ir-takhti-street,adjacent,osm
ir-shariati-street,ir-w625127717,adjacent,osm
ir-shariati-street,ir-ghaleh-therm,adjacent,osm
ir-shariati-street,ir-shohada-street,adjacent,osm
ir-shariati-street,ir-w625131434,adjacent,osm
ir-shariati-street,ir-w625128847,adjacent,osm
ir-shariati-street,ir-babataher-street,adjacent,osm
ir-shariati-street,ir-w625129379,adjacent,osm
ir-shariati-street,ir-ekbatan-street,adjacent,osm
ir-w625126705,ir-w625132585,adjacent,osm
ir-w625126705,ir-w625131938,adjacent,osm
ir-w625126705,ir-takhti-street,adjacent,osm
ir-w625126705,ir-w625127717,adjacent,osm
ir-w625126705,ir-ghaleh-therm,adjacent,osm
ir-w625126705,ir-shohada-street,adjacent,osm
ir-w625126705,ir-w625131434,adjacent,osm
ir-w625126705,ir-w625128847,adjacent,osm
ir-w625126705,ir-babataher-street,adjacent,osm
ir-w625126705,ir-w625129379,adjacent,osm
ir-w625126705,ir-ekbatan-street,adjacent,osm
ir-ghaleh-therm,ir-w625128847,adjacent,osm
ir-ghaleh-therm,ir-babataher-street,adjacent,osm
ir-w625127717,ir-w625128847,adjacent,osm
ir-w625127717,ir-babataher-street,adjacent,osm
ir-babataher-street,ir-w625132585,adjacent,osm
ir-babataher-street,ir-w625131938,adjacent,osm
ir-babataher-street,ir-takhti-street,adjacent,osm
ir-babataher-street,ir-shohada-street,adjacent,osm
ir-babataher-street,ir-w625131434,adjacent,osm
ir-babataher-street,ir-w625129379,adjacent,osm
ir-babataher-street,ir-ekbatan-street,adjacent,osm
ir-w625128847,ir-w625132585,adjacent,osm
ir-w625128847,ir-w625131938,adjacent,osm
ir-w625128847,ir-takhti-street,adjacent,osm
ir-w625128847,ir-shohada-street,adjacent,osm
ir-w625128847,ir-w625131434,adjacent,osm
ir-w625128847,ir-w625129379,adjacent,osm
ir-w625128847,ir-ekbatan-street,adjacent,osm
ir-ekbatan-street,ir-w625132585,adjacent,osm
ir-ekbatan-street,ir-w625131938,adjacent,osm
ir-ekbatan-street,ir-takhti-street,adjacent,osm
ir-ekbatan-street,ir-shohada-street,adjacent,osm
ir-ekbatan-street,ir-w625131434,adjacent,osm
ir-w625129379,ir-w625132585,adjacent,osm
ir-w625129379,ir-w625131938,adjacent,osm
ir-w625129379,ir-takhti-street,adjacent,osm
ir-w625129379,ir-shohada-street,adjacent,osm
ir-w625129379,ir-w625131434,adjacent,osm
ir-shohada-street,ir-w625132585,adjacent,osm
ir-shohada-street,ir-w625131938,adjacent,osm
ir-shohada-street,ir-takhti-street,adjacent,osm
ir-w625131434,ir-w625132585,adjacent,osm
ir-w625131434,ir-w625131938,adjacent,osm
ir-w625131434,ir-takhti-street,adjacent,osm
ir-takhti-street,ir-w625132585,adjacent,osm
ir-w625131938,ir-w625132585,adjacent,osm
ir-kuye-daneshsara,ir-alghadir,adjacent,osm
ir-kuye-daneshsara,ir-mirkarim,adjacent,osm
ir-kuye-daneshsara,ir-koy-tahmasbi,adjacent,osm
ir-kuye-daneshsara,ir-chob-bori-eghtesad,adjacent,osm
ir-kuye-daneshsara,ir-kuye-keshavarz,adjacent,osm
ir-kuye-daneshsara,ir-kuye-afsaran,adjacent,osm
ir-koy-bostan,ir-dareh-garm,adjacent,osm
ir-koy-bostan,ir-koy-abshar,adjacent,osm
ir-koy-karmandan-south,ir-chaharsad-dastgah-2,adjacent,osm
ir-koy-karmandan-south,ir-golshahr-vila,adjacent,osm
ir-koy-karmandan-south,ir-dehghan-vila,adjacent,osm
ir-koy-karmandan-south,ir-jahanshar,adjacent,osm
ir-koy-karmandan-south,ir-koy-karmandan-north,adjacent,osm
ir-heydareh-road,ir-heydareh,adjacent,osm
ir-heydareh-road,ir-w625149809,adjacent,osm
ir-w625147273,ir-heydareh,adjacent,osm
ir-w625147273,ir-w625149809,adjacent,osm
ir-heydareh,ir-maryanaj,adjacent,osm
ir-w625149809,ir-maryanaj,adjacent,osm
ir-bolvar-pazhohande,ir-faz-2-koy-artesh,adjacent,osm
ir-bolvar-pazhohande,ir-qiu,adjacent,osm
ir-farhang-5,ir-seda-va-sima,adjacent,osm
ir-farhang-5,ir-mehravaran,adjacent,osm
ir-farhang-5,ir-ebne-sina,adjacent,osm
ir-farhang-5,ir-isar,adjacent,osm
ir-farhang-5,ir-teravat,adjacent,osm
ir-farhang-5,ir-dakhme,adjacent,osm
ir-farhang-5,ir-golestan,adjacent,osm
ir-pamchal,ir-janbazan,adjacent,osm
ir-mehravaran,ir-teravat,adjacent,osm
ir-mehravaran,ir-dakhme,adjacent,osm
ir-koye-besat,ir-sepidar,adjacent,osm
ir-amaniye,ir-daneshgah-chamran,adjacent,osm
ir-amaniye,ir-r8682974,adjacent,osm
ir-amaniye,ir-kampolo-jonoubi,adjacent,osm
ir-amaniye,ir-kampolo-shomali,adjacent,osm
ir-amaniye,ir-kiyanpars,adjacent,osm
ir-r8682974,ir-daneshgah-chamran,adjacent,osm
ir-r8682974,ir-shahrake-tosee-neyshekar,adjacent,osm
ir-r8682974,ir-kampolo-jonoubi,adjacent,osm
ir-nima,ir-kashef-al-saltane,adjacent,osm
ir-nima,ir-rajaee,adjacent,osm
ir-nima,ir-shishe-garan,adjacent,osm
ir-nima,ir-estakhre-lahijan,adjacent,osm
ir-ghasemiyeh,ir-mazaheri,adjacent,osm
ir-ghasemiyeh,ir-allame-majlesi,adjacent,osm
ir-allame-majlesi,ir-valiasr-2,adjacent,osm
ir-allame-majlesi,ir-mazaheri,adjacent,osm
ir-allame-majlesi,ir-bagher-al-olum,adjacent,osm
ir-bagher-al-olum,ir-mazaheri,adjacent,osm
ir-bagher-al-olum,ir-mojassameh,adjacent,osm
ir-mazaheri,ir-mojassameh,adjacent,osm
ir-pasdaran-4,ir-seda-va-sima,adjacent,osm
ir-pasdaran-4,ir-ebne-sina,adjacent,osm
ir-pasdaran-4,ir-riazi-yazdi,adjacent,osm
ir-riazi-yazdi,ir-ebne-sina,adjacent,osm
ir-riazi-yazdi,ir-isar,adjacent,osm
ir-riazi-yazdi,ir-javad-al-aemeh,adjacent,osm
ir-ebne-sina,ir-seda-va-sima,adjacent,osm
ir-ebne-sina,ir-isar,adjacent,osm
ir-golshahr-2,ir-minagol,adjacent,osm
ir-golshahr-2,ir-ghale-hasan,adjacent,osm
ir-golshahr-2,ir-kuye-mehregan,adjacent,osm
ir-golshahr-2,ir-zibashahr,adjacent,osm
ir-golshahr-2,ir-esterabadi,adjacent,osm
ir-golshahr-2,ir-golshahr-shomali,adjacent,osm
ir-golshahr-2,ir-kuye-alimohammadi,adjacent,osm
ir-dokhanyat,ir-chahar-bakhsh,adjacent,osm
ir-dokhanyat,ir-valiasr-2,adjacent,osm
ir-dokhanyat,ir-mojassameh,adjacent,osm
ir-kooy-e-qaem,ir-bisim-jomhoori,adjacent,osm
ir-kooy-e-qaem,ir-kooche-meshki,adjacent,osm
ir-etemadiyeh,ir-moghadam-3,adjacent,osm
ir-etemadiyeh,ir-shahrak-e-vahidiye,adjacent,osm
ir-etemadiyeh,ir-shahid-beheshti,adjacent,osm
ir-etemadiyeh,ir-shahrak-e-ansariyeh,adjacent,osm
ir-etemadiyeh,ir-bisim-jomhoori,adjacent,osm
ir-shahrak-ekbatan,ir-r8687537,adjacent,osm
ir-shahrak-ekbatan,ir-r8687975,adjacent,osm
ir-shahrak-ekbatan,ir-shahrak-elahiye,adjacent,osm
ir-shahrak-ekbatan,ir-shahrak-bargh-2,adjacent,osm
ir-isar,ir-teravat,adjacent,osm
ir-isar,ir-golestan,adjacent,osm
ir-isar,ir-javad-al-aemeh,adjacent,osm
ir-ahmad-khomeiny-town,ir-lakan-shahr,adjacent,osm
ir-ahmad-khomeiny-town,ir-shahrake-sanati-sepidrood,adjacent,osm
ir-ahmad-khomeiny-town,ir-gill,adjacent,osm
ir-ahmad-khomeiny-town,ir-maskan-mehr-4,adjacent,osm
ir-ahmad-khomeiny-town,ir-pasgah-lakan,adjacent,osm
ir-maskan-mehr-4,ir-shahrake-sanati-sepidrood,adjacent,osm
ir-maskan-mehr-4,ir-pool-taleshan,adjacent,osm
ir-maskan-mehr-4,ir-gill,adjacent,osm
ir-maskan-mehr-4,ir-pasgah-lakan,adjacent,osm
ir-shahrak-rezvaniye,ir-kamal-shahr,adjacent,osm
ir-shahrak-elahiye,ir-r8687537,adjacent,osm
ir-shahrak-elahiye,ir-r8687975,adjacent,osm
ir-shahrak-elahiye,ir-shahrak-bargh-2,adjacent,osm
ir-shahrak-elahiye,ir-gate-boostan,adjacent,osm
ir-teravat,ir-dakhme,adjacent,osm
ir-teravat,ir-golestan,adjacent,osm
ir-teravat,ir-r8687942,adjacent,osm
ir-shahrak-e-ansariyeh,ir-shahrak-e-vahidiye,adjacent,osm
ir-shahrak-e-ansariyeh,ir-shahrak-baharestan-2,adjacent,osm
ir-shahrak-e-ansariyeh,ir-bisim-jomhoori,adjacent,osm
ir-zhandarmeri,ir-stadium,adjacent,osm
ir-zhandarmeri,ir-nirouye-daryayi,adjacent,osm
ir-zhandarmeri,ir-nasiunal,adjacent,osm
ir-kooye-alavi,ir-shahrak-razmandegan,adjacent,osm
ir-kooye-alavi,ir-shahrake-tosee-neyshekar,adjacent,osm
ir-kooye-alavi,ir-koye-mandali,adjacent,osm
ir-kooye-alavi,ir-kampolo-jonoubi,adjacent,osm
ir-javad-al-aemeh,ir-golestan,adjacent,osm
ir-javad-al-aemeh,ir-r8687942,adjacent,osm
ir-javad-al-aemeh,ir-safaeiye,adjacent,osm
ir-golestan,ir-dakhme,adjacent,osm
ir-golestan,ir-r8687942,adjacent,osm
ir-mokhaberat,ir-emam2,adjacent,osm
ir-mokhaberat,ir-artesh,adjacent,osm
ir-mokhaberat,ir-bargh,adjacent,osm
ir-mokhaberat,ir-havashenasi,adjacent,osm
ir-koye-tarabari,ir-faze-do-padadshahr,adjacent,osm
ir-koye-tarabari,ir-koye-shahrvand,adjacent,osm
ir-koye-tarabari,ir-koye-isar,adjacent,osm
ir-koye-tarabari,ir-kooye-janbazan,adjacent,osm
ir-koye-tarabari,ir-koye-polis,adjacent,osm
ir-nasiunal,ir-stadium,adjacent,osm
ir-nasiunal,ir-nirouye-daryayi,adjacent,osm
ir-nasiunal,ir-kouye-vahedi,adjacent,osm
ir-nasiunal,ir-shanbeh-bazar,adjacent,osm
ir-gill,ir-emam-ali,adjacent,osm
ir-gill,ir-pasgah-lakan,adjacent,osm
ir-gill,ir-jade-sangar,adjacent,osm
ir-koye-shahrvand,ir-faze-do-padadshahr,adjacent,osm
ir-koye-shahrvand,ir-koye-isar,adjacent,osm
ir-modarres,ir-ershad,adjacent,osm
ir-modarres,ir-dare-chayi,adjacent,osm
ir-modarres,ir-ammar,adjacent,osm
ir-modarres,ir-9-pelleh,adjacent,osm
ir-modarres,ir-saeb-tabrizi,adjacent,osm
ir-shahrak-bargh-2,ir-r8687975,adjacent,osm
ir-shahrak-bargh-2,ir-gate-boostan,adjacent,osm
ir-shahrak-bargh-2,ir-golestan-6,adjacent,osm
ir-jade-sangar,ir-emam-ali,adjacent,osm
ir-jade-sangar,ir-chahar-rah-kanal,adjacent,osm
ir-stadium,ir-ghalam-godeh,adjacent,osm
ir-stadium,ir-miyan-poshteh,adjacent,osm
ir-stadium,ir-mosala-2,adjacent,osm
ir-stadium,ir-nirouye-daryayi,adjacent,osm
ir-stadium,ir-kouye-vahedi,adjacent,osm
ir-gate-boostan,ir-golestan-6,adjacent,osm
ir-gate-boostan,ir-r21403067,adjacent,osm
ir-bist-metri-shohada,ir-koye-bahonar,adjacent,osm
ir-bist-metri-shohada,ir-koye-rah-karbala,adjacent,osm
ir-bist-metri-shohada,ir-mostaghelat,adjacent,osm
ir-bist-metri-shohada,ir-koye-polis,adjacent,osm
ir-bist-metri-shohada,ir-sepidar,adjacent,osm
ir-koye-rah-karbala,ir-koye-bahonar,adjacent,osm
ir-koye-rah-karbala,ir-mostaghelat,adjacent,osm
ir-artesh,ir-emam2,adjacent,osm
ir-artesh,ir-havashenasi,adjacent,osm
ir-artesh,ir-amini,adjacent,osm
ir-artesh,ir-dare-chayi,adjacent,osm
ir-r8687942,ir-dakhme,adjacent,osm
ir-r8687942,ir-daneshgah-oloom-pezeshki,adjacent,osm
ir-r8687942,ir-safaeiye,adjacent,osm
ir-miyan-poshteh,ir-pil-ali-bagh,adjacent,osm
ir-miyan-poshteh,ir-ghalam-godeh,adjacent,osm
ir-miyan-poshteh,ir-mosala-2,adjacent,osm
ir-miyan-poshteh,ir-kouye-vahedi,adjacent,osm
ir-kheyrabad-2,ir-poshte-varzeshgah,adjacent,osm
ir-kheyrabad-2,ir-azad-shahr-2,adjacent,osm
ir-9-pelleh,ir-dare-chayi,adjacent,osm
ir-9-pelleh,ir-hafez-1,adjacent,osm
ir-9-pelleh,ir-asgar-khan,adjacent,osm
ir-9-pelleh,ir-kasra,adjacent,osm
ir-9-pelleh,ir-saeb-tabrizi,adjacent,osm
ir-kasra,ir-asgar-khan,adjacent,osm
ir-kasra,ir-baharestan,adjacent,osm
ir-kasra,ir-saeb-tabrizi,adjacent,osm
ir-kasra,ir-homafar,adjacent,osm
ir-kasra,ir-chahar-bakhsh,adjacent,osm
ir-khayyam-shomali,ir-emam,adjacent,osm
ir-khayyam-shomali,ir-amini,adjacent,osm
ir-khayyam-shomali,ir-golusti,adjacent,osm
ir-khayyam-shomali,ir-hafez-1,adjacent,osm
ir-golusti,ir-emam,adjacent,osm
ir-golusti,ir-hafez-1,adjacent,osm
ir-golusti,ir-ataei,adjacent,osm
ir-golusti,ir-sahiyyeh,adjacent,osm
ir-golusti,ir-asgar-khan,adjacent,osm
ir-hafez-1,ir-amini,adjacent,osm
ir-hafez-1,ir-dare-chayi,adjacent,osm
ir-hafez-1,ir-asgar-khan,adjacent,osm
ir-dakhme,ir-daneshgah-oloom-pezeshki,adjacent,osm
ir-shahrak-e-qods,ir-sadi-shomali,adjacent,osm
ir-shahrak-e-qods,ir-kooche-meshki,adjacent,osm
ir-shahrak-e-qods,ir-arazi-artesh,adjacent,osm
ir-kooche-meshki,ir-bisim-jomhoori,adjacent,osm
ir-kooche-meshki,ir-safa,adjacent,osm
ir-kooche-meshki,ir-sadi-shomali,adjacent,osm
ir-r8687975,ir-golestan-6,adjacent,osm
ir-pasikhan,ir-serah-khavar,adjacent,osm
ir-razmandegan-2,ir-daneshgah-oloom-pezeshki,adjacent,osm
ir-razmandegan-2,ir-poshte-varzeshgah,adjacent,osm
ir-kouye-vahedi,ir-pil-ali-bagh,adjacent,osm
ir-kouye-vahedi,ir-shanbeh-bazar,adjacent,osm
ir-kouye-vahedi,ir-shakoucheh,adjacent,osm
ir-kouye-vahedi,ir-norouzi,adjacent,osm
ir-ershad,ir-bargh,adjacent,osm
ir-ershad,ir-havashenasi,adjacent,osm
ir-ershad,ir-dare-chayi,adjacent,osm
ir-ershad,ir-ammar,adjacent,osm
ir-koye-polis,ir-mostaghelat,adjacent,osm
ir-koye-polis,ir-kooye-janbazan,adjacent,osm
ir-koye-polis,ir-sepidar,adjacent,osm
ir-koye-polis,ir-koye-ramazan,adjacent,osm
ir-kooye-janbazan,ir-faze-do-padadshahr,adjacent,osm
ir-kooye-janbazan,ir-faze-yek-padadshahr,adjacent,osm
ir-kooye-janbazan,ir-padadshahr,adjacent,osm
ir-ameri,ir-baghe-sheykh,adjacent,osm
ir-ameri,ir-khiaban-30-metri,adjacent,osm
ir-ameri,ir-khiaban-24-metri,adjacent,osm
ir-ameri,ir-sekheyriye,adjacent,osm
ir-ameri,ir-newsite,adjacent,osm
ir-moghadam-3,ir-kuy-vahdat,adjacent,osm
ir-moghadam-3,ir-rah-ahan-4,adjacent,osm
ir-moghadam-3,ir-honarestan-2,adjacent,osm
ir-moghadam-3,ir-shahrak-e-vahidiye,adjacent,osm
ir-moghadam-3,ir-shahid-beheshti,adjacent,osm
ir-gavemish-abad-kot-abdolah,ir-shareati-yek-kot-abdolah,adjacent,osm
ir-gavemish-abad-kot-abdolah,ir-kote-abdolah,adjacent,osm
ir-qiu,ir-r14723384,adjacent,osm
ir-qiu,ir-koy-jahadgaran,adjacent,osm
ir-qiu,ir-dareh-garm,adjacent,osm
ir-koy-jahadgaran,ir-r14723384,adjacent,osm
ir-koy-jahadgaran,ir-falakodin,adjacent,osm
ir-koy-jahadgaran,ir-dareh-garm,adjacent,osm
ir-agha-gabre,ir-darvaze-mahabad,adjacent,osm
ir-agha-gabre,ir-shor-shora,adjacent,osm
ir-agha-gabre,ir-samadzadeh,adjacent,osm
ir-agha-gabre,ir-zanjir,adjacent,osm
ir-darvaze-mahabad,ir-maafi,adjacent,osm
ir-darvaze-mahabad,ir-bakeri,adjacent,osm
ir-darvaze-mahabad,ir-shor-shora,adjacent,osm
ir-darvaze-mahabad,ir-samadzadeh,adjacent,osm
ir-farzane,ir-koye-emamreza,adjacent,osm
ir-farzane,ir-koye-erfan,adjacent,osm
ir-farzane,ir-kooyakh,adjacent,osm
ir-meydan,ir-shanbeh-bazar,adjacent,osm
ir-meydan,ir-shahr-dari,adjacent,osm
ir-meydan,ir-sorkhi,adjacent,osm
ir-meydan,ir-golesorkh,adjacent,osm
ir-meydan,ir-sepah,adjacent,osm
ir-meydan,ir-see-metre,adjacent,osm
ir-saeb-tabrizi,ir-homafar,adjacent,osm
ir-saeb-tabrizi,ir-chahar-bakhsh,adjacent,osm
ir-shor-shora,ir-bakeri,adjacent,osm
ir-shor-shora,ir-azam-mosque,adjacent,osm
ir-shor-shora,ir-markaz-bazar,adjacent,osm
ir-shor-shora,ir-zanjir,adjacent,osm
ir-kote-seyed-saleh,ir-hadi-abad-kote-abdolah,adjacent,osm
ir-kote-seyed-saleh,ir-jangiye,adjacent,osm
ir-kote-seyed-saleh,ir-kote-abdolah,adjacent,osm
ir-golesorkh,ir-sorkhi,adjacent,osm
ir-golesorkh,ir-kouhestani,adjacent,osm
ir-golesorkh,ir-sepah,adjacent,osm
ir-fozalla,ir-azadegan-2,adjacent,osm
ir-azam-mosque,ir-emam,adjacent,osm
ir-azam-mosque,ir-bakeri,adjacent,osm
ir-azam-mosque,ir-ataei,adjacent,osm
ir-azam-mosque,ir-markaz-bazar,adjacent,osm
ir-sorkhi,ir-shanbeh-bazar,adjacent,osm
ir-sorkhi,ir-shakoucheh,adjacent,osm
ir-sorkhi,ir-kouhestani,adjacent,osm
ir-sorkhi,ir-cheragh-bargh,adjacent,osm
ir-kouhestani,ir-shakoucheh,adjacent,osm
ir-kouhestani,ir-cheragh-bargh,adjacent,osm
ir-kouhestani,ir-sepah,adjacent,osm
ir-shanbeh-bazar,ir-nirouye-daryayi,adjacent,osm
ir-shanbeh-bazar,ir-shahr-dari,adjacent,osm
ir-shanbeh-bazar,ir-shakoucheh,adjacent,osm
ir-khoramshah,ir-abshahi,adjacent,osm
ir-khoramshah,ir-azmayeshgah-markazi,adjacent,osm
ir-azmayeshgah-markazi,ir-abshahi,adjacent,osm
ir-azmayeshgah-markazi,ir-akbar-abad,adjacent,osm
ir-azmayeshgah-markazi,ir-molla-faraj-alah,adjacent,osm
ir-azmayeshgah-markazi,ir-hana,adjacent,osm
ir-hana,ir-abshahi,adjacent,osm
ir-hana,ir-akbar-abad,adjacent,osm
ir-hana,ir-molla-faraj-alah,adjacent,osm
ir-hana,ir-r20193520,adjacent,osm
ir-hana,ir-khalfe-bagh,adjacent,osm
ir-hana,ir-golchinan,adjacent,osm
ir-kote-abdolah,ir-hadi-abad-kote-abdolah,adjacent,osm
ir-kote-abdolah,ir-jangiye,adjacent,osm
ir-kote-abdolah,ir-shareati-yek-kot-abdolah,adjacent,osm
ir-ammar,ir-bargh,adjacent,osm
ir-ammar,ir-apadana,adjacent,osm
ir-apadana,ir-bargh,adjacent,osm
ir-safa,ir-sadi-vasat,adjacent,osm
ir-safa,ir-bisim-jomhoori,adjacent,osm
ir-safa,ir-sadi-shomali,adjacent,osm
ir-kote-navaser,ir-hadi-abad-kote-abdolah,adjacent,osm
ir-kote-navaser,ir-shareati-yek-kot-abdolah,adjacent,osm
ir-koye-ramazan,ir-sepidar,adjacent,osm
ir-koye-ramazan,ir-koye-naft,adjacent,osm
ir-koye-ramazan,ir-manba-ab,adjacent,osm
ir-koye-ramazan,ir-al-safi,adjacent,osm
ir-bargh,ir-soltani,adjacent,osm
ir-bargh,ir-havashenasi,adjacent,osm
ir-homafar,ir-baharestan,adjacent,osm
ir-homafar,ir-darvazeh-shapour,adjacent,osm
ir-homafar,ir-chahar-bakhsh,adjacent,osm
ir-homafar,ir-valiasr-2,adjacent,osm
ir-sepah,ir-cheragh-bargh,adjacent,osm
ir-sepah,ir-see-metre,adjacent,osm
ir-sepah,ir-naser-khosro,adjacent,osm
ir-baharestan,ir-asgar-khan,adjacent,osm
ir-baharestan,ir-seyyed-javad,adjacent,osm
ir-baharestan,ir-darvazeh-shapour,adjacent,osm
ir-asgar-khan,ir-sahiyyeh,adjacent,osm
ir-asgar-khan,ir-seyyed-javad,adjacent,osm
ir-esteghamate-2,ir-shahrake-sanati-sepidrood,adjacent,osm
ir-esteghamate-2,ir-pool-taleshan,adjacent,osm
ir-esteghamate-2,ir-soleymandarab,adjacent,osm
ir-esteghamate-2,ir-r20192934,adjacent,osm
ir-lakan-shahr,ir-shahrake-sanati-sepidrood,adjacent,osm
ir-lakan-shahr,ir-pasgah-lakan,adjacent,osm
ir-soleymandarab,ir-shahrake-sanati-sepidrood,adjacent,osm
ir-soleymandarab,ir-pool-taleshan,adjacent,osm
ir-soleymandarab,ir-darvaze-lakan,adjacent,osm
ir-darvaze-lakan,ir-pool-taleshan,adjacent,osm
ir-darvazeh-shapour,ir-najjarkhaneh,adjacent,osm
ir-darvazeh-shapour,ir-seyyed-javad,adjacent,osm
ir-darvazeh-shapour,ir-4rad-sirus,adjacent,osm
ir-darvazeh-shapour,ir-7-asiyab,adjacent,osm
ir-darvazeh-shapour,ir-valiasr-2,adjacent,osm
ir-bisim-jomhoori,ir-shahid-beheshti,adjacent,osm
ir-bisim-jomhoori,ir-sadi-vasat,adjacent,osm
ir-savaneh-sookhtegi,ir-iranshahr,adjacent,osm
ir-savaneh-sookhtegi,ir-yazd-baf,adjacent,osm
ir-savaneh-sookhtegi,ir-r20193453,adjacent,osm
ir-yazd-baf,ir-emem-shahr,adjacent,osm
ir-yazd-baf,ir-r20193453,adjacent,osm
ir-yazd-baf,ir-bolvar-jomhouri,adjacent,osm
ir-iranshahr,ir-khalfe-bagh,adjacent,osm
ir-iranshahr,ir-mosala,adjacent,osm
ir-iranshahr,ir-besat,adjacent,osm
ir-iranshahr,ir-chahar-monar,adjacent,osm
ir-iranshahr,ir-r20193453,adjacent,osm
ir-nahiyeh,ir-kooy-salar,adjacent,osm
ir-koye-shohada,ir-koye-oghaf,adjacent,osm
ir-koye-shohada,ir-fatemiyeh,adjacent,osm
ir-hadi-abad-kote-abdolah,ir-shareati-yek-kot-abdolah,adjacent,osm
ir-shahid-beheshti,ir-kuy-vahdat,adjacent,osm
ir-shahid-beheshti,ir-rah-ahan-4,adjacent,osm
ir-shahid-beheshti,ir-sadi-jonoobi,adjacent,osm
ir-shahid-beheshti,ir-sadi-vasat,adjacent,osm
ir-chahar-monar,ir-besat,adjacent,osm
ir-chahar-monar,ir-bagh-gandom,adjacent,osm
ir-chahar-monar,ir-r20193453,adjacent,osm
ir-chahar-monar,ir-sheykhdad,adjacent,osm
ir-chahar-monar,ir-nasr-abad-2,adjacent,osm
ir-cheragh-bargh,ir-shakoucheh,adjacent,osm
ir-cheragh-bargh,ir-salon-sarpoushideh,adjacent,osm
ir-cheragh-bargh,ir-naser-khosro,adjacent,osm
ir-koye-sepah,ir-koye-aghajari,adjacent,osm
ir-koye-sepah,ir-koye-manabe-tabie,adjacent,osm
ir-7-asiyab,ir-4rad-sirus,adjacent,osm
ir-7-asiyab,ir-4rahe-atash-neshani,adjacent,osm
ir-7-asiyab,ir-valiasr-2,adjacent,osm
ir-besat,ir-khalfe-bagh,adjacent,osm
ir-besat,ir-mosala,adjacent,osm
ir-besat,ir-emamzade,adjacent,osm
ir-besat,ir-lab-khandagh,adjacent,osm
ir-besat,ir-bagh-gandom,adjacent,osm
ir-besat,ir-sheykhdad,adjacent,osm
ir-mard-abad,ir-kasnaviah,adjacent,osm
ir-mard-abad,ir-bolvar-jomhouri,adjacent,osm
ir-khalfe-bagh,ir-r20193520,adjacent,osm
ir-khalfe-bagh,ir-golchinan,adjacent,osm
ir-khalfe-bagh,ir-mirghotb,adjacent,osm
ir-khalfe-bagh,ir-mosala,adjacent,osm
ir-shahram-alley,ir-markaz-bazar,adjacent,osm
ir-shahram-alley,ir-doshabchi-khane,adjacent,osm
ir-shahram-alley,ir-zanjir,adjacent,osm
ir-4rahe-atash-neshani,ir-4rad-sirus,adjacent,osm
ir-4rahe-atash-neshani,ir-doshabchi-khane,adjacent,osm
ir-4rahe-atash-neshani,ir-zanjir,adjacent,osm
ir-4rahe-atash-neshani,ir-valiasr-2,adjacent,osm
ir-mehrshahr,ir-kampolo-shomali,adjacent,osm
ir-mehrshahr,ir-kiyanpars,adjacent,osm
ir-mehrshahr,ir-kiyanshahr,adjacent,osm
ir-raband,ir-papaloo,adjacent,osm
ir-mosala,ir-mirghotb,adjacent,osm
ir-mosala,ir-emamzade,adjacent,osm
ir-naser-khosro,ir-salon-sarpoushideh,adjacent,osm
ir-naser-khosro,ir-see-metre,adjacent,osm
ir-naser-khosro,ir-giv,adjacent,osm
ir-naser-khosro,ir-moj-shekan,adjacent,osm
ir-koye-aghajari,ir-sepidar,adjacent,osm
ir-koye-aghajari,ir-koye-meli-hafari,adjacent,osm
ir-koye-aghajari,ir-koye-manabe-tabie,adjacent,osm
ir-shareati-yek-kot-abdolah,ir-koye-montazeri,adjacent,osm
ir-emamzade,ir-golchinan,adjacent,osm
ir-emamzade,ir-mirghotb,adjacent,osm
ir-emamzade,ir-lab-khandagh,adjacent,osm
ir-emamzade,ir-bagh-gandom,adjacent,osm
ir-mirghotb,ir-golchinan,adjacent,osm
ir-r20193453,ir-sheykhdad,adjacent,osm
ir-r20193453,ir-nasr-abad-2,adjacent,osm
ir-r20193453,ir-kasnaviah,adjacent,osm
ir-r20193453,ir-bolvar-jomhouri,adjacent,osm
ir-shakoucheh,ir-pil-ali-bagh,adjacent,osm
ir-shakoucheh,ir-norouzi,adjacent,osm
ir-shakoucheh,ir-salon-sarpoushideh,adjacent,osm
ir-giv,ir-salon-sarpoushideh,adjacent,osm
ir-giv,ir-estgah-teymour,adjacent,osm
ir-giv,ir-akhare-khat,adjacent,osm
ir-giv,ir-moj-shekan,adjacent,osm
ir-doshabchi-khane,ir-markaz-bazar,adjacent,osm
ir-doshabchi-khane,ir-4rad-sirus,adjacent,osm
ir-doshabchi-khane,ir-zanjir,adjacent,osm
ir-zanjir,ir-markaz-bazar,adjacent,osm
ir-zanjir,ir-samadzadeh,adjacent,osm
ir-zanjir,ir-valiasr-2,adjacent,osm
ir-meysam,ir-alborz,adjacent,osm
ir-meysam,ir-farhang-4,adjacent,osm
ir-papaloo,ir-emam-zadeh-ali-akbar,adjacent,osm
ir-sheykhdad,ir-bagh-gandom,adjacent,osm
ir-sheykhdad,ir-sar-jam,adjacent,osm
ir-sheykhdad,ir-janat-abad,adjacent,osm
ir-sheykhdad,ir-nasr-abad-2,adjacent,osm
ir-hasirabad,ir-manba-ab,adjacent,osm
ir-hasirabad,ir-al-safi,adjacent,osm
ir-hasirabad,ir-20-metri-shahredari,adjacent,osm
ir-hasirabad,ir-asyabad,adjacent,osm
ir-farhang-4,ir-alborz,adjacent,osm
ir-farhang-4,ir-fallahi,adjacent,osm
ir-20-metri-shahredari,ir-manba-ab,adjacent,osm
ir-20-metri-shahredari,ir-al-safi,adjacent,osm
ir-20-metri-shahredari,ir-asyabad,adjacent,osm
ir-20-metri-shahredari,ir-zeytoon-kargari,adjacent,osm
ir-abuzar-2,ir-valiasr-2,adjacent,osm
ir-abuzar-2,ir-ali-abad-2,adjacent,osm
ir-hossein-abad,ir-valiasr-2,adjacent,osm
ir-hossein-abad,ir-terminal,adjacent,osm
ir-hossein-abad,ir-ali-abad-2,adjacent,osm
ir-ali-abad-2,ir-valiasr-2,adjacent,osm
ir-bagh-gandom,ir-lab-khandagh,adjacent,osm
ir-bagh-gandom,ir-darvaze-shahi,adjacent,osm
ir-bagh-gandom,ir-lardekeyvan,adjacent,osm
ir-bagh-gandom,ir-shah-abolghasem,adjacent,osm
ir-bagh-gandom,ir-kooshke-no,adjacent,osm
ir-bagh-gandom,ir-sar-jam,adjacent,osm
ir-terminal,ir-gharantineh,adjacent,osm
ir-terminal,ir-valiasr-2,adjacent,osm
ir-savalan,ir-tanakora,adjacent,osm
ir-darvaze-shahi,ir-lab-khandagh,adjacent,osm
ir-darvaze-shahi,ir-masjed-jame,adjacent,osm
ir-darvaze-shahi,ir-bazar-no,adjacent,osm
ir-darvaze-shahi,ir-lardekeyvan,adjacent,osm
ir-kuye-shariati,ir-kuye-shadab,adjacent,osm
ir-kuye-shariati,ir-koy-erfan,adjacent,osm
ir-kuye-shariati,ir-iranmehr-bala,adjacent,osm
ir-kuye-shariati,ir-alghadir,adjacent,osm
ir-lardekeyvan,ir-masjed-jame,adjacent,osm
ir-lardekeyvan,ir-bazar-no,adjacent,osm
ir-lardekeyvan,ir-shah-abolghasem,adjacent,osm
ir-ghomrok,ir-mojassameh,adjacent,osm
ir-golha,ir-enghelab-4,adjacent,osm
ir-shah-abolghasem,ir-bazar-no,adjacent,osm
ir-shah-abolghasem,ir-fahadan,adjacent,osm
ir-shah-abolghasem,ir-kooshke-no,adjacent,osm
ir-shah-abolghasem,ir-sar-jam,adjacent,osm
ir-estgah-teymour,ir-norouzi,adjacent,osm
ir-estgah-teymour,ir-salon-sarpoushideh,adjacent,osm
ir-estgah-teymour,ir-akhare-khat,adjacent,osm
ir-salon-sarpoushideh,ir-norouzi,adjacent,osm
ir-norouzi,ir-pil-ali-bagh,adjacent,osm
ir-norouzi,ir-baghe-zamani,adjacent,osm
ir-norouzi,ir-akhare-khat,adjacent,osm
ir-baghe-sheykh,ir-naderi-2,adjacent,osm
ir-baghe-sheykh,ir-manazele-karoon,adjacent,osm
ir-baghe-sheykh,ir-khiaban-30-metri,adjacent,osm
ir-baghe-sheykh,ir-sekheyriye,adjacent,osm
ir-emam,ir-kashani,adjacent,osm
ir-emam,ir-emam2,adjacent,osm
ir-emam,ir-amini,adjacent,osm
ir-emam,ir-bakeri,adjacent,osm
ir-emam,ir-ataei,adjacent,osm
ir-emam,ir-sahiyyeh,adjacent,osm
ir-lab-khandagh,ir-r20193521,adjacent,osm
ir-lab-khandagh,ir-golchinan,adjacent,osm
ir-lab-khandagh,ir-r20193545,adjacent,osm
ir-lab-khandagh,ir-masjed-jame,adjacent,osm
ir-haji-pirlu,ir-koye-entezami,adjacent,osm
ir-daneshkadeh,ir-kashani,adjacent,osm
ir-daneshkadeh,ir-emam2,adjacent,osm
ir-sepidar,ir-koye-meli-hafari,adjacent,osm
ir-sepidar,ir-koye-naft,adjacent,osm
ir-koye-meli-hafari,ir-koye-manabe-tabie,adjacent,osm
ir-koye-meli-hafari,ir-koye-naft,adjacent,osm
ir-koye-meli-hafari,ir-koye-janbazan,adjacent,osm
ir-koye-meli-hafari,ir-koye-gham,adjacent,osm
ir-maafi,ir-modiriyat,adjacent,osm
ir-maafi,ir-jahad,adjacent,osm
ir-maafi,ir-bakeri,adjacent,osm
ir-kashani,ir-modiriyat,adjacent,osm
ir-kashani,ir-emam2,adjacent,osm
ir-kashani,ir-jahad,adjacent,osm
ir-modiriyat,ir-jahad,adjacent,osm
ir-koye-gham,ir-koye-manabe-tabie,adjacent,osm
ir-koye-gham,ir-koye-janbazan,adjacent,osm
ir-kooshke-no,ir-bazar-no,adjacent,osm
ir-kooshke-no,ir-fahadan,adjacent,osm
ir-kooshke-no,ir-sar-jam,adjacent,osm
ir-kooshke-no,ir-zangi,adjacent,osm
ir-sahiyyeh,ir-ataei,adjacent,osm
ir-sahiyyeh,ir-najjarkhaneh,adjacent,osm
ir-sahiyyeh,ir-seyyed-javad,adjacent,osm
ir-seyyed-javad,ir-najjarkhaneh,adjacent,osm
ir-seyyed-javad,ir-4rad-sirus,adjacent,osm
ir-najjarkhaneh,ir-ataei,adjacent,osm
ir-najjarkhaneh,ir-markaz-bazar,adjacent,osm
ir-najjarkhaneh,ir-4rad-sirus,adjacent,osm
ir-4rad-sirus,ir-markaz-bazar,adjacent,osm
ir-ataei,ir-markaz-bazar,adjacent,osm
ir-chahar-padeshah,ir-yahya-abad,adjacent,osm
ir-chahar-padeshah,ir-sardar-jangal,adjacent,osm
ir-chahar-padeshah,ir-pordesar,adjacent,osm
ir-chahar-padeshah,ir-shahid-karimi,adjacent,osm
ir-fayaz,ir-shahrak-janbazan,adjacent,osm
ir-fayaz,ir-salman-farsi,adjacent,osm
ir-fayaz,ir-yahya-abad,adjacent,osm
ir-fayaz,ir-kashef,adjacent,osm
ir-fayaz,ir-enghelab,adjacent,osm
ir-koye-janbazan,ir-koye-naft,adjacent,osm
ir-fahadan,ir-bazar-no,adjacent,osm
ir-fahadan,ir-r20216238,adjacent,osm
ir-fahadan,ir-zangi,adjacent,osm
ir-baghe-zamani,ir-pil-ali-bagh,adjacent,osm
ir-baghe-zamani,ir-noghan,adjacent,osm
ir-baghe-zamani,ir-abbas-abad-3,adjacent,osm
ir-baghe-zamani,ir-akhare-khat,adjacent,osm
ir-chahar-bakhsh,ir-valiasr-2,adjacent,osm
ir-abbas-abad-3,ir-noghan,adjacent,osm
ir-abbas-abad-3,ir-kuoye-bahar,adjacent,osm
ir-abbas-abad-3,ir-akhare-khat,adjacent,osm
ir-abbas-abad-3,ir-saber-hanan,adjacent,osm
ir-abbas-abad-3,ir-jahangani,adjacent,osm
ir-dardasht,ir-enghelab-4,adjacent,osm
ir-dardasht,ir-ziarat,adjacent,osm
ir-al-safi,ir-koye-naft,adjacent,osm
ir-al-safi,ir-manba-ab,adjacent,osm
ir-al-safi,ir-soltanmanesh,adjacent,osm
ir-al-safi,ir-koye-niro,adjacent,osm
ir-alavi,ir-khezr,adjacent,osm
ir-khiaban-30-metri,ir-naderi-2,adjacent,osm
ir-khiaban-30-metri,ir-khiaban-24-metri,adjacent,osm
ir-khiaban-30-metri,ir-sekheyriye,adjacent,osm
ir-shahrak-e-rajaei,ir-se-rah-amjadiyeh,adjacent,osm
ir-shahrak-e-rajaei,ir-darvaze-ark,adjacent,osm
ir-shahrak-e-rajaei,ir-foroudgah-mofateh,adjacent,osm
ir-shahrak-e-rajaei,ir-amjadiyeh,adjacent,osm
ir-shahrak-e-rajaei,ir-sadi-shomali,adjacent,osm
ir-shahrak-e-rajaei,ir-kooy-e-saeediye,adjacent,osm
ir-shahrak-e-rajaei,ir-eslam-abad-4,adjacent,osm
ir-shahrak-e-rajaei,ir-arazi-artesh,adjacent,osm
ir-sadi-shomali,ir-sadi-vasat,adjacent,osm
ir-sadi-shomali,ir-darvaze-ark,adjacent,osm
ir-sadi-shomali,ir-arazi-artesh,adjacent,osm
ir-gilvaran,ir-goldasht-gharbi,adjacent,osm
ir-gilvaran,ir-khyr-abad,adjacent,osm
ir-gilvaran,ir-r16052008,adjacent,osm
ir-gilvaran,ir-khezr,adjacent,osm
ir-nimeh-shaban,ir-kar-amouzi,adjacent,osm
ir-nimeh-shaban,ir-pardis,adjacent,osm
ir-nimeh-shaban,ir-jahangani,adjacent,osm
ir-nimeh-shaban,ir-kokever-yek,adjacent,osm
ir-nimeh-shaban,ir-ansar-alhossein,adjacent,osm
ir-nimeh-shaban,ir-pasdaran-3,adjacent,osm
ir-pardis,ir-kuoye-bahar,adjacent,osm
ir-pardis,ir-kar-amouzi,adjacent,osm
ir-pardis,ir-jahangani,adjacent,osm
ir-khiaban-24-metri,ir-naderi-2,adjacent,osm
ir-janat-abad,ir-sar-jam,adjacent,osm
ir-janat-abad,ir-nasr-abad-2,adjacent,osm
ir-janat-abad,ir-rahim-abad,adjacent,osm
ir-siya-estalkh,ir-fakhab,adjacent,osm
ir-darband-2,ir-ziarat,adjacent,osm
ir-darband-2,ir-baghat-abas-abad,adjacent,osm
ir-darband-2,ir-baghat-darband,adjacent,osm
ir-baghat-abas-abad,ir-ziarat,adjacent,osm
ir-baghat-abas-abad,ir-baghat-darband,adjacent,osm
ir-jangiye,ir-obodebis,adjacent,osm
ir-sar-jam,ir-zangi,adjacent,osm
ir-sar-jam,ir-rahim-abad,adjacent,osm
ir-iranmehr-bala,ir-bakermahale,adjacent,osm
ir-iranmehr-bala,ir-kuye-shadab,adjacent,osm
ir-iranmehr-bala,ir-emam-reza-2,adjacent,osm
ir-iranmehr-bala,ir-bagh-palang,adjacent,osm
ir-iranmehr-bala,ir-alghadir,adjacent,osm
ir-shahrak-naft-2,ir-koye-niro,adjacent,osm
ir-shahrak-naft-2,ir-koye-shahed,adjacent,osm
ir-shahrak-naft-2,ir-koye-pirozi,adjacent,osm
ir-koye-shahed,ir-koye-niro,adjacent,osm
ir-koye-shahed,ir-koye-pirozi,adjacent,osm
ir-koye-shahed,ir-zeyton-karmandi,adjacent,osm
ir-kooye-tolab,ir-behesht-abad,adjacent,osm
ir-kooye-tolab,ir-faze-yek-padadshahr,adjacent,osm
ir-kooye-tolab,ir-akhar-asfalt,adjacent,osm
ir-kooye-tolab,ir-padadshahr,adjacent,osm
ir-goldasht-gharbi,ir-goldasht-sharghi,adjacent,osm
ir-goldasht-gharbi,ir-koy-mokhaberat,adjacent,osm
ir-goldasht-gharbi,ir-esbestan,adjacent,osm
ir-goldasht-gharbi,ir-khyr-abad,adjacent,osm
ir-kuoye-bahar,ir-seyed-asiye,adjacent,osm
ir-kuoye-bahar,ir-noghan,adjacent,osm
ir-kuoye-bahar,ir-koliver,adjacent,osm
ir-kuoye-bahar,ir-kar-amouzi,adjacent,osm
ir-kuoye-bahar,ir-jahangani,adjacent,osm
ir-r8689080,ir-r20190200,adjacent,osm
ir-r8689080,ir-shahrak-shardari,adjacent,osm
ir-r8689080,ir-bonyad,adjacent,osm
ir-newsite,ir-sekheyriye,adjacent,osm
ir-newsite,ir-asyabad,adjacent,osm
ir-newsite,ir-zeytoon-kargari,adjacent,osm
ir-newsite,ir-soltanmanesh,adjacent,osm
ir-newsite,ir-koye-niro,adjacent,osm
ir-newsite,ir-zeyton-karmandi,adjacent,osm
ir-newsite,ir-koye-meli-rah,adjacent,osm
ir-maskan-mehr-2,ir-kenar-gozar,adjacent,osm
ir-maskan-mehr-2,ir-parastar,adjacent,osm
ir-maskan-mehr-2,ir-bashman,adjacent,osm
ir-maskan-mehr-2,ir-pasdaran-3,adjacent,osm
ir-maskan-mehr-2,ir-asiyaye-miyane,adjacent,osm
ir-ansar-alhossein,ir-kokever-yek,adjacent,osm
ir-ansar-alhossein,ir-parastar,adjacent,osm
ir-ansar-alhossein,ir-pasdaran-3,adjacent,osm
ir-darvaze-ark,ir-amirkabir,adjacent,osm
ir-darvaze-ark,ir-sadi-vasat,adjacent,osm
ir-darvaze-ark,ir-jahad-2,adjacent,osm
ir-darvaze-ark,ir-amjadiyeh,adjacent,osm
ir-kolahdoz,ir-valiasre,adjacent,osm
ir-kooye-taleghani,ir-eslam-abade-gharbi,adjacent,osm
ir-kooye-taleghani,ir-eslam-abad-sharghi,adjacent,osm
ir-kooye-taleghani,ir-akhar-asfalt,adjacent,osm
ir-noghan,ir-pil-ali-bagh,adjacent,osm
ir-noghan,ir-seyed-asiye,adjacent,osm
ir-koye-meli-rah,ir-zeyton-karmandi,adjacent,osm
ir-koye-meli-rah,ir-zoviye,adjacent,osm
ir-koye-meli-rah,ir-behzad-shahr,adjacent,osm
ir-se-rah-amjadiyeh,ir-jahad-2,adjacent,osm
ir-se-rah-amjadiyeh,ir-foroudgah-mofateh,adjacent,osm
ir-se-rah-amjadiyeh,ir-amjadiyeh,adjacent,osm
ir-foroudgah-mofateh,ir-shahrak-eshohada,adjacent,osm
ir-foroudgah-mofateh,ir-jahad-2,adjacent,osm
ir-foroudgah-mofateh,ir-shahrara,adjacent,osm
ir-foroudgah-mofateh,ir-shahrak-nanvayan,adjacent,osm
ir-foroudgah-mofateh,ir-kooy-e-saeediye,adjacent,osm
ir-niro-zamini-lashgar-184,ir-badr-abad-sofla,adjacent,osm
ir-shahrak-payam-2,ir-pardis2,adjacent,osm
ir-shahrak-payam-2,ir-pardis-3,adjacent,osm
ir-kashef-al-saltane,ir-kuh-bijar,adjacent,osm
ir-kashef-al-saltane,ir-hazin,adjacent,osm
ir-kashef-al-saltane,ir-shaghayegh,adjacent,osm
ir-kashef-al-saltane,ir-sheitan-kooh,adjacent,osm
ir-kashef-al-saltane,ir-rajaee,adjacent,osm
ir-kashef-al-saltane,ir-shishe-garan,adjacent,osm
ir-seyed-asiye,ir-pil-ali-bagh,adjacent,osm
ir-seyed-asiye,ir-koliver,adjacent,osm
ir-seyed-asiye,ir-kenar-gozar,adjacent,osm
ir-pardis2,ir-pardis-3,adjacent,osm
ir-koshtargah,ir-kenar-gozar,adjacent,osm
ir-koshtargah,ir-zamin-varzeshi,adjacent,osm
ir-koshtargah,ir-kokever-yek,adjacent,osm
ir-koshtargah,ir-parastar,adjacent,osm
ir-parastar,ir-kenar-gozar,adjacent,osm
ir-parastar,ir-kokever-yek,adjacent,osm
ir-parastar,ir-pasdaran-3,adjacent,osm
ir-kokever-yek,ir-zamin-varzeshi,adjacent,osm
ir-kokever-yek,ir-kar-amouzi,adjacent,osm
ir-pil-ali-bagh,ir-ghalam-godeh,adjacent,osm
ir-pil-ali-bagh,ir-kenar-gozar,adjacent,osm
ir-zamin-varzeshi,ir-koliver,adjacent,osm
ir-zamin-varzeshi,ir-kenar-gozar,adjacent,osm
ir-zamin-varzeshi,ir-kar-amouzi,adjacent,osm
ir-kar-amouzi,ir-koliver,adjacent,osm
ir-koliver,ir-kenar-gozar,adjacent,osm
ir-kenar-gozar,ir-bashman,adjacent,osm
ir-hazin,ir-kuye-ostadan,adjacent,osm
ir-hazin,ir-danesh-gah-azad-eslami,adjacent,osm
ir-hazin,ir-kuh-bijar,adjacent,osm
ir-hazin,ir-shaghayegh,adjacent,osm
ir-badr-abad-sofla,ir-badr-abad-oliya,adjacent,osm
ir-kampolo-shomali,ir-kampolo-jonoubi,adjacent,osm
ir-kampolo-shomali,ir-salimabad,adjacent,osm
ir-kampolo-shomali,ir-kiyanpars,adjacent,osm
ir-kampolo-shomali,ir-kiyanshahr,adjacent,osm
ir-akhar-asfalt,ir-eslam-abade-gharbi,adjacent,osm
ir-akhar-asfalt,ir-eslam-abad-sharghi,adjacent,osm
ir-akhar-asfalt,ir-behesht-abad,adjacent,osm
ir-akhar-asfalt,ir-padadshahr,adjacent,osm
ir-akhar-asfalt,ir-khiabane-zande-vakili,adjacent,osm
ir-padadshahr,ir-faze-yek-padadshahr,adjacent,osm
ir-padadshahr,ir-khiabane-zande-vakili,adjacent,osm
ir-padadshahr,ir-kooye-fatemieh,adjacent,osm
ir-padadshahr,ir-naderi-2,adjacent,osm
ir-kalak-bala,ir-shahrak-jahan-nama,adjacent,osm
ir-pastorize,ir-kooye-farhangian-3,adjacent,osm
ir-pastorize,ir-kororosh,adjacent,osm
ir-pastorize,ir-zergan,adjacent,osm
ir-salimabad,ir-kampolo-jonoubi,adjacent,osm
ir-salimabad,ir-sayahi,adjacent,osm
ir-kampolo-jonoubi,ir-shahrake-tosee-neyshekar,adjacent,osm
ir-kampolo-jonoubi,ir-koye-mandali,adjacent,osm
ir-kampolo-jonoubi,ir-sayahi,adjacent,osm
ir-badr-abad-oliya,ir-soheyl-begi,adjacent,osm
ir-badr-abad-oliya,ir-telori-oliya,adjacent,osm
ir-khalaj-abaad,ir-kalak-no,adjacent,osm
ir-kalak-no,ir-shahrak-jahan-nama,adjacent,osm
ir-koye-mandali,ir-shahrak-razmandegan,adjacent,osm
ir-koye-mandali,ir-sayahi,adjacent,osm
ir-shahrak-razmandegan,ir-pardis-3,adjacent,osm
ir-shahrak-razmandegan,ir-shahrake-tosee-neyshekar,adjacent,osm
ir-shahrak-razmandegan,ir-r16067676,adjacent,osm
ir-shahrak-shahid-abaspor,ir-zeyton-karmandi,adjacent,osm
ir-shahrak-shahid-abaspor,ir-koye-javaheri,adjacent,osm
ir-shahrak-shahid-abaspor,ir-zoviye,adjacent,osm
ir-shahrak-shahid-abaspor,ir-behzad-shahr,adjacent,osm
ir-shahrak-shahid-abaspor,ir-kororosh,adjacent,osm
ir-pirbazar,ir-fakhab,adjacent,osm
ir-pirbazar,ir-kaftrod,adjacent,osm
ir-eistgah-sakhteman,ir-r8689240,adjacent,osm
ir-koye-javaheri,ir-koye-pirozi,adjacent,osm
ir-koye-javaheri,ir-zeyton-karmandi,adjacent,osm
ir-koye-javaheri,ir-kooye-abedi,adjacent,osm
ir-koye-javaheri,ir-behzad-shahr,adjacent,osm
ir-koye-javaheri,ir-kororosh,adjacent,osm
ir-kooye-abedi,ir-koye-pirozi,adjacent,osm
ir-kooye-abedi,ir-zeyton-karmandi,adjacent,osm
ir-kooye-abedi,ir-kooye-mohandesan,adjacent,osm
ir-kooye-abedi,ir-r14726660,adjacent,osm
ir-kooye-abedi,ir-kororosh,adjacent,osm
ir-zoviye,ir-behzad-shahr,adjacent,osm
ir-sheyban,ir-kheyalrovas,adjacent,osm
ir-sheyban,ir-shobyshe,adjacent,osm
ir-sheyban,ir-shahrak-taleghani-2,adjacent,osm
ir-kororosh,ir-r14726660,adjacent,osm
ir-kororosh,ir-kooye-farhangian-3,adjacent,osm
ir-shobyshe,ir-fadak-4,adjacent,osm
ir-shobyshe,ir-kheyalrovas,adjacent,osm
ir-shobyshe,ir-shahrak-taleghani-2,adjacent,osm
ir-shahrak-taleghani-2,ir-kheyalrovas,adjacent,osm
ir-kheyalrovas,ir-fadak-4,adjacent,osm
ir-fadak-4,ir-zergan,adjacent,osm
ir-zergan,ir-kooye-farhangian-3,adjacent,osm
ir-kooye-farhangian-3,ir-r14726660,adjacent,osm
ir-shaaban-abaad,ir-asad-abaad,adjacent,osm
ir-shaaban-abaad,ir-r20192487,adjacent,osm
ir-shaaban-abaad,ir-r8691534,adjacent,osm
ir-shaaban-abaad,ir-ahad-abaad,adjacent,osm
ir-shaaban-abaad,ir-malek-abaad,adjacent,osm
ir-shaaban-abaad,ir-akhtar-abaad-akhgar-abaad,adjacent,osm
ir-akhtar-abaad-akhgar-abaad,ir-malek-abaad,adjacent,osm
ir-akhtar-abaad-akhgar-abaad,ir-akbar-abaad,adjacent,osm
ir-r8691534,ir-phase-1-mehrshahr,adjacent,osm
ir-r8691534,ir-asad-abaad,adjacent,osm
ir-r8691534,ir-r20192487,adjacent,osm
ir-r8691534,ir-ahad-abaad,adjacent,osm
ir-kashef,ir-salman-farsi,adjacent,osm
ir-kashef,ir-enghelab,adjacent,osm
ir-kashef,ir-ghiam,adjacent,osm
ir-ghiam,ir-shaghayegh,adjacent,osm
ir-ghiam,ir-shahid-avini,adjacent,osm
ir-ghiam,ir-shishe-garan,adjacent,osm
ir-ghiam,ir-salman-farsi,adjacent,osm
ir-ghiam,ir-amir-shahid,adjacent,osm
ir-salman-farsi,ir-shahid-avini,adjacent,osm
ir-salman-farsi,ir-shahrak-janbazan,adjacent,osm
ir-shahid-avini,ir-shaghayegh,adjacent,osm
ir-shahid-avini,ir-shishe-garan,adjacent,osm
ir-shahid-avini,ir-shahrak-janbazan,adjacent,osm
ir-shaghayegh,ir-danesh-gah-azad-eslami,adjacent,osm
ir-shaghayegh,ir-shishe-garan,adjacent,osm
ir-shaghayegh,ir-yusef-abad,adjacent,osm
ir-shaghayegh,ir-shahrak-salman-farsi,adjacent,osm
ir-shaghayegh,ir-shahrak-janbazan,adjacent,osm
ir-shahrak-janbazan,ir-shahrak-salman-farsi,adjacent,osm
ir-shahrak-janbazan,ir-kooye-zamani,adjacent,osm
ir-shahrak-janbazan,ir-yahya-abad,adjacent,osm
ir-shahrak-salman-farsi,ir-yusef-abad,adjacent,osm
ir-shahrak-salman-farsi,ir-kooye-zamani,adjacent,osm
ir-kooye-khazar,ir-estakhre-lahijan,adjacent,osm
ir-kooye-khazar,ir-golestan-3,adjacent,osm
ir-kooye-khazar,ir-kooye-azadegan,adjacent,osm
ir-kooye-khazar,ir-bijarbane,adjacent,osm
ir-ahad-abaad,ir-phase-1-mehrshahr,adjacent,osm
ir-ahad-abaad,ir-hossein-abaad,adjacent,osm
ir-estakhre-lahijan,ir-rajaee,adjacent,osm
ir-estakhre-lahijan,ir-shishe-garan,adjacent,osm
ir-estakhre-lahijan,ir-sheikh-zahed,adjacent,osm
ir-estakhre-lahijan,ir-golestan-3,adjacent,osm
ir-estakhre-lahijan,ir-kooye-azadegan,adjacent,osm
ir-estakhre-lahijan,ir-amir-shahid,adjacent,osm
ir-shishe-garan,ir-amir-shahid,adjacent,osm
ir-phase-2-mehrshahr,ir-phase-3-mehrshahr,adjacent,osm
ir-phase-2-mehrshahr,ir-agh-tapeh,adjacent,osm
ir-phase-2-mehrshahr,ir-phase-1-mehrshahr,adjacent,osm
ir-phase-2-mehrshahr,ir-asad-abaad,adjacent,osm
ir-mesbah,ir-ghalamestan,adjacent,osm
ir-mesbah,ir-shahrak-fahmideh,adjacent,osm
ir-mesbah,ir-esfahaniha,adjacent,osm
ir-amir-shahid,ir-enghelab,adjacent,osm
ir-amir-shahid,ir-kooye-azadegan,adjacent,osm
ir-amir-shahid,ir-jir-sar,adjacent,osm
ir-yahya-abad,ir-kooye-zamani,adjacent,osm
ir-yahya-abad,ir-sardar-jangal,adjacent,osm
ir-yahya-abad,ir-enghelab,adjacent,osm
ir-yahya-abad,ir-shahid-karimi,adjacent,osm
ir-enghelab,ir-shahid-karimi,adjacent,osm
ir-enghelab,ir-shohada,adjacent,osm
ir-enghelab,ir-jir-sar,adjacent,osm
ir-pordesar,ir-sardar-jangal,adjacent,osm
ir-pordesar,ir-kia-musavi,adjacent,osm
ir-pordesar,ir-shahid-karimi,adjacent,osm
ir-pordesar,ir-kashefe-gharbi,adjacent,osm
ir-pordesar,ir-ayatolah-kashani,adjacent,osm
ir-jir-sar,ir-kooye-azadegan,adjacent,osm
ir-jir-sar,ir-shohada,adjacent,osm
ir-jir-sar,ir-ordu-bazar,adjacent,osm
ir-jir-sar,ir-khamir-kalaye,adjacent,osm
ir-jir-sar,ir-gharib-abad,adjacent,osm
ir-jir-sar,ir-taleghani-2,adjacent,osm
ir-kooye-azadegan,ir-bijarbane,adjacent,osm
ir-kooye-azadegan,ir-taleghani-2,adjacent,osm
ir-gharib-abad,ir-khamir-kalaye,adjacent,osm
ir-gharib-abad,ir-jomhuri,adjacent,osm
ir-gharib-abad,ir-taleghani-2,adjacent,osm
ir-hesarak-bala,ir-r20190417,adjacent,osm
ir-hesarak-bala,ir-karaj-no,adjacent,osm
ir-hesarak-bala,ir-hesarak-2,adjacent,osm
ir-hesarak-bala,ir-heydar-abad,adjacent,osm
ir-hesarak-bala,ir-r20190200,adjacent,osm
ir-shohada,ir-shahid-karimi,adjacent,osm
ir-shohada,ir-karvansara-bar,adjacent,osm
ir-shohada,ir-ordu-bazar,adjacent,osm
ir-kashefe-gharbi,ir-kia-musavi,adjacent,osm
ir-kashefe-gharbi,ir-shahid-karimi,adjacent,osm
ir-kashefe-gharbi,ir-karvansara-bar,adjacent,osm
ir-kashefe-gharbi,ir-ayatolah-kashani,adjacent,osm
ir-shahid-karimi,ir-karvansara-bar,adjacent,osm
ir-khamir-kalaye,ir-karvansara-bar,adjacent,osm
ir-khamir-kalaye,ir-ordu-bazar,adjacent,osm
ir-khamir-kalaye,ir-ayatolah-kashani,adjacent,osm
ir-khamir-kalaye,ir-jomhuri,adjacent,osm
ir-ordu-bazar,ir-karvansara-bar,adjacent,osm
ir-shahrak-farhangiyan,ir-kooye-modarres,adjacent,osm
ir-shahrak-farhangiyan,ir-azimieh,adjacent,osm
ir-shahrak-farhangiyan,ir-shahrak-emam-reza,adjacent,osm
ir-shahrak-farhangiyan,ir-shahrak-ouj,adjacent,osm
ir-ayatolah-kashani,ir-kia-musavi,adjacent,osm
ir-ayatolah-kashani,ir-khaloo-bagh,adjacent,osm
ir-ayatolah-kashani,ir-karvansara-bar,adjacent,osm
ir-ayatolah-kashani,ir-mahdude-park-banovan,adjacent,osm
ir-ayatolah-kashani,ir-haji-abad-4,adjacent,osm
ir-ayatolah-kashani,ir-jomhuri,adjacent,osm
ir-ayatolah-kashani,ir-lasheidan,adjacent,osm
ir-mahdude-park-banovan,ir-khaloo-bagh,adjacent,osm
ir-mahdude-park-banovan,ir-haji-abad-4,adjacent,osm
ir-mahdude-park-banovan,ir-jomhuri,adjacent,osm
ir-mahdude-park-banovan,ir-lasheidan,adjacent,osm
ir-lasheidan,ir-khaloo-bagh,adjacent,osm
ir-lasheidan,ir-haji-abad-4,adjacent,osm
ir-lasheidan,ir-jomhuri,adjacent,osm
ir-lasheidan,ir-lasheidan-motlagh,adjacent,osm
ir-lasheidan,ir-lasheidan-hokumati,adjacent,osm
ir-jomhuri,ir-karvansara-bar,adjacent,osm
ir-jomhuri,ir-taleghani-2,adjacent,osm
ir-jomhuri,ir-lasheidan-motlagh,adjacent,osm
ir-khaloo-bagh,ir-kia-musavi,adjacent,osm
ir-khaloo-bagh,ir-haji-abad-4,adjacent,osm
ir-khaloo-bagh,ir-bazkia-gurab,adjacent,osm
ir-mahdude-shahrak-sanati,ir-bazkia-gurab,adjacent,osm
ir-mahdude-shahrak-sanati,ir-tustan,adjacent,osm
ir-siah-kuche,ir-bazkia-gurab,adjacent,osm
ir-nadery,ir-karshenasan,adjacent,osm
ir-w625581261,ir-karshenasan,adjacent,osm
ir-taleghani-2,ir-bijarbane,adjacent,osm
ir-taleghani-2,ir-lasheidan-motlagh,adjacent,osm
ir-taleghani-2,ir-sha-dehsar,adjacent,osm
ir-golestan-3,ir-sheikhan-bar,adjacent,osm
ir-golestan-3,ir-sheikh-zahed,adjacent,osm
ir-golestan-3,ir-nakh-jir-kalaye,adjacent,osm
ir-golestan-3,ir-bijarbane,adjacent,osm
ir-sheikhan-bar,ir-sheitan-kooh,adjacent,osm
ir-sheikhan-bar,ir-sheikh-zahed,adjacent,osm
ir-sheikhan-bar,ir-nakh-jir-kalaye,adjacent,osm
ir-sardar-jangal,ir-kooye-zamani,adjacent,osm
ir-sardar-jangal,ir-shahrak-farhangian,adjacent,osm
ir-sardar-jangal,ir-kia-musavi,adjacent,osm
ir-darai,ir-soheyl-begi,adjacent,osm
ir-jahanshar,ir-esfahaniha,adjacent,osm
ir-jahanshar,ir-chaharsad-dastgah-2,adjacent,osm
ir-jahanshar,ir-r20190152,adjacent,osm
ir-jahanshar,ir-r14442545,adjacent,osm
ir-jahanshar,ir-haji-abad-3,adjacent,osm
ir-jahanshar,ir-koy-karmandan-north,adjacent,osm
ir-jahanshar,ir-kooye-etehad,adjacent,osm
ir-haji-abad-3,ir-r20190152,adjacent,osm
ir-haji-abad-3,ir-r14442545,adjacent,osm
ir-haji-abad-3,ir-kooye-modarres,adjacent,osm
ir-haji-abad-3,ir-azimieh,adjacent,osm
ir-haji-abad-3,ir-kooye-etehad,adjacent,osm
ir-haji-abad-3,ir-r20190141,adjacent,osm
ir-kooye-modarres,ir-r14442545,adjacent,osm
ir-kooye-modarres,ir-azimieh,adjacent,osm
ir-kooye-modarres,ir-r20190141,adjacent,osm
ir-kooye-modarres,ir-shahrak-ouj,adjacent,osm
ir-shahrak-emam-reza,ir-azimieh,adjacent,osm
ir-shahrak-emam-reza,ir-shahrak-ouj,adjacent,osm
ir-shahrak-emam-reza,ir-hassan-abaad,adjacent,osm
ir-shahrak-yas,ir-r20190200,adjacent,osm
ir-shahrak-yas,ir-bonyad,adjacent,osm
ir-shahrak-yas,ir-r20190254,adjacent,osm
ir-shahrak-yas,ir-r20192564,adjacent,osm
ir-shahrak-yas,ir-shahrak-zafar,adjacent,osm
ir-shahrak-yas,ir-r8688314,adjacent,osm
ir-r8687723,ir-pishahangi,adjacent,osm
ir-golha-blv,ir-kooye-farhangian-2,adjacent,osm
ir-r8768619,ir-r8768618,adjacent,osm
ir-r8768619,ir-r8768617,adjacent,osm
ir-r8768670,ir-r8768673,adjacent,osm
ir-r8768670,ir-r8768672,adjacent,osm
ir-r8768618,ir-r8768940,adjacent,osm
ir-r8768618,ir-r8768617,adjacent,osm
ir-r8769052,ir-r8769416,adjacent,osm
ir-w630281382,ir-r8769416,adjacent,osm
ir-r8769415,ir-r8769416,adjacent,osm
ir-r8769517,ir-r8769505,adjacent,osm
ir-r8768704,ir-r8769543,adjacent,osm
ir-r8768704,ir-r8768586,adjacent,osm
ir-r8768586,ir-r8769543,adjacent,osm
ir-r8769543,ir-r8769545,adjacent,osm
ir-r8769545,ir-r8769580,adjacent,osm
ir-r8768673,ir-r8768686,adjacent,osm
ir-r8768673,ir-r8768672,adjacent,osm
ir-saad-abad,ir-quarter-1-of-district-8,adjacent,osm
ir-saad-abad,ir-sarab,adjacent,osm
ir-saad-abad,ir-sanabad,adjacent,osm
ir-saad-abad,ir-shahid-hasheminejad,adjacent,osm
ir-saad-abad,ir-kashani-2,adjacent,osm
ir-saad-abad,ir-kolahduz-2,adjacent,osm
ir-saad-abad,ir-quarter-2-of-district-1,adjacent,osm
ir-saad-abad,ir-amel,adjacent,osm
ir-saad-abad,ir-quarter-1-of-district-3,adjacent,osm
ir-saad-abad,ir-quarter-1-of-district-2,adjacent,osm
ir-kolahduz-2,ir-behesht,adjacent,osm
ir-kolahduz-2,ir-rahnemayi-2,adjacent,osm
ir-kolahduz-2,ir-quarter-1-of-district-1,adjacent,osm
ir-kolahduz-2,ir-sanabad,adjacent,osm
ir-kolahduz-2,ir-goharshad,adjacent,osm
ir-kolahduz-2,ir-quarter-2-of-district-1,adjacent,osm
ir-kolahduz-2,ir-amel,adjacent,osm
ir-kolahduz-2,ir-khatam-olanbia,adjacent,osm
ir-kolahduz-2,ir-quarter-1-of-district-2,adjacent,osm
ir-ershad-3,ir-quarter-1-of-district-1,adjacent,osm
ir-ershad-3,ir-felestin-3,adjacent,osm
ir-ershad-3,ir-abkuh,adjacent,osm
ir-ershad-3,ir-goharshad,adjacent,osm
ir-ershad-3,ir-quarter-2-of-district-1,adjacent,osm
ir-ershad-3,ir-sajjad-shahr,adjacent,osm
ir-ershad-3,ir-fath-olmobin,adjacent,osm
ir-ershad-3,ir-quarter-1-of-district-2,adjacent,osm
ir-ershad-3,ir-highrise-buildings,adjacent,osm
ir-ershad-3,ir-janbaz,adjacent,osm
ir-ershad-3,ir-quarter-4-of-district-2,adjacent,osm
ir-rahnemayi-2,ir-ahmad-abad-2,adjacent,osm
ir-rahnemayi-2,ir-quarter-1-of-district-9,adjacent,osm
ir-rahnemayi-2,ir-behesht,adjacent,osm
ir-rahnemayi-2,ir-nofel-loshato,adjacent,osm
ir-rahnemayi-2,ir-quarter-1-of-district-1,adjacent,osm
ir-rahnemayi-2,ir-felestin-3,adjacent,osm
ir-rahnemayi-2,ir-abkuh,adjacent,osm
ir-rahnemayi-2,ir-goharshad,adjacent,osm
ir-rahnemayi-2,ir-quarter-2-of-district-1,adjacent,osm
ir-abkuh,ir-quarter-1-of-district-1,adjacent,osm
ir-abkuh,ir-felestin-3,adjacent,osm
ir-abkuh,ir-goharshad,adjacent,osm
ir-abkuh,ir-quarter-2-of-district-1,adjacent,osm
ir-ahmad-abad-2,ir-quarter-2-of-district-8,adjacent,osm
ir-ahmad-abad-2,ir-kuhsangi,adjacent,osm
ir-ahmad-abad-2,ir-quarter-1-of-district-8,adjacent,osm
ir-ahmad-abad-2,ir-dah-dey,adjacent,osm
ir-ahmad-abad-2,ir-quarter-1-of-district-9,adjacent,osm
ir-ahmad-abad-2,ir-behesht,adjacent,osm
ir-ahmad-abad-2,ir-nofel-loshato,adjacent,osm
ir-ahmad-abad-2,ir-quarter-1-of-district-1,adjacent,osm
ir-ahmad-abad-2,ir-felestin-3,adjacent,osm
ir-ahmad-abad-2,ir-quarter-2-of-district-1,adjacent,osm
ir-behesht,ir-quarter-2-of-district-8,adjacent,osm
ir-behesht,ir-kuhsangi,adjacent,osm
ir-behesht,ir-quarter-1-of-district-8,adjacent,osm
ir-behesht,ir-dah-dey,adjacent,osm
ir-behesht,ir-jannat,adjacent,osm
ir-behesht,ir-quarter-1-of-district-1,adjacent,osm
ir-behesht,ir-sanabad,adjacent,osm
ir-behesht,ir-goharshad,adjacent,osm
ir-behesht,ir-quarter-2-of-district-1,adjacent,osm
ir-ebadi,ir-kashani-2,adjacent,osm
ir-ebadi,ir-rah-ahan-2,adjacent,osm
ir-ebadi,ir-amel,adjacent,osm
ir-ebadi,ir-quarter-1-of-district-3,adjacent,osm
ir-ebadi,ir-motahari-2,adjacent,osm
ir-ebadi,ir-samezghand,adjacent,osm
ir-ebadi,ir-quarter-1-of-district-2,adjacent,osm
ir-ebadi,ir-honarvar,adjacent,osm
ir-shahid-basir,ir-quarter-3-of-district-2,adjacent,osm
ir-shahid-basir,ir-isargaran-2,adjacent,osm
ir-shahid-basir,ir-shahrak-motahari,adjacent,osm
ir-fadak-2,ir-janbaz,adjacent,osm
ir-fadak-2,ir-quarter-4-of-district-2,adjacent,osm
ir-fadak-2,ir-amir,adjacent,osm
ir-fadak-2,ir-baharan-3,adjacent,osm
ir-fadak-2,ir-quarter-2-of-district-2,adjacent,osm
ir-fadak-2,ir-navid,adjacent,osm
ir-fadak-2,ir-vahdat-2,adjacent,osm
ir-shafa,ir-quarter-1-of-district-3,adjacent,osm
ir-shafa,ir-fatemiyeh-2,adjacent,osm
ir-shafa,ir-samezghand,adjacent,osm
ir-shafa,ir-gas,adjacent,osm
ir-shafa,ir-quarter-1-of-district-2,adjacent,osm
ir-shafa,ir-honarvar,adjacent,osm
ir-shafa,ir-yas,adjacent,osm
ir-shafa,ir-isargaran,adjacent,osm
ir-shahrak-motahari,ir-quarter-3-of-district-2,adjacent,osm
ir-shahrak-motahari,ir-isargaran-2,adjacent,osm
ir-shahrak-motahari,ir-mashhadgholi,adjacent,osm
ir-mashhadgholi,ir-quarter-3-of-district-2,adjacent,osm
ir-mashhadgholi,ir-toos,adjacent,osm
ir-mashhadgholi,ir-isargaran-2,adjacent,osm
ir-toos,ir-quarter-3-of-district-2,adjacent,osm
ir-toos,ir-r20189528,adjacent,osm
ir-toos,ir-isargaran-2,adjacent,osm
ir-mehdi-abad-2,ir-imam-hadi-community,adjacent,osm
ir-mehdi-abad-2,ir-hazrat-hojjat,adjacent,osm
ir-mehdi-abad-2,ir-quarter-3-of-district-2,adjacent,osm
ir-mehdi-abad-2,ir-r20189528,adjacent,osm
ir-hazrat-hojjat,ir-quarter-2-of-district-2,adjacent,osm
ir-hazrat-hojjat,ir-imam-hadi-community,adjacent,osm
ir-hazrat-hojjat,ir-navid,adjacent,osm
ir-hazrat-hojjat,ir-quarter-3-of-district-2,adjacent,osm
ir-navid,ir-quarter-1-of-district-11,adjacent,osm
ir-navid,ir-quarter-4-of-district-2,adjacent,osm
ir-navid,ir-ziba-shahr-4,adjacent,osm
ir-navid,ir-baharan-3,adjacent,osm
ir-navid,ir-quarter-1-of-district-10,adjacent,osm
ir-navid,ir-razi-community,adjacent,osm
ir-navid,ir-quarter-2-of-district-2,adjacent,osm
ir-navid,ir-imam-hadi-community,adjacent,osm
ir-navid,ir-quarter-3-of-district-2,adjacent,osm
ir-navid,ir-vahdat-2,adjacent,osm
ir-samezghand,ir-kashani-2,adjacent,osm
ir-samezghand,ir-rah-ahan-2,adjacent,osm
ir-samezghand,ir-quarter-1-of-district-3,adjacent,osm
ir-samezghand,ir-fatemiyeh-2,adjacent,osm
ir-samezghand,ir-motahari-2,adjacent,osm
ir-samezghand,ir-gas,adjacent,osm
ir-samezghand,ir-quarter-1-of-district-2,adjacent,osm
ir-samezghand,ir-honarvar,adjacent,osm
ir-daravey,ir-quarter-1-of-district-3,adjacent,osm
ir-daravey,ir-resalat-5,adjacent,osm
ir-daravey,ir-abbas-abad-7,adjacent,osm
ir-daravey,ir-gas,adjacent,osm
ir-daravey,ir-ghaem-2,adjacent,osm
ir-daravey,ir-quarter-2-of-district-3,adjacent,osm
ir-daravey,ir-sisabad,adjacent,osm
ir-daravey,ir-quarter-3-of-district-3,adjacent,osm
ir-daravey,ir-khajeh-rabi,adjacent,osm
ir-quarter-4-of-district-3,ir-shahid-ahmadi-roshan,adjacent,osm
ir-quarter-4-of-district-3,ir-shahid-ali-mohammadi,adjacent,osm
ir-quarter-4-of-district-3,ir-shahid-shahriari,adjacent,osm
ir-quarter-4-of-district-3,ir-shahrak-mehrgan,adjacent,osm
ir-shahid-shahriari,ir-shahid-ali-mohammadi,adjacent,osm
ir-shahid-shahriari,ir-shahrak-mehrgan,adjacent,osm
ir-shahrak-mehrgan,ir-shahid-ali-mohammadi,adjacent,osm
ir-shahid-ahmadi-roshan,ir-shahid-ali-mohammadi,adjacent,osm
ir-bahman,ir-quarter-1-of-district-3,adjacent,osm
ir-bahman,ir-gas,adjacent,osm
ir-bahman,ir-quarter-1-of-district-2,adjacent,osm
ir-bahman,ir-belal,adjacent,osm
ir-bahman,ir-isargaran,adjacent,osm
ir-bahman,ir-sadeghiyeh,adjacent,osm
ir-bahman,ir-quarter-3-of-district-3,adjacent,osm
ir-bahman,ir-khajeh-rabi,adjacent,osm
ir-bahman,ir-quarter-2-of-district-2,adjacent,osm
ir-bahman,ir-vahdat-2,adjacent,osm
ir-najafshahr,ir-sirjan,adjacent,osm
ir-abuzar,ir-golshur,adjacent,osm
ir-abuzar,ir-quarter-1-of-district-4,adjacent,osm
ir-abuzar,ir-tollab,adjacent,osm
ir-abuzar,ir-quarter-2-of-district-4,adjacent,osm
ir-abuzar,ir-vahid,adjacent,osm
ir-abuzar,ir-kheir-abad,adjacent,osm
ir-abuzar,ir-resalat-5,adjacent,osm
ir-abuzar,ir-radeh,adjacent,osm
ir-abuzar,ir-quarter-3-of-district-4,adjacent,osm
ir-abuzar,ir-abbas-abad-7,adjacent,osm
ir-abuzar,ir-quarter-2-of-district-3,adjacent,osm
ir-shahid-ghorbani,ir-panjtan,adjacent,osm
ir-shahid-ghorbani,ir-radeh,adjacent,osm
ir-shahid-ghorbani,ir-quarter-3-of-district-4,adjacent,osm
ir-shahid-ghorbani,ir-panjtan-al-abaa,adjacent,osm
ir-shahid-ghorbani,ir-north-tabarsi,adjacent,osm
ir-shahid-ghorbani,ir-quarter-2-of-district-3,adjacent,osm
ir-vahid,ir-golshur,adjacent,osm
ir-vahid,ir-quarter-1-of-district-4,adjacent,osm
ir-vahid,ir-telgerd,adjacent,osm
ir-vahid,ir-tollab,adjacent,osm
ir-vahid,ir-quarter-2-of-district-4,adjacent,osm
ir-vahid,ir-panjtan,adjacent,osm
ir-vahid,ir-radeh,adjacent,osm
ir-vahid,ir-quarter-3-of-district-4,adjacent,osm
ir-tollab,ir-golshur,adjacent,osm
ir-tollab,ir-isar-2,adjacent,osm
ir-tollab,ir-quarter-1-of-district-4,adjacent,osm
ir-tollab,ir-quarter-2-of-district-4,adjacent,osm
ir-tollab,ir-siloo,adjacent,osm
ir-tollab,ir-kheir-abad,adjacent,osm
ir-tollab,ir-quarter-1-of-district-3,adjacent,osm
ir-tollab,ir-resalat-5,adjacent,osm
ir-tollab,ir-quarter-2-of-district-3,adjacent,osm
ir-r8811515,ir-r8812347,adjacent,osm
ir-r8811515,ir-r8812490,adjacent,osm
ir-r8812347,ir-r8812484,adjacent,osm
ir-r8812347,ir-r8812490,adjacent,osm
ir-r8812484,ir-r8812490,adjacent,osm
ir-panjtan-al-abaa,ir-quarter-2-of-district-5,adjacent,osm
ir-panjtan-al-abaa,ir-neyzeh,adjacent,osm
ir-panjtan-al-abaa,ir-panjtan,adjacent,osm
ir-panjtan-al-abaa,ir-quarter-3-of-district-4,adjacent,osm
ir-joupar,ir-mohiabad,adjacent,osm
ir-isar-2,ir-quarter-1-of-district-5,adjacent,osm
ir-isar-2,ir-hossein-abad-2,adjacent,osm
ir-isar-2,ir-rezayieh,adjacent,osm
ir-isar-2,ir-sajjadiyeh,adjacent,osm
ir-isar-2,ir-r10374413,adjacent,osm
ir-isar-2,ir-javadiyeh-2,adjacent,osm
ir-isar-2,ir-nowghan,adjacent,osm
ir-isar-2,ir-golshur,adjacent,osm
ir-isar-2,ir-quarter-1-of-district-4,adjacent,osm
ir-isar-2,ir-daryadel,adjacent,osm
ir-isar-2,ir-rah-ahan-2,adjacent,osm
ir-isar-2,ir-siloo,adjacent,osm
ir-isar-2,ir-kheir-abad,adjacent,osm
ir-isar-2,ir-quarter-1-of-district-3,adjacent,osm
ir-isar-2,ir-quarter-2-of-district-3,adjacent,osm
ir-panjtan,ir-quarter-2-of-district-5,adjacent,osm
ir-panjtan,ir-shahid-avini-2,adjacent,osm
ir-panjtan,ir-telgerd,adjacent,osm
ir-panjtan,ir-quarter-2-of-district-4,adjacent,osm
ir-panjtan,ir-neyzeh,adjacent,osm
ir-panjtan,ir-radeh,adjacent,osm
ir-panjtan,ir-quarter-3-of-district-4,adjacent,osm
ir-quarter-2-of-district-4,ir-samen,adjacent,osm
ir-quarter-2-of-district-4,ir-quarter-2-of-district-5,adjacent,osm
ir-quarter-2-of-district-4,ir-golshur,adjacent,osm
ir-quarter-2-of-district-4,ir-quarter-1-of-district-4,adjacent,osm
ir-quarter-2-of-district-4,ir-shahid-avini-2,adjacent,osm
ir-quarter-2-of-district-4,ir-telgerd,adjacent,osm
ir-quarter-2-of-district-4,ir-kheir-abad,adjacent,osm
ir-quarter-2-of-district-4,ir-resalat-5,adjacent,osm
ir-quarter-2-of-district-4,ir-radeh,adjacent,osm
ir-quarter-2-of-district-4,ir-quarter-3-of-district-4,adjacent,osm
ir-quarter-2-of-district-4,ir-abbas-abad-7,adjacent,osm
ir-quarter-2-of-district-4,ir-quarter-2-of-district-3,adjacent,osm
ir-telgerd,ir-samen,adjacent,osm
ir-telgerd,ir-quarter-2-of-district-5,adjacent,osm
ir-telgerd,ir-golshur,adjacent,osm
ir-telgerd,ir-quarter-1-of-district-4,adjacent,osm
ir-telgerd,ir-shahid-avini-2,adjacent,osm
ir-telgerd,ir-quarter-3-of-district-4,adjacent,osm
ir-quarter-1-of-district-4,ir-shahrak-mehrabad,adjacent,osm
ir-quarter-1-of-district-4,ir-quarter-1-of-district-5,adjacent,osm
ir-quarter-1-of-district-4,ir-hossein-abad-2,adjacent,osm
ir-quarter-1-of-district-4,ir-rezayieh,adjacent,osm
ir-quarter-1-of-district-4,ir-sajjadiyeh,adjacent,osm
ir-quarter-1-of-district-4,ir-samen,adjacent,osm
ir-quarter-1-of-district-4,ir-r10374413,adjacent,osm
ir-quarter-1-of-district-4,ir-quarter-2-of-district-5,adjacent,osm
ir-quarter-1-of-district-4,ir-javadiyeh-2,adjacent,osm
ir-quarter-1-of-district-4,ir-nowghan,adjacent,osm
ir-quarter-1-of-district-4,ir-golshur,adjacent,osm
ir-quarter-1-of-district-4,ir-daryadel,adjacent,osm
ir-quarter-1-of-district-4,ir-rah-ahan-2,adjacent,osm
ir-quarter-1-of-district-4,ir-siloo,adjacent,osm
ir-quarter-1-of-district-4,ir-kheir-abad,adjacent,osm
ir-quarter-1-of-district-4,ir-quarter-1-of-district-3,adjacent,osm
ir-quarter-1-of-district-4,ir-resalat-5,adjacent,osm
ir-quarter-1-of-district-4,ir-quarter-2-of-district-3,adjacent,osm
ir-golshur,ir-shahrak-mehrabad,adjacent,osm
ir-golshur,ir-quarter-1-of-district-5,adjacent,osm
ir-golshur,ir-hossein-abad-2,adjacent,osm
ir-golshur,ir-samen,adjacent,osm
ir-golshur,ir-quarter-2-of-district-5,adjacent,osm
ir-neyzeh,ir-quarter-2-of-district-5,adjacent,osm
ir-neyzeh,ir-shahid-avini-2,adjacent,osm
ir-neyzeh,ir-amir-almomenin-2,adjacent,osm
ir-neyzeh,ir-quarter-3-of-district-4,adjacent,osm
ir-sajjadiyeh,ir-quarter-1-of-district-5,adjacent,osm
ir-sajjadiyeh,ir-hossein-abad-2,adjacent,osm
ir-sajjadiyeh,ir-rezayieh,adjacent,osm
ir-hossein-abad-2,ir-quarter-2-of-district-6,adjacent,osm
ir-hossein-abad-2,ir-amir-abad-4,adjacent,osm
ir-hossein-abad-2,ir-karmandan-dovom,adjacent,osm
ir-hossein-abad-2,ir-quarter-1-of-district-6,adjacent,osm
ir-hossein-abad-2,ir-karmandan-aval,adjacent,osm
ir-hossein-abad-2,ir-shahrak-mehrabad,adjacent,osm
ir-hossein-abad-2,ir-jalaliyeh,adjacent,osm
ir-hossein-abad-2,ir-quarter-1-of-district-5,adjacent,osm
ir-hossein-abad-2,ir-rezayieh,adjacent,osm
ir-hossein-abad-2,ir-samen,adjacent,osm
ir-hossein-abad-2,ir-quarter-2-of-district-5,adjacent,osm
ir-amir-almomenin-2,ir-samen,adjacent,osm
ir-amir-almomenin-2,ir-quarter-2-of-district-5,adjacent,osm
ir-amir-almomenin-2,ir-shahid-avini-2,adjacent,osm
ir-samen,ir-quarter-3-of-district-6,adjacent,osm
ir-samen,ir-pursina,adjacent,osm
ir-samen,ir-mehdi-abad-4,adjacent,osm
ir-samen,ir-shahrak-mehrabad,adjacent,osm
ir-samen,ir-quarter-1-of-district-5,adjacent,osm
ir-samen,ir-quarter-2-of-district-5,adjacent,osm
ir-samen,ir-shahid-avini-2,adjacent,osm
ir-shahid-avini-2,ir-quarter-2-of-district-5,adjacent,osm
ir-shahid-avini-2,ir-quarter-3-of-district-4,adjacent,osm
ir-shahrak-mehrabad,ir-quarter-2-of-district-6,adjacent,osm
ir-shahrak-mehrabad,ir-amir-abad-4,adjacent,osm
ir-shahrak-mehrabad,ir-karmandan-dovom,adjacent,osm
ir-shahrak-mehrabad,ir-quarter-1-of-district-6,adjacent,osm
ir-shahrak-mehrabad,ir-quarter-3-of-district-6,adjacent,osm
ir-shahrak-mehrabad,ir-pursina,adjacent,osm
ir-shahrak-mehrabad,ir-quarter-1-of-district-5,adjacent,osm
ir-shahrak-mehrabad,ir-quarter-2-of-district-5,adjacent,osm
ir-mehdi-abad-4,ir-ansar,adjacent,osm
ir-mehdi-abad-4,ir-arvand,adjacent,osm
ir-mehdi-abad-4,ir-mowud,adjacent,osm
ir-mehdi-abad-4,ir-quarter-3-of-district-6,adjacent,osm
ir-mehdi-abad-4,ir-pursina,adjacent,osm
ir-mehdi-abad-4,ir-quarter-2-of-district-5,adjacent,osm
ir-quarter-2-of-district-5,ir-quarter-2-of-district-6,adjacent,osm
ir-quarter-2-of-district-5,ir-ansar,adjacent,osm
ir-quarter-2-of-district-5,ir-arvand,adjacent,osm
ir-quarter-2-of-district-5,ir-amir-abad-4,adjacent,osm
ir-quarter-2-of-district-5,ir-karmandan-dovom,adjacent,osm
ir-quarter-2-of-district-5,ir-mowud,adjacent,osm
ir-quarter-2-of-district-5,ir-quarter-1-of-district-6,adjacent,osm
ir-quarter-2-of-district-5,ir-quarter-3-of-district-6,adjacent,osm
ir-quarter-2-of-district-5,ir-pursina,adjacent,osm
ir-quarter-2-of-district-5,ir-quarter-1-of-district-5,adjacent,osm
ir-quarter-2-of-district-5,ir-quarter-3-of-district-4,adjacent,osm
ir-shahrak-shirin,ir-airport-3,adjacent,osm
ir-shahrak-shirin,ir-mostafa-khomeini,adjacent,osm
ir-shahrak-shirin,ir-quarter-2-of-district-6,adjacent,osm
ir-shahrak-shirin,ir-shahid-maghul,adjacent,osm
ir-shahrak-shirin,ir-mohammad-abad-3,adjacent,osm
ir-shahrak-shirin,ir-amir-abad-4,adjacent,osm
ir-shahrak-shirin,ir-karmandan-dovom,adjacent,osm
ir-shahrak-shirin,ir-quarter-1-of-district-6,adjacent,osm
ir-quarter-3-of-district-6,ir-keshavarz,adjacent,osm
ir-quarter-3-of-district-6,ir-quarter-2-of-district-6,adjacent,osm
ir-quarter-3-of-district-6,ir-shahid-maghul,adjacent,osm
ir-quarter-3-of-district-6,ir-ansar,adjacent,osm
ir-quarter-3-of-district-6,ir-arvand,adjacent,osm
ir-quarter-3-of-district-6,ir-amir-abad-4,adjacent,osm
ir-quarter-3-of-district-6,ir-mowud,adjacent,osm
ir-quarter-3-of-district-6,ir-pursina,adjacent,osm
ir-mostafa-khomeini,ir-airport-3,adjacent,osm
ir-mostafa-khomeini,ir-quarter-2-of-district-6,adjacent,osm
ir-mostafa-khomeini,ir-quarter-1-of-district-7,adjacent,osm
ir-mostafa-khomeini,ir-kargaran,adjacent,osm
ir-mostafa-khomeini,ir-mohammad-abad-3,adjacent,osm
ir-mostafa-khomeini,ir-karmandan-dovom,adjacent,osm
ir-mostafa-khomeini,ir-quarter-1-of-district-6,adjacent,osm
ir-quarter-1-of-district-6,ir-airport-3,adjacent,osm
ir-quarter-1-of-district-6,ir-quarter-2-of-district-6,adjacent,osm
ir-quarter-1-of-district-6,ir-quarter-1-of-district-7,adjacent,osm
ir-quarter-1-of-district-6,ir-kargaran,adjacent,osm
ir-quarter-1-of-district-6,ir-mohammad-abad-3,adjacent,osm
ir-quarter-1-of-district-6,ir-amir-abad-4,adjacent,osm
ir-quarter-1-of-district-6,ir-karmandan-dovom,adjacent,osm
ir-quarter-1-of-district-6,ir-hefdah-shahrivar,adjacent,osm
ir-quarter-1-of-district-6,ir-shirudi,adjacent,osm
ir-quarter-1-of-district-6,ir-karmandan-aval,adjacent,osm
ir-quarter-1-of-district-6,ir-onsori,adjacent,osm
ir-quarter-1-of-district-6,ir-chahnow,adjacent,osm
ir-quarter-1-of-district-6,ir-eidgah,adjacent,osm
ir-quarter-1-of-district-6,ir-jalaliyeh,adjacent,osm
ir-quarter-1-of-district-6,ir-quarter-1-of-district-5,adjacent,osm
ir-quarter-1-of-district-6,ir-rezayieh,adjacent,osm
ir-quarter-1-of-district-6,ir-raad,adjacent,osm
ir-quarter-1-of-district-6,ir-r10374413,adjacent,osm
ir-mohammad-abad-3,ir-airport-3,adjacent,osm
ir-mohammad-abad-3,ir-quarter-2-of-district-6,adjacent,osm
ir-mohammad-abad-3,ir-quarter-1-of-district-7,adjacent,osm
ir-mohammad-abad-3,ir-kargaran,adjacent,osm
ir-mohammad-abad-3,ir-karmandan-dovom,adjacent,osm
ir-mohammad-abad-3,ir-shirudi,adjacent,osm
ir-mohammad-abad-3,ir-karmandan-aval,adjacent,osm
ir-karmandan-dovom,ir-quarter-2-of-district-6,adjacent,osm
ir-karmandan-dovom,ir-amir-abad-4,adjacent,osm
ir-karmandan-dovom,ir-shirudi,adjacent,osm
ir-karmandan-dovom,ir-karmandan-aval,adjacent,osm
ir-karmandan-dovom,ir-jalaliyeh,adjacent,osm
ir-karmandan-dovom,ir-quarter-1-of-district-5,adjacent,osm
ir-karmandan-dovom,ir-rezayieh,adjacent,osm
ir-karmandan-aval,ir-shirudi,adjacent,osm
ir-karmandan-aval,ir-chahnow,adjacent,osm
ir-karmandan-aval,ir-eidgah,adjacent,osm
ir-karmandan-aval,ir-jalaliyeh,adjacent,osm
ir-karmandan-aval,ir-quarter-1-of-district-5,adjacent,osm
ir-karmandan-aval,ir-rezayieh,adjacent,osm
ir-karmandan-aval,ir-raad,adjacent,osm
ir-karmandan-aval,ir-r10374413,adjacent,osm
ir-shirudi,ir-quarter-1-of-district-7,adjacent,osm
ir-shirudi,ir-kargaran,adjacent,osm
ir-shirudi,ir-hefdah-shahrivar,adjacent,osm
ir-shirudi,ir-chahnow,adjacent,osm
ir-chahnow,ir-quarter-1-of-district-7,adjacent,osm
ir-chahnow,ir-kargaran,adjacent,osm
ir-chahnow,ir-hefdah-shahrivar,adjacent,osm
ir-chahnow,ir-onsori,adjacent,osm
ir-chahnow,ir-eidgah,adjacent,osm
ir-chahnow,ir-raad,adjacent,osm
ir-chahnow,ir-r10374413,adjacent,osm
ir-mowud,ir-keshavarz,adjacent,osm
ir-mowud,ir-quarter-2-of-district-6,adjacent,osm
ir-mowud,ir-shahid-maghul,adjacent,osm
ir-mowud,ir-ansar,adjacent,osm
ir-mowud,ir-arvand,adjacent,osm
ir-mowud,ir-amir-abad-4,adjacent,osm
ir-mowud,ir-pursina,adjacent,osm
ir-pursina,ir-quarter-2-of-district-6,adjacent,osm
ir-pursina,ir-shahid-maghul,adjacent,osm
ir-pursina,ir-amir-abad-4,adjacent,osm
ir-shahid-maghul,ir-airport-3,adjacent,osm
ir-shahid-maghul,ir-keshavarz,adjacent,osm
ir-shahid-maghul,ir-quarter-2-of-district-6,adjacent,osm
ir-shahid-maghul,ir-arvand,adjacent,osm
ir-shahid-maghul,ir-amir-abad-4,adjacent,osm
ir-amir-abad-4,ir-quarter-2-of-district-6,adjacent,osm
ir-amir-abad-4,ir-quarter-1-of-district-5,adjacent,osm
ir-arvand,ir-keshavarz,adjacent,osm
ir-arvand,ir-quarter-2-of-district-6,adjacent,osm
ir-arvand,ir-ansar,adjacent,osm
ir-ansar,ir-keshavarz,adjacent,osm
ir-ansar,ir-quarter-2-of-district-6,adjacent,osm
ir-ekhtiarabad,ir-kerman-2,adjacent,osm
ir-kazemabad,ir-chatroud,adjacent,osm
ir-r8818635,ir-r8818644,adjacent,osm
ir-r8818635,ir-r8818609,adjacent,osm
ir-r8818635,ir-r11558739,adjacent,osm
ir-baravat,ir-arg-e-jadid-e-bam,adjacent,osm
ir-baravat,ir-bam,adjacent,osm
ir-istgahe-sareyn,ir-ghods,adjacent,osm
ir-istgahe-sareyn,ir-azadi-2,adjacent,osm
ir-istgahe-sareyn,ir-mo-alem,adjacent,osm
ir-istgahe-sareyn,ir-hafez,adjacent,osm
ir-istgahe-sareyn,ir-shariati-3,adjacent,osm
ir-istgahe-sareyn,ir-danesh-3,adjacent,osm
ir-shahrak-abouzar,ir-robat,adjacent,osm
ir-shahrak-abouzar,ir-quarter-3-of-district-7,adjacent,osm
ir-shahrak-abouzar,ir-shahrak-baharestan-3,adjacent,osm
ir-shahrak-abouzar,ir-enghelab-6,adjacent,osm
ir-shahrak-abouzar,ir-quarter-2-of-district-7,adjacent,osm
ir-shahrak-abouzar,ir-airport-3,adjacent,osm
ir-toroq,ir-eyvan,adjacent,osm
ir-toroq,ir-quarter-3-of-district-7,adjacent,osm
ir-toroq,ir-airport-3,adjacent,osm
ir-asgariyeh,ir-enghelab-6,adjacent,osm
ir-asgariyeh,ir-quarter-2-of-district-7,adjacent,osm
ir-asgariyeh,ir-airport-3,adjacent,osm
ir-asgariyeh,ir-kuy-seyedi,adjacent,osm
ir-asgariyeh,ir-kuy-police,adjacent,osm
ir-asgariyeh,ir-quarter-1-of-district-7,adjacent,osm
ir-almahdi-2,ir-quarter-2-of-district-7,adjacent,osm
ir-almahdi-2,ir-kuy-valiasr,adjacent,osm
ir-almahdi-2,ir-kuy-seyedi,adjacent,osm
ir-almahdi-2,ir-iman,adjacent,osm
ir-eyvan,ir-robat,adjacent,osm
ir-eyvan,ir-quarter-3-of-district-7,adjacent,osm
ir-eyvan,ir-airport-3,adjacent,osm
ir-robat,ir-quarter-3-of-district-7,adjacent,osm
ir-robat,ir-enghelab-6,adjacent,osm
ir-robat,ir-quarter-2-of-district-7,adjacent,osm
ir-robat,ir-airport-3,adjacent,osm
ir-quarter-3-of-district-7,ir-enghelab-6,adjacent,osm
ir-quarter-3-of-district-7,ir-quarter-2-of-district-7,adjacent,osm
ir-quarter-3-of-district-7,ir-airport-3,adjacent,osm
ir-enghelab-6,ir-shahrak-baharestan-3,adjacent,osm
ir-enghelab-6,ir-quarter-2-of-district-7,adjacent,osm
ir-enghelab-6,ir-airport-3,adjacent,osm
ir-enghelab-6,ir-kuy-seyedi,adjacent,osm
ir-enghelab-6,ir-kuy-police,adjacent,osm
ir-enghelab-6,ir-quarter-1-of-district-7,adjacent,osm
ir-shahrak-baharestan-3,ir-quarter-2-of-district-7,adjacent,osm
ir-shahrak-baharestan-3,ir-kuy-valiasr,adjacent,osm
ir-shahrak-baharestan-3,ir-kuy-seyedi,adjacent,osm
ir-kuy-valiasr,ir-quarter-2-of-district-7,adjacent,osm
ir-kuy-valiasr,ir-kuy-seyedi,adjacent,osm
ir-kuy-valiasr,ir-iman,adjacent,osm
ir-kuy-seyedi,ir-quarter-2-of-district-7,adjacent,osm
ir-kuy-seyedi,ir-kuy-police,adjacent,osm
ir-kuy-seyedi,ir-iman,adjacent,osm
ir-kuy-seyedi,ir-quarter-1-of-district-7,adjacent,osm
ir-hefdah-shahrivar,ir-parvin-etesami,adjacent,osm
ir-hefdah-shahrivar,ir-quarter-1-of-district-7,adjacent,osm
ir-hefdah-shahrivar,ir-moghadam-2,adjacent,osm
ir-hefdah-shahrivar,ir-kargaran,adjacent,osm
ir-hefdah-shahrivar,ir-kushesh,adjacent,osm
ir-hefdah-shahrivar,ir-onsori,adjacent,osm
ir-hefdah-shahrivar,ir-eidgah,adjacent,osm
ir-hefdah-shahrivar,ir-r10374413,adjacent,osm
ir-airport-3,ir-quarter-2-of-district-7,adjacent,osm
ir-airport-3,ir-kuy-police,adjacent,osm
ir-airport-3,ir-keshavarz,adjacent,osm
ir-airport-3,ir-quarter-2-of-district-6,adjacent,osm
ir-airport-3,ir-parvin-etesami,adjacent,osm
ir-airport-3,ir-quarter-1-of-district-7,adjacent,osm
ir-airport-3,ir-kargaran,adjacent,osm
ir-kuy-police,ir-quarter-2-of-district-7,adjacent,osm
ir-kuy-police,ir-iman,adjacent,osm
ir-kuy-police,ir-parvin-etesami,adjacent,osm
ir-kuy-police,ir-quarter-1-of-district-7,adjacent,osm
ir-kuy-police,ir-imam-reza-teravel-terminal,adjacent,osm
ir-kuy-police,ir-moghadam-2,adjacent,osm
ir-kuy-police,ir-kushesh,adjacent,osm
ir-kuy-police,ir-quarter-2-of-district-8,adjacent,osm
ir-parvin-etesami,ir-quarter-1-of-district-7,adjacent,osm
ir-parvin-etesami,ir-moghadam-2,adjacent,osm
ir-parvin-etesami,ir-kargaran,adjacent,osm
ir-kargaran,ir-quarter-2-of-district-6,adjacent,osm
ir-kargaran,ir-quarter-1-of-district-7,adjacent,osm
ir-moghadam-2,ir-quarter-1-of-district-7,adjacent,osm
ir-moghadam-2,ir-kushesh,adjacent,osm
ir-moghadam-2,ir-onsori,adjacent,osm
ir-kushesh,ir-quarter-2-of-district-7,adjacent,osm
ir-kushesh,ir-iman,adjacent,osm
ir-kushesh,ir-quarter-1-of-district-7,adjacent,osm
ir-kushesh,ir-imam-reza-teravel-terminal,adjacent,osm
ir-kushesh,ir-khorramshahr,adjacent,osm
ir-kushesh,ir-emam-reza,adjacent,osm
ir-kushesh,ir-quarter-2-of-district-8,adjacent,osm
ir-kushesh,ir-onsori,adjacent,osm
ir-kushesh,ir-salam,adjacent,osm
ir-kushesh,ir-quarter-1-of-district-8,adjacent,osm
ir-quarter-1-of-district-7,ir-quarter-2-of-district-7,adjacent,osm
ir-quarter-1-of-district-7,ir-iman,adjacent,osm
ir-quarter-1-of-district-7,ir-quarter-2-of-district-6,adjacent,osm
ir-quarter-1-of-district-7,ir-imam-reza-teravel-terminal,adjacent,osm
ir-quarter-1-of-district-7,ir-khorramshahr,adjacent,osm
ir-quarter-1-of-district-7,ir-emam-reza,adjacent,osm
ir-quarter-1-of-district-7,ir-quarter-2-of-district-8,adjacent,osm
ir-quarter-1-of-district-7,ir-onsori,adjacent,osm
ir-quarter-1-of-district-7,ir-salam,adjacent,osm
ir-quarter-1-of-district-7,ir-eidgah,adjacent,osm
ir-quarter-1-of-district-7,ir-danesh-2,adjacent,osm
ir-quarter-1-of-district-7,ir-quarter-1-of-district-8,adjacent,osm
ir-quarter-1-of-district-7,ir-ayat-allah-khamenei,adjacent,osm
ir-quarter-1-of-district-7,ir-chaharbagh,adjacent,osm
ir-quarter-1-of-district-7,ir-r10374413,adjacent,osm
ir-onsori,ir-emam-reza,adjacent,osm
ir-onsori,ir-quarter-2-of-district-8,adjacent,osm
ir-onsori,ir-salam,adjacent,osm
ir-onsori,ir-eidgah,adjacent,osm
ir-onsori,ir-danesh-2,adjacent,osm
ir-onsori,ir-quarter-1-of-district-8,adjacent,osm
ir-onsori,ir-ayat-allah-khamenei,adjacent,osm
ir-onsori,ir-chaharbagh,adjacent,osm
ir-onsori,ir-r10374413,adjacent,osm
ir-khorramshahr,ir-imam-reza-teravel-terminal,adjacent,osm
ir-khorramshahr,ir-imam-khomeini,adjacent,osm
ir-khorramshahr,ir-emam-reza,adjacent,osm
ir-khorramshahr,ir-quarter-2-of-district-8,adjacent,osm
ir-emam-reza,ir-imam-khomeini,adjacent,osm
ir-emam-reza,ir-quarter-2-of-district-8,adjacent,osm
ir-emam-reza,ir-salam,adjacent,osm
ir-emam-reza,ir-quarter-1-of-district-8,adjacent,osm
ir-emam-reza,ir-dah-dey,adjacent,osm
ir-sanabad,ir-quarter-1-of-district-8,adjacent,osm
ir-sanabad,ir-dah-dey,adjacent,osm
ir-sanabad,ir-jannat,adjacent,osm
ir-sanabad,ir-sarab,adjacent,osm
ir-sanabad,ir-quarter-2-of-district-1,adjacent,osm
ir-shahid-beheshti-3,ir-abadgaran,adjacent,osm
ir-shahid-beheshti-3,ir-imam-khomeini,adjacent,osm
ir-shahid-beheshti-3,ir-quarter-2-of-district-8,adjacent,osm
ir-shahid-beheshti-3,ir-kuhsangi,adjacent,osm
ir-shahid-beheshti-3,ir-quarter-1-of-district-8,adjacent,osm
ir-shahid-beheshti-3,ir-dah-dey,adjacent,osm
ir-quarter-1-of-district-8,ir-imam-khomeini,adjacent,osm
ir-quarter-1-of-district-8,ir-quarter-2-of-district-8,adjacent,osm
ir-quarter-1-of-district-8,ir-kuhsangi,adjacent,osm
ir-quarter-1-of-district-8,ir-salam,adjacent,osm
ir-quarter-1-of-district-8,ir-eidgah,adjacent,osm
ir-quarter-1-of-district-8,ir-danesh-2,adjacent,osm
ir-quarter-1-of-district-8,ir-dah-dey,adjacent,osm
ir-quarter-1-of-district-8,ir-ayat-allah-khamenei,adjacent,osm
ir-quarter-1-of-district-8,ir-chaharbagh,adjacent,osm
ir-quarter-1-of-district-8,ir-jannat,adjacent,osm
ir-quarter-1-of-district-8,ir-r10374413,adjacent,osm
ir-quarter-1-of-district-8,ir-sarab,adjacent,osm
ir-quarter-1-of-district-8,ir-bala-khiaban,adjacent,osm
ir-quarter-1-of-district-8,ir-quarter-1-of-district-1,adjacent,osm
ir-quarter-1-of-district-8,ir-shahid-hasheminejad,adjacent,osm
ir-quarter-1-of-district-8,ir-kashani-2,adjacent,osm
ir-quarter-1-of-district-8,ir-quarter-2-of-district-1,adjacent,osm
ir-quarter-1-of-district-8,ir-amel,adjacent,osm
ir-quarter-1-of-district-8,ir-quarter-1-of-district-3,adjacent,osm
ir-quarter-1-of-district-8,ir-quarter-1-of-district-2,adjacent,osm
ir-salam,ir-quarter-2-of-district-8,adjacent,osm
ir-salam,ir-danesh-2,adjacent,osm
ir-salam,ir-dah-dey,adjacent,osm
ir-jannat,ir-dah-dey,adjacent,osm
ir-jannat,ir-sarab,adjacent,osm
ir-jannat,ir-quarter-2-of-district-1,adjacent,osm
ir-ayat-allah-khamenei,ir-eidgah,adjacent,osm
ir-ayat-allah-khamenei,ir-danesh-2,adjacent,osm
ir-ayat-allah-khamenei,ir-dah-dey,adjacent,osm
ir-ayat-allah-khamenei,ir-chaharbagh,adjacent,osm
ir-ayat-allah-khamenei,ir-r10374413,adjacent,osm
ir-ayat-allah-khamenei,ir-sarab,adjacent,osm
ir-danesh-2,ir-dah-dey,adjacent,osm
ir-dah-dey,ir-imam-khomeini,adjacent,osm
ir-dah-dey,ir-quarter-2-of-district-8,adjacent,osm
ir-dah-dey,ir-kuhsangi,adjacent,osm
ir-dah-dey,ir-chaharbagh,adjacent,osm
ir-dah-dey,ir-r10374413,adjacent,osm
ir-dah-dey,ir-sarab,adjacent,osm
ir-dah-dey,ir-quarter-1-of-district-1,adjacent,osm
ir-dah-dey,ir-quarter-2-of-district-1,adjacent,osm
ir-sarab,ir-chaharbagh,adjacent,osm
ir-sarab,ir-r10374413,adjacent,osm
ir-sarab,ir-bala-khiaban,adjacent,osm
ir-sarab,ir-shahid-hasheminejad,adjacent,osm
ir-sarab,ir-kashani-2,adjacent,osm
ir-sarab,ir-quarter-2-of-district-1,adjacent,osm
ir-sarab,ir-amel,adjacent,osm
ir-sarab,ir-quarter-1-of-district-3,adjacent,osm
ir-sarab,ir-quarter-1-of-district-2,adjacent,osm
ir-kuhsangi,ir-abadgaran,adjacent,osm
ir-kuhsangi,ir-quarter-2-of-district-8,adjacent,osm
ir-kuhsangi,ir-baharestan-4,adjacent,osm
ir-kuhsangi,ir-reza-shahr,adjacent,osm
ir-kuhsangi,ir-quarter-1-of-district-9,adjacent,osm
ir-kuhsangi,ir-nofel-loshato,adjacent,osm
ir-kuhsangi,ir-quarter-1-of-district-1,adjacent,osm
ir-kuhsangi,ir-quarter-2-of-district-1,adjacent,osm
ir-chahar-cheshmeh,ir-sarafrazan,adjacent,osm
ir-chahar-cheshmeh,ir-quarter-1-of-district-9,adjacent,osm
ir-chahar-cheshmeh,ir-niroo-havaee,adjacent,osm
ir-chahar-cheshmeh,ir-university,adjacent,osm
ir-chahar-cheshmeh,ir-kosar-3,adjacent,osm
ir-chahar-cheshmeh,ir-quarter-2-of-district-9,adjacent,osm
ir-chahar-cheshmeh,ir-honarestan-3,adjacent,osm
ir-quarter-3-of-district-2,ir-quarter-2-of-district-2,adjacent,osm
ir-quarter-3-of-district-2,ir-imam-hadi-community,adjacent,osm
ir-quarter-3-of-district-2,ir-r20189528,adjacent,osm
ir-quarter-3-of-district-2,ir-isargaran-2,adjacent,osm
ir-r20189528,ir-imam-hadi-community,adjacent,osm
ir-r20189528,ir-isargaran-2,adjacent,osm
ir-imam-hadi-community,ir-quarter-1-of-district-11,adjacent,osm
ir-imam-hadi-community,ir-quarter-4-of-district-2,adjacent,osm
ir-imam-hadi-community,ir-ziba-shahr-4,adjacent,osm
ir-imam-hadi-community,ir-baharan-3,adjacent,osm
ir-imam-hadi-community,ir-quarter-1-of-district-10,adjacent,osm
ir-imam-hadi-community,ir-razi-community,adjacent,osm
ir-imam-hadi-community,ir-quarter-2-of-district-2,adjacent,osm
ir-imam-hadi-community,ir-khatam-alanbia,adjacent,osm
ir-imam-hadi-community,ir-isargaran-2,adjacent,osm
ir-ostad-yusefi,ir-valiasr-4,adjacent,osm
ir-ostad-yusefi,ir-shahed-5,adjacent,osm
ir-ostad-yusefi,ir-quarter-1-of-district-10,adjacent,osm
ir-ostad-yusefi,ir-razi-community,adjacent,osm
ir-ostad-yusefi,ir-quarter-2-of-district-10,adjacent,osm
ir-ostad-yusefi,ir-adib-neyshabouri,adjacent,osm
ir-ostad-yusefi,ir-emamieh,adjacent,osm
ir-ostad-yusefi,ir-khatam-alanbia,adjacent,osm
ir-isargaran-2,ir-quarter-1-of-district-10,adjacent,osm
ir-isargaran-2,ir-razi-community,adjacent,osm
ir-isargaran-2,ir-khatam-alanbia,adjacent,osm
ir-isargaran-2,ir-quarter-2-of-district-12,adjacent,osm
ir-isargaran-2,ir-amirieh-3,adjacent,osm
ir-razi-community,ir-quarter-1-of-district-11,adjacent,osm
ir-razi-community,ir-quarter-4-of-district-2,adjacent,osm
ir-razi-community,ir-ziba-shahr-4,adjacent,osm
ir-razi-community,ir-shahid-razavi,adjacent,osm
ir-razi-community,ir-baharan-3,adjacent,osm
ir-razi-community,ir-valiasr-4,adjacent,osm
ir-razi-community,ir-quarter-1-of-district-10,adjacent,osm
ir-razi-community,ir-quarter-2-of-district-2,adjacent,osm
ir-razi-community,ir-adib-neyshabouri,adjacent,osm
ir-razi-community,ir-khatam-alanbia,adjacent,osm
ir-valiasr-4,ir-quarter-1-of-district-11,adjacent,osm
ir-valiasr-4,ir-quarter-2-of-district-11,adjacent,osm
ir-valiasr-4,ir-r11015582,adjacent,osm
ir-valiasr-4,ir-shahid-razavi,adjacent,osm
ir-valiasr-4,ir-shahed-5,adjacent,osm
ir-valiasr-4,ir-quarter-1-of-district-10,adjacent,osm
ir-hafez-2,ir-niroo-havaee,adjacent,osm
ir-hafez-2,ir-aab-o-bargh,adjacent,osm
ir-hafez-2,ir-quarter-2-of-district-9,adjacent,osm
ir-hafez-2,ir-honarestan-3,adjacent,osm
ir-hafez-2,ir-sayyad-shirazi,adjacent,osm
ir-hafez-2,ir-daneshjoo,adjacent,osm
ir-hafez-2,ir-sharif,adjacent,osm
ir-hafez-2,ir-quarter-2-of-district-11,adjacent,osm
ir-honarestan-3,ir-quarter-1-of-district-9,adjacent,osm
ir-honarestan-3,ir-niroo-havaee,adjacent,osm
ir-honarestan-3,ir-kosar-3,adjacent,osm
ir-honarestan-3,ir-aab-o-bargh,adjacent,osm
ir-honarestan-3,ir-quarter-2-of-district-9,adjacent,osm
ir-honarestan-3,ir-farhang-6,adjacent,osm
ir-honarestan-3,ir-quarter-1-of-district-11,adjacent,osm
ir-honarestan-3,ir-daneshjoo,adjacent,osm
ir-honarestan-3,ir-quarter-2-of-district-11,adjacent,osm
ir-kosar-3,ir-sarafrazan,adjacent,osm
ir-kosar-3,ir-quarter-1-of-district-9,adjacent,osm
ir-kosar-3,ir-niroo-havaee,adjacent,osm
ir-kosar-3,ir-university,adjacent,osm
ir-kosar-3,ir-quarter-2-of-district-9,adjacent,osm
ir-kosar-3,ir-azadshahr,adjacent,osm
ir-kosar-3,ir-farhang-6,adjacent,osm
ir-kosar-3,ir-quarter-1-of-district-11,adjacent,osm
ir-quarter-1-of-district-9,ir-abadgaran,adjacent,osm
ir-quarter-1-of-district-9,ir-quarter-2-of-district-8,adjacent,osm
ir-quarter-1-of-district-9,ir-baharestan-4,adjacent,osm
ir-quarter-1-of-district-9,ir-zakariya,adjacent,osm
ir-quarter-1-of-district-9,ir-sarafrazan,adjacent,osm
ir-quarter-1-of-district-9,ir-reza-shahr,adjacent,osm
ir-quarter-1-of-district-9,ir-nofel-loshato,adjacent,osm
ir-quarter-1-of-district-9,ir-niroo-havaee,adjacent,osm
ir-quarter-1-of-district-9,ir-quarter-1-of-district-1,adjacent,osm
ir-quarter-1-of-district-9,ir-felestin-3,adjacent,osm
ir-quarter-1-of-district-9,ir-university,adjacent,osm
ir-quarter-1-of-district-9,ir-malek-abad-2,adjacent,osm
ir-quarter-1-of-district-9,ir-quarter-2-of-district-9,adjacent,osm
ir-quarter-1-of-district-9,ir-azadshahr,adjacent,osm
ir-quarter-1-of-district-9,ir-farhang-6,adjacent,osm
ir-quarter-1-of-district-9,ir-quarter-1-of-district-11,adjacent,osm
ir-ziba-shahr-4,ir-azadshahr,adjacent,osm
ir-ziba-shahr-4,ir-quarter-1-of-district-11,adjacent,osm
ir-ziba-shahr-4,ir-faramarz-abbasi,adjacent,osm
ir-ziba-shahr-4,ir-seyyed-razi,adjacent,osm
ir-ziba-shahr-4,ir-quarter-4-of-district-2,adjacent,osm
ir-ziba-shahr-4,ir-shahid-razavi,adjacent,osm
ir-ziba-shahr-4,ir-baharan-3,adjacent,osm
ir-ziba-shahr-4,ir-quarter-1-of-district-10,adjacent,osm
ir-ziba-shahr-4,ir-quarter-2-of-district-2,adjacent,osm
ir-tarbiat,ir-daneshjoo,adjacent,osm
ir-tarbiat,ir-sharif,adjacent,osm
ir-tarbiat,ir-quarter-2-of-district-11,adjacent,osm
ir-tarbiat,ir-r11015582,adjacent,osm
ir-tarbiat,ir-fareghottahsilan,adjacent,osm
ir-tarbiat,ir-r11248724,adjacent,osm
ir-tarbiat,ir-nargess,adjacent,osm
ir-tarbiat,ir-usefiyeh,adjacent,osm
ir-tarbiat,ir-shahed-5,adjacent,osm
ir-tarbiat,ir-quarter-1-of-district-10,adjacent,osm
ir-tarbiat,ir-quarter-2-of-district-10,adjacent,osm
ir-farhang-6,ir-quarter-2-of-district-9,adjacent,osm
ir-farhang-6,ir-azadshahr,adjacent,osm
ir-farhang-6,ir-quarter-1-of-district-11,adjacent,osm
ir-farhang-6,ir-daneshjoo,adjacent,osm
ir-farhang-6,ir-seyyed-razi,adjacent,osm
ir-farhang-6,ir-quarter-2-of-district-11,adjacent,osm
ir-farhang-6,ir-r11015582,adjacent,osm
ir-shahid-razavi,ir-azadshahr,adjacent,osm
ir-shahid-razavi,ir-quarter-1-of-district-11,adjacent,osm
ir-shahid-razavi,ir-seyyed-razi,adjacent,osm
ir-shahid-razavi,ir-quarter-2-of-district-11,adjacent,osm
ir-shahid-razavi,ir-r11015582,adjacent,osm
ir-shahid-razavi,ir-quarter-1-of-district-10,adjacent,osm
ir-seyyed-razi,ir-azadshahr,adjacent,osm
ir-seyyed-razi,ir-quarter-1-of-district-11,adjacent,osm
ir-seyyed-razi,ir-daneshjoo,adjacent,osm
ir-seyyed-razi,ir-quarter-2-of-district-11,adjacent,osm
ir-seyyed-razi,ir-r11015582,adjacent,osm
ir-lashkar,ir-miad,adjacent,osm
ir-lashkar,ir-farhangian-4,adjacent,osm
ir-lashkar,ir-quarter-2-of-district-10,adjacent,osm
ir-lashkar,ir-quarter-1-of-district-12,adjacent,osm
ir-lashkar,ir-jahed-shahr,adjacent,osm
ir-lashkar,ir-emamieh,adjacent,osm
ir-lashkar,ir-elahiyeh-community,adjacent,osm
ir-lashkar,ir-quarter-2-of-district-12,adjacent,osm
ir-lashkar,ir-amirieh-3,adjacent,osm
ir-akbar-abad-2,ir-kalate-barfi,adjacent,osm
ir-akbar-abad-2,ir-quarter-3-of-district-12,adjacent,osm
ir-amirieh-3,ir-quarter-2-of-district-10,adjacent,osm
ir-amirieh-3,ir-emamieh,adjacent,osm
ir-amirieh-3,ir-hejab,adjacent,osm
ir-amirieh-3,ir-khatam-alanbia,adjacent,osm
ir-amirieh-3,ir-elahiyeh-community,adjacent,osm
ir-amirieh-3,ir-quarter-2-of-district-12,adjacent,osm
ir-shahid-hasheminejad,ir-chaharbagh,adjacent,osm
ir-shahid-hasheminejad,ir-r10374413,adjacent,osm
ir-shahid-hasheminejad,ir-bala-khiaban,adjacent,osm
ir-shahid-hasheminejad,ir-daryadel,adjacent,osm
ir-shahid-hasheminejad,ir-kashani-2,adjacent,osm
ir-shahid-hasheminejad,ir-rah-ahan-2,adjacent,osm
ir-shahid-hasheminejad,ir-quarter-2-of-district-1,adjacent,osm
ir-shahid-hasheminejad,ir-amel,adjacent,osm
ir-shahid-hasheminejad,ir-quarter-1-of-district-3,adjacent,osm
ir-shahid-hasheminejad,ir-quarter-1-of-district-2,adjacent,osm
ir-daryadel,ir-r10374413,adjacent,osm
ir-daryadel,ir-javadiyeh-2,adjacent,osm
ir-daryadel,ir-bala-khiaban,adjacent,osm
ir-daryadel,ir-nowghan,adjacent,osm
ir-daryadel,ir-rah-ahan-2,adjacent,osm
ir-daryadel,ir-quarter-1-of-district-3,adjacent,osm
ir-zad-2,ir-emamzadeh-ebrahim,adjacent,osm
ir-zad-2,ir-shah-ebrahim,adjacent,osm
ir-zad-2,ir-nirugah,adjacent,osm
ir-zad-2,ir-bagh-shazdeh,adjacent,osm
ir-mohammad-abad-2,ir-ali-abad-sa-degan,adjacent,osm
ir-mohammad-abad-2,ir-ali-abad-4,adjacent,osm
ir-mohammad-abad-2,ir-r20193239,adjacent,osm
ir-mohammad-abad-2,ir-seyed-masom,adjacent,osm
ir-mohammad-abad-2,ir-nirugah,adjacent,osm
ir-seyed-masom,ir-r20193239,adjacent,osm
ir-seyed-masom,ir-zand-abad,adjacent,osm
ir-seyed-masom,ir-ghale-kamkar,adjacent,osm
ir-seyed-masom,ir-nirugah,adjacent,osm
ir-tollab-gheir-irani,ir-hanif-nejad,adjacent,osm
ir-tollab-gheir-irani,ir-lesani,adjacent,osm
ir-tollab-gheir-irani,ir-baskoul,adjacent,osm
ir-tollab-gheir-irani,ir-azadegan,adjacent,osm
ir-tollab-gheir-irani,ir-ansarolhosein,adjacent,osm
ir-tollab-gheir-irani,ir-shahrak-emam-hasan,adjacent,osm
ir-tollab-gheir-irani,ir-masjed-emam-hasan,adjacent,osm
ir-ali-abad-sa-degan,ir-chehel-derakht,adjacent,osm
ir-ali-abad-sa-degan,ir-bagh-sharifi,adjacent,osm
ir-ali-abad-sa-degan,ir-shadgholi,adjacent,osm
ir-ali-abad-sa-degan,ir-ali-abad-4,adjacent,osm
ir-ali-abad-sa-degan,ir-nirugah,adjacent,osm
ir-bagh-sharifi,ir-chehel-derakht,adjacent,osm
ir-bagh-sharifi,ir-nirugah,adjacent,osm
ir-zhandarmha,ir-agha-baghal-sheikh-mehdi-nayeb-hossein,adjacent,osm
ir-zhandarmha,ir-esmaeil-abad,adjacent,osm
ir-zhandarmha,ir-hanif-nejad,adjacent,osm
ir-zhandarmha,ir-tolid-daru-yakhchal,adjacent,osm
ir-haj-khalil,ir-agha-baghal-sheikh-mehdi-nayeb-hossein,adjacent,osm
ir-haj-khalil,ir-zad,adjacent,osm
ir-haj-khalil,ir-hanif-nejad,adjacent,osm
ir-haj-khalil,ir-lesani,adjacent,osm
ir-haj-khalil,ir-arazi-behdari,adjacent,osm
ir-haj-khalil,ir-haj-zeinal,adjacent,osm
ir-hanif-nejad,ir-agha-baghal-sheikh-mehdi-nayeb-hossein,adjacent,osm
ir-hanif-nejad,ir-tolid-daru-yakhchal,adjacent,osm
ir-hanif-nejad,ir-lesani,adjacent,osm
ir-hanif-nejad,ir-baskoul,adjacent,osm
ir-hanif-nejad,ir-azadegan,adjacent,osm
ir-hanif-nejad,ir-ansarolhosein,adjacent,osm
ir-esmaeil-abad,ir-emamzadeh-ebrahim,adjacent,osm
ir-esmaeil-abad,ir-agha-baghal-sheikh-mehdi-nayeb-hossein,adjacent,osm
ir-esmaeil-abad,ir-posht-anbar-naft,adjacent,osm
ir-esmaeil-abad,ir-darvazeh-chubi,adjacent,osm
ir-esmaeil-abad,ir-tolid-daru-yakhchal,adjacent,osm
ir-tolid-daru-yakhchal,ir-shah-ebrahim,adjacent,osm
ir-tolid-daru-yakhchal,ir-darvazeh-chubi,adjacent,osm
ir-tolid-daru-yakhchal,ir-baskoul,adjacent,osm
ir-tolid-daru-yakhchal,ir-nokhodi,adjacent,osm
ir-emamzadeh-ebrahim,ir-posht-anbar-naft,adjacent,osm
ir-emamzadeh-ebrahim,ir-shah-ebrahim,adjacent,osm
ir-emamzadeh-ebrahim,ir-darvazeh-chubi,adjacent,osm
ir-emamzadeh-ebrahim,ir-nirugah,adjacent,osm
ir-emamzadeh-ebrahim,ir-bagh-shazdeh,adjacent,osm
ir-posht-anbar-naft,ir-agha-baghal-sheikh-mehdi-nayeb-hossein,adjacent,osm
ir-posht-anbar-naft,ir-darvazeh-chubi,adjacent,osm
ir-posht-anbar-naft,ir-bagh-shazdeh,adjacent,osm
ir-darvazeh-chubi,ir-shah-ebrahim,adjacent,osm
ir-darvazeh-chubi,ir-nokhodi,adjacent,osm
ir-shadgholi,ir-ali-abad-4,adjacent,osm
ir-shadgholi,ir-r20193239,adjacent,osm
ir-ali-abad-4,ir-r20193239,adjacent,osm
ir-ali-abad-4,ir-nirugah,adjacent,osm
ir-ghale-kamkar,ir-r20193239,adjacent,osm
ir-ghale-kamkar,ir-zand-abad,adjacent,osm
ir-ghale-kamkar,ir-shahid-sayad-shirazi,adjacent,osm
ir-ghale-kamkar,ir-shahrak-fatemieh,adjacent,osm
ir-ghale-kamkar,ir-nirugah,adjacent,osm
ir-meydan-no,ir-eram,adjacent,osm
ir-meydan-no,ir-qom-no,adjacent,osm
ir-meydan-no,ir-khakfaraj,adjacent,osm
ir-meydan-no,ir-bagh-shazdeh,adjacent,osm
ir-meydan-no,ir-haj-zeinal,adjacent,osm
ir-bagh-shazdeh,ir-qom-no,adjacent,osm
ir-bagh-shazdeh,ir-agha-baghal-sheikh-mehdi-nayeb-hossein,adjacent,osm
ir-bagh-shazdeh,ir-nirugah,adjacent,osm
ir-bagh-shazdeh,ir-haj-zeinal,adjacent,osm
ir-agha-baghal-sheikh-mehdi-nayeb-hossein,ir-zad,adjacent,osm
ir-agha-baghal-sheikh-mehdi-nayeb-hossein,ir-haj-zeinal,adjacent,osm
ir-farhangian-va-shahrbani,ir-vadiossalam,adjacent,osm
ir-farhangian-va-shahrbani,ir-arazi-behdari,adjacent,osm
ir-vadiossalam,ir-zad,adjacent,osm
ir-vadiossalam,ir-arazi-behdari,adjacent,osm
ir-vadiossalam,ir-khakfaraj,adjacent,osm
ir-vadiossalam,ir-haj-zeinal,adjacent,osm
ir-ansarolhosein,ir-lesani,adjacent,osm
ir-ansarolhosein,ir-azadegan,adjacent,osm
ir-ansarolhosein,ir-shahrak-emam-hasan,adjacent,osm
ir-masjed-emam-hasan,ir-baskoul,adjacent,osm
ir-masjed-emam-hasan,ir-nokhodi,adjacent,osm
ir-masjed-emam-hasan,ir-shahrak-emam-hasan,adjacent,osm
ir-masjed-emam-hasan,ir-shahrak-tavanir-2,adjacent,osm
ir-shahrak-emam-hasan,ir-baskoul,adjacent,osm
ir-lesani,ir-arazi-behdari,adjacent,osm
ir-lesani,ir-azadegan,adjacent,osm
ir-arazi-behdari,ir-zad,adjacent,osm
ir-arazi-behdari,ir-azadegan,adjacent,osm
ir-shahrak-tavanir-2,ir-nokhodi,adjacent,osm
ir-shahrak-tavanir-2,ir-shahrak-mahdieh,adjacent,osm
ir-shahrak-mahdieh,ir-nokhodi,adjacent,osm
ir-shahrak-mahdieh,ir-shahrak-fatemieh,adjacent,osm
ir-baskoul,ir-nokhodi,adjacent,osm
ir-nokhodi,ir-shah-ebrahim,adjacent,osm
ir-nokhodi,ir-shahrak-emam-hossein-2,adjacent,osm
ir-nokhodi,ir-shahrak-fatemieh,adjacent,osm
ir-razmandegan-town,ir-r8903967,adjacent,osm
ir-razmandegan-town,ir-fakhrabad,adjacent,osm
ir-razmandegan-town,ir-imam-khomeini-town,adjacent,osm
ir-r8842764,ir-r8842751,adjacent,osm
ir-r8842764,ir-r8842777,adjacent,osm
ir-r8842764,ir-r8842991,adjacent,osm
ir-r8842764,ir-dehshtor,adjacent,osm
ir-r8842777,ir-r8842751,adjacent,osm
ir-r8842777,ir-r8842790,adjacent,osm
ir-r8842777,ir-r8842982,adjacent,osm
ir-r8842777,ir-r8842991,adjacent,osm
ir-dehshtor,ir-r8842991,adjacent,osm
ir-dehshtor,ir-r8843248,adjacent,osm
ir-r8842991,ir-r8842982,adjacent,osm
ir-r8842991,ir-r8843232,adjacent,osm
ir-r8842991,ir-r8843248,adjacent,osm
ir-r8843248,ir-r8843232,adjacent,osm
ir-r8843248,ir-r8843262,adjacent,osm
ir-r8843232,ir-r8842980,adjacent,osm
ir-r8843232,ir-r8842982,adjacent,osm
ir-r8843232,ir-r8843259,adjacent,osm
ir-r8843232,ir-r8843262,adjacent,osm
ir-r8843259,ir-r8842975,adjacent,osm
ir-r8843259,ir-r8842980,adjacent,osm
ir-r8843259,ir-r8842982,adjacent,osm
ir-r8843259,ir-r8843262,adjacent,osm
ir-r8843259,ir-bazar-3,adjacent,osm
ir-r8843262,ir-bazar-3,adjacent,osm
ir-r8843262,ir-r8843273,adjacent,osm
ir-r8843273,ir-r8843326,adjacent,osm
ir-r8843273,ir-bazar-3,adjacent,osm
ir-r8843273,ir-arg-e-bam,adjacent,osm
ir-hafezabad,ir-r8843326,adjacent,osm
ir-hafezabad,ir-r8843338,adjacent,osm
ir-hafezabad,ir-arg-e-bam,adjacent,osm
ir-arg-e-bam,ir-r8843326,adjacent,osm
ir-r8843326,ir-r8843315,adjacent,osm
ir-r8843326,ir-r8974360,adjacent,osm
ir-r8843326,ir-r9401219,adjacent,osm
ir-r8843326,ir-bazar-3,adjacent,osm
ir-r8843326,ir-r8843338,adjacent,osm
ir-bolvar-jomhouri,ir-emem-shahr,adjacent,osm
ir-bolvar-jomhouri,ir-r20216465,adjacent,osm
ir-r8768617,ir-r8769498,adjacent,osm
ir-imam-khomeini-international-university,ir-minoodar-mini-city,adjacent,osm
ir-khakfaraj,ir-eram,adjacent,osm
ir-khakfaraj,ir-zad,adjacent,osm
ir-khakfaraj,ir-haj-zeinal,adjacent,osm
ir-sadooq,ir-shahid-rajaei,adjacent,osm
ir-sadooq,ir-dore-shahr,adjacent,osm
ir-sadooq,ir-shah-ahmad-ghasem,adjacent,osm
ir-sadooq,ir-jooy-shoor,adjacent,osm
ir-sadooq,ir-safaeieh,adjacent,osm
ir-jooy-shoor,ir-shah-ahmad-ghasem,adjacent,osm
ir-jooy-shoor,ir-safaeieh,adjacent,osm
ir-jooy-shoor,ir-yakhchal-ghazi,adjacent,osm
ir-shah-ahmad-ghasem,ir-shahid-rajaei,adjacent,osm
ir-shah-ahmad-ghasem,ir-bagh-ashrafi,adjacent,osm
ir-shah-ahmad-ghasem,ir-darvazeh-ghaleh,adjacent,osm
ir-shah-ahmad-ghasem,ir-hammam-talar,adjacent,osm
ir-shah-ahmad-ghasem,ir-khandagh,adjacent,osm
ir-shah-ahmad-ghasem,ir-ghozar-ghaleh,adjacent,osm
ir-shah-ahmad-ghasem,ir-yakhchal-ghazi,adjacent,osm
ir-shahid-rajaei,ir-bagh-ashrafi,adjacent,osm
ir-shahid-rajaei,ir-honarestan,adjacent,osm
ir-shahid-rajaei,ir-dore-shahr,adjacent,osm
ir-shahid-rajaei,ir-ghale-amoohossein,adjacent,osm
ir-bagh-ashrafi,ir-honarestan,adjacent,osm
ir-bagh-ashrafi,ir-darvazeh-ghaleh,adjacent,osm
ir-darvazeh-ghaleh,ir-honarestan,adjacent,osm
ir-darvazeh-ghaleh,ir-hammam-talar,adjacent,osm
ir-darvazeh-ghaleh,ir-khandagh,adjacent,osm
ir-majidieh,ir-zavieh,adjacent,osm
ir-majidieh,ir-mahdieh,adjacent,osm
ir-majidieh,ir-bagh-karbasi,adjacent,osm
ir-golzar,ir-mahdieh,adjacent,osm
ir-golzar,ir-honarestan,adjacent,osm
ir-golzar,ir-manba-aab,adjacent,osm
ir-golzar,ir-dar-e-behesht,adjacent,osm
ir-golzar,ir-bagh-karbasi,adjacent,osm
ir-mahdieh,ir-zavieh,adjacent,osm
ir-mahdieh,ir-manba-aab,adjacent,osm
ir-mahdieh,ir-r20193155,adjacent,osm
ir-mahdieh,ir-bagh-karbasi,adjacent,osm
ir-honarestan,ir-hammam-talar,adjacent,osm
ir-honarestan,ir-dar-e-behesht,adjacent,osm
ir-honarestan,ir-bagh-karbasi,adjacent,osm
ir-honarestan,ir-ghale-amoohossein,adjacent,osm
ir-hammam-talar,ir-dar-e-behesht,adjacent,osm
ir-hammam-talar,ir-khandagh,adjacent,osm
ir-hammam-talar,ir-sang-band,adjacent,osm
ir-hammam-talar,ir-darvazeh-kashan,adjacent,osm
ir-hammam-talar,ir-seyyedan,adjacent,osm
ir-yakhchal-ghazi,ir-safaeieh,adjacent,osm
ir-yakhchal-ghazi,ir-ghozar-ghaleh,adjacent,osm
ir-yakhchal-ghazi,ir-eshghali,adjacent,osm
ir-yakhchal-ghazi,ir-eram,adjacent,osm
ir-khandagh,ir-sang-band,adjacent,osm
ir-khandagh,ir-ghozar-ghaleh,adjacent,osm
ir-khandagh,ir-chahar-mardan,adjacent,osm
ir-sang-band,ir-darvazeh-kashan,adjacent,osm
ir-sang-band,ir-seyyedan,adjacent,osm
ir-sang-band,ir-chahar-mardan,adjacent,osm
ir-seyyedan,ir-darvazeh-kashan,adjacent,osm
ir-seyyedan,ir-chahar-mardan,adjacent,osm
ir-seyyedan,ir-sarhowz,adjacent,osm
ir-sarhowz,ir-darvazeh-kashan,adjacent,osm
ir-sarhowz,ir-sarbakhsh,adjacent,osm
ir-sarhowz,ir-chahar-mardan,adjacent,osm
ir-sarhowz,ir-chehel-akhtaran,adjacent,osm
ir-sarhowz,ir-paa-menar,adjacent,osm
ir-dar-e-behesht,ir-manba-aab,adjacent,osm
ir-dar-e-behesht,ir-darvazeh-kashan,adjacent,osm
ir-dar-e-behesht,ir-nekuyi,adjacent,osm
ir-dar-e-behesht,ir-razavieh,adjacent,osm
ir-sarbakhsh,ir-darvazeh-kashan,adjacent,osm
ir-sarbakhsh,ir-chehel-akhtaran,adjacent,osm
ir-darvazeh-kashan,ir-razavieh,adjacent,osm
ir-darvazeh-kashan,ir-chehel-akhtaran,adjacent,osm
ir-labchal,ir-chahar-mardan,adjacent,osm
ir-labchal,ir-alvandieh-va-ghozar-sadegh,adjacent,osm
ir-labchal,ir-paa-menar,adjacent,osm
ir-labchal,ir-razavieh-2,adjacent,osm
ir-chahar-mardan,ir-ghozar-ghaleh,adjacent,osm
ir-chahar-mardan,ir-alvandieh-va-ghozar-sadegh,adjacent,osm
ir-chahar-mardan,ir-paa-menar,adjacent,osm
ir-chahar-mardan,ir-razavieh-2,adjacent,osm
ir-alvandieh-va-ghozar-sadegh,ir-ghozar-ghaleh,adjacent,osm
ir-alvandieh-va-ghozar-sadegh,ir-eshghali,adjacent,osm
ir-alvandieh-va-ghozar-sadegh,ir-tekieh-agha-seyyed-hasani,adjacent,osm
ir-alvandieh-va-ghozar-sadegh,ir-razavieh-2,adjacent,osm
ir-alvandieh-va-ghozar-sadegh,ir-arabestan,adjacent,osm
ir-ghozar-ghaleh,ir-eshghali,adjacent,osm
ir-eshghali,ir-tekieh-agha-seyyed-hasani,adjacent,osm
ir-eshghali,ir-eram,adjacent,osm
ir-eram,ir-safaeieh,adjacent,osm
ir-eram,ir-tekieh-agha-seyyed-hasani,adjacent,osm
ir-eram,ir-qom-no,adjacent,osm
ir-eram,ir-arabestan,adjacent,osm
ir-eram,ir-bajak-1,adjacent,osm
ir-shahr-ghaem,ir-kaseh-garan,adjacent,osm
ir-shahr-ghaem,ir-zavieh,adjacent,osm
ir-shahr-ghaem,ir-bagh-karbasi,adjacent,osm
ir-kaseh-garan,ir-zavieh,adjacent,osm
ir-kaseh-garan,ir-shahrak-sazman-ab,adjacent,osm
ir-shahrak-sazman-ab,ir-zavieh,adjacent,osm
ir-shahrak-sazman-ab,ir-shahrak-tavanir,adjacent,osm
ir-zavieh,ir-shahrak-tavanir,adjacent,osm
ir-zavieh,ir-bagh-karbasi,adjacent,osm
ir-shahrake-shahrdari,ir-r20193155,adjacent,osm
ir-shahrake-shahrdari,ir-shah-seyed-ali,adjacent,osm
ir-tekieh-agha-seyyed-hasani,ir-arabestan,adjacent,osm
ir-arabestan,ir-razavieh-2,adjacent,osm
ir-arabestan,ir-aluchoo,adjacent,osm
ir-arabestan,ir-bagh-panbeh,adjacent,osm
ir-arabestan,ir-bajak-1,adjacent,osm
ir-nekuyi,ir-manba-aab,adjacent,osm
ir-nekuyi,ir-r20193156,adjacent,osm
ir-nekuyi,ir-razavieh,adjacent,osm
ir-darvazeh-ray,ir-chehel-akhtaran,adjacent,osm
ir-darvazeh-ray,ir-paa-menar,adjacent,osm
ir-darvazeh-ray,ir-now-bahar,adjacent,osm
ir-darvazeh-ray,ir-shah-seyed-ali,adjacent,osm
ir-darvazeh-ray,ir-razavieh-2,adjacent,osm
ir-darvazeh-ray,ir-aluchoo,adjacent,osm
ir-darvazeh-ray,ir-nowghatar,adjacent,osm
ir-darvazeh-ray,ir-ammar-yaser,adjacent,osm
ir-chehel-akhtaran,ir-razavieh,adjacent,osm
ir-chehel-akhtaran,ir-paa-menar,adjacent,osm
ir-chehel-akhtaran,ir-now-bahar,adjacent,osm
ir-paa-menar,ir-razavieh-2,adjacent,osm
ir-razavieh-2,ir-aluchoo,adjacent,osm
ir-bagh-panbeh,ir-aluchoo,adjacent,osm
ir-bagh-panbeh,ir-bajak-1,adjacent,osm
ir-bagh-panbeh,ir-ammar-yaser,adjacent,osm
ir-bajak-1,ir-bajak-2,adjacent,osm
ir-bajak-1,ir-ammar-yaser,adjacent,osm
ir-bajak-1,ir-chahar-emamzadeh,adjacent,osm
ir-ghale-amoohossein,ir-yazdan-shahr,adjacent,osm
ir-ghale-amoohossein,ir-bekayi,adjacent,osm
ir-ghale-amoohossein,ir-dore-shahr,adjacent,osm
ir-ghale-amoohossein,ir-barasun,adjacent,osm
ir-ghale-amoohossein,ir-bagh-karbasi,adjacent,osm
ir-ghale-amoohossein,ir-mirzaeieh,adjacent,osm
ir-jahanbini,ir-zanbil-abad,adjacent,osm
ir-jahanbini,ir-bekayi,adjacent,osm
ir-jahanbini,ir-zeynabieh,adjacent,osm
ir-jahanbini,ir-sadeghi,adjacent,osm
ir-jahanbini,ir-boolvar-amin-va-saheli,adjacent,osm
ir-jahanbini,ir-salarieh,adjacent,osm
ir-safa-shahr,ir-bonyad-2,adjacent,osm
ir-safa-shahr,ir-zanbil-abad,adjacent,osm
ir-safa-shahr,ir-r8825564,adjacent,osm
ir-safa-shahr,ir-shahrak-qods,adjacent,osm
ir-safa-shahr,ir-salarieh,adjacent,osm
ir-zeynabieh,ir-sadeghi,adjacent,osm
ir-zeynabieh,ir-boolvar-amin-va-saheli,adjacent,osm
ir-zeynabieh,ir-salarieh,adjacent,osm
ir-sadeghi,ir-boolvar-amin-va-saheli,adjacent,osm
ir-sadeghi,ir-salarieh,adjacent,osm
ir-mirzaeieh,ir-r8858608,adjacent,osm
ir-mirzaeieh,ir-zanbil-abad,adjacent,osm
ir-mirzaeieh,ir-yazdan-shahr,adjacent,osm
ir-mirzaeieh,ir-bekayi,adjacent,osm
ir-mirzaeieh,ir-dore-shahr,adjacent,osm
ir-mirzaeieh,ir-ghaleh-yazdiha,adjacent,osm
ir-ghaleh-yazdiha,ir-zanbil-abad,adjacent,osm
ir-ghaleh-yazdiha,ir-bekayi,adjacent,osm
ir-safaeiye,ir-15-khordad,adjacent,osm
ir-shahrak-farhanghian,ir-shahrak-valiasr-2,adjacent,osm
ir-shahrak-farhanghian,ir-moallem-2,adjacent,osm
ir-r8886560,ir-shahr-e-babak,adjacent,osm
ir-rah-ahan-3,ir-salamgah,adjacent,osm
ir-r8769505,ir-r8769516,adjacent,osm
ir-r8769505,ir-r11526759,adjacent,osm
ir-gorganjadid,ir-bu-ali,adjacent,osm
ir-gorganjadid,ir-sarpir-va-dabaghan,adjacent,osm
ir-gorganjadid,ir-buye,adjacent,osm
ir-gorganjadid,ir-kuye-javadieh,adjacent,osm
ir-r8843315,ir-fakhrabad,adjacent,osm
ir-r8843315,ir-r8843310,adjacent,osm
ir-r8843315,ir-imam-khomeini-town,adjacent,osm
ir-r8843315,ir-r8974360,adjacent,osm
ir-r8843315,ir-r9401219,adjacent,osm
ir-r8843315,ir-bazar-3,adjacent,osm
ir-fakhrabad,ir-r8903967,adjacent,osm
ir-fakhrabad,ir-r8904139,adjacent,osm
ir-fakhrabad,ir-r8903948,adjacent,osm
ir-fakhrabad,ir-r8843310,adjacent,osm
ir-fakhrabad,ir-imam-khomeini-town,adjacent,osm
ir-r8842982,ir-r8842790,adjacent,osm
ir-r8842982,ir-soufiabad,adjacent,osm
ir-r8842982,ir-r8842980,adjacent,osm
ir-r8842980,ir-r8842880,adjacent,osm
ir-r8842980,ir-soufiabad,adjacent,osm
ir-r8842980,ir-r8842975,adjacent,osm
ir-soufiabad,ir-r8842880,adjacent,osm
ir-soufiabad,ir-r8842790,adjacent,osm
ir-r8842734,ir-r18043678,adjacent,osm
ir-r8842734,ir-r8989660,adjacent,osm
ir-r8842734,ir-r8904136,adjacent,osm
ir-r8842734,ir-r8842872,adjacent,osm
ir-r8842734,ir-aflatounian,adjacent,osm
ir-r8842734,ir-r8842834,adjacent,osm
ir-r8904136,ir-r18043678,adjacent,osm
ir-r8904136,ir-r8904135,adjacent,osm
ir-r8904136,ir-r8989660,adjacent,osm
ir-r8904136,ir-r8974343,adjacent,osm
ir-r8904136,ir-r8842872,adjacent,osm
ir-r8904136,ir-r8842703,adjacent,osm
ir-r8904135,ir-r18043678,adjacent,osm
ir-r8904135,ir-r18043677,adjacent,osm
ir-r8904135,ir-r8842703,adjacent,osm
ir-r8903967,ir-r8904139,adjacent,osm
ir-shahrak-emam,ir-shahrak-shahid-beheshti,adjacent,osm
ir-shahrak-emam,ir-kuye-sajadieh,adjacent,osm
ir-khayam-north,ir-khayam,adjacent,osm
ir-khayam,ir-hokm-abad,adjacent,osm
ir-r8843310,ir-r8842872,adjacent,osm
ir-r8843310,ir-r8903948,adjacent,osm
ir-r8843310,ir-r9401219,adjacent,osm
ir-r8843310,ir-r8842880,adjacent,osm
ir-r8843310,ir-r8842975,adjacent,osm
ir-r8842880,ir-r8842872,adjacent,osm
ir-r8842880,ir-r8842834,adjacent,osm
ir-r8842880,ir-r9401219,adjacent,osm
ir-r8842880,ir-r8842790,adjacent,osm
ir-r8842880,ir-r8842975,adjacent,osm
ir-r8842790,ir-r8842834,adjacent,osm
ir-r8842790,ir-r8842751,adjacent,osm
ir-r8842751,ir-aflatounian,adjacent,osm
ir-r8842751,ir-r8842834,adjacent,osm
ir-r8842834,ir-r8842872,adjacent,osm
ir-r8842834,ir-aflatounian,adjacent,osm
ir-khaje-ha,ir-r8929611,adjacent,osm
ir-khaje-ha,ir-r8929610,adjacent,osm
ir-khaje-ha,ir-r8929608,adjacent,osm
ir-r8929610,ir-r8929611,adjacent,osm
ir-r8929610,ir-r8929612,adjacent,osm
ir-r8929610,ir-r8929608,adjacent,osm
ir-r8929610,ir-davas,adjacent,osm
ir-r8929610,ir-r8929606,adjacent,osm
ir-shoghab,ir-r8929612,adjacent,osm
ir-shoghab,ir-davas,adjacent,osm
ir-shoghab,ir-r8929605,adjacent,osm
ir-shoghab,ir-r8974266,adjacent,osm
ir-r8929612,ir-r8929611,adjacent,osm
ir-r8929612,ir-davas,adjacent,osm
ir-sabzabad,ir-sar-e-tol,adjacent,osm
ir-sabzabad,ir-r8929611,adjacent,osm
ir-sabzabad,ir-emamzadeh,adjacent,osm
ir-sabzabad,ir-r9036626,adjacent,osm
ir-emamzadeh,ir-r8929611,adjacent,osm
ir-emamzadeh,ir-r9036626,adjacent,osm
ir-r8929611,ir-sar-e-tol,adjacent,osm
ir-r8929611,ir-r8929608,adjacent,osm
ir-r8929611,ir-r9036626,adjacent,osm
ir-r7168143,ir-r6892340,adjacent,osm
ir-r8959324,ir-r8959325,adjacent,osm
ir-r8959324,ir-r9036626,adjacent,osm
ir-r8959324,ir-r8959323,adjacent,osm
ir-r8929606,ir-r8929608,adjacent,osm
ir-r8929606,ir-davas,adjacent,osm
ir-r8929606,ir-r8974266,adjacent,osm
ir-davas,ir-r8974266,adjacent,osm
ir-pasdaran-3,ir-jahangani,adjacent,osm
ir-pasdaran-3,ir-asiyaye-miyane,adjacent,osm
ir-taleb-abad-2,ir-hasan-rud,adjacent,osm
ir-taleb-abad-2,ir-shahrak-eshagi,adjacent,osm
ir-sadi-jonoobi,ir-rah-ahan-4,adjacent,osm
ir-sadi-jonoobi,ir-hoseinieh,adjacent,osm
ir-sadi-jonoobi,ir-amirkabir,adjacent,osm
ir-sadi-jonoobi,ir-sadi-vasat,adjacent,osm
ir-r8929608,ir-r8974266,adjacent,osm
ir-r8929608,ir-r9036626,adjacent,osm
ir-r8974267,ir-r8974266,adjacent,osm
ir-r8974267,ir-niayesh,adjacent,osm
ir-niayesh,ir-r8974266,adjacent,osm
ir-r8959323,ir-r8974266,adjacent,osm
ir-r8959323,ir-r9036626,adjacent,osm
ir-shahrak-eshagi,ir-park-jangali,adjacent,osm
ir-park-jangali,ir-dehkade-saheli,adjacent,osm
ir-dehkade-saheli,ir-sahel-ghou,adjacent,osm
ir-sahel-ghou,ir-atebba,adjacent,osm
ir-mosala-2,ir-ghalam-godeh,adjacent,osm
ir-mosala-2,ir-nirouye-daryayi,adjacent,osm
ir-mosala-2,ir-gomrok,adjacent,osm
ir-nirouye-daryayi,ir-shahr-dari,adjacent,osm
ir-shahr-dari,ir-see-metre,adjacent,osm
ir-see-metre,ir-moj-shekan,adjacent,osm
ir-moj-shekan,ir-akhare-khat,adjacent,osm
ir-akhare-khat,ir-saber-hanan,adjacent,osm
ir-saber-hanan,ir-jahangani,adjacent,osm
ir-r8842872,ir-r8974343,adjacent,osm
ir-r8842872,ir-r8842703,adjacent,osm
ir-r8842872,ir-r8903948,adjacent,osm
ir-r8842703,ir-r18043678,adjacent,osm
ir-r8842703,ir-r18043677,adjacent,osm
ir-r8842703,ir-r8904139,adjacent,osm
ir-r8842703,ir-r8974343,adjacent,osm
ir-r8842703,ir-r8974344,adjacent,osm
ir-r8842703,ir-r8903948,adjacent,osm
ir-r8974343,ir-r8974344,adjacent,osm
ir-r8974343,ir-r8903948,adjacent,osm
ir-r8974344,ir-r8903948,adjacent,osm
ir-r8903948,ir-r8904139,adjacent,osm
ir-r8843338,ir-imam-khomeini-town,adjacent,osm
ir-r8843338,ir-r8974360,adjacent,osm
ir-imam-khomeini-town,ir-r8974360,adjacent,osm
ir-asiyaye-miyane,ir-bashman,adjacent,osm
ir-bashman,ir-sepid-kenar,adjacent,osm
ir-jahad,ir-bakeri,adjacent,osm
ir-shir-dovom,ir-alshohada,adjacent,osm
ir-shir-dovom,ir-serah-barq,adjacent,osm
ir-shir-dovom,ir-shir-sevom,adjacent,osm
ir-shir-dovom,ir-shir-aval,adjacent,osm
ir-shir-dovom,ir-derakht-sabz,adjacent,osm
ir-13-hektari,ir-toloo,adjacent,osm
ir-13-hektari,ir-shahrak-parvaz,adjacent,osm
ir-13-hektari,ir-kooye-vali-asr,adjacent,osm
ir-13-hektari,ir-foroozan,adjacent,osm
ir-13-hektari,ir-kooye-khalije-fars,adjacent,osm
ir-shahrak-talaieh-faze-1,ir-mehregan,adjacent,osm
ir-shahrak-talaieh-faze-1,ir-chaharo-nim-hektari-nirooye-daryayi,adjacent,osm
ir-shahrak-talaieh-faze-1,ir-shahrak-gaz,adjacent,osm
ir-shahrak-talaieh-faze-1,ir-shahrak-sajadieh,adjacent,osm
ir-shahrak-talaieh-faze-1,ir-shahrak-talaeiye-faze-2,adjacent,osm
ir-shahrak-talaieh-faze-1,ir-elahie-jonoobi,adjacent,osm
ir-tarvasete,ir-hadish,adjacent,osm
ir-tarvasete,ir-eskeleh-bahonar,adjacent,osm
ir-tarvasete,ir-sooroo,adjacent,osm
ir-tarvasete,ir-shahrak-vahdat-2,adjacent,osm
ir-nirou-daryaie-sepah,ir-meydan-taziyan,adjacent,osm
ir-nirou-daryaie-sepah,ir-eskeleh-bahonar,adjacent,osm
ir-nirou-daryaie-sepah,ir-shahrak-vahdat-2,adjacent,osm
ir-meydan-taziyan,ir-hadish,adjacent,osm
ir-meydan-taziyan,ir-shahrak-vahdat-2,adjacent,osm
ir-shahrak-vahdat-2,ir-hadish,adjacent,osm
ir-shahrak-vahdat-2,ir-eskeleh-bahonar,adjacent,osm
ir-shahrak-vahdat-2,ir-sooroo,adjacent,osm
ir-shahrak-bahonar,ir-hadish,adjacent,osm
ir-shahrak-bahonar,ir-sooroo,adjacent,osm
ir-sooroo,ir-3-rah-jahanbar,adjacent,osm
ir-sooroo,ir-amir-abad-3,adjacent,osm
ir-sooroo,ir-hadish,adjacent,osm
ir-sooroo,ir-eslam-abad-3,adjacent,osm
ir-kooye-police,ir-22bahman,adjacent,osm
ir-kooye-police,ir-shahrak-22-bahman-nirou-daryaie,adjacent,osm
ir-kooye-police,ir-r20193773,adjacent,osm
ir-kooye-police,ir-2000,adjacent,osm
ir-r20193773,ir-shahrak-22-bahman-nirou-daryaie,adjacent,osm
ir-r20193773,ir-behesht-zahra,adjacent,osm
ir-r20193773,ir-2000,adjacent,osm
ir-r20193773,ir-payambar-azam,adjacent,osm
ir-behesht-zahra,ir-shahrak-22-bahman-nirou-daryaie,adjacent,osm
ir-behesht-zahra,ir-pole-khajoo,adjacent,osm
ir-behesht-zahra,ir-alshohada,adjacent,osm
ir-behesht-zahra,ir-shir-sevom,adjacent,osm
ir-behesht-zahra,ir-maskane-mehre-derakht-sabz,adjacent,osm
ir-behesht-zahra,ir-payambar-azam,adjacent,osm
ir-shir-sevom,ir-alshohada,adjacent,osm
ir-shir-sevom,ir-serah-barq,adjacent,osm
ir-shir-sevom,ir-derakht-sabz,adjacent,osm
ir-shir-sevom,ir-maskane-mehre-derakht-sabz,adjacent,osm
ir-shir-aval,ir-shah-hoseini,adjacent,osm
ir-shir-aval,ir-serah-barq,adjacent,osm
ir-shir-aval,ir-do-rahi-isini,adjacent,osm
ir-shir-aval,ir-derakht-sabz,adjacent,osm
ir-sar-balaie-kamarbandi,ir-shahnaz-3,adjacent,osm
ir-sar-balaie-kamarbandi,ir-shah-hoseini,adjacent,osm
ir-sar-balaie-kamarbandi,ir-kooye-farhangian,adjacent,osm
ir-sar-balaie-kamarbandi,ir-kooye-shafa,adjacent,osm
ir-sar-balaie-kamarbandi,ir-do-rahi-isini,adjacent,osm
ir-sar-balaie-kamarbandi,ir-chahestaniha,adjacent,osm
ir-sar-balaie-kamarbandi,ir-nakhl-piremard,adjacent,osm
ir-do-rahi-isini,ir-shahnaz-3,adjacent,osm
ir-do-rahi-isini,ir-shah-hoseini,adjacent,osm
ir-do-rahi-isini,ir-derakht-sabz,adjacent,osm
ir-do-rahi-isini,ir-maskane-mehre-derakht-sabz,adjacent,osm
ir-do-rahi-isini,ir-nakhl-piremard,adjacent,osm
ir-derakht-sabz,ir-maskane-mehre-derakht-sabz,adjacent,osm
ir-700-vahedi,ir-kooye-vali-asr,adjacent,osm
ir-700-vahedi,ir-azad-shahr,adjacent,osm
ir-700-vahedi,ir-kooye-khalije-fars,adjacent,osm
ir-700-vahedi,ir-mehregan,adjacent,osm
ir-700-vahedi,ir-chaharo-nim-hektari-nirooye-daryayi,adjacent,osm
ir-chaharo-nim-hektari-nirooye-daryayi,ir-kooye-khalije-fars,adjacent,osm
ir-chaharo-nim-hektari-nirooye-daryayi,ir-mehregan,adjacent,osm
ir-chaharo-nim-hektari-nirooye-daryayi,ir-shahrak-gaz,adjacent,osm
ir-chaharo-nim-hektari-nirooye-daryayi,ir-shahrak-sajadieh,adjacent,osm
ir-chaharo-nim-hektari-nirooye-daryayi,ir-shahrak-talaeiye-faze-2,adjacent,osm
ir-kooye-khalije-fars,ir-shahrak-parvaz,adjacent,osm
ir-kooye-khalije-fars,ir-kooye-vali-asr,adjacent,osm
ir-kooye-khalije-fars,ir-foroozan,adjacent,osm
ir-kooye-khalije-fars,ir-golshahre-shomali,adjacent,osm
ir-kooye-khalije-fars,ir-shahrak-gaz,adjacent,osm
ir-shahrak-gaz,ir-golshahre-shomali,adjacent,osm
ir-shahrak-gaz,ir-damahi,adjacent,osm
ir-shahrak-gaz,ir-elahie-jonoobi,adjacent,osm
ir-oqaf,ir-damahi,adjacent,osm
ir-oqaf,ir-behesht-bandar,adjacent,osm
ir-oqaf,ir-kooye-damavand,adjacent,osm
ir-oqaf,ir-elahie-jonoobi,adjacent,osm
ir-kooye-shafa,ir-shahnaz-3,adjacent,osm
ir-kooye-shafa,ir-kooye-farhangian,adjacent,osm
ir-kooye-shafa,ir-foroodgah-ghadim,adjacent,osm
ir-kooye-shafa,ir-chahestaniha,adjacent,osm
ir-kooye-shafa,ir-shahrak-emam-reza-2,adjacent,osm
ir-shahrak-shahid-chamran,ir-seda-va-simaye-markaz-khalij-fars,adjacent,osm
ir-shahrak-shahid-chamran,ir-bashgah-chamran,adjacent,osm
ir-shahrak-shahid-chamran,ir-edare-rah-va-shahrsazi,adjacent,osm
ir-shahrak-shahid-chamran,ir-shilat-apartment,adjacent,osm
ir-shahrak-shahid-chamran,ir-nayband-shomali,adjacent,osm
ir-shahrak-shahid-chamran,ir-kooye-vali-asr,adjacent,osm
ir-edare-bargh-mantaghei,ir-r20193753,adjacent,osm
ir-edare-bargh-mantaghei,ir-setad-farmandehi-hormozgan,adjacent,osm
ir-edare-bargh-mantaghei,ir-samadoo,adjacent,osm
ir-edare-bargh-mantaghei,ir-golestan-apartment,adjacent,osm
ir-edare-bargh-mantaghei,ir-kooye-baharestan,adjacent,osm
ir-setad-farmandehi-hormozgan,ir-r20193753,adjacent,osm
ir-setad-farmandehi-hormozgan,ir-edare-rah-va-shahrsazi,adjacent,osm
ir-setad-farmandehi-hormozgan,ir-aquarium-apartment,adjacent,osm
ir-setad-farmandehi-hormozgan,ir-golestan-apartment,adjacent,osm
ir-setad-farmandehi-hormozgan,ir-shilat-apartment,adjacent,osm
ir-kooye-damavand,ir-damahi,adjacent,osm
ir-kooye-damavand,ir-behesht-bandar,adjacent,osm
ir-kooye-damavand,ir-pegah,adjacent,osm
ir-kooye-damavand,ir-elahie-jonoobi,adjacent,osm
ir-kooye-damavand,ir-shahrak-tohid,adjacent,osm
ir-pegah,ir-behesht-bandar,adjacent,osm
ir-pegah,ir-serahe-froodgah,adjacent,osm
ir-pegah,ir-payegah-havaie,adjacent,osm
ir-pegah,ir-shahrak-tohid,adjacent,osm
ir-manazel-sazmani-foroodgah,ir-manabe-tabiei,adjacent,osm
ir-manazel-sazmani-foroodgah,ir-serahe-froodgah,adjacent,osm
ir-manazel-sazmani-foroodgah,ir-payegah-havaie,adjacent,osm
ir-serahe-froodgah,ir-manabe-tabiei,adjacent,osm
ir-serahe-froodgah,ir-behesht-bandar,adjacent,osm
ir-serahe-froodgah,ir-payegah-havaie,adjacent,osm
ir-behesht-bandar,ir-golshahr-jounoubi,adjacent,osm
ir-behesht-bandar,ir-manabe-tabiei,adjacent,osm
ir-behesht-bandar,ir-damahi,adjacent,osm
ir-elahieh-shomali,ir-elahie-jonoobi,adjacent,osm
ir-elahieh-shomali,ir-shahrak-tohid,adjacent,osm
ir-elahieh-shomali,ir-shahrak-nabovat,adjacent,osm
ir-police-rah-qadim,ir-payegah-havaie,adjacent,osm
ir-police-rah-qadim,ir-shahrak-tohid,adjacent,osm
ir-police-rah-qadim,ir-shahrak-nabovat,adjacent,osm
ir-shahrak-nabovat,ir-payegah-havaie,adjacent,osm
ir-shahrak-nabovat,ir-shahrak-tohid,adjacent,osm
ir-manabe-tabiei,ir-talaband,adjacent,osm
ir-manabe-tabiei,ir-golshahr-jounoubi,adjacent,osm
ir-manabe-tabiei,ir-payegah-havaie,adjacent,osm
ir-sang-kani,ir-ghoreyshiha,adjacent,osm
ir-sang-kani,ir-talaband,adjacent,osm
ir-sang-kani,ir-payegah-havaie,adjacent,osm
ir-talaband,ir-ghoreyshiha,adjacent,osm
ir-talaband,ir-nakhl-nakhoda,adjacent,osm
ir-talaband,ir-golshahr-jounoubi,adjacent,osm
ir-talaband,ir-payegah-havaie,adjacent,osm
ir-ghoreyshiha,ir-r20193753,adjacent,osm
ir-ghoreyshiha,ir-nakhl-nakhoda,adjacent,osm
ir-ghoreyshiha,ir-payegah-havaie,adjacent,osm
ir-payegah-havaie,ir-r20193753,adjacent,osm
ir-payegah-havaie,ir-shahrak-tohid,adjacent,osm
ir-golshahr-jounoubi,ir-resalat-jounoubi,adjacent,osm
ir-golshahr-jounoubi,ir-nakhl-nakhoda,adjacent,osm
ir-golshahr-jounoubi,ir-resalat-shomali,adjacent,osm
ir-golshahr-jounoubi,ir-daroo-pakhsh,adjacent,osm
ir-golshahr-jounoubi,ir-mojtama-besat,adjacent,osm
ir-golshahr-jounoubi,ir-golshahre-shomali,adjacent,osm
ir-golshahr-jounoubi,ir-damahi,adjacent,osm
ir-mojtama-besat,ir-daroo-pakhsh,adjacent,osm
ir-golshahre-shomali,ir-foroozan,adjacent,osm
ir-golshahre-shomali,ir-damahi,adjacent,osm
ir-foroozan,ir-resalat-shomali,adjacent,osm
ir-foroozan,ir-daroo-pakhsh,adjacent,osm
ir-foroozan,ir-shahrak-parvaz,adjacent,osm
ir-shahrak-parvaz,ir-resalat-shomali,adjacent,osm
ir-shahrak-parvaz,ir-toloo,adjacent,osm
ir-shahrak-parvaz,ir-kooye-vali-asr,adjacent,osm
ir-daroo-pakhsh,ir-resalat-shomali,adjacent,osm
ir-kooye-baharestan,ir-samadoo,adjacent,osm
ir-kooye-baharestan,ir-golestan-apartment,adjacent,osm
ir-kooye-baharestan,ir-toloo,adjacent,osm
ir-aquarium-apartment,ir-golestan-apartment,adjacent,osm
ir-aquarium-apartment,ir-shilat-apartment,adjacent,osm
ir-resalat-shomali,ir-resalat-jounoubi,adjacent,osm
ir-resalat-shomali,ir-toloo,adjacent,osm
ir-toloo,ir-samadoo,adjacent,osm
ir-toloo,ir-resalat-jounoubi,adjacent,osm
ir-toloo,ir-golestan-apartment,adjacent,osm
ir-toloo,ir-shilat-apartment,adjacent,osm
ir-toloo,ir-kooye-vali-asr,adjacent,osm
ir-golestan-apartment,ir-shilat-apartment,adjacent,osm
ir-shilat-apartment,ir-bashgah-chamran,adjacent,osm
ir-shilat-apartment,ir-edare-rah-va-shahrsazi,adjacent,osm
ir-shilat-apartment,ir-kooye-vali-asr,adjacent,osm
ir-bashgah-chamran,ir-seda-va-simaye-markaz-khalij-fars,adjacent,osm
ir-bashgah-chamran,ir-r20193753,adjacent,osm
ir-bashgah-chamran,ir-edare-rah-va-shahrsazi,adjacent,osm
ir-edare-rah-va-shahrsazi,ir-r20193753,adjacent,osm
ir-seda-va-simaye-markaz-khalij-fars,ir-nayband-jonoobi,adjacent,osm
ir-seda-va-simaye-markaz-khalij-fars,ir-r20193753,adjacent,osm
ir-seda-va-simaye-markaz-khalij-fars,ir-nayband-shomali,adjacent,osm
ir-mehregan,ir-kooye-vali-asr,adjacent,osm
ir-mehregan,ir-azad-shahr,adjacent,osm
ir-mehregan,ir-shahrak-niyayesh,adjacent,osm
ir-mehregan,ir-shahrak-sajadieh,adjacent,osm
ir-mehregan,ir-shahrak-talaeiye-faze-2,adjacent,osm
ir-shahrak-sajadieh,ir-azad-shahr,adjacent,osm
ir-shahrak-sajadieh,ir-shahrak-niyayesh,adjacent,osm
ir-shahrak-sajadieh,ir-shahrak-talaeiye-faze-2,adjacent,osm
ir-shahrak-andishe-farhangian,ir-nakhl-piremard,adjacent,osm
ir-shahrak-andishe-farhangian,ir-shahrak-emam-reza-2,adjacent,osm
ir-shahrak-andishe-farhangian,ir-shahrak-noor-2,adjacent,osm
ir-shahrak-andishe-farhangian,ir-shahrak-niyayesh,adjacent,osm
ir-shahrak-emam-reza-2,ir-azadegan-5,adjacent,osm
ir-shahrak-emam-reza-2,ir-foroodgah-ghadim,adjacent,osm
ir-shahrak-emam-reza-2,ir-chahestaniha,adjacent,osm
ir-shahrak-emam-reza-2,ir-ziba-shahr-2,adjacent,osm
ir-shahrak-emam-reza-2,ir-nakhl-piremard,adjacent,osm
ir-shahrak-emam-reza-2,ir-shahrak-noor-2,adjacent,osm
ir-chahestaniha,ir-nakhl-piremard,adjacent,osm
ir-4-bagh,ir-city-center-bandar-abbas,adjacent,osm
ir-4-bagh,ir-kargozari,adjacent,osm
ir-4-bagh,ir-sar-rig,adjacent,osm
ir-4-bagh,ir-otou-taj,adjacent,osm
ir-4-bagh,ir-nazar-abbad,adjacent,osm
ir-4-bagh,ir-shahid-kazerooni,adjacent,osm
ir-4-bagh,ir-shah-hoseini,adjacent,osm
ir-city-center-bandar-abbas,ir-mahale-evazia,adjacent,osm
ir-city-center-bandar-abbas,ir-kargozari,adjacent,osm
ir-city-center-bandar-abbas,ir-seyed-kamel,adjacent,osm
ir-city-center-bandar-abbas,ir-nazar-abbad,adjacent,osm
ir-kargozari,ir-sar-rig,adjacent,osm
ir-kargozari,ir-otou-taj,adjacent,osm
ir-sar-rig,ir-sim-bala,adjacent,osm
ir-sar-rig,ir-otou-taj,adjacent,osm
ir-sar-rig,ir-shahnaz-3,adjacent,osm
ir-sim-bala,ir-khaje-atta,adjacent,osm
ir-sim-bala,ir-mosalla-2,adjacent,osm
ir-sim-bala,ir-shahnaz-3,adjacent,osm
ir-park-shahr,ir-khaje-atta,adjacent,osm
ir-park-shahr,ir-3rah-gomrok,adjacent,osm
ir-park-shahr,ir-kooye-farhangian,adjacent,osm
ir-park-shahr,ir-azadegan-5,adjacent,osm
ir-park-shahr,ir-foroodgah-ghadim,adjacent,osm
ir-3rah-gomrok,ir-khaje-atta,adjacent,osm
ir-3rah-gomrok,ir-mosalla-2,adjacent,osm
ir-3rah-gomrok,ir-kooye-farhangian,adjacent,osm
ir-mosalla-2,ir-khaje-atta,adjacent,osm
ir-mosalla-2,ir-shahnaz-3,adjacent,osm
ir-mosalla-2,ir-kooye-farhangian,adjacent,osm
ir-nazar-abbad,ir-seyed-kamel,adjacent,osm
ir-nazar-abbad,ir-shahid-kazerooni,adjacent,osm
ir-nazar-abbad,ir-kooche-farhang,adjacent,osm
ir-nazar-abbad,ir-borke-gerd,adjacent,osm
ir-amir-abad,ir-amir-abad-3,adjacent,osm
ir-amir-abad,ir-hadish,adjacent,osm
ir-amir-abad,ir-eslam-abad-3,adjacent,osm
ir-amir-abad,ir-600-dastgah-2,adjacent,osm
ir-600-dastgah-2,ir-hadish,adjacent,osm
ir-600-dastgah-2,ir-eslam-abad-3,adjacent,osm
ir-600-dastgah-2,ir-400-dastgah,adjacent,osm
ir-600-dastgah-2,ir-shahrak-mehr,adjacent,osm
ir-600-dastgah-2,ir-2000,adjacent,osm
ir-600-dastgah-2,ir-payambar-azam,adjacent,osm
ir-2000,ir-400-dastgah,adjacent,osm
ir-2000,ir-22bahman,adjacent,osm
ir-2000,ir-payambar-azam,adjacent,osm
ir-shahrak-mehr,ir-hadish,adjacent,osm
ir-shahrak-mehr,ir-payambar-azam,adjacent,osm
ir-hadish,ir-amir-abad-3,adjacent,osm
ir-hadish,ir-payambar-azam,adjacent,osm
ir-borke-gerd,ir-shahid-kazerooni,adjacent,osm
ir-borke-gerd,ir-kooche-farhang,adjacent,osm
ir-borke-gerd,ir-shah-hoseini,adjacent,osm
ir-borke-gerd,ir-serah-barq,adjacent,osm
ir-serah-barq,ir-kooche-farhang,adjacent,osm
ir-serah-barq,ir-shah-hoseini,adjacent,osm
ir-serah-barq,ir-alshohada,adjacent,osm
ir-kooche-farhang,ir-seyed-kamel,adjacent,osm
ir-kooche-farhang,ir-pole-khajoo,adjacent,osm
ir-kooche-farhang,ir-alshohada,adjacent,osm
ir-pole-khajoo,ir-22bahman,adjacent,osm
ir-pole-khajoo,ir-seyed-kamel,adjacent,osm
ir-pole-khajoo,ir-shahrak-22-bahman-nirou-daryaie,adjacent,osm
ir-pole-khajoo,ir-alshohada,adjacent,osm
ir-shahrak-22-bahman-nirou-daryaie,ir-22bahman,adjacent,osm
ir-shahrak-22-bahman-nirou-daryaie,ir-seyed-kamel,adjacent,osm
ir-400-dastgah,ir-eslam-abad-3,adjacent,osm
ir-400-dastgah,ir-22bahman,adjacent,osm
ir-posht-shahr,ir-r16201865,adjacent,osm
ir-posht-shahr,ir-mahale-evazia,adjacent,osm
ir-posht-shahr,ir-hosein-abad-2,adjacent,osm
ir-posht-shahr,ir-22bahman,adjacent,osm
ir-3-rah-jahanbar,ir-hosein-abad-2,adjacent,osm
ir-3-rah-jahanbar,ir-amir-abad-3,adjacent,osm
ir-3-rah-jahanbar,ir-eslam-abad-3,adjacent,osm
ir-hosein-abad-2,ir-eslam-abad-3,adjacent,osm
ir-hosein-abad-2,ir-22bahman,adjacent,osm
ir-nakhl-nakhoda,ir-r20193753,adjacent,osm
ir-nakhl-nakhoda,ir-resalat-jounoubi,adjacent,osm
ir-r20193753,ir-nayband-jonoobi,adjacent,osm
ir-r20193753,ir-samadoo,adjacent,osm
ir-r20193753,ir-resalat-jounoubi,adjacent,osm
ir-samadoo,ir-resalat-jounoubi,adjacent,osm
ir-kooye-vali-asr,ir-nayband-shomali,adjacent,osm
ir-kooye-vali-asr,ir-azad-shahr,adjacent,osm
ir-shahrak-noor-2,ir-azadegan-5,adjacent,osm
ir-shahrak-noor-2,ir-ziba-shahr-2,adjacent,osm
ir-shahrak-noor-2,ir-azad-shahr,adjacent,osm
ir-shahrak-noor-2,ir-shahrak-niyayesh,adjacent,osm
ir-shahrak-niyayesh,ir-ziba-shahr-2,adjacent,osm
ir-shahrak-niyayesh,ir-azad-shahr,adjacent,osm
ir-shahrak-tohid,ir-elahie-jonoobi,adjacent,osm
ir-elahie-jonoobi,ir-damahi,adjacent,osm
ir-nakhl-piremard,ir-maskane-mehre-derakht-sabz,adjacent,osm
ir-kooye-farhangian,ir-shahnaz-3,adjacent,osm
ir-kooye-farhangian,ir-azadegan-5,adjacent,osm
ir-kooye-farhangian,ir-foroodgah-ghadim,adjacent,osm
ir-shahnaz-3,ir-otou-taj,adjacent,osm
ir-shahnaz-3,ir-shah-hoseini,adjacent,osm
ir-maskane-mehre-derakht-sabz,ir-payambar-azam,adjacent,osm
ir-shahid-kazerooni,ir-shah-hoseini,adjacent,osm
ir-shah-hoseini,ir-otou-taj,adjacent,osm
ir-seyed-kamel,ir-mahale-evazia,adjacent,osm
ir-seyed-kamel,ir-shamiliha,adjacent,osm
ir-seyed-kamel,ir-22bahman,adjacent,osm
ir-amir-abad-3,ir-eslam-abad-3,adjacent,osm
ir-eslam-abad-3,ir-22bahman,adjacent,osm
ir-khaje-atta,ir-nayband-jonoobi,adjacent,osm
ir-khaje-atta,ir-azadegan-5,adjacent,osm
ir-aflatounian,ir-r8989660,adjacent,osm
ir-aflatounian,ir-r8989659,adjacent,osm
ir-r8989659,ir-r8989660,adjacent,osm
ir-shahrak-hafez,ir-buye,adjacent,osm
ir-shahrak-hafez,ir-shahrak-jami,adjacent,osm
ir-shahrak-hafez,ir-shahrak-khayam,adjacent,osm
ir-kuye-keshavarz,ir-chob-bori-eghtesad,adjacent,osm
ir-kuye-keshavarz,ir-r8677988,adjacent,osm
ir-kuye-keshavarz,ir-kuye-afsaran,adjacent,osm
ir-golshahr-shomali,ir-kuye-taleghani,adjacent,osm
ir-golshahr-shomali,ir-kuye-alimohammadi,adjacent,osm
ir-golshahr-shomali,ir-kuye-tabiat,adjacent,osm
ir-golshahr-shomali,ir-motahhari-jonubi,adjacent,osm
ir-ghale-hasan,ir-pasargad,adjacent,osm
ir-ghale-hasan,ir-minagol,adjacent,osm
ir-ghale-hasan,ir-kuye-mehregan,adjacent,osm
ir-site-edari-ostandari,ir-koy-behzisti,adjacent,osm
ir-site-edari-ostandari,ir-shahrak-zeytun,adjacent,osm
ir-site-edari-ostandari,ir-koy-anjirab,adjacent,osm
ir-site-edari-ostandari,ir-kuye-afsaran,adjacent,osm
ir-pasargad,ir-shahrak-talar,adjacent,osm
ir-pasargad,ir-soroush-jangal,adjacent,osm
ir-pasargad,ir-minagol,adjacent,osm
ir-shahrak-ferdowsi,ir-motahhari-shomali,adjacent,osm
ir-shahrak-ferdowsi,ir-seyyedein,adjacent,osm
ir-shahrak-ferdowsi,ir-shahrak-molavi,adjacent,osm
ir-shahrak-ferdowsi,ir-shahrak-daneshju,adjacent,osm
ir-shahrak-molavi,ir-motahhari-shomali,adjacent,osm
ir-shahrak-molavi,ir-seyyedein,adjacent,osm
ir-shahrak-molavi,ir-vilashahr-2,adjacent,osm
ir-shahrak-molavi,ir-shahrak-daneshju,adjacent,osm
ir-shahrak-daneshju,ir-khargush-tappeh,adjacent,osm
ir-sarpir-va-dabaghan,ir-nalbandan,adjacent,osm
ir-sarpir-va-dabaghan,ir-koy-shahrvand,adjacent,osm
ir-sarpir-va-dabaghan,ir-kuye-javadieh,adjacent,osm
ir-shahrak-talar,ir-soroush-jangal,adjacent,osm
ir-soroush-jangal,ir-minagol,adjacent,osm
ir-kuye-azadi,ir-kuye-alimohammadi,adjacent,osm
ir-kuye-azadi,ir-shalikubi,adjacent,osm
ir-kuye-azadi,ir-bu-ali,adjacent,osm
ir-kuye-azadi,ir-molaghati,adjacent,osm
ir-bu-ali,ir-shalikubi,adjacent,osm
ir-bu-ali,ir-molaghati,adjacent,osm
ir-bu-ali,ir-nalbandan,adjacent,osm
ir-molaghati,ir-seyyedein,adjacent,osm
ir-seyyedein,ir-motahhari-shomali,adjacent,osm
ir-minagol,ir-farhangshahr,adjacent,osm
ir-minagol,ir-kuye-mehregan,adjacent,osm
ir-koy-behzisti,ir-alghadir,adjacent,osm
ir-koy-behzisti,ir-kuye-afsaran,adjacent,osm
ir-kuye-afsaran,ir-chob-bori-eghtesad,adjacent,osm
ir-kuye-afsaran,ir-koy-anjirab,adjacent,osm
ir-kuye-alimohammadi,ir-esterabadi,adjacent,osm
ir-kuye-alimohammadi,ir-motahhari-jonubi,adjacent,osm
ir-farhangshahr,ir-kuye-mehregan,adjacent,osm
ir-farhangshahr,ir-bakermahale,adjacent,osm
ir-motahhari-shomali,ir-motahhari-jonubi,adjacent,osm
ir-motahhari-shomali,ir-vilashahr-2,adjacent,osm
ir-bagh-palang,ir-emam-reza-2,adjacent,osm
ir-bagh-palang,ir-sarkhaje,adjacent,osm
ir-cheshmandaz,ir-zibashahr,adjacent,osm
ir-cheshmandaz,ir-emam-reza-2,adjacent,osm
ir-cheshmandaz,ir-shalikubi,adjacent,osm
ir-shalikubi,ir-kuye-takhti,adjacent,osm
ir-shalikubi,ir-5-azar-2,adjacent,osm
ir-bakermahale,ir-kuye-mehregan,adjacent,osm
ir-bakermahale,ir-zibashahr,adjacent,osm
ir-bakermahale,ir-kuye-shadab,adjacent,osm
ir-bakermahale,ir-emam-reza-2,adjacent,osm
ir-alghadir,ir-koy-erfan,adjacent,osm
ir-buye,ir-kuye-javadieh,adjacent,osm
ir-buye,ir-shahrak-jami,adjacent,osm
ir-buye,ir-shahrak-khayam,adjacent,osm
ir-kuye-taleghani,ir-kuye-tabiat,adjacent,osm
ir-kuye-tabiat,ir-chenaran,adjacent,osm
ir-sarkhaje,ir-emam-reza-2,adjacent,osm
ir-sarkhaje,ir-5-azar-2,adjacent,osm
ir-sarkhaje,ir-darbeno,adjacent,osm
ir-emam-reza-2,ir-zibashahr,adjacent,osm
ir-emam-reza-2,ir-5-azar-2,adjacent,osm
ir-mirkarim,ir-koy-tahmasbi,adjacent,osm
ir-mirkarim,ir-koy-shahrvand,adjacent,osm
ir-koy-erfan,ir-kuye-shadab,adjacent,osm
ir-r8677988,ir-chob-bori-eghtesad,adjacent,osm
ir-r8677988,ir-kuye-javadieh,adjacent,osm
ir-r8677988,ir-kianshahr,adjacent,osm
ir-kuye-sajadieh,ir-shahrak-shahid-beheshti,adjacent,osm
ir-kuye-sajadieh,ir-vilashahr-2,adjacent,osm
ir-kuye-sajadieh,ir-javadolaemeh,adjacent,osm
ir-chenaran,ir-koye-uzineh,adjacent,osm
ir-koye-uzineh,ir-shahrak-shahid-beheshti,adjacent,osm
ir-navi,ir-west-beyhagh,adjacent,osm
ir-sar-e-tol,ir-r8959325,adjacent,osm
ir-sar-e-tol,ir-r9036626,adjacent,osm
ir-r9036626,ir-r8974266,adjacent,osm
ir-r9036626,ir-r8959325,adjacent,osm
ir-r9081362,ir-helali,adjacent,osm
ir-r9081362,ir-shekari,adjacent,osm
ir-r9081362,ir-r9036628,adjacent,osm
ir-solh-abad,ir-shekari,adjacent,osm
ir-solh-abad,ir-r9036630,adjacent,osm
ir-solh-abad,ir-r9036628,adjacent,osm
ir-r9036630,ir-shekari,adjacent,osm
ir-r9036630,ir-r9036631,adjacent,osm
ir-r9036631,ir-sangi,adjacent,osm
ir-r9036631,ir-shekari,adjacent,osm
ir-shekari,ir-helali,adjacent,osm
ir-shekari,ir-sangi,adjacent,osm
ir-shekari,ir-r9036628,adjacent,osm
ir-r9036628,ir-bagh-e-zahra,adjacent,osm
ir-r9036627,ir-r8929605,adjacent,osm
ir-r9036627,ir-r8974266,adjacent,osm
ir-r9036627,ir-r9081356,adjacent,osm
ir-r8929605,ir-r8974266,adjacent,osm
ir-east-khayam,ir-qoreyshi,adjacent,osm
ir-east-khayam,ir-fardis-centre,adjacent,osm
ir-east-khayam,ir-east-nastaran,adjacent,osm
ir-east-khayam,ir-west-khayam,adjacent,osm
ir-east-khayam,ir-west-nastaran,adjacent,osm
ir-oghabe-nahaja,ir-shahrak-e-naz,adjacent,osm
ir-oghabe-nahaja,ir-shahrak-dehkade,adjacent,osm
ir-west-khayam,ir-shahrak-e-naz,adjacent,osm
ir-west-khayam,ir-shahrak-dehkade,adjacent,osm
ir-west-khayam,ir-qoreyshi,adjacent,osm
ir-west-khayam,ir-east-nastaran,adjacent,osm
ir-west-khayam,ir-west-nastaran,adjacent,osm
ir-shahrak-dehkade,ir-shahrak-e-naz,adjacent,osm
ir-east-nastaran,ir-fardis-centre,adjacent,osm
ir-east-nastaran,ir-r9039102,adjacent,osm
ir-east-nastaran,ir-west-nastaran,adjacent,osm
ir-east-nastaran,ir-r9039101,adjacent,osm
ir-r9039102,ir-fardis-centre,adjacent,osm
ir-r9039102,ir-r9039101,adjacent,osm
ir-r9039102,ir-r9039143,adjacent,osm
ir-qoreyshi,ir-r9039130,adjacent,osm
ir-qoreyshi,ir-shahrak-e-naz,adjacent,osm
ir-qoreyshi,ir-shahrak-e-sepah,adjacent,osm
ir-qoreyshi,ir-fardis-centre,adjacent,osm
ir-shahrak-e-sepah,ir-r9039130,adjacent,osm
ir-shahrak-e-sepah,ir-fardis-centre,adjacent,osm
ir-r9039130,ir-shahrak-e-naz,adjacent,osm
ir-r9039101,ir-west-nastaran,adjacent,osm
ir-r9039101,ir-r9039143,adjacent,osm
ir-chahar-borj,ir-kalate-barfi,adjacent,osm
ir-chahar-borj,ir-quarter-3-of-district-12,adjacent,osm
ir-chahar-borj,ir-ferdowsi-4,adjacent,osm
ir-kalate-barfi,ir-quarter-3-of-district-12,adjacent,osm
ir-ferdowsi-4,ir-quarter-3-of-district-12,adjacent,osm
ir-darbeno,ir-nalbandan,adjacent,osm
ir-imam-khomeini,ir-abadgaran,adjacent,osm
ir-imam-khomeini,ir-imam-reza-teravel-terminal,adjacent,osm
ir-imam-khomeini,ir-quarter-2-of-district-8,adjacent,osm
ir-iman,ir-quarter-2-of-district-7,adjacent,osm
ir-iman,ir-abadgaran,adjacent,osm
ir-iman,ir-imam-reza-teravel-terminal,adjacent,osm
ir-iman,ir-quarter-2-of-district-8,adjacent,osm
ir-quarter-2-of-district-7,ir-abadgaran,adjacent,osm
ir-quarter-2-of-district-7,ir-imam-reza-teravel-terminal,adjacent,osm
ir-quarter-2-of-district-7,ir-quarter-2-of-district-8,adjacent,osm
ir-quarter-2-of-district-8,ir-abadgaran,adjacent,osm
ir-quarter-2-of-district-8,ir-imam-reza-teravel-terminal,adjacent,osm
ir-quarter-2-of-district-8,ir-baharestan-4,adjacent,osm
ir-quarter-2-of-district-8,ir-zakariya,adjacent,osm
ir-quarter-2-of-district-8,ir-reza-shahr,adjacent,osm
ir-quarter-2-of-district-8,ir-nofel-loshato,adjacent,osm
ir-quarter-2-of-district-8,ir-quarter-1-of-district-1,adjacent,osm
ir-quarter-2-of-district-8,ir-quarter-2-of-district-1,adjacent,osm
ir-district-8-5,ir-district-7-6,adjacent,osm
ir-district-8-5,ir-samen-district,adjacent,osm
ir-district-8-5,ir-district-1-6,adjacent,osm
ir-district-8-5,ir-district-9-4,adjacent,osm
ir-district-8-5,ir-district-2-9,adjacent,osm
ir-district-8-5,ir-district-3-6,adjacent,osm
ir-district-7-6,ir-district-6-3,adjacent,osm
ir-district-7-6,ir-samen-district,adjacent,osm
ir-abadgaran,ir-imam-reza-teravel-terminal,adjacent,osm
ir-abadgaran,ir-baharestan-4,adjacent,osm
ir-abadgaran,ir-zakariya,adjacent,osm
ir-havashenasi,ir-dare-chayi,adjacent,osm
ir-dare-chayi,ir-amini,adjacent,osm
ir-digaleh,ir-samadzadeh,adjacent,osm
ir-digaleh,ir-gharantineh,adjacent,osm
ir-r9081356,ir-r8974266,adjacent,osm
ir-r9081356,ir-ashouri,adjacent,osm
ir-r9081356,ir-r9117266,adjacent,osm
ir-hafezieh-3,ir-chagha-golan,adjacent,osm
ir-sangi,ir-bisim,adjacent,osm
ir-sangi,ir-bagh-e-zahra,adjacent,osm
ir-sangi,ir-helali,adjacent,osm
ir-sangi,ir-ashouri,adjacent,osm
ir-sangi,ir-r9117266,adjacent,osm
ir-r9117266,ir-ashouri,adjacent,osm
ir-ashouri,ir-r8974266,adjacent,osm
ir-ashouri,ir-bisim,adjacent,osm
ir-r16052008,ir-khezr,adjacent,osm
ir-west-tehransar,ir-east-tehransar,adjacent,osm
ir-west-tehransar,ir-shahrak-darya,adjacent,osm
ir-west-tehransar,ir-zone-1-2,adjacent,osm
ir-west-tehransar,ir-bashgah-naft,adjacent,osm
ir-west-tehransar,ir-shahrak-esteghlal,adjacent,osm
ir-west-tehransar,ir-zone-2-2,adjacent,osm
ir-vardavard,ir-chitgar,adjacent,osm
ir-vardavard,ir-zone-3-3,adjacent,osm
ir-vardavard,ir-shahrak-ghazali,adjacent,osm
ir-vardavard,ir-r21283755,adjacent,osm
ir-vardavard,ir-shahrak-daneshgah-sharif,adjacent,osm
ir-shahrak-ghazali,ir-chitgar,adjacent,osm
ir-shahrak-ghazali,ir-zone-3-3,adjacent,osm
ir-shahrak-ghazali,ir-vilashahr-3,adjacent,osm
ir-shahrak-ghazali,ir-sarv-azad,adjacent,osm
ir-shahrak-ghazali,ir-r21283755,adjacent,osm
ir-shahrak-ghazali,ir-shahrak-daneshgah-sharif,adjacent,osm
ir-vilashahr-3,ir-chitgar,adjacent,osm
ir-vilashahr-3,ir-zone-3-3,adjacent,osm
ir-vilashahr-3,ir-shahrak-shahrdari,adjacent,osm
ir-vilashahr-3,ir-sarv-azad,adjacent,osm
ir-vilashahr-3,ir-r21283755,adjacent,osm
ir-shahrak-shahrdari,ir-chitgar,adjacent,osm
ir-shahrak-shahrdari,ir-zone-3-3,adjacent,osm
ir-shahrak-shahrdari,ir-sarv-azad,adjacent,osm
ir-shahrak-shahrdari,ir-r21283755,adjacent,osm
ir-zone-3-3,ir-zone-2-2,adjacent,osm
ir-zone-3-3,ir-shahrak-daneshgah-tehran,adjacent,osm
ir-zone-3-3,ir-chitgar,adjacent,osm
ir-zone-3-3,ir-daryacheh,adjacent,osm
ir-zone-3-3,ir-sarv-azad,adjacent,osm
ir-zone-3-3,ir-r21283470,adjacent,osm
ir-zone-3-3,ir-r21283755,adjacent,osm
ir-zone-3-3,ir-shahrak-daneshgah-sharif,adjacent,osm
ir-chitgar,ir-zone-2-2,adjacent,osm
ir-chitgar,ir-shahrak-daneshgah-tehran,adjacent,osm
ir-chitgar,ir-daryacheh,adjacent,osm
ir-chitgar,ir-sarv-azad,adjacent,osm
ir-chitgar,ir-r21283470,adjacent,osm
ir-chitgar,ir-r21283755,adjacent,osm
ir-shahrak-daneshgah-tehran,ir-shahrak-esteghlal,adjacent,osm
ir-shahrak-daneshgah-tehran,ir-zone-2-2,adjacent,osm
ir-shahrak-daneshgah-tehran,ir-r21283270,adjacent,osm
ir-shahrak-daneshgah-tehran,ir-daryacheh,adjacent,osm
ir-shahrak-daneshgah-tehran,ir-sarv-azad,adjacent,osm
ir-shahrak-daneshgah-tehran,ir-r21283470,adjacent,osm
ir-shahrak-daneshgah-tehran,ir-r21283755,adjacent,osm
ir-shahrak-darya,ir-r13895268,adjacent,osm
ir-shahrak-darya,ir-khalij-fars,adjacent,osm
ir-shahrak-darya,ir-east-tehransar,adjacent,osm
ir-shahrak-darya,ir-zone-1-2,adjacent,osm
ir-shahrak-darya,ir-shahrak-esteghlal,adjacent,osm
ir-shahrak-darya,ir-zone-2-2,adjacent,osm
ir-central-tehransar,ir-east-tehransar,adjacent,osm
ir-central-tehransar,ir-north-tehransar,adjacent,osm
ir-central-tehransar,ir-zone-1-2,adjacent,osm
ir-central-tehransar,ir-shahrak-pasdaran,adjacent,osm
ir-central-tehransar,ir-bashgah-naft,adjacent,osm
ir-shahrak-esteghlal,ir-r13895268,adjacent,osm
ir-shahrak-esteghlal,ir-khalij-fars,adjacent,osm
ir-shahrak-esteghlal,ir-zone-1-2,adjacent,osm
ir-shahrak-esteghlal,ir-bashgah-naft,adjacent,osm
ir-shahrak-esteghlal,ir-zone-2-2,adjacent,osm
ir-shahrak-esteghlal,ir-r17147384,adjacent,osm
ir-shahrak-esteghlal,ir-r21283270,adjacent,osm
ir-shahrak-esteghlal,ir-shahrak-sadra,adjacent,osm
ir-shahrak-esteghlal,ir-daryacheh,adjacent,osm
ir-shahrak-esteghlal,ir-r21283470,adjacent,osm
ir-bashgah-naft,ir-east-tehransar,adjacent,osm
ir-bashgah-naft,ir-north-tehransar,adjacent,osm
ir-bashgah-naft,ir-zone-1-2,adjacent,osm
ir-bashgah-naft,ir-zone-2-2,adjacent,osm
ir-bashgah-naft,ir-r17147384,adjacent,osm
ir-sarv-azad,ir-zone-2-2,adjacent,osm
ir-sarv-azad,ir-daryacheh,adjacent,osm
ir-sarv-azad,ir-r21283470,adjacent,osm
ir-sarv-azad,ir-r21283755,adjacent,osm
ir-sarv-azad,ir-shahrak-daneshgah-sharif,adjacent,osm
ir-sarv-azad,ir-sarv-azad-2,adjacent,osm
ir-zibadasht,ir-varzeshgah-azadi,adjacent,osm
ir-zibadasht,ir-r21283270,adjacent,osm
ir-zibadasht,ir-shahrak-sadra,adjacent,osm
ir-zibadasht,ir-andisheh-javanmardan,adjacent,osm
ir-zibadasht,ir-golestan-4,adjacent,osm
ir-zibadasht,ir-r15550022,adjacent,osm
ir-zibadasht,ir-kan,adjacent,osm
ir-zibadasht,ir-r21148513,adjacent,osm
ir-zibadasht,ir-dehkadeh-olympic,adjacent,osm
ir-shahrak-kuhsar,ir-zone-2,adjacent,osm
ir-shahrak-kuhsar,ir-punak-2,adjacent,osm
ir-shahrak-kuhsar,ir-r21148511,adjacent,osm
ir-shahrak-kuhsar,ir-almahdi-simun-bolivar,adjacent,osm
ir-shahrak-kuhsar,ir-morad-abad-2,adjacent,osm
ir-shahrak-kuhsar,ir-shahrak-naft-simun-bolivar,adjacent,osm
ir-varzeshgah-azadi,ir-ekbatan,adjacent,osm
ir-varzeshgah-azadi,ir-r21148516,adjacent,osm
ir-varzeshgah-azadi,ir-zone-2-2,adjacent,osm
ir-varzeshgah-azadi,ir-shahrak-farhangian-3,adjacent,osm
ir-varzeshgah-azadi,ir-shahrak-azadi,adjacent,osm
ir-varzeshgah-azadi,ir-r17147384,adjacent,osm
ir-varzeshgah-azadi,ir-eram-3,adjacent,osm
ir-varzeshgah-azadi,ir-r21283270,adjacent,osm
ir-varzeshgah-azadi,ir-shahrak-sadra,adjacent,osm
ir-varzeshgah-azadi,ir-r21148515,adjacent,osm
ir-varzeshgah-azadi,ir-andisheh-javanmardan,adjacent,osm
ir-varzeshgah-azadi,ir-r15550022,adjacent,osm
ir-varzeshgah-azadi,ir-r21148513,adjacent,osm
ir-north-sazman-barnameh,ir-eram-3,adjacent,osm
ir-north-sazman-barnameh,ir-south-sazman-barnameh,adjacent,osm
ir-north-sazman-barnameh,ir-shahrak-parvaz-2,adjacent,osm
ir-north-sazman-barnameh,ir-r21148515,adjacent,osm
ir-north-sazman-barnameh,ir-south-janatabad,adjacent,osm
ir-north-sazman-barnameh,ir-sazman-ab,adjacent,osm
ir-north-sazman-barnameh,ir-shahr-ziba,adjacent,osm
ir-north-sazman-barnameh,ir-r21148348,adjacent,osm
ir-north-sazman-barnameh,ir-r21148514,adjacent,osm
ir-dehkadeh-olympic,ir-r21283470,adjacent,osm
ir-dehkadeh-olympic,ir-andisheh-javanmardan,adjacent,osm
ir-dehkadeh-olympic,ir-r19233111,adjacent,osm
ir-dehkadeh-olympic,ir-golestan-4,adjacent,osm
ir-dehkadeh-olympic,ir-r15550022,adjacent,osm
ir-dehkadeh-olympic,ir-kan,adjacent,osm
ir-dehkadeh-olympic,ir-r21148513,adjacent,osm
ir-dehkadeh-olympic,ir-abshar-tehran,adjacent,osm
ir-dehkadeh-olympic,ir-baharan-4,adjacent,osm
ir-south-shahran,ir-south-janatabad,adjacent,osm
ir-south-shahran,ir-andisheh-javanmardan,adjacent,osm
ir-south-shahran,ir-shahr-ziba,adjacent,osm
ir-south-shahran,ir-r21148348,adjacent,osm
ir-south-shahran,ir-kan,adjacent,osm
ir-south-shahran,ir-r21148513,adjacent,osm
ir-south-shahran,ir-r21148514,adjacent,osm
ir-south-shahran,ir-baharan-4,adjacent,osm
ir-south-shahran,ir-central-janatabad,adjacent,osm
ir-south-shahran,ir-north-janatabad,adjacent,osm
ir-south-shahran,ir-north-shahran,adjacent,osm
ir-almahdi-simun-bolivar,ir-zone-2,adjacent,osm
ir-almahdi-simun-bolivar,ir-r21148348,adjacent,osm
ir-almahdi-simun-bolivar,ir-shahin-mokhberi,adjacent,osm
ir-almahdi-simun-bolivar,ir-punak-2,adjacent,osm
ir-almahdi-simun-bolivar,ir-north-janatabad,adjacent,osm
ir-almahdi-simun-bolivar,ir-r21148511,adjacent,osm
ir-almahdi-simun-bolivar,ir-hesarak,adjacent,osm
ir-almahdi-simun-bolivar,ir-morad-abad-2,adjacent,osm
ir-almahdi-simun-bolivar,ir-shahrak-naft-simun-bolivar,adjacent,osm
ir-morad-abad-2,ir-r21148348,adjacent,osm
ir-morad-abad-2,ir-north-janatabad,adjacent,osm
ir-morad-abad-2,ir-r21148511,adjacent,osm
ir-morad-abad-2,ir-hesarak,adjacent,osm
ir-morad-abad-2,ir-shahrak-naft-simun-bolivar,adjacent,osm
ir-shahr-ziba,ir-r21148515,adjacent,osm
ir-shahr-ziba,ir-south-janatabad,adjacent,osm
ir-shahr-ziba,ir-sazman-ab,adjacent,osm
ir-shahr-ziba,ir-andisheh-javanmardan,adjacent,osm
ir-shahr-ziba,ir-r21148348,adjacent,osm
ir-shahr-ziba,ir-r21148513,adjacent,osm
ir-shahr-ziba,ir-r21148514,adjacent,osm
ir-shahr-ziba,ir-central-janatabad,adjacent,osm
ir-r21148513,ir-eram-3,adjacent,osm
ir-r21148513,ir-r21283270,adjacent,osm
ir-r21148513,ir-r21148515,adjacent,osm
ir-r21148513,ir-sazman-ab,adjacent,osm
ir-r21148513,ir-andisheh-javanmardan,adjacent,osm
ir-r21148513,ir-r15550022,adjacent,osm
ir-r21148513,ir-kan,adjacent,osm
ir-r21148513,ir-r21148514,adjacent,osm
ir-r21148513,ir-baharan-4,adjacent,osm
ir-r21148513,ir-north-shahran,adjacent,osm
ir-north-shahran,ir-r21148348,adjacent,osm
ir-north-shahran,ir-kan,adjacent,osm
ir-north-shahran,ir-r21148514,adjacent,osm
ir-north-shahran,ir-baharan-4,adjacent,osm
ir-north-shahran,ir-central-janatabad,adjacent,osm
ir-north-shahran,ir-north-janatabad,adjacent,osm
ir-north-shahran,ir-r21148511,adjacent,osm
ir-north-shahran,ir-hesarak,adjacent,osm
ir-andisheh-javanmardan,ir-eram-3,adjacent,osm
ir-andisheh-javanmardan,ir-r21283270,adjacent,osm
ir-andisheh-javanmardan,ir-r21148515,adjacent,osm
ir-andisheh-javanmardan,ir-sazman-ab,adjacent,osm
ir-andisheh-javanmardan,ir-r15550022,adjacent,osm
ir-andisheh-javanmardan,ir-kan,adjacent,osm
ir-andisheh-javanmardan,ir-r21148514,adjacent,osm
ir-central-janatabad,ir-south-janatabad,adjacent,osm
ir-central-janatabad,ir-r21148348,adjacent,osm
ir-central-janatabad,ir-r21148514,adjacent,osm
ir-central-janatabad,ir-shahin-mokhberi,adjacent,osm
ir-central-janatabad,ir-north-janatabad,adjacent,osm
ir-kan,ir-r15550022,adjacent,osm
ir-kan,ir-r21148514,adjacent,osm
ir-kan,ir-baharan-4,adjacent,osm
ir-baharan-4,ir-r15550022,adjacent,osm
ir-baharan-4,ir-r21148514,adjacent,osm
ir-north-janatabad,ir-r21148348,adjacent,osm
ir-north-janatabad,ir-r21148514,adjacent,osm
ir-north-janatabad,ir-shahin-mokhberi,adjacent,osm
ir-north-janatabad,ir-punak-2,adjacent,osm
ir-north-janatabad,ir-r21148511,adjacent,osm
ir-north-janatabad,ir-hesarak,adjacent,osm
ir-hesarak,ir-r21148348,adjacent,osm
ir-hesarak,ir-r21148514,adjacent,osm
ir-hesarak,ir-r21148511,adjacent,osm
ir-shahin-mokhberi,ir-south-janatabad,adjacent,osm
ir-shahin-mokhberi,ir-bagh-feyz,adjacent,osm
ir-shahin-mokhberi,ir-r21148348,adjacent,osm
ir-shahin-mokhberi,ir-punak-2,adjacent,osm
ir-shahin-mokhberi,ir-r21148511,adjacent,osm
ir-south-sazman-barnameh,ir-ekbatan,adjacent,osm
ir-south-sazman-barnameh,ir-r21148516,adjacent,osm
ir-south-sazman-barnameh,ir-eram-3,adjacent,osm
ir-south-sazman-barnameh,ir-shahrak-parvaz-2,adjacent,osm
ir-south-sazman-barnameh,ir-r21148515,adjacent,osm
ir-south-sazman-barnameh,ir-sazman-ab,adjacent,osm
ir-shahrak-parvaz-2,ir-ekbatan,adjacent,osm
ir-shahrak-parvaz-2,ir-r21148516,adjacent,osm
ir-shahrak-parvaz-2,ir-ferdows-2,adjacent,osm
ir-shahrak-parvaz-2,ir-r21148512,adjacent,osm
ir-shahrak-parvaz-2,ir-r21148515,adjacent,osm
ir-shahrak-parvaz-2,ir-mehran-payambar,adjacent,osm
ir-shahrak-parvaz-2,ir-south-janatabad,adjacent,osm
ir-shahrak-parvaz-2,ir-r21148348,adjacent,osm
ir-r21148515,ir-ekbatan,adjacent,osm
ir-r21148515,ir-r21148516,adjacent,osm
ir-r21148515,ir-zone-2-2,adjacent,osm
ir-r21148515,ir-shahrak-farhangian-3,adjacent,osm
ir-r21148515,ir-ferdows-2,adjacent,osm
ir-r21148515,ir-eram-3,adjacent,osm
ir-r21148515,ir-r21148512,adjacent,osm
ir-r21148515,ir-r21283270,adjacent,osm
ir-r21148515,ir-mehran-payambar,adjacent,osm
ir-r21148515,ir-south-janatabad,adjacent,osm
ir-r21148515,ir-sazman-ab,adjacent,osm
ir-r21148515,ir-r21148348,adjacent,osm
ir-r21148515,ir-r21148514,adjacent,osm
ir-eram-3,ir-ekbatan,adjacent,osm
ir-eram-3,ir-r21148516,adjacent,osm
ir-eram-3,ir-zone-2-2,adjacent,osm
ir-eram-3,ir-shahrak-farhangian-3,adjacent,osm
ir-eram-3,ir-r21283270,adjacent,osm
ir-eram-3,ir-sazman-ab,adjacent,osm
ir-sazman-ab,ir-south-janatabad,adjacent,osm
ir-sazman-ab,ir-r21148348,adjacent,osm
ir-sazman-ab,ir-r21148514,adjacent,osm
ir-shahrak-farhangian-3,ir-r21286087,adjacent,osm
ir-shahrak-farhangian-3,ir-mehrabad-airport,adjacent,osm
ir-shahrak-farhangian-3,ir-north-tehransar,adjacent,osm
ir-shahrak-farhangian-3,ir-zone-1-2,adjacent,osm
ir-shahrak-farhangian-3,ir-ekbatan,adjacent,osm
ir-shahrak-farhangian-3,ir-r21148516,adjacent,osm
ir-shahrak-farhangian-3,ir-zone-2-2,adjacent,osm
ir-shahrak-farhangian-3,ir-shahrak-azadi,adjacent,osm
ir-shahrak-farhangian-3,ir-r21283270,adjacent,osm
ir-district-21,ir-district-18,adjacent,osm
ir-district-21,ir-district-9-2,adjacent,osm
ir-district-21,ir-district-22,adjacent,osm
ir-district-21,ir-district-5-6,adjacent,osm
ir-ferdows-2,ir-tarasht,adjacent,osm
ir-ferdows-2,ir-ekbatan,adjacent,osm
ir-ferdows-2,ir-r21148516,adjacent,osm
ir-ferdows-2,ir-shahrak-apadana,adjacent,osm
ir-ferdows-2,ir-zone-5,adjacent,osm
ir-ferdows-2,ir-chub-tarash,adjacent,osm
ir-ferdows-2,ir-sadeqiye,adjacent,osm
ir-ferdows-2,ir-r21148512,adjacent,osm
ir-ferdows-2,ir-abazar,adjacent,osm
ir-ferdows-2,ir-mehran-payambar,adjacent,osm
ir-ferdows-2,ir-south-janatabad,adjacent,osm
ir-ferdows-2,ir-r21148348,adjacent,osm
ir-ekbatan,ir-r21286087,adjacent,osm
ir-ekbatan,ir-mehrabad-airport,adjacent,osm
ir-ekbatan,ir-north-tehransar,adjacent,osm
ir-ekbatan,ir-zone-1-2,adjacent,osm
ir-ekbatan,ir-kuy-bimeh,adjacent,osm
ir-ekbatan,ir-r21148516,adjacent,osm
ir-ekbatan,ir-shahrak-apadana,adjacent,osm
ir-ekbatan,ir-zone-2-2,adjacent,osm
ir-ekbatan,ir-r21148512,adjacent,osm
ir-ekbatan,ir-r21283270,adjacent,osm
ir-r21148516,ir-r21286087,adjacent,osm
ir-r21148516,ir-mehrabad-airport,adjacent,osm
ir-r21148516,ir-r15512935,adjacent,osm
ir-r21148516,ir-north-tehransar,adjacent,osm
ir-r21148516,ir-zone-1-2,adjacent,osm
ir-r21148516,ir-ostad-moein,adjacent,osm
ir-r21148516,ir-kuy-bimeh,adjacent,osm
ir-r21148516,ir-tarasht,adjacent,osm
ir-r21148516,ir-shahrak-apadana,adjacent,osm
ir-r21148516,ir-zone-2-2,adjacent,osm
ir-r21148516,ir-zone-5,adjacent,osm
ir-r21148516,ir-chub-tarash,adjacent,osm
ir-r21148516,ir-r21148512,adjacent,osm
ir-r21148516,ir-r21283270,adjacent,osm
ir-kuy-bimeh,ir-r21286087,adjacent,osm
ir-kuy-bimeh,ir-mehrabad-airport,adjacent,osm
ir-kuy-bimeh,ir-shahrak-apadana,adjacent,osm
ir-shahrak-apadana,ir-r21286087,adjacent,osm
ir-shahrak-apadana,ir-mehrabad-airport,adjacent,osm
ir-shahrak-apadana,ir-r15512935,adjacent,osm
ir-shahrak-apadana,ir-ostad-moein,adjacent,osm
ir-shahrak-apadana,ir-tarasht,adjacent,osm
ir-shahrak-apadana,ir-zone-5,adjacent,osm
ir-shahrak-apadana,ir-chub-tarash,adjacent,osm
ir-shahrak-apadana,ir-r21148512,adjacent,osm
ir-dastgheyb,ir-emamzadeh-abdollah,adjacent,osm
ir-dastgheyb,ir-r21286087,adjacent,osm
ir-dastgheyb,ir-hashemi,adjacent,osm
ir-dastgheyb,ir-r21277139,adjacent,osm
ir-dastgheyb,ir-mehrabad-airport,adjacent,osm
ir-dastgheyb,ir-r15512935,adjacent,osm
ir-dastgheyb,ir-doctor-hushmand,adjacent,osm
ir-dastgheyb,ir-south-zanjan,adjacent,osm
ir-dastgheyb,ir-r18304163,adjacent,osm
ir-dastgheyb,ir-ostad-moein,adjacent,osm
ir-ostad-moein,ir-r21286087,adjacent,osm
ir-ostad-moein,ir-mehrabad-airport,adjacent,osm
ir-ostad-moein,ir-r15512935,adjacent,osm
ir-ostad-moein,ir-doctor-hushmand,adjacent,osm
ir-ostad-moein,ir-tarasht,adjacent,osm
ir-ostad-moein,ir-teymuri,adjacent,osm
ir-ostad-moein,ir-zone-5,adjacent,osm
ir-abazar,ir-zone-5,adjacent,osm
ir-abazar,ir-sadeqiye,adjacent,osm
ir-abazar,ir-r21148512,adjacent,osm
ir-abazar,ir-mehran-payambar,adjacent,osm
ir-abazar,ir-marzdaran,adjacent,osm
ir-abazar,ir-bagh-feyz,adjacent,osm
ir-abazar,ir-shahrak-homa,adjacent,osm
ir-abazar,ir-zone-2,adjacent,osm
ir-abazar,ir-r21148511,adjacent,osm
ir-bagh-feyz,ir-r21148512,adjacent,osm
ir-bagh-feyz,ir-mehran-payambar,adjacent,osm
ir-bagh-feyz,ir-marzdaran,adjacent,osm
ir-bagh-feyz,ir-south-janatabad,adjacent,osm
ir-bagh-feyz,ir-shahrak-homa,adjacent,osm
ir-bagh-feyz,ir-zone-2,adjacent,osm
ir-bagh-feyz,ir-r21148348,adjacent,osm
ir-bagh-feyz,ir-punak-2,adjacent,osm
ir-bagh-feyz,ir-r21148511,adjacent,osm
ir-sadeqiye,ir-zone-5,adjacent,osm
ir-sadeqiye,ir-chub-tarash,adjacent,osm
ir-sadeqiye,ir-sattarkhan,adjacent,osm
ir-sadeqiye,ir-r21148512,adjacent,osm
ir-sadeqiye,ir-shahrak-azmayesh,adjacent,osm
ir-sadeqiye,ir-zone-4,adjacent,osm
ir-sadeqiye,ir-marzdaran,adjacent,osm
ir-sadeqiye,ir-zone-2,adjacent,osm
ir-zone-5,ir-r15512935,adjacent,osm
ir-zone-5,ir-doctor-hushmand,adjacent,osm
ir-zone-5,ir-south-zanjan,adjacent,osm
ir-zone-5,ir-r18304163,adjacent,osm
ir-zone-5,ir-north-zanjan,adjacent,osm
ir-zone-5,ir-tarasht,adjacent,osm
ir-zone-5,ir-teymuri,adjacent,osm
ir-zone-5,ir-shadman,adjacent,osm
ir-zone-5,ir-zone-6,adjacent,osm
ir-zone-5,ir-habibollah,adjacent,osm
ir-zone-5,ir-chub-tarash,adjacent,osm
ir-zone-5,ir-sattarkhan,adjacent,osm
ir-zone-5,ir-r21148512,adjacent,osm
ir-zone-5,ir-shahrak-azmayesh,adjacent,osm
ir-zone-5,ir-zone-4,adjacent,osm
ir-zone-5,ir-marzdaran,adjacent,osm
ir-zone-5,ir-zone-2,adjacent,osm
ir-marzdaran,ir-sattarkhan,adjacent,osm
ir-marzdaran,ir-r21148512,adjacent,osm
ir-marzdaran,ir-shahrak-azmayesh,adjacent,osm
ir-marzdaran,ir-zone-4,adjacent,osm
ir-marzdaran,ir-pardisan,adjacent,osm
ir-marzdaran,ir-shahrak-homa,adjacent,osm
ir-marzdaran,ir-zone-2,adjacent,osm
ir-marzdaran,ir-r21148511,adjacent,osm
ir-derakhti,ir-zone-2,adjacent,osm
ir-derakhti,ir-eyvanak,adjacent,osm
ir-derakhti,ir-quarter-7-of-district-2,adjacent,osm
ir-derakhti,ir-shahrak-e-ghods,adjacent,osm
ir-derakhti,ir-darya,adjacent,osm
ir-derakhti,ir-punak-2,adjacent,osm
ir-derakhti,ir-zone-1,adjacent,osm
ir-derakhti,ir-zone-8-2,adjacent,osm
ir-derakhti,ir-aseman,adjacent,osm
ir-derakhti,ir-saadat-abad-2,adjacent,osm
ir-aseman,ir-zone-2,adjacent,osm
ir-aseman,ir-darya,adjacent,osm
ir-aseman,ir-punak-2,adjacent,osm
ir-aseman,ir-zone-1,adjacent,osm
ir-aseman,ir-zone-8-2,adjacent,osm
ir-aseman,ir-saadat-abad-2,adjacent,osm
ir-aseman,ir-farahzad,adjacent,osm
ir-aseman,ir-parvaz-2,adjacent,osm
ir-aseman,ir-zone-9,adjacent,osm
ir-aseman,ir-shahrak-mokhaberat-2,adjacent,osm
ir-zone-8-2,ir-zone-2,adjacent,osm
ir-zone-8-2,ir-eyvanak,adjacent,osm
ir-zone-8-2,ir-quarter-7-of-district-2,adjacent,osm
ir-zone-8-2,ir-shahrak-e-ghods,adjacent,osm
ir-zone-8-2,ir-darya,adjacent,osm
ir-zone-8-2,ir-punak-2,adjacent,osm
ir-zone-8-2,ir-zone-1,adjacent,osm
ir-zone-8-2,ir-saadat-abad-2,adjacent,osm
ir-zone-8-2,ir-farahzad,adjacent,osm
ir-zone-8-2,ir-parvaz-2,adjacent,osm
ir-zone-8-2,ir-zone-9,adjacent,osm
ir-zone-8-2,ir-shahrak-mokhaberat-2,adjacent,osm
ir-punak-2,ir-zone-4,adjacent,osm
ir-punak-2,ir-south-janatabad,adjacent,osm
ir-punak-2,ir-pardisan,adjacent,osm
ir-punak-2,ir-shahrak-homa,adjacent,osm
ir-punak-2,ir-zone-2,adjacent,osm
ir-punak-2,ir-r21148348,adjacent,osm
ir-punak-2,ir-eyvanak,adjacent,osm
ir-punak-2,ir-quarter-7-of-district-2,adjacent,osm
ir-punak-2,ir-r21148511,adjacent,osm
ir-punak-2,ir-farahzad,adjacent,osm
ir-punak-2,ir-zone-9,adjacent,osm
ir-punak-2,ir-shahrak-naft-simun-bolivar,adjacent,osm
ir-shahrak-homa,ir-r21148512,adjacent,osm
ir-shahrak-homa,ir-zone-4,adjacent,osm
ir-shahrak-homa,ir-pardisan,adjacent,osm
ir-shahrak-homa,ir-zone-2,adjacent,osm
ir-shahrak-homa,ir-eyvanak,adjacent,osm
ir-shahrak-homa,ir-quarter-7-of-district-2,adjacent,osm
ir-shahrak-homa,ir-r21148511,adjacent,osm
ir-zone-2,ir-sattarkhan,adjacent,osm
ir-zone-2,ir-r21148512,adjacent,osm
ir-zone-2,ir-shahrak-azmayesh,adjacent,osm
ir-zone-2,ir-zone-4,adjacent,osm
ir-zone-2,ir-pardisan,adjacent,osm
ir-zone-2,ir-eyvanak,adjacent,osm
ir-zone-2,ir-quarter-7-of-district-2,adjacent,osm
ir-zone-2,ir-r21148511,adjacent,osm
ir-zone-2,ir-farahzad,adjacent,osm
ir-zone-2,ir-zone-9,adjacent,osm
ir-zone-2,ir-shahrak-naft-simun-bolivar,adjacent,osm
ir-shahrak-azmayesh,ir-sattarkhan,adjacent,osm
ir-shahrak-azmayesh,ir-tehran-vila,adjacent,osm
ir-shahrak-azmayesh,ir-zone-3,adjacent,osm
ir-shahrak-azmayesh,ir-zone-4,adjacent,osm
ir-shahrak-azmayesh,ir-kuy-nasr,adjacent,osm
ir-shahrak-azmayesh,ir-pardisan,adjacent,osm
ir-tehran-vila,ir-shadman,adjacent,osm
ir-tehran-vila,ir-zone-6,adjacent,osm
ir-tehran-vila,ir-habibollah,adjacent,osm
ir-tehran-vila,ir-shahrara-patris,adjacent,osm
ir-tehran-vila,ir-sattarkhan,adjacent,osm
ir-tehran-vila,ir-zone-3,adjacent,osm
ir-tehran-vila,ir-zone-4,adjacent,osm
ir-tehran-vila,ir-kuy-nasr,adjacent,osm
ir-pardisan,ir-zone-3,adjacent,osm
ir-pardisan,ir-zone-4,adjacent,osm
ir-pardisan,ir-kuy-nasr,adjacent,osm
ir-pardisan,ir-eyvanak,adjacent,osm
ir-pardisan,ir-quarter-7-of-district-2,adjacent,osm
ir-pardisan,ir-shahrak-e-ghods,adjacent,osm
ir-chub-tarash,ir-tarasht,adjacent,osm
ir-chub-tarash,ir-teymuri,adjacent,osm
ir-chub-tarash,ir-zone-6,adjacent,osm
ir-chub-tarash,ir-habibollah,adjacent,osm
ir-chub-tarash,ir-sattarkhan,adjacent,osm
ir-chub-tarash,ir-r21148512,adjacent,osm
ir-chub-tarash,ir-zone-4,adjacent,osm
ir-tarasht,ir-r15512935,adjacent,osm
ir-tarasht,ir-doctor-hushmand,adjacent,osm
ir-tarasht,ir-teymuri,adjacent,osm
ir-tarasht,ir-r21148512,adjacent,osm
ir-north-zanjan,ir-r15512935,adjacent,osm
ir-north-zanjan,ir-doctor-hushmand,adjacent,osm
ir-north-zanjan,ir-south-zanjan,adjacent,osm
ir-north-zanjan,ir-r18304163,adjacent,osm
ir-north-zanjan,ir-teymuri,adjacent,osm
ir-north-zanjan,ir-shadman,adjacent,osm
ir-north-zanjan,ir-zone-6,adjacent,osm
ir-north-zanjan,ir-habibollah,adjacent,osm
ir-teymuri,ir-r15512935,adjacent,osm
ir-teymuri,ir-doctor-hushmand,adjacent,osm
ir-teymuri,ir-south-zanjan,adjacent,osm
ir-teymuri,ir-r18304163,adjacent,osm
ir-teymuri,ir-shadman,adjacent,osm
ir-teymuri,ir-zone-6,adjacent,osm
ir-teymuri,ir-habibollah,adjacent,osm
ir-teymuri,ir-sattarkhan,adjacent,osm
ir-teymuri,ir-zone-4,adjacent,osm
ir-habibollah,ir-shadman,adjacent,osm
ir-habibollah,ir-zone-6,adjacent,osm
ir-habibollah,ir-sattarkhan,adjacent,osm
ir-habibollah,ir-zone-3,adjacent,osm
ir-habibollah,ir-zone-4,adjacent,osm
ir-sattarkhan,ir-zone-6,adjacent,osm
ir-sattarkhan,ir-zone-3,adjacent,osm
ir-sattarkhan,ir-zone-4,adjacent,osm
ir-sattarkhan,ir-kuy-nasr,adjacent,osm
ir-emamzadeh-abdollah,ir-shamshiri,adjacent,osm
ir-emamzadeh-abdollah,ir-r21277138,adjacent,osm
ir-emamzadeh-abdollah,ir-jey,adjacent,osm
ir-emamzadeh-abdollah,ir-south-mehrabad,adjacent,osm
ir-emamzadeh-abdollah,ir-r21286087,adjacent,osm
ir-emamzadeh-abdollah,ir-hashemi,adjacent,osm
ir-emamzadeh-abdollah,ir-r21277139,adjacent,osm
ir-emamzadeh-abdollah,ir-mehrabad-airport,adjacent,osm
ir-emamzadeh-abdollah,ir-r15512935,adjacent,osm
ir-doctor-hushmand,ir-hashemi,adjacent,osm
ir-doctor-hushmand,ir-r21277139,adjacent,osm
ir-doctor-hushmand,ir-r15512935,adjacent,osm
ir-doctor-hushmand,ir-south-zanjan,adjacent,osm
ir-doctor-hushmand,ir-r18304163,adjacent,osm
ir-r15512935,ir-r21286087,adjacent,osm
ir-r15512935,ir-hashemi,adjacent,osm
ir-r15512935,ir-r21277139,adjacent,osm
ir-r15512935,ir-mehrabad-airport,adjacent,osm
ir-r15512935,ir-south-zanjan,adjacent,osm
ir-r15512935,ir-r18304163,adjacent,osm
ir-shadman,ir-south-zanjan,adjacent,osm
ir-shadman,ir-r18304163,adjacent,osm
ir-shadman,ir-north-karun,adjacent,osm
ir-shadman,ir-towhid,adjacent,osm
ir-shadman,ir-zone-6,adjacent,osm
ir-shadman,ir-shahrara-patris,adjacent,osm
ir-shadman,ir-zone-3,adjacent,osm
ir-south-karun,ir-r21277138,adjacent,osm
ir-south-karun,ir-haft-chenar,adjacent,osm
ir-south-karun,ir-hashemi,adjacent,osm
ir-south-karun,ir-r21277139,adjacent,osm
ir-south-karun,ir-south-salsabil,adjacent,osm
ir-south-karun,ir-south-zanjan,adjacent,osm
ir-south-karun,ir-r18304163,adjacent,osm
ir-south-karun,ir-north-karun,adjacent,osm
ir-south-karun,ir-north-salsabil,adjacent,osm
ir-south-zanjan,ir-hashemi,adjacent,osm
ir-south-zanjan,ir-r21277139,adjacent,osm
ir-south-zanjan,ir-r18304163,adjacent,osm
ir-south-zanjan,ir-north-karun,adjacent,osm
ir-south-zanjan,ir-towhid,adjacent,osm
ir-south-zanjan,ir-zone-6,adjacent,osm
ir-hashemi,ir-soleymani-teymuri,adjacent,osm
ir-hashemi,ir-r21277138,adjacent,osm
ir-hashemi,ir-haft-chenar,adjacent,osm
ir-hashemi,ir-jey,adjacent,osm
ir-hashemi,ir-r21286087,adjacent,osm
ir-hashemi,ir-r21277139,adjacent,osm
ir-hashemi,ir-r18304163,adjacent,osm
ir-hashemi,ir-north-karun,adjacent,osm
ir-north-karun,ir-r21277139,adjacent,osm
ir-north-karun,ir-south-salsabil,adjacent,osm
ir-north-karun,ir-r18304163,adjacent,osm
ir-north-karun,ir-north-salsabil,adjacent,osm
ir-north-karun,ir-towhid,adjacent,osm
ir-north-karun,ir-zone-6,adjacent,osm
ir-haft-chenar,ir-r21288319,adjacent,osm
ir-haft-chenar,ir-bolursazi,adjacent,osm
ir-haft-chenar,ir-bagh-khazaneh,adjacent,osm
ir-haft-chenar,ir-soleymani-teymuri,adjacent,osm
ir-haft-chenar,ir-r21277138,adjacent,osm
ir-haft-chenar,ir-beryanak-2,adjacent,osm
ir-haft-chenar,ir-r21277139,adjacent,osm
ir-haft-chenar,ir-south-salsabil,adjacent,osm
ir-sarasiab-mehrabad,ir-r21292189,adjacent,osm
ir-sarasiab-mehrabad,ir-r21292192,adjacent,osm
ir-sarasiab-mehrabad,ir-hosseini,adjacent,osm
ir-sarasiab-mehrabad,ir-shahrak-emam-khomeini,adjacent,osm
ir-sarasiab-mehrabad,ir-tolid-daru,adjacent,osm
ir-sarasiab-mehrabad,ir-shamshiri,adjacent,osm
ir-sarasiab-mehrabad,ir-fath-sanati,adjacent,osm
ir-sarasiab-mehrabad,ir-south-mehrabad,adjacent,osm
ir-sarasiab-mehrabad,ir-r17436417,adjacent,osm
ir-sarasiab-mehrabad,ir-r21286087,adjacent,osm
ir-shamshiri,ir-r21292189,adjacent,osm
ir-shamshiri,ir-r21288318,adjacent,osm
ir-shamshiri,ir-tolid-daru,adjacent,osm
ir-shamshiri,ir-azari,adjacent,osm
ir-shamshiri,ir-r21277138,adjacent,osm
ir-shamshiri,ir-jey,adjacent,osm
ir-shamshiri,ir-south-mehrabad,adjacent,osm
ir-shamshiri,ir-r21286087,adjacent,osm
ir-r21286087,ir-r13895268,adjacent,osm
ir-r21286087,ir-khalij-fars,adjacent,osm
ir-r21286087,ir-r21292189,adjacent,osm
ir-r21286087,ir-r21288318,adjacent,osm
ir-r21286087,ir-r21292192,adjacent,osm
ir-r21286087,ir-hosseini,adjacent,osm
ir-r21286087,ir-shahrak-emam-khomeini,adjacent,osm
ir-r21286087,ir-tolid-daru,adjacent,osm
ir-r21286087,ir-azari,adjacent,osm
ir-r21286087,ir-r21277138,adjacent,osm
ir-r21286087,ir-jey,adjacent,osm
ir-r21286087,ir-fath-sanati,adjacent,osm
ir-r21286087,ir-south-mehrabad,adjacent,osm
ir-r21286087,ir-hefdah-shahrivar-2,adjacent,osm
ir-r21286087,ir-r17436417,adjacent,osm
ir-r21286087,ir-r21277139,adjacent,osm
ir-r21286087,ir-mehrabad-airport,adjacent,osm
ir-r21286087,ir-north-tehransar,adjacent,osm
ir-r21286087,ir-zone-1-2,adjacent,osm
ir-r21286087,ir-zone-2-2,adjacent,osm
ir-district-9-2,ir-district-17,adjacent,osm
ir-district-9-2,ir-district-18,adjacent,osm
ir-district-9-2,ir-district-10,adjacent,osm
ir-district-9-2,ir-district-2-10,adjacent,osm
ir-district-9-2,ir-district-5-6,adjacent,osm
ir-shams-abad-2,ir-yaft-abad-2,adjacent,osm
ir-shams-abad-2,ir-r21292191,adjacent,osm
ir-shams-abad-2,ir-sahebozzaman,adjacent,osm
ir-shams-abad-2,ir-shad-abad,adjacent,osm
ir-shams-abad-2,ir-r21292192,adjacent,osm
ir-shams-abad-2,ir-shahrak-emam-khomeini,adjacent,osm
ir-shams-abad-2,ir-hefdah-shahrivar-2,adjacent,osm
ir-shad-abad,ir-yaft-abad-2,adjacent,osm
ir-shad-abad,ir-r21292191,adjacent,osm
ir-shad-abad,ir-saeed-abad,adjacent,osm
ir-shad-abad,ir-r21292192,adjacent,osm
ir-shad-abad,ir-hefdah-shahrivar-2,adjacent,osm
ir-hefdah-shahrivar-2,ir-saeed-abad,adjacent,osm
ir-hefdah-shahrivar-2,ir-r13895268,adjacent,osm
ir-hefdah-shahrivar-2,ir-khalij-fars,adjacent,osm
ir-hefdah-shahrivar-2,ir-r21292192,adjacent,osm
ir-hefdah-shahrivar-2,ir-shahrak-emam-khomeini,adjacent,osm
ir-hefdah-shahrivar-2,ir-fath-sanati,adjacent,osm
ir-hefdah-shahrivar-2,ir-north-tehransar,adjacent,osm
ir-hefdah-shahrivar-2,ir-zone-1-2,adjacent,osm
ir-hosseini,ir-r21292191,adjacent,osm
ir-hosseini,ir-sahebozzaman,adjacent,osm
ir-hosseini,ir-behdasht,adjacent,osm
ir-hosseini,ir-r21292189,adjacent,osm
ir-hosseini,ir-r21292192,adjacent,osm
ir-hosseini,ir-shahrak-emam-khomeini,adjacent,osm
ir-hosseini,ir-tolid-daru,adjacent,osm
ir-hosseini,ir-fath-sanati,adjacent,osm
ir-shahrak-emam-khomeini,ir-yaft-abad-2,adjacent,osm
ir-shahrak-emam-khomeini,ir-r21292191,adjacent,osm
ir-shahrak-emam-khomeini,ir-sahebozzaman,adjacent,osm
ir-shahrak-emam-khomeini,ir-r21292189,adjacent,osm
ir-shahrak-emam-khomeini,ir-r21292192,adjacent,osm
ir-shahrak-emam-khomeini,ir-fath-sanati,adjacent,osm
ir-saeed-abad,ir-yaft-abad-2,adjacent,osm
ir-saeed-abad,ir-r21292191,adjacent,osm
ir-saeed-abad,ir-r13895268,adjacent,osm
ir-saeed-abad,ir-khalij-fars,adjacent,osm
ir-saeed-abad,ir-r21292192,adjacent,osm
ir-yaft-abad-2,ir-shahid-rajaei-2,adjacent,osm
ir-yaft-abad-2,ir-r21292190,adjacent,osm
ir-yaft-abad-2,ir-r21292191,adjacent,osm
ir-yaft-abad-2,ir-sahebozzaman,adjacent,osm
ir-yaft-abad-2,ir-r13895268,adjacent,osm
ir-yaft-abad-2,ir-khalij-fars,adjacent,osm
ir-yaft-abad-2,ir-r21292192,adjacent,osm
ir-behdasht,ir-r21292191,adjacent,osm
ir-behdasht,ir-sahebozzaman,adjacent,osm
ir-behdasht,ir-north-valiasr,adjacent,osm
ir-behdasht,ir-r21292189,adjacent,osm
ir-behdasht,ir-yaft-abad,adjacent,osm
ir-behdasht,ir-r21288318,adjacent,osm
ir-behdasht,ir-tolid-daru,adjacent,osm
ir-north-valiasr,ir-r21292190,adjacent,osm
ir-north-valiasr,ir-south-valiasr,adjacent,osm
ir-north-valiasr,ir-r21292191,adjacent,osm
ir-north-valiasr,ir-vasfnard,adjacent,osm
ir-north-valiasr,ir-r19816281,adjacent,osm
ir-north-valiasr,ir-sahebozzaman,adjacent,osm
ir-north-valiasr,ir-r21292189,adjacent,osm
ir-north-valiasr,ir-yaft-abad,adjacent,osm
ir-north-valiasr,ir-r21288318,adjacent,osm
ir-sahebozzaman,ir-shahid-rajaei-2,adjacent,osm
ir-sahebozzaman,ir-r21292190,adjacent,osm
ir-sahebozzaman,ir-south-valiasr,adjacent,osm
ir-sahebozzaman,ir-r21292191,adjacent,osm
ir-sahebozzaman,ir-r21292189,adjacent,osm
ir-sahebozzaman,ir-r21292192,adjacent,osm
ir-south-valiasr,ir-shahid-rajaei-2,adjacent,osm
ir-south-valiasr,ir-r21292190,adjacent,osm
ir-south-valiasr,ir-sadeghieh-town,adjacent,osm
ir-south-valiasr,ir-zahtabi,adjacent,osm
ir-south-valiasr,ir-r21292191,adjacent,osm
ir-south-valiasr,ir-vasfnard,adjacent,osm
ir-south-valiasr,ir-r19816281,adjacent,osm
ir-south-valiasr,ir-r21292189,adjacent,osm
ir-south-valiasr,ir-yaft-abad,adjacent,osm
ir-south-valiasr,ir-r21288318,adjacent,osm
ir-r21292189,ir-r21292190,adjacent,osm
ir-r21292189,ir-r21292191,adjacent,osm
ir-r21292189,ir-vasfnard,adjacent,osm
ir-r21292189,ir-r19816281,adjacent,osm
ir-r21292189,ir-yaft-abad,adjacent,osm
ir-r21292189,ir-r21288318,adjacent,osm
ir-r21292189,ir-r21292192,adjacent,osm
ir-r21292189,ir-tolid-daru,adjacent,osm
ir-r21292189,ir-azari,adjacent,osm
ir-r21292189,ir-fath-sanati,adjacent,osm
ir-tolid-daru,ir-yaft-abad,adjacent,osm
ir-tolid-daru,ir-r21288318,adjacent,osm
ir-tolid-daru,ir-azari,adjacent,osm
ir-azari,ir-yaft-abad,adjacent,osm
ir-azari,ir-r21288318,adjacent,osm
ir-azari,ir-west-abuzar,adjacent,osm
ir-azari,ir-emamzadeh-hasan,adjacent,osm
ir-azari,ir-r21277138,adjacent,osm
ir-azari,ir-jey,adjacent,osm
ir-jey,ir-r21288318,adjacent,osm
ir-jey,ir-emamzadeh-hasan,adjacent,osm
ir-jey,ir-soleymani-teymuri,adjacent,osm
ir-jey,ir-r21277138,adjacent,osm
ir-jey,ir-r21277139,adjacent,osm
ir-soleymani-teymuri,ir-r21288318,adjacent,osm
ir-soleymani-teymuri,ir-r21288319,adjacent,osm
ir-soleymani-teymuri,ir-bagh-khazaneh,adjacent,osm
ir-soleymani-teymuri,ir-emamzadeh-hasan,adjacent,osm
ir-soleymani-teymuri,ir-r21277138,adjacent,osm
ir-soleymani-teymuri,ir-r21277139,adjacent,osm
ir-beryanak-2,ir-r21288319,adjacent,osm
ir-beryanak-2,ir-bolursazi,adjacent,osm
ir-beryanak-2,ir-r21288720,adjacent,osm
ir-beryanak-2,ir-helalahmar,adjacent,osm
ir-beryanak-2,ir-r21277138,adjacent,osm
ir-beryanak-2,ir-khoram-shahr,adjacent,osm
ir-beryanak-2,ir-r21277139,adjacent,osm
ir-beryanak-2,ir-r21288723,adjacent,osm
ir-beryanak-2,ir-south-salsabil,adjacent,osm
ir-beryanak-2,ir-eskandari,adjacent,osm
ir-vasfnard,ir-r21292190,adjacent,osm
ir-vasfnard,ir-sadeghieh-town,adjacent,osm
ir-vasfnard,ir-zahtabi,adjacent,osm
ir-vasfnard,ir-r19816281,adjacent,osm
ir-vasfnard,ir-jalili,adjacent,osm
ir-vasfnard,ir-sajad,adjacent,osm
ir-vasfnard,ir-yaft-abad,adjacent,osm
ir-vasfnard,ir-r21288318,adjacent,osm
ir-golchin,ir-r19816281,adjacent,osm
ir-golchin,ir-jalili,adjacent,osm
ir-golchin,ir-zamzam,adjacent,osm
ir-golchin,ir-sajad,adjacent,osm
ir-golchin,ir-moghadam,adjacent,osm
ir-golchin,ir-east-abuzar,adjacent,osm
ir-golchin,ir-r21288319,adjacent,osm
ir-moghadam,ir-r19816281,adjacent,osm
ir-moghadam,ir-zamzam,adjacent,osm
ir-moghadam,ir-east-abuzar,adjacent,osm
ir-moghadam,ir-r21288319,adjacent,osm
ir-moghadam,ir-bolursazi,adjacent,osm
ir-moghadam,ir-bagh-khazaneh,adjacent,osm
ir-east-abuzar,ir-r19816281,adjacent,osm
ir-east-abuzar,ir-sajad,adjacent,osm
ir-east-abuzar,ir-r21288318,adjacent,osm
ir-east-abuzar,ir-west-abuzar,adjacent,osm
ir-east-abuzar,ir-r21288319,adjacent,osm
ir-east-abuzar,ir-bagh-khazaneh,adjacent,osm
ir-east-abuzar,ir-emamzadeh-hasan,adjacent,osm
ir-jalili,ir-zahtabi,adjacent,osm
ir-jalili,ir-r19816281,adjacent,osm
ir-jalili,ir-zamzam,adjacent,osm
ir-jalili,ir-sajad,adjacent,osm
ir-yaft-abad,ir-r21292190,adjacent,osm
ir-yaft-abad,ir-r19816281,adjacent,osm
ir-yaft-abad,ir-sajad,adjacent,osm
ir-yaft-abad,ir-r21288318,adjacent,osm
ir-yaft-abad,ir-west-abuzar,adjacent,osm
ir-yaft-abad,ir-emamzadeh-hasan,adjacent,osm
ir-sajad,ir-r19816281,adjacent,osm
ir-sajad,ir-r21288318,adjacent,osm
ir-sajad,ir-west-abuzar,adjacent,osm
ir-sajad,ir-r21288319,adjacent,osm
ir-west-abuzar,ir-r19816281,adjacent,osm
ir-west-abuzar,ir-r21288318,adjacent,osm
ir-west-abuzar,ir-r21288319,adjacent,osm
ir-west-abuzar,ir-emamzadeh-hasan,adjacent,osm
ir-emamzadeh-hasan,ir-r21288318,adjacent,osm
ir-emamzadeh-hasan,ir-r21288319,adjacent,osm
ir-emamzadeh-hasan,ir-bagh-khazaneh,adjacent,osm
ir-emamzadeh-hasan,ir-r21277138,adjacent,osm
ir-bagh-khazaneh,ir-r21288318,adjacent,osm
ir-bagh-khazaneh,ir-r21288319,adjacent,osm
ir-bagh-khazaneh,ir-bolursazi,adjacent,osm
ir-bagh-khazaneh,ir-r21277138,adjacent,osm
ir-south-salsabil,ir-r21277138,adjacent,osm
ir-south-salsabil,ir-khoram-shahr,adjacent,osm
ir-south-salsabil,ir-r21277139,adjacent,osm
ir-south-salsabil,ir-r21288723,adjacent,osm
ir-south-salsabil,ir-eskandari,adjacent,osm
ir-south-salsabil,ir-r18304163,adjacent,osm
ir-south-salsabil,ir-north-salsabil,adjacent,osm
ir-r21277139,ir-r21277138,adjacent,osm
ir-r21277139,ir-khoram-shahr,adjacent,osm
ir-r21277139,ir-r21288723,adjacent,osm
ir-r21277139,ir-eskandari,adjacent,osm
ir-r21277139,ir-r18304163,adjacent,osm
ir-r21277139,ir-north-salsabil,adjacent,osm
ir-bolursazi,ir-r21293050,adjacent,osm
ir-bolursazi,ir-boostan-velayat,adjacent,osm
ir-bolursazi,ir-zamzam,adjacent,osm
ir-bolursazi,ir-r21293263,adjacent,osm
ir-bolursazi,ir-javadieh-zamani,adjacent,osm
ir-bolursazi,ir-r21288319,adjacent,osm
ir-bolursazi,ir-abbasi,adjacent,osm
ir-bolursazi,ir-r21288720,adjacent,osm
ir-bolursazi,ir-helalahmar,adjacent,osm
ir-bolursazi,ir-r21277138,adjacent,osm
ir-bolursazi,ir-khoram-shahr,adjacent,osm
ir-bolursazi,ir-r21288723,adjacent,osm
ir-district-10,ir-district-17,adjacent,osm
ir-district-10,ir-district-11-2,adjacent,osm
ir-district-10,ir-district-6-4,adjacent,osm
ir-district-10,ir-district-2-10,adjacent,osm
ir-north-salsabil,ir-r21288723,adjacent,osm
ir-north-salsabil,ir-eskandari,adjacent,osm
ir-north-salsabil,ir-r18304163,adjacent,osm
ir-north-salsabil,ir-jomhuri-2,adjacent,osm
ir-north-salsabil,ir-towhid,adjacent,osm
ir-north-salsabil,ir-r8321666,adjacent,osm
ir-north-salsabil,ir-zone-6,adjacent,osm
ir-north-salsabil,ir-r14395966,adjacent,osm
ir-r18304163,ir-r21288723,adjacent,osm
ir-r18304163,ir-eskandari,adjacent,osm
ir-r18304163,ir-jomhuri-2,adjacent,osm
ir-r18304163,ir-towhid,adjacent,osm
ir-r18304163,ir-r8321666,adjacent,osm
ir-r18304163,ir-zone-6,adjacent,osm
ir-r18304163,ir-r14395966,adjacent,osm
ir-monirieh,ir-r21288641,adjacent,osm
ir-monirieh,ir-sanglaj,adjacent,osm
ir-monirieh,ir-r21288721,adjacent,osm
ir-monirieh,ir-makhsus,adjacent,osm
ir-monirieh,ir-amirieh-2,adjacent,osm
ir-monirieh,ir-r21288642,adjacent,osm
ir-monirieh,ir-ferdowsi-3,adjacent,osm
ir-monirieh,ir-r14405239,adjacent,osm
ir-monirieh,ir-sheikh-hadi,adjacent,osm
ir-monirieh,ir-r21288723,adjacent,osm
ir-monirieh,ir-hor,adjacent,osm
ir-monirieh,ir-azarbayjan-2,adjacent,osm
ir-monirieh,ir-r21288722,adjacent,osm
ir-foruzesh-amir-bahador,ir-agahi,adjacent,osm
ir-foruzesh-amir-bahador,ir-r21288720,adjacent,osm
ir-foruzesh-amir-bahador,ir-ghalamestan-baradaran-javadian,adjacent,osm
ir-foruzesh-amir-bahador,ir-r21288641,adjacent,osm
ir-foruzesh-amir-bahador,ir-sanglaj,adjacent,osm
ir-foruzesh-amir-bahador,ir-r21288721,adjacent,osm
ir-foruzesh-amir-bahador,ir-amirieh-2,adjacent,osm
ir-foruzesh-amir-bahador,ir-takhti-2,adjacent,osm
ir-foruzesh-amir-bahador,ir-r14405238,adjacent,osm
ir-jomhuri-2,ir-r21288723,adjacent,osm
ir-jomhuri-2,ir-hor,adjacent,osm
ir-jomhuri-2,ir-eskandari,adjacent,osm
ir-jomhuri-2,ir-jamalzadeh,adjacent,osm
ir-jomhuri-2,ir-towhid,adjacent,osm
ir-jomhuri-2,ir-r8321666,adjacent,osm
ir-jomhuri-2,ir-zone-6,adjacent,osm
ir-jomhuri-2,ir-r14395966,adjacent,osm
ir-jamalzadeh,ir-r21288723,adjacent,osm
ir-jamalzadeh,ir-hor,adjacent,osm
ir-jamalzadeh,ir-azarbayjan-2,adjacent,osm
ir-jamalzadeh,ir-r21288722,adjacent,osm
ir-jamalzadeh,ir-felestin-enghelab,adjacent,osm
ir-jamalzadeh,ir-tehran-university,adjacent,osm
ir-jamalzadeh,ir-r8321666,adjacent,osm
ir-jamalzadeh,ir-r14395966,adjacent,osm
ir-khoram-shahr,ir-r21288319,adjacent,osm
ir-khoram-shahr,ir-r21288720,adjacent,osm
ir-khoram-shahr,ir-helalahmar,adjacent,osm
ir-khoram-shahr,ir-r21277138,adjacent,osm
ir-khoram-shahr,ir-makhsus,adjacent,osm
ir-khoram-shahr,ir-r21288723,adjacent,osm
ir-khoram-shahr,ir-eskandari,adjacent,osm
ir-eskandari,ir-r21277138,adjacent,osm
ir-eskandari,ir-makhsus,adjacent,osm
ir-eskandari,ir-r21288723,adjacent,osm
ir-eskandari,ir-hor,adjacent,osm
ir-hor,ir-r21288721,adjacent,osm
ir-hor,ir-makhsus,adjacent,osm
ir-hor,ir-amirieh-2,adjacent,osm
ir-hor,ir-r21288723,adjacent,osm
ir-hor,ir-azarbayjan-2,adjacent,osm
ir-hor,ir-r21288722,adjacent,osm
ir-makhsus,ir-r21288720,adjacent,osm
ir-makhsus,ir-helalahmar,adjacent,osm
ir-makhsus,ir-ghalamestan-baradaran-javadian,adjacent,osm
ir-makhsus,ir-r21288721,adjacent,osm
ir-makhsus,ir-amirieh-2,adjacent,osm
ir-makhsus,ir-r21288723,adjacent,osm
ir-r21288723,ir-r21288319,adjacent,osm
ir-r21288723,ir-r21288720,adjacent,osm
ir-r21288723,ir-helalahmar,adjacent,osm
ir-r21288723,ir-ghalamestan-baradaran-javadian,adjacent,osm
ir-r21288723,ir-r21277138,adjacent,osm
ir-r21288723,ir-r21288721,adjacent,osm
ir-r21288723,ir-amirieh-2,adjacent,osm
ir-r21288723,ir-azarbayjan-2,adjacent,osm
ir-r21288723,ir-r21288722,adjacent,osm
ir-r21288723,ir-felestin-enghelab,adjacent,osm
ir-r21288723,ir-tehran-university,adjacent,osm
ir-r21288723,ir-towhid,adjacent,osm
ir-r21288723,ir-r8321666,adjacent,osm
ir-r21288723,ir-zone-6,adjacent,osm
ir-r21288723,ir-r14395966,adjacent,osm
ir-rah-ahan,ir-r21293263,adjacent,osm
ir-rah-ahan,ir-javadieh-zamani,adjacent,osm
ir-rah-ahan,ir-anbar-naft,adjacent,osm
ir-rah-ahan,ir-agahi,adjacent,osm
ir-rah-ahan,ir-r21288720,adjacent,osm
ir-rah-ahan,ir-takhti-2,adjacent,osm
ir-rah-ahan,ir-r14405238,adjacent,osm
ir-amirieh-2,ir-r21288720,adjacent,osm
ir-amirieh-2,ir-helalahmar,adjacent,osm
ir-amirieh-2,ir-ghalamestan-baradaran-javadian,adjacent,osm
ir-amirieh-2,ir-r21288641,adjacent,osm
ir-amirieh-2,ir-sanglaj,adjacent,osm
ir-amirieh-2,ir-r21288721,adjacent,osm
ir-amirieh-2,ir-r21288642,adjacent,osm
ir-agahi,ir-anbar-naft,adjacent,osm
ir-agahi,ir-r21288720,adjacent,osm
ir-agahi,ir-helalahmar,adjacent,osm
ir-agahi,ir-ghalamestan-baradaran-javadian,adjacent,osm
ir-agahi,ir-r21288641,adjacent,osm
ir-agahi,ir-sanglaj,adjacent,osm
ir-agahi,ir-r21288721,adjacent,osm
ir-agahi,ir-takhti-2,adjacent,osm
ir-agahi,ir-r14405238,adjacent,osm
ir-emamzadeh-yahya,ir-r14405237,adjacent,osm
ir-emamzadeh-yahya,ir-bazaar,adjacent,osm
ir-emamzadeh-yahya,ir-r21288641,adjacent,osm
ir-emamzadeh-yahya,ir-abshar,adjacent,osm
ir-emamzadeh-yahya,ir-r21288642,adjacent,osm
ir-emamzadeh-yahya,ir-pamenar,adjacent,osm
ir-emamzadeh-yahya,ir-ghiam-3,adjacent,osm
ir-emamzadeh-yahya,ir-iran,adjacent,osm
ir-emamzadeh-yahya,ir-r14405236,adjacent,osm
ir-emamzadeh-yahya,ir-r14405239,adjacent,osm
ir-emamzadeh-yahya,ir-baharestan-6,adjacent,osm
ir-sanglaj,ir-r21288720,adjacent,osm
ir-sanglaj,ir-bazaar,adjacent,osm
ir-sanglaj,ir-r21288641,adjacent,osm
ir-sanglaj,ir-r21288721,adjacent,osm
ir-sanglaj,ir-r21288642,adjacent,osm
ir-sanglaj,ir-pamenar,adjacent,osm
ir-sanglaj,ir-takhti-2,adjacent,osm
ir-sanglaj,ir-r14405238,adjacent,osm
ir-sanglaj,ir-herandi,adjacent,osm
ir-sanglaj,ir-ferdowsi-3,adjacent,osm
ir-sanglaj,ir-r14405239,adjacent,osm
ir-sanglaj,ir-sheikh-hadi,adjacent,osm
ir-sanglaj,ir-r21288722,adjacent,osm
ir-ghalamestan-baradaran-javadian,ir-anbar-naft,adjacent,osm
ir-ghalamestan-baradaran-javadian,ir-r21288720,adjacent,osm
ir-ghalamestan-baradaran-javadian,ir-helalahmar,adjacent,osm
ir-ghalamestan-baradaran-javadian,ir-r21288721,adjacent,osm
ir-r21288721,ir-anbar-naft,adjacent,osm
ir-r21288721,ir-r21288720,adjacent,osm
ir-r21288721,ir-helalahmar,adjacent,osm
ir-r21288721,ir-r21288641,adjacent,osm
ir-r21288721,ir-r21288642,adjacent,osm
ir-r21288721,ir-takhti-2,adjacent,osm
ir-r21288721,ir-r14405238,adjacent,osm
ir-r21288721,ir-ferdowsi-3,adjacent,osm
ir-r21288721,ir-r14405239,adjacent,osm
ir-r21288721,ir-sheikh-hadi,adjacent,osm
ir-r21288721,ir-azarbayjan-2,adjacent,osm
ir-r21288721,ir-r21288722,adjacent,osm
ir-helalahmar,ir-r21288319,adjacent,osm
ir-helalahmar,ir-anbar-naft,adjacent,osm
ir-helalahmar,ir-abbasi,adjacent,osm
ir-helalahmar,ir-r21288720,adjacent,osm
ir-helalahmar,ir-r21277138,adjacent,osm
ir-bazaar,ir-r14405237,adjacent,osm
ir-bazaar,ir-r21288641,adjacent,osm
ir-bazaar,ir-abshar,adjacent,osm
ir-bazaar,ir-r21288642,adjacent,osm
ir-bazaar,ir-pamenar,adjacent,osm
ir-bazaar,ir-takhti-2,adjacent,osm
ir-bazaar,ir-r14405238,adjacent,osm
ir-bazaar,ir-herandi,adjacent,osm
ir-bazaar,ir-ghiam-3,adjacent,osm
ir-pamenar,ir-r21288641,adjacent,osm
ir-pamenar,ir-r21288642,adjacent,osm
ir-pamenar,ir-iran,adjacent,osm
ir-pamenar,ir-r14405236,adjacent,osm
ir-pamenar,ir-ferdowsi-3,adjacent,osm
ir-pamenar,ir-r14405239,adjacent,osm
ir-pamenar,ir-baharestan-6,adjacent,osm
ir-iran,ir-r14405237,adjacent,osm
ir-iran,ir-abshar,adjacent,osm
ir-iran,ir-r21288642,adjacent,osm
ir-iran,ir-r21289850,adjacent,osm
ir-iran,ir-shokufeh,adjacent,osm
ir-iran,ir-r14405236,adjacent,osm
ir-iran,ir-r14405239,adjacent,osm
ir-iran,ir-baharestan-6,adjacent,osm
ir-iran,ir-safa-2,adjacent,osm
ir-iran,ir-darvazeh-shemiran,adjacent,osm
ir-iran,ir-r21288478,adjacent,osm
ir-shahid-rajaei-2,ir-esmaeil-abad-2,adjacent,osm
ir-shahid-rajaei-2,ir-r21293051,adjacent,osm
ir-shahid-rajaei-2,ir-north-dowlatkhah,adjacent,osm
ir-shahid-rajaei-2,ir-nemat-abad,adjacent,osm
ir-shahid-rajaei-2,ir-r21292190,adjacent,osm
ir-shahid-rajaei-2,ir-sadeghieh-town,adjacent,osm
ir-shahid-rajaei-2,ir-r21292191,adjacent,osm
ir-sadeghieh-town,ir-r21293051,adjacent,osm
ir-sadeghieh-town,ir-r21292652,adjacent,osm
ir-sadeghieh-town,ir-nemat-abad,adjacent,osm
ir-sadeghieh-town,ir-r21292190,adjacent,osm
ir-sadeghieh-town,ir-abdol-abad,adjacent,osm
ir-sadeghieh-town,ir-zahtabi,adjacent,osm
ir-sadeghieh-town,ir-r19816281,adjacent,osm
ir-zahtabi,ir-r21293051,adjacent,osm
ir-zahtabi,ir-r21292652,adjacent,osm
ir-zahtabi,ir-nemat-abad,adjacent,osm
ir-zahtabi,ir-r21293050,adjacent,osm
ir-zahtabi,ir-r21292190,adjacent,osm
ir-zahtabi,ir-abdol-abad,adjacent,osm
ir-zahtabi,ir-north-shahrak-shariati,adjacent,osm
ir-zahtabi,ir-boostan-velayat,adjacent,osm
ir-zahtabi,ir-r19816281,adjacent,osm
ir-zahtabi,ir-zamzam,adjacent,osm
ir-abdol-abad,ir-shahid-kazemi,adjacent,osm
ir-abdol-abad,ir-r21293051,adjacent,osm
ir-abdol-abad,ir-shokufeh-2,adjacent,osm
ir-abdol-abad,ir-r21292652,adjacent,osm
ir-abdol-abad,ir-nemat-abad,adjacent,osm
ir-abdol-abad,ir-r21292190,adjacent,osm
ir-abdol-abad,ir-north-shahrak-shariati,adjacent,osm
ir-abdol-abad,ir-r19816281,adjacent,osm
ir-north-dowlatkhah,ir-south-dowlatkhah,adjacent,osm
ir-north-dowlatkhah,ir-shahid-kazemi,adjacent,osm
ir-north-dowlatkhah,ir-esmaeil-abad-2,adjacent,osm
ir-north-dowlatkhah,ir-r21293051,adjacent,osm
ir-north-dowlatkhah,ir-nemat-abad,adjacent,osm
ir-north-dowlatkhah,ir-r21292190,adjacent,osm
ir-south-dowlatkhah,ir-shahid-kazemi,adjacent,osm
ir-south-dowlatkhah,ir-esmaeil-abad-2,adjacent,osm
ir-south-dowlatkhah,ir-r21293051,adjacent,osm
ir-south-dowlatkhah,ir-nemat-abad,adjacent,osm
ir-shahid-kazemi,ir-shahrak-resalat,adjacent,osm
ir-shahid-kazemi,ir-r21293049,adjacent,osm
ir-shahid-kazemi,ir-r21293051,adjacent,osm
ir-shahid-kazemi,ir-shahrak-shariati,adjacent,osm
ir-shahid-kazemi,ir-shokufeh-2,adjacent,osm
ir-shahid-kazemi,ir-r21292652,adjacent,osm
ir-shahid-kazemi,ir-nemat-abad,adjacent,osm
ir-nemat-abad,ir-r21293051,adjacent,osm
ir-nemat-abad,ir-shokufeh-2,adjacent,osm
ir-nemat-abad,ir-r21292652,adjacent,osm
ir-nemat-abad,ir-r21292190,adjacent,osm
ir-nemat-abad,ir-r19816281,adjacent,osm
ir-north-khani-abad,ir-south-khani-abad,adjacent,osm
ir-north-khani-abad,ir-bahmanyar,adjacent,osm
ir-north-khani-abad,ir-esfandiari-bostan,adjacent,osm
ir-north-khani-abad,ir-r21293050,adjacent,osm
ir-north-khani-abad,ir-nazi-abad,adjacent,osm
ir-north-khani-abad,ir-r21293264,adjacent,osm
ir-north-khani-abad,ir-boostan-velayat,adjacent,osm
ir-bahmanyar,ir-r21293499,adjacent,osm
ir-bahmanyar,ir-13-aban,adjacent,osm
ir-bahmanyar,ir-south-khani-abad,adjacent,osm
ir-bahmanyar,ir-r21293267,adjacent,osm
ir-bahmanyar,ir-yakhjiabad-rezvan,adjacent,osm
ir-bahmanyar,ir-r21293050,adjacent,osm
ir-bahmanyar,ir-nazi-abad,adjacent,osm
ir-bahmanyar,ir-r21293264,adjacent,osm
ir-khazaneh,ir-r21293266,adjacent,osm
ir-khazaneh,ir-ali-abad-5,adjacent,osm
ir-khazaneh,ir-shahrak-besat,adjacent,osm
ir-khazaneh,ir-r21293265,adjacent,osm
ir-khazaneh,ir-nazi-abad,adjacent,osm
ir-khazaneh,ir-bagh-azari,adjacent,osm
ir-khazaneh,ir-r21293262,adjacent,osm
ir-r21293264,ir-r21293265,adjacent,osm
ir-r21293264,ir-r21293267,adjacent,osm
ir-r21293264,ir-yakhjiabad-rezvan,adjacent,osm
ir-r21293264,ir-r21293050,adjacent,osm
ir-r21293264,ir-nazi-abad,adjacent,osm
ir-r21293264,ir-boostan-velayat,adjacent,osm
ir-r21293264,ir-r21293263,adjacent,osm
ir-r21293264,ir-javadieh-zamani,adjacent,osm
ir-r21293264,ir-bagh-azari,adjacent,osm
ir-r21293264,ir-r21293262,adjacent,osm
ir-javadieh-zamani,ir-r21293265,adjacent,osm
ir-javadieh-zamani,ir-r21293050,adjacent,osm
ir-javadieh-zamani,ir-nazi-abad,adjacent,osm
ir-javadieh-zamani,ir-boostan-velayat,adjacent,osm
ir-javadieh-zamani,ir-r21293263,adjacent,osm
ir-javadieh-zamani,ir-r21288319,adjacent,osm
ir-javadieh-zamani,ir-anbar-naft,adjacent,osm
ir-javadieh-zamani,ir-abbasi,adjacent,osm
ir-javadieh-zamani,ir-r21288720,adjacent,osm
ir-javadieh-zamani,ir-bagh-azari,adjacent,osm
ir-javadieh-zamani,ir-r21293262,adjacent,osm
ir-javadieh-zamani,ir-takhti-2,adjacent,osm
ir-javadieh-zamani,ir-r14405238,adjacent,osm
ir-aghdasieh,ir-r17021316,adjacent,osm
ir-aghdasieh,ir-alaein,adjacent,osm
ir-aghdasieh,ir-r19430669,adjacent,osm
ir-aghdasieh,ir-sarsakht,adjacent,osm
ir-aghdasieh,ir-estakhr,adjacent,osm
ir-aghdasieh,ir-firuz-abadi,adjacent,osm
ir-aghdasieh,ir-zahir-abad,adjacent,osm
ir-aghdasieh,ir-r21293498,adjacent,osm
ir-aghdasieh,ir-shahid-ghayuri,adjacent,osm
ir-aghdasieh,ir-r21293500,adjacent,osm
ir-vali-abad,ir-shahid-beheshti-2,adjacent,osm
ir-vali-abad,ir-r19430669,adjacent,osm
ir-vali-abad,ir-hashem-abad-3,adjacent,osm
ir-vali-abad,ir-sarsakht,adjacent,osm
ir-vali-abad,ir-hamzeh-abad,adjacent,osm
ir-vali-abad,ir-r21293500,adjacent,osm
ir-hashem-abad-3,ir-r17021316,adjacent,osm
ir-hashem-abad-3,ir-alaein,adjacent,osm
ir-hashem-abad-3,ir-r19430669,adjacent,osm
ir-hashem-abad-3,ir-sarsakht,adjacent,osm
ir-hashem-abad-3,ir-estakhr,adjacent,osm
ir-estakhr,ir-r17021316,adjacent,osm
ir-estakhr,ir-alaein,adjacent,osm
ir-estakhr,ir-r19430669,adjacent,osm
ir-estakhr,ir-sarsakht,adjacent,osm
ir-estakhr,ir-firuz-abadi,adjacent,osm
ir-estakhr,ir-r21293498,adjacent,osm
ir-estakhr,ir-r21293500,adjacent,osm
ir-amin-abad,ir-taghi-abad,adjacent,osm
ir-amin-abad,ir-r17021316,adjacent,osm
ir-amin-abad,ir-alaein,adjacent,osm
ir-amin-abad,ir-zahir-abad,adjacent,osm
ir-amin-abad,ir-r21293498,adjacent,osm
ir-alaein,ir-abas-abad,adjacent,osm
ir-alaein,ir-taghi-abad,adjacent,osm
ir-alaein,ir-r17021316,adjacent,osm
ir-alaein,ir-r19430669,adjacent,osm
ir-alaein,ir-zahir-abad,adjacent,osm
ir-alaein,ir-r21293498,adjacent,osm
ir-taghi-abad,ir-abas-abad,adjacent,osm
ir-taghi-abad,ir-r17021316,adjacent,osm
ir-taghi-abad,ir-r21293498,adjacent,osm
ir-barut-kubi,ir-r21293498,adjacent,osm
ir-barut-kubi,ir-safayieh,adjacent,osm
ir-deylaman,ir-firuz-abadi,adjacent,osm
ir-deylaman,ir-hamzeh-abad,adjacent,osm
ir-deylaman,ir-r21293498,adjacent,osm
ir-deylaman,ir-shahid-ghayuri,adjacent,osm
ir-deylaman,ir-r21293500,adjacent,osm
ir-deylaman,ir-mansurieh-mangol,adjacent,osm
ir-deylaman,ir-javanmard-ghasab,adjacent,osm
ir-mansurieh-mangol,ir-r21293498,adjacent,osm
ir-mansurieh-mangol,ir-shahid-ghayuri,adjacent,osm
ir-mansurieh-mangol,ir-safayieh,adjacent,osm
ir-mansurieh-mangol,ir-r21293500,adjacent,osm
ir-mansurieh-mangol,ir-javanmard-ghasab,adjacent,osm
ir-mansurieh-mangol,ir-shahadat,adjacent,osm
ir-mansurieh-mangol,ir-r21293501,adjacent,osm
ir-safayieh,ir-zahir-abad,adjacent,osm
ir-safayieh,ir-r21293498,adjacent,osm
ir-safayieh,ir-shahid-ghayuri,adjacent,osm
ir-safayieh,ir-shahadat,adjacent,osm
ir-safayieh,ir-r21293501,adjacent,osm
ir-shahid-ghayuri,ir-firuz-abadi,adjacent,osm
ir-shahid-ghayuri,ir-zahir-abad,adjacent,osm
ir-shahid-ghayuri,ir-r21293498,adjacent,osm
ir-shahid-ghayuri,ir-r21293500,adjacent,osm
ir-zahir-abad,ir-r17021316,adjacent,osm
ir-zahir-abad,ir-firuz-abadi,adjacent,osm
ir-zahir-abad,ir-r21293498,adjacent,osm
ir-zahir-abad,ir-r21293500,adjacent,osm
ir-sarsakht,ir-r19430669,adjacent,osm
ir-sarsakht,ir-firuz-abadi,adjacent,osm
ir-sarsakht,ir-hamzeh-abad,adjacent,osm
ir-sarsakht,ir-r21293498,adjacent,osm
ir-sarsakht,ir-r21293500,adjacent,osm
ir-firuz-abadi,ir-r19430669,adjacent,osm
ir-firuz-abadi,ir-hamzeh-abad,adjacent,osm
ir-firuz-abadi,ir-r21293498,adjacent,osm
ir-firuz-abadi,ir-r21293500,adjacent,osm
ir-bagh-azari,ir-r21292007,adjacent,osm
ir-bagh-azari,ir-shahrak-besat,adjacent,osm
ir-bagh-azari,ir-r21293265,adjacent,osm
ir-bagh-azari,ir-north-kianshahr,adjacent,osm
ir-bagh-azari,ir-motahari-4,adjacent,osm
ir-bagh-azari,ir-nazi-abad,adjacent,osm
ir-bagh-azari,ir-r21293263,adjacent,osm
ir-bagh-azari,ir-r14405237,adjacent,osm
ir-bagh-azari,ir-r21292006,adjacent,osm
ir-bagh-azari,ir-mazaheri-2,adjacent,osm
ir-bagh-azari,ir-shush,adjacent,osm
ir-bagh-azari,ir-takhti-2,adjacent,osm
ir-bagh-azari,ir-kosar-2,adjacent,osm
ir-bagh-azari,ir-r14405238,adjacent,osm
ir-bagh-azari,ir-herandi,adjacent,osm
ir-r21293262,ir-r21292007,adjacent,osm
ir-r21293262,ir-shahrak-besat,adjacent,osm
ir-r21293262,ir-r21293265,adjacent,osm
ir-r21293262,ir-north-kianshahr,adjacent,osm
ir-r21293262,ir-motahari-4,adjacent,osm
ir-r21293262,ir-nazi-abad,adjacent,osm
ir-r21293262,ir-r21293263,adjacent,osm
ir-r21293262,ir-r14405237,adjacent,osm
ir-r21293262,ir-r21292006,adjacent,osm
ir-r21293262,ir-mazaheri-2,adjacent,osm
ir-r21293262,ir-shush,adjacent,osm
ir-r21293262,ir-takhti-2,adjacent,osm
ir-r21293262,ir-kosar-2,adjacent,osm
ir-r21293262,ir-r14405238,adjacent,osm
ir-r21293262,ir-herandi,adjacent,osm
ir-shahrak-besat,ir-r21293266,adjacent,osm
ir-shahrak-besat,ir-ali-abad-5,adjacent,osm
ir-shahrak-besat,ir-south-kianshahr,adjacent,osm
ir-shahrak-besat,ir-r21292007,adjacent,osm
ir-shahrak-besat,ir-r21293265,adjacent,osm
ir-shahrak-besat,ir-north-kianshahr,adjacent,osm
ir-shahrak-besat,ir-motahari-4,adjacent,osm
ir-shahrak-besat,ir-r21292006,adjacent,osm
ir-district-16,ir-district-15,adjacent,osm
ir-district-16,ir-district-20,adjacent,osm
ir-district-16,ir-district-19,adjacent,osm
ir-district-16,ir-district-17,adjacent,osm
ir-district-16,ir-district-12,adjacent,osm
ir-district-16,ir-district-11-2,adjacent,osm
ir-dowlat-abad-2,ir-r15261395,adjacent,osm
ir-dowlat-abad-2,ir-r21292009,adjacent,osm
ir-dowlat-abad-2,ir-moshirieh,adjacent,osm
ir-dowlat-abad-2,ir-r21293266,adjacent,osm
ir-dowlat-abad-2,ir-ali-abad-5,adjacent,osm
ir-dowlat-abad-2,ir-south-kianshahr,adjacent,osm
ir-dowlat-abad-2,ir-r21292007,adjacent,osm
ir-dowlat-abad-2,ir-r21293500,adjacent,osm
ir-dowlat-abad-2,ir-shahadat,adjacent,osm
ir-dowlat-abad-2,ir-r21293501,adjacent,osm
ir-south-kianshahr,ir-r15261395,adjacent,osm
ir-south-kianshahr,ir-r21292009,adjacent,osm
ir-south-kianshahr,ir-moshirieh,adjacent,osm
ir-south-kianshahr,ir-r21293266,adjacent,osm
ir-south-kianshahr,ir-ali-abad-5,adjacent,osm
ir-south-kianshahr,ir-r21292007,adjacent,osm
ir-south-kianshahr,ir-borujerdi-dehgan,adjacent,osm
ir-south-kianshahr,ir-r21293265,adjacent,osm
ir-south-kianshahr,ir-north-kianshahr,adjacent,osm
ir-south-kianshahr,ir-r21293500,adjacent,osm
ir-south-kianshahr,ir-r21293501,adjacent,osm
ir-valiasr-bisim,ir-motahari-4,adjacent,osm
ir-valiasr-bisim,ir-minayi,adjacent,osm
ir-valiasr-bisim,ir-r21292006,adjacent,osm
ir-valiasr-bisim,ir-mazaheri-2,adjacent,osm
ir-valiasr-bisim,ir-shush,adjacent,osm
ir-valiasr-bisim,ir-tayeb,adjacent,osm
ir-hashem-abad-2,ir-r21292009,adjacent,osm
ir-hashem-abad-2,ir-moshirieh,adjacent,osm
ir-hashem-abad-2,ir-r21292007,adjacent,osm
ir-hashem-abad-2,ir-borujerdi-dehgan,adjacent,osm
ir-hashem-abad-2,ir-r21292008,adjacent,osm
ir-hashem-abad-2,ir-bolvar-abuzar-ahang,adjacent,osm
ir-hashem-abad-2,ir-atabak,adjacent,osm
ir-hashem-abad-2,ir-masudieh,adjacent,osm
ir-hashem-abad-2,ir-r21292011,adjacent,osm
ir-hashem-abad-2,ir-south-afsarieh,adjacent,osm
ir-hashem-abad-2,ir-r21292012,adjacent,osm
ir-bolvar-abuzar-ahang,ir-r21292009,adjacent,osm
ir-bolvar-abuzar-ahang,ir-moshirieh,adjacent,osm
ir-bolvar-abuzar-ahang,ir-r21292008,adjacent,osm
ir-bolvar-abuzar-ahang,ir-atabak,adjacent,osm
ir-bolvar-abuzar-ahang,ir-masudieh,adjacent,osm
ir-bolvar-abuzar-ahang,ir-r21292011,adjacent,osm
ir-bolvar-abuzar-ahang,ir-south-afsarieh,adjacent,osm
ir-bolvar-abuzar-ahang,ir-r21292012,adjacent,osm
ir-bolvar-abuzar-ahang,ir-north-afsarieh,adjacent,osm
ir-bolvar-abuzar-ahang,ir-ahang,adjacent,osm
ir-bolvar-abuzar-ahang,ir-r21290235,adjacent,osm
ir-motahari-4,ir-r21292007,adjacent,osm
ir-motahari-4,ir-r21293265,adjacent,osm
ir-motahari-4,ir-north-kianshahr,adjacent,osm
ir-motahari-4,ir-minayi,adjacent,osm
ir-motahari-4,ir-r21292006,adjacent,osm
ir-motahari-4,ir-mazaheri-2,adjacent,osm
ir-north-kianshahr,ir-r21292007,adjacent,osm
ir-north-kianshahr,ir-borujerdi-dehgan,adjacent,osm
ir-north-kianshahr,ir-r21293265,adjacent,osm
ir-north-kianshahr,ir-r21292008,adjacent,osm
ir-north-kianshahr,ir-atabak,adjacent,osm
ir-north-kianshahr,ir-minayi,adjacent,osm
ir-north-kianshahr,ir-r21292006,adjacent,osm
ir-shahrak-razavieh,ir-r21292009,adjacent,osm
ir-shahrak-razavieh,ir-moshirieh,adjacent,osm
ir-shahrak-razavieh,ir-masudieh,adjacent,osm
ir-shahrak-razavieh,ir-r21292011,adjacent,osm
ir-r21292007,ir-r15261395,adjacent,osm
ir-r21292007,ir-r21292009,adjacent,osm
ir-r21292007,ir-moshirieh,adjacent,osm
ir-r21292007,ir-r21293266,adjacent,osm
ir-r21292007,ir-ali-abad-5,adjacent,osm
ir-r21292007,ir-borujerdi-dehgan,adjacent,osm
ir-r21292007,ir-r21293265,adjacent,osm
ir-r21292007,ir-r21292008,adjacent,osm
ir-r21292007,ir-atabak,adjacent,osm
ir-r21292007,ir-r21293500,adjacent,osm
ir-r21292007,ir-r21293501,adjacent,osm
ir-r21292007,ir-minayi,adjacent,osm
ir-r21292007,ir-r21292006,adjacent,osm
ir-moshirieh,ir-r21292009,adjacent,osm
ir-moshirieh,ir-borujerdi-dehgan,adjacent,osm
ir-moshirieh,ir-r21292008,adjacent,osm
ir-moshirieh,ir-r21293501,adjacent,osm
ir-moshirieh,ir-masudieh,adjacent,osm
ir-moshirieh,ir-r21292011,adjacent,osm
ir-moshirieh,ir-south-afsarieh,adjacent,osm
ir-moshirieh,ir-r21292012,adjacent,osm
ir-r21292009,ir-borujerdi-dehgan,adjacent,osm
ir-r21292009,ir-r21292008,adjacent,osm
ir-r21292009,ir-r21293501,adjacent,osm
ir-r21292009,ir-masudieh,adjacent,osm
ir-r21292009,ir-r21292011,adjacent,osm
ir-r21292009,ir-south-afsarieh,adjacent,osm
ir-r21292009,ir-r21292012,adjacent,osm
ir-borujerdi-dehgan,ir-r21292008,adjacent,osm
ir-borujerdi-dehgan,ir-atabak,adjacent,osm
ir-borujerdi-dehgan,ir-r21292006,adjacent,osm
ir-south-afsarieh,ir-r21292008,adjacent,osm
ir-south-afsarieh,ir-masudieh,adjacent,osm
ir-south-afsarieh,ir-r21292011,adjacent,osm
ir-south-afsarieh,ir-eslam-abad-valfajr,adjacent,osm
ir-south-afsarieh,ir-r21292012,adjacent,osm
ir-south-afsarieh,ir-ghasr-firuzeh-2,adjacent,osm
ir-south-afsarieh,ir-north-afsarieh,adjacent,osm
ir-south-afsarieh,ir-r21290232,adjacent,osm
ir-eslam-abad-valfajr,ir-masudieh,adjacent,osm
ir-eslam-abad-valfajr,ir-r21292011,adjacent,osm
ir-eslam-abad-valfajr,ir-r21292012,adjacent,osm
ir-eslam-abad-valfajr,ir-ghasr-firuzeh-2,adjacent,osm
ir-eslam-abad-valfajr,ir-r21290232,adjacent,osm
ir-kosar-2,ir-r14405237,adjacent,osm
ir-kosar-2,ir-r21292006,adjacent,osm
ir-kosar-2,ir-mazaheri-2,adjacent,osm
ir-kosar-2,ir-shush,adjacent,osm
ir-kosar-2,ir-tayeb,adjacent,osm
ir-kosar-2,ir-r14405238,adjacent,osm
ir-kosar-2,ir-herandi,adjacent,osm
ir-kosar-2,ir-khavaran,adjacent,osm
ir-kosar-2,ir-r21290236,adjacent,osm
ir-kosar-2,ir-ghiam-3,adjacent,osm
ir-abshar,ir-r14405237,adjacent,osm
ir-abshar,ir-r21288641,adjacent,osm
ir-abshar,ir-north-mina,adjacent,osm
ir-abshar,ir-dezhkam,adjacent,osm
ir-abshar,ir-r21288642,adjacent,osm
ir-abshar,ir-r21289850,adjacent,osm
ir-abshar,ir-r21290236,adjacent,osm
ir-abshar,ir-ghiam-3,adjacent,osm
ir-abshar,ir-south-mina,adjacent,osm
ir-abshar,ir-shokufeh,adjacent,osm
ir-abshar,ir-r14405236,adjacent,osm
ir-r14405237,ir-r21288641,adjacent,osm
ir-r14405237,ir-north-mina,adjacent,osm
ir-r14405237,ir-dezhkam,adjacent,osm
ir-r14405237,ir-r21288642,adjacent,osm
ir-r14405237,ir-r21289850,adjacent,osm
ir-r14405237,ir-r21292006,adjacent,osm
ir-r14405237,ir-mazaheri-2,adjacent,osm
ir-r14405237,ir-shush,adjacent,osm
ir-r14405237,ir-tayeb,adjacent,osm
ir-r14405237,ir-r14405238,adjacent,osm
ir-r14405237,ir-herandi,adjacent,osm
ir-r14405237,ir-khavaran,adjacent,osm
ir-r14405237,ir-r21290236,adjacent,osm
ir-r14405237,ir-ghiam-3,adjacent,osm
ir-r14405237,ir-south-mina,adjacent,osm
ir-r14405237,ir-shokufeh,adjacent,osm
ir-r14405237,ir-r14405236,adjacent,osm
ir-ghiam-3,ir-r21288641,adjacent,osm
ir-ghiam-3,ir-north-mina,adjacent,osm
ir-ghiam-3,ir-r21288642,adjacent,osm
ir-ghiam-3,ir-r21289850,adjacent,osm
ir-ghiam-3,ir-r21292006,adjacent,osm
ir-ghiam-3,ir-tayeb,adjacent,osm
ir-ghiam-3,ir-r14405238,adjacent,osm
ir-ghiam-3,ir-herandi,adjacent,osm
ir-ghiam-3,ir-khavaran,adjacent,osm
ir-ghiam-3,ir-r21290236,adjacent,osm
ir-ghiam-3,ir-south-mina,adjacent,osm
ir-north-afsarieh,ir-r21292008,adjacent,osm
ir-north-afsarieh,ir-r21292012,adjacent,osm
ir-north-afsarieh,ir-ghasr-firuzeh-2,adjacent,osm
ir-north-afsarieh,ir-r21290232,adjacent,osm
ir-north-afsarieh,ir-ahang,adjacent,osm
ir-north-afsarieh,ir-r21290235,adjacent,osm
ir-north-afsarieh,ir-ghasr-firuzeh-1,adjacent,osm
ir-tayeb,ir-minayi,adjacent,osm
ir-tayeb,ir-r21292006,adjacent,osm
ir-tayeb,ir-shush,adjacent,osm
ir-tayeb,ir-khavaran,adjacent,osm
ir-tayeb,ir-dulab,adjacent,osm
ir-tayeb,ir-r21290236,adjacent,osm
ir-jaberi,ir-dezhkam,adjacent,osm
ir-jaberi,ir-r21289850,adjacent,osm
ir-jaberi,ir-niknam,adjacent,osm
ir-jaberi,ir-shokufeh,adjacent,osm
ir-jaberi,ir-chaharsad-dastgah,adjacent,osm
ir-ghasr-firuzeh-2,ir-r21292011,adjacent,osm
ir-ghasr-firuzeh-2,ir-r21292012,adjacent,osm
ir-ghasr-firuzeh-2,ir-r21290232,adjacent,osm
ir-ghasr-firuzeh-2,ir-ghasr-firuzeh-1,adjacent,osm
ir-south-mina,ir-north-mina,adjacent,osm
ir-south-mina,ir-r21289850,adjacent,osm
ir-south-mina,ir-khavaran,adjacent,osm
ir-south-mina,ir-r21290236,adjacent,osm
ir-south-mina,ir-shahin,adjacent,osm
ir-dezhkam,ir-north-mina,adjacent,osm
ir-dezhkam,ir-ahangaran,adjacent,osm
ir-dezhkam,ir-r21289850,adjacent,osm
ir-dezhkam,ir-niknam,adjacent,osm
ir-dezhkam,ir-shokufeh,adjacent,osm
ir-shokufeh,ir-r21289850,adjacent,osm
ir-shokufeh,ir-chaharsad-dastgah,adjacent,osm
ir-shokufeh,ir-r14405236,adjacent,osm
ir-shokufeh,ir-safa-2,adjacent,osm
ir-shokufeh,ir-darvazeh-shemiran,adjacent,osm
ir-shokufeh,ir-r21288478,adjacent,osm
ir-niknam,ir-ahangaran,adjacent,osm
ir-niknam,ir-r21290237,adjacent,osm
ir-niknam,ir-shiva,adjacent,osm
ir-niknam,ir-r21289850,adjacent,osm
ir-niknam,ir-dahom-farvardin,adjacent,osm
ir-niknam,ir-chaharsad-dastgah,adjacent,osm
ir-shakiba,ir-shahed-2,adjacent,osm
ir-shakiba,ir-ahangaran,adjacent,osm
ir-shakiba,ir-shahrabi,adjacent,osm
ir-shakiba,ir-r21290237,adjacent,osm
ir-shakiba,ir-shiva,adjacent,osm
ir-shakiba,ir-r21289850,adjacent,osm
ir-shakiba,ir-ahang,adjacent,osm
ir-shakiba,ir-r21290235,adjacent,osm
ir-shakiba,ir-dulab,adjacent,osm
ir-shakiba,ir-r21290236,adjacent,osm
ir-shakiba,ir-shahin,adjacent,osm
ir-north-mina,ir-ahangaran,adjacent,osm
ir-north-mina,ir-r21289850,adjacent,osm
ir-north-mina,ir-r21290236,adjacent,osm
ir-north-mina,ir-shahin,adjacent,osm
ir-ahangaran,ir-r21290237,adjacent,osm
ir-ahangaran,ir-shiva,adjacent,osm
ir-ahangaran,ir-r21289850,adjacent,osm
ir-ahangaran,ir-r21290236,adjacent,osm
ir-ahangaran,ir-shahin,adjacent,osm
ir-ahangaran,ir-dahom-farvardin,adjacent,osm
ir-khavaran,ir-minayi,adjacent,osm
ir-khavaran,ir-r21292006,adjacent,osm
ir-khavaran,ir-dulab,adjacent,osm
ir-khavaran,ir-r21290236,adjacent,osm
ir-khavaran,ir-shahin,adjacent,osm
ir-shahin,ir-r21290237,adjacent,osm
ir-shahin,ir-r21289850,adjacent,osm
ir-shahin,ir-dulab,adjacent,osm
ir-shahin,ir-r21290236,adjacent,osm
ir-dulab,ir-r21292008,adjacent,osm
ir-dulab,ir-atabak,adjacent,osm
ir-dulab,ir-r21290237,adjacent,osm
ir-dulab,ir-minayi,adjacent,osm
ir-dulab,ir-r21292006,adjacent,osm
ir-dulab,ir-ahang,adjacent,osm
ir-dulab,ir-r21290235,adjacent,osm
ir-dulab,ir-r21290236,adjacent,osm
ir-r21290236,ir-r21292008,adjacent,osm
ir-r21290236,ir-atabak,adjacent,osm
ir-r21290236,ir-r21290237,adjacent,osm
ir-r21290236,ir-r21289850,adjacent,osm
ir-r21290236,ir-minayi,adjacent,osm
ir-r21290236,ir-r21292006,adjacent,osm
ir-r21290236,ir-ahang,adjacent,osm
ir-r21290236,ir-r21290235,adjacent,osm
ir-ghasr-firuzeh-1,ir-r21292012,adjacent,osm
ir-ghasr-firuzeh-1,ir-r21290232,adjacent,osm
ir-ghasr-firuzeh-1,ir-ahang,adjacent,osm
ir-ghasr-firuzeh-1,ir-r21290235,adjacent,osm
ir-ghasr-firuzeh-1,ir-taxirani,adjacent,osm
ir-ghasr-firuzeh-1,ir-r21290234,adjacent,osm
ir-ghasr-firuzeh-1,ir-abuzar-3,adjacent,osm
ir-ghasr-firuzeh-1,ir-hafezieh-4,adjacent,osm
ir-ghasr-firuzeh-1,ir-r21288480,adjacent,osm
ir-farzaneh,ir-r21290237,adjacent,osm
ir-farzaneh,ir-nabi-akram,adjacent,osm
ir-farzaneh,ir-r21290234,adjacent,osm
ir-farzaneh,ir-dahom-farvardin,adjacent,osm
ir-farzaneh,ir-parastar-2,adjacent,osm
ir-farzaneh,ir-sad-dastgah,adjacent,osm
ir-dahom-farvardin,ir-r21290237,adjacent,osm
ir-dahom-farvardin,ir-shiva,adjacent,osm
ir-dahom-farvardin,ir-r21289850,adjacent,osm
ir-dahom-farvardin,ir-nabi-akram,adjacent,osm
ir-dahom-farvardin,ir-chaharsad-dastgah,adjacent,osm
ir-dahom-farvardin,ir-sad-dastgah,adjacent,osm
ir-dahom-farvardin,ir-zahed-gilani,adjacent,osm
ir-dahom-farvardin,ir-r21288478,adjacent,osm
ir-shiva,ir-shahed-2,adjacent,osm
ir-shiva,ir-shahrabi,adjacent,osm
ir-shiva,ir-r21290237,adjacent,osm
ir-shiva,ir-r21289850,adjacent,osm
ir-shiva,ir-nabi-akram,adjacent,osm
ir-shahrabi,ir-shahed-2,adjacent,osm
ir-shahrabi,ir-r21290237,adjacent,osm
ir-shahrabi,ir-nabi-akram,adjacent,osm
ir-shahrabi,ir-taxirani,adjacent,osm
ir-shahrabi,ir-r21290234,adjacent,osm
ir-shahrabi,ir-abuzar-3,adjacent,osm
ir-parastar-2,ir-r21290237,adjacent,osm
ir-parastar-2,ir-nabi-akram,adjacent,osm
ir-parastar-2,ir-r21290234,adjacent,osm
ir-parastar-2,ir-abuzar-3,adjacent,osm
ir-parastar-2,ir-piruzi,adjacent,osm
ir-parastar-2,ir-sad-dastgah,adjacent,osm
ir-parastar-2,ir-dehghan-kukakula,adjacent,osm
ir-parastar-2,ir-r21288479,adjacent,osm
ir-nabi-akram,ir-r21290237,adjacent,osm
ir-nabi-akram,ir-r21290234,adjacent,osm
ir-nabi-akram,ir-abuzar-3,adjacent,osm
ir-mahmudieh,ir-r21285779,adjacent,osm
ir-mahmudieh,ir-r21285780,adjacent,osm
ir-mahmudieh,ir-international-exhibition,adjacent,osm
ir-mahmudieh,ir-jordan-park-melat,adjacent,osm
ir-mahmudieh,ir-elahieh-2,adjacent,osm
ir-mahmudieh,ir-r21276345,adjacent,osm
ir-mahmudieh,ir-evin,adjacent,osm
ir-mahmudieh,ir-r21275538,adjacent,osm
ir-mahmudieh,ir-velenjak,adjacent,osm
ir-mahmudieh,ir-bagh-ferdous,adjacent,osm
ir-mahmudieh,ir-zaferanieh,adjacent,osm
ir-tajrish,ir-elahieh-2,adjacent,osm
ir-tajrish,ir-r21276345,adjacent,osm
ir-tajrish,ir-r21275538,adjacent,osm
ir-tajrish,ir-r21273713,adjacent,osm
ir-tajrish,ir-hekmat-2,adjacent,osm
ir-tajrish,ir-bagh-ferdous,adjacent,osm
ir-tajrish,ir-zaferanieh,adjacent,osm
ir-tajrish,ir-emamzadeh-ghasem,adjacent,osm
ir-tajrish,ir-r21275733,adjacent,osm
ir-tajrish,ir-darband,adjacent,osm
ir-bagh-ferdous,ir-elahieh-2,adjacent,osm
ir-bagh-ferdous,ir-r21276345,adjacent,osm
ir-bagh-ferdous,ir-r21275538,adjacent,osm
ir-bagh-ferdous,ir-zaferanieh,adjacent,osm
ir-emamzadeh-ghasem,ir-r21276345,adjacent,osm
ir-emamzadeh-ghasem,ir-r21273713,adjacent,osm
ir-emamzadeh-ghasem,ir-hekmat-2,adjacent,osm
ir-emamzadeh-ghasem,ir-dezashib,adjacent,osm
ir-emamzadeh-ghasem,ir-r11717461,adjacent,osm
ir-emamzadeh-ghasem,ir-r21275733,adjacent,osm
ir-emamzadeh-ghasem,ir-darband,adjacent,osm
ir-emamzadeh-ghasem,ir-golab-dareh,adjacent,osm
ir-emamzadeh-ghasem,ir-jamaran,adjacent,osm
ir-chizar,ir-r21286003,adjacent,osm
ir-chizar,ir-ekhtiarieh,adjacent,osm
ir-chizar,ir-gheytarieh,adjacent,osm
ir-chizar,ir-r21276345,adjacent,osm
ir-chizar,ir-dibaji-farmanieh,adjacent,osm
ir-chizar,ir-r21273713,adjacent,osm
ir-chizar,ir-hekmat-2,adjacent,osm
ir-chizar,ir-r21273565,adjacent,osm
ir-chizar,ir-hesar-bouali,adjacent,osm
ir-chizar,ir-dezashib,adjacent,osm
ir-chizar,ir-r11717461,adjacent,osm
ir-r21273713,ir-r21286003,adjacent,osm
ir-r21273713,ir-ekhtiarieh,adjacent,osm
ir-r21273713,ir-elahieh-2,adjacent,osm
ir-r21273713,ir-gheytarieh,adjacent,osm
ir-r21273713,ir-r21276345,adjacent,osm
ir-r21273713,ir-dibaji-farmanieh,adjacent,osm
ir-r21273713,ir-hekmat-2,adjacent,osm
ir-r21273713,ir-r21273565,adjacent,osm
ir-r21273713,ir-hesar-bouali,adjacent,osm
ir-r21273713,ir-dezashib,adjacent,osm
ir-r21273713,ir-r11717461,adjacent,osm
ir-r21273713,ir-r21275733,adjacent,osm
ir-hekmat-2,ir-elahieh-2,adjacent,osm
ir-hekmat-2,ir-gheytarieh,adjacent,osm
ir-hekmat-2,ir-r21276345,adjacent,osm
ir-hekmat-2,ir-dibaji-farmanieh,adjacent,osm
ir-hekmat-2,ir-r21273565,adjacent,osm
ir-hekmat-2,ir-hesar-bouali,adjacent,osm
ir-hekmat-2,ir-dezashib,adjacent,osm
ir-hekmat-2,ir-r11717461,adjacent,osm
ir-hekmat-2,ir-r21275733,adjacent,osm
ir-shahrak-golha,ir-azgol,adjacent,osm
ir-shahrak-golha,ir-r21276347,adjacent,osm
ir-shahrak-golha,ir-aghdasieh-2,adjacent,osm
ir-shahrak-golha,ir-r21276346,adjacent,osm
ir-shahrak-golha,ir-shahrak-naft,adjacent,osm
ir-shahrak-golha,ir-darabad,adjacent,osm
ir-shahrak-golha,ir-r21276046,adjacent,osm
ir-darya,ir-quarter-7-of-district-2,adjacent,osm
ir-darya,ir-shahrak-e-ghods,adjacent,osm
ir-darya,ir-vanak-2,adjacent,osm
ir-darya,ir-r21285780,adjacent,osm
ir-darya,ir-zone-1,adjacent,osm
ir-darya,ir-saadat-abad-2,adjacent,osm
ir-elahieh-2,ir-zargandeh,adjacent,osm
ir-elahieh-2,ir-r21285779,adjacent,osm
ir-elahieh-2,ir-r21285780,adjacent,osm
ir-elahieh-2,ir-kaveh-2,adjacent,osm
ir-elahieh-2,ir-jordan-park-melat,adjacent,osm
ir-elahieh-2,ir-r21286003,adjacent,osm
ir-elahieh-2,ir-gheytarieh,adjacent,osm
ir-elahieh-2,ir-r21276345,adjacent,osm
ir-elahieh-2,ir-r21275538,adjacent,osm
ir-gheytarieh,ir-zargandeh,adjacent,osm
ir-gheytarieh,ir-r21285779,adjacent,osm
ir-gheytarieh,ir-kaveh-2,adjacent,osm
ir-gheytarieh,ir-r21286003,adjacent,osm
ir-gheytarieh,ir-ekhtiarieh,adjacent,osm
ir-gheytarieh,ir-r21276345,adjacent,osm
ir-r21276345,ir-zargandeh,adjacent,osm
ir-r21276345,ir-r21285779,adjacent,osm
ir-r21276345,ir-r21285780,adjacent,osm
ir-r21276345,ir-kaveh-2,adjacent,osm
ir-r21276345,ir-jordan-park-melat,adjacent,osm
ir-r21276345,ir-r21286003,adjacent,osm
ir-r21276345,ir-ekhtiarieh,adjacent,osm
ir-r21276345,ir-r21275538,adjacent,osm
ir-r21276345,ir-zaferanieh,adjacent,osm
ir-r21276345,ir-r21275733,adjacent,osm
ir-r21276345,ir-darband,adjacent,osm
ir-dibaji-farmanieh,ir-pasdaran-zarab-khaneh,adjacent,osm
ir-dibaji-farmanieh,ir-r21286003,adjacent,osm
ir-dibaji-farmanieh,ir-ekhtiarieh,adjacent,osm
ir-dibaji-farmanieh,ir-r21291872,adjacent,osm
ir-dibaji-farmanieh,ir-r21276347,adjacent,osm
ir-dibaji-farmanieh,ir-aghdasieh-2,adjacent,osm
ir-dibaji-farmanieh,ir-r21273565,adjacent,osm
ir-dibaji-farmanieh,ir-hesar-bouali,adjacent,osm
ir-dibaji-farmanieh,ir-sahebqaraniyeh,adjacent,osm
ir-dibaji-farmanieh,ir-dezashib,adjacent,osm
ir-dibaji-farmanieh,ir-kashanak,adjacent,osm
ir-dibaji-farmanieh,ir-r21276046,adjacent,osm
ir-dibaji-farmanieh,ir-r11717461,adjacent,osm
ir-international-exhibition,ir-r21285791,adjacent,osm
ir-international-exhibition,ir-vanak-2,adjacent,osm
ir-international-exhibition,ir-ararat,adjacent,osm
ir-international-exhibition,ir-r21285780,adjacent,osm
ir-international-exhibition,ir-zone-1,adjacent,osm
ir-international-exhibition,ir-saadat-abad-2,adjacent,osm
ir-international-exhibition,ir-jordan-park-melat,adjacent,osm
ir-international-exhibition,ir-evin,adjacent,osm
ir-international-exhibition,ir-r21275538,adjacent,osm
ir-zargandeh,ir-r21285842,adjacent,osm
ir-zargandeh,ir-mirdamad-2,adjacent,osm
ir-zargandeh,ir-hosseinieh-ershad-ghoba,adjacent,osm
ir-zargandeh,ir-r21285791,adjacent,osm
ir-zargandeh,ir-r17126477,adjacent,osm
ir-zargandeh,ir-gholhak,adjacent,osm
ir-zargandeh,ir-r21285779,adjacent,osm
ir-zargandeh,ir-vanak-2,adjacent,osm
ir-zargandeh,ir-kaveh-2,adjacent,osm
ir-zargandeh,ir-jordan-park-melat,adjacent,osm
ir-zargandeh,ir-r21286003,adjacent,osm
ir-ekhtiarieh,ir-r17126477,adjacent,osm
ir-ekhtiarieh,ir-pasdaran-zarab-khaneh,adjacent,osm
ir-ekhtiarieh,ir-darus,adjacent,osm
ir-ekhtiarieh,ir-gholhak,adjacent,osm
ir-ekhtiarieh,ir-kaveh-2,adjacent,osm
ir-ekhtiarieh,ir-r21286003,adjacent,osm
ir-ekhtiarieh,ir-r21291872,adjacent,osm
ir-ekhtiarieh,ir-r21273565,adjacent,osm
ir-r21286003,ir-r17126477,adjacent,osm
ir-r21286003,ir-pasdaran-zarab-khaneh,adjacent,osm
ir-r21286003,ir-darus,adjacent,osm
ir-r21286003,ir-gholhak,adjacent,osm
ir-r21286003,ir-r21285779,adjacent,osm
ir-r21286003,ir-kaveh-2,adjacent,osm
ir-r21286003,ir-r21291872,adjacent,osm
ir-r21286003,ir-r21273565,adjacent,osm
ir-gholhak,ir-hosseinieh-ershad-ghoba,adjacent,osm
ir-gholhak,ir-r17126477,adjacent,osm
ir-gholhak,ir-darus,adjacent,osm
ir-gholhak,ir-r21285779,adjacent,osm
ir-gholhak,ir-kaveh-2,adjacent,osm
ir-kaveh-2,ir-r17126477,adjacent,osm
ir-kaveh-2,ir-darus,adjacent,osm
ir-kaveh-2,ir-r21285779,adjacent,osm
ir-darus,ir-hosseinieh-ershad-ghoba,adjacent,osm
ir-darus,ir-r17126477,adjacent,osm
ir-darus,ir-pasdaran-zarab-khaneh,adjacent,osm
ir-darus,ir-r21291872,adjacent,osm
ir-arazi-abas-abad,ir-r14396863,adjacent,osm
ir-arazi-abas-abad,ir-nilufar,adjacent,osm
ir-arazi-abas-abad,ir-r21280075,adjacent,osm
ir-arazi-abas-abad,ir-saeei,adjacent,osm
ir-arazi-abas-abad,ir-jolfa,adjacent,osm
ir-arazi-abas-abad,ir-r21285842,adjacent,osm
ir-arazi-abas-abad,ir-mirdamad-2,adjacent,osm
ir-arazi-abas-abad,ir-r21285791,adjacent,osm
ir-arazi-abas-abad,ir-vanak-2,adjacent,osm
ir-mirdamad-2,ir-jolfa,adjacent,osm
ir-mirdamad-2,ir-mehran,adjacent,osm
ir-mirdamad-2,ir-r21012614,adjacent,osm
ir-mirdamad-2,ir-r21285842,adjacent,osm
ir-mirdamad-2,ir-hosseinieh-ershad-ghoba,adjacent,osm
ir-mirdamad-2,ir-r21285791,adjacent,osm
ir-mirdamad-2,ir-r17126477,adjacent,osm
ir-mirdamad-2,ir-r21285779,adjacent,osm
ir-mirdamad-2,ir-vanak-2,adjacent,osm
ir-sheikh-hadi,ir-r21288642,adjacent,osm
ir-sheikh-hadi,ir-ferdowsi-3,adjacent,osm
ir-sheikh-hadi,ir-r14405239,adjacent,osm
ir-sheikh-hadi,ir-azarbayjan-2,adjacent,osm
ir-sheikh-hadi,ir-r21288722,adjacent,osm
ir-sheikh-hadi,ir-felestin-enghelab,adjacent,osm
ir-sheikh-hadi,ir-tehran-university,adjacent,osm
ir-sheikh-hadi,ir-valiasr-5,adjacent,osm
ir-sheikh-hadi,ir-r14395967,adjacent,osm
ir-sheikh-hadi,ir-r14395966,adjacent,osm
ir-r21288722,ir-r21288642,adjacent,osm
ir-r21288722,ir-ferdowsi-3,adjacent,osm
ir-r21288722,ir-r14405239,adjacent,osm
ir-r21288722,ir-azarbayjan-2,adjacent,osm
ir-r21288722,ir-felestin-enghelab,adjacent,osm
ir-r21288722,ir-tehran-university,adjacent,osm
ir-r21288722,ir-r8321666,adjacent,osm
ir-r21288722,ir-valiasr-5,adjacent,osm
ir-r21288722,ir-r14395967,adjacent,osm
ir-r21288722,ir-r14395966,adjacent,osm
ir-district-11-2,ir-district-17,adjacent,osm
ir-district-11-2,ir-district-12,adjacent,osm
ir-district-11-2,ir-district-6-4,adjacent,osm
ir-district-11-2,ir-district-2-10,adjacent,osm
ir-kuy-nasr,ir-shahrara-patris,adjacent,osm
ir-kuy-nasr,ir-fatemi,adjacent,osm
ir-kuy-nasr,ir-r14395964,adjacent,osm
ir-kuy-nasr,ir-zone-3,adjacent,osm
ir-kuy-nasr,ir-zone-4,adjacent,osm
ir-kuy-nasr,ir-amir-abad-5,adjacent,osm
ir-kuy-nasr,ir-r21280076,adjacent,osm
ir-kuy-nasr,ir-valfajr,adjacent,osm
ir-kuy-nasr,ir-eyvanak,adjacent,osm
ir-kuy-nasr,ir-quarter-7-of-district-2,adjacent,osm
ir-kuy-nasr,ir-shahrak-e-ghods,adjacent,osm
ir-kuy-nasr,ir-vanak-2,adjacent,osm
ir-kuy-nasr,ir-r21285780,adjacent,osm
ir-shahrara-patris,ir-towhid,adjacent,osm
ir-shahrara-patris,ir-r8321666,adjacent,osm
ir-shahrara-patris,ir-zone-6,adjacent,osm
ir-shahrara-patris,ir-r14395966,adjacent,osm
ir-shahrara-patris,ir-fatemi,adjacent,osm
ir-shahrara-patris,ir-r14395964,adjacent,osm
ir-shahrara-patris,ir-zone-3,adjacent,osm
ir-shahrara-patris,ir-amir-abad-5,adjacent,osm
ir-zone-3,ir-towhid,adjacent,osm
ir-zone-3,ir-r8321666,adjacent,osm
ir-zone-3,ir-zone-6,adjacent,osm
ir-zone-3,ir-r14395966,adjacent,osm
ir-zone-3,ir-fatemi,adjacent,osm
ir-zone-3,ir-r14395964,adjacent,osm
ir-zone-3,ir-zone-4,adjacent,osm
ir-zone-3,ir-amir-abad-5,adjacent,osm
ir-zone-3,ir-r21280076,adjacent,osm
ir-zone-3,ir-valfajr,adjacent,osm
ir-zone-3,ir-eyvanak,adjacent,osm
ir-zone-3,ir-quarter-7-of-district-2,adjacent,osm
ir-zone-3,ir-shahrak-e-ghods,adjacent,osm
ir-zone-3,ir-vanak-2,adjacent,osm
ir-zone-3,ir-r21285780,adjacent,osm
ir-towhid,ir-r8321666,adjacent,osm
ir-towhid,ir-zone-6,adjacent,osm
ir-towhid,ir-r14395966,adjacent,osm
ir-zone-6,ir-r8321666,adjacent,osm
ir-zone-6,ir-r14395966,adjacent,osm
ir-zone-6,ir-zone-4,adjacent,osm
ir-ferdowsi-3,ir-r21288642,adjacent,osm
ir-ferdowsi-3,ir-r14405239,adjacent,osm
ir-ferdowsi-3,ir-baharestan-6,adjacent,osm
ir-ferdowsi-3,ir-valiasr-5,adjacent,osm
ir-ferdowsi-3,ir-r14395967,adjacent,osm
ir-ferdowsi-3,ir-iranshahr-2,adjacent,osm
ir-ferdowsi-3,ir-amjadieh,adjacent,osm
ir-ferdowsi-3,ir-r14396864,adjacent,osm
ir-valfajr,ir-r14395964,adjacent,osm
ir-valfajr,ir-amir-abad-5,adjacent,osm
ir-valfajr,ir-r21280076,adjacent,osm
ir-valfajr,ir-yousef-abad,adjacent,osm
ir-valfajr,ir-quarter-7-of-district-2,adjacent,osm
ir-valfajr,ir-shahrak-e-ghods,adjacent,osm
ir-valfajr,ir-r21285791,adjacent,osm
ir-valfajr,ir-vanak-2,adjacent,osm
ir-valfajr,ir-r21285780,adjacent,osm
ir-valiasr-5,ir-r14405239,adjacent,osm
ir-valiasr-5,ir-felestin-enghelab,adjacent,osm
ir-valiasr-5,ir-tehran-university,adjacent,osm
ir-valiasr-5,ir-r14395967,adjacent,osm
ir-valiasr-5,ir-iranshahr-2,adjacent,osm
ir-valiasr-5,ir-behjat-abad,adjacent,osm
ir-valiasr-5,ir-r14395966,adjacent,osm
ir-valiasr-5,ir-keshavarz-park-laleh,adjacent,osm
ir-valiasr-5,ir-r14395965,adjacent,osm
ir-valiasr-5,ir-sanaei,adjacent,osm
ir-tehran-university,ir-felestin-enghelab,adjacent,osm
ir-tehran-university,ir-r8321666,adjacent,osm
ir-tehran-university,ir-r14395967,adjacent,osm
ir-tehran-university,ir-behjat-abad,adjacent,osm
ir-tehran-university,ir-r14395966,adjacent,osm
ir-tehran-university,ir-keshavarz-park-laleh,adjacent,osm
ir-tehran-university,ir-r14395965,adjacent,osm
ir-r8321666,ir-felestin-enghelab,adjacent,osm
ir-r8321666,ir-r14395966,adjacent,osm
ir-r8321666,ir-keshavarz-park-laleh,adjacent,osm
ir-r8321666,ir-fatemi,adjacent,osm
ir-r8321666,ir-r14395964,adjacent,osm
ir-keshavarz-park-laleh,ir-r14395967,adjacent,osm
ir-keshavarz-park-laleh,ir-behjat-abad,adjacent,osm
ir-keshavarz-park-laleh,ir-r14395966,adjacent,osm
ir-keshavarz-park-laleh,ir-fatemi,adjacent,osm
ir-keshavarz-park-laleh,ir-r14395965,adjacent,osm
ir-keshavarz-park-laleh,ir-jahad-4,adjacent,osm
ir-keshavarz-park-laleh,ir-r14395964,adjacent,osm
ir-keshavarz-park-laleh,ir-r21280076,adjacent,osm
ir-r14395966,ir-felestin-enghelab,adjacent,osm
ir-r14395966,ir-r14395967,adjacent,osm
ir-r14395966,ir-behjat-abad,adjacent,osm
ir-r14395966,ir-fatemi,adjacent,osm
ir-r14395966,ir-r14395965,adjacent,osm
ir-r14395966,ir-jahad-4,adjacent,osm
ir-r14395966,ir-r14395964,adjacent,osm
ir-r14395966,ir-r21280076,adjacent,osm
ir-amir-abad-5,ir-fatemi,adjacent,osm
ir-amir-abad-5,ir-jahad-4,adjacent,osm
ir-amir-abad-5,ir-r14395964,adjacent,osm
ir-amir-abad-5,ir-r21280076,adjacent,osm
ir-amir-abad-5,ir-yousef-abad,adjacent,osm
ir-fatemi,ir-jahad-4,adjacent,osm
ir-fatemi,ir-r14395964,adjacent,osm
ir-fatemi,ir-r21280076,adjacent,osm
ir-r14395964,ir-jahad-4,adjacent,osm
ir-r14395964,ir-r21280076,adjacent,osm
ir-r14395964,ir-yousef-abad,adjacent,osm
ir-behjat-abad,ir-r21280075,adjacent,osm
ir-behjat-abad,ir-saeei,adjacent,osm
ir-behjat-abad,ir-r14395967,adjacent,osm
ir-behjat-abad,ir-iranshahr-2,adjacent,osm
ir-behjat-abad,ir-r14395965,adjacent,osm
ir-behjat-abad,ir-sanaei,adjacent,osm
ir-behjat-abad,ir-jahad-4,adjacent,osm
ir-behjat-abad,ir-r21280076,adjacent,osm
ir-behjat-abad,ir-yousef-abad,adjacent,osm
ir-iranshahr-2,ir-r14405239,adjacent,osm
ir-iranshahr-2,ir-baharestan-6,adjacent,osm
ir-iranshahr-2,ir-r14395967,adjacent,osm
ir-iranshahr-2,ir-amjadieh,adjacent,osm
ir-iranshahr-2,ir-r14396864,adjacent,osm
ir-iranshahr-2,ir-r14395965,adjacent,osm
ir-iranshahr-2,ir-sanaei,adjacent,osm
ir-r14395967,ir-r14405239,adjacent,osm
ir-r14395967,ir-baharestan-6,adjacent,osm
ir-r14395967,ir-felestin-enghelab,adjacent,osm
ir-r14395967,ir-amjadieh,adjacent,osm
ir-r14395967,ir-r14396864,adjacent,osm
ir-r14395967,ir-r14395965,adjacent,osm
ir-r14395967,ir-sanaei,adjacent,osm
ir-district-6-4,ir-district-12,adjacent,osm
ir-district-6-4,ir-district-7-3,adjacent,osm
ir-district-6-4,ir-district-2-10,adjacent,osm
ir-district-6-4,ir-district-3-5,adjacent,osm
ir-baharestan-6,ir-r21288642,adjacent,osm
ir-baharestan-6,ir-r14405236,adjacent,osm
ir-baharestan-6,ir-r14405239,adjacent,osm
ir-baharestan-6,ir-darvazeh-shemiran,adjacent,osm
ir-baharestan-6,ir-khajeh-nasir,adjacent,osm
ir-baharestan-6,ir-bahar,adjacent,osm
ir-baharestan-6,ir-amjadieh,adjacent,osm
ir-baharestan-6,ir-r14396865,adjacent,osm
ir-baharestan-6,ir-r14396864,adjacent,osm
ir-r14405239,ir-r21288642,adjacent,osm
ir-r14405239,ir-r14405236,adjacent,osm
ir-r14405239,ir-darvazeh-shemiran,adjacent,osm
ir-r14405239,ir-khajeh-nasir,adjacent,osm
ir-r14405239,ir-bahar,adjacent,osm
ir-r14405239,ir-amjadieh,adjacent,osm
ir-r14405239,ir-r14396865,adjacent,osm
ir-r14405239,ir-r14396864,adjacent,osm
ir-abbas-abad-8,ir-r14396862,adjacent,osm
ir-abbas-abad-8,ir-r14396863,adjacent,osm
ir-abbas-abad-8,ir-dabestan,adjacent,osm
ir-abbas-abad-8,ir-nilufar,adjacent,osm
ir-abbas-abad-8,ir-r21280075,adjacent,osm
ir-abbas-abad-8,ir-saeei,adjacent,osm
ir-abbas-abad-8,ir-r14396864,adjacent,osm
ir-abbas-abad-8,ir-sohrevardi-bagh-saba,adjacent,osm
ir-abbas-abad-8,ir-r14395965,adjacent,osm
ir-abbas-abad-8,ir-sanaei,adjacent,osm
ir-abbas-abad-8,ir-heshmatieh,adjacent,osm
ir-r14396864,ir-r14396862,adjacent,osm
ir-r14396864,ir-r14396863,adjacent,osm
ir-r14396864,ir-khajeh-nasir,adjacent,osm
ir-r14396864,ir-bahar,adjacent,osm
ir-r14396864,ir-amjadieh,adjacent,osm
ir-r14396864,ir-r14396865,adjacent,osm
ir-r14396864,ir-kaj,adjacent,osm
ir-r14396864,ir-sohrevardi-bagh-saba,adjacent,osm
ir-r14396864,ir-r14395965,adjacent,osm
ir-r14396864,ir-sanaei,adjacent,osm
ir-r14396864,ir-heshmatieh,adjacent,osm
ir-amjadieh,ir-bahar,adjacent,osm
ir-amjadieh,ir-sohrevardi-bagh-saba,adjacent,osm
ir-amjadieh,ir-r14395965,adjacent,osm
ir-amjadieh,ir-sanaei,adjacent,osm
ir-bahar,ir-khajeh-nasir,adjacent,osm
ir-bahar,ir-r14396865,adjacent,osm
ir-bahar,ir-kaj,adjacent,osm
ir-bahar,ir-sohrevardi-bagh-saba,adjacent,osm
ir-sohrevardi-bagh-saba,ir-r14396862,adjacent,osm
ir-sohrevardi-bagh-saba,ir-r14396863,adjacent,osm
ir-sohrevardi-bagh-saba,ir-r14396865,adjacent,osm
ir-sohrevardi-bagh-saba,ir-kaj,adjacent,osm
ir-sohrevardi-bagh-saba,ir-r14395965,adjacent,osm
ir-sohrevardi-bagh-saba,ir-sanaei,adjacent,osm
ir-sohrevardi-bagh-saba,ir-heshmatieh,adjacent,osm
ir-nezam-abad,ir-r14405236,adjacent,osm
ir-nezam-abad,ir-darvazeh-shemiran,adjacent,osm
ir-nezam-abad,ir-r21288478,adjacent,osm
ir-nezam-abad,ir-shahid-asadi,adjacent,osm
ir-nezam-abad,ir-khajeh-nasir,adjacent,osm
ir-nezam-abad,ir-gorgan,adjacent,osm
ir-nezam-abad,ir-r14396866,adjacent,osm
ir-nezam-abad,ir-r14396865,adjacent,osm
ir-nezam-abad,ir-shahed-4,adjacent,osm
ir-gorgan,ir-r14396862,adjacent,osm
ir-gorgan,ir-khajeh-nasir,adjacent,osm
ir-gorgan,ir-r14396866,adjacent,osm
ir-gorgan,ir-r14396865,adjacent,osm
ir-gorgan,ir-shahed-4,adjacent,osm
ir-gorgan,ir-khajeh-nezam,adjacent,osm
ir-gorgan,ir-aramaneh,adjacent,osm
ir-khajeh-nasir,ir-r14405236,adjacent,osm
ir-khajeh-nasir,ir-darvazeh-shemiran,adjacent,osm
ir-khajeh-nasir,ir-r14396866,adjacent,osm
ir-khajeh-nasir,ir-r14396865,adjacent,osm
ir-khajeh-nasir,ir-khajeh-nezam,adjacent,osm
ir-khajeh-nasir,ir-kaj,adjacent,osm
ir-aramaneh,ir-r14396862,adjacent,osm
ir-aramaneh,ir-r14396866,adjacent,osm
ir-aramaneh,ir-r14396865,adjacent,osm
ir-aramaneh,ir-shahed-4,adjacent,osm
ir-aramaneh,ir-khajeh-nezam,adjacent,osm
ir-aramaneh,ir-vahidieh,adjacent,osm
ir-aramaneh,ir-r21290346,adjacent,osm
ir-aramaneh,ir-west-lashkar,adjacent,osm
ir-aramaneh,ir-heshmatieh,adjacent,osm
ir-kaj,ir-r14396862,adjacent,osm
ir-kaj,ir-r14396865,adjacent,osm
ir-kaj,ir-khajeh-nezam,adjacent,osm
ir-kaj,ir-heshmatieh,adjacent,osm
ir-nilufar,ir-r14396862,adjacent,osm
ir-nilufar,ir-r14396863,adjacent,osm
ir-nilufar,ir-dabestan,adjacent,osm
ir-nilufar,ir-r21280075,adjacent,osm
ir-nilufar,ir-saeei,adjacent,osm
ir-nilufar,ir-jolfa,adjacent,osm
ir-nilufar,ir-mehran,adjacent,osm
ir-nilufar,ir-r21012614,adjacent,osm
ir-nilufar,ir-r21285842,adjacent,osm
ir-nilufar,ir-r14395965,adjacent,osm
ir-nilufar,ir-sanaei,adjacent,osm
ir-nilufar,ir-heshmatieh,adjacent,osm
ir-r14396863,ir-r14396862,adjacent,osm
ir-r14396863,ir-dabestan,adjacent,osm
ir-r14396863,ir-r21280075,adjacent,osm
ir-r14396863,ir-saeei,adjacent,osm
ir-r14396863,ir-jolfa,adjacent,osm
ir-r14396863,ir-mehran,adjacent,osm
ir-r14396863,ir-r21012614,adjacent,osm
ir-r14396863,ir-r21285842,adjacent,osm
ir-r14396863,ir-r14395965,adjacent,osm
ir-r14396863,ir-sanaei,adjacent,osm
ir-r14396863,ir-heshmatieh,adjacent,osm
ir-aghdasieh-2,ir-pasdaran-zarab-khaneh,adjacent,osm
ir-aghdasieh-2,ir-heravi-hossein-abad,adjacent,osm
ir-aghdasieh-2,ir-r21291872,adjacent,osm
ir-aghdasieh-2,ir-lavizan-shian,adjacent,osm
ir-aghdasieh-2,ir-azgol,adjacent,osm
ir-aghdasieh-2,ir-r21276347,adjacent,osm
ir-aghdasieh-2,ir-r21276346,adjacent,osm
ir-aghdasieh-2,ir-darabad,adjacent,osm
ir-aghdasieh-2,ir-r21273565,adjacent,osm
ir-aghdasieh-2,ir-kashanak,adjacent,osm
ir-aghdasieh-2,ir-r21276046,adjacent,osm
ir-hosseinieh-ershad-ghoba,ir-jolfa,adjacent,osm
ir-hosseinieh-ershad-ghoba,ir-mehran,adjacent,osm
ir-hosseinieh-ershad-ghoba,ir-r21012614,adjacent,osm
ir-hosseinieh-ershad-ghoba,ir-r21285842,adjacent,osm
ir-hosseinieh-ershad-ghoba,ir-r17126477,adjacent,osm
ir-hosseinieh-ershad-ghoba,ir-pasdaran-zarab-khaneh,adjacent,osm
ir-hosseinieh-ershad-ghoba,ir-r21285779,adjacent,osm
ir-hosseinieh-ershad-ghoba,ir-r21291872,adjacent,osm
ir-r17126477,ir-jolfa,adjacent,osm
ir-r17126477,ir-mehran,adjacent,osm
ir-r17126477,ir-r21012614,adjacent,osm
ir-r17126477,ir-r21285842,adjacent,osm
ir-r17126477,ir-pasdaran-zarab-khaneh,adjacent,osm
ir-r17126477,ir-r21285779,adjacent,osm
ir-r17126477,ir-r21291872,adjacent,osm
ir-jolfa,ir-r14396862,adjacent,osm
ir-jolfa,ir-dabestan,adjacent,osm
ir-jolfa,ir-mehran,adjacent,osm
ir-jolfa,ir-r21012614,adjacent,osm
ir-jolfa,ir-r21285842,adjacent,osm
ir-r21285842,ir-r14396862,adjacent,osm
ir-r21285842,ir-dabestan,adjacent,osm
ir-r21285842,ir-r21280075,adjacent,osm
ir-r21285842,ir-saeei,adjacent,osm
ir-r21285842,ir-mehran,adjacent,osm
ir-r21285842,ir-r21012614,adjacent,osm
ir-r21285842,ir-r21285791,adjacent,osm
ir-r21285842,ir-r21285779,adjacent,osm
ir-r21285842,ir-vanak-2,adjacent,osm
ir-chaharsad-dastgah,ir-r21290237,adjacent,osm
ir-chaharsad-dastgah,ir-r21289850,adjacent,osm
ir-chaharsad-dastgah,ir-zahed-gilani,adjacent,osm
ir-chaharsad-dastgah,ir-safa-2,adjacent,osm
ir-chaharsad-dastgah,ir-r21288478,adjacent,osm
ir-r21289850,ir-r21290237,adjacent,osm
ir-r21289850,ir-r14405236,adjacent,osm
ir-r21289850,ir-zahed-gilani,adjacent,osm
ir-r21289850,ir-safa-2,adjacent,osm
ir-r21289850,ir-darvazeh-shemiran,adjacent,osm
ir-r21289850,ir-r21288478,adjacent,osm
ir-darvazeh-shemiran,ir-r14405236,adjacent,osm
ir-darvazeh-shemiran,ir-safa-2,adjacent,osm
ir-darvazeh-shemiran,ir-r21288478,adjacent,osm
ir-darvazeh-shemiran,ir-shahid-asadi,adjacent,osm
ir-darvazeh-shemiran,ir-r14396866,adjacent,osm
ir-darvazeh-shemiran,ir-r14396865,adjacent,osm
ir-r14405236,ir-r21288642,adjacent,osm
ir-r14405236,ir-safa-2,adjacent,osm
ir-r14405236,ir-r21288478,adjacent,osm
ir-r14405236,ir-shahid-asadi,adjacent,osm
ir-r14405236,ir-r14396866,adjacent,osm
ir-r14405236,ir-r14396865,adjacent,osm
ir-district-12,ir-district-15,adjacent,osm
ir-district-12,ir-district-14-2,adjacent,osm
ir-district-12,ir-district-13,adjacent,osm
ir-district-12,ir-district-7-3,adjacent,osm
ir-sad-dastgah,ir-r21290237,adjacent,osm
ir-sad-dastgah,ir-r21290234,adjacent,osm
ir-sad-dastgah,ir-zahed-gilani,adjacent,osm
ir-sad-dastgah,ir-dehghan-kukakula,adjacent,osm
ir-sad-dastgah,ir-r21288478,adjacent,osm
ir-sad-dastgah,ir-niruye-havayi,adjacent,osm
ir-sad-dastgah,ir-r21288479,adjacent,osm
ir-abuzar-3,ir-shahed-2,adjacent,osm
ir-abuzar-3,ir-r21290237,adjacent,osm
ir-abuzar-3,ir-r21290232,adjacent,osm
ir-abuzar-3,ir-taxirani,adjacent,osm
ir-abuzar-3,ir-r21290234,adjacent,osm
ir-abuzar-3,ir-piruzi,adjacent,osm
ir-abuzar-3,ir-hafezieh-4,adjacent,osm
ir-abuzar-3,ir-r21288480,adjacent,osm
ir-abuzar-3,ir-r21288479,adjacent,osm
ir-district-14-2,ir-district-15,adjacent,osm
ir-district-14-2,ir-district-13,adjacent,osm
ir-r21290348,ir-r15589095,adjacent,osm
ir-r21290348,ir-ashtiani,adjacent,osm
ir-r21290348,ir-south-narmak,adjacent,osm
ir-r21290348,ir-sorkheh-hesar,adjacent,osm
ir-r21290348,ir-r21290347,adjacent,osm
ir-r21290348,ir-tehran-pars,adjacent,osm
ir-r21290348,ir-dardasht-2,adjacent,osm
ir-r21290348,ir-madaen,adjacent,osm
ir-r21290348,ir-haft-hos,adjacent,osm
ir-r21290348,ir-javadieh-tehranpars,adjacent,osm
ir-r21290348,ir-narmak,adjacent,osm
ir-r21290348,ir-r21291876,adjacent,osm
ir-r21290348,ir-east-tehranpars,adjacent,osm
ir-r21290348,ir-r21291874,adjacent,osm
ir-r21290348,ir-west-tehranpars,adjacent,osm
ir-r21290348,ir-r21291875,adjacent,osm
ir-r21291875,ir-tehran-pars,adjacent,osm
ir-r21291875,ir-dardasht-2,adjacent,osm
ir-r21291875,ir-narmak,adjacent,osm
ir-r21291875,ir-r21291876,adjacent,osm
ir-r21291875,ir-east-tehranpars,adjacent,osm
ir-r21291875,ir-r21291874,adjacent,osm
ir-r21291875,ir-elm-o-sanat,adjacent,osm
ir-r21291875,ir-oghaf,adjacent,osm
ir-r21291875,ir-estakhr-2,adjacent,osm
ir-r21291875,ir-r21291322,adjacent,osm
ir-r21291875,ir-r16352065,adjacent,osm
ir-r21291875,ir-majid-abad-esteghlal,adjacent,osm
ir-r21291875,ir-ghanat-kosar,adjacent,osm
ir-r21291875,ir-ghasem-abad-3,adjacent,osm
ir-west-tehranpars,ir-tehran-pars,adjacent,osm
ir-west-tehranpars,ir-dardasht-2,adjacent,osm
ir-west-tehranpars,ir-narmak,adjacent,osm
ir-west-tehranpars,ir-r21291876,adjacent,osm
ir-west-tehranpars,ir-east-tehranpars,adjacent,osm
ir-west-tehranpars,ir-r21291874,adjacent,osm
ir-west-tehranpars,ir-elm-o-sanat,adjacent,osm
ir-west-tehranpars,ir-oghaf,adjacent,osm
ir-west-tehranpars,ir-estakhr-2,adjacent,osm
ir-west-tehranpars,ir-r21291322,adjacent,osm
ir-west-tehranpars,ir-r16352065,adjacent,osm
ir-west-tehranpars,ir-majid-abad-esteghlal,adjacent,osm
ir-west-tehranpars,ir-ghanat-kosar,adjacent,osm
ir-west-tehranpars,ir-ghasem-abad-3,adjacent,osm
ir-east-lashkar,ir-r21290347,adjacent,osm
ir-east-lashkar,ir-r14396862,adjacent,osm
ir-east-lashkar,ir-fadak-3,adjacent,osm
ir-east-lashkar,ir-kerman,adjacent,osm
ir-east-lashkar,ir-majidieh-2,adjacent,osm
ir-east-lashkar,ir-south-majidieh,adjacent,osm
ir-east-lashkar,ir-taslihat,adjacent,osm
ir-east-lashkar,ir-r21290346,adjacent,osm
ir-east-lashkar,ir-west-lashkar,adjacent,osm
ir-east-lashkar,ir-heshmatieh,adjacent,osm
ir-majidieh-2,ir-r14396862,adjacent,osm
ir-majidieh-2,ir-kerman,adjacent,osm
ir-majidieh-2,ir-south-majidieh,adjacent,osm
ir-majidieh-2,ir-r21291873,adjacent,osm
ir-majidieh-2,ir-shams-abad-3,adjacent,osm
ir-majidieh-2,ir-r21012614,adjacent,osm
ir-majidieh-2,ir-banihashem,adjacent,osm
ir-majidieh-2,ir-r21290346,adjacent,osm
ir-kerman,ir-r21290347,adjacent,osm
ir-kerman,ir-fadak-3,adjacent,osm
ir-kerman,ir-r21291873,adjacent,osm
ir-kerman,ir-shams-abad-3,adjacent,osm
ir-kerman,ir-taslihat,adjacent,osm
ir-kerman,ir-r21290346,adjacent,osm
ir-kerman,ir-niruye-daryayi,adjacent,osm
ir-taslihat,ir-r21290347,adjacent,osm
ir-taslihat,ir-fadak-3,adjacent,osm
ir-taslihat,ir-vahidieh,adjacent,osm
ir-taslihat,ir-zarkesh,adjacent,osm
ir-taslihat,ir-r21290346,adjacent,osm
ir-taslihat,ir-west-lashkar,adjacent,osm
ir-r21290347,ir-r21288480,adjacent,osm
ir-r21290347,ir-meydan-emamat,adjacent,osm
ir-r21290347,ir-r21288479,adjacent,osm
ir-r21290347,ir-shura,adjacent,osm
ir-r21290347,ir-r15589095,adjacent,osm
ir-r21290347,ir-ashtiani,adjacent,osm
ir-r21290347,ir-south-narmak,adjacent,osm
ir-r21290347,ir-tehran-pars,adjacent,osm
ir-r21290347,ir-fadak-3,adjacent,osm
ir-r21290347,ir-dardasht-2,adjacent,osm
ir-r21290347,ir-madaen,adjacent,osm
ir-r21290347,ir-haft-hos,adjacent,osm
ir-r21290347,ir-narmak,adjacent,osm
ir-r21290347,ir-r21291873,adjacent,osm
ir-r21290347,ir-shams-abad-3,adjacent,osm
ir-r21290347,ir-eshraghi,adjacent,osm
ir-r21290347,ir-vahidieh,adjacent,osm
ir-r21290347,ir-zarkesh,adjacent,osm
ir-r21290347,ir-r21290346,adjacent,osm
ir-r21290347,ir-r21291874,adjacent,osm
ir-r21290347,ir-niruye-daryayi,adjacent,osm
ir-fadak-3,ir-south-narmak,adjacent,osm
ir-fadak-3,ir-haft-hos,adjacent,osm
ir-fadak-3,ir-narmak,adjacent,osm
ir-fadak-3,ir-r21291873,adjacent,osm
ir-fadak-3,ir-shams-abad-3,adjacent,osm
ir-fadak-3,ir-zarkesh,adjacent,osm
ir-fadak-3,ir-r21290346,adjacent,osm
ir-fadak-3,ir-r21291874,adjacent,osm
ir-fadak-3,ir-niruye-daryayi,adjacent,osm
ir-haft-hos,ir-south-narmak,adjacent,osm
ir-haft-hos,ir-madaen,adjacent,osm
ir-haft-hos,ir-narmak,adjacent,osm
ir-haft-hos,ir-r21291873,adjacent,osm
ir-haft-hos,ir-r21291874,adjacent,osm
ir-haft-hos,ir-niruye-daryayi,adjacent,osm
ir-zarkesh,ir-r21288480,adjacent,osm
ir-zarkesh,ir-meydan-emamat,adjacent,osm
ir-zarkesh,ir-r21288479,adjacent,osm
ir-zarkesh,ir-south-narmak,adjacent,osm
ir-zarkesh,ir-eshraghi,adjacent,osm
ir-zarkesh,ir-vahidieh,adjacent,osm
ir-zarkesh,ir-r21290346,adjacent,osm
ir-south-narmak,ir-r21288480,adjacent,osm
ir-south-narmak,ir-meydan-emamat,adjacent,osm
ir-south-narmak,ir-shura,adjacent,osm
ir-south-narmak,ir-r15589095,adjacent,osm
ir-south-narmak,ir-ashtiani,adjacent,osm
ir-south-narmak,ir-tehran-pars,adjacent,osm
ir-south-narmak,ir-dardasht-2,adjacent,osm
ir-south-narmak,ir-madaen,adjacent,osm
ir-madaen,ir-dardasht-2,adjacent,osm
ir-madaen,ir-narmak,adjacent,osm
ir-madaen,ir-r21291874,adjacent,osm
ir-mehran,ir-r14396862,adjacent,osm
ir-mehran,ir-south-majidieh,adjacent,osm
ir-mehran,ir-dabestan,adjacent,osm
ir-mehran,ir-r21012614,adjacent,osm
ir-mehran,ir-banihashem,adjacent,osm
ir-mehran,ir-pasdaran-zarab-khaneh,adjacent,osm
ir-mehran,ir-heravi-hossein-abad,adjacent,osm
ir-mehran,ir-r21291872,adjacent,osm
ir-banihashem,ir-r14396862,adjacent,osm
ir-banihashem,ir-south-majidieh,adjacent,osm
ir-banihashem,ir-dabestan,adjacent,osm
ir-banihashem,ir-r21291873,adjacent,osm
ir-banihashem,ir-shams-abad-3,adjacent,osm
ir-banihashem,ir-r21012614,adjacent,osm
ir-banihashem,ir-r21290346,adjacent,osm
ir-banihashem,ir-pasdaran-zarab-khaneh,adjacent,osm
ir-banihashem,ir-heravi-hossein-abad,adjacent,osm
ir-banihashem,ir-r21291872,adjacent,osm
ir-niruye-daryayi,ir-narmak,adjacent,osm
ir-niruye-daryayi,ir-r21291873,adjacent,osm
ir-niruye-daryayi,ir-shams-abad-3,adjacent,osm
ir-niruye-daryayi,ir-r21290346,adjacent,osm
ir-niruye-daryayi,ir-r21291874,adjacent,osm
ir-niruye-daryayi,ir-elm-o-sanat,adjacent,osm
ir-niruye-daryayi,ir-shemiran-no,adjacent,osm
ir-niruye-daryayi,ir-r16352065,adjacent,osm
ir-shams-abad-3,ir-r14396862,adjacent,osm
ir-shams-abad-3,ir-south-majidieh,adjacent,osm
ir-shams-abad-3,ir-r21291873,adjacent,osm
ir-shams-abad-3,ir-r21012614,adjacent,osm
ir-shams-abad-3,ir-r21290346,adjacent,osm
ir-shams-abad-3,ir-heravi-hossein-abad,adjacent,osm
ir-shams-abad-3,ir-shemiran-no,adjacent,osm
ir-shams-abad-3,ir-r16352065,adjacent,osm
ir-shams-abad-3,ir-r21291872,adjacent,osm
ir-pasdaran-zarab-khaneh,ir-r21012614,adjacent,osm
ir-pasdaran-zarab-khaneh,ir-heravi-hossein-abad,adjacent,osm
ir-pasdaran-zarab-khaneh,ir-r21291872,adjacent,osm
ir-pasdaran-zarab-khaneh,ir-r21276347,adjacent,osm
ir-pasdaran-zarab-khaneh,ir-r21273565,adjacent,osm
ir-heravi-hossein-abad,ir-r21291873,adjacent,osm
ir-heravi-hossein-abad,ir-r21012614,adjacent,osm
ir-heravi-hossein-abad,ir-shemiran-no,adjacent,osm
ir-heravi-hossein-abad,ir-r16352065,adjacent,osm
ir-heravi-hossein-abad,ir-r21291872,adjacent,osm
ir-heravi-hossein-abad,ir-lavizan-shian,adjacent,osm
ir-heravi-hossein-abad,ir-azgol,adjacent,osm
ir-heravi-hossein-abad,ir-r21276347,adjacent,osm
ir-lavizan-shian,ir-r16352065,adjacent,osm
ir-lavizan-shian,ir-r21291872,adjacent,osm
ir-lavizan-shian,ir-azgol,adjacent,osm
ir-lavizan-shian,ir-r21276347,adjacent,osm
ir-safa-2,ir-zahed-gilani,adjacent,osm
ir-safa-2,ir-r21288478,adjacent,osm
ir-safa-2,ir-shahid-asadi,adjacent,osm
ir-eshraghi,ir-r21288480,adjacent,osm
ir-eshraghi,ir-meydan-emamat,adjacent,osm
ir-eshraghi,ir-r21288478,adjacent,osm
ir-eshraghi,ir-niruye-havayi,adjacent,osm
ir-eshraghi,ir-r21288479,adjacent,osm
ir-eshraghi,ir-shahid-asadi,adjacent,osm
ir-eshraghi,ir-r14396866,adjacent,osm
ir-eshraghi,ir-shahed-4,adjacent,osm
ir-eshraghi,ir-vahidieh,adjacent,osm
ir-eshraghi,ir-r21290346,adjacent,osm
ir-shahid-asadi,ir-zahed-gilani,adjacent,osm
ir-shahid-asadi,ir-r21288478,adjacent,osm
ir-shahid-asadi,ir-niruye-havayi,adjacent,osm
ir-shahid-asadi,ir-r21288479,adjacent,osm
ir-shahid-asadi,ir-r14396866,adjacent,osm
ir-shahid-asadi,ir-shahed-4,adjacent,osm
ir-zahed-gilani,ir-r21290237,adjacent,osm
ir-zahed-gilani,ir-r21288478,adjacent,osm
ir-zahed-gilani,ir-niruye-havayi,adjacent,osm
ir-zahed-gilani,ir-r21288479,adjacent,osm
ir-r21288478,ir-r21290237,adjacent,osm
ir-r21288478,ir-niruye-havayi,adjacent,osm
ir-r21288478,ir-r21288479,adjacent,osm
ir-r21288478,ir-r14396866,adjacent,osm
ir-r21288478,ir-shahed-4,adjacent,osm
ir-dehghan-kukakula,ir-r21290237,adjacent,osm
ir-dehghan-kukakula,ir-r21290234,adjacent,osm
ir-dehghan-kukakula,ir-piruzi,adjacent,osm
ir-dehghan-kukakula,ir-niruye-havayi,adjacent,osm
ir-dehghan-kukakula,ir-r21288479,adjacent,osm
ir-niruye-havayi,ir-r21290237,adjacent,osm
ir-niruye-havayi,ir-piruzi,adjacent,osm
ir-niruye-havayi,ir-hafezieh-4,adjacent,osm
ir-niruye-havayi,ir-r21288480,adjacent,osm
ir-niruye-havayi,ir-meydan-emamat,adjacent,osm
ir-niruye-havayi,ir-r21288479,adjacent,osm
ir-piruzi,ir-r21290234,adjacent,osm
ir-piruzi,ir-hafezieh-4,adjacent,osm
ir-piruzi,ir-r21288480,adjacent,osm
ir-piruzi,ir-r21288479,adjacent,osm
ir-r21288479,ir-r21290237,adjacent,osm
ir-r21288479,ir-r21290234,adjacent,osm
ir-r21288479,ir-hafezieh-4,adjacent,osm
ir-r21288479,ir-r21288480,adjacent,osm
ir-r21288479,ir-meydan-emamat,adjacent,osm
ir-r21288479,ir-r14396866,adjacent,osm
ir-r21288479,ir-shahed-4,adjacent,osm
ir-r21288479,ir-vahidieh,adjacent,osm
ir-r21288479,ir-r21290346,adjacent,osm
ir-shura,ir-hafezieh-4,adjacent,osm
ir-shura,ir-r21288480,adjacent,osm
ir-shura,ir-meydan-emamat,adjacent,osm
ir-shura,ir-r15589095,adjacent,osm
ir-shura,ir-ashtiani,adjacent,osm
ir-meydan-emamat,ir-hafezieh-4,adjacent,osm
ir-meydan-emamat,ir-r21288480,adjacent,osm
ir-oghaf,ir-r21291874,adjacent,osm
ir-oghaf,ir-elm-o-sanat,adjacent,osm
ir-oghaf,ir-shemiran-no,adjacent,osm
ir-oghaf,ir-r21291322,adjacent,osm
ir-oghaf,ir-r16352065,adjacent,osm
ir-oghaf,ir-r21102752,adjacent,osm
ir-oghaf,ir-ghanat-kosar,adjacent,osm
ir-oghaf,ir-ghasem-abad-3,adjacent,osm
ir-elm-o-sanat,ir-narmak,adjacent,osm
ir-elm-o-sanat,ir-r21291873,adjacent,osm
ir-elm-o-sanat,ir-r21291874,adjacent,osm
ir-elm-o-sanat,ir-shemiran-no,adjacent,osm
ir-elm-o-sanat,ir-r16352065,adjacent,osm
ir-narmak,ir-tehran-pars,adjacent,osm
ir-narmak,ir-dardasht-2,adjacent,osm
ir-narmak,ir-r21291873,adjacent,osm
ir-narmak,ir-r21291874,adjacent,osm
ir-estakhr-2,ir-r21291876,adjacent,osm
ir-estakhr-2,ir-r21291323,adjacent,osm
ir-estakhr-2,ir-hakimieh,adjacent,osm
ir-estakhr-2,ir-east-tehranpars,adjacent,osm
ir-estakhr-2,ir-golshan-2,adjacent,osm
ir-estakhr-2,ir-r21291322,adjacent,osm
ir-estakhr-2,ir-majid-abad-esteghlal,adjacent,osm
ir-r21291322,ir-r21291876,adjacent,osm
ir-r21291322,ir-r21291323,adjacent,osm
ir-r21291322,ir-hakimieh,adjacent,osm
ir-r21291322,ir-east-tehranpars,adjacent,osm
ir-r21291322,ir-golshan-2,adjacent,osm
ir-r21291322,ir-r16352065,adjacent,osm
ir-r21291322,ir-majid-abad-esteghlal,adjacent,osm
ir-r21291322,ir-ghanat-kosar,adjacent,osm
ir-r21291322,ir-ghasem-abad-3,adjacent,osm
ir-ghanat-kosar,ir-r16352065,adjacent,osm
ir-ghanat-kosar,ir-majid-abad-esteghlal,adjacent,osm
ir-ghanat-kosar,ir-ghasem-abad-3,adjacent,osm
ir-majid-abad-esteghlal,ir-r21291876,adjacent,osm
ir-majid-abad-esteghlal,ir-east-tehranpars,adjacent,osm
ir-hafezieh-4,ir-r21290232,adjacent,osm
ir-hafezieh-4,ir-r21290234,adjacent,osm
ir-hafezieh-4,ir-r21288480,adjacent,osm
ir-hafezieh-4,ir-zeynabieh-town,adjacent,osm
ir-hafezieh-4,ir-r15589095,adjacent,osm
ir-hafezieh-4,ir-ashtiani,adjacent,osm
ir-r21288480,ir-r21290232,adjacent,osm
ir-r21288480,ir-r21290234,adjacent,osm
ir-r21288480,ir-zeynabieh-town,adjacent,osm
ir-r21288480,ir-r15589095,adjacent,osm
ir-r21288480,ir-ashtiani,adjacent,osm
ir-dardasht-2,ir-tehran-pars,adjacent,osm
ir-dardasht-2,ir-r21291874,adjacent,osm
ir-tehran-pars,ir-r15589095,adjacent,osm
ir-tehran-pars,ir-ashtiani,adjacent,osm
ir-tehran-pars,ir-sorkheh-hesar,adjacent,osm
ir-tehran-pars,ir-javadieh-tehranpars,adjacent,osm
ir-tehran-pars,ir-r21291876,adjacent,osm
ir-tehran-pars,ir-east-tehranpars,adjacent,osm
ir-tehran-pars,ir-r21291874,adjacent,osm
ir-east-tehranpars,ir-javadieh-tehranpars,adjacent,osm
ir-east-tehranpars,ir-r21291876,adjacent,osm
ir-east-tehranpars,ir-golshan-2,adjacent,osm
ir-javadieh-tehranpars,ir-r15589095,adjacent,osm
ir-javadieh-tehranpars,ir-sorkheh-hesar,adjacent,osm
ir-javadieh-tehranpars,ir-r21291876,adjacent,osm
ir-javadieh-tehranpars,ir-r21291323,adjacent,osm
ir-javadieh-tehranpars,ir-hakimieh,adjacent,osm
ir-javadieh-tehranpars,ir-golshan-2,adjacent,osm
ir-golshan-2,ir-r21291876,adjacent,osm
ir-golshan-2,ir-r21291323,adjacent,osm
ir-golshan-2,ir-hakimieh,adjacent,osm
ir-hakimieh,ir-r15589095,adjacent,osm
ir-hakimieh,ir-sorkheh-hesar,adjacent,osm
ir-hakimieh,ir-r21291876,adjacent,osm
ir-hakimieh,ir-r21291323,adjacent,osm
ir-amirkabir,ir-hoseinieh,adjacent,osm
ir-amirkabir,ir-sadi-vasat,adjacent,osm
ir-amirkabir,ir-jahad-2,adjacent,osm
ir-sadi-vasat,ir-hoseinieh,adjacent,osm
ir-amjadiyeh,ir-jahad-2,adjacent,osm
ir-jahad-2,ir-hoseinieh,adjacent,osm
ir-jahad-2,ir-shahrak-eshohada,adjacent,osm
ir-eslam-abad-4,ir-kooy-e-saeediye,adjacent,osm
ir-eslam-abad-4,ir-kuy-e-janbazan,adjacent,osm
ir-eslam-abad-4,ir-arazi-artesh,adjacent,osm
ir-eslam-abad-4,ir-elahiyeh-faze-1,adjacent,osm
ir-eslam-abad-4,ir-elahiyeh-faze-2,adjacent,osm
ir-shahrak-eshohada,ir-hoseinieh,adjacent,osm
ir-shahrak-eshohada,ir-shahrara,adjacent,osm
ir-shahrara,ir-shahrak-nanvayan,adjacent,osm
ir-shahrara,ir-kooy-e-samin,adjacent,osm
ir-shahrak-e-gharb,ir-arazi-artesh,adjacent,osm
ir-shahrak-e-gharb,ir-elahiyeh-faze-2,adjacent,osm
ir-shahrak-mahdieh-sayan,ir-iran-transfo,adjacent,osm
ir-shahrak-amirkabir,ir-shahrak-andisheh,adjacent,osm
ir-shahrak-baharestan-2,ir-shahrak-e-vahidiye,adjacent,osm
ir-shahrak-baharestan-2,ir-shahrak-e-manzariyeh,adjacent,osm
ir-shahrak-e-vahidiye,ir-honarestan-2,adjacent,osm
ir-javadolaemeh,ir-vilashahr-2,adjacent,osm
ir-kooy-e-farhang,ir-shahrak-nanvayan,adjacent,osm
ir-kooy-e-farhang,ir-r19315014,adjacent,osm
ir-kooy-e-farhang,ir-kuy-e-janbazan,adjacent,osm
ir-kooy-e-farhang,ir-elahiyeh-faze-1,adjacent,osm
ir-kooy-e-farhang,ir-elahiyeh-faze-3,adjacent,osm
ir-kooy-e-farhang,ir-kooy-e-samin,adjacent,osm
ir-elahiyeh-faze-2,ir-kuy-e-janbazan,adjacent,osm
ir-elahiyeh-faze-2,ir-arazi-artesh,adjacent,osm
ir-elahiyeh-faze-2,ir-elahiyeh-faze-1,adjacent,osm
ir-elahiyeh-faze-2,ir-elahiyeh-faze-3,adjacent,osm
ir-elahiyeh-faze-1,ir-r19315014,adjacent,osm
ir-elahiyeh-faze-1,ir-kuy-e-janbazan,adjacent,osm
ir-elahiyeh-faze-1,ir-elahiyeh-faze-3,adjacent,osm
ir-5-azar-2,ir-kuye-takhti,adjacent,osm
ir-r18985268,ir-gumish-tappe-city,adjacent,osm
ir-r20193588,ir-r20216399,adjacent,osm
ir-r9382759,ir-r9382760,adjacent,osm
ir-r9382760,ir-r9382761,adjacent,osm
ir-r9382762,ir-r9382761,adjacent,osm
ir-milan,ir-valiasr-3,adjacent,osm
ir-r8974266,ir-bisim,adjacent,osm
ir-r8974266,ir-bagh-e-zahra,adjacent,osm
ir-helali,ir-bagh-e-zahra,adjacent,osm
ir-bisim,ir-bagh-e-zahra,adjacent,osm
ir-bazar-3,ir-r9401219,adjacent,osm
ir-bazar-3,ir-r8842975,adjacent,osm
ir-r8842975,ir-r9401219,adjacent,osm
ir-salem-abad,ir-boyer-ahmad,adjacent,osm
ir-salem-abad,ir-cheshmeh-nabati,adjacent,osm
ir-salem-abad,ir-masoom-abad-2,adjacent,osm
ir-cheshmeh-nabati,ir-boyer-ahmad,adjacent,osm
ir-cheshmeh-nabati,ir-golestan-2,adjacent,osm
ir-cheshmeh-nabati,ir-bazar-4,adjacent,osm
ir-cheshmeh-nabati,ir-masoom-abad-2,adjacent,osm
ir-cheshmeh-nabati,ir-r9403775,adjacent,osm
ir-masoom-abad-2,ir-boyer-ahmad,adjacent,osm
ir-masoom-abad-2,ir-mahmood-abad-sofla,adjacent,osm
ir-masoom-abad-2,ir-bazar-4,adjacent,osm
ir-masoom-abad-2,ir-r9403775,adjacent,osm
ir-zirtol,ir-kooye-daneshgah,adjacent,osm
ir-zirtol,ir-emamat,adjacent,osm
ir-golestan-2,ir-boyer-ahmad,adjacent,osm
ir-golestan-2,ir-kooye-daneshgah,adjacent,osm
ir-golestan-2,ir-emamat,adjacent,osm
ir-golestan-2,ir-bazar-4,adjacent,osm
ir-golestan-2,ir-shahed-3,adjacent,osm
ir-r9403775,ir-bazar-4,adjacent,osm
ir-r9403775,ir-shohada-4,adjacent,osm
ir-r9403775,ir-bensenjan,adjacent,osm
ir-shohada-4,ir-bazar-4,adjacent,osm
ir-shohada-4,ir-moallem,adjacent,osm
ir-shohada-4,ir-shahed-3,adjacent,osm
ir-shohada-4,ir-kooye-karmandan,adjacent,osm
ir-shohada-4,ir-bensenjan,adjacent,osm
ir-moallem,ir-bazar-4,adjacent,osm
ir-moallem,ir-shahed-3,adjacent,osm
ir-safire-omid-town,ir-w682047549,adjacent,osm
ir-safire-omid-town,ir-manzariyeh,adjacent,osm
ir-safire-omid-town-2,ir-w682047549,adjacent,osm
ir-safire-omid-town-2,ir-manzariyeh,adjacent,osm
ir-kooye-bonyad-shahid,ir-kooye-karmandan,adjacent,osm
ir-kooye-bonyad-shahid,ir-dowlat-abad,adjacent,osm
ir-kooye-bonyad-shahid,ir-sharaf-abad-vosta,adjacent,osm
ir-kooye-bonyad-shahid,ir-bensenjan,adjacent,osm
ir-sharaf-abad-sofla,ir-shahrak-emam-ali,adjacent,osm
ir-sharaf-abad-sofla,ir-dowlat-abad,adjacent,osm
ir-sharaf-abad-sofla,ir-sharaf-abad-olya,adjacent,osm
ir-sharaf-abad-sofla,ir-sharaf-abad-vosta,adjacent,osm
ir-shahrak-milad,ir-sharaf-abad-olya,adjacent,osm
ir-shahrak-milad,ir-sharaf-abad-vosta,adjacent,osm
ir-sharaf-abad-olya,ir-dowlat-abad,adjacent,osm
ir-sharaf-abad-olya,ir-shahrak-jooshkaran,adjacent,osm
ir-sharaf-abad-olya,ir-sharaf-abad-vosta,adjacent,osm
ir-kooye-karmandan,ir-emamat,adjacent,osm
ir-kooye-karmandan,ir-shahrak-emam-hossein-3,adjacent,osm
ir-kooye-karmandan,ir-shahrak-jahad,adjacent,osm
ir-kooye-karmandan,ir-shahed-3,adjacent,osm
ir-kooye-karmandan,ir-dowlat-abad,adjacent,osm
ir-kooye-karmandan,ir-bensenjan,adjacent,osm
ir-bensenjan,ir-shahed-3,adjacent,osm
ir-roshdiyeh,ir-vali-ye-amr,adjacent,osm
ir-w682047549,ir-w1475309196,adjacent,osm
ir-w682047549,ir-r20190565,adjacent,osm
ir-w682047549,ir-manzariyeh,adjacent,osm
ir-golshahr,ir-ferdows,adjacent,osm
ir-golshahr,ir-yaghchiyan,adjacent,osm
ir-golshahr,ir-r20190677,adjacent,osm
ir-golshahr,ir-w1475316313,adjacent,osm
ir-golshahr,ir-parvaz,adjacent,osm
ir-ferdows,ir-yaghchiyan,adjacent,osm
ir-yaghchiyan,ir-parvaz,adjacent,osm
ir-andisheh-town-3,ir-r9465972,adjacent,osm
ir-andisheh-town-3,ir-ravasan,adjacent,osm
ir-ravasan,ir-r9465972,adjacent,osm
ir-r9986480,ir-r9497206,adjacent,osm
ir-r9986480,ir-r9497207,adjacent,osm
ir-r9986480,ir-r9497210,adjacent,osm
ir-r9986480,ir-r9497211,adjacent,osm
ir-r9986480,ir-r9497209,adjacent,osm
ir-r9497216,ir-r9500020,adjacent,osm
ir-r9497216,ir-r9497208,adjacent,osm
ir-r9497216,ir-r9497217,adjacent,osm
ir-r9497216,ir-r9497218,adjacent,osm
ir-r9497218,ir-r9497208,adjacent,osm
ir-r9497218,ir-r9497210,adjacent,osm
ir-r9497218,ir-r9497217,adjacent,osm
ir-r9497218,ir-r9497212,adjacent,osm
ir-r9497218,ir-r9497213,adjacent,osm
ir-r9497217,ir-r9500020,adjacent,osm
ir-r9497217,ir-r9497219,adjacent,osm
ir-r9497217,ir-r9497213,adjacent,osm
ir-r9497213,ir-r9497219,adjacent,osm
ir-r9497213,ir-r9497212,adjacent,osm
ir-r9497213,ir-r9497209,adjacent,osm
ir-r9497213,ir-r9497220,adjacent,osm
ir-r9497213,ir-r9497214,adjacent,osm
ir-r9497213,ir-r9497221,adjacent,osm
ir-r9497209,ir-r9497210,adjacent,osm
ir-r9497209,ir-r9497211,adjacent,osm
ir-r9497209,ir-r9497212,adjacent,osm
ir-r9497209,ir-r9497221,adjacent,osm
ir-r9497211,ir-r9497210,adjacent,osm
ir-r9497211,ir-r9497212,adjacent,osm
ir-r9497212,ir-r9497208,adjacent,osm
ir-r9497212,ir-r9497210,adjacent,osm
ir-r9497221,ir-r9497214,adjacent,osm
ir-r9497221,ir-r9497223,adjacent,osm
ir-r9497214,ir-r9497220,adjacent,osm
ir-r9497214,ir-r9497224,adjacent,osm
ir-r9497214,ir-r9497225,adjacent,osm
ir-r9497214,ir-r9497215,adjacent,osm
ir-r9497214,ir-r9497223,adjacent,osm
ir-r9497215,ir-r9497225,adjacent,osm
ir-r9497215,ir-r9497230,adjacent,osm
ir-r9497215,ir-r9497223,adjacent,osm
ir-r9497215,ir-r9497222,adjacent,osm
ir-r9497223,ir-r9497222,adjacent,osm
ir-r9497220,ir-r9497227,adjacent,osm
ir-r9497220,ir-r9497219,adjacent,osm
ir-r9497220,ir-r9497228,adjacent,osm
ir-r9497220,ir-r9497224,adjacent,osm
ir-r9497210,ir-r9497207,adjacent,osm
ir-r9497210,ir-r9497208,adjacent,osm
ir-r9497225,ir-r9497228,adjacent,osm
ir-r9497225,ir-r9497229,adjacent,osm
ir-r9497225,ir-r9497224,adjacent,osm
ir-r9497225,ir-r9497231,adjacent,osm
ir-r9497225,ir-r9497230,adjacent,osm
ir-r9497225,ir-r9497222,adjacent,osm
ir-r9497208,ir-r9497226,adjacent,osm
ir-r9497208,ir-r9497207,adjacent,osm
ir-r9497208,ir-r9500020,adjacent,osm
ir-r9497206,ir-r9497226,adjacent,osm
ir-r9497206,ir-r9497207,adjacent,osm
ir-r9497207,ir-r9497226,adjacent,osm
ir-r9497219,ir-r9500020,adjacent,osm
ir-r9497219,ir-r9497227,adjacent,osm
ir-r9497226,ir-r9500020,adjacent,osm
ir-r9500020,ir-r9497227,adjacent,osm
ir-r9497224,ir-r9497228,adjacent,osm
ir-r9497224,ir-r9497229,adjacent,osm
ir-r9497228,ir-r9497227,adjacent,osm
ir-r9497228,ir-r9497232,adjacent,osm
ir-r9497228,ir-r9497229,adjacent,osm
ir-r9497230,ir-r9497229,adjacent,osm
ir-r9497230,ir-r9497231,adjacent,osm
ir-r9497230,ir-r9497222,adjacent,osm
ir-r9497229,ir-r9497232,adjacent,osm
ir-r9497229,ir-r9497231,adjacent,osm
ir-r9497232,ir-r9497227,adjacent,osm
ir-r9497232,ir-r9497231,adjacent,osm
ir-zeynabieh-town,ir-r15589095,adjacent,osm
ir-zeynabieh-town,ir-ashtiani,adjacent,osm
ir-zeynabieh-town,ir-sorkheh-hesar,adjacent,osm
ir-r9517295,ir-farajeh,adjacent,osm
ir-farajeh,ir-r20194083,adjacent,osm
ir-esterabadi,ir-zibashahr,adjacent,osm
ir-shahrak-shahid-bahonar,ir-quarter-2-of-district-6,adjacent,osm
ir-keshavarz,ir-quarter-2-of-district-6,adjacent,osm
ir-quarter-2-of-district-6,ir-quarter-1-of-district-5,adjacent,osm
ir-district-6-3,ir-samen-district,adjacent,osm
ir-district-6-3,ir-district-5-3,adjacent,osm
ir-eyvanak,ir-zone-4,adjacent,osm
ir-eyvanak,ir-quarter-7-of-district-2,adjacent,osm
ir-eyvanak,ir-shahrak-e-ghods,adjacent,osm
ir-mehrdasht-district,ir-dehagh,adjacent,osm
ir-pir-madar,ir-yaghoobieh,adjacent,osm
ir-pir-madar,ir-abravan,adjacent,osm
ir-pir-madar,ir-bahar-abad,adjacent,osm
ir-pir-madar,ir-pir-shams-aldin,adjacent,osm
ir-pir-madar,ir-tohid,adjacent,osm
ir-yaghoobieh,ir-ebrahim-abad-2,adjacent,osm
ir-yaghoobieh,ir-abravan,adjacent,osm
ir-yaghoobieh,ir-bahar-abad,adjacent,osm
ir-yaghoobieh,ir-pir-shams-aldin,adjacent,osm
ir-tohid,ir-jome-masjed,adjacent,osm
ir-tohid,ir-zhandarmery,adjacent,osm
ir-tohid,ir-zaranas,adjacent,osm
ir-tohid,ir-naft,adjacent,osm
ir-tohid,ir-jahad-5,adjacent,osm
ir-jome-masjed,ir-pir-shams-aldin,adjacent,osm
ir-jome-masjed,ir-zhandarmery,adjacent,osm
ir-jome-masjed,ir-naft,adjacent,osm
ir-pir-shams-aldin,ir-abravan,adjacent,osm
ir-abravan,ir-ebrahim-abad-2,adjacent,osm
ir-abravan,ir-varzash,adjacent,osm
ir-mo-alem,ir-ghods,adjacent,osm
ir-mo-alem,ir-azadi-2,adjacent,osm
ir-mo-alem,ir-shariati-3,adjacent,osm
ir-varzash,ir-shariati-3,adjacent,osm
ir-varzash,ir-ebrahim-abad-2,adjacent,osm
ir-varzash,ir-chahar-rahe-emam,adjacent,osm
ir-smail-beyg,ir-shariati-3,adjacent,osm
ir-smail-beyg,ir-danesh-3,adjacent,osm
ir-smail-beyg,ir-chahar-rahe-emam,adjacent,osm
ir-smail-beyg,ir-molla-hadi,adjacent,osm
ir-smail-beyg,ir-alighapoo,adjacent,osm
ir-amini,ir-emam2,adjacent,osm
ir-chahar-rahe-emam,ir-shariati-3,adjacent,osm
ir-chahar-rahe-emam,ir-molla-hadi,adjacent,osm
ir-chahar-rahe-emam,ir-alighapoo,adjacent,osm
ir-chahar-rahe-emam,ir-ghajarieh,adjacent,osm
ir-shariati-3,ir-danesh-3,adjacent,osm
ir-mansoorieh,ir-alighapoo,adjacent,osm
ir-mansoorieh,ir-ghajarieh,adjacent,osm
ir-mansoorieh,ir-gariban,adjacent,osm
ir-mansoorieh,ir-ghiam-2,adjacent,osm
ir-mansoorieh,ir-khatam-al-nabiyin,adjacent,osm
ir-ghiam-2,ir-ghajarieh,adjacent,osm
ir-ghiam-2,ir-gariban,adjacent,osm
ir-ghiam-2,ir-khatam-al-nabiyin,adjacent,osm
ir-ghajarieh,ir-alighapoo,adjacent,osm
ir-mostaghelat,ir-koye-bahonar,adjacent,osm
ir-mive-tare-bar-ghadim,ir-15-khordad,adjacent,osm
ir-koye-sadeghiye,ir-koye-bahonar,adjacent,osm
ir-behzad-shahr,ir-zeyton-karmandi,adjacent,osm
ir-zeyton-karmandi,ir-soltanmanesh,adjacent,osm
ir-zeyton-karmandi,ir-koye-niro,adjacent,osm
ir-zeyton-karmandi,ir-koye-pirozi,adjacent,osm
ir-sa-eb-tabeizi,ir-w1475309196,adjacent,osm
ir-sa-eb-tabeizi,ir-r20190565,adjacent,osm
ir-sa-eb-tabeizi,ir-baron-avak,adjacent,osm
ir-rezvan-3,ir-karshenasan,adjacent,osm
ir-rezvan-3,ir-r20197238,adjacent,osm
ir-rezvan-3,ir-azadi-2,adjacent,osm
ir-rezvan-3,ir-hafez,adjacent,osm
ir-rezvan-3,ir-keshavarzi,adjacent,osm
ir-vali,ir-janbazan-2,adjacent,osm
ir-vali,ir-r20197276,adjacent,osm
ir-vali,ir-r20197435,adjacent,osm
ir-vali,ir-ghods,adjacent,osm
ir-vali,ir-azadi-2,adjacent,osm
ir-alighapoo,ir-molla-hadi,adjacent,osm
ir-alighapoo,ir-baghmishe,adjacent,osm
ir-alighapoo,ir-gariban,adjacent,osm
ir-bahar-abad,ir-zaranas,adjacent,osm
ir-ebrahim-abad-2,ir-ali-abad,adjacent,osm
ir-ali-abad,ir-be-sat,adjacent,osm
ir-abshahi,ir-15-khordad,adjacent,osm
ir-abshahi,ir-akbar-abad,adjacent,osm
ir-abshahi,ir-molla-faraj-alah,adjacent,osm
ir-valiasr-2,ir-samadzadeh,adjacent,osm
ir-manazele-karoon,ir-kooye-fatemieh,adjacent,osm
ir-manazele-karoon,ir-naderi-2,adjacent,osm
ir-kooye-fatemieh,ir-naderi-2,adjacent,osm
ir-neyeb-ahmad,ir-chamran-2,adjacent,osm
ir-soltanmanesh,ir-zeytoon-kargari,adjacent,osm
ir-soltanmanesh,ir-koye-niro,adjacent,osm
ir-zeytoon-kargari,ir-sekheyriye,adjacent,osm
ir-zeytoon-kargari,ir-asyabad,adjacent,osm
ir-lasheidan-motlagh,ir-haji-abad-4,adjacent,osm
ir-lasheidan-motlagh,ir-lasheidan-hokumati,adjacent,osm
ir-lasheidan-motlagh,ir-sha-dehsar,adjacent,osm
ir-nakh-jir-kalaye,ir-bijarbane,adjacent,osm
ir-manzariyeh,ir-w1475309196,adjacent,osm
ir-manzariyeh,ir-r20190565,adjacent,osm
ir-akbar-abad,ir-molla-faraj-alah,adjacent,osm
ir-akbar-abad,ir-makate-emam,adjacent,osm
ir-akbar-abad,ir-r20193519,adjacent,osm
ir-manazel-sepah,ir-kiyanshahr,adjacent,osm
ir-bijarbane,ir-sha-dehsar,adjacent,osm
ir-seyd-khalaf,ir-kiyanpars,adjacent,osm
ir-mojahed-2,ir-pardis-3,adjacent,osm
ir-naderi-2,ir-khiabane-zande-vakili,adjacent,osm
ir-faze-do-padadshahr,ir-faza-5-padad,adjacent,osm
ir-faze-do-padadshahr,ir-behesht-abad,adjacent,osm
ir-faze-do-padadshahr,ir-faze-yek-padadshahr,adjacent,osm
ir-koye-bahonar,ir-koye-isar,adjacent,osm
ir-rahim-abad,ir-zangi,adjacent,osm
ir-rahim-abad,ir-nasr-abad-2,adjacent,osm
ir-rahim-abad,ir-r20216356,adjacent,osm
ir-rahim-abad,ir-r20216351,adjacent,osm
ir-farhangian,ir-zhandarmery,adjacent,osm
ir-farhangian,ir-naft,adjacent,osm
ir-farhangian,ir-jahad-5,adjacent,osm
ir-zhandarmery,ir-naft,adjacent,osm
ir-naft,ir-zaranas,adjacent,osm
ir-naft,ir-jahad-5,adjacent,osm
ir-ashkan,ir-khatib,adjacent,osm
ir-ashkan,ir-shanb-e-ghazan,adjacent,osm
ir-khatib,ir-shanb-e-ghazan,adjacent,osm
ir-tustan,ir-bazkia-gurab,adjacent,osm
ir-tustan,ir-lasheidan-hokumati,adjacent,osm
ir-zibashahr,ir-kuye-mehregan,adjacent,osm
ir-nayband-shomali,ir-nayband-jonoobi,adjacent,osm
ir-nayband-shomali,ir-azadegan-5,adjacent,osm
ir-nayband-shomali,ir-ziba-shahr-2,adjacent,osm
ir-nayband-shomali,ir-azad-shahr,adjacent,osm
ir-ziba-shahr-2,ir-azadegan-5,adjacent,osm
ir-ziba-shahr-2,ir-azad-shahr,adjacent,osm
ir-r9715389,ir-r6558175,adjacent,osm
ir-baghmishe,ir-danesh-3,adjacent,osm
ir-baghmishe,ir-molla-hadi,adjacent,osm
ir-baghmishe,ir-sa-di,adjacent,osm
ir-baghmishe,ir-gariban,adjacent,osm
ir-abbasi,ir-r21293263,adjacent,osm
ir-abbasi,ir-r21288319,adjacent,osm
ir-abbasi,ir-anbar-naft,adjacent,osm
ir-abbasi,ir-r21288720,adjacent,osm
ir-anbar-naft,ir-r21293263,adjacent,osm
ir-anbar-naft,ir-r21288720,adjacent,osm
ir-maryam-town,ir-jafarie-town,adjacent,osm
ir-maryam-town,ir-andishe-phase-1,adjacent,osm
ir-r11506246,ir-kosar-4,adjacent,osm
ir-w719102651,ir-kosar-4,adjacent,osm
ir-heydar-abad,ir-dehghan-vila,adjacent,osm
ir-heydar-abad,ir-karaj-no,adjacent,osm
ir-heydar-abad,ir-koy-karmandan-north,adjacent,osm
ir-heydar-abad,ir-kooye-ghaem,adjacent,osm
ir-heydar-abad,ir-r20190200,adjacent,osm
ir-heydar-abad,ir-shahin-vila,adjacent,osm
ir-r6558176,ir-r9387492,adjacent,osm
ir-r6558176,ir-persepolis,adjacent,osm
ir-dehpialeh,ir-shahrak-golha-2,adjacent,osm
ir-dehpialeh,ir-r10054767,adjacent,osm
ir-dehpialeh,ir-dasht-chenar-mehrab,adjacent,osm
ir-dehpialeh,ir-bonakdaran,adjacent,osm
ir-dehpialeh,ir-sheykhali-choopan,adjacent,osm
ir-dehpialeh,ir-darorrahmeh,adjacent,osm
ir-r10054767,ir-shahrak-golha-2,adjacent,osm
ir-r10054767,ir-dasht-chenar-mehrab,adjacent,osm
ir-r10054767,ir-erfan-bolouvar,adjacent,osm
ir-r10054767,ir-sheykhali-choopan,adjacent,osm
ir-r10054767,ir-darorrahmeh,adjacent,osm
ir-r10054767,ir-navab-safavi,adjacent,osm
ir-dast-e-khezr-naserabad,ir-ghasr-e-abunasr,adjacent,osm
ir-r10054877,ir-ghasrodasht,adjacent,osm
ir-r10054877,ir-r20190268,adjacent,osm
ir-r10054877,ir-098,adjacent,osm
ir-r10054877,ir-dinakan,adjacent,osm
ir-baharestan-5,ir-mianrud,adjacent,osm
ir-baharestan-5,ir-sheikh-ruzbehan,adjacent,osm
ir-ferdowsi,ir-darvazeh-esfahan,adjacent,osm
ir-ferdowsi,ir-r11038734,adjacent,osm
ir-ferdowsi,ir-020,adjacent,osm
ir-ferdowsi,ir-r10053647,adjacent,osm
ir-ferdowsi,ir-bagh-e-takht,adjacent,osm
ir-ferdowsi,ir-saraye-moshir,adjacent,osm
ir-ferdowsi,ir-shahrdari,adjacent,osm
ir-ferdowsi,ir-r10054797,adjacent,osm
ir-ferdowsi,ir-008,adjacent,osm
ir-ferdowsi,ir-zand,adjacent,osm
ir-ferdowsi,ir-neshat,adjacent,osm
ir-ferdowsi,ir-bagh-e-takht-2,adjacent,osm
ir-ferdowsi,ir-eram-2,adjacent,osm
ir-bagh-e-takht-2,ir-darvazeh-esfahan,adjacent,osm
ir-bagh-e-takht-2,ir-020,adjacent,osm
ir-bagh-e-takht-2,ir-r10053647,adjacent,osm
ir-bagh-e-takht-2,ir-bagh-e-takht,adjacent,osm
ir-bagh-e-takht-2,ir-008,adjacent,osm
ir-bagh-e-takht-2,ir-neshat,adjacent,osm
ir-bagh-e-takht-2,ir-rabbani,adjacent,osm
ir-bagh-e-takht-2,ir-eram-2,adjacent,osm
ir-bagh-e-takht-2,ir-chanchaneh,adjacent,osm
ir-bagh-e-takht-2,ir-jomhuri-3,adjacent,osm
ir-jomhuri-3,ir-rabbani,adjacent,osm
ir-jomhuri-3,ir-chanchaneh,adjacent,osm
ir-jomhuri-3,ir-tappeh-television,adjacent,osm
ir-west-ghoddowsi,ir-mabaas,adjacent,osm
ir-west-ghoddowsi,ir-pasdaran-2,adjacent,osm
ir-west-ghoddowsi,ir-south-hemmat,adjacent,osm
ir-west-ghoddowsi,ir-south-eman,adjacent,osm
ir-west-ghoddowsi,ir-mahdi-abad,adjacent,osm
ir-west-ghoddowsi,ir-shahid-rajayi,adjacent,osm
ir-pasdaran-2,ir-shahrak-esar,adjacent,osm
ir-pasdaran-2,ir-mabaas,adjacent,osm
ir-pasdaran-2,ir-031,adjacent,osm
ir-pasdaran-2,ir-zerehi-amirkabir,adjacent,osm
ir-pasdaran-2,ir-kolahduz,adjacent,osm
ir-pasdaran-2,ir-south-hemmat,adjacent,osm
ir-pasdaran-2,ir-mahdi-abad,adjacent,osm
ir-mahdi-abad,ir-031,adjacent,osm
ir-mahdi-abad,ir-055,adjacent,osm
ir-mahdi-abad,ir-r11042055,adjacent,osm
ir-mahdi-abad,ir-ghasr-dasht,adjacent,osm
ir-mahdi-abad,ir-ghasrodasht,adjacent,osm
ir-mahdi-abad,ir-shahid-rajayi,adjacent,osm
ir-mahdi-abad,ir-manbae-ab,adjacent,osm
ir-mahdi-abad,ir-098,adjacent,osm
ir-chanchaneh,ir-eram-2,adjacent,osm
ir-chanchaneh,ir-tappeh-television,adjacent,osm
ir-navab-safavi,ir-erfan-bolouvar,adjacent,osm
ir-navab-safavi,ir-r10054755,adjacent,osm
ir-navab-safavi,ir-darorrahmeh,adjacent,osm
ir-navab-safavi,ir-moslem-bani-hashem,adjacent,osm
ir-navab-safavi,ir-pansad-dastgah-artesh,adjacent,osm
ir-bonakdaran,ir-dasht-chenar-mehrab,adjacent,osm
ir-bonakdaran,ir-hormozgan,adjacent,osm
ir-bonakdaran,ir-sheykhali-choopan,adjacent,osm
ir-bonakdaran,ir-qale-shahzadeh-beygom,adjacent,osm
ir-fazl-abad,ir-dasht-chenar-mehrab,adjacent,osm
ir-fazl-abad,ir-shahrak-e-shohada-fathiyeh,adjacent,osm
ir-fazl-abad,ir-hormozgan,adjacent,osm
ir-fazl-abad,ir-shahrak-e-parvaz,adjacent,osm
ir-fazl-abad,ir-shahrak-mofatteh,adjacent,osm
ir-r10054099,ir-r10054123,adjacent,osm
ir-r10054099,ir-minoo-keshvari,adjacent,osm
ir-r10054099,ir-douran,adjacent,osm
ir-r10054099,ir-dasht-chenar-mehrab,adjacent,osm
ir-r10054099,ir-sardkhaneh-fale-asiri,adjacent,osm
ir-darorrahmeh,ir-erfan-bolouvar,adjacent,osm
ir-darorrahmeh,ir-sheykhali-choopan,adjacent,osm
ir-darorrahmeh,ir-moslem-bani-hashem,adjacent,osm
ir-darorrahmeh,ir-kuzehgari,adjacent,osm
ir-darorrahmeh,ir-south-ahmadi-artesh,adjacent,osm
ir-sheykhali-choopan,ir-hormozgan,adjacent,osm
ir-sheykhali-choopan,ir-kuzehgari,adjacent,osm
ir-sheykhali-choopan,ir-qale-shahzadeh-beygom,adjacent,osm
ir-qale-shahzadeh-beygom,ir-hormozgan,adjacent,osm
ir-qale-shahzadeh-beygom,ir-kuzehgari,adjacent,osm
ir-qale-shahzadeh-beygom,ir-razi,adjacent,osm
ir-qale-shahzadeh-beygom,ir-shishehgari,adjacent,osm
ir-qale-shahzadeh-beygom,ir-shahrak-mofatteh,adjacent,osm
ir-hormozgan,ir-dasht-chenar-mehrab,adjacent,osm
ir-hormozgan,ir-shahrak-mofatteh,adjacent,osm
ir-riasati,ir-nasr,adjacent,osm
ir-riasati,ir-sardaran,adjacent,osm
ir-riasati,ir-kuye-tollab,adjacent,osm
ir-riasati,ir-canada,adjacent,osm
ir-riasati,ir-022,adjacent,osm
ir-riasati,ir-falahat-kuye-daneshghahian,adjacent,osm
ir-south-saadieh,ir-neyestan-saadi,adjacent,osm
ir-south-saadieh,ir-shohadaye-shahrak-saadi,adjacent,osm
ir-south-saadieh,ir-shahrak-e-saadi,adjacent,osm
ir-south-saadieh,ir-shahrak-e-emam-hossein,adjacent,osm
ir-kuye-tollab,ir-sardaran,adjacent,osm
ir-kuye-tollab,ir-azadegan-6,adjacent,osm
ir-kuye-tollab,ir-shahijan,adjacent,osm
ir-kuye-tollab,ir-kaveh-3,adjacent,osm
ir-kuye-tollab,ir-canada,adjacent,osm
ir-kuye-tollab,ir-022,adjacent,osm
ir-kuye-tollab,ir-falahat-kuye-daneshghahian,adjacent,osm
ir-kuzehgari,ir-moslem-bani-hashem,adjacent,osm
ir-kuzehgari,ir-razi,adjacent,osm
ir-kuzehgari,ir-shishehgari,adjacent,osm
ir-kuzehgari,ir-south-ahmadi-artesh,adjacent,osm
ir-kuzehgari,ir-r10054050,adjacent,osm
ir-shishehgari,ir-razi,adjacent,osm
ir-shishehgari,ir-south-ahmadi-artesh,adjacent,osm
ir-shishehgari,ir-r10054050,adjacent,osm
ir-shishehgari,ir-sar-e-dezak,adjacent,osm
ir-shishehgari,ir-darvazeh-ghasabkhaneh,adjacent,osm
ir-shishehgari,ir-r10054055,adjacent,osm
ir-shishehgari,ir-astaneh,adjacent,osm
ir-shishehgari,ir-r11038731,adjacent,osm
ir-r10054050,ir-south-ahmadi-artesh,adjacent,osm
ir-r10054050,ir-sar-e-dezak,adjacent,osm
ir-r10054050,ir-darvazeh-ghasabkhaneh,adjacent,osm
ir-r10054050,ir-gelkoub,adjacent,osm
ir-r10054050,ir-astaneh,adjacent,osm
ir-r10054050,ir-r11038731,adjacent,osm
ir-r10054050,ir-siyah-sang,adjacent,osm
ir-south-ahmadi-artesh,ir-moslem-bani-hashem,adjacent,osm
ir-south-ahmadi-artesh,ir-pansad-dastgah-artesh,adjacent,osm
ir-south-ahmadi-artesh,ir-r10054742,adjacent,osm
ir-south-ahmadi-artesh,ir-south-sepah,adjacent,osm
ir-south-ahmadi-artesh,ir-tahvili-fakhr-abad,adjacent,osm
ir-south-ahmadi-artesh,ir-north-sepah,adjacent,osm
ir-south-ahmadi-artesh,ir-gelkoub,adjacent,osm
ir-gelkoub,ir-sar-e-dezak,adjacent,osm
ir-gelkoub,ir-tahvili-fakhr-abad,adjacent,osm
ir-gelkoub,ir-r11038731,adjacent,osm
ir-gelkoub,ir-siyah-sang,adjacent,osm
ir-gelkoub,ir-zand,adjacent,osm
ir-zand,ir-tahvili-fakhr-abad,adjacent,osm
ir-zand,ir-saadi-cinema,adjacent,osm
ir-zand,ir-r11038734,adjacent,osm
ir-zand,ir-r10053647,adjacent,osm
ir-zand,ir-siyah-sang,adjacent,osm
ir-zand,ir-saraye-moshir,adjacent,osm
ir-zand,ir-shahrdari,adjacent,osm
ir-zand,ir-r10054797,adjacent,osm
ir-zand,ir-neshat,adjacent,osm
ir-dasht-chenar-mehrab,ir-r10054123,adjacent,osm
ir-dasht-chenar-mehrab,ir-shahrak-golha-2,adjacent,osm
ir-dasht-chenar-mehrab,ir-sardkhaneh-fale-asiri,adjacent,osm
ir-dasht-chenar-mehrab,ir-shahrak-e-shohada-fathiyeh,adjacent,osm
ir-dasht-chenar-mehrab,ir-shahrak-e-parvaz,adjacent,osm
ir-shahrak-golha-2,ir-r10054123,adjacent,osm
ir-shahrak-golha-2,ir-r11042112,adjacent,osm
ir-shahrak-golha-2,ir-shahrak-mahdi-abad,adjacent,osm
ir-shahrak-golha-2,ir-soltanabad-2,adjacent,osm
ir-shahrak-golha-2,ir-erfan-bolouvar,adjacent,osm
ir-mianrud,ir-shahrak-daraei,adjacent,osm
ir-mianrud,ir-r10055200,adjacent,osm
ir-mianrud,ir-r18726494,adjacent,osm
ir-mianrud,ir-sheikh-ruzbehan,adjacent,osm
ir-mianrud,ir-shahrak-rezvan,adjacent,osm
ir-south-hemmat,ir-mabaas,adjacent,osm
ir-south-hemmat,ir-shahrak-golshan,adjacent,osm
ir-south-hemmat,ir-jamaran-mahdieh,adjacent,osm
ir-south-hemmat,ir-south-eman,adjacent,osm
ir-south-hemmat,ir-shahid-rajayi,adjacent,osm
ir-shahrak-golshan,ir-jannat-terminal-barbari,adjacent,osm
ir-shahrak-golshan,ir-shahrak-valfajr,adjacent,osm
ir-shahrak-golshan,ir-mabaas,adjacent,osm
ir-shahrak-golshan,ir-jamaran-mahdieh,adjacent,osm
ir-shahrak-golshan,ir-shahrak-mokhaberat,adjacent,osm
ir-mabaas,ir-jannat-terminal-barbari,adjacent,osm
ir-mabaas,ir-shahrak-esar,adjacent,osm
ir-mabaas,ir-shahrak-mokhaberat,adjacent,osm
ir-shahrak-esar,ir-jannat-terminal-barbari,adjacent,osm
ir-shahrak-esar,ir-kolahduz,adjacent,osm
ir-shahrak-mokhaberat,ir-jannat-terminal-barbari,adjacent,osm
ir-shahrak-mokhaberat,ir-shahrak-valfajr,adjacent,osm
ir-shahrak-mokhaberat,ir-jamaran-mahdieh,adjacent,osm
ir-shahrak-mokhaberat,ir-pashm-shisheh,adjacent,osm
ir-ahmad-abad-3,ir-shahrak-farhangian-4,adjacent,osm
ir-ahmad-abad-3,ir-shahrak-valfajr,adjacent,osm
ir-ahmad-abad-3,ir-sajjadieh-mohammadieh,adjacent,osm
ir-ahmad-abad-3,ir-pashm-shisheh,adjacent,osm
ir-shahrak-valfajr,ir-jannat-terminal-barbari,adjacent,osm
ir-shahrak-valfajr,ir-sajjadieh-mohammadieh,adjacent,osm
ir-shahrak-valfajr,ir-jamaran-mahdieh,adjacent,osm
ir-shahrak-valfajr,ir-pashm-shisheh,adjacent,osm
ir-pasargad-2,ir-shahrak-farhangian-4,adjacent,osm
ir-pasargad-2,ir-paeez,adjacent,osm
ir-pasargad-2,ir-jannat-terminal-barbari,adjacent,osm
ir-pasargad-2,ir-pashm-shisheh,adjacent,osm
ir-pasargad-2,ir-seraj,adjacent,osm
ir-pasargad-2,ir-ghali-shuyi,adjacent,osm
ir-fergaz-2,ir-farhangian-2,adjacent,osm
ir-fergaz-2,ir-fergaz,adjacent,osm
ir-fergaz-2,ir-south-safir,adjacent,osm
ir-fergaz-2,ir-bist-metri-emam-khomeini,adjacent,osm
ir-paeez,ir-shahrak-rezvan,adjacent,osm
ir-paeez,ir-farhangian-2,adjacent,osm
ir-paeez,ir-r16144103,adjacent,osm
ir-paeez,ir-shahrak-farhangian-4,adjacent,osm
ir-paeez,ir-south-safir,adjacent,osm
ir-paeez,ir-bist-metri-emam-khomeini,adjacent,osm
ir-paeez,ir-seraj,adjacent,osm
ir-paeez,ir-ghali-shuyi,adjacent,osm
ir-south-safir,ir-farhangian-2,adjacent,osm
ir-south-safir,ir-bist-metri-emam-khomeini,adjacent,osm
ir-south-safir,ir-seraj,adjacent,osm
ir-fergaz,ir-r10055200,adjacent,osm
ir-fergaz,ir-r18726494,adjacent,osm
ir-fergaz,ir-adel-abad,adjacent,osm
ir-fergaz,ir-farhangian-2,adjacent,osm
ir-fergaz,ir-south-sepah,adjacent,osm
ir-fergaz,ir-bist-metri-emam-khomeini,adjacent,osm
ir-bist-metri-emam-khomeini,ir-adel-abad,adjacent,osm
ir-bist-metri-emam-khomeini,ir-south-sepah,adjacent,osm
ir-bist-metri-emam-khomeini,ir-north-safir,adjacent,osm
ir-bist-metri-emam-khomeini,ir-r10054531,adjacent,osm
ir-bist-metri-emam-khomeini,ir-north-sepah,adjacent,osm
ir-bist-metri-emam-khomeini,ir-seraj,adjacent,osm
ir-bist-metri-emam-khomeini,ir-derki,adjacent,osm
ir-derki,ir-south-sepah,adjacent,osm
ir-derki,ir-north-safir,adjacent,osm
ir-derki,ir-r10054531,adjacent,osm
ir-derki,ir-ghadamgah,adjacent,osm
ir-derki,ir-north-sepah,adjacent,osm
ir-derki,ir-seraj,adjacent,osm
ir-derki,ir-r10054437,adjacent,osm
ir-derki,ir-abyari,adjacent,osm
ir-derki,ir-zerehi-amirkabir,adjacent,osm
ir-jannat-terminal-barbari,ir-r10054531,adjacent,osm
ir-jannat-terminal-barbari,ir-pashm-shisheh,adjacent,osm
ir-jannat-terminal-barbari,ir-ghali-shuyi,adjacent,osm
ir-jannat-terminal-barbari,ir-rishmak,adjacent,osm
ir-jannat-terminal-barbari,ir-zerehi-amirkabir,adjacent,osm
ir-jannat-terminal-barbari,ir-kolahduz,adjacent,osm
ir-kolahduz,ir-r10054531,adjacent,osm
ir-kolahduz,ir-rishmak,adjacent,osm
ir-kolahduz,ir-zerehi-amirkabir,adjacent,osm
ir-jamaran-mahdieh,ir-sajjadieh-mohammadieh,adjacent,osm
ir-jamaran-mahdieh,ir-south-eman,adjacent,osm
ir-north-sepah,ir-r10054742,adjacent,osm
ir-north-sepah,ir-south-sepah,adjacent,osm
ir-north-sepah,ir-ghadamgah,adjacent,osm
ir-north-sepah,ir-tahvili-fakhr-abad,adjacent,osm
ir-north-sepah,ir-r10054437,adjacent,osm
ir-north-sepah,ir-abyari,adjacent,osm
ir-south-sepah,ir-adel-abad,adjacent,osm
ir-south-sepah,ir-r10054742,adjacent,osm
ir-r10054742,ir-r10054755,adjacent,osm
ir-r10054742,ir-adel-abad,adjacent,osm
ir-r10054742,ir-pansad-dastgah-artesh,adjacent,osm
ir-erfan-bolouvar,ir-shahrak-mahdi-abad,adjacent,osm
ir-erfan-bolouvar,ir-r10054755,adjacent,osm
ir-erfan-bolouvar,ir-pansad-dastgah-artesh,adjacent,osm
ir-shahrak-mahdi-abad,ir-r11042112,adjacent,osm
ir-shahrak-mahdi-abad,ir-shahrak-bargh,adjacent,osm
ir-shahrak-mahdi-abad,ir-r10055200,adjacent,osm
ir-shahrak-mahdi-abad,ir-r10054755,adjacent,osm
ir-zone-5-2,ir-zone-2-3,adjacent,osm
ir-zone-5-2,ir-zone-9-2,adjacent,osm
ir-zone-5-2,ir-zone-4-2,adjacent,osm
ir-adel-abad,ir-r10055200,adjacent,osm
ir-adel-abad,ir-r18726494,adjacent,osm
ir-adel-abad,ir-r10054755,adjacent,osm
ir-adel-abad,ir-farhangian-2,adjacent,osm
ir-r10054755,ir-r10055200,adjacent,osm
ir-r10054755,ir-pansad-dastgah-artesh,adjacent,osm
ir-moslem-bani-hashem,ir-pansad-dastgah-artesh,adjacent,osm
ir-maali-abad,ir-dustan,adjacent,osm
ir-maali-abad,ir-goldasht-maali-abad,adjacent,osm
ir-maali-abad,ir-098,adjacent,osm
ir-maali-abad,ir-tachara,adjacent,osm
ir-manbae-ab,ir-dustan,adjacent,osm
ir-manbae-ab,ir-ghasrodasht,adjacent,osm
ir-manbae-ab,ir-shahid-rajayi,adjacent,osm
ir-manbae-ab,ir-098,adjacent,osm
ir-shahid-rajayi,ir-dustan,adjacent,osm
ir-shahid-rajayi,ir-south-eman,adjacent,osm
ir-shahid-rajayi,ir-farhangshahr-2,adjacent,osm
ir-shahid-rajayi,ir-baharan,adjacent,osm
ir-baharan,ir-dustan,adjacent,osm
ir-baharan,ir-kuye-vahdat,adjacent,osm
ir-baharan,ir-farhangshahr-2,adjacent,osm
ir-dustan,ir-kuye-vahdat,adjacent,osm
ir-dustan,ir-goldasht-maali-abad,adjacent,osm
ir-dustan,ir-098,adjacent,osm
ir-farhangshahr-2,ir-kuye-vahdat,adjacent,osm
ir-farhangshahr-2,ir-r10055313,adjacent,osm
ir-farhangshahr-2,ir-shahrak-erfan,adjacent,osm
ir-farhangshahr-2,ir-south-eman,adjacent,osm
ir-kuye-vahdat,ir-goldasht-maali-abad,adjacent,osm
ir-kuye-vahdat,ir-r10055313,adjacent,osm
ir-kuye-vahdat,ir-shahrak-erfan,adjacent,osm
ir-goldasht-maali-abad,ir-shahrak-erfan,adjacent,osm
ir-goldasht-maali-abad,ir-098,adjacent,osm
ir-goldasht-maali-abad,ir-tachara,adjacent,osm
ir-goldasht-maali-abad,ir-shahrak-bahonar-2,adjacent,osm
ir-javadieh,ir-dinakan,adjacent,osm
ir-gol-e-sorkh,ir-r10054123,adjacent,osm
ir-gol-e-sorkh,ir-vazir-abad-2,adjacent,osm
ir-gol-e-sorkh,ir-sahl-abad-3,adjacent,osm
ir-gol-e-sorkh,ir-minoo-keshvari,adjacent,osm
ir-minoo-keshvari,ir-r10054123,adjacent,osm
ir-minoo-keshvari,ir-sahl-abad-3,adjacent,osm
ir-minoo-keshvari,ir-douran,adjacent,osm
ir-minoo-keshvari,ir-bist-metri-fazel,adjacent,osm
ir-douran,ir-sahl-abad-3,adjacent,osm
ir-douran,ir-bist-metri-fazel,adjacent,osm
ir-douran,ir-sardkhaneh-fale-asiri,adjacent,osm
ir-douran,ir-shahrak-e-sibouyeh-podnak,adjacent,osm
ir-nasr,ir-shahrak-emam-hossein,adjacent,osm
ir-nasr,ir-ghasr-e-abunasr,adjacent,osm
ir-nasr,ir-shahrak-e-niru-entezami,adjacent,osm
ir-nasr,ir-shahrak-e-parvaz,adjacent,osm
ir-nasr,ir-shahrak-e-seda-va-sima,adjacent,osm
ir-nasr,ir-sardaran,adjacent,osm
ir-shahrak-e-sibouyeh-podnak,ir-bist-metri-fazel,adjacent,osm
ir-shahrak-e-sibouyeh-podnak,ir-sardkhaneh-fale-asiri,adjacent,osm
ir-shahrak-e-sibouyeh-podnak,ir-sharifabad,adjacent,osm
ir-shahrak-e-sibouyeh-podnak,ir-shahrak-e-shohada-fathiyeh,adjacent,osm
ir-shahrak-e-sibouyeh-podnak,ir-shahrak-emam-hossein,adjacent,osm
ir-shahrak-e-sibouyeh-podnak,ir-shahrak-e-niru-entezami,adjacent,osm
ir-shahrak-e-sibouyeh-podnak,ir-salahshour,adjacent,osm
ir-sardkhaneh-fale-asiri,ir-bist-metri-fazel,adjacent,osm
ir-sardkhaneh-fale-asiri,ir-shahrak-e-shohada-fathiyeh,adjacent,osm
ir-sardkhaneh-fale-asiri,ir-salahshour,adjacent,osm
ir-sardaran,ir-shahrak-e-parvaz,adjacent,osm
ir-sardaran,ir-shahrak-e-seda-va-sima,adjacent,osm
ir-sardaran,ir-kian-shahr,adjacent,osm
ir-sardaran,ir-azadegan-6,adjacent,osm
ir-sahl-abad-3,ir-vazir-abad-2,adjacent,osm
ir-sahl-abad-3,ir-torkan,adjacent,osm
ir-sahl-abad-3,ir-bist-metri-fazel,adjacent,osm
ir-sahl-abad-3,ir-ard-khusheh,adjacent,osm
ir-bist-metri-fazel,ir-ard-khusheh,adjacent,osm
ir-bist-metri-fazel,ir-sharifabad,adjacent,osm
ir-sharifabad,ir-ard-khusheh,adjacent,osm
ir-sharifabad,ir-shahrak-emam-hossein,adjacent,osm
ir-sharifabad,ir-shahrak-e-niru-entezami,adjacent,osm
ir-shahrak-emam-hossein,ir-ard-khusheh,adjacent,osm
ir-shahrak-emam-hossein,ir-ghasr-e-abunasr,adjacent,osm
ir-shahrak-emam-hossein,ir-shahrak-e-niru-entezami,adjacent,osm
ir-ghasr-e-abunasr,ir-ard-khusheh,adjacent,osm
ir-ghasr-e-abunasr,ir-shahrak-e-niru-entezami,adjacent,osm
ir-shahrak-farhangian-4,ir-sheikh-ruzbehan,adjacent,osm
ir-shahrak-farhangian-4,ir-r16144103,adjacent,osm
ir-shahrak-farhangian-4,ir-pashm-shisheh,adjacent,osm
ir-north-golestan,ir-south-qadir,adjacent,osm
ir-north-golestan,ir-shahrak-golestan,adjacent,osm
ir-north-golestan,ir-north-qadir,adjacent,osm
ir-north-qadir,ir-shahrak-esteghlal-bezeyn,adjacent,osm
ir-north-qadir,ir-south-qadir,adjacent,osm
ir-north-qadir,ir-shahrak-golestan,adjacent,osm
ir-shahrak-golestan,ir-shahrak-esteghlal-bezeyn,adjacent,osm
ir-shahrak-golestan,ir-south-qadir,adjacent,osm
ir-shahrak-esteghlal-bezeyn,ir-r10055312,adjacent,osm
ir-shahrak-esteghlal-bezeyn,ir-shahrak-beheshti-2,adjacent,osm
ir-shahrak-esteghlal-bezeyn,ir-shahrak-hafez-2,adjacent,osm
ir-shahrak-esteghlal-bezeyn,ir-south-qadir,adjacent,osm
ir-shahrake-be-sat,ir-be-sat,adjacent,osm
ir-zarrinshahr,ir-fuladshahr,adjacent,osm
ir-kashani-2,ir-rah-ahan-2,adjacent,osm
ir-kashani-2,ir-quarter-2-of-district-1,adjacent,osm
ir-kashani-2,ir-amel,adjacent,osm
ir-kashani-2,ir-quarter-1-of-district-3,adjacent,osm
ir-kashani-2,ir-quarter-1-of-district-2,adjacent,osm
ir-sisabad,ir-abbas-abad-7,adjacent,osm
ir-sisabad,ir-north-tabarsi,adjacent,osm
ir-sisabad,ir-quarter-2-of-district-3,adjacent,osm
ir-sisabad,ir-quarter-3-of-district-3,adjacent,osm
ir-sisabad,ir-khajeh-rabi,adjacent,osm
ir-radeh,ir-resalat-5,adjacent,osm
ir-radeh,ir-quarter-3-of-district-4,adjacent,osm
ir-radeh,ir-abbas-abad-7,adjacent,osm
ir-radeh,ir-north-tabarsi,adjacent,osm
ir-radeh,ir-quarter-2-of-district-3,adjacent,osm
ir-quarter-3-of-district-4,ir-resalat-5,adjacent,osm
ir-quarter-3-of-district-4,ir-abbas-abad-7,adjacent,osm
ir-quarter-3-of-district-4,ir-north-tabarsi,adjacent,osm
ir-quarter-3-of-district-4,ir-quarter-2-of-district-3,adjacent,osm
ir-district-4-4,ir-samen-district,adjacent,osm
ir-district-4-4,ir-district-5-3,adjacent,osm
ir-district-4-4,ir-district-3-6,adjacent,osm
ir-district-3-6,ir-samen-district,adjacent,osm
ir-district-3-6,ir-district-1-6,adjacent,osm
ir-district-3-6,ir-district-2-9,adjacent,osm
ir-abbas-abad-7,ir-resalat-5,adjacent,osm
ir-abbas-abad-7,ir-north-tabarsi,adjacent,osm
ir-abbas-abad-7,ir-quarter-2-of-district-3,adjacent,osm
ir-north-tabarsi,ir-quarter-2-of-district-3,adjacent,osm
ir-rah-ahan-2,ir-r10374413,adjacent,osm
ir-rah-ahan-2,ir-javadiyeh-2,adjacent,osm
ir-rah-ahan-2,ir-nowghan,adjacent,osm
ir-rah-ahan-2,ir-siloo,adjacent,osm
ir-rah-ahan-2,ir-quarter-1-of-district-3,adjacent,osm
ir-rah-ahan-2,ir-fatemiyeh-2,adjacent,osm
ir-rah-ahan-2,ir-quarter-1-of-district-2,adjacent,osm
ir-quarter-2-of-district-3,ir-siloo,adjacent,osm
ir-quarter-2-of-district-3,ir-kheir-abad,adjacent,osm
ir-quarter-2-of-district-3,ir-quarter-1-of-district-3,adjacent,osm
ir-quarter-2-of-district-3,ir-resalat-5,adjacent,osm
ir-quarter-2-of-district-3,ir-fatemiyeh-2,adjacent,osm
ir-quarter-2-of-district-3,ir-gas,adjacent,osm
ir-quarter-2-of-district-3,ir-ghaem-2,adjacent,osm
ir-quarter-2-of-district-3,ir-quarter-3-of-district-3,adjacent,osm
ir-quarter-2-of-district-3,ir-khajeh-rabi,adjacent,osm
ir-siloo,ir-kheir-abad,adjacent,osm
ir-siloo,ir-quarter-1-of-district-3,adjacent,osm
ir-siloo,ir-fatemiyeh-2,adjacent,osm
ir-fatemiyeh-2,ir-kheir-abad,adjacent,osm
ir-fatemiyeh-2,ir-quarter-1-of-district-3,adjacent,osm
ir-fatemiyeh-2,ir-resalat-5,adjacent,osm
ir-fatemiyeh-2,ir-gas,adjacent,osm
ir-fatemiyeh-2,ir-quarter-1-of-district-2,adjacent,osm
ir-kheir-abad,ir-quarter-1-of-district-3,adjacent,osm
ir-kheir-abad,ir-resalat-5,adjacent,osm
ir-kheir-abad,ir-gas,adjacent,osm
ir-resalat-5,ir-quarter-1-of-district-3,adjacent,osm
ir-resalat-5,ir-gas,adjacent,osm
ir-resalat-5,ir-ghaem-2,adjacent,osm
ir-resalat-5,ir-quarter-3-of-district-3,adjacent,osm
ir-baharestan-4,ir-zakariya,adjacent,osm
ir-baharestan-4,ir-reza-shahr,adjacent,osm
ir-baharestan-4,ir-nofel-loshato,adjacent,osm
ir-zakariya,ir-sarafrazan,adjacent,osm
ir-zakariya,ir-reza-shahr,adjacent,osm
ir-nofel-loshato,ir-reza-shahr,adjacent,osm
ir-nofel-loshato,ir-quarter-1-of-district-1,adjacent,osm
ir-nofel-loshato,ir-felestin-3,adjacent,osm
ir-nofel-loshato,ir-university,adjacent,osm
ir-nofel-loshato,ir-malek-abad-2,adjacent,osm
ir-nofel-loshato,ir-azadshahr,adjacent,osm
ir-nofel-loshato,ir-quarter-1-of-district-11,adjacent,osm
ir-sarafrazan,ir-reza-shahr,adjacent,osm
ir-sarafrazan,ir-university,adjacent,osm
ir-university,ir-reza-shahr,adjacent,osm
ir-university,ir-quarter-1-of-district-1,adjacent,osm
ir-university,ir-malek-abad-2,adjacent,osm
ir-university,ir-azadshahr,adjacent,osm
ir-university,ir-quarter-1-of-district-11,adjacent,osm
ir-koohestan-park,ir-quarter-2-of-district-9,adjacent,osm
ir-koohestan-park,ir-shahrara-2,adjacent,osm
ir-koohestan-park,ir-eghbal,adjacent,osm
ir-koohestan-park,ir-quarter-2-of-district-11,adjacent,osm
ir-koohestan-park,ir-fareghottahsilan,adjacent,osm
ir-koohestan-park,ir-vakil-abad,adjacent,osm
ir-koohestan-park,ir-quarter-1-of-district-12,adjacent,osm
ir-faze-yek-padadshahr,ir-behesht-abad,adjacent,osm
ir-r9121252,ir-r9121417,adjacent,osm
ir-r9121252,ir-r9121418,adjacent,osm
ir-r9121418,ir-r9121417,adjacent,osm
ir-r9121197,ir-r9121417,adjacent,osm
ir-jalaliyeh,ir-quarter-1-of-district-5,adjacent,osm
ir-jalaliyeh,ir-rezayieh,adjacent,osm
ir-jalaliyeh,ir-raad,adjacent,osm
ir-jalaliyeh,ir-r10374413,adjacent,osm
ir-holy-shrine,ir-eidgah,adjacent,osm
ir-holy-shrine,ir-paeen-khiaban,adjacent,osm
ir-holy-shrine,ir-chaharbagh,adjacent,osm
ir-holy-shrine,ir-r10374413,adjacent,osm
ir-holy-shrine,ir-bala-khiaban,adjacent,osm
ir-chaharbagh,ir-eidgah,adjacent,osm
ir-chaharbagh,ir-r10374413,adjacent,osm
ir-chaharbagh,ir-bala-khiaban,adjacent,osm
ir-chaharbagh,ir-quarter-1-of-district-3,adjacent,osm
ir-bala-khiaban,ir-paeen-khiaban,adjacent,osm
ir-bala-khiaban,ir-r10374413,adjacent,osm
ir-bala-khiaban,ir-nowghan,adjacent,osm
ir-bala-khiaban,ir-quarter-1-of-district-3,adjacent,osm
ir-district-5-3,ir-samen-district,adjacent,osm
ir-rezayieh,ir-quarter-1-of-district-5,adjacent,osm
ir-rezayieh,ir-raad,adjacent,osm
ir-rezayieh,ir-r10374413,adjacent,osm
ir-rezayieh,ir-javadiyeh-2,adjacent,osm
ir-r10374413,ir-eidgah,adjacent,osm
ir-r10374413,ir-quarter-1-of-district-5,adjacent,osm
ir-r10374413,ir-raad,adjacent,osm
ir-r10374413,ir-paeen-khiaban,adjacent,osm
ir-r10374413,ir-javadiyeh-2,adjacent,osm
ir-r10374413,ir-nowghan,adjacent,osm
ir-r10374413,ir-quarter-1-of-district-3,adjacent,osm
ir-quarter-1-of-district-5,ir-raad,adjacent,osm
ir-quarter-1-of-district-5,ir-javadiyeh-2,adjacent,osm
ir-javadiyeh-2,ir-raad,adjacent,osm
ir-javadiyeh-2,ir-paeen-khiaban,adjacent,osm
ir-javadiyeh-2,ir-nowghan,adjacent,osm
ir-javadiyeh-2,ir-quarter-1-of-district-3,adjacent,osm
ir-eidgah,ir-raad,adjacent,osm
ir-eidgah,ir-paeen-khiaban,adjacent,osm
ir-nowghan,ir-paeen-khiaban,adjacent,osm
ir-nowghan,ir-quarter-1-of-district-3,adjacent,osm
ir-paeen-khiaban,ir-raad,adjacent,osm
ir-shahrak-daneshgah-sharif,ir-r21283755,adjacent,osm
ir-shahrak-daneshgah-sharif,ir-sarv-azad-2,adjacent,osm
ir-ghaem-2,ir-quarter-1-of-district-3,adjacent,osm
ir-ghaem-2,ir-gas,adjacent,osm
ir-ghaem-2,ir-belal,adjacent,osm
ir-ghaem-2,ir-quarter-3-of-district-3,adjacent,osm
ir-ghaem-2,ir-khajeh-rabi,adjacent,osm
ir-khajeh-rabi,ir-belal,adjacent,osm
ir-khajeh-rabi,ir-quarter-3-of-district-3,adjacent,osm
ir-gas,ir-quarter-1-of-district-3,adjacent,osm
ir-gas,ir-quarter-1-of-district-2,adjacent,osm
ir-gas,ir-belal,adjacent,osm
ir-gas,ir-isargaran,adjacent,osm
ir-gas,ir-quarter-3-of-district-3,adjacent,osm
ir-belal,ir-quarter-1-of-district-3,adjacent,osm
ir-belal,ir-quarter-1-of-district-2,adjacent,osm
ir-belal,ir-isargaran,adjacent,osm
ir-belal,ir-quarter-3-of-district-3,adjacent,osm
ir-quarter-3-of-district-3,ir-quarter-1-of-district-3,adjacent,osm
ir-quarter-3-of-district-3,ir-quarter-1-of-district-2,adjacent,osm
ir-quarter-3-of-district-3,ir-isargaran,adjacent,osm
ir-quarter-3-of-district-3,ir-sadeghiyeh,adjacent,osm
ir-quarter-3-of-district-3,ir-quarter-2-of-district-2,adjacent,osm
ir-quarter-3-of-district-3,ir-vahdat-2,adjacent,osm
ir-quarter-1-of-district-3,ir-quarter-2-of-district-1,adjacent,osm
ir-quarter-1-of-district-3,ir-amel,adjacent,osm
ir-quarter-1-of-district-3,ir-quarter-1-of-district-2,adjacent,osm
ir-quarter-1-of-district-3,ir-isargaran,adjacent,osm
ir-miad,ir-r11248724,adjacent,osm
ir-miad,ir-nargess,adjacent,osm
ir-miad,ir-usefiyeh,adjacent,osm
ir-miad,ir-farhangian-4,adjacent,osm
ir-miad,ir-quarter-2-of-district-10,adjacent,osm
ir-miad,ir-quarter-1-of-district-12,adjacent,osm
ir-miad,ir-jahed-shahr,adjacent,osm
ir-nargess,ir-quarter-2-of-district-11,adjacent,osm
ir-nargess,ir-fareghottahsilan,adjacent,osm
ir-nargess,ir-r11248724,adjacent,osm
ir-nargess,ir-usefiyeh,adjacent,osm
ir-nargess,ir-farhangian-4,adjacent,osm
ir-nargess,ir-quarter-2-of-district-10,adjacent,osm
ir-sayyad-shirazi,ir-aab-o-bargh,adjacent,osm
ir-sayyad-shirazi,ir-quarter-2-of-district-9,adjacent,osm
ir-sayyad-shirazi,ir-shahrara-2,adjacent,osm
ir-sayyad-shirazi,ir-eghbal,adjacent,osm
ir-sayyad-shirazi,ir-sharif,adjacent,osm
ir-sayyad-shirazi,ir-quarter-2-of-district-11,adjacent,osm
ir-sharif,ir-quarter-2-of-district-9,adjacent,osm
ir-sharif,ir-daneshjoo,adjacent,osm
ir-sharif,ir-eghbal,adjacent,osm
ir-sharif,ir-quarter-2-of-district-11,adjacent,osm
ir-sharif,ir-r11015582,adjacent,osm
ir-sharif,ir-fareghottahsilan,adjacent,osm
ir-quarter-2-of-district-9,ir-niroo-havaee,adjacent,osm
ir-quarter-2-of-district-9,ir-noh-darreh,adjacent,osm
ir-quarter-2-of-district-9,ir-aab-o-bargh,adjacent,osm
ir-quarter-2-of-district-9,ir-shahrara-2,adjacent,osm
ir-quarter-2-of-district-9,ir-quarter-1-of-district-11,adjacent,osm
ir-quarter-2-of-district-9,ir-daneshjoo,adjacent,osm
ir-quarter-2-of-district-9,ir-eghbal,adjacent,osm
ir-quarter-2-of-district-9,ir-quarter-2-of-district-11,adjacent,osm
ir-quarter-2-of-district-9,ir-fareghottahsilan,adjacent,osm
ir-quarter-2-of-district-9,ir-vakil-abad,adjacent,osm
ir-quarter-2-of-district-9,ir-quarter-1-of-district-12,adjacent,osm
ir-district-9-4,ir-district-1-6,adjacent,osm
ir-district-9-4,ir-district-11-3,adjacent,osm
ir-district-9-4,ir-district-12-2,adjacent,osm
ir-eghbal,ir-shahrara-2,adjacent,osm
ir-eghbal,ir-quarter-2-of-district-11,adjacent,osm
ir-eghbal,ir-fareghottahsilan,adjacent,osm
ir-eghbal,ir-vakil-abad,adjacent,osm
ir-eghbal,ir-quarter-1-of-district-12,adjacent,osm
ir-motahari-2,ir-amel,adjacent,osm
ir-motahari-2,ir-nekah,adjacent,osm
ir-motahari-2,ir-hojjat,adjacent,osm
ir-motahari-2,ir-quarter-1-of-district-2,adjacent,osm
ir-motahari-2,ir-honarvar,adjacent,osm
ir-nekah,ir-hojjat,adjacent,osm
ir-nekah,ir-quarter-1-of-district-2,adjacent,osm
ir-nekah,ir-honarvar,adjacent,osm
ir-nekah,ir-yas,adjacent,osm
ir-amel,ir-goharshad,adjacent,osm
ir-amel,ir-quarter-2-of-district-1,adjacent,osm
ir-amel,ir-khatam-olanbia,adjacent,osm
ir-amel,ir-hojjat,adjacent,osm
ir-amel,ir-quarter-1-of-district-2,adjacent,osm
ir-amel,ir-golbarg,adjacent,osm
ir-hojjat,ir-khatam-olanbia,adjacent,osm
ir-hojjat,ir-quarter-1-of-district-2,adjacent,osm
ir-hojjat,ir-golbarg,adjacent,osm
ir-hojjat,ir-yas,adjacent,osm
ir-hojjat,ir-northern-golbarg,adjacent,osm
ir-honarvar,ir-quarter-1-of-district-2,adjacent,osm
ir-honarvar,ir-yas,adjacent,osm
ir-honarvar,ir-isargaran,adjacent,osm
ir-azadshahr,ir-quarter-1-of-district-1,adjacent,osm
ir-azadshahr,ir-malek-abad-2,adjacent,osm
ir-azadshahr,ir-sajjad-shahr,adjacent,osm
ir-azadshahr,ir-quarter-1-of-district-11,adjacent,osm
ir-azadshahr,ir-faramarz-abbasi,adjacent,osm
ir-azadshahr,ir-quarter-4-of-district-2,adjacent,osm
ir-malek-abad-2,ir-quarter-1-of-district-1,adjacent,osm
ir-malek-abad-2,ir-felestin-3,adjacent,osm
ir-malek-abad-2,ir-sajjad-shahr,adjacent,osm
ir-malek-abad-2,ir-quarter-1-of-district-11,adjacent,osm
ir-quarter-1-of-district-11,ir-quarter-1-of-district-1,adjacent,osm
ir-quarter-1-of-district-11,ir-sajjad-shahr,adjacent,osm
ir-quarter-1-of-district-11,ir-daneshjoo,adjacent,osm
ir-quarter-1-of-district-11,ir-faramarz-abbasi,adjacent,osm
ir-quarter-1-of-district-11,ir-quarter-4-of-district-2,adjacent,osm
ir-quarter-1-of-district-11,ir-quarter-2-of-district-11,adjacent,osm
ir-quarter-1-of-district-11,ir-r11015582,adjacent,osm
ir-quarter-1-of-district-11,ir-baharan-3,adjacent,osm
ir-quarter-1-of-district-11,ir-quarter-1-of-district-10,adjacent,osm
ir-quarter-1-of-district-11,ir-quarter-2-of-district-2,adjacent,osm
ir-felestin-3,ir-quarter-1-of-district-1,adjacent,osm
ir-felestin-3,ir-sajjad-shahr,adjacent,osm
ir-janbaz,ir-quarter-1-of-district-1,adjacent,osm
ir-janbaz,ir-sajjad-shahr,adjacent,osm
ir-janbaz,ir-quarter-1-of-district-2,adjacent,osm
ir-janbaz,ir-highrise-buildings,adjacent,osm
ir-janbaz,ir-ferdowsi-2,adjacent,osm
ir-janbaz,ir-faramarz-abbasi,adjacent,osm
ir-janbaz,ir-zamaneh,adjacent,osm
ir-janbaz,ir-quarter-4-of-district-2,adjacent,osm
ir-janbaz,ir-amir,adjacent,osm
ir-janbaz,ir-baharan-3,adjacent,osm
ir-janbaz,ir-ghaem-3,adjacent,osm
ir-zamaneh,ir-ferdowsi-2,adjacent,osm
ir-zamaneh,ir-faramarz-abbasi,adjacent,osm
ir-zamaneh,ir-quarter-4-of-district-2,adjacent,osm
ir-zamaneh,ir-baharan-3,adjacent,osm
ir-faramarz-abbasi,ir-quarter-1-of-district-1,adjacent,osm
ir-faramarz-abbasi,ir-sajjad-shahr,adjacent,osm
ir-faramarz-abbasi,ir-ferdowsi-2,adjacent,osm
ir-faramarz-abbasi,ir-quarter-4-of-district-2,adjacent,osm
ir-faramarz-abbasi,ir-baharan-3,adjacent,osm
ir-baharan-3,ir-quarter-4-of-district-2,adjacent,osm
ir-baharan-3,ir-quarter-1-of-district-10,adjacent,osm
ir-baharan-3,ir-quarter-2-of-district-2,adjacent,osm
ir-sajjad-shahr,ir-quarter-1-of-district-1,adjacent,osm
ir-sajjad-shahr,ir-quarter-1-of-district-2,adjacent,osm
ir-sajjad-shahr,ir-highrise-buildings,adjacent,osm
ir-sajjad-shahr,ir-ferdowsi-2,adjacent,osm
ir-sajjad-shahr,ir-quarter-4-of-district-2,adjacent,osm
ir-ferdowsi-2,ir-quarter-1-of-district-1,adjacent,osm
ir-ferdowsi-2,ir-quarter-4-of-district-2,adjacent,osm
ir-quarter-1-of-district-1,ir-goharshad,adjacent,osm
ir-quarter-1-of-district-1,ir-quarter-2-of-district-1,adjacent,osm
ir-quarter-1-of-district-1,ir-fath-olmobin,adjacent,osm
ir-quarter-1-of-district-1,ir-quarter-1-of-district-2,adjacent,osm
ir-quarter-1-of-district-1,ir-highrise-buildings,adjacent,osm
ir-quarter-1-of-district-1,ir-quarter-4-of-district-2,adjacent,osm
ir-goharshad,ir-quarter-2-of-district-1,adjacent,osm
ir-goharshad,ir-fath-olmobin,adjacent,osm
ir-goharshad,ir-khatam-olanbia,adjacent,osm
ir-goharshad,ir-quarter-1-of-district-2,adjacent,osm
ir-goharshad,ir-highrise-buildings,adjacent,osm
ir-quarter-2-of-district-1,ir-fath-olmobin,adjacent,osm
ir-quarter-2-of-district-1,ir-khatam-olanbia,adjacent,osm
ir-quarter-2-of-district-1,ir-quarter-1-of-district-2,adjacent,osm
ir-quarter-2-of-district-1,ir-highrise-buildings,adjacent,osm
ir-district-1-6,ir-district-11-3,adjacent,osm
ir-district-1-6,ir-district-2-9,adjacent,osm
ir-district-2-9,ir-district-11-3,adjacent,osm
ir-district-2-9,ir-district-10-4,adjacent,osm
ir-yas,ir-quarter-1-of-district-2,adjacent,osm
ir-yas,ir-golbarg,adjacent,osm
ir-yas,ir-northern-golbarg,adjacent,osm
ir-yas,ir-isargaran,adjacent,osm
ir-yas,ir-moosavi-ghouchani,adjacent,osm
ir-yas,ir-hedayat,adjacent,osm
ir-highrise-buildings,ir-fath-olmobin,adjacent,osm
ir-highrise-buildings,ir-quarter-1-of-district-2,adjacent,osm
ir-highrise-buildings,ir-quarter-4-of-district-2,adjacent,osm
ir-highrise-buildings,ir-amir,adjacent,osm
ir-highrise-buildings,ir-ghaem-3,adjacent,osm
ir-fath-olmobin,ir-khatam-olanbia,adjacent,osm
ir-fath-olmobin,ir-quarter-1-of-district-2,adjacent,osm
ir-fath-olmobin,ir-golbarg,adjacent,osm
ir-fath-olmobin,ir-moosavi-ghouchani,adjacent,osm
ir-fath-olmobin,ir-ghaem-3,adjacent,osm
ir-khatam-olanbia,ir-quarter-1-of-district-2,adjacent,osm
ir-khatam-olanbia,ir-golbarg,adjacent,osm
ir-isargaran,ir-quarter-1-of-district-2,adjacent,osm
ir-isargaran,ir-moosavi-ghouchani,adjacent,osm
ir-isargaran,ir-hedayat,adjacent,osm
ir-isargaran,ir-sadeghiyeh,adjacent,osm
ir-isargaran,ir-quarter-2-of-district-2,adjacent,osm
ir-isargaran,ir-vahdat-2,adjacent,osm
ir-hedayat,ir-quarter-1-of-district-2,adjacent,osm
ir-hedayat,ir-moosavi-ghouchani,adjacent,osm
ir-hedayat,ir-sadeghiyeh,adjacent,osm
ir-hedayat,ir-zomorrod,adjacent,osm
ir-northern-golbarg,ir-quarter-1-of-district-2,adjacent,osm
ir-northern-golbarg,ir-golbarg,adjacent,osm
ir-northern-golbarg,ir-moosavi-ghouchani,adjacent,osm
ir-golbarg,ir-quarter-1-of-district-2,adjacent,osm
ir-golbarg,ir-moosavi-ghouchani,adjacent,osm
ir-golbarg,ir-ghaem-3,adjacent,osm
ir-moosavi-ghouchani,ir-quarter-1-of-district-2,adjacent,osm
ir-moosavi-ghouchani,ir-ghaem-3,adjacent,osm
ir-moosavi-ghouchani,ir-zomorrod,adjacent,osm
ir-sadeghiyeh,ir-quarter-1-of-district-2,adjacent,osm
ir-sadeghiyeh,ir-zomorrod,adjacent,osm
ir-sadeghiyeh,ir-quarter-2-of-district-2,adjacent,osm
ir-sadeghiyeh,ir-vahdat-2,adjacent,osm
ir-vahdat-2,ir-quarter-1-of-district-2,adjacent,osm
ir-vahdat-2,ir-quarter-4-of-district-2,adjacent,osm
ir-vahdat-2,ir-amir,adjacent,osm
ir-vahdat-2,ir-zomorrod,adjacent,osm
ir-vahdat-2,ir-quarter-2-of-district-2,adjacent,osm
ir-quarter-2-of-district-2,ir-quarter-1-of-district-2,adjacent,osm
ir-quarter-2-of-district-2,ir-quarter-4-of-district-2,adjacent,osm
ir-quarter-2-of-district-2,ir-amir,adjacent,osm
ir-quarter-2-of-district-2,ir-zomorrod,adjacent,osm
ir-quarter-2-of-district-2,ir-quarter-1-of-district-10,adjacent,osm
ir-quarter-4-of-district-2,ir-quarter-1-of-district-2,adjacent,osm
ir-quarter-4-of-district-2,ir-amir,adjacent,osm
ir-quarter-4-of-district-2,ir-ghaem-3,adjacent,osm
ir-quarter-4-of-district-2,ir-zomorrod,adjacent,osm
ir-quarter-4-of-district-2,ir-quarter-1-of-district-10,adjacent,osm
ir-amir,ir-quarter-1-of-district-2,adjacent,osm
ir-amir,ir-ghaem-3,adjacent,osm
ir-amir,ir-zomorrod,adjacent,osm
ir-quarter-1-of-district-2,ir-ghaem-3,adjacent,osm
ir-quarter-1-of-district-2,ir-zomorrod,adjacent,osm
ir-zomorrod,ir-ghaem-3,adjacent,osm
ir-r11015582,ir-daneshjoo,adjacent,osm
ir-r11015582,ir-quarter-2-of-district-11,adjacent,osm
ir-r11015582,ir-shahed-5,adjacent,osm
ir-r11015582,ir-quarter-1-of-district-10,adjacent,osm
ir-daneshjoo,ir-quarter-2-of-district-11,adjacent,osm
ir-shahrak-e-shohada-fathiyeh,ir-salahshour,adjacent,osm
ir-shahrak-e-shohada-fathiyeh,ir-shahrak-e-parvaz,adjacent,osm
ir-shahrak-e-parvaz,ir-salahshour,adjacent,osm
ir-shahrak-e-parvaz,ir-shahrak-mofatteh,adjacent,osm
ir-shahrak-e-parvaz,ir-shahrak-e-seda-va-sima,adjacent,osm
ir-shahrak-e-parvaz,ir-kian-shahr,adjacent,osm
ir-shahrak-e-niru-entezami,ir-salahshour,adjacent,osm
ir-shahrak-e-niru-entezami,ir-shahrak-e-seda-va-sima,adjacent,osm
ir-shahrak-e-seda-va-sima,ir-salahshour,adjacent,osm
ir-kian-shahr,ir-shahrak-mofatteh,adjacent,osm
ir-kian-shahr,ir-kuye-zahra,adjacent,osm
ir-kian-shahr,ir-azadegan-6,adjacent,osm
ir-kuye-zahra,ir-razi,adjacent,osm
ir-kuye-zahra,ir-shahrak-mofatteh,adjacent,osm
ir-kuye-zahra,ir-azadegan-6,adjacent,osm
ir-kuye-zahra,ir-fazilat,adjacent,osm
ir-kuye-zahra,ir-kaveh-3,adjacent,osm
ir-kuye-zahra,ir-r10054055,adjacent,osm
ir-razi,ir-shahrak-mofatteh,adjacent,osm
ir-razi,ir-darvazeh-ghasabkhaneh,adjacent,osm
ir-razi,ir-r10054055,adjacent,osm
ir-razi,ir-astaneh,adjacent,osm
ir-canada,ir-azadegan-6,adjacent,osm
ir-canada,ir-shahijan,adjacent,osm
ir-canada,ir-kaveh-3,adjacent,osm
ir-canada,ir-kaveh,adjacent,osm
ir-canada,ir-022,adjacent,osm
ir-canada,ir-jahangardi-pirnia,adjacent,osm
ir-canada,ir-falahat-kuye-daneshghahian,adjacent,osm
ir-jahangardi-pirnia,ir-shahijan,adjacent,osm
ir-jahangardi-pirnia,ir-kaveh-3,adjacent,osm
ir-jahangardi-pirnia,ir-kaveh,adjacent,osm
ir-jahangardi-pirnia,ir-rahnemayi,adjacent,osm
ir-jahangardi-pirnia,ir-008,adjacent,osm
ir-jahangardi-pirnia,ir-021,adjacent,osm
ir-jahangardi-pirnia,ir-022,adjacent,osm
ir-jahangardi-pirnia,ir-falahat-kuye-daneshghahian,adjacent,osm
ir-jahangardi-pirnia,ir-kolbeh,adjacent,osm
ir-jahangardi-pirnia,ir-golestan-haft-tanan,adjacent,osm
ir-022,ir-azadegan-6,adjacent,osm
ir-022,ir-shahijan,adjacent,osm
ir-022,ir-kaveh-3,adjacent,osm
ir-022,ir-kaveh,adjacent,osm
ir-022,ir-rahnemayi,adjacent,osm
ir-022,ir-008,adjacent,osm
ir-022,ir-021,adjacent,osm
ir-022,ir-falahat-kuye-daneshghahian,adjacent,osm
ir-022,ir-kolbeh,adjacent,osm
ir-022,ir-golestan-haft-tanan,adjacent,osm
ir-kolbeh,ir-021,adjacent,osm
ir-kolbeh,ir-falahat-kuye-daneshghahian,adjacent,osm
ir-kolbeh,ir-neyestan-saadi,adjacent,osm
ir-kolbeh,ir-golestan-haft-tanan,adjacent,osm
ir-eram-2,ir-r10053647,adjacent,osm
ir-eram-2,ir-qasrodasht,adjacent,osm
ir-eram-2,ir-molasadra,adjacent,osm
ir-eram-2,ir-neshat,adjacent,osm
ir-eram-2,ir-abiverdi,adjacent,osm
ir-eram-2,ir-tappeh-television,adjacent,osm
ir-tappeh-television,ir-abiverdi,adjacent,osm
ir-zone-1-3,ir-zone-2-3,adjacent,osm
ir-zone-1-3,ir-zone-4-2,adjacent,osm
ir-zone-1-3,ir-zone-6-2,adjacent,osm
ir-zone-1-3,ir-zone-8,adjacent,osm
ir-zone-1-3,ir-zone-3-2,adjacent,osm
ir-021,ir-darvazeh-esfahan,adjacent,osm
ir-021,ir-goedeh-khazineh,adjacent,osm
ir-021,ir-020,adjacent,osm
ir-021,ir-hafezieh,adjacent,osm
ir-021,ir-kaveh-3,adjacent,osm
ir-021,ir-kaveh,adjacent,osm
ir-021,ir-rahnemayi,adjacent,osm
ir-021,ir-008,adjacent,osm
ir-021,ir-golestan-haft-tanan,adjacent,osm
ir-021,ir-rabbani,adjacent,osm
ir-rahnemayi,ir-darvazeh-esfahan,adjacent,osm
ir-rahnemayi,ir-kaveh-3,adjacent,osm
ir-rahnemayi,ir-kaveh,adjacent,osm
ir-rahnemayi,ir-r10054055,adjacent,osm
ir-rahnemayi,ir-goede-araban-darbe-sheikh,adjacent,osm
ir-rahnemayi,ir-saraye-moshir,adjacent,osm
ir-rahnemayi,ir-r10054797,adjacent,osm
ir-rahnemayi,ir-008,adjacent,osm
ir-darvazeh-esfahan,ir-goedeh-khazineh,adjacent,osm
ir-darvazeh-esfahan,ir-020,adjacent,osm
ir-darvazeh-esfahan,ir-bagh-e-takht,adjacent,osm
ir-darvazeh-esfahan,ir-r10054797,adjacent,osm
ir-darvazeh-esfahan,ir-008,adjacent,osm
ir-008,ir-goedeh-khazineh,adjacent,osm
ir-008,ir-020,adjacent,osm
ir-008,ir-bagh-e-takht,adjacent,osm
ir-008,ir-kaveh-3,adjacent,osm
ir-008,ir-kaveh,adjacent,osm
ir-008,ir-r10054055,adjacent,osm
ir-008,ir-goede-araban-darbe-sheikh,adjacent,osm
ir-008,ir-saraye-moshir,adjacent,osm
ir-008,ir-r10054797,adjacent,osm
ir-bagh-e-takht,ir-goedeh-khazineh,adjacent,osm
ir-bagh-e-takht,ir-020,adjacent,osm
ir-bagh-e-takht,ir-atlasi,adjacent,osm
ir-bagh-e-takht,ir-rabbani,adjacent,osm
ir-shimi-giyah,ir-sanaye-electronic,adjacent,osm
ir-shimi-giyah,ir-dr-hesabi-hosein-abad,adjacent,osm
ir-shimi-giyah,ir-r10055226,adjacent,osm
ir-shimi-giyah,ir-r10055312,adjacent,osm
ir-shimi-giyah,ir-shahrak-beheshti,adjacent,osm
ir-shimi-giyah,ir-shahrak-beheshti-2,adjacent,osm
ir-shahrak-beheshti-2,ir-sanaye-electronic,adjacent,osm
ir-shahrak-beheshti-2,ir-dr-hesabi-hosein-abad,adjacent,osm
ir-shahrak-beheshti-2,ir-r10055226,adjacent,osm
ir-shahrak-beheshti-2,ir-r10055312,adjacent,osm
ir-shahrak-beheshti-2,ir-shahrak-beheshti,adjacent,osm
ir-shahrak-beheshti-2,ir-shahrak-hafez-2,adjacent,osm
ir-shahrak-beheshti,ir-dr-hesabi-hosein-abad,adjacent,osm
ir-shahrak-beheshti,ir-r10055226,adjacent,osm
ir-shahrak-beheshti,ir-r10055312,adjacent,osm
ir-shahrak-beheshti,ir-shahrak-hafez-2,adjacent,osm
ir-shahrak-hafez-2,ir-r10055312,adjacent,osm
ir-shahrak-arian,ir-dr-hesabi-hosein-abad,adjacent,osm
ir-shahrak-arian,ir-r10055226,adjacent,osm
ir-shahrak-erfan,ir-r10055313,adjacent,osm
ir-shahrak-erfan,ir-tachara,adjacent,osm
ir-shahrak-erfan,ir-shahrak-bahonar-2,adjacent,osm
ir-shahrak-erfan,ir-sanaye-electronic,adjacent,osm
ir-shahrak-bahonar-2,ir-tachara,adjacent,osm
ir-shahrak-bahonar-2,ir-r17271341,adjacent,osm
ir-shahrak-bahonar-2,ir-sanaye-electronic,adjacent,osm
ir-shahrak-bahonar-2,ir-dr-hesabi-hosein-abad,adjacent,osm
ir-shahrak-bahonar-2,ir-r10055226,adjacent,osm
ir-sanaye-electronic,ir-r10055313,adjacent,osm
ir-sanaye-electronic,ir-barf-forushan,adjacent,osm
ir-sanaye-electronic,ir-dr-hesabi-hosein-abad,adjacent,osm
ir-sanaye-electronic,ir-r10055226,adjacent,osm
ir-sanaye-electronic,ir-r10055312,adjacent,osm
ir-r10055313,ir-barf-forushan,adjacent,osm
ir-barf-forushan,ir-r10055312,adjacent,osm
ir-siyah-sang,ir-sar-e-dezak,adjacent,osm
ir-siyah-sang,ir-tahvili-fakhr-abad,adjacent,osm
ir-siyah-sang,ir-r11038731,adjacent,osm
ir-siyah-sang,ir-shahcheragh-astaneh,adjacent,osm
ir-siyah-sang,ir-saraye-moshir,adjacent,osm
ir-siyah-sang,ir-shahrdari,adjacent,osm
ir-r11038731,ir-sar-e-dezak,adjacent,osm
ir-r11038731,ir-darvazeh-ghasabkhaneh,adjacent,osm
ir-r11038731,ir-astaneh,adjacent,osm
ir-r11038731,ir-shahcheragh-astaneh,adjacent,osm
ir-r10054797,ir-r10054055,adjacent,osm
ir-r10054797,ir-goede-araban-darbe-sheikh,adjacent,osm
ir-r10054797,ir-saraye-moshir,adjacent,osm
ir-r10054797,ir-shahrdari,adjacent,osm
ir-saraye-moshir,ir-mosadegh,adjacent,osm
ir-saraye-moshir,ir-sar-e-dezak,adjacent,osm
ir-saraye-moshir,ir-r10054055,adjacent,osm
ir-saraye-moshir,ir-astaneh,adjacent,osm
ir-saraye-moshir,ir-shahcheragh-astaneh,adjacent,osm
ir-saraye-moshir,ir-goede-araban-darbe-sheikh,adjacent,osm
ir-saraye-moshir,ir-shahrdari,adjacent,osm
ir-shahrdari,ir-sar-e-dezak,adjacent,osm
ir-shahrdari,ir-shahcheragh-astaneh,adjacent,osm
ir-shahrdari,ir-goede-araban-darbe-sheikh,adjacent,osm
ir-goede-araban-darbe-sheikh,ir-mosadegh,adjacent,osm
ir-goede-araban-darbe-sheikh,ir-sar-e-dezak,adjacent,osm
ir-goede-araban-darbe-sheikh,ir-r10054055,adjacent,osm
ir-goede-araban-darbe-sheikh,ir-astaneh,adjacent,osm
ir-goede-araban-darbe-sheikh,ir-shahcheragh-astaneh,adjacent,osm
ir-saadi-cinema,ir-tahvili-fakhr-abad,adjacent,osm
ir-saadi-cinema,ir-khold-barin,adjacent,osm
ir-saadi-cinema,ir-rahmat-abad,adjacent,osm
ir-saadi-cinema,ir-r11038734,adjacent,osm
ir-saadi-cinema,ir-031,adjacent,osm
ir-saadi-cinema,ir-r10053647,adjacent,osm
ir-saadi-cinema,ir-qasrodasht,adjacent,osm
ir-saadi-cinema,ir-r10054437,adjacent,osm
ir-saadi-cinema,ir-abyari,adjacent,osm
ir-saadi-cinema,ir-nader,adjacent,osm
ir-saadi-cinema,ir-hava-bord,adjacent,osm
ir-saadi-cinema,ir-molasadra,adjacent,osm
ir-r11038734,ir-r10053647,adjacent,osm
ir-r11038734,ir-molasadra,adjacent,osm
ir-r11038734,ir-neshat,adjacent,osm
ir-r10053647,ir-rahmat-abad,adjacent,osm
ir-r10053647,ir-qasrodasht,adjacent,osm
ir-r10053647,ir-molasadra,adjacent,osm
ir-r10053647,ir-neshat,adjacent,osm
ir-r10053647,ir-abiverdi,adjacent,osm
ir-neshat,ir-qasrodasht,adjacent,osm
ir-neshat,ir-molasadra,adjacent,osm
ir-neshat,ir-abiverdi,adjacent,osm
ir-nader,ir-tahvili-fakhr-abad,adjacent,osm
ir-nader,ir-031,adjacent,osm
ir-nader,ir-r10054437,adjacent,osm
ir-nader,ir-abyari,adjacent,osm
ir-nader,ir-eslahnezhad,adjacent,osm
ir-nader,ir-hava-bord,adjacent,osm
ir-abyari,ir-north-safir,adjacent,osm
ir-abyari,ir-r10054531,adjacent,osm
ir-abyari,ir-ghadamgah,adjacent,osm
ir-abyari,ir-031,adjacent,osm
ir-abyari,ir-r10054437,adjacent,osm
ir-abyari,ir-eslahnezhad,adjacent,osm
ir-abyari,ir-zerehi-amirkabir,adjacent,osm
ir-abyari,ir-hava-bord,adjacent,osm
ir-r10054437,ir-ghadamgah,adjacent,osm
ir-r10054437,ir-tahvili-fakhr-abad,adjacent,osm
ir-r10054437,ir-031,adjacent,osm
ir-r10054437,ir-eslahnezhad,adjacent,osm
ir-r10054437,ir-hava-bord,adjacent,osm
ir-tahvili-fakhr-abad,ir-ghadamgah,adjacent,osm
ir-tahvili-fakhr-abad,ir-eslahnezhad,adjacent,osm
ir-ghadamgah,ir-eslahnezhad,adjacent,osm
ir-r11042055,ir-031,adjacent,osm
ir-r11042055,ir-valiasr,adjacent,osm
ir-r11042055,ir-055,adjacent,osm
ir-r11042055,ir-ghasr-dasht,adjacent,osm
ir-r11042055,ir-ghasrodasht,adjacent,osm
ir-ghasr-dasht,ir-afif-abad,adjacent,osm
ir-ghasr-dasht,ir-qasrodasht,adjacent,osm
ir-ghasr-dasht,ir-molasadra,adjacent,osm
ir-ghasr-dasht,ir-valiasr,adjacent,osm
ir-ghasr-dasht,ir-055,adjacent,osm
ir-ghasr-dasht,ir-abiverdi,adjacent,osm
ir-ghasr-dasht,ir-chogia,adjacent,osm
ir-ghasr-dasht,ir-ghasrodasht,adjacent,osm
ir-valiasr,ir-031,adjacent,osm
ir-valiasr,ir-afif-abad,adjacent,osm
ir-valiasr,ir-qasrodasht,adjacent,osm
ir-valiasr,ir-molasadra,adjacent,osm
ir-valiasr,ir-055,adjacent,osm
ir-055,ir-031,adjacent,osm
ir-055,ir-afif-abad,adjacent,osm
ir-055,ir-qasrodasht,adjacent,osm
ir-055,ir-molasadra,adjacent,osm
ir-055,ir-abiverdi,adjacent,osm
ir-055,ir-chogia,adjacent,osm
ir-055,ir-ghasrodasht,adjacent,osm
ir-031,ir-khold-barin,adjacent,osm
ir-031,ir-rahmat-abad,adjacent,osm
ir-031,ir-afif-abad,adjacent,osm
ir-031,ir-qasrodasht,adjacent,osm
ir-031,ir-zerehi-amirkabir,adjacent,osm
ir-031,ir-hava-bord,adjacent,osm
ir-qasrodasht,ir-khold-barin,adjacent,osm
ir-qasrodasht,ir-rahmat-abad,adjacent,osm
ir-qasrodasht,ir-afif-abad,adjacent,osm
ir-qasrodasht,ir-hava-bord,adjacent,osm
ir-qasrodasht,ir-molasadra,adjacent,osm
ir-qasrodasht,ir-abiverdi,adjacent,osm
ir-hava-bord,ir-khold-barin,adjacent,osm
ir-hava-bord,ir-rahmat-abad,adjacent,osm
ir-hava-bord,ir-afif-abad,adjacent,osm
ir-hava-bord,ir-zerehi-amirkabir,adjacent,osm
ir-rahmat-abad,ir-khold-barin,adjacent,osm
ir-rahmat-abad,ir-afif-abad,adjacent,osm
ir-rahmat-abad,ir-molasadra,adjacent,osm
ir-molasadra,ir-afif-abad,adjacent,osm
ir-molasadra,ir-abiverdi,adjacent,osm
ir-khold-barin,ir-afif-abad,adjacent,osm
ir-zone-8,ir-zone-2-3,adjacent,osm
ir-zone-8,ir-zone-3-2,adjacent,osm
ir-mosadegh,ir-sar-e-dezak,adjacent,osm
ir-mosadegh,ir-darvazeh-ghasabkhaneh,adjacent,osm
ir-mosadegh,ir-r10054055,adjacent,osm
ir-mosadegh,ir-astaneh,adjacent,osm
ir-mosadegh,ir-shahcheragh-astaneh,adjacent,osm
ir-sar-e-dezak,ir-darvazeh-ghasabkhaneh,adjacent,osm
ir-sar-e-dezak,ir-astaneh,adjacent,osm
ir-sar-e-dezak,ir-shahcheragh-astaneh,adjacent,osm
ir-shahcheragh-astaneh,ir-darvazeh-ghasabkhaneh,adjacent,osm
ir-shahcheragh-astaneh,ir-astaneh,adjacent,osm
ir-darvazeh-ghasabkhaneh,ir-r10054055,adjacent,osm
ir-darvazeh-ghasabkhaneh,ir-astaneh,adjacent,osm
ir-astaneh,ir-r10054055,adjacent,osm
ir-r10054055,ir-fazilat,adjacent,osm
ir-r10054055,ir-kaveh-3,adjacent,osm
ir-r10054055,ir-kaveh,adjacent,osm
ir-zone-11,ir-zone-7,adjacent,osm
ir-zone-11,ir-zone-2-3,adjacent,osm
ir-zone-11,ir-zone-3-2,adjacent,osm
ir-azadegan-6,ir-fazilat,adjacent,osm
ir-azadegan-6,ir-shahijan,adjacent,osm
ir-azadegan-6,ir-kaveh-3,adjacent,osm
ir-kaveh-3,ir-fazilat,adjacent,osm
ir-kaveh-3,ir-shahijan,adjacent,osm
ir-kaveh-3,ir-kaveh,adjacent,osm
ir-shahijan,ir-fazilat,adjacent,osm
ir-shahijan,ir-kaveh,adjacent,osm
ir-kaveh,ir-fazilat,adjacent,osm
ir-r10055200,ir-r11042112,adjacent,osm
ir-r10055200,ir-shahrak-bargh,adjacent,osm
ir-r10055200,ir-shahrak-daraei,adjacent,osm
ir-r10055200,ir-r18726494,adjacent,osm
ir-r10055200,ir-farhangian-2,adjacent,osm
ir-shahrak-daraei,ir-shahrak-bargh,adjacent,osm
ir-shahrak-daraei,ir-r18726494,adjacent,osm
ir-shahrak-bargh,ir-r11042112,adjacent,osm
ir-r11042112,ir-r10054123,adjacent,osm
ir-r11042112,ir-soltanabad-2,adjacent,osm
ir-zerehi-amirkabir,ir-north-safir,adjacent,osm
ir-zerehi-amirkabir,ir-r10054531,adjacent,osm
ir-zerehi-amirkabir,ir-rishmak,adjacent,osm
ir-r10054531,ir-north-safir,adjacent,osm
ir-r10054531,ir-seraj,adjacent,osm
ir-r10054531,ir-ghali-shuyi,adjacent,osm
ir-r10054531,ir-rishmak,adjacent,osm
ir-rishmak,ir-north-safir,adjacent,osm
ir-rishmak,ir-seraj,adjacent,osm
ir-rishmak,ir-ghali-shuyi,adjacent,osm
ir-north-safir,ir-seraj,adjacent,osm
ir-north-safir,ir-ghali-shuyi,adjacent,osm
ir-ghali-shuyi,ir-seraj,adjacent,osm
ir-020,ir-goedeh-khazineh,adjacent,osm
ir-020,ir-hafezieh,adjacent,osm
ir-020,ir-golestan-haft-tanan,adjacent,osm
ir-020,ir-atlasi,adjacent,osm
ir-020,ir-rabbani,adjacent,osm
ir-goedeh-khazineh,ir-hafezieh,adjacent,osm
ir-goedeh-khazineh,ir-golestan-haft-tanan,adjacent,osm
ir-goedeh-khazineh,ir-atlasi,adjacent,osm
ir-goedeh-khazineh,ir-rabbani,adjacent,osm
ir-atlasi,ir-hafezieh,adjacent,osm
ir-atlasi,ir-rabbani,adjacent,osm
ir-atlasi,ir-darvazeh-qoran,adjacent,osm
ir-hafezieh,ir-golestan-haft-tanan,adjacent,osm
ir-hafezieh,ir-rabbani,adjacent,osm
ir-hafezieh,ir-darvazeh-qoran,adjacent,osm
ir-shahrak-naft-simun-bolivar,ir-r21148511,adjacent,osm
ir-shahrak-naft-simun-bolivar,ir-farahzad,adjacent,osm
ir-shahrak-naft-simun-bolivar,ir-zone-9,adjacent,osm
ir-darabad,ir-r21276347,adjacent,osm
ir-darabad,ir-r21276346,adjacent,osm
ir-darabad,ir-shahrak-naft,adjacent,osm
ir-darabad,ir-kashanak,adjacent,osm
ir-darabad,ir-r21276046,adjacent,osm
ir-shahrak-naft,ir-azgol,adjacent,osm
ir-shahrak-naft,ir-r21276347,adjacent,osm
ir-shahrak-naft,ir-r21276344,adjacent,osm
ir-shahrak-naft,ir-shahrak-mahalati,adjacent,osm
ir-shahrak-naft,ir-r21276346,adjacent,osm
ir-shahrak-naft,ir-r21276046,adjacent,osm
ir-r21276346,ir-azgol,adjacent,osm
ir-r21276346,ir-r21276347,adjacent,osm
ir-r21276346,ir-r21276344,adjacent,osm
ir-r21276346,ir-shahrak-mahalati,adjacent,osm
ir-r21276346,ir-r21276046,adjacent,osm
ir-suhanak,ir-azgol,adjacent,osm
ir-suhanak,ir-r21276347,adjacent,osm
ir-suhanak,ir-r21276344,adjacent,osm
ir-suhanak,ir-r19233197,adjacent,osm
ir-farahzad,ir-r21148511,adjacent,osm
ir-farahzad,ir-parvaz-2,adjacent,osm
ir-farahzad,ir-zone-9,adjacent,osm
ir-parvaz-2,ir-zone-1,adjacent,osm
ir-parvaz-2,ir-saadat-abad-2,adjacent,osm
ir-parvaz-2,ir-zone-9,adjacent,osm
ir-parvaz-2,ir-shahrak-mokhaberat-2,adjacent,osm
ir-shahrak-mokhaberat-2,ir-zone-1,adjacent,osm
ir-shahrak-mokhaberat-2,ir-saadat-abad-2,adjacent,osm
ir-shahrak-mokhaberat-2,ir-shahrak-buali,adjacent,osm
ir-shahrak-mokhaberat-2,ir-zone-9,adjacent,osm
ir-darakeh,ir-zone-9,adjacent,osm
ir-darakeh,ir-kuhsar,adjacent,osm
ir-darakeh,ir-evin,adjacent,osm
ir-darakeh,ir-r21275538,adjacent,osm
ir-evin,ir-r21285780,adjacent,osm
ir-evin,ir-zone-1,adjacent,osm
ir-evin,ir-saadat-abad-2,adjacent,osm
ir-evin,ir-zone-9,adjacent,osm
ir-evin,ir-kuhsar,adjacent,osm
ir-evin,ir-r21275538,adjacent,osm
ir-evin,ir-velenjak,adjacent,osm
ir-velenjak,ir-r21275538,adjacent,osm
ir-velenjak,ir-zaferanieh,adjacent,osm
ir-zaferanieh,ir-r21275538,adjacent,osm
ir-zaferanieh,ir-r21275733,adjacent,osm
ir-zaferanieh,ir-darband,adjacent,osm
ir-r21275538,ir-r21285779,adjacent,osm
ir-r21275538,ir-r21285780,adjacent,osm
ir-r21275538,ir-zone-1,adjacent,osm
ir-r21275538,ir-saadat-abad-2,adjacent,osm
ir-r21275538,ir-jordan-park-melat,adjacent,osm
ir-r21275538,ir-zone-9,adjacent,osm
ir-r21275538,ir-kuhsar,adjacent,osm
ir-r21275538,ir-r21275733,adjacent,osm
ir-r21275538,ir-darband,adjacent,osm
ir-darband,ir-r21275733,adjacent,osm
ir-darband,ir-golab-dareh,adjacent,osm
ir-golab-dareh,ir-r11717461,adjacent,osm
ir-golab-dareh,ir-r21275733,adjacent,osm
ir-golab-dareh,ir-jamaran,adjacent,osm
ir-r21275733,ir-dezashib,adjacent,osm
ir-r21275733,ir-r11717461,adjacent,osm
ir-r21275733,ir-jamaran,adjacent,osm
ir-sadeghabad,ir-edrisabad,adjacent,osm
ir-derquk,ir-hemmatabad,adjacent,osm
ir-edrisabad,ir-seyyedan-2,adjacent,osm
ir-akbarabad,ir-moradabad,adjacent,osm
ir-seyyedan-2,ir-r11105946,adjacent,osm
ir-khatam-alanbia,ir-quarter-1-of-district-10,adjacent,osm
ir-khatam-alanbia,ir-adib-neyshabouri,adjacent,osm
ir-khatam-alanbia,ir-hejab,adjacent,osm
ir-khatam-alanbia,ir-quarter-2-of-district-12,adjacent,osm
ir-adib-neyshabouri,ir-quarter-1-of-district-10,adjacent,osm
ir-adib-neyshabouri,ir-quarter-2-of-district-10,adjacent,osm
ir-adib-neyshabouri,ir-emamieh,adjacent,osm
ir-adib-neyshabouri,ir-hejab,adjacent,osm
ir-emamieh,ir-shahed-5,adjacent,osm
ir-emamieh,ir-quarter-1-of-district-10,adjacent,osm
ir-emamieh,ir-farhangian-4,adjacent,osm
ir-emamieh,ir-quarter-2-of-district-10,adjacent,osm
ir-emamieh,ir-hejab,adjacent,osm
ir-emamieh,ir-elahiyeh-community,adjacent,osm
ir-emamieh,ir-quarter-2-of-district-12,adjacent,osm
ir-hejab,ir-quarter-2-of-district-10,adjacent,osm
ir-hejab,ir-quarter-2-of-district-12,adjacent,osm
ir-farhangian-4,ir-r11248724,adjacent,osm
ir-farhangian-4,ir-shahed-5,adjacent,osm
ir-farhangian-4,ir-quarter-1-of-district-10,adjacent,osm
ir-farhangian-4,ir-quarter-2-of-district-10,adjacent,osm
ir-r11248724,ir-quarter-2-of-district-11,adjacent,osm
ir-r11248724,ir-shahed-5,adjacent,osm
ir-r11248724,ir-quarter-1-of-district-10,adjacent,osm
ir-r11248724,ir-quarter-2-of-district-10,adjacent,osm
ir-shahed-5,ir-quarter-2-of-district-11,adjacent,osm
ir-shahed-5,ir-quarter-1-of-district-10,adjacent,osm
ir-shahed-5,ir-quarter-2-of-district-10,adjacent,osm
ir-quarter-1-of-district-10,ir-quarter-2-of-district-11,adjacent,osm
ir-quarter-1-of-district-10,ir-quarter-2-of-district-10,adjacent,osm
ir-shahrake-dadghostari,ir-kosar-4,adjacent,osm
ir-orjaman,ir-baghestan,adjacent,osm
ir-orjaman,ir-qods-town,adjacent,osm
ir-orjaman,ir-fasarud,adjacent,osm
ir-orjaman,ir-imam-hosein-town,adjacent,osm
ir-orjaman,ir-qods-1-town,adjacent,osm
ir-imam-reza-town,ir-qods-town,adjacent,osm
ir-imam-reza-town,ir-qods-1-town,adjacent,osm
ir-qods-1-town,ir-qods-town,adjacent,osm
ir-qods-1-town,ir-baharestan-qods-2-town,adjacent,osm
ir-qods-1-town,ir-imam-hosein-town,adjacent,osm
ir-baharestan-qods-2-town,ir-imam-jafar-sadeq-town,adjacent,osm
ir-baharestan-qods-2-town,ir-erfan-qods-3-town,adjacent,osm
ir-baharestan-qods-2-town,ir-qods-town,adjacent,osm
ir-baharestan-qods-2-town,ir-imam-hosein-town,adjacent,osm
ir-erfan-qods-3-town,ir-imam-khomeini-qods-4-town,adjacent,osm
ir-erfan-qods-3-town,ir-imam-jafar-sadeq-town,adjacent,osm
ir-erfan-qods-3-town,ir-qods-town,adjacent,osm
ir-imam-hosein-town,ir-imam-jafar-sadeq-town,adjacent,osm
ir-imam-hosein-town,ir-qods-town,adjacent,osm
ir-imam-jafar-sadeq-town,ir-imam-khomeini-qods-4-town,adjacent,osm
ir-imam-jafar-sadeq-town,ir-qods-town,adjacent,osm
ir-qods-town,ir-imam-khomeini-qods-4-town,adjacent,osm
ir-vali-asr-town,ir-bagheno,adjacent,osm
ir-bagheno,ir-mohammadtaghi,adjacent,osm
ir-bagheno,ir-moradkhani,adjacent,osm
ir-bagheno,ir-hossein-ghasemi,adjacent,osm
ir-bagheno,ir-baghestan,adjacent,osm
ir-baghestan,ir-hossein-ghasemi,adjacent,osm
ir-baghestan,ir-haj-nabi,adjacent,osm
ir-baghestan,ir-fasarud,adjacent,osm
ir-moradkhani,ir-mohammadtaghi,adjacent,osm
ir-moradkhani,ir-aghakeh,adjacent,osm
ir-moradkhani,ir-hossein-ghasemi,adjacent,osm
ir-moradkhani,ir-rudkhaneh,adjacent,osm
ir-mohammadtaghi,ir-bakhsdari,adjacent,osm
ir-mohammadtaghi,ir-cheraghiha,adjacent,osm
ir-mohammadtaghi,ir-aghakeh,adjacent,osm
ir-aghakeh,ir-cheraghiha,adjacent,osm
ir-aghakeh,ir-rudkhaneh,adjacent,osm
ir-fasarud,ir-haj-nabi,adjacent,osm
ir-hossein-ghasemi,ir-rudkhaneh,adjacent,osm
ir-hossein-ghasemi,ir-haj-nabi,adjacent,osm
ir-haj-nabi,ir-rudkhaneh,adjacent,osm
ir-rudkhaneh,ir-cheraghiha,adjacent,osm
ir-rudkhaneh,ir-asar,adjacent,osm
ir-rudkhaneh,ir-elyasan,adjacent,osm
ir-bakhsdari,ir-cheraghiha,adjacent,osm
ir-elyasan,ir-asar,adjacent,osm
ir-elyasan,ir-dodangeh,adjacent,osm
ir-elyasan,ir-tel-e-se-shanbeh,adjacent,osm
ir-cheraghiha,ir-asar,adjacent,osm
ir-tel-e-se-shanbeh,ir-dodangeh,adjacent,osm
ir-dodangeh,ir-cheshme-ye-mohammad-rasulollah,adjacent,osm
ir-dodangeh,ir-rud,adjacent,osm
ir-dodangeh,ir-tel-e-haj-nowruzi,adjacent,osm
ir-dodangeh,ir-asar,adjacent,osm
ir-cheshme-ye-mohammad-rasulollah,ir-tel-e-haj-nowruzi,adjacent,osm
ir-tel-e-haj-nowruzi,ir-rud,adjacent,osm
ir-rud,ir-asar,adjacent,osm
ir-golsara-town,ir-hosseinabad,adjacent,osm
ir-hafte,ir-bazne,adjacent,osm
ir-r21012614,ir-r14396862,adjacent,osm
ir-r21012614,ir-south-majidieh,adjacent,osm
ir-r21012614,ir-dabestan,adjacent,osm
ir-r21012614,ir-r21291873,adjacent,osm
ir-r21012614,ir-r21290346,adjacent,osm
ir-r21012614,ir-r21291872,adjacent,osm
ir-r21292191,ir-r21292190,adjacent,osm
ir-r21292191,ir-r13895268,adjacent,osm
ir-r21292191,ir-khalij-fars,adjacent,osm
ir-r21292191,ir-r21292192,adjacent,osm
ir-r21292192,ir-r13895268,adjacent,osm
ir-r21292192,ir-khalij-fars,adjacent,osm
ir-r21292192,ir-fath-sanati,adjacent,osm
ir-r21292192,ir-north-tehransar,adjacent,osm
ir-r21292192,ir-zone-1-2,adjacent,osm
ir-r21288318,ir-r21292190,adjacent,osm
ir-r21288318,ir-r19816281,adjacent,osm
ir-r21288318,ir-r21288319,adjacent,osm
ir-r21288318,ir-r21277138,adjacent,osm
ir-r21290232,ir-r21292011,adjacent,osm
ir-r21290232,ir-r21292012,adjacent,osm
ir-r21290232,ir-ahang,adjacent,osm
ir-r21290232,ir-r21290235,adjacent,osm
ir-r21290232,ir-taxirani,adjacent,osm
ir-r21290232,ir-r21290234,adjacent,osm
ir-r15589095,ir-ashtiani,adjacent,osm
ir-r15589095,ir-sorkheh-hesar,adjacent,osm
ir-r15589095,ir-r21291876,adjacent,osm
ir-r15589095,ir-r21291323,adjacent,osm
ir-ashtiani,ir-sorkheh-hesar,adjacent,osm
ir-sorkheh-hesar,ir-r21291876,adjacent,osm
ir-sorkheh-hesar,ir-r21291323,adjacent,osm
ir-ghalam-godeh,ir-jazireh,adjacent,osm
ir-ghalam-godeh,ir-gomrok,adjacent,osm
ir-zone-4,ir-quarter-7-of-district-2,adjacent,osm
ir-zone-4,ir-shahrak-e-ghods,adjacent,osm
ir-r8769498,ir-r11526759,adjacent,osm
ir-r18673630,ir-r17530454,adjacent,osm
ir-r21291874,ir-r21291873,adjacent,osm
ir-r21291874,ir-shemiran-no,adjacent,osm
ir-r21291874,ir-r16352065,adjacent,osm
ir-r21291876,ir-r21291323,adjacent,osm
ir-r21148514,ir-south-janatabad,adjacent,osm
ir-r21148514,ir-r21148348,adjacent,osm
ir-r21148514,ir-r21148511,adjacent,osm
ir-r21148511,ir-r21148512,adjacent,osm
ir-r21148511,ir-mehran-payambar,adjacent,osm
ir-r21148511,ir-south-janatabad,adjacent,osm
ir-r21148511,ir-r21148348,adjacent,osm
ir-r21148511,ir-zone-9,adjacent,osm
ir-r8818559,ir-r8818644,adjacent,osm
ir-r8818559,ir-r8818609,adjacent,osm
ir-r8818559,ir-r11558739,adjacent,osm
ir-r8818644,ir-r11558739,adjacent,osm
ir-r8818609,ir-r11558739,adjacent,osm
ir-phase-2,ir-phase-1,adjacent,osm
ir-r14405238,ir-r21293263,adjacent,osm
ir-r14405238,ir-r21288720,adjacent,osm
ir-r14405238,ir-r21288641,adjacent,osm
ir-r14405238,ir-r21292006,adjacent,osm
ir-r14405238,ir-mazaheri-2,adjacent,osm
ir-r14405238,ir-shush,adjacent,osm
ir-r14405238,ir-takhti-2,adjacent,osm
ir-r14405238,ir-herandi,adjacent,osm
ir-r11714353,ir-r11714352,adjacent,osm
ir-r11714353,ir-r11714355,adjacent,osm
ir-r11714353,ir-r11714351,adjacent,osm
ir-r11714353,ir-r11714354,adjacent,osm
ir-r11714358,ir-r11714356,adjacent,osm
ir-r11714358,ir-r11714359,adjacent,osm
ir-r11714358,ir-r11714357,adjacent,osm
ir-r11714358,ir-r11714354,adjacent,osm
ir-r11714358,ir-r11714360,adjacent,osm
ir-r11714360,ir-r11714359,adjacent,osm
ir-r11714360,ir-r11714361,adjacent,osm
ir-r11714370,ir-r11714369,adjacent,osm
ir-r11714374,ir-r11714373,adjacent,osm
ir-r11714374,ir-r11714375,adjacent,osm
ir-r11714373,ir-r11714372,adjacent,osm
ir-r11714372,ir-r11714371,adjacent,osm
ir-r11714350,ir-r11714351,adjacent,osm
ir-r11714350,ir-r11714349,adjacent,osm
ir-r11714351,ir-r11714352,adjacent,osm
ir-r11714352,ir-r11714355,adjacent,osm
ir-r11714356,ir-r11714355,adjacent,osm
ir-r11714356,ir-r11714359,adjacent,osm
ir-r11714356,ir-r11714357,adjacent,osm
ir-r11714355,ir-r11714357,adjacent,osm
ir-r11714355,ir-r11714354,adjacent,osm
ir-r11714359,ir-r11714361,adjacent,osm
ir-r11714357,ir-r11714354,adjacent,osm
ir-r11714361,ir-r11714362,adjacent,osm
ir-r11714369,ir-r11714368,adjacent,osm
ir-r11714367,ir-r11714368,adjacent,osm
ir-r11714367,ir-r11714366,adjacent,osm
ir-r11714366,ir-r11714365,adjacent,osm
ir-r11714365,ir-r11714364,adjacent,osm
ir-r11714364,ir-r11714362,adjacent,osm
ir-r11714364,ir-r11714363,adjacent,osm
ir-r11714362,ir-r11714363,adjacent,osm
ir-district-5-6,ir-district-22,adjacent,osm
ir-district-5-6,ir-district-2-10,adjacent,osm
ir-sarv-azad-2,ir-daryacheh,adjacent,osm
ir-sarv-azad-2,ir-r21283470,adjacent,osm
ir-sarv-azad-2,ir-r21283755,adjacent,osm
ir-sarv-azad-2,ir-shahrak-shahid-bagheri,adjacent,osm
ir-abshar-tehran,ir-r21283470,adjacent,osm
ir-abshar-tehran,ir-r19233111,adjacent,osm
ir-abshar-tehran,ir-golestan-4,adjacent,osm
ir-abshar-tehran,ir-r15550022,adjacent,osm
ir-abshar-tehran,ir-shahrak-shahid-bagheri,adjacent,osm
ir-shahrak-shahid-bagheri,ir-daryacheh,adjacent,osm
ir-shahrak-shahid-bagheri,ir-r21283470,adjacent,osm
ir-shahrak-shahid-bagheri,ir-r21283755,adjacent,osm
ir-shahrak-shahid-bagheri,ir-r19233111,adjacent,osm
ir-r11789900,ir-r20201302,adjacent,osm
ir-r11789900,ir-safari-martyrs,adjacent,osm
ir-r11789900,ir-r11789903,adjacent,osm
ir-r11789900,ir-r11789907,adjacent,osm
ir-r11789904,ir-r11789910,adjacent,osm
ir-r11789904,ir-r11789903,adjacent,osm
ir-r11789904,ir-r11789911,adjacent,osm
ir-r11789904,ir-r11789905,adjacent,osm
ir-r11789905,ir-r11789903,adjacent,osm
ir-r11789905,ir-r11789911,adjacent,osm
ir-r11789905,ir-r11789909,adjacent,osm
ir-r11789905,ir-r11789907,adjacent,osm
ir-r11789905,ir-r11789908,adjacent,osm
ir-r11789905,ir-r11789906,adjacent,osm
ir-r11789903,ir-r11789902,adjacent,osm
ir-r11789903,ir-safari-martyrs,adjacent,osm
ir-r11789903,ir-r11789907,adjacent,osm
ir-r11789902,ir-safari-martyrs,adjacent,osm
ir-r11789906,ir-r11789907,adjacent,osm
ir-r11789906,ir-r11789908,adjacent,osm
ir-r11789906,ir-r11789918,adjacent,osm
ir-r11789910,ir-r11789911,adjacent,osm
ir-r11789911,ir-r11789912,adjacent,osm
ir-r11789911,ir-r11789909,adjacent,osm
ir-r11789918,ir-r11789908,adjacent,osm
ir-r11789918,ir-r11789917,adjacent,osm
ir-r11789918,ir-r11789892,adjacent,osm
ir-r11789918,ir-r11789891,adjacent,osm
ir-r11789908,ir-r11789909,adjacent,osm
ir-r11789908,ir-r11789917,adjacent,osm
ir-r11789909,ir-r11789912,adjacent,osm
ir-r11789909,ir-r11789917,adjacent,osm
ir-r11789917,ir-r11789912,adjacent,osm
ir-r11789917,ir-r11789916,adjacent,osm
ir-r11789917,ir-r11800354,adjacent,osm
ir-r11789917,ir-r11789892,adjacent,osm
ir-r11789917,ir-r11789891,adjacent,osm
ir-r11789912,ir-r11789913,adjacent,osm
ir-r11789912,ir-r11789915,adjacent,osm
ir-r11789912,ir-r11789916,adjacent,osm
ir-r11789913,ir-r11789925,adjacent,osm
ir-r11789913,ir-r11789914,adjacent,osm
ir-r11789913,ir-r11789915,adjacent,osm
ir-r11789915,ir-r11789914,adjacent,osm
ir-r11789915,ir-r11789916,adjacent,osm
ir-r11789915,ir-shahrak-mostafa-khomeini,adjacent,osm
ir-r11789889,ir-r11789890,adjacent,osm
ir-r11789889,ir-r11789893,adjacent,osm
ir-r11789889,ir-r11789898,adjacent,osm
ir-r11789889,ir-r11789888,adjacent,osm
ir-r11789889,ir-r11789897,adjacent,osm
ir-r11789878,ir-r11789879,adjacent,osm
ir-r11789878,ir-r11789883,adjacent,osm
ir-r11789878,ir-r19398786,adjacent,osm
ir-r11789883,ir-shahrak-mostafa-khomeini,adjacent,osm
ir-r11789883,ir-r11789882,adjacent,osm
ir-r11789883,ir-r11789879,adjacent,osm
ir-r11789883,ir-r19398786,adjacent,osm
ir-r11789883,ir-ghanat-naseri,adjacent,osm
ir-r11789879,ir-r11789882,adjacent,osm
ir-r11789879,ir-r11789880,adjacent,osm
ir-r11789879,ir-r11789894,adjacent,osm
ir-r11789879,ir-r19398786,adjacent,osm
ir-r11789879,ir-r11789895,adjacent,osm
ir-r11789882,ir-r11789881,adjacent,osm
ir-r11789882,ir-shahrak-mostafa-khomeini,adjacent,osm
ir-r11789882,ir-r11789880,adjacent,osm
ir-r11789880,ir-r11789881,adjacent,osm
ir-r11789880,ir-r11800354,adjacent,osm
ir-r11789880,ir-r11789893,adjacent,osm
ir-r11789880,ir-r11789894,adjacent,osm
ir-r11789881,ir-r11789916,adjacent,osm
ir-r11789881,ir-r11800354,adjacent,osm
ir-r11789881,ir-shahrak-mostafa-khomeini,adjacent,osm
ir-r11789894,ir-r11789893,adjacent,osm
ir-r11789894,ir-r11789888,adjacent,osm
ir-r11789894,ir-r11789895,adjacent,osm
ir-r11789890,ir-r11789892,adjacent,osm
ir-r11789890,ir-r11789891,adjacent,osm
ir-r11789890,ir-r11789893,adjacent,osm
ir-r11789890,ir-r11789898,adjacent,osm
ir-r11789892,ir-r11800354,adjacent,osm
ir-r11789892,ir-r11789891,adjacent,osm
ir-r11789892,ir-r11789893,adjacent,osm
ir-r11789898,ir-r11789891,adjacent,osm
ir-r11789898,ir-r11789897,adjacent,osm
ir-r11789893,ir-r11800354,adjacent,osm
ir-r11789893,ir-r11789888,adjacent,osm
ir-r11789888,ir-r11789897,adjacent,osm
ir-r11789888,ir-r11789895,adjacent,osm
ir-r11789888,ir-r11789896,adjacent,osm
ir-r11789896,ir-shahrak-hejrat,adjacent,osm
ir-r11789896,ir-r11789897,adjacent,osm
ir-r11789896,ir-r11789895,adjacent,osm
ir-r11789896,ir-r19398787,adjacent,osm
ir-r11789896,ir-r11789887,adjacent,osm
ir-r11789885,ir-r15347688,adjacent,osm
ir-r11789885,ir-shahrak-hejrat,adjacent,osm
ir-r11789885,ir-r11789884,adjacent,osm
ir-r11789885,ir-r11789887,adjacent,osm
ir-shahrak-hejrat,ir-r11789887,adjacent,osm
ir-r11789924,ir-r11789925,adjacent,osm
ir-r11789924,ir-r17337283,adjacent,osm
ir-r11789924,ir-baharan-2,adjacent,osm
ir-r11789924,ir-shahrak-mostafa-khomeini,adjacent,osm
ir-gomrok,ir-atebba,adjacent,osm
ir-bandar-kong,ir-bandar-lengeh,adjacent,osm
ir-r6558580,ir-r6556758,adjacent,osm
ir-r6558580,ir-r6556713,adjacent,osm
ir-r14009424,ir-nukabad,adjacent,osm
ir-koye-montazeri,ir-canaan,adjacent,osm
ir-kut-e-abdollah,ir-ahwaz,adjacent,osm
ir-falavarjan,ir-kelishad-and-sudarjan,adjacent,osm
ir-fuladshahr,ir-iman-shahr,adjacent,osm
ir-khomeini-shahr-district-4,ir-khomeini-shahr-district-2,adjacent,osm
ir-khomeini-shahr-district-4,ir-khomeini-shahr-district-1,adjacent,osm
ir-r16630367,ir-r15574290,adjacent,osm
ir-w914026629,ir-r15574290,adjacent,osm
ir-r15574290,ir-r15574285,adjacent,osm
ir-r6557021,ir-r17353299,adjacent,osm
ir-tir-bazar,ir-r12432352,adjacent,osm
ir-r17358236,ir-shahrake-keshavarzi,adjacent,osm
ir-r17358236,ir-sabalan-faze-2,adjacent,osm
ir-tayb,ir-goldasht-sharghi,adjacent,osm
ir-tayb,ir-shaghaygh,adjacent,osm
ir-mahmood-abad-sofla,ir-boyer-ahmad,adjacent,osm
ir-esbestan,ir-goldasht-sharghi,adjacent,osm
ir-esbestan,ir-koy-mokhaberat,adjacent,osm
ir-esbestan,ir-khyr-abad,adjacent,osm
ir-khyr-abad,ir-shaghaygh,adjacent,osm
ir-khyr-abad,ir-khezr,adjacent,osm
ir-shahrak-emam-hossein-3,ir-kooye-daneshgah,adjacent,osm
ir-shahrak-emam-hossein-3,ir-emamat,adjacent,osm
ir-shahrak-emam-hossein-3,ir-shahrak-jahad,adjacent,osm
ir-shahrak-emam-hossein-3,ir-shahed-3,adjacent,osm
ir-kooye-daneshgah,ir-boyer-ahmad,adjacent,osm
ir-kooye-daneshgah,ir-emamat,adjacent,osm
ir-bazar-4,ir-boyer-ahmad,adjacent,osm
ir-bazar-4,ir-emamat,adjacent,osm
ir-bazar-4,ir-shahed-3,adjacent,osm
ir-r12432352,ir-hekmat,adjacent,osm
ir-r12432352,ir-koy-mokhaberat,adjacent,osm
ir-r9403414,ir-r9403418,adjacent,osm
ir-r9403414,ir-r9403438,adjacent,osm
ir-r9403414,ir-r9408994,adjacent,osm
ir-r9403438,ir-r9403418,adjacent,osm
ir-r9403438,ir-r9408994,adjacent,osm
ir-emamat,ir-shahed-3,adjacent,osm
ir-heydari,ir-saadi,adjacent,osm
ir-heydari,ir-daneshgah,adjacent,osm
ir-heydari,ir-miremad,adjacent,osm
ir-heydari,ir-hadi-abad,adjacent,osm
ir-heydari,ir-ghias-abad,adjacent,osm
ir-r8769516,ir-r11526759,adjacent,osm
ir-miremad,ir-saadi,adjacent,osm
ir-miremad,ir-hadi-abad,adjacent,osm
ir-saadi,ir-navab-safavi-2,adjacent,osm
ir-saadi,ir-hadi-abad,adjacent,osm
ir-r8688314,ir-bonyad,adjacent,osm
ir-r8688314,ir-r20190254,adjacent,osm
ir-r8688314,ir-shahrak-zafar,adjacent,osm
ir-hekmat,ir-goldasht-sharghi,adjacent,osm
ir-hekmat,ir-koy-mokhaberat,adjacent,osm
ir-koy-mokhaberat,ir-goldasht-sharghi,adjacent,osm
ir-hokm-abad,ir-bagh-dabir,adjacent,osm
ir-hokm-abad,ir-tohid-2,adjacent,osm
ir-bagh-dabir,ir-valiasr-6,adjacent,osm
ir-bagh-dabir,ir-tohid-2,adjacent,osm
ir-qahjavarestan,ir-isfahan,adjacent,osm
ir-telori-oliya,ir-soheyl-begi,adjacent,osm
ir-soheyl-begi,ir-r16317250,adjacent,osm
ir-r12691851,ir-r12691848,adjacent,osm
ir-r12691851,ir-r12691849,adjacent,osm
ir-r12691851,ir-r12691850,adjacent,osm
ir-r12691851,ir-r12691844,adjacent,osm
ir-r12691851,ir-r13406344,adjacent,osm
ir-r12691851,ir-r13406345,adjacent,osm
ir-r12691848,ir-sheykh-tousi,adjacent,osm
ir-r12691848,ir-r17228130,adjacent,osm
ir-r12691848,ir-r12691849,adjacent,osm
ir-r12691848,ir-r12691847,adjacent,osm
ir-r12691848,ir-r12691850,adjacent,osm
ir-r12691847,ir-sheykh-tousi,adjacent,osm
ir-r12691847,ir-r17228130,adjacent,osm
ir-r12691847,ir-garakan,adjacent,osm
ir-r12691847,ir-laleh,adjacent,osm
ir-r12691847,ir-r12691846,adjacent,osm
ir-r12691847,ir-r12691850,adjacent,osm
ir-laleh,ir-attar-nyshabori,adjacent,osm
ir-laleh,ir-fajr-2,adjacent,osm
ir-laleh,ir-sheykh-tousi,adjacent,osm
ir-laleh,ir-garakan,adjacent,osm
ir-khajeh-amid,ir-hamedanian,adjacent,osm
ir-khajeh-amid,ir-mofatteh,adjacent,osm
ir-khajeh-amid,ir-r17231633,adjacent,osm
ir-khajeh-amid,ir-sarvestan,adjacent,osm
ir-khajeh-amid,ir-parvin,adjacent,osm
ir-khajeh-amid,ir-molla-sadra,adjacent,osm
ir-parvin,ir-sarvestan,adjacent,osm
ir-parvin,ir-dashtestan,adjacent,osm
ir-parvin,ir-molla-sadra,adjacent,osm
ir-parvin,ir-attar-nyshabori,adjacent,osm
ir-parvin,ir-fajr-2,adjacent,osm
ir-sarvestan,ir-hamedanian,adjacent,osm
ir-sarvestan,ir-r16717587,adjacent,osm
ir-sarvestan,ir-mofatteh,adjacent,osm
ir-sarvestan,ir-r16717132,adjacent,osm
ir-sarvestan,ir-asgarieh,adjacent,osm
ir-sarvestan,ir-dashtestan,adjacent,osm
ir-dashtestan,ir-asgarieh,adjacent,osm
ir-dashtestan,ir-mosala-5,adjacent,osm
ir-dashtestan,ir-attar-nyshabori,adjacent,osm
ir-molla-sadra,ir-fajr-2,adjacent,osm
ir-molla-sadra,ir-garakan,adjacent,osm
ir-fajr-2,ir-attar-nyshabori,adjacent,osm
ir-fajr-2,ir-sheykh-tousi,adjacent,osm
ir-fajr-2,ir-garakan,adjacent,osm
ir-attar-nyshabori,ir-asgarieh,adjacent,osm
ir-attar-nyshabori,ir-mosala-5,adjacent,osm
ir-attar-nyshabori,ir-sheykh-tousi,adjacent,osm
ir-mosala-5,ir-asgarieh,adjacent,osm
ir-mosala-5,ir-r16717105,adjacent,osm
ir-mosala-5,ir-r16717096,adjacent,osm
ir-mosala-5,ir-r17228109,adjacent,osm
ir-mosala-5,ir-sheykh-tousi,adjacent,osm
ir-mosala-5,ir-r17228130,adjacent,osm
ir-sheykh-tousi,ir-r17228109,adjacent,osm
ir-sheykh-tousi,ir-r17228130,adjacent,osm
ir-r9393133,ir-r9393134,adjacent,osm
ir-hava-niruz,ir-nookan,adjacent,osm
ir-nookan,ir-danesh-4,adjacent,osm
ir-district-6,ir-district-2-3,adjacent,osm
ir-district-6,ir-district-1-5,adjacent,osm
ir-district-6,ir-district-7-4,adjacent,osm
ir-r6557976,ir-kermanshah,adjacent,osm
ir-darvazeh-qoran,ir-golestan-haft-tanan,adjacent,osm
ir-darvazeh-qoran,ir-rabbani,adjacent,osm
ir-darvazeh-qoran,ir-abzangi,adjacent,osm
ir-abzangi,ir-golestan-haft-tanan,adjacent,osm
ir-abzangi,ir-rabbani,adjacent,osm
ir-rabbani,ir-golestan-haft-tanan,adjacent,osm
ir-soltanabad-2,ir-r10054123,adjacent,osm
ir-vazir-abad-2,ir-r10054123,adjacent,osm
ir-zone-2-3,ir-zone-7,adjacent,osm
ir-zone-2-3,ir-zone-9-2,adjacent,osm
ir-zone-2-3,ir-zone-4-2,adjacent,osm
ir-zone-2-3,ir-zone-3-2,adjacent,osm
ir-east-tehransar,ir-r13895268,adjacent,osm
ir-east-tehransar,ir-khalij-fars,adjacent,osm
ir-east-tehransar,ir-north-tehransar,adjacent,osm
ir-east-tehransar,ir-zone-1-2,adjacent,osm
ir-east-tehransar,ir-shahrak-pasdaran,adjacent,osm
ir-eslam-abaad,ir-r20192760,adjacent,osm
ir-eslam-abaad,ir-r14442545,adjacent,osm
ir-eslam-abaad,ir-azimieh,adjacent,osm
ir-koy-karmandan-north,ir-dehghan-vila,adjacent,osm
ir-koy-karmandan-north,ir-kooye-etehad,adjacent,osm
ir-koy-karmandan-north,ir-kooye-ghaem,adjacent,osm
ir-kooye-etehad,ir-kooye-ghaem,adjacent,osm
ir-kooye-etehad,ir-r20190141,adjacent,osm
ir-kooye-etehad,ir-oqafi,adjacent,osm
ir-kooye-etehad,ir-rajaei-shahr-gohardasht,adjacent,osm
ir-khoramdasht,ir-pishahangi,adjacent,osm
ir-pishahangi,ir-r20192564,adjacent,osm
ir-pishahangi,ir-kamal-shahr,adjacent,osm
ir-pishahangi,ir-shahrak-goldasht,adjacent,osm
ir-kamalshahr,ir-karaj,adjacent,osm
ir-asad-abaad,ir-agh-tapeh,adjacent,osm
ir-asad-abaad,ir-phase-1-mehrshahr,adjacent,osm
ir-asad-abaad,ir-r20192487,adjacent,osm
ir-kooye-zanbagh,ir-kiyanmehr,adjacent,osm
ir-kooye-zanbagh,ir-r20192541,adjacent,osm
ir-kooye-zanbagh,ir-kooye-mehr,adjacent,osm
ir-phase-3-mehrshahr,ir-agh-tapeh,adjacent,osm
ir-chaharsad-dastgah-2,ir-shahrak-fahmideh,adjacent,osm
ir-chaharsad-dastgah-2,ir-r20192632,adjacent,osm
ir-chaharsad-dastgah-2,ir-dolat-abad-3,adjacent,osm
ir-chaharsad-dastgah-2,ir-esfahaniha,adjacent,osm
ir-chaharsad-dastgah-2,ir-r20190152,adjacent,osm
ir-andishe-phase-2,ir-talaeiye-town,adjacent,osm
ir-andishe-phase-2,ir-kosar-town,adjacent,osm
ir-r9039143,ir-fardis-centre,adjacent,osm
ir-shahrak-abrisham,ir-mehdiabad,adjacent,osm
ir-andishe-phase-1,ir-vaeen-town,adjacent,osm
ir-r12977792,ir-r12977793,adjacent,osm
ir-r12977792,ir-r12977796,adjacent,osm
ir-juqin,ir-r12977793,adjacent,osm
ir-r12977796,ir-r12977793,adjacent,osm
ir-r12977796,ir-r12977797,adjacent,osm
ir-r12977797,ir-r12977793,adjacent,osm
ir-khalij-fars,ir-r13895268,adjacent,osm
ir-khalij-fars,ir-fath-sanati,adjacent,osm
ir-khalij-fars,ir-north-tehransar,adjacent,osm
ir-khalij-fars,ir-zone-1-2,adjacent,osm
ir-khalij-fars,ir-zone-2-2,adjacent,osm
ir-r13895268,ir-fath-sanati,adjacent,osm
ir-r13895268,ir-north-tehransar,adjacent,osm
ir-r13895268,ir-zone-1-2,adjacent,osm
ir-r13895268,ir-zone-2-2,adjacent,osm
ir-district-18,ir-district-19,adjacent,osm
ir-district-18,ir-district-17,adjacent,osm
ir-qods,ir-tehran,adjacent,osm
ir-nasimshahr,ir-eslamshahr,adjacent,osm
ir-salehiyeh,ir-golestan-7,adjacent,osm
ir-kosar-town,ir-fardis-centre,adjacent,osm
ir-r12981899,ir-safadasht,adjacent,osm
ir-r21292190,ir-esmaeil-abad-2,adjacent,osm
ir-r21292190,ir-r21293051,adjacent,osm
ir-r21292190,ir-r21292652,adjacent,osm
ir-r21292190,ir-r19816281,adjacent,osm
ir-shush,ir-r21292006,adjacent,osm
ir-shush,ir-mazaheri-2,adjacent,osm
ir-shush,ir-herandi,adjacent,osm
ir-mazaheri-2,ir-r21292006,adjacent,osm
ir-mazaheri-2,ir-herandi,adjacent,osm
ir-r13406343,ir-r12691844,adjacent,osm
ir-r13406343,ir-baharestan-3,adjacent,osm
ir-r13406343,ir-r13406344,adjacent,osm
ir-r13406343,ir-r13406470,adjacent,osm
ir-r13406343,ir-r13406346,adjacent,osm
ir-r13406344,ir-r12691844,adjacent,osm
ir-r13406344,ir-r13406345,adjacent,osm
ir-r13406344,ir-r13406346,adjacent,osm
ir-r13406345,ir-r12691844,adjacent,osm
ir-r13406345,ir-r13406346,adjacent,osm
ir-r13406346,ir-r13406470,adjacent,osm
ir-r13406470,ir-r17231445,adjacent,osm
ir-r13406470,ir-baharestan-3,adjacent,osm
ir-r13406470,ir-r13406471,adjacent,osm
ir-r13406470,ir-r13406472,adjacent,osm
ir-r13406472,ir-r13406471,adjacent,osm
ir-r13406472,ir-r13406474,adjacent,osm
ir-r13406474,ir-r13406473,adjacent,osm
ir-r13406474,ir-r13406471,adjacent,osm
ir-r13406473,ir-khaneh-esfahan,adjacent,osm
ir-r13406473,ir-r17231263,adjacent,osm
ir-r13406473,ir-r13406471,adjacent,osm
ir-r13406527,ir-r14509155,adjacent,osm
ir-r13406527,ir-r16717977,adjacent,osm
ir-baharestan-3,ir-tameh,adjacent,osm
ir-baharestan-3,ir-r17231445,adjacent,osm
ir-baharestan-3,ir-r12691844,adjacent,osm
ir-baharestan-3,ir-r13406471,adjacent,osm
ir-farhangian-phase-2,ir-karmandan,adjacent,osm
ir-district-7-4,ir-district-1-5,adjacent,osm
ir-district-7-4,ir-district-5-4,adjacent,osm
ir-district-5-4,ir-district-1-5,adjacent,osm
ir-r21283755,ir-zone-2-2,adjacent,osm
ir-r21283755,ir-daryacheh,adjacent,osm
ir-r21283755,ir-r21283470,adjacent,osm
ir-shahed-4,ir-r14396862,adjacent,osm
ir-shahed-4,ir-r14396866,adjacent,osm
ir-shahed-4,ir-vahidieh,adjacent,osm
ir-shahed-4,ir-r21290346,adjacent,osm
ir-shahed-4,ir-west-lashkar,adjacent,osm
ir-vahidieh,ir-r14396862,adjacent,osm
ir-vahidieh,ir-r14396866,adjacent,osm
ir-vahidieh,ir-r21290346,adjacent,osm
ir-vahidieh,ir-west-lashkar,adjacent,osm
ir-r14396866,ir-r14396862,adjacent,osm
ir-r14396866,ir-r14396865,adjacent,osm
ir-r14396866,ir-khajeh-nezam,adjacent,osm
ir-r14396866,ir-r21290346,adjacent,osm
ir-r14396866,ir-west-lashkar,adjacent,osm
ir-r8858608,ir-jamkaran,adjacent,osm
ir-r8858608,ir-bonyad-2,adjacent,osm
ir-r8858608,ir-saadati,adjacent,osm
ir-r8858608,ir-zanbil-abad,adjacent,osm
ir-r8858608,ir-yazdan-shahr,adjacent,osm
ir-yazdan-shahr,ir-saadati,adjacent,osm
ir-yazdan-shahr,ir-barasun,adjacent,osm
ir-bonyad-2,ir-jamkaran,adjacent,osm
ir-bonyad-2,ir-zanbil-abad,adjacent,osm
ir-saadati,ir-barasun,adjacent,osm
ir-saadati,ir-bagh-karbasi,adjacent,osm
ir-boolvar-amin-va-saheli,ir-bekayi,adjacent,osm
ir-boolvar-amin-va-saheli,ir-mosalla,adjacent,osm
ir-boolvar-amin-va-saheli,ir-salarieh,adjacent,osm
ir-mosalla,ir-bekayi,adjacent,osm
ir-mosalla,ir-dore-shahr,adjacent,osm
ir-mosalla,ir-safaeieh,adjacent,osm
ir-barasun,ir-bagh-karbasi,adjacent,osm
ir-baqee,ir-jamkaran,adjacent,osm
ir-district-5-5,ir-district-1-9,adjacent,osm
ir-district-5-5,ir-district-4-6,adjacent,osm
ir-qom-no,ir-chehel-derakht,adjacent,osm
ir-qom-no,ir-nirugah,adjacent,osm
ir-safaeieh,ir-dore-shahr,adjacent,osm
ir-nirugah,ir-chehel-derakht,adjacent,osm
ir-nirugah,ir-mehr-abad,adjacent,osm
ir-nirugah,ir-zand-abad,adjacent,osm
ir-nirugah,ir-shah-ebrahim,adjacent,osm
ir-district-6-2,ir-district-7,adjacent,osm
ir-district-6-2,ir-district-3-7,adjacent,osm
ir-district-6-2,ir-district-2-8,adjacent,osm
ir-haj-zeinal,ir-zad,adjacent,osm
ir-chahar-emamzadeh,ir-bajak-2,adjacent,osm
ir-chahar-emamzadeh,ir-ammar-yaser,adjacent,osm
ir-aluchoo,ir-ammar-yaser,adjacent,osm
ir-district-7,ir-district-3-7,adjacent,osm
ir-district-7,ir-district-1-9,adjacent,osm
ir-district-7,ir-district-4-6,adjacent,osm
ir-district-7,ir-district-2-8,adjacent,osm
ir-dore-shahr,ir-bekayi,adjacent,osm
ir-bekayi,ir-zanbil-abad,adjacent,osm
ir-district-1-9,ir-district-3-7,adjacent,osm
ir-district-1-9,ir-district-4-6,adjacent,osm
ir-eslamshahr,ir-w1418649091,adjacent,osm
ir-south-khani-abad,ir-r21293049,adjacent,osm
ir-south-khani-abad,ir-r21293499,adjacent,osm
ir-south-khani-abad,ir-13-aban,adjacent,osm
ir-south-khani-abad,ir-shahrak-shariati,adjacent,osm
ir-south-khani-abad,ir-r21292652,adjacent,osm
ir-south-khani-abad,ir-esfandiari-bostan,adjacent,osm
ir-south-khani-abad,ir-r21293050,adjacent,osm
ir-masudieh,ir-r21292008,adjacent,osm
ir-masudieh,ir-mesgar-abad,adjacent,osm
ir-masudieh,ir-r21292011,adjacent,osm
ir-masudieh,ir-r21292012,adjacent,osm
ir-district-15,ir-district-20,adjacent,osm
ir-abas-abad,ir-r17021316,adjacent,osm
ir-r17021316,ir-r19430669,adjacent,osm
ir-r17021316,ir-r21293498,adjacent,osm
ir-mesgar-abad,ir-r21292011,adjacent,osm
ir-r21292011,ir-r21292008,adjacent,osm
ir-r21292011,ir-r21292012,adjacent,osm
ir-pakdasht,ir-r6557001,adjacent,osm
ir-district-1-7,ir-district-2-6,adjacent,osm
ir-qarchak,ir-varamin,adjacent,osm
ir-bumehen,ir-pardis-4,adjacent,osm
ir-bumehen,ir-rudehen,adjacent,osm
ir-vazvan,ir-meymeh,adjacent,osm
ir-ghopal,ir-shahrak-keshavarz,adjacent,osm
ir-ghopal,ir-sharif-abad,adjacent,osm
ir-shahrak-keshavarz,ir-shahrak-saadi,adjacent,osm
ir-shahrak-keshavarz,ir-ghafoor,adjacent,osm
ir-shahrak-keshavarz,ir-sharif-abad,adjacent,osm
ir-ghafoor,ir-tapeh-karbasi,adjacent,osm
ir-ghafoor,ir-shahrak-saadi,adjacent,osm
ir-ghafoor,ir-mellat,adjacent,osm
ir-ghafoor,ir-sharif-abad,adjacent,osm
ir-sharif-abad,ir-tapeh-karbasi,adjacent,osm
ir-sharif-abad,ir-mellat,adjacent,osm
ir-sharif-abad,ir-adab,adjacent,osm
ir-mellat,ir-r20193874,adjacent,osm
ir-mellat,ir-tapeh-karbasi,adjacent,osm
ir-mellat,ir-r20193922,adjacent,osm
ir-mellat,ir-adab,adjacent,osm
ir-tapeh-karbasi,ir-shalman,adjacent,osm
ir-tapeh-karbasi,ir-r20193874,adjacent,osm
ir-tapeh-karbasi,ir-shahrak-saadi,adjacent,osm
ir-tapeh-karbasi,ir-r20193922,adjacent,osm
ir-shahrak-saadi,ir-shalman,adjacent,osm
ir-gaz-borkhar,ir-isfahan,adjacent,osm
ir-gaz-borkhar,ir-shahin-shahr,adjacent,osm
ir-dastgerd-2,ir-dolatabad,adjacent,osm
ir-esmaeil-abad-2,ir-r21293051,adjacent,osm
ir-r21293051,ir-shahrak-resalat,adjacent,osm
ir-r21293051,ir-r21293049,adjacent,osm
ir-r21293051,ir-shahrak-shariati,adjacent,osm
ir-r21293051,ir-shokufeh-2,adjacent,osm
ir-r21293051,ir-r21292652,adjacent,osm
ir-r21293051,ir-r19816281,adjacent,osm
ir-hashtgerd,ir-mehestan,adjacent,osm
ir-shahreza,ir-manzarieh,adjacent,osm
ir-bafruiyeh,ir-meybod,adjacent,osm
ir-bafruiyeh,ir-ardakan-2,adjacent,osm
ir-meybod,ir-ardakan-2,adjacent,osm
ir-ahmadabad,ir-ardakan-2,adjacent,osm
ir-shahin-vila,ir-kooye-ghaem,adjacent,osm
ir-shahin-vila,ir-r20190200,adjacent,osm
ir-shahin-vila,ir-bonyad,adjacent,osm
ir-shahin-vila,ir-shahrak-zafar,adjacent,osm
ir-shahin-vila,ir-phase-3-qohardasht,adjacent,osm
ir-shahin-vila,ir-baghestan-3,adjacent,osm
ir-kooye-ghaem,ir-oqafi,adjacent,osm
ir-kooye-ghaem,ir-rajaei-shahr-gohardasht,adjacent,osm
ir-kooye-ghaem,ir-phase-3-qohardasht,adjacent,osm
ir-oqafi,ir-rajaei-shahr-gohardasht,adjacent,osm
ir-oqafi,ir-phase-3-qohardasht,adjacent,osm
ir-shahrak-zafar,ir-bonyad,adjacent,osm
ir-shahrak-zafar,ir-r20190254,adjacent,osm
ir-shahrak-zafar,ir-baghestan-3,adjacent,osm
ir-r20190254,ir-r20190200,adjacent,osm
ir-r20190254,ir-shahrak-shardari,adjacent,osm
ir-r20190254,ir-bonyad,adjacent,osm
ir-shahrak-shardari,ir-r20190200,adjacent,osm
ir-shahrak-shardari,ir-bonyad,adjacent,osm
ir-bonyad,ir-r20190200,adjacent,osm
ir-bonyad,ir-baghestan-3,adjacent,osm
ir-shahrak-baharestan,ir-r20189736,adjacent,osm
ir-shahrak-baharestan,ir-baghestan-3,adjacent,osm
ir-ali-abad-5,ir-r15261395,adjacent,osm
ir-ali-abad-5,ir-r21293266,adjacent,osm
ir-ali-abad-5,ir-takhti-4,adjacent,osm
ir-ali-abad-5,ir-r21293265,adjacent,osm
ir-ali-abad-5,ir-r21293500,adjacent,osm
ir-ali-abad-5,ir-javanmard-ghasab,adjacent,osm
ir-ali-abad-5,ir-r21293501,adjacent,osm
ir-ali-abad-5,ir-nazi-abad,adjacent,osm
ir-yakhjiabad-rezvan,ir-r21293266,adjacent,osm
ir-yakhjiabad-rezvan,ir-takhti-4,adjacent,osm
ir-yakhjiabad-rezvan,ir-r21293265,adjacent,osm
ir-yakhjiabad-rezvan,ir-r21293499,adjacent,osm
ir-yakhjiabad-rezvan,ir-13-aban,adjacent,osm
ir-yakhjiabad-rezvan,ir-r21293500,adjacent,osm
ir-yakhjiabad-rezvan,ir-javanmard-ghasab,adjacent,osm
ir-yakhjiabad-rezvan,ir-r21293267,adjacent,osm
ir-yakhjiabad-rezvan,ir-r21293050,adjacent,osm
ir-yakhjiabad-rezvan,ir-nazi-abad,adjacent,osm
ir-r21293267,ir-r21293266,adjacent,osm
ir-r21293267,ir-takhti-4,adjacent,osm
ir-r21293267,ir-r21293265,adjacent,osm
ir-r21293267,ir-r21293499,adjacent,osm
ir-r21293267,ir-13-aban,adjacent,osm
ir-r21293267,ir-r21293500,adjacent,osm
ir-r21293267,ir-javanmard-ghasab,adjacent,osm
ir-r21293267,ir-r21293050,adjacent,osm
ir-r21293267,ir-nazi-abad,adjacent,osm
ir-r21293265,ir-r21293266,adjacent,osm
ir-r21293265,ir-takhti-4,adjacent,osm
ir-r21293265,ir-nazi-abad,adjacent,osm
ir-r21293265,ir-r21293263,adjacent,osm
ir-r21293265,ir-r21292006,adjacent,osm
ir-takhti-4,ir-r15261395,adjacent,osm
ir-takhti-4,ir-r21293266,adjacent,osm
ir-takhti-4,ir-r21293499,adjacent,osm
ir-takhti-4,ir-13-aban,adjacent,osm
ir-takhti-4,ir-r21293500,adjacent,osm
ir-takhti-4,ir-javanmard-ghasab,adjacent,osm
ir-takhti-4,ir-nazi-abad,adjacent,osm
ir-nazi-abad,ir-r21293266,adjacent,osm
ir-nazi-abad,ir-r21293050,adjacent,osm
ir-nazi-abad,ir-boostan-velayat,adjacent,osm
ir-nazi-abad,ir-r21293263,adjacent,osm
ir-mehr-abad,ir-zand-abad,adjacent,osm
ir-mehr-abad,ir-shah-ebrahim,adjacent,osm
ir-shahrak-emam-hossein-2,ir-zand-abad,adjacent,osm
ir-shahrak-emam-hossein-2,ir-shah-ebrahim,adjacent,osm
ir-shahrak-emam-hossein-2,ir-shahid-sayad-shirazi,adjacent,osm
ir-shahrak-emam-hossein-2,ir-shahrak-fatemieh,adjacent,osm
ir-shah-ebrahim,ir-zand-abad,adjacent,osm
ir-zand-abad,ir-shahid-sayad-shirazi,adjacent,osm
ir-r14379447,ir-shahrak-valiasr-2,adjacent,osm
ir-nezami-ganjavi,ir-r21280075,adjacent,osm
ir-nezami-ganjavi,ir-saeei,adjacent,osm
ir-nezami-ganjavi,ir-r21280076,adjacent,osm
ir-nezami-ganjavi,ir-yousef-abad,adjacent,osm
ir-nezami-ganjavi,ir-r21285791,adjacent,osm
ir-nezami-ganjavi,ir-vanak-2,adjacent,osm
ir-r14395965,ir-r21280075,adjacent,osm
ir-r14395965,ir-saeei,adjacent,osm
ir-r14395965,ir-sanaei,adjacent,osm
ir-r14395965,ir-jahad-4,adjacent,osm
ir-r14395965,ir-r21280076,adjacent,osm
ir-r14395965,ir-yousef-abad,adjacent,osm
ir-saeei,ir-r21280075,adjacent,osm
ir-saeei,ir-sanaei,adjacent,osm
ir-saeei,ir-yousef-abad,adjacent,osm
ir-saeei,ir-r21285791,adjacent,osm
ir-saeei,ir-vanak-2,adjacent,osm
ir-sanaei,ir-r21280075,adjacent,osm
ir-khajeh-nezam,ir-r14396862,adjacent,osm
ir-khajeh-nezam,ir-r14396865,adjacent,osm
ir-khajeh-nezam,ir-heshmatieh,adjacent,osm
ir-r14396865,ir-r14396862,adjacent,osm
ir-r14396865,ir-heshmatieh,adjacent,osm
ir-r21290346,ir-r14396862,adjacent,osm
ir-r21290346,ir-south-majidieh,adjacent,osm
ir-r21290346,ir-r21291873,adjacent,osm
ir-r21290346,ir-west-lashkar,adjacent,osm
ir-r21290346,ir-heshmatieh,adjacent,osm
ir-west-lashkar,ir-r14396862,adjacent,osm
ir-west-lashkar,ir-south-majidieh,adjacent,osm
ir-west-lashkar,ir-heshmatieh,adjacent,osm
ir-r14396862,ir-south-majidieh,adjacent,osm
ir-r14396862,ir-dabestan,adjacent,osm
ir-r14396862,ir-r21291873,adjacent,osm
ir-r14396862,ir-heshmatieh,adjacent,osm
ir-district-7-3,ir-district-13,adjacent,osm
ir-district-7-3,ir-district-8-2,adjacent,osm
ir-district-7-3,ir-district-3-5,adjacent,osm
ir-district-7-3,ir-district-4-7,adjacent,osm
ir-district-8-2,ir-district-13,adjacent,osm
ir-district-8-2,ir-district-4-7,adjacent,osm
ir-poshte-jazayri,ir-r16317250,adjacent,osm
ir-poshte-jazayri,ir-goldasht-sharghi,adjacent,osm
ir-dareh-garm,ir-r14410389,adjacent,osm
ir-quarter-7-of-district-2,ir-r21280076,adjacent,osm
ir-quarter-7-of-district-2,ir-shahrak-e-ghods,adjacent,osm
ir-quarter-7-of-district-2,ir-vanak-2,adjacent,osm
ir-quarter-7-of-district-2,ir-r21285780,adjacent,osm
ir-quarter-7-of-district-2,ir-zone-1,adjacent,osm
ir-shahrak-e-ghods,ir-r21280076,adjacent,osm
ir-shahrak-e-ghods,ir-vanak-2,adjacent,osm
ir-shahrak-e-ghods,ir-r21285780,adjacent,osm
ir-shahrak-e-ghods,ir-zone-1,adjacent,osm
ir-district-2-10,ir-district-3-5,adjacent,osm
ir-district-2-10,ir-district-1-10,adjacent,osm
ir-district-3-5,ir-district-4-7,adjacent,osm
ir-district-3-5,ir-district-1-10,adjacent,osm
ir-district-9,ir-district-2-4,adjacent,osm
ir-district-9,ir-district-4-5,adjacent,osm
ir-district-9,ir-district-5-2,adjacent,osm
ir-district-9,ir-district-1-3,adjacent,osm
ir-district-9,ir-district-8,adjacent,osm
ir-district-9,ir-district-7-2,adjacent,osm
ir-district-1-3,ir-district-2-4,adjacent,osm
ir-district-1-3,ir-district-10-2,adjacent,osm
ir-district-1-3,ir-district-8,adjacent,osm
ir-r20190152,ir-esfahaniha,adjacent,osm
ir-r20190152,ir-r14442545,adjacent,osm
ir-r14442545,ir-esfahaniha,adjacent,osm
ir-r14442545,ir-r20192760,adjacent,osm
ir-r14442545,ir-azimieh,adjacent,osm
ir-azimieh,ir-hassan-abaad,adjacent,osm
ir-ghias-abad,ir-daneshgah,adjacent,osm
ir-ghias-abad,ir-hadi-abad,adjacent,osm
ir-ghias-abad,ir-r17648979,adjacent,osm
ir-ghias-abad,ir-aref-mini-city,adjacent,osm
ir-ghias-abad,ir-minoodar-mini-city,adjacent,osm
ir-aref-mini-city,ir-hadi-abad,adjacent,osm
ir-aref-mini-city,ir-r17648979,adjacent,osm
ir-aref-mini-city,ir-minoodar-mini-city,adjacent,osm
ir-manba-ab,ir-r14456988,adjacent,osm
ir-sabalan-phase-3,ir-r16068378,adjacent,osm
ir-sabalan-phase-3,ir-sabalan-faze-2,adjacent,osm
ir-sabalan-phase-3,ir-be-sat,adjacent,osm
ir-be-sat,ir-r16068378,adjacent,osm
ir-be-sat,ir-sabalan-faze-2,adjacent,osm
ir-molla-hadi,ir-danesh-3,adjacent,osm
ir-molla-hadi,ir-sa-di,adjacent,osm
ir-danesh-3,ir-hafez,adjacent,osm
ir-danesh-3,ir-sa-di,adjacent,osm
ir-khargush-tappeh,ir-shahrak-jami,adjacent,osm
ir-ghods,ir-azadi-2,adjacent,osm
ir-falakodin,ir-r14723384,adjacent,osm
ir-r14723384,ir-motahari-3,adjacent,osm
ir-kooye-mohandesan,ir-koye-pirozi,adjacent,osm
ir-kooye-mohandesan,ir-r14726660,adjacent,osm
ir-r14726653,ir-r14726660,adjacent,osm
ir-malard,ir-shahriyar,adjacent,osm
ir-malard,ir-marlik,adjacent,osm
ir-malard,ir-sarasiab,adjacent,osm
ir-malard,ir-andishe,adjacent,osm
ir-malard,ir-fardis,adjacent,osm
ir-r14745234,ir-mirzamani,adjacent,osm
ir-azadegan-5,ir-nayband-jonoobi,adjacent,osm
ir-azadegan-5,ir-foroodgah-ghadim,adjacent,osm
ir-marlik,ir-sarasiab,adjacent,osm
ir-marlik,ir-fardis,adjacent,osm
ir-talaeiye-town,ir-jafarie-town,adjacent,osm
ir-hafez,ir-azadi-2,adjacent,osm
ir-hafez,ir-keshavarzi,adjacent,osm
ir-hafez,ir-sa-di,adjacent,osm
ir-sa-di,ir-keshavarzi,adjacent,osm
ir-sa-di,ir-gariban,adjacent,osm
ir-r15018215,ir-r15018189,adjacent,osm
ir-r15018215,ir-r15018238,adjacent,osm
ir-r15018215,ir-r15018216,adjacent,osm
ir-r15018211,ir-r15018180,adjacent,osm
ir-r15018211,ir-r15018276,adjacent,osm
ir-r15018276,ir-r15018180,adjacent,osm
ir-r15018276,ir-r15018270,adjacent,osm
ir-r15018216,ir-r15018189,adjacent,osm
ir-r15018216,ir-r15018270,adjacent,osm
ir-r15018270,ir-r15018189,adjacent,osm
ir-r15018270,ir-r15018180,adjacent,osm
ir-r15018189,ir-r15018308,adjacent,osm
ir-r15018189,ir-r15018845,adjacent,osm
ir-r15018189,ir-r15018238,adjacent,osm
ir-r15018238,ir-r15018308,adjacent,osm
ir-r15018238,ir-r15018845,adjacent,osm
ir-r15018845,ir-r15018891,adjacent,osm
ir-r15018845,ir-r15018892,adjacent,osm
ir-r15018845,ir-r15018308,adjacent,osm
ir-r15018891,ir-r15018892,adjacent,osm
ir-r15018308,ir-r15018892,adjacent,osm
ir-shahid-beheshti-2,ir-r19430669,adjacent,osm
ir-shahid-beheshti-2,ir-hamzeh-abad,adjacent,osm
ir-shahid-beheshti-2,ir-r21293499,adjacent,osm
ir-shahid-beheshti-2,ir-13-aban,adjacent,osm
ir-shahid-beheshti-2,ir-r21293500,adjacent,osm
ir-r19430669,ir-hamzeh-abad,adjacent,osm
ir-r19430669,ir-r21293498,adjacent,osm
ir-r19430669,ir-r21293499,adjacent,osm
ir-r19430669,ir-13-aban,adjacent,osm
ir-r19430669,ir-r21293500,adjacent,osm
ir-district-20,ir-district-19,adjacent,osm
ir-rey,ir-tehran,adjacent,osm
ir-13-aban,ir-r21293266,adjacent,osm
ir-13-aban,ir-hamzeh-abad,adjacent,osm
ir-13-aban,ir-r21293500,adjacent,osm
ir-13-aban,ir-javanmard-ghasab,adjacent,osm
ir-13-aban,ir-r21293050,adjacent,osm
ir-hamzeh-abad,ir-r21293499,adjacent,osm
ir-hamzeh-abad,ir-r21293500,adjacent,osm
ir-hamzeh-abad,ir-javanmard-ghasab,adjacent,osm
ir-r21293499,ir-r21293266,adjacent,osm
ir-r21293499,ir-r21293500,adjacent,osm
ir-r21293499,ir-javanmard-ghasab,adjacent,osm
ir-r21293499,ir-r21293050,adjacent,osm
ir-javanmard-ghasab,ir-r15261395,adjacent,osm
ir-javanmard-ghasab,ir-r21293266,adjacent,osm
ir-javanmard-ghasab,ir-r21293498,adjacent,osm
ir-javanmard-ghasab,ir-r21293500,adjacent,osm
ir-javanmard-ghasab,ir-shahadat,adjacent,osm
ir-javanmard-ghasab,ir-r21293501,adjacent,osm
ir-r15261395,ir-r21293266,adjacent,osm
ir-r15261395,ir-r21293500,adjacent,osm
ir-r15261395,ir-shahadat,adjacent,osm
ir-r15261395,ir-r21293501,adjacent,osm
ir-shahadat,ir-r21293498,adjacent,osm
ir-shahadat,ir-r21293500,adjacent,osm
ir-shahadat,ir-r21293501,adjacent,osm
ir-r21293501,ir-r21293266,adjacent,osm
ir-r21293501,ir-r21293498,adjacent,osm
ir-r21293501,ir-r21293500,adjacent,osm
ir-emam-hassan-neighbourhood,ir-r15531432,adjacent,osm
ir-emam-hassan-neighbourhood,ir-r15522023,adjacent,osm
ir-emam-hassan-neighbourhood,ir-r15522024,adjacent,osm
ir-r15522024,ir-r15522023,adjacent,osm
ir-r15522024,ir-kuh-shahidan-neighborhood,adjacent,osm
ir-miromar-neighbourhood,ir-kalaa,adjacent,osm
ir-miromar-neighbourhood,ir-kuh-shahidan-neighborhood,adjacent,osm
ir-r15522023,ir-r15531432,adjacent,osm
ir-r15522023,ir-kuh-shahidan-neighborhood,adjacent,osm
ir-bakhshan,ir-labsangi,adjacent,osm
ir-kohneh-kala,ir-ju-balouchan,adjacent,osm
ir-maskan-mehr,ir-r15531709,adjacent,osm
ir-r15531708,ir-r15531709,adjacent,osm
ir-shahrak-pasdaran,ir-north-tehransar,adjacent,osm
ir-shahrak-pasdaran,ir-zone-1-2,adjacent,osm
ir-r12800250,ir-r12800248,adjacent,osm
ir-r16201872,ir-kiyanmehr,adjacent,osm
ir-dezful,ir-andimeshk,adjacent,osm
ir-district-4,ir-district-2-5,adjacent,osm
ir-district-4,ir-district-1-4,adjacent,osm
ir-shahrak-e-manzariyeh,ir-punak,adjacent,osm
ir-shahrak-e-manzariyeh,ir-golshahr-3,adjacent,osm
ir-shahrak-e-manzariyeh,ir-r15707902,adjacent,osm
ir-shahrak-e-manzariyeh,ir-shahrak-andisheh,adjacent,osm
ir-r15707902,ir-punak,adjacent,osm
ir-r15707902,ir-golshahr-3,adjacent,osm
ir-r15707902,ir-shahrak-andisheh,adjacent,osm
ir-shahrak-shahriar-2,ir-r15740141,adjacent,osm
ir-1,ir-5,adjacent,osm
ir-madani-borough,ir-andisheh-town-2,adjacent,osm
ir-madani-borough,ir-zamin-shahri,adjacent,osm
ir-madani-borough,ir-old-way-ghasem-abad,adjacent,osm
ir-madani-borough,ir-ghasem-abad-2,adjacent,osm
ir-kosar-4,ir-5-azar,adjacent,osm
ir-salarieh,ir-zanbil-abad,adjacent,osm
ir-kooy-e-samin,ir-shahrak-nanvayan,adjacent,osm
ir-shahrak-nanvayan,ir-kooy-e-saeediye,adjacent,osm
ir-shahrak-nanvayan,ir-r19315014,adjacent,osm
ir-r15920721,ir-r21283270,adjacent,osm
ir-r15920721,ir-shahrak-sadra,adjacent,osm
ir-r15920721,ir-daryacheh,adjacent,osm
ir-shahrak-sadra,ir-zone-2-2,adjacent,osm
ir-shahrak-sadra,ir-shahrak-azadi,adjacent,osm
ir-shahrak-sadra,ir-r17147384,adjacent,osm
ir-shahrak-sadra,ir-r21283270,adjacent,osm
ir-shahrak-sadra,ir-daryacheh,adjacent,osm
ir-shahrak-sadra,ir-r21283470,adjacent,osm
ir-shahrak-sadra,ir-r19233111,adjacent,osm
ir-shahrak-sadra,ir-golestan-4,adjacent,osm
ir-shahrak-sadra,ir-r15550022,adjacent,osm
ir-district-12-2,ir-district-11-3,adjacent,osm
ir-district-12-2,ir-district-10-4,adjacent,osm
ir-quarter-2-of-district-12,ir-quarter-2-of-district-10,adjacent,osm
ir-quarter-2-of-district-12,ir-quarter-1-of-district-12,adjacent,osm
ir-quarter-2-of-district-12,ir-jahed-shahr,adjacent,osm
ir-quarter-2-of-district-12,ir-elahiyeh-community,adjacent,osm
ir-elahiyeh-community,ir-quarter-2-of-district-10,adjacent,osm
ir-elahiyeh-community,ir-quarter-1-of-district-12,adjacent,osm
ir-elahiyeh-community,ir-jahed-shahr,adjacent,osm
ir-quarter-1-of-district-12,ir-quarter-2-of-district-11,adjacent,osm
ir-quarter-1-of-district-12,ir-fareghottahsilan,adjacent,osm
ir-quarter-1-of-district-12,ir-usefiyeh,adjacent,osm
ir-quarter-1-of-district-12,ir-vakil-abad,adjacent,osm
ir-quarter-1-of-district-12,ir-quarter-2-of-district-10,adjacent,osm
ir-quarter-1-of-district-12,ir-jahed-shahr,adjacent,osm
ir-vakil-abad,ir-quarter-2-of-district-11,adjacent,osm
ir-vakil-abad,ir-fareghottahsilan,adjacent,osm
ir-vakil-abad,ir-usefiyeh,adjacent,osm
ir-vakil-abad,ir-quarter-2-of-district-10,adjacent,osm
ir-vakil-abad,ir-jahed-shahr,adjacent,osm
ir-jahed-shahr,ir-quarter-2-of-district-11,adjacent,osm
ir-jahed-shahr,ir-fareghottahsilan,adjacent,osm
ir-jahed-shahr,ir-usefiyeh,adjacent,osm
ir-jahed-shahr,ir-quarter-2-of-district-10,adjacent,osm
ir-vilashahr,ir-kuyedadgostari,adjacent,osm
ir-vilashahr,ir-r20192692,adjacent,osm
ir-vilashahr,ir-w1475512645,adjacent,osm
ir-akram-abad,ir-r15924666,adjacent,osm
ir-sha-dehsar,ir-lasheidan-hokumati,adjacent,osm
ir-r21277138,ir-r21288319,adjacent,osm
ir-r21277138,ir-r21288720,adjacent,osm
ir-kashanak,ir-r21276347,adjacent,osm
ir-kashanak,ir-r21273565,adjacent,osm
ir-kashanak,ir-hesar-bouali,adjacent,osm
ir-kashanak,ir-sahebqaraniyeh,adjacent,osm
ir-kashanak,ir-r21276046,adjacent,osm
ir-kashanak,ir-r11717461,adjacent,osm
ir-kashanak,ir-niavaran,adjacent,osm
ir-koy-tahmasbi,ir-koy-shahrvand,adjacent,osm
ir-koy-tahmasbi,ir-chob-bori-eghtesad,adjacent,osm
ir-kuye-javadieh,ir-koy-shahrvand,adjacent,osm
ir-kuye-javadieh,ir-chob-bori-eghtesad,adjacent,osm
ir-kuye-javadieh,ir-shahrak-khayam,adjacent,osm
ir-kuye-javadieh,ir-kianshahr,adjacent,osm
ir-koy-shahrvand,ir-chob-bori-eghtesad,adjacent,osm
ir-chob-bori-eghtesad,ir-kianshahr,adjacent,osm
ir-r16115665,ir-r16115666,adjacent,osm
ir-sheikh-ruzbehan,ir-r18726494,adjacent,osm
ir-sheikh-ruzbehan,ir-shahrak-rezvan,adjacent,osm
ir-sheikh-ruzbehan,ir-r16144103,adjacent,osm
ir-r16144103,ir-shahrak-rezvan,adjacent,osm
ir-r16144103,ir-farhangian-2,adjacent,osm
ir-district-4-3,ir-district-8-3,adjacent,osm
ir-district-4-3,ir-district-3-4,adjacent,osm
ir-district-4-3,ir-district-2-3,adjacent,osm
ir-district-8-3,ir-district-2-3,adjacent,osm
ir-r16170999,ir-r18901553,adjacent,osm
ir-enghelab-4,ir-emam-zadeh-ali-akbar,adjacent,osm
ir-r16192399,ir-r16192398,adjacent,osm
ir-mahale-evazia,ir-r16201865,adjacent,osm
ir-mahale-evazia,ir-shamiliha,adjacent,osm
ir-shamiliha,ir-r16201865,adjacent,osm
ir-shamiliha,ir-22bahman,adjacent,osm
ir-r16201865,ir-22bahman,adjacent,osm
ir-r16270502,ir-r16120900,adjacent,osm
ir-shahrak-emam-ali,ir-shahrak-jahad,adjacent,osm
ir-shahrak-emam-ali,ir-dowlat-abad,adjacent,osm
ir-dowlat-abad,ir-shahrak-jahad,adjacent,osm
ir-dowlat-abad,ir-sharaf-abad-vosta,adjacent,osm
ir-goldasht-sharghi,ir-r16317250,adjacent,osm
ir-r16405529,ir-r16405531,adjacent,osm
ir-r16405529,ir-r16405530,adjacent,osm
ir-r16405530,ir-r16405531,adjacent,osm
ir-r16405531,ir-r16309186,adjacent,osm
ir-r20194264,ir-shahrak-zeytun,adjacent,osm
ir-r20194264,ir-koy-anjirab,adjacent,osm
ir-koy-anjirab,ir-shahrak-zeytun,adjacent,osm
ir-rezvan-2,ir-silo,adjacent,osm
ir-rezvan-2,ir-persigaz,adjacent,osm
ir-rezvan-2,ir-majid-abad,adjacent,osm
ir-khezrian-street,ir-arak-street,adjacent,osm
ir-khezrian-street,ir-majid-abad,adjacent,osm
ir-khezrian-street,ir-car-center,adjacent,osm
ir-majid-abad,ir-silo,adjacent,osm
ir-majid-abad,ir-arak-street,adjacent,osm
ir-majid-abad,ir-car-center,adjacent,osm
ir-majid-abad,ir-zamin-shahri,adjacent,osm
ir-majid-abad,ir-old-way-ghasem-abad,adjacent,osm
ir-persigaz,ir-silo,adjacent,osm
ir-persigaz,ir-r19059693,adjacent,osm
ir-arak-street,ir-silo,adjacent,osm
ir-district-3-4,ir-district-2-3,adjacent,osm
ir-district-3-4,ir-district-1-5,adjacent,osm
ir-district-1-5,ir-district-2-3,adjacent,osm
ir-shahid-sayad-shirazi,ir-shahrak-fatemieh,adjacent,osm
ir-asyabad,ir-sekheyriye,adjacent,osm
ir-nakhl-e-taghi-city,ir-asalouyeh-city,adjacent,osm
ir-banak-city,ir-bander-kangan-city,adjacent,osm
ir-iran-transfo,ir-punak,adjacent,osm
ir-mehregan-city,ir-mohammadiyeh-city,adjacent,osm
ir-sharif-abad-city,ir-mohammadiyeh-city,adjacent,osm
ir-r16713339,ir-r16717165,adjacent,osm
ir-r16713339,ir-r16717498,adjacent,osm
ir-r16713339,ir-r16713338,adjacent,osm
ir-r16713339,ir-r16713341,adjacent,osm
ir-r16713339,ir-r16717271,adjacent,osm
ir-r16713338,ir-r16717165,adjacent,osm
ir-r16713338,ir-jozdan-elyadaran,adjacent,osm
ir-r16713338,ir-r16713341,adjacent,osm
ir-r16713338,ir-r16713340,adjacent,osm
ir-r16713341,ir-r16717498,adjacent,osm
ir-r16713341,ir-r16717271,adjacent,osm
ir-r16713341,ir-r16713340,adjacent,osm
ir-r16713341,ir-r16713342,adjacent,osm
ir-r16713340,ir-jozdan-elyadaran,adjacent,osm
ir-r16713340,ir-r16713342,adjacent,osm
ir-r16713340,ir-r16717754,adjacent,osm
ir-r16713340,ir-tiran,adjacent,osm
ir-r16713340,ir-dastgerd,adjacent,osm
ir-r16713342,ir-r16717271,adjacent,osm
ir-r16713342,ir-r16717096,adjacent,osm
ir-r16713342,ir-r17228073,adjacent,osm
ir-r16713342,ir-tiran,adjacent,osm
ir-r16713342,ir-dastgerd,adjacent,osm
ir-asgarieh,ir-r16717132,adjacent,osm
ir-asgarieh,ir-r16717105,adjacent,osm
ir-r16717105,ir-r16717132,adjacent,osm
ir-r16717105,ir-r16717140,adjacent,osm
ir-r16717105,ir-r16717221,adjacent,osm
ir-r16717105,ir-r16717096,adjacent,osm
ir-r16717105,ir-r17228109,adjacent,osm
ir-r16717132,ir-r16717593,adjacent,osm
ir-r16717132,ir-r16717587,adjacent,osm
ir-r16717132,ir-mofatteh,adjacent,osm
ir-r16717132,ir-r16717579,adjacent,osm
ir-r16717132,ir-r16717140,adjacent,osm
ir-r16717165,ir-lonban,adjacent,osm
ir-r16717165,ir-r16717294,adjacent,osm
ir-r16717165,ir-r16717498,adjacent,osm
ir-r16717165,ir-jozdan-elyadaran,adjacent,osm
ir-mofatteh,ir-hamedanian,adjacent,osm
ir-mofatteh,ir-cheshmeh-bagher-khan,adjacent,osm
ir-mofatteh,ir-r16717587,adjacent,osm
ir-r16717140,ir-r16717498,adjacent,osm
ir-r16717140,ir-r16717579,adjacent,osm
ir-r16717140,ir-r16717221,adjacent,osm
ir-r16717140,ir-r16717096,adjacent,osm
ir-cheshmeh-bagher-khan,ir-shahzeyd,adjacent,osm
ir-cheshmeh-bagher-khan,ir-hamedanian,adjacent,osm
ir-cheshmeh-bagher-khan,ir-r16717587,adjacent,osm
ir-r16717221,ir-r16717498,adjacent,osm
ir-r16717221,ir-r16717579,adjacent,osm
ir-r16717221,ir-r16717271,adjacent,osm
ir-r16717221,ir-r16717096,adjacent,osm
ir-r16717271,ir-r16717498,adjacent,osm
ir-r16717271,ir-r16717096,adjacent,osm
ir-r16717271,ir-r17228073,adjacent,osm
ir-r16717271,ir-tiran,adjacent,osm
ir-abbas-abad-6,ir-barberry-garden,adjacent,osm
ir-abbas-abad-6,ir-r16717711,adjacent,osm
ir-abbas-abad-6,ir-saeb,adjacent,osm
ir-abbas-abad-6,ir-lonban,adjacent,osm
ir-abbas-abad-6,ir-r16717294,adjacent,osm
ir-west-rokn-oldoleh,ir-north-mehrabad,adjacent,osm
ir-west-rokn-oldoleh,ir-bagh-ghadir-khalil-abad,adjacent,osm
ir-west-rokn-oldoleh,ir-farhangian-3,adjacent,osm
ir-west-rokn-oldoleh,ir-r16717799,adjacent,osm
ir-west-rokn-oldoleh,ir-east-rokn-oldoleh,adjacent,osm
ir-west-rokn-oldoleh,ir-r16717660,adjacent,osm
ir-west-rokn-oldoleh,ir-shahzeyd,adjacent,osm
ir-east-rokn-oldoleh,ir-bagh-ghadir-khalil-abad,adjacent,osm
ir-east-rokn-oldoleh,ir-kalman,adjacent,osm
ir-east-rokn-oldoleh,ir-shahrak-fazel-baharan,adjacent,osm
ir-east-rokn-oldoleh,ir-shahzeyd,adjacent,osm
ir-east-rokn-oldoleh,ir-hamedanian,adjacent,osm
ir-r16717294,ir-r16717711,adjacent,osm
ir-r16717294,ir-saeb,adjacent,osm
ir-r16717294,ir-lonban,adjacent,osm
ir-r16717294,ir-r16717498,adjacent,osm
ir-r16717294,ir-jozdan-elyadaran,adjacent,osm
ir-r16717525,ir-ladan,adjacent,osm
ir-r16717525,ir-soudan,adjacent,osm
ir-r16717525,ir-r16717794,adjacent,osm
ir-r16717525,ir-zajan,adjacent,osm
ir-r16717525,ir-r16717692,adjacent,osm
ir-r16717525,ir-r16717301,adjacent,osm
ir-r16717525,ir-mahaleh-eslami,adjacent,osm
ir-kalman,ir-bagh-ghadir-khalil-abad,adjacent,osm
ir-kalman,ir-kordabad,adjacent,osm
ir-kalman,ir-shahrak-fazel-baharan,adjacent,osm
ir-kalman,ir-hamedanian,adjacent,osm
ir-r16717579,ir-r16717593,adjacent,osm
ir-r16717579,ir-r16717587,adjacent,osm
ir-r16717579,ir-r16717498,adjacent,osm
ir-shahzeyd,ir-r16717660,adjacent,osm
ir-shahzeyd,ir-hamedanian,adjacent,osm
ir-shahzeyd,ir-r16717587,adjacent,osm
ir-r16717593,ir-r16717660,adjacent,osm
ir-r16717593,ir-r16717587,adjacent,osm
ir-r16717593,ir-r16717498,adjacent,osm
ir-r16717587,ir-r16717660,adjacent,osm
ir-r16717498,ir-r16717777,adjacent,osm
ir-r16717498,ir-r16717711,adjacent,osm
ir-r16717498,ir-r16717660,adjacent,osm
ir-r16717692,ir-r16717754,adjacent,osm
ir-r16717692,ir-dastgerd,adjacent,osm
ir-r16717692,ir-fardvan,adjacent,osm
ir-r16717692,ir-r16717794,adjacent,osm
ir-r16717692,ir-r16717301,adjacent,osm
ir-r16717711,ir-barberry-garden,adjacent,osm
ir-r16717711,ir-r16717777,adjacent,osm
ir-r16717711,ir-r16717660,adjacent,osm
ir-kordabad,ir-bagh-ghadir-khalil-abad,adjacent,osm
ir-kordabad,ir-shahrak-fazel-baharan,adjacent,osm
ir-r16717754,ir-r17232006,adjacent,osm
ir-r16717754,ir-jozdan-elyadaran,adjacent,osm
ir-r16717754,ir-dastgerd,adjacent,osm
ir-r16717754,ir-fardvan,adjacent,osm
ir-r16717754,ir-r16717794,adjacent,osm
ir-r16717660,ir-farhangian-3,adjacent,osm
ir-r16717660,ir-r16717799,adjacent,osm
ir-r16717660,ir-r16717777,adjacent,osm
ir-r16717777,ir-r16717799,adjacent,osm
ir-r16717799,ir-farhangian-3,adjacent,osm
ir-r13406526,ir-r16717892,adjacent,osm
ir-r13406526,ir-r13406525,adjacent,osm
ir-r13406526,ir-r16717978,adjacent,osm
ir-r13406526,ir-r14509155,adjacent,osm
ir-r14509155,ir-r16717978,adjacent,osm
ir-r14509155,ir-r16717977,adjacent,osm
ir-r16717977,ir-r16717978,adjacent,osm
ir-r16717978,ir-r16717892,adjacent,osm
ir-pinart,ir-shahrak-zayandehrood,adjacent,osm
ir-jolfa-2,ir-r16720409,adjacent,osm
ir-jolfa-2,ir-hosein-abad-3,adjacent,osm
ir-jolfa-2,ir-sichan,adjacent,osm
ir-jolfa-2,ir-vahid-2,adjacent,osm
ir-jolfa-2,ir-baghdaryacheh,adjacent,osm
ir-jolfa-2,ir-barberry-garden,adjacent,osm
ir-vahid-2,ir-kuy-e-valiasr,adjacent,osm
ir-vahid-2,ir-farahabad,adjacent,osm
ir-vahid-2,ir-hosein-abad-3,adjacent,osm
ir-vahid-2,ir-r17232173,adjacent,osm
ir-vahid-2,ir-baghdaryacheh,adjacent,osm
ir-r16720409,ir-r20190193,adjacent,osm
ir-r16720409,ir-farahabad,adjacent,osm
ir-r16720409,ir-hosein-abad-3,adjacent,osm
ir-r16720409,ir-r17231277,adjacent,osm
ir-r16720409,ir-sichan,adjacent,osm
ir-hosein-abad-3,ir-farahabad,adjacent,osm
ir-hosein-abad-3,ir-sichan,adjacent,osm
ir-hosein-abad-3,ir-baghdaryacheh,adjacent,osm
ir-kuy-e-valiasr,ir-r17232169,adjacent,osm
ir-kuy-e-valiasr,ir-r17232170,adjacent,osm
ir-kuy-e-valiasr,ir-r17232172,adjacent,osm
ir-kuy-e-valiasr,ir-farahabad,adjacent,osm
ir-kuy-e-valiasr,ir-r17232173,adjacent,osm
ir-kooye-emam-jafar-sadegh,ir-r17231348,adjacent,osm
ir-koy-e-sepahan,ir-r17231409,adjacent,osm
ir-koy-e-sepahan,ir-r17231348,adjacent,osm
ir-barberry-garden,ir-sichan,adjacent,osm
ir-barberry-garden,ir-r17231189,adjacent,osm
ir-barberry-garden,ir-baghdaryacheh,adjacent,osm
ir-barberry-garden,ir-saeb,adjacent,osm
ir-r14719459,ir-shahrak-ghaemieh,adjacent,osm
ir-r16759464,ir-vila-shahr,adjacent,osm
ir-r16759464,ir-r20193847,adjacent,osm
ir-r16759464,ir-shahrak-abidar,adjacent,osm
ir-nowghatar,ir-now-bahar,adjacent,osm
ir-nowghatar,ir-shah-seyed-ali,adjacent,osm
ir-nowghatar,ir-ammar-yaser,adjacent,osm
ir-bajak-3,ir-bajak-2,adjacent,osm
ir-ammar-yaser,ir-bajak-2,adjacent,osm
ir-pool-taleshan,ir-shahrake-sanati-sepidrood,adjacent,osm
ir-elahieh,ir-fatemieh,adjacent,osm
ir-elahieh,ir-moshaver,adjacent,osm
ir-elahieh,ir-amirieh,adjacent,osm
ir-elahieh,ir-r11789928,adjacent,osm
ir-fatemieh,ir-baharan-2,adjacent,osm
ir-fatemieh,ir-sadeghieh,adjacent,osm
ir-fatemieh,ir-moshaver,adjacent,osm
ir-fatemieh,ir-hafezieh-2,adjacent,osm
ir-fatemieh,ir-moalem,adjacent,osm
ir-fatemieh,ir-amirieh,adjacent,osm
ir-baharan-2,ir-shahrak-mostafa-khomeini,adjacent,osm
ir-baharan-2,ir-sadeghieh,adjacent,osm
ir-baharan-2,ir-hafezieh-2,adjacent,osm
ir-moshaver,ir-sadeghieh,adjacent,osm
ir-azarbayjan-2,ir-felestin-enghelab,adjacent,osm
ir-r14973654,ir-r16838192,adjacent,osm
ir-kooy-e-nasr,ir-arazi-artesh,adjacent,osm
ir-kooy-e-nasr,ir-r16867659,adjacent,osm
ir-kooy-e-nasr,ir-shahrak-e-azadegan,adjacent,osm
ir-shahrak-e-azadegan,ir-r16867659,adjacent,osm
ir-arazi-artesh,ir-r16867659,adjacent,osm
ir-rah-ahan-4,ir-kuy-vahdat,adjacent,osm
ir-rah-ahan-4,ir-hoseinieh,adjacent,osm
ir-honarestan-2,ir-kuy-vahdat,adjacent,osm
ir-khomeini-shahr-district-1,ir-district-9-3,adjacent,osm
ir-khomeini-shahr-district-1,ir-khomeini-shahr-district-2,adjacent,osm
ir-khomeini-shahr-district-1,ir-khomeini-shahr-district-3,adjacent,osm
ir-khomeini-shahr-district-1,ir-district-2-7,adjacent,osm
ir-r16836058,ir-r17034450,adjacent,osm
ir-shahrak-khayam,ir-kianshahr,adjacent,osm
ir-serah-khavar,ir-nokhodchar,adjacent,osm
ir-r17133257,ir-r17133261,adjacent,osm
ir-mehrvila-south,ir-phase-4-mehrshahr,adjacent,osm
ir-mehrvila-south,ir-dolat-abad-3,adjacent,osm
ir-mehrvila-south,ir-golshahr-vila,adjacent,osm
ir-mehrvila-south,ir-r20190417,adjacent,osm
ir-golshahr-vila,ir-r20190417,adjacent,osm
ir-golshahr-vila,ir-dehghan-vila,adjacent,osm
ir-golshahr-vila,ir-karaj-no,adjacent,osm
ir-zone-2-2,ir-mehrabad-airport,adjacent,osm
ir-zone-2-2,ir-north-tehransar,adjacent,osm
ir-zone-2-2,ir-zone-1-2,adjacent,osm
ir-zone-2-2,ir-shahrak-azadi,adjacent,osm
ir-zone-2-2,ir-r17147384,adjacent,osm
ir-zone-2-2,ir-r21283270,adjacent,osm
ir-zone-2-2,ir-daryacheh,adjacent,osm
ir-zone-2-2,ir-r21283470,adjacent,osm
ir-zone-1-2,ir-fath-sanati,adjacent,osm
ir-zone-1-2,ir-mehrabad-airport,adjacent,osm
ir-zone-1-2,ir-north-tehransar,adjacent,osm
ir-zone-1-2,ir-shahrak-azadi,adjacent,osm
ir-zone-1-2,ir-r17147384,adjacent,osm
ir-north-tehransar,ir-fath-sanati,adjacent,osm
ir-north-tehransar,ir-mehrabad-airport,adjacent,osm
ir-north-tehransar,ir-shahrak-azadi,adjacent,osm
ir-north-tehransar,ir-r17147384,adjacent,osm
ir-shahrak-azadi,ir-r17147384,adjacent,osm
ir-shahrak-azadi,ir-r21283270,adjacent,osm
ir-r17147384,ir-r21283270,adjacent,osm
ir-r17228073,ir-r16717096,adjacent,osm
ir-r17228073,ir-tiran,adjacent,osm
ir-r17228073,ir-ahangaran-2,adjacent,osm
ir-r17228073,ir-r17228106,adjacent,osm
ir-r17228073,ir-r17228090,adjacent,osm
ir-district-3,ir-district-5-7,adjacent,osm
ir-district-3,ir-district-6-6,adjacent,osm
ir-district-3,ir-district-4-8,adjacent,osm
ir-district-3,ir-district-1-2,adjacent,osm
ir-district-3,ir-district-10-3,adjacent,osm
ir-district-3,ir-district-8-4,adjacent,osm
ir-district-3,ir-district-7-5,adjacent,osm
ir-r16717096,ir-tiran,adjacent,osm
ir-r16717096,ir-r17228106,adjacent,osm
ir-r16717096,ir-r17228109,adjacent,osm
ir-r17228106,ir-r17228109,adjacent,osm
ir-r17228106,ir-r17228090,adjacent,osm
ir-r17228109,ir-r17228090,adjacent,osm
ir-r17228109,ir-r17228130,adjacent,osm
ir-r17228109,ir-r12691845,adjacent,osm
ir-r17228130,ir-r12691845,adjacent,osm
ir-r17228130,ir-r12691849,adjacent,osm
ir-r12691849,ir-r12691845,adjacent,osm
ir-r12691849,ir-r12691850,adjacent,osm
ir-r12691849,ir-r12691844,adjacent,osm
ir-r12691844,ir-r12691845,adjacent,osm
ir-r12691844,ir-tameh,adjacent,osm
ir-r12691845,ir-r17228090,adjacent,osm
ir-r12691845,ir-shamsabad,adjacent,osm
ir-sichan,ir-r17231277,adjacent,osm
ir-sichan,ir-r17231189,adjacent,osm
ir-r13406471,ir-r17231445,adjacent,osm
ir-r13406471,ir-khaneh-esfahan,adjacent,osm
ir-r13406471,ir-r17231263,adjacent,osm
ir-khaneh-esfahan,ir-kojan,adjacent,osm
ir-khaneh-esfahan,ir-marchin,adjacent,osm
ir-khaneh-esfahan,ir-r17231445,adjacent,osm
ir-khaneh-esfahan,ir-r17231263,adjacent,osm
ir-r17231263,ir-marchin,adjacent,osm
ir-r17231278,ir-r17231357,adjacent,osm
ir-r17231278,ir-r20190193,adjacent,osm
ir-r17231278,ir-r17231279,adjacent,osm
ir-r17231278,ir-r17231277,adjacent,osm
ir-r17231278,ir-r17231281,adjacent,osm
ir-r17231278,ir-r17231189,adjacent,osm
ir-hemmat-abad,ir-r17231357,adjacent,osm
ir-hemmat-abad,ir-r17231279,adjacent,osm
ir-hemmat-abad,ir-r17231280,adjacent,osm
ir-hemmat-abad,ir-r17231281,adjacent,osm
ir-r17231279,ir-r17231357,adjacent,osm
ir-r17231279,ir-r20190193,adjacent,osm
ir-r17231279,ir-r17231280,adjacent,osm
ir-r17231279,ir-r17231281,adjacent,osm
ir-r17231277,ir-r20190193,adjacent,osm
ir-r17231277,ir-r17231189,adjacent,osm
ir-r17231189,ir-r17231281,adjacent,osm
ir-r17231281,ir-r17231280,adjacent,osm
ir-r12691850,ir-r12691846,adjacent,osm
ir-r12691850,ir-r17231350,adjacent,osm
ir-r12691850,ir-r17231282,adjacent,osm
ir-r12691846,ir-garakan,adjacent,osm
ir-r12691846,ir-r17231350,adjacent,osm
ir-r12691846,ir-r17231282,adjacent,osm
ir-r17231280,ir-r17231357,adjacent,osm
ir-r17231411,ir-r17231409,adjacent,osm
ir-r17231348,ir-r17231409,adjacent,osm
ir-r17231348,ir-r17231357,adjacent,osm
ir-r17231348,ir-r20190192,adjacent,osm
ir-r17231350,ir-r17231282,adjacent,osm
ir-r17231350,ir-r17231444,adjacent,osm
ir-r17231350,ir-r17231414,adjacent,osm
ir-r17231414,ir-r17231444,adjacent,osm
ir-r17231444,ir-r17231282,adjacent,osm
ir-r17231445,ir-kojan,adjacent,osm
ir-r17231445,ir-shahryar,adjacent,osm
ir-r17231445,ir-razmandegan,adjacent,osm
ir-r17231445,ir-tameh,adjacent,osm
ir-r17231443,ir-r17231448,adjacent,osm
ir-tameh,ir-shahryar,adjacent,osm
ir-tameh,ir-razmandegan,adjacent,osm
ir-kasareh,ir-dastgerd,adjacent,osm
ir-kasareh,ir-fardvan,adjacent,osm
ir-kasareh,ir-shamsabad,adjacent,osm
ir-kasareh,ir-parteman,adjacent,osm
ir-kasareh,ir-shahryar,adjacent,osm
ir-kasareh,ir-razmandegan,adjacent,osm
ir-shahryar,ir-dastgerd,adjacent,osm
ir-shahryar,ir-shamsabad,adjacent,osm
ir-shahryar,ir-razmandegan,adjacent,osm
ir-r16717301,ir-fardvan,adjacent,osm
ir-r16717301,ir-r16717794,adjacent,osm
ir-r16717301,ir-zajan,adjacent,osm
ir-r16717301,ir-mahaleh-eslami,adjacent,osm
ir-r16717301,ir-kojan,adjacent,osm
ir-r16717301,ir-parteman,adjacent,osm
ir-razmandegan,ir-kojan,adjacent,osm
ir-razmandegan,ir-parteman,adjacent,osm
ir-fardvan,ir-dastgerd,adjacent,osm
ir-fardvan,ir-parteman,adjacent,osm
ir-parteman,ir-mahaleh-eslami,adjacent,osm
ir-parteman,ir-kojan,adjacent,osm
ir-south-hasseh,ir-r17231580,adjacent,osm
ir-district-14,ir-district-10-3,adjacent,osm
ir-district-14,ir-district-7-5,adjacent,osm
ir-tiran,ir-dastgerd,adjacent,osm
ir-tiran,ir-ahangaran-2,adjacent,osm
ir-tiran,ir-r17228090,adjacent,osm
ir-district-7-5,ir-district-1-2,adjacent,osm
ir-district-7-5,ir-district-10-3,adjacent,osm
ir-district-7-5,ir-district-8-4,adjacent,osm
ir-district-7-5,ir-district-12-3,adjacent,osm
ir-r17228090,ir-ahangaran-2,adjacent,osm
ir-r17228090,ir-shamsabad,adjacent,osm
ir-dastgerd,ir-ahangaran-2,adjacent,osm
ir-dastgerd,ir-shamsabad,adjacent,osm
ir-ahangaran-2,ir-shamsabad,adjacent,osm
ir-r17231516,ir-r17231580,adjacent,osm
ir-hamedanian,ir-shahrak-fazel-baharan,adjacent,osm
ir-hamedanian,ir-r17231857,adjacent,osm
ir-hamedanian,ir-r17231633,adjacent,osm
ir-atsharan,ir-r17231676,adjacent,osm
ir-district-10-3,ir-district-4-8,adjacent,osm
ir-district-10-3,ir-district-15-2,adjacent,osm
ir-r17231633,ir-r17231857,adjacent,osm
ir-r17231633,ir-r17231676,adjacent,osm
ir-r17231676,ir-r17231883,adjacent,osm
ir-r17231676,ir-r17231857,adjacent,osm
ir-r17231676,ir-r17231825,adjacent,osm
ir-r17231825,ir-r17231888,adjacent,osm
ir-r17231825,ir-r17231883,adjacent,osm
ir-r17231825,ir-r17231857,adjacent,osm
ir-r17231825,ir-r17231807,adjacent,osm
ir-r17231807,ir-r17231954,adjacent,osm
ir-r17231807,ir-r17231888,adjacent,osm
ir-r17231807,ir-r17231883,adjacent,osm
ir-r17231807,ir-r17231837,adjacent,osm
ir-r17231857,ir-shahrak-fazel-baharan,adjacent,osm
ir-r17231857,ir-r17231883,adjacent,osm
ir-shahrak-fazel-baharan,ir-r17231883,adjacent,osm
ir-marchin,ir-kojan,adjacent,osm
ir-marchin,ir-limjir,adjacent,osm
ir-marchin,ir-southern-babokan,adjacent,osm
ir-marchin,ir-r16717892,adjacent,osm
ir-marchin,ir-r21151429,adjacent,osm
ir-soudan,ir-azadan,adjacent,osm
ir-soudan,ir-r17232010,adjacent,osm
ir-soudan,ir-ladan,adjacent,osm
ir-soudan,ir-r16717794,adjacent,osm
ir-soudan,ir-zajan,adjacent,osm
ir-r17231837,ir-r17231954,adjacent,osm
ir-r17231837,ir-r17231888,adjacent,osm
ir-r17231888,ir-r17237250,adjacent,osm
ir-r17231888,ir-r17241295,adjacent,osm
ir-r17231888,ir-r17231954,adjacent,osm
ir-r17231888,ir-r17231883,adjacent,osm
ir-r16717794,ir-r17232006,adjacent,osm
ir-r16717794,ir-ladan,adjacent,osm
ir-r16717794,ir-jozdan-elyadaran,adjacent,osm
ir-ladan,ir-gortan,adjacent,osm
ir-ladan,ir-kohanestan,adjacent,osm
ir-ladan,ir-azadan,adjacent,osm
ir-ladan,ir-r17232006,adjacent,osm
ir-kohanestan,ir-gortan,adjacent,osm
ir-kohanestan,ir-r17231999,adjacent,osm
ir-kohanestan,ir-r17232006,adjacent,osm
ir-azadan,ir-naserabad,adjacent,osm
ir-azadan,ir-gortan,adjacent,osm
ir-azadan,ir-r17232010,adjacent,osm
ir-gortan,ir-naserabad,adjacent,osm
ir-gortan,ir-zahran,adjacent,osm
ir-gortan,ir-r17231999,adjacent,osm
ir-r17232010,ir-naserabad,adjacent,osm
ir-r17232010,ir-r17232049,adjacent,osm
ir-r17232010,ir-zajan,adjacent,osm
ir-jozdan-elyadaran,ir-zahran,adjacent,osm
ir-jozdan-elyadaran,ir-lonban,adjacent,osm
ir-jozdan-elyadaran,ir-r17231999,adjacent,osm
ir-jozdan-elyadaran,ir-r17232006,adjacent,osm
ir-r17232006,ir-r17231999,adjacent,osm
ir-naserabad,ir-r17241171,adjacent,osm
ir-naserabad,ir-zahran,adjacent,osm
ir-naserabad,ir-r17232049,adjacent,osm
ir-lonban,ir-nazhvan,adjacent,osm
ir-lonban,ir-zahran,adjacent,osm
ir-lonban,ir-saeb,adjacent,osm
ir-lonban,ir-r17231999,adjacent,osm
ir-r17231999,ir-zahran,adjacent,osm
ir-saeb,ir-baghdaryacheh,adjacent,osm
ir-saeb,ir-r17241171,adjacent,osm
ir-saeb,ir-nazhvan,adjacent,osm
ir-district-1-2,ir-district-5-7,adjacent,osm
ir-district-1-2,ir-district-6-6,adjacent,osm
ir-district-1-2,ir-district-9-3,adjacent,osm
ir-district-1-2,ir-district-8-4,adjacent,osm
ir-district-1-2,ir-district-2-7,adjacent,osm
ir-zahran,ir-r17241171,adjacent,osm
ir-zahran,ir-nazhvan,adjacent,osm
ir-nazhvan,ir-r17241171,adjacent,osm
ir-r17232167,ir-r17232169,adjacent,osm
ir-r17232167,ir-r17232168,adjacent,osm
ir-r17232168,ir-r17232169,adjacent,osm
ir-r17232168,ir-r17232170,adjacent,osm
ir-r17232168,ir-r16197059,adjacent,osm
ir-r17232170,ir-r17232169,adjacent,osm
ir-r17232170,ir-r17232172,adjacent,osm
ir-r17232170,ir-r16197059,adjacent,osm
ir-r17232170,ir-r17232173,adjacent,osm
ir-r16197059,ir-r17232169,adjacent,osm
ir-r16197059,ir-r17232172,adjacent,osm
ir-r16197059,ir-13,adjacent,osm
ir-r17232172,ir-r17232173,adjacent,osm
ir-r17232172,ir-13,adjacent,osm
ir-baghdaryacheh,ir-r17232173,adjacent,osm
ir-baghdaryacheh,ir-13,adjacent,osm
ir-baghdaryacheh,ir-r17241171,adjacent,osm
ir-13,ir-r17232173,adjacent,osm
ir-13,ir-r17241171,adjacent,osm
ir-r17232173,ir-farahabad,adjacent,osm
ir-r17232497,ir-shahrak-zayandehrood,adjacent,osm
ir-r17232497,ir-r17231954,adjacent,osm
ir-southern-babokan,ir-limjir,adjacent,osm
ir-southern-babokan,ir-r16717892,adjacent,osm
ir-kojan,ir-mahaleh-eslami,adjacent,osm
ir-kojan,ir-mashadeh,adjacent,osm
ir-kojan,ir-limjir,adjacent,osm
ir-district-8-4,ir-district-11,adjacent,osm
ir-district-8-4,ir-district-2-7,adjacent,osm
ir-district-8-4,ir-district-12-3,adjacent,osm
ir-limjir,ir-mashadeh,adjacent,osm
ir-mahaleh-eslami,ir-zajan,adjacent,osm
ir-mahaleh-eslami,ir-mashadeh,adjacent,osm
ir-tahoneh,ir-zajan,adjacent,osm
ir-tahoneh,ir-mashadeh,adjacent,osm
ir-mashadeh,ir-zajan,adjacent,osm
ir-district-11,ir-district-9-3,adjacent,osm
ir-district-11,ir-khomeini-shahr-district-3,adjacent,osm
ir-district-11,ir-district-2-7,adjacent,osm
ir-r17231954,ir-r17237250,adjacent,osm
ir-r17231954,ir-r17241295,adjacent,osm
ir-district-9-3,ir-district-5-7,adjacent,osm
ir-district-9-3,ir-district-13-2,adjacent,osm
ir-district-9-3,ir-khomeini-shahr-district-3,adjacent,osm
ir-district-9-3,ir-district-2-7,adjacent,osm
ir-r17232049,ir-r17241171,adjacent,osm
ir-r17241183,ir-shahrestan,adjacent,osm
ir-r17241262,ir-r17241284,adjacent,osm
ir-district-4-8,ir-district-6-6,adjacent,osm
ir-district-4-8,ir-district-15-2,adjacent,osm
ir-r17237250,ir-r17241295,adjacent,osm
ir-r17231883,ir-r17241295,adjacent,osm
ir-r17245188,ir-shahriyar,adjacent,osm
ir-abrisham,ir-dorcheh,adjacent,osm
ir-abrisham,ir-isfahan,adjacent,osm
ir-district-13-2,ir-district-5-7,adjacent,osm
ir-isfahan,ir-dorcheh,adjacent,osm
ir-isfahan,ir-khomeyni-shahr,adjacent,osm
ir-r17271086,ir-r17232169,adjacent,osm
ir-r11789925,ir-r11789914,adjacent,osm
ir-r11789925,ir-r17337283,adjacent,osm
ir-district-1-8,ir-district-2-2,adjacent,osm
ir-district-1-8,ir-district-5,adjacent,osm
ir-r11789914,ir-r11789916,adjacent,osm
ir-r11789914,ir-r17337283,adjacent,osm
ir-r11789914,ir-shahrak-mostafa-khomeini,adjacent,osm
ir-r17337283,ir-shahrak-mostafa-khomeini,adjacent,osm
ir-chahar-dangeh,ir-tehran,adjacent,osm
ir-sabalan-faze-2,ir-shahrake-keshavarzi,adjacent,osm
ir-sabalan-faze-2,ir-r16068378,adjacent,osm
ir-sabalan-faze-2,ir-janbazan-2,adjacent,osm
ir-r16068378,ir-andisheh,adjacent,osm
ir-r16068378,ir-shahrake-keshavarzi,adjacent,osm
ir-shahrake-keshavarzi,ir-r20197586,adjacent,osm
ir-shahrake-keshavarzi,ir-shahrake-mokhaberat,adjacent,osm
ir-shahrake-keshavarzi,ir-andisheh,adjacent,osm
ir-torkan,ir-ard-khusheh,adjacent,osm
ir-kooye-faraz,ir-zone-1,adjacent,osm
ir-kooye-faraz,ir-saadat-abad-2,adjacent,osm
ir-kooye-faraz,ir-shahrak-buali,adjacent,osm
ir-kooye-faraz,ir-zone-9,adjacent,osm
ir-kooye-faraz,ir-kuhsar,adjacent,osm
ir-kuhsar,ir-zone-1,adjacent,osm
ir-kuhsar,ir-saadat-abad-2,adjacent,osm
ir-kuhsar,ir-shahrak-buali,adjacent,osm
ir-kuhsar,ir-zone-9,adjacent,osm
ir-shahrak-buali,ir-zone-1,adjacent,osm
ir-shahrak-buali,ir-saadat-abad-2,adjacent,osm
ir-shahrak-buali,ir-zone-9,adjacent,osm
ir-zone-1,ir-vanak-2,adjacent,osm
ir-zone-1,ir-r21285780,adjacent,osm
ir-zone-1,ir-saadat-abad-2,adjacent,osm
ir-zone-1,ir-zone-9,adjacent,osm
ir-saadat-abad-2,ir-vanak-2,adjacent,osm
ir-saadat-abad-2,ir-r21285780,adjacent,osm
ir-saadat-abad-2,ir-zone-9,adjacent,osm
ir-district-13,ir-district-4-7,adjacent,osm
ir-fath-sanati,ir-r17436417,adjacent,osm
ir-fath-sanati,ir-mehrabad-airport,adjacent,osm
ir-mehrabad-airport,ir-south-mehrabad,adjacent,osm
ir-mehrabad-airport,ir-r17436417,adjacent,osm
ir-r17436417,ir-south-mehrabad,adjacent,osm
ir-r11789899,ir-r17481170,adjacent,osm
ir-r11789899,ir-r20201302,adjacent,osm
ir-district-3-2,ir-district-2-2,adjacent,osm
ir-district-3-2,ir-district-4-2,adjacent,osm
ir-r17481170,ir-r20201302,adjacent,osm
ir-mansurabad,ir-dinakan,adjacent,osm
ir-dinakan,ir-098,adjacent,osm
ir-dinakan,ir-tachara,adjacent,osm
ir-dinakan,ir-dr-hesabi-hosein-abad,adjacent,osm
ir-dinakan,ir-r10055226,adjacent,osm
ir-r10055226,ir-tachara,adjacent,osm
ir-r10055226,ir-dr-hesabi-hosein-abad,adjacent,osm
ir-dr-hesabi-hosein-abad,ir-tachara,adjacent,osm
ir-zone-10,ir-zone-6-2,adjacent,osm
ir-zone-6-2,ir-zone-4-2,adjacent,osm
ir-tachara,ir-098,adjacent,osm
ir-098,ir-ghasrodasht,adjacent,osm
ir-098,ir-r20190268,adjacent,osm
ir-shahrak-farhangian,ir-kooye-zamani,adjacent,osm
ir-shahrak-farhangian,ir-bujaye,adjacent,osm
ir-shahrak-farhangian,ir-kia-musavi,adjacent,osm
ir-kia-musavi,ir-bujaye,adjacent,osm
ir-haji-abad-4,ir-bazkia-gurab,adjacent,osm
ir-haji-abad-4,ir-lasheidan-hokumati,adjacent,osm
ir-lasheidan-hokumati,ir-bazkia-gurab,adjacent,osm
ir-sheikh-zahed,ir-sheitan-kooh,adjacent,osm
ir-sheikh-zahed,ir-rajaee,adjacent,osm
ir-rajaee,ir-kuh-bijar,adjacent,osm
ir-rajaee,ir-sheitan-kooh,adjacent,osm
ir-sheitan-kooh,ir-kuh-bijar,adjacent,osm
ir-kooye-zamani,ir-sustan,adjacent,osm
ir-kooye-zamani,ir-koh-bane,adjacent,osm
ir-kooye-zamani,ir-yusef-abad,adjacent,osm
ir-kooye-zamani,ir-bujaye,adjacent,osm
ir-koh-bane,ir-sustan,adjacent,osm
ir-koh-bane,ir-yusef-abad,adjacent,osm
ir-kuh-bijar,ir-sustan,adjacent,osm
ir-kuh-bijar,ir-kuye-ostadan,adjacent,osm
ir-danesh-gah-azad-eslami,ir-kuye-ostadan,adjacent,osm
ir-danesh-gah-azad-eslami,ir-yusef-abad,adjacent,osm
ir-sustan,ir-kuye-ostadan,adjacent,osm
ir-sustan,ir-yusef-abad,adjacent,osm
ir-kuye-ostadan,ir-yusef-abad,adjacent,osm
ir-r17580854,ir-r17580867,adjacent,osm
ir-r17580854,ir-r17580864,adjacent,osm
ir-r17580854,ir-r17580861,adjacent,osm
ir-r17580861,ir-r17580864,adjacent,osm
ir-r17580861,ir-r17580857,adjacent,osm
ir-r17580864,ir-r17580867,adjacent,osm
ir-r17580864,ir-r17580857,adjacent,osm
ir-r17580867,ir-r17580857,adjacent,osm
ir-r17580857,ir-r18333764,adjacent,osm
ir-r17596088,ir-r17596184,adjacent,osm
ir-shohada-2,ir-motahari-3,adjacent,osm
ir-hadi-abad,ir-navab-safavi-2,adjacent,osm
ir-hadi-abad,ir-r17648979,adjacent,osm
ir-r17648979,ir-navab-safavi-2,adjacent,osm
ir-r11789928,ir-amirieh,adjacent,osm
ir-r11789928,ir-ghanat-naseri,adjacent,osm
ir-shahrak-mostafa-khomeini,ir-r11789916,adjacent,osm
ir-shahrak-mostafa-khomeini,ir-hafezieh-2,adjacent,osm
ir-shahrak-mostafa-khomeini,ir-ghanat-naseri,adjacent,osm
ir-amirieh,ir-moalem,adjacent,osm
ir-amirieh,ir-ghanat-naseri,adjacent,osm
ir-ghanat-naseri,ir-hafezieh-2,adjacent,osm
ir-ghanat-naseri,ir-moalem,adjacent,osm
ir-moalem,ir-hafezieh-2,adjacent,osm
ir-r14973496,ir-r15921318,adjacent,osm
ir-r14973496,ir-r17666512,adjacent,osm
ir-r15921318,ir-r17666512,adjacent,osm
ir-ghasrodasht,ir-chogia,adjacent,osm
ir-ghasrodasht,ir-r20190268,adjacent,osm
ir-chogia,ir-abiverdi,adjacent,osm
ir-chogia,ir-r20190268,adjacent,osm
ir-abiverdi,ir-r20190268,adjacent,osm
ir-andishe,ir-shahriyar,adjacent,osm
ir-andishe,ir-fardis,adjacent,osm
ir-historic-district,ir-district-2-2,adjacent,osm
ir-historic-district,ir-district-5,adjacent,osm
ir-historic-district,ir-district-4-2,adjacent,osm
ir-r11800354,ir-r11789916,adjacent,osm
ir-district-2-2,ir-district-5,adjacent,osm
ir-district-2-2,ir-district-4-2,adjacent,osm
ir-usefiyeh,ir-quarter-2-of-district-11,adjacent,osm
ir-usefiyeh,ir-fareghottahsilan,adjacent,osm
ir-usefiyeh,ir-r17975884,adjacent,osm
ir-usefiyeh,ir-quarter-2-of-district-10,adjacent,osm
ir-quarter-2-of-district-10,ir-quarter-2-of-district-11,adjacent,osm
ir-quarter-2-of-district-10,ir-fareghottahsilan,adjacent,osm
ir-quarter-2-of-district-10,ir-r17975884,adjacent,osm
ir-district-10-4,ir-district-11-3,adjacent,osm
ir-quarter-2-of-district-11,ir-fareghottahsilan,adjacent,osm
ir-quarter-2-of-district-11,ir-r17975884,adjacent,osm
ir-r17975884,ir-fareghottahsilan,adjacent,osm
ir-r8904139,ir-r18043677,adjacent,osm
ir-r8989660,ir-r18043678,adjacent,osm
ir-r18043677,ir-r18043678,adjacent,osm
ir-faza-5-padad,ir-kouye-mahdis,adjacent,osm
ir-faza-5-padad,ir-behesht-abad,adjacent,osm
ir-district-1-4,ir-district-2-5,adjacent,osm
ir-ettehad-2,ir-dokhaniat,adjacent,osm
ir-r8682154,ir-r8682226,adjacent,osm
ir-r18323549,ir-r18323556,adjacent,osm
ir-shanb-e-ghazan,ir-r20190494,adjacent,osm
ir-dehghan-vila,ir-karaj-no,adjacent,osm
ir-karaj-no,ir-r20190417,adjacent,osm
ir-karaj-no,ir-r20190200,adjacent,osm
ir-faraz,ir-r18441325,adjacent,osm
ir-faraz,ir-seda-va-sima,adjacent,osm
ir-r18441325,ir-seda-va-sima,adjacent,osm
ir-r18461995,ir-r18951950,adjacent,osm
ir-r21293263,ir-r21293050,adjacent,osm
ir-r21293263,ir-boostan-velayat,adjacent,osm
ir-r21293263,ir-r21288319,adjacent,osm
ir-r21293263,ir-r21288720,adjacent,osm
ir-r21293263,ir-takhti-2,adjacent,osm
ir-farhangian-2,ir-r18726494,adjacent,osm
ir-farhangian-2,ir-shahrak-rezvan,adjacent,osm
ir-zone-4-2,ir-zone-9-2,adjacent,osm
ir-shahrak-rezvan,ir-r18726494,adjacent,osm
ir-r18748896,ir-r19245195,adjacent,osm
ir-r18748974,ir-r19317835,adjacent,osm
ir-r16309186,ir-r18901553,adjacent,osm
ir-kuyedadgostari,ir-r18990294,adjacent,osm
ir-kuyedadgostari,ir-r8668146,adjacent,osm
ir-r8668146,ir-r18990294,adjacent,osm
ir-r8668146,ir-r20190677,adjacent,osm
ir-r8668146,ir-w1475316313,adjacent,osm
ir-r19059693,ir-andisheh-town-2,adjacent,osm
ir-andisheh-town-2,ir-zamin-shahri,adjacent,osm
ir-golestan-4,ir-r21283270,adjacent,osm
ir-golestan-4,ir-daryacheh,adjacent,osm
ir-golestan-4,ir-r21283470,adjacent,osm
ir-golestan-4,ir-r19233111,adjacent,osm
ir-golestan-4,ir-r15550022,adjacent,osm
ir-r15550022,ir-r21283270,adjacent,osm
ir-r15550022,ir-daryacheh,adjacent,osm
ir-r15550022,ir-r21283470,adjacent,osm
ir-r15550022,ir-r19233111,adjacent,osm
ir-azgol,ir-r16352065,adjacent,osm
ir-azgol,ir-r21291872,adjacent,osm
ir-azgol,ir-r21276347,adjacent,osm
ir-azgol,ir-r21276344,adjacent,osm
ir-azgol,ir-shahrak-mahalati,adjacent,osm
ir-azgol,ir-r19233197,adjacent,osm
ir-r21276347,ir-r16352065,adjacent,osm
ir-r21276347,ir-r21291872,adjacent,osm
ir-r21276347,ir-r21276344,adjacent,osm
ir-r21276347,ir-shahrak-mahalati,adjacent,osm
ir-r21276347,ir-r19233197,adjacent,osm
ir-r21276347,ir-r21273565,adjacent,osm
ir-r21276347,ir-r21276046,adjacent,osm
ir-r21276344,ir-shahrak-mahalati,adjacent,osm
ir-r21276344,ir-r19233197,adjacent,osm
ir-district-1-10,ir-district-4-7,adjacent,osm
ir-tajrish-2,ir-tehran,adjacent,osm
ir-r19233197,ir-shahrak-mahalati,adjacent,osm
ir-kooy-e-saeediye,ir-r19315014,adjacent,osm
ir-kooy-e-saeediye,ir-kuy-e-janbazan,adjacent,osm
ir-r19315014,ir-kuy-e-janbazan,adjacent,osm
ir-shorghan-shahrak-mehregan,ir-kushkak,adjacent,osm
ir-r11789887,ir-r11789895,adjacent,osm
ir-r11789887,ir-r19398787,adjacent,osm
ir-r11789887,ir-r11789884,adjacent,osm
ir-r11789895,ir-r19398786,adjacent,osm
ir-r11789895,ir-r19398787,adjacent,osm
ir-r11789895,ir-r11789884,adjacent,osm
ir-district-4-2,ir-district-5,adjacent,osm
ir-r19398787,ir-r19398786,adjacent,osm
ir-r19398787,ir-r11789884,adjacent,osm
ir-r19398786,ir-r11789884,adjacent,osm
ir-marzdaran-2,ir-r19420377,adjacent,osm
ir-shahrak-e-emam-hossein,ir-shohadaye-shahrak-saadi,adjacent,osm
ir-shahrak-e-emam-hossein,ir-shahrak-e-saadi,adjacent,osm
ir-shahrak-e-saadi,ir-neyestan-saadi,adjacent,osm
ir-golestan-haft-tanan,ir-neyestan-saadi,adjacent,osm
ir-shohadaye-shahrak-saadi,ir-falahat-kuye-daneshghahian,adjacent,osm
ir-shohadaye-shahrak-saadi,ir-neyestan-saadi,adjacent,osm
ir-falahat-kuye-daneshghahian,ir-neyestan-saadi,adjacent,osm
ir-dabestan,ir-south-majidieh,adjacent,osm
ir-dabestan,ir-heshmatieh,adjacent,osm
ir-heshmatieh,ir-south-majidieh,adjacent,osm
ir-south-majidieh,ir-r21291873,adjacent,osm
ir-shokufeh-2,ir-shahrak-shariati,adjacent,osm
ir-shokufeh-2,ir-r21292652,adjacent,osm
ir-shokufeh-2,ir-north-shahrak-shariati,adjacent,osm
ir-esfandiari-bostan,ir-shahrak-shariati,adjacent,osm
ir-esfandiari-bostan,ir-r21292652,adjacent,osm
ir-esfandiari-bostan,ir-r21293050,adjacent,osm
ir-esfandiari-bostan,ir-north-shahrak-shariati,adjacent,osm
ir-esfandiari-bostan,ir-boostan-velayat,adjacent,osm
ir-r21292652,ir-shahrak-resalat,adjacent,osm
ir-r21292652,ir-r21293049,adjacent,osm
ir-r21292652,ir-shahrak-shariati,adjacent,osm
ir-r21292652,ir-r21293050,adjacent,osm
ir-r21292652,ir-north-shahrak-shariati,adjacent,osm
ir-r21292652,ir-boostan-velayat,adjacent,osm
ir-r21292652,ir-r19816281,adjacent,osm
ir-r21292652,ir-zamzam,adjacent,osm
ir-shahrak-shariati,ir-shahrak-resalat,adjacent,osm
ir-shahrak-shariati,ir-r21293049,adjacent,osm
ir-shahrak-shariati,ir-r21293050,adjacent,osm
ir-shahrak-shariati,ir-north-shahrak-shariati,adjacent,osm
ir-north-shahrak-shariati,ir-r21293050,adjacent,osm
ir-north-shahrak-shariati,ir-boostan-velayat,adjacent,osm
ir-north-shahrak-shariati,ir-r19816281,adjacent,osm
ir-north-shahrak-shariati,ir-zamzam,adjacent,osm
ir-shahrestan,ir-mehrabad,adjacent,osm
ir-shahrestan,ir-bagh-ghadir,adjacent,osm
ir-shahrestan,ir-bagh-ghadir-khalil-abad,adjacent,osm
ir-dorcheh,ir-khomeyni-shahr,adjacent,osm
ir-koye-emamreza,ir-diyanati,adjacent,osm
ir-r19233111,ir-r21283270,adjacent,osm
ir-r19233111,ir-daryacheh,adjacent,osm
ir-r19233111,ir-r21283470,adjacent,osm
ir-phase-3-qohardasht,ir-rajaei-shahr-gohardasht,adjacent,osm
ir-phase-3-qohardasht,ir-r20190142,adjacent,osm
ir-phase-3-qohardasht,ir-r20189736,adjacent,osm
ir-phase-3-qohardasht,ir-baghestan-3,adjacent,osm
ir-r20190141,ir-shahrak-ouj,adjacent,osm
ir-r20190141,ir-r20190319,adjacent,osm
ir-r20190141,ir-rajaei-shahr-gohardasht,adjacent,osm
ir-r20190141,ir-r20190388,adjacent,osm
ir-r20189736,ir-r20190142,adjacent,osm
ir-r20189736,ir-r20190143,adjacent,osm
ir-r20189736,ir-r20190144,adjacent,osm
ir-r20189736,ir-baghestan-3,adjacent,osm
ir-r20190144,ir-r20190398,adjacent,osm
ir-r20190144,ir-r20190143,adjacent,osm
ir-r20190142,ir-rajaei-shahr-gohardasht,adjacent,osm
ir-r20190142,ir-shahrak-behdari,adjacent,osm
ir-r20190142,ir-r20190398,adjacent,osm
ir-r20190142,ir-r20190143,adjacent,osm
ir-r20190143,ir-r20190398,adjacent,osm
ir-r17231357,ir-r20190192,adjacent,osm
ir-r17231357,ir-r20190193,adjacent,osm
ir-district-6-6,ir-district-5-7,adjacent,osm
ir-r20190193,ir-r20190192,adjacent,osm
ir-r20190200,ir-hesarak-2,adjacent,osm
ir-r20190200,ir-r20192564,adjacent,osm
ir-shahrak-ouj,ir-r20190319,adjacent,osm
ir-shahrak-ouj,ir-hassan-abaad,adjacent,osm
ir-r20190319,ir-hassan-abaad,adjacent,osm
ir-r20190319,ir-r20190388,adjacent,osm
ir-hassan-abaad,ir-r20190388,adjacent,osm
ir-hassan-abaad,ir-r20190328,adjacent,osm
ir-hassan-abaad,ir-r20190387,adjacent,osm
ir-rajaei-shahr-gohardasht,ir-r20190388,adjacent,osm
ir-r20190387,ir-r20190388,adjacent,osm
ir-r20190387,ir-r20190328,adjacent,osm
ir-r20190387,ir-r20190391,adjacent,osm
ir-r20190387,ir-r20190398,adjacent,osm
ir-r20190388,ir-r8670610,adjacent,osm
ir-r20190388,ir-r20190328,adjacent,osm
ir-r20190388,ir-r20190398,adjacent,osm
ir-district-7-2,ir-district-5-2,adjacent,osm
ir-district-7-2,ir-district-8,adjacent,osm
ir-district-7-2,ir-district-6-5,adjacent,osm
ir-district-8,ir-district-5-2,adjacent,osm
ir-r20190328,ir-r20190391,adjacent,osm
ir-r20190391,ir-r20190398,adjacent,osm
ir-r20190393,ir-farahabad,adjacent,osm
ir-r8670610,ir-shahrak-behdari,adjacent,osm
ir-r8670610,ir-r20190398,adjacent,osm
ir-r20190398,ir-shahrak-behdari,adjacent,osm
ir-hesarak-2,ir-r20190417,adjacent,osm
ir-hesarak-2,ir-r20190424,adjacent,osm
ir-hesarak-2,ir-r20192564,adjacent,osm
ir-phase-4-mehrshahr,ir-r20190430,adjacent,osm
ir-phase-4-mehrshahr,ir-r20190417,adjacent,osm
ir-r20190417,ir-r20190430,adjacent,osm
ir-r20190417,ir-hossein-abaad,adjacent,osm
ir-r20190417,ir-r20190424,adjacent,osm
ir-r20190430,ir-hossein-abaad,adjacent,osm
ir-r20190424,ir-hossein-abaad,adjacent,osm
ir-district-4-5,ir-district-3-3,adjacent,osm
ir-district-4-5,ir-district-5-2,adjacent,osm
ir-district-5-2,ir-district-6-5,adjacent,osm
ir-r20190677,ir-r20192692,adjacent,osm
ir-r20190677,ir-w1475512645,adjacent,osm
ir-w1475316313,ir-r20192692,adjacent,osm
ir-w1475316313,ir-w1475512645,adjacent,osm
ir-hossein-abaad,ir-akbar-abaad,adjacent,osm
ir-malek-abaad,ir-r20192487,adjacent,osm
ir-mehdiabad,ir-kiyanmehr,adjacent,osm
ir-mehdiabad,ir-r20192540,adjacent,osm
ir-chaharbagh-3,ir-karaj,adjacent,osm
ir-kooye-mehr,ir-kiyanmehr,adjacent,osm
ir-kooye-mehr,ir-r20192541,adjacent,osm
ir-kooye-mehr,ir-agh-tapeh,adjacent,osm
ir-kiyanmehr,ir-r20192541,adjacent,osm
ir-kiyanmehr,ir-r20192540,adjacent,osm
ir-r20192540,ir-r20192541,adjacent,osm
ir-shahrak-goldasht,ir-r20192564,adjacent,osm
ir-r8727985,ir-r20192564,adjacent,osm
ir-w1475502071,ir-w1475502072,adjacent,osm
ir-agh-tapeh,ir-r20192487,adjacent,osm
ir-agh-tapeh,ir-r20192575,adjacent,osm
ir-r20192487,ir-r20192575,adjacent,osm
ir-dolat-abad-3,ir-r20192632,adjacent,osm
ir-r20192632,ir-r20192684,adjacent,osm
ir-r20192632,ir-shahrak-fahmideh,adjacent,osm
ir-shahrak-fahmideh,ir-r20192698,adjacent,osm
ir-shahrak-fahmideh,ir-ghalamestan,adjacent,osm
ir-shahrak-fahmideh,ir-r20192684,adjacent,osm
ir-shahrak-fahmideh,ir-esfahaniha,adjacent,osm
ir-r20192685,ir-r20192701,adjacent,osm
ir-r20192685,ir-r20192697,adjacent,osm
ir-r20192685,ir-r20192684,adjacent,osm
ir-r20192684,ir-r20192701,adjacent,osm
ir-r20192684,ir-r20192697,adjacent,osm
ir-r20192684,ir-r20192698,adjacent,osm
ir-r20192697,ir-r20192701,adjacent,osm
ir-r20192697,ir-r20192698,adjacent,osm
ir-ghalamestan,ir-r17193717,adjacent,osm
ir-ghalamestan,ir-r20192698,adjacent,osm
ir-ghalamestan,ir-esfahaniha,adjacent,osm
ir-r20192698,ir-r17193717,adjacent,osm
ir-r20192714,ir-r20192733,adjacent,osm
ir-r20192714,ir-r17193717,adjacent,osm
ir-district-2-6,ir-district-2-4,adjacent,osm
ir-district-2-6,ir-district-10-2,adjacent,osm
ir-fardis,ir-karaj,adjacent,osm
ir-r17193717,ir-r20192733,adjacent,osm
ir-r20192733,ir-r20192749,adjacent,osm
ir-district-2-4,ir-district-10-2,adjacent,osm
ir-esfahaniha,ir-r20192760,adjacent,osm
ir-baghestan-3,ir-r8727978,adjacent,osm
ir-baghestan-3,ir-shahrak-bidar-cheshme,adjacent,osm
ir-r8727978,ir-shahrak-bidar-cheshme,adjacent,osm
ir-shahid-eftekhari,ir-r20192934,adjacent,osm
ir-shahid-eftekhari,ir-nokhodchar,adjacent,osm
ir-shahid-eftekhari,ir-r20192894,adjacent,osm
ir-r20192895,ir-nokhodchar,adjacent,osm
ir-r20192895,ir-r20192894,adjacent,osm
ir-nokhodchar,ir-r20192934,adjacent,osm
ir-nokhodchar,ir-r20192894,adjacent,osm
ir-shah-seyed-ali,ir-r20193155,adjacent,osm
ir-shah-seyed-ali,ir-r20193156,adjacent,osm
ir-shah-seyed-ali,ir-now-bahar,adjacent,osm
ir-now-bahar,ir-r20193156,adjacent,osm
ir-now-bahar,ir-razavieh,adjacent,osm
ir-razavieh,ir-r20193156,adjacent,osm
ir-manba-aab,ir-r20193155,adjacent,osm
ir-manba-aab,ir-r20193156,adjacent,osm
ir-r20193156,ir-r20193155,adjacent,osm
ir-koye-erfan,ir-kooyakh,adjacent,osm
ir-koye-erfan,ir-pastak,adjacent,osm
ir-pastak,ir-kooyakh,adjacent,osm
ir-pastak,ir-fakhab,adjacent,osm
ir-fakhab,ir-kooyakh,adjacent,osm
ir-r8689240,ir-kooyakh,adjacent,osm
ir-r20193238,ir-r8825564,adjacent,osm
ir-r20193238,ir-shahrak-qods,adjacent,osm
ir-district-2-8,ir-district-4-6,adjacent,osm
ir-pardisan-2,ir-r20193262,adjacent,osm
ir-district-8-6,ir-district-4-6,adjacent,osm
ir-shahrak-qods,ir-r20193262,adjacent,osm
ir-r8825564,ir-r20193262,adjacent,osm
ir-zamin-shahri,ir-old-way-ghasem-abad,adjacent,osm
ir-zamin-shahri,ir-ghasem-abad-2,adjacent,osm
ir-car-center,ir-old-way-ghasem-abad,adjacent,osm
ir-car-center,ir-ashora-square,adjacent,osm
ir-ashora-square,ir-old-way-ghasem-abad,adjacent,osm
ir-ashora-square,ir-ghasem-abad-2,adjacent,osm
ir-ghasem-abad-2,ir-old-way-ghasem-abad,adjacent,osm
ir-koye-entezami,ir-r20193470,adjacent,osm
ir-r20193518,ir-makate-emam,adjacent,osm
ir-r20193518,ir-r20193519,adjacent,osm
ir-r20193518,ir-r20193520,adjacent,osm
ir-r20193518,ir-r20193531,adjacent,osm
ir-molla-faraj-alah,ir-makate-emam,adjacent,osm
ir-molla-faraj-alah,ir-r20193519,adjacent,osm
ir-molla-faraj-alah,ir-r20193520,adjacent,osm
ir-r20193519,ir-makate-emam,adjacent,osm
ir-r20193519,ir-r20193520,adjacent,osm
ir-r20193520,ir-r20193531,adjacent,osm
ir-r20193520,ir-r20193521,adjacent,osm
ir-r20193520,ir-golchinan,adjacent,osm
ir-golchinan,ir-r20193521,adjacent,osm
ir-golchinan,ir-r20193545,adjacent,osm
ir-r20193521,ir-r20193531,adjacent,osm
ir-r20193521,ir-r20193545,adjacent,osm
ir-r20193531,ir-makate-emam,adjacent,osm
ir-r20193531,ir-r20193545,adjacent,osm
ir-kooy-salar,ir-r20193533,adjacent,osm
ir-kooy-salar,ir-kooy-laleh,adjacent,osm
ir-kooy-laleh,ir-r20193533,adjacent,osm
ir-shahrak-abidar,ir-r20193847,adjacent,osm
ir-r20193847,ir-shahrak-baharan,adjacent,osm
ir-r20193847,ir-vila-shahr,adjacent,osm
ir-r20193847,ir-r20193986,adjacent,osm
ir-r20193847,ir-shahrak-nezam-mohandesi,adjacent,osm
ir-r20193847,ir-r20193874,adjacent,osm
ir-shalman,ir-r20193874,adjacent,osm
ir-varmaghani,ir-r20193874,adjacent,osm
ir-varmaghani,ir-r20193922,adjacent,osm
ir-varmaghani,ir-shahrak-andishe,adjacent,osm
ir-r20193874,ir-shahrak-nezam-mohandesi,adjacent,osm
ir-r20193874,ir-r20193922,adjacent,osm
ir-r20193922,ir-shahrak-andishe,adjacent,osm
ir-r20193922,ir-adab,adjacent,osm
ir-kani-kozala,ir-r20193911,adjacent,osm
ir-kani-kozala,ir-r20194094,adjacent,osm
ir-adab,ir-shahrak-andishe,adjacent,osm
ir-adab,ir-r20193911,adjacent,osm
ir-shahrak-baharan,ir-r20193944,adjacent,osm
ir-shahrak-baharan,ir-vila-shahr,adjacent,osm
ir-shahrak-baharan,ir-r20193986,adjacent,osm
ir-vila-shahr,ir-r20193944,adjacent,osm
ir-shahrak-nezam-mohandesi,ir-r20193986,adjacent,osm
ir-shahrak-nezam-mohandesi,ir-r20193959,adjacent,osm
ir-r20193959,ir-r20193986,adjacent,osm
ir-shahrak-andishe,ir-r20194011,adjacent,osm
ir-shahrak-andishe,ir-r20193911,adjacent,osm
ir-r20193911,ir-r20194011,adjacent,osm
ir-r20193911,ir-r20194083,adjacent,osm
ir-r20193911,ir-r20194094,adjacent,osm
ir-r20194011,ir-r20194083,adjacent,osm
ir-r20194094,ir-r20194119,adjacent,osm
ir-padegan-2,ir-r20194149,adjacent,osm
ir-padegan-2,ir-r20194127,adjacent,osm
ir-r20194149,ir-r20194127,adjacent,osm
ir-daneshgah,ir-r20194327,adjacent,osm
ir-tohid-2,ir-valiasr-6,adjacent,osm
ir-tohid-2,ir-r20194327,adjacent,osm
ir-molasadra-mini-city-north,ir-r20194327,adjacent,osm
ir-valiasr-6,ir-r20194340,adjacent,osm
ir-eslam-abade-gharbi,ir-eslam-abad-sharghi,adjacent,osm
ir-eslam-abad-sharghi,ir-kouye-mahdis,adjacent,osm
ir-eslam-abad-sharghi,ir-behesht-abad,adjacent,osm
ir-punak,ir-golshahr-3,adjacent,osm
ir-golshahr-3,ir-shahrak-andisheh,adjacent,osm
ir-azadi-2,ir-r20197276,adjacent,osm
ir-azadi-2,ir-r20197435,adjacent,osm
ir-azadi-2,ir-r20197238,adjacent,osm
ir-r20197238,ir-karshenasan,adjacent,osm
ir-r20197238,ir-r20197276,adjacent,osm
ir-r20197276,ir-janbazan-2,adjacent,osm
ir-r20197276,ir-r20197435,adjacent,osm
ir-r20197435,ir-janbazan-2,adjacent,osm
ir-5-azar,ir-r20197468,adjacent,osm
ir-r20197468,ir-r20197568,adjacent,osm
ir-shahrake-mokhaberat,ir-r20197586,adjacent,osm
ir-shahrake-mokhaberat,ir-andisheh,adjacent,osm
ir-andisheh,ir-r20197586,adjacent,osm
ir-r20197615,ir-r20197619,adjacent,osm
ir-zaranas,ir-jahad-5,adjacent,osm
ir-zaranas,ir-r20199643,adjacent,osm
ir-jahad-5,ir-resalat-4,adjacent,osm
ir-jahad-5,ir-park-sana-ti-phase-1,adjacent,osm
ir-jahad-5,ir-park-sana-ti-phase-2,adjacent,osm
ir-jahad-5,ir-r20199643,adjacent,osm
ir-jahad-5,ir-r20199679,adjacent,osm
ir-park-sana-ti-phase-2,ir-park-sana-ti-phase-1,adjacent,osm
ir-park-sana-ti-phase-2,ir-r20199643,adjacent,osm
ir-park-sana-ti-phase-2,ir-r20199679,adjacent,osm
ir-park-sana-ti-phase-1,ir-r20199643,adjacent,osm
ir-r20199643,ir-r20199679,adjacent,osm
ir-resalat-4,ir-vahdat,adjacent,osm
ir-resalat-4,ir-r20199652,adjacent,osm
ir-resalat-4,ir-r20199689,adjacent,osm
ir-resalat-4,ir-r20199679,adjacent,osm
ir-r20199679,ir-r20199689,adjacent,osm
ir-r20199652,ir-vahdat,adjacent,osm
ir-r20199652,ir-r20199689,adjacent,osm
ir-r20199652,ir-r20199729,adjacent,osm
ir-r20199689,ir-r20199729,adjacent,osm
ir-r20199729,ir-vahdat,adjacent,osm
ir-r20199729,ir-r20199752,adjacent,osm
ir-r20199752,ir-vahdat,adjacent,osm
ir-r16662491,ir-r20199855,adjacent,osm
ir-r16662491,ir-r20199870,adjacent,osm
ir-r20199870,ir-r20199855,adjacent,osm
ir-r20199855,ir-vahdat,adjacent,osm
ir-r20199855,ir-r20199886,adjacent,osm
ir-r20199886,ir-r20199903,adjacent,osm
ir-r20199886,ir-vahdat,adjacent,osm
ir-vahdat,ir-khatam-al-nabiyin,adjacent,osm
ir-vahdat,ir-r20200211,adjacent,osm
ir-vahdat,ir-r20199920,adjacent,osm
ir-vahdat,ir-r20199903,adjacent,osm
ir-r20199903,ir-r20200363,adjacent,osm
ir-r20199903,ir-r20199920,adjacent,osm
ir-r20199920,ir-r20200211,adjacent,osm
ir-r20199920,ir-r20200363,adjacent,osm
ir-khatam-al-nabiyin,ir-gariban,adjacent,osm
ir-khatam-al-nabiyin,ir-r20200294,adjacent,osm
ir-khatam-al-nabiyin,ir-r20200295,adjacent,osm
ir-khatam-al-nabiyin,ir-r20200211,adjacent,osm
ir-gariban,ir-keshavarzi,adjacent,osm
ir-gariban,ir-aemmeh,adjacent,osm
ir-gariban,ir-r20200294,adjacent,osm
ir-aemmeh,ir-keshavarzi,adjacent,osm
ir-aemmeh,ir-r20200456,adjacent,osm
ir-aemmeh,ir-golmoghan,adjacent,osm
ir-aemmeh,ir-r20200294,adjacent,osm
ir-r20200211,ir-r20200295,adjacent,osm
ir-r20200211,ir-r20200363,adjacent,osm
ir-r20200294,ir-golmoghan,adjacent,osm
ir-r20200294,ir-r20200295,adjacent,osm
ir-r20200294,ir-r20200363,adjacent,osm
ir-r20200295,ir-r20200363,adjacent,osm
ir-r20200363,ir-golmoghan,adjacent,osm
ir-golmoghan,ir-keshavarzi,adjacent,osm
ir-golmoghan,ir-r20200456,adjacent,osm
ir-keshavarzi,ir-karshenasan,adjacent,osm
ir-keshavarzi,ir-r20201285,adjacent,osm
ir-keshavarzi,ir-r20200456,adjacent,osm
ir-karshenasan,ir-r20201285,adjacent,osm
ir-r20200456,ir-r20201285,adjacent,osm
ir-zangi,ir-bazar-no,adjacent,osm
ir-zangi,ir-r20216238,adjacent,osm
ir-zangi,ir-r20216388,adjacent,osm
ir-zangi,ir-r20216356,adjacent,osm
ir-r20193558,ir-r20216238,adjacent,osm
ir-r20193557,ir-r20216238,adjacent,osm
ir-r20193545,ir-r20216217,adjacent,osm
ir-r20193545,ir-masjed-jame,adjacent,osm
ir-masjed-jame,ir-r20216217,adjacent,osm
ir-masjed-jame,ir-r20216239,adjacent,osm
ir-masjed-jame,ir-bazar-no,adjacent,osm
ir-r20216217,ir-r20193554,adjacent,osm
ir-r20216217,ir-r20216239,adjacent,osm
ir-r20193554,ir-r20216239,adjacent,osm
ir-r20193554,ir-r20216238,adjacent,osm
ir-bazar-no,ir-r20216239,adjacent,osm
ir-bazar-no,ir-r20216238,adjacent,osm
ir-r20216239,ir-r20216238,adjacent,osm
ir-r20216321,ir-r20216329,adjacent,osm
ir-r20216321,ir-r15924666,adjacent,osm
ir-r15924666,ir-r20216329,adjacent,osm
ir-nasr-abad-2,ir-r20216356,adjacent,osm
ir-nasr-abad-2,ir-kasnaviah,adjacent,osm
ir-nasr-abad-2,ir-r20216351,adjacent,osm
ir-kasnaviah,ir-r20216351,adjacent,osm
ir-r20216351,ir-r20216356,adjacent,osm
ir-r20193560,ir-r20216388,adjacent,osm
ir-r20216356,ir-r20216388,adjacent,osm
ir-azad-shahr-2,ir-r20216457,adjacent,osm
ir-r20216457,ir-r20216465,adjacent,osm
ir-noh-darreh,ir-niroo-havaee,adjacent,osm
ir-noh-darreh,ir-aab-o-bargh,adjacent,osm
ir-noh-darreh,ir-shahrara-2,adjacent,osm
ir-niroo-havaee,ir-aab-o-bargh,adjacent,osm
ir-shahrara-2,ir-aab-o-bargh,adjacent,osm
ir-behesht-abad,ir-kouye-mahdis,adjacent,osm
ir-takhti-2,ir-r21288720,adjacent,osm
ir-takhti-2,ir-r21288641,adjacent,osm
ir-takhti-2,ir-herandi,adjacent,osm
ir-herandi,ir-r21288641,adjacent,osm
ir-herandi,ir-r21292006,adjacent,osm
ir-ghasem-abad-3,ir-shemiran-no,adjacent,osm
ir-ghasem-abad-3,ir-r16352065,adjacent,osm
ir-ghasem-abad-3,ir-r21102752,adjacent,osm
ir-r21102752,ir-shemiran-no,adjacent,osm
ir-r21102752,ir-r16352065,adjacent,osm
ir-shemiran-no,ir-r21291873,adjacent,osm
ir-shemiran-no,ir-r16352065,adjacent,osm
ir-shemiran-no,ir-r21291872,adjacent,osm
ir-south-janatabad,ir-r21148512,adjacent,osm
ir-south-janatabad,ir-mehran-payambar,adjacent,osm
ir-south-janatabad,ir-r21148348,adjacent,osm
ir-r21148348,ir-r21148512,adjacent,osm
ir-r21148348,ir-mehran-payambar,adjacent,osm
ir-mehran-payambar,ir-r21148512,adjacent,osm
ir-r16717892,ir-r21151429,adjacent,osm
ir-r16717892,ir-r13406525,adjacent,osm
ir-district-12-3,ir-district-2-7,adjacent,osm
ir-r21151429,ir-r13406525,adjacent,osm
ir-r21175182,ir-shahrak-zayandehrood,adjacent,osm
ir-r21276046,ir-r21273565,adjacent,osm
ir-r21276046,ir-hesar-bouali,adjacent,osm
ir-r21276046,ir-sahebqaraniyeh,adjacent,osm
ir-r21276046,ir-r11717461,adjacent,osm
ir-r21276046,ir-niavaran,adjacent,osm
ir-sahebqaraniyeh,ir-r21273565,adjacent,osm
ir-sahebqaraniyeh,ir-hesar-bouali,adjacent,osm
ir-sahebqaraniyeh,ir-r11717461,adjacent,osm
ir-sahebqaraniyeh,ir-niavaran,adjacent,osm
ir-hesar-bouali,ir-r21273565,adjacent,osm
ir-hesar-bouali,ir-dezashib,adjacent,osm
ir-hesar-bouali,ir-r11717461,adjacent,osm
ir-hesar-bouali,ir-niavaran,adjacent,osm
ir-r21273565,ir-r21291872,adjacent,osm
ir-r21273565,ir-dezashib,adjacent,osm
ir-r21273565,ir-r11717461,adjacent,osm
ir-r21273565,ir-niavaran,adjacent,osm
ir-r11717461,ir-dezashib,adjacent,osm
ir-r11717461,ir-niavaran,adjacent,osm
ir-r11717461,ir-jamaran,adjacent,osm
ir-jamaran,ir-dezashib,adjacent,osm
ir-jamaran,ir-niavaran,adjacent,osm
ir-dezashib,ir-niavaran,adjacent,osm
ir-jahad-4,ir-r21280075,adjacent,osm
ir-jahad-4,ir-r21280076,adjacent,osm
ir-jahad-4,ir-yousef-abad,adjacent,osm
ir-r21280076,ir-r21280075,adjacent,osm
ir-r21280076,ir-yousef-abad,adjacent,osm
ir-r21280076,ir-r21285791,adjacent,osm
ir-r21280076,ir-vanak-2,adjacent,osm
ir-r21280076,ir-r21285780,adjacent,osm
ir-yousef-abad,ir-r21280075,adjacent,osm
ir-yousef-abad,ir-r21285791,adjacent,osm
ir-yousef-abad,ir-vanak-2,adjacent,osm
ir-yousef-abad,ir-r21285780,adjacent,osm
ir-r21280075,ir-r21285791,adjacent,osm
ir-r21280075,ir-vanak-2,adjacent,osm
ir-daryacheh,ir-r21283270,adjacent,osm
ir-daryacheh,ir-r21283470,adjacent,osm
ir-r21283470,ir-r21283270,adjacent,osm
ir-jordan-park-melat,ir-r21285791,adjacent,osm
ir-jordan-park-melat,ir-r21285779,adjacent,osm
ir-jordan-park-melat,ir-vanak-2,adjacent,osm
ir-jordan-park-melat,ir-ararat,adjacent,osm
ir-jordan-park-melat,ir-r21285780,adjacent,osm
ir-r21285779,ir-r21285791,adjacent,osm
ir-r21285779,ir-vanak-2,adjacent,osm
ir-r21285779,ir-r21285780,adjacent,osm
ir-r21285791,ir-vanak-2,adjacent,osm
ir-r21285791,ir-ararat,adjacent,osm
ir-r21285791,ir-r21285780,adjacent,osm
ir-ararat,ir-vanak-2,adjacent,osm
ir-ararat,ir-r21285780,adjacent,osm
ir-vanak-2,ir-r21285780,adjacent,osm
ir-zamzam,ir-r21293050,adjacent,osm
ir-zamzam,ir-boostan-velayat,adjacent,osm
ir-zamzam,ir-r19816281,adjacent,osm
ir-zamzam,ir-r21288319,adjacent,osm
ir-r21293050,ir-r21293049,adjacent,osm
ir-r21293050,ir-boostan-velayat,adjacent,osm
ir-r21293050,ir-r19816281,adjacent,osm
ir-r21293050,ir-r21288319,adjacent,osm
ir-boostan-velayat,ir-r19816281,adjacent,osm
ir-boostan-velayat,ir-r21288319,adjacent,osm
ir-district-19,ir-district-17,adjacent,osm
ir-r21288319,ir-r19816281,adjacent,osm
ir-r21288319,ir-r21288720,adjacent,osm
ir-r21288641,ir-r21288720,adjacent,osm
ir-r21288641,ir-r21288642,adjacent,osm
ir-ahang,ir-r21292008,adjacent,osm
ir-ahang,ir-atabak,adjacent,osm
ir-ahang,ir-shahed-2,adjacent,osm
ir-ahang,ir-r21290237,adjacent,osm
ir-ahang,ir-r21292012,adjacent,osm
ir-ahang,ir-minayi,adjacent,osm
ir-ahang,ir-r21292006,adjacent,osm
ir-ahang,ir-r21290235,adjacent,osm
ir-ahang,ir-taxirani,adjacent,osm
ir-ahang,ir-r21290234,adjacent,osm
ir-r21290235,ir-r21292008,adjacent,osm
ir-r21290235,ir-atabak,adjacent,osm
ir-r21290235,ir-shahed-2,adjacent,osm
ir-r21290235,ir-r21290237,adjacent,osm
ir-r21290235,ir-r21292012,adjacent,osm
ir-r21290235,ir-minayi,adjacent,osm
ir-r21290235,ir-r21292006,adjacent,osm
ir-r21290235,ir-taxirani,adjacent,osm
ir-r21290235,ir-r21290234,adjacent,osm
ir-r21290237,ir-shahed-2,adjacent,osm
ir-r21290237,ir-taxirani,adjacent,osm
ir-r21290237,ir-r21290234,adjacent,osm
ir-shahed-2,ir-taxirani,adjacent,osm
ir-shahed-2,ir-r21290234,adjacent,osm
ir-taxirani,ir-r21290234,adjacent,osm
ir-r16352065,ir-r21291873,adjacent,osm
ir-r16352065,ir-r21291872,adjacent,osm
ir-r21291872,ir-r21291873,adjacent,osm
ir-minayi,ir-r21292008,adjacent,osm
ir-minayi,ir-atabak,adjacent,osm
ir-minayi,ir-r21292006,adjacent,osm
ir-atabak,ir-r21292008,adjacent,osm
ir-atabak,ir-r21292006,adjacent,osm
ir-r21292006,ir-r21292008,adjacent,osm
ir-r21292008,ir-r21292012,adjacent,osm
ir-r21292013,ir-khavar-shahr,adjacent,osm
ir-shahrak-resalat,ir-r21293049,adjacent,osm
ir-r21293266,ir-r21293500,adjacent,osm
ir-r21293498,ir-r21293500,adjacent,osm
ir-bagh-ghadir,ir-mehrabad,adjacent,osm
ir-bagh-ghadir,ir-north-mehrabad,adjacent,osm
ir-bagh-ghadir,ir-bagh-ghadir-khalil-abad,adjacent,osm
ir-mehrabad,ir-north-mehrabad,adjacent,osm
ir-mehrabad,ir-bagh-ghadir-khalil-abad,adjacent,osm
ir-mehrabad,ir-farhangian-3,adjacent,osm
ir-bagh-ghadir-khalil-abad,ir-north-mehrabad,adjacent,osm
ir-bagh-ghadir-khalil-abad,ir-farhangian-3,adjacent,osm
ir-north-mehrabad,ir-farhangian-3,adjacent,osm
ir-r21403067,ir-golestan-6,adjacent,osm
ir-r21403067,ir-shahrake-tosee-neyshekar,adjacent,osm
ir-golestan-6,ir-r21403068,adjacent,osm
ir-golestan-6,ir-daneshgah-chamran,adjacent,osm
ir-golestan-6,ir-shahrake-tosee-neyshekar,adjacent,osm
ir-shahrake-tosee-neyshekar,ir-r21403068,adjacent,osm
ir-shahrake-tosee-neyshekar,ir-daneshgah-chamran,adjacent,osm
ir-r21403068,ir-daneshgah-chamran,adjacent,osm
ir-minab,ir-n10291281472,near,osm
ir-minab,ir-n10301119076,near,osm
ir-minab,ir-n10291281471,near,osm
ir-n4446819089,ir-n10291281470,near,osm
ir-n4446819089,ir-koye-33-dastgah,near,osm
ir-n4446819089,ir-nazari,near,osm
ir-n4458283809,ir-n10291341827,near,osm
ir-n4458283809,ir-n4458284802,near,osm
ir-n4458283809,ir-n10291341828,near,osm
ir-n4458284802,ir-n10291341827,near,osm
ir-n4458284802,ir-n8984346029,near,osm
ir-n5667401049,ir-n8810404362,near,osm
ir-n5667401049,ir-health-network-homes,near,osm
ir-n5667401049,ir-n8810404354,near,osm
ir-koye-33-dastgah,ir-n10291281470,near,osm
ir-koye-33-dastgah,ir-n8851148399,near,osm
ir-n6427495802,ir-n10301119073,near,osm
ir-n6427495802,ir-n8830414058,near,osm
ir-n6427495802,ir-n8810404354,near,osm
ir-health-network-homes,ir-n8810403858,near,osm
ir-health-network-homes,ir-mehr-qala-housing,near,osm
ir-mehr-qala-housing,ir-n8810403858,near,osm
ir-mehr-qala-housing,ir-n8810311826,near,osm
ir-n8810311826,ir-n10291352129,near,osm
ir-n8810311826,ir-health-network-homes,near,osm
ir-n8810403858,ir-n5667401049,near,osm
ir-n8810404354,ir-n8810404362,near,osm
ir-n8810404354,ir-n10301119073,near,osm
ir-n8810404362,ir-n10301119073,near,osm
ir-n8810744152,ir-n8810744153,near,osm
ir-n8810744152,ir-n8810744154,near,osm
ir-n8810744152,ir-n8810744155,near,osm
ir-n8810744153,ir-n8810744155,near,osm
ir-n8810744153,ir-n8810744154,near,osm
ir-n8810744154,ir-n8810744155,near,osm
ir-n8830414057,ir-n8830414058,near,osm
ir-n8830414057,ir-n10231951661,near,osm
ir-n8830414057,ir-n10301119074,near,osm
ir-n8830414058,ir-n10301119074,near,osm
ir-nazari,ir-n10556509608,near,osm
ir-nazari,ir-n10291281470,near,osm
ir-n8830414060,ir-n10291281472,near,osm
ir-n8830414060,ir-n10301119076,near,osm
ir-n8830414060,ir-minab,near,osm
ir-mohale-rago,ir-n10234761528,near,osm
ir-mohale-rago,ir-amdi,near,osm
ir-mohale-rago,ir-n10234675260,near,osm
ir-amdi,ir-n4446819089,near,osm
ir-amdi,ir-nazari,near,osm
ir-n8851148399,ir-n10291281471,near,osm
ir-n8851148399,ir-n10301119075,near,osm
ir-n8851148399,ir-minab,near,osm
ir-n8851180276,ir-n8851180278,near,osm
ir-n8851180276,ir-n8851180277,near,osm
ir-n8851180276,ir-n8851180279,near,osm
ir-n8851180277,ir-n8851180278,near,osm
ir-n8851180277,ir-n8851180279,near,osm
ir-n8851180278,ir-n10301119075,near,osm
ir-n8851180278,ir-n8851180279,near,osm
ir-n8851180278,ir-n10291281478,near,osm
ir-n8851180279,ir-n10291281478,near,osm
ir-n8851180279,ir-n8851180280,near,osm
ir-n8851180280,ir-mohale-gorgi,near,osm
ir-n8851180280,ir-n8851180281,near,osm
ir-n8851180281,ir-n10301119077,near,osm
ir-n8851180281,ir-mohale-gorgi,near,osm
ir-mohale-gorgi,ir-n10301119077,near,osm
ir-n8886925711,ir-n10556549009,near,osm
ir-n8886925711,ir-n10291281460,near,osm
ir-n8886925711,ir-n10291281476,near,osm
ir-n8984346029,ir-n10301119077,near,osm
ir-n8984346029,ir-n8851180281,near,osm
ir-n8984346029,ir-mohale-gorgi,near,osm
ir-n10231951661,ir-n10231951663,near,osm
ir-n10231951661,ir-50,near,osm
ir-50,ir-n10231951663,near,osm
ir-50,ir-n10291281464,near,osm
ir-50,ir-n10291281476,near,osm
ir-n10231951663,ir-n10234761528,near,osm
ir-n10234675260,ir-n10234761528,near,osm
ir-n10234675260,ir-n10231951663,near,osm
ir-n10234761528,ir-n10291281463,near,osm
ir-n10234761529,ir-n10234761533,near,osm
ir-n10234761529,ir-n10291281465,near,osm
ir-n10234761529,ir-n10301119074,near,osm
ir-n10234761533,ir-n10291281465,near,osm
ir-n10234761533,ir-n10301119074,near,osm
ir-n10291281457,ir-n10301119072,near,osm
ir-n10291281457,ir-n10291281458,near,osm
ir-n10291281457,ir-n10291281464,near,osm
ir-n10291281458,ir-n10556549009,near,osm
ir-n10291281458,ir-n8886925711,near,osm
ir-n10291281458,ir-n10291281459,near,osm
ir-n10291281459,ir-n10291281460,near,osm
ir-n10291281459,ir-n8886925711,near,osm
ir-n10291281460,ir-n10556549009,near,osm
ir-n10291281461,ir-n10291281473,near,osm
ir-n10291281461,ir-n10291281462,near,osm
ir-n10291281461,ir-n8830414060,near,osm
ir-n10291281462,ir-n10291281476,near,osm
ir-n10291281462,ir-n10291281463,near,osm
ir-n10291281463,ir-n10556509608,near,osm
ir-n10291281463,ir-mohale-rago,near,osm
ir-n10291281464,ir-n10556549009,near,osm
ir-n10291281464,ir-n8886925711,near,osm
ir-n10291281465,ir-n10301119074,near,osm
ir-n10291281468,ir-n10234675260,near,osm
ir-n10291281468,ir-amdi,near,osm
ir-n10291281468,ir-mohale-rago,near,osm
ir-n10291281471,ir-n10301119075,near,osm
ir-n10291281472,ir-n10301119076,near,osm
ir-n10291281473,ir-n10301119076,near,osm
ir-n10291281473,ir-n8830414060,near,osm
ir-n10291281476,ir-n10291281463,near,osm
ir-n10291281478,ir-n8851148399,near,osm
ir-n10291281478,ir-n10301119075,near,osm
ir-n10291341827,ir-n10291341828,near,osm
ir-n10291341828,ir-n10291341829,near,osm
ir-n10291341829,ir-n10291341830,near,osm
ir-n10291341829,ir-n10291341827,near,osm
ir-n10291341830,ir-n10291341828,near,osm
ir-n10291341830,ir-n10291341827,near,osm
ir-n10291352129,ir-n5667401049,near,osm
ir-n10291352129,ir-health-network-homes,near,osm
ir-n10301119072,ir-n10291281458,near,osm
ir-n10301119072,ir-n8810404354,near,osm
ir-n10301119073,ir-n8810403858,near,osm
ir-n10301119074,ir-n10231951661,near,osm
ir-n10301119075,ir-minab,near,osm
ir-n10301119076,ir-n10291281471,near,osm
ir-n10556509608,ir-n10291281470,near,osm
ir-n7565023715,ir-n8185993127,near,osm
ir-n7565023715,ir-n8185993128,near,osm
ir-n7565023715,ir-n8185993126,near,osm
ir-n8185993126,ir-n8185993128,near,osm
ir-n8185993126,ir-n8185993127,near,osm
ir-n8185993127,ir-n8185993128,near,osm
ir-rudbar,ir-n8041639781,near,osm
ir-rudbar,ir-n8041639782,near,osm
ir-rudbar,ir-n8041660090,near,osm
ir-manjil,ir-n4443599392,near,osm
ir-manjil,ir-n9256265440,near,osm
ir-manjil,ir-harzavil,near,osm
ir-harzavil,ir-n9256265440,near,osm
ir-harzavil,ir-n4443599392,near,osm
ir-n4443599392,ir-n9256265440,near,osm
ir-n8041639781,ir-n8041639782,near,osm
ir-n8041639781,ir-n8041660090,near,osm
ir-n8041639782,ir-n8041660090,near,osm
ir-hadishahr,ir-n11127520207,near,osm
ir-hadishahr,ir-n10894563646,near,osm
ir-jolfa-3,ir-n11025859648,near,osm
ir-n10894563646,ir-n11127520207,near,osm
ir-oshnaviyeh,ir-n5167448746,near,osm
ir-rayen-2,ir-n6372413657,near,osm
ir-bardsir,ir-n8416770755,near,osm
ir-north-khazarshahr,ir-n12443502103,near,osm
ir-north-khazarshahr,ir-south-khazarshahr,near,osm
ir-north-khazarshahr,ir-n5880543618,near,osm
ir-south-khazarshahr,ir-n12443502103,near,osm
ir-south-khazarshahr,ir-n5880543618,near,osm
ir-fereydunkenar,ir-n11114556313,near,osm
ir-fereydunkenar,ir-firuzabad-13,near,osm
ir-fereydunkenar,ir-n5880543618,near,osm
ir-firuzabad-13,ir-n5880543618,near,osm
ir-firuzabad-13,ir-n11114556313,near,osm
ir-firuzabad-13,ir-south-khazarshahr,near,osm
ir-n5880543618,ir-n11114556313,near,osm
ir-n12443502103,ir-n5880543618,near,osm
ir-khur-2,ir-bozha-lared,near,osm
ir-khur-2,ir-larad-arabha,near,osm
ir-khur-2,ir-jamaran-2,near,osm
ir-emam-ali-2,ir-keno-lared,near,osm
ir-emam-ali-2,ir-jamaran-2,near,osm
ir-emam-ali-2,ir-fatemiyeh-suburb,near,osm
ir-valiasr-8,ir-fatemiyeh-suburb,near,osm
ir-valiasr-8,ir-jamaran-2,near,osm
ir-valiasr-8,ir-mahdiyeh-suburb,near,osm
ir-emam-reza-3,ir-emam-hossein,near,osm
ir-emam-reza-3,ir-abasali-lared,near,osm
ir-emam-reza-3,ir-larad-arabha,near,osm
ir-fatemiyeh-suburb,ir-mahdiyeh-suburb,near,osm
ir-fatemiyeh-suburb,ir-jamaran-2,near,osm
ir-n4568289689,ir-mahdiyeh-suburb,near,osm
ir-n4568289689,ir-fatemiyeh-suburb,near,osm
ir-n4568289689,ir-valiasr-8,near,osm
ir-larad-arabha,ir-abasali-lared,near,osm
ir-larad-arabha,ir-bozha-lared,near,osm
ir-emam-hossein,ir-abasali-lared,near,osm
ir-emam-hossein,ir-larad-arabha,near,osm
ir-mahdiyeh-suburb,ir-jamaran-2,near,osm
ir-abasali-lared,ir-bozha-lared,near,osm
ir-abasali-lared,ir-khur-2,near,osm
ir-keno-lared,ir-jamaran-2,near,osm
ir-keno-lared,ir-khur-2,near,osm
ir-taleqan,ir-n13042137476,near,osm
ir-minudasht,ir-n5913261141,near,osm
ir-minudasht,ir-alqajar,near,osm
ir-alqajar,ir-n5913261141,near,osm
ir-davarzan,ir-n5490151105,near,osm
ir-mayamey,ir-n7981033023,near,osm
ir-mayamey,ir-n7981033014,near,osm
ir-n7981033014,ir-n7981033023,near,osm
ir-eyvane-kay-2,ir-meskin-mehr,near,osm
ir-eyvane-kay-2,ir-new-town-eyvanakey,near,osm
ir-new-town-eyvanakey,ir-meskin-mehr,near,osm
ir-deyhuk,ir-n12206767266,near,osm
ir-deyhuk,ir-n6804057983,near,osm
ir-n6804057983,ir-n12206767266,near,osm
ir-shahrak-e-javad-ol-aymeh,ir-mahmoudabad-waqfi,near,osm
ir-kargar-square,ir-san-at-square,near,osm
ir-kargar-square,ir-ebtekar-square,near,osm
ir-kargar-square,ir-pejuhesh-square,near,osm
ir-san-at-square,ir-ebtekar-square,near,osm
ir-san-at-square,ir-pejuhesh-square,near,osm
ir-ebtekar-square,ir-pejuhesh-square,near,osm
ir-ebtekar-square,ir-sadarat-square,near,osm
ir-ebtekar-square,ir-electronic-square,near,osm
ir-pejuhesh-square,ir-sadarat-square,near,osm
ir-pejuhesh-square,ir-electronic-square,near,osm
ir-electronic-square,ir-sadarat-square,near,osm
ir-n12644179897,ir-n12644179898,near,osm
ir-n12644179897,ir-electronic-square,near,osm
ir-n12644179897,ir-sadarat-square,near,osm
ir-n12644179898,ir-electronic-square,near,osm
ir-n12644179898,ir-sadarat-square,near,osm
ir-feyzabad-2,ir-n11982429688,near,osm
ir-feyzabad-2,ir-n11982429666,near,osm
ir-n11982429666,ir-n11982429688,near,osm
ir-kabudar-ahang,ir-n5808130079,near,osm
ir-kabudar-ahang,ir-n5307861120,near,osm
ir-kabudar-ahang,ir-n5307840873,near,osm
ir-n5307840873,ir-n5842141016,near,osm
ir-n5307840873,ir-n5808130079,near,osm
ir-n5307861120,ir-n5808130079,near,osm
ir-n5307861120,ir-n5307840873,near,osm
ir-n5808130079,ir-n5842141016,near,osm
ir-n5842141016,ir-kabudar-ahang,near,osm
ir-shahr-e-ghadim,ir-n5445634965,near,osm
ir-shahr-e-ghadim,ir-n5440275739,near,osm
ir-shahr-e-ghadim,ir-n5441971489,near,osm
ir-n5440275739,ir-n5441971489,near,osm
ir-n5440275739,ir-n5445634965,near,osm
ir-n5441971489,ir-n5445634965,near,osm
ir-shahr-e-jadid,ir-n5450402419,near,osm
ir-shahr-e-jadid,ir-n12834929851,near,osm
ir-n5450402419,ir-n12834929851,near,osm
ir-bandar-e-emam-khomeyni,ir-n6457038382,near,osm
ir-n6457038382,ir-site-1,near,osm
ir-kavar-2,ir-n12756784780,near,osm
ir-eywan,ir-n5230747150,near,osm
ir-boinzahra,ir-n6437898720,near,osm
ir-toos-2,ir-n7704475569,near,osm
ir-toos-2,ir-n7704582006,near,osm
ir-n7704475569,ir-n7704582006,near,osm
ir-qaderabad-2,ir-shahrak-e-khadamat,near,osm
ir-qaderabad-2,ir-dairy,near,osm
ir-dairy,ir-shahrak-e-khadamat,near,osm
ir-tiran-2,ir-n5163523272,near,osm
ir-tiran-2,ir-up-neighborhood,near,osm
ir-tiran-2,ir-sarpol,near,osm
ir-n5163523272,ir-sarpol,near,osm
ir-n5163523272,ir-up-neighborhood,near,osm
ir-up-neighborhood,ir-sarpol,near,osm
ir-vali-asr-town-3,ir-n12184604876,near,osm
ir-n9054116159,ir-n9054116171,near,osm
ir-shadiloon-community,ir-naft-community,near,osm
ir-pachenar-community,ir-n5932836635,near,osm
ir-khaf,ir-valiasr-community,near,osm
ir-khaf,ir-farhangian-community-2,near,osm
ir-khaf,ir-n5942406347,near,osm
ir-farhangian-community-2,ir-valiasr-community,near,osm
ir-farhangian-community-2,ir-n5942406347,near,osm
ir-valiasr-community,ir-n5942406347,near,osm
ir-sarbisheh,ir-mehr-residentials,near,osm
ir-garmeh-2,ir-ivar,near,osm
ir-narenj,ir-baharestan-9,near,osm
ir-narenj,ir-sistan,near,osm
ir-narenj,ir-n11468459330,near,osm
ir-baharestan-9,ir-n11468459330,near,osm
ir-baharestan-9,ir-n5505134404,near,osm
ir-boostan,ir-golden-city,near,osm
ir-boostan,ir-sam-o-zal,near,osm
ir-boostan,ir-narenj,near,osm
ir-sistan,ir-n11468459330,near,osm
ir-sistan,ir-baharestan-9,near,osm
ir-golden-city,ir-sam-o-zal,near,osm
ir-golden-city,ir-n6482312748,near,osm
ir-sam-o-zal,ir-narenj,near,osm
ir-n5504815145,ir-n6482312748,near,osm
ir-n5504815145,ir-golden-city,near,osm
ir-n5504815145,ir-n5505134404,near,osm
ir-n5505134404,ir-boostan,near,osm
ir-n5505134404,ir-n11468459330,near,osm
ir-n6482312748,ir-sam-o-zal,near,osm
ir-mehran-2,ir-n9119343619,near,osm
ir-bahar-2,ir-n8669471227,near,osm
ir-bahar-2,ir-n8669471226,near,osm
ir-n8669471226,ir-n8669471227,near,osm
ir-kelardasht,ir-n5916092626,near,osm
ir-rahimabad-2,ir-n8242038311,near,osm
ir-kiakola,ir-n9160392118,near,osm
ir-kiakola,ir-n4413975875,near,osm
ir-kiakola,ir-n6827980510,near,osm
ir-n4413975875,ir-n9160392118,near,osm
ir-n4413975875,ir-seyyed-mahalleh-2,near,osm
ir-seyyed-mahalleh-2,ir-n9160392118,near,osm
ir-seyyed-mahalleh-2,ir-n4413976174,near,osm
ir-n4413976174,ir-n9160392118,near,osm
ir-n4413976174,ir-n4413975875,near,osm
ir-n6827980510,ir-n9160392118,near,osm
ir-n6827980510,ir-n4413975875,near,osm
ir-sorkhrud,ir-n11513847972,near,osm
ir-sorkhrud,ir-golza-residential-town,near,osm
ir-n11513847972,ir-golza-residential-town,near,osm
ir-fuman,ir-n5837963403,near,osm
ir-fuman,ir-n11135608610,near,osm
ir-fuman,ir-n11155333793,near,osm
ir-n5837963403,ir-n11155333793,near,osm
ir-n5837963403,ir-n11135608610,near,osm
ir-n11135608610,ir-n11155333793,near,osm
ir-masouleh,ir-keshehsar,near,osm
ir-masouleh,ir-khanehbar,near,osm
ir-masouleh,ir-masjedbar,near,osm
ir-asadmahalleh,ir-masouleh,near,osm
ir-asadmahalleh,ir-keshehsar,near,osm
ir-asadmahalleh,ir-masjedbar,near,osm
ir-masjedbar,ir-khanehbar,near,osm
ir-khanehbar,ir-keshehsar,near,osm
ir-chaboksar,ir-n4443599797,near,osm
ir-astaneh-2,ir-n12772097925,near,osm
ir-astaneh-2,ir-n7980020020,near,osm
ir-n7980020020,ir-n12772097925,near,osm
ir-dogonbadan,ir-n11178523696,near,osm
ir-dogonbadan,ir-n10816161510,near,osm
ir-dogonbadan,ir-n6011149747,near,osm
ir-n6010456164,ir-n6010649297,near,osm
ir-n6010456164,ir-n10816161510,near,osm
ir-n6010456164,ir-n6011149747,near,osm
ir-n6010649297,ir-n6011149747,near,osm
ir-n6010649297,ir-n10816161510,near,osm
ir-n6011149747,ir-n10816161510,near,osm
ir-n10816161510,ir-n11178523696,near,osm
ir-n11178523696,ir-n6011149747,near,osm
ir-gilan-e-gharb,ir-zargosh-neighberhood-center,near,osm
ir-gilan-e-gharb,ir-abdolmohammadi-neighberhood-center,near,osm
ir-gilan-e-gharb,ir-n9943092144,near,osm
ir-zargosh-neighberhood-center,ir-abdolmohammadi-neighberhood-center,near,osm
ir-zargosh-neighberhood-center,ir-n9943092144,near,osm
ir-abdolmohammadi-neighberhood-center,ir-n9943092144,near,osm
ir-kerend-e-gharb,ir-shahrak-e-farhangian,near,osm
ir-kerend-e-gharb,ir-shahrak-e-sisad-dastgah,near,osm
ir-shahrak-e-farhangian,ir-shahrak-e-sisad-dastgah,near,osm
ir-khamaneh,ir-n10677742292,near,osm
ir-khamaneh,ir-daryan-2,near,osm
ir-daryan-2,ir-n10677742292,near,osm
ir-haftkel,ir-n8361669526,near,osm
ir-haftkel,ir-n8361682366,near,osm
ir-haftkel,ir-n8361689726,near,osm
ir-n8361434707,ir-n8361682366,near,osm
ir-n8361434707,ir-n8361689726,near,osm
ir-n8361434707,ir-haftkel,near,osm
ir-n8361467502,ir-n8361681687,near,osm
ir-n8361467502,ir-haftkel,near,osm
ir-n8361467502,ir-n8361669526,near,osm
ir-n8361669526,ir-n8361689726,near,osm
ir-n8361669526,ir-n8361682366,near,osm
ir-n8361681687,ir-n8361669526,near,osm
ir-n8361681687,ir-haftkel,near,osm
ir-n8361682366,ir-n8361689726,near,osm
ir-hoveyzeh,ir-n4483655356,near,osm
ir-hoveyzeh,ir-n4483655352,near,osm
ir-hoveyzeh,ir-n4483655354,near,osm
ir-n4483655351,ir-n4483655352,near,osm
ir-n4483655351,ir-hoveyzeh,near,osm
ir-n4483655351,ir-n4483655355,near,osm
ir-n4483655352,ir-n4483655354,near,osm
ir-n4483655353,ir-n4483655354,near,osm
ir-n4483655353,ir-n4483655352,near,osm
ir-n4483655353,ir-hoveyzeh,near,osm
ir-n4483655355,ir-n4483655356,near,osm
ir-n4483655355,ir-hoveyzeh,near,osm
ir-n4483655355,ir-n4483655357,near,osm
ir-n4483655356,ir-n4483655357,near,osm
ir-n4483655357,ir-hoveyzeh,near,osm
ir-bonab-e-jadid,ir-mahalleh-ye-qasemli,near,osm
ir-bisotun-2,ir-n4493135155,near,osm
ir-robat-2,ir-mahidasht-2,near,osm
ir-arwandkenar,ir-n9805219987,near,osm
ir-arwandkenar,ir-n9805219988,near,osm
ir-n9805219987,ir-n9805219988,near,osm
ir-shabestar,ir-n4446819091,near,osm
ir-shabestar,ir-n4446818900,near,osm
ir-shabestar,ir-n4446819131,near,osm
ir-vayqan,ir-n4446819093,near,osm
ir-vayqan,ir-n4446818900,near,osm
ir-vayqan,ir-n4446819131,near,osm
ir-n4446818900,ir-n4446819131,near,osm
ir-n4446818900,ir-n4446819093,near,osm
ir-n4446818900,ir-n4446819091,near,osm
ir-n4446819090,ir-n4446819131,near,osm
ir-n4446819090,ir-n4446818900,near,osm
ir-n4446819090,ir-n4446819093,near,osm
ir-n4446819091,ir-n4446819131,near,osm
ir-n4446819091,ir-n4446819093,near,osm
ir-n4446819092,ir-n4446819090,near,osm
ir-n4446819092,ir-n4446819131,near,osm
ir-n4446819092,ir-n4446819093,near,osm
ir-n4446819093,ir-n4446819131,near,osm
ir-firoozan,ir-maskan-e-mehr-3,near,osm
ir-darian,ir-dindarlu,near,osm
ir-karkevand,ir-n3905548884,near,osm
ir-karkevand,ir-n3905548885,near,osm
ir-n3905548884,ir-n3905548885,near,osm
ir-taft,ir-n11780025988,near,osm
ir-taft,ir-n11780012188,near,osm
ir-taft,ir-n11915629466,near,osm
ir-farashah,ir-eslamiyeh-4,near,osm
ir-n5516332562,ir-n11917221132,near,osm
ir-n5516332562,ir-n11915139332,near,osm
ir-n5516332562,ir-n11779991238,near,osm
ir-n11779977901,ir-n11866206228,near,osm
ir-n11779977901,ir-n11779997638,near,osm
ir-n11779977901,ir-n11779991238,near,osm
ir-n11779980767,ir-n11915629466,near,osm
ir-n11779980767,ir-taft,near,osm
ir-n11779980767,ir-n11780000530,near,osm
ir-n11779985256,ir-n11780025988,near,osm
ir-n11779985256,ir-taft,near,osm
ir-n11779985256,ir-n11779980767,near,osm
ir-n11779991238,ir-n11915139332,near,osm
ir-n11779991238,ir-n11779997638,near,osm
ir-n11779997638,ir-n11866206228,near,osm
ir-n11779997638,ir-n11915605305,near,osm
ir-n11780000530,ir-n11780002603,near,osm
ir-n11780000530,ir-n11915629466,near,osm
ir-n11780002603,ir-n11866206228,near,osm
ir-n11780002603,ir-n11779977901,near,osm
ir-n11780012188,ir-n11780032258,near,osm
ir-n11780012188,ir-n11780025988,near,osm
ir-n11780015140,ir-n11780022675,near,osm
ir-n11780015140,ir-n11779980767,near,osm
ir-n11780015140,ir-n11780000530,near,osm
ir-n11780022675,ir-n11915605305,near,osm
ir-n11780022675,ir-n11779997638,near,osm
ir-n11780032258,ir-taft,near,osm
ir-n11780032258,ir-n11780025988,near,osm
ir-n11915139332,ir-n11779977901,near,osm
ir-n11915605305,ir-n11866206228,near,osm
ir-n11917221132,ir-n11915139332,near,osm
ir-n11917221132,ir-n11779991238,near,osm
ir-habib-abad,ir-n4424251716,near,osm
ir-habib-abad,ir-n4424251986,near,osm
ir-habib-abad,ir-n4415618626,near,osm
ir-n4415618626,ir-n4424251716,near,osm
ir-n4415618626,ir-n4424251986,near,osm
ir-n4424251716,ir-n4424251986,near,osm
ir-n4705427463,ir-n4424251716,near,osm
ir-n4705427463,ir-n4424251986,near,osm
ir-n4705427463,ir-habib-abad,near,osm
ir-zavareh,ir-n5892695307,near,osm
ir-zavareh,ir-n5892695289,near,osm
ir-zavareh,ir-n5892695288,near,osm
ir-n5892695288,ir-n5892695289,near,osm
ir-n5892695288,ir-n5892695307,near,osm
ir-n5892695289,ir-n5892695307,near,osm
ir-varnamkhast,ir-n3905548883,near,osm
ir-n3905548881,ir-n3905548882,near,osm
ir-n3905548881,ir-n3905548883,near,osm
ir-n3905548882,ir-n3905548883,near,osm
ir-chamgordan,ir-n9063667018,near,osm
ir-khaledabad,ir-ghale-nou,near,osm
ir-bagh-e-bahadoran,ir-n3071508547,near,osm
ir-n6325189284,ir-mina-dasht,near,osm
ir-guged,ir-mahaleh-bala,near,osm
ir-guged,ir-bonyad-maskan,near,osm
ir-guged,ir-chehel-dastgah,near,osm
ir-chehel-dastgah,ir-bonyad-maskan,near,osm
ir-chehel-dastgah,ir-mahaleh-bala,near,osm
ir-bonyad-maskan,ir-mahaleh-bala,near,osm
ir-khansar,ir-n5188519532,near,osm
ir-khansar,ir-n7342304200,near,osm
ir-khansar,ir-malga,near,osm
ir-n5186055340,ir-n5186060206,near,osm
ir-n5186055340,ir-n5188486940,near,osm
ir-n5186055340,ir-khansar,near,osm
ir-n5186060206,ir-n5188486940,near,osm
ir-n5186060206,ir-n5188486935,near,osm
ir-n5188486935,ir-n5188486940,near,osm
ir-n5188486935,ir-n5186055340,near,osm
ir-n5188519482,ir-n5188578447,near,osm
ir-n5188519482,ir-malga,near,osm
ir-n5188519482,ir-khansar,near,osm
ir-n5188519532,ir-n7342304200,near,osm
ir-n5188519532,ir-malga,near,osm
ir-malga,ir-n5188578449,near,osm
ir-malga,ir-n5188578447,near,osm
ir-n5188578447,ir-n5188578449,near,osm
ir-n5188578449,ir-n7342304200,near,osm
ir-n5188578449,ir-n5188519532,near,osm
ir-n5188578565,ir-n5188578613,near,osm
ir-n5188578565,ir-n5188578449,near,osm
ir-n5188578565,ir-malga,near,osm
ir-n5188578613,ir-n5188578449,near,osm
ir-n5188578613,ir-malga,near,osm
ir-andishe-phase-3,ir-n5779649838,near,osm
ir-andishe-phase-3,ir-andishe-phase-5,near,osm
ir-andishe-phase-3,ir-andishe-phase-6,near,osm
ir-andishe-phase-5,ir-andishe-phase-6,near,osm
ir-andishe-phase-5,ir-n5779649838,near,osm
ir-andishe-phase-6,ir-n5779649838,near,osm
ir-divandarreh,ir-n3085968782,near,osm
ir-divandarreh,ir-n3085926120,near,osm
ir-n3085926120,ir-n3085968782,near,osm
ir-germi,ir-n11513743361,near,osm
ir-germi,ir-n12438301360,near,osm
ir-germi,ir-n11162812305,near,osm
ir-n11162812305,ir-n12438301360,near,osm
ir-n11162812305,ir-n11513743361,near,osm
ir-n11513743361,ir-n12438301360,near,osm
ir-mamqan,ir-n12391386581,near,osm
ir-mamqan,ir-n12560847655,near,osm
ir-mamqan,ir-n12560847654,near,osm
ir-n12391386581,ir-n12560847655,near,osm
ir-n12391386581,ir-n12560847654,near,osm
ir-n12391386581,ir-n12391386582,near,osm
ir-n12391386582,ir-n12560847654,near,osm
ir-n12391386582,ir-n12560847655,near,osm
ir-n12560847654,ir-n12560847655,near,osm
ir-ajab-shir,ir-milad,near,osm
ir-malekan,ir-n10215113180,near,osm
ir-malekan,ir-n10215113179,near,osm
ir-n10215113179,ir-n10215113180,near,osm
ir-farhad-gerd,ir-n13955684459,near,osm
ir-n7890775978,ir-n11431588192,near,osm
ir-kharv-e-pain,ir-kharv,near,osm
ir-kharv-e-pain,ir-imam-reza-town-2,near,osm
ir-kharv-e-pain,ir-kharv-e-bala,near,osm
ir-imam-reza-town-2,ir-kharv,near,osm
ir-ghazi,ir-ava,near,osm
ir-north-duzolum,ir-south-duzolum-fadavi,near,osm
ir-north-duzolum,ir-uzbek-abad,near,osm
ir-south-duzolum-fadavi,ir-uzbek-abad,near,osm
ir-salman-shahr,ir-n11617002212,near,osm
ir-salman-shahr,ir-n11889835068,near,osm
ir-salman-shahr,ir-n11170368765,near,osm
ir-n9088606908,ir-n11616935279,near,osm
ir-n9088606908,ir-n11889859076,near,osm
ir-n9088606908,ir-n11616882140,near,osm
ir-n11170368765,ir-n11889835068,near,osm
ir-n11170368765,ir-n11889835076,near,osm
ir-n11616882140,ir-n11809394045,near,osm
ir-n11616882140,ir-n11616987140,near,osm
ir-n11616882140,ir-n11616935279,near,osm
ir-n11616894893,ir-n11617002384,near,osm
ir-n11616894893,ir-n11617001340,near,osm
ir-n11616894893,ir-n11616991831,near,osm
ir-n11616895706,ir-n11616987140,near,osm
ir-n11616895706,ir-n11616938487,near,osm
ir-n11616895706,ir-n11616981271,near,osm
ir-n11616935279,ir-n11889859076,near,osm
ir-n11616935279,ir-n11809394045,near,osm
ir-n11616938487,ir-n11616981271,near,osm
ir-n11616938487,ir-n11616987140,near,osm
ir-n11616981271,ir-n11616996809,near,osm
ir-n11616987140,ir-n11809394045,near,osm
ir-n11616991831,ir-n11617001340,near,osm
ir-n11616991831,ir-n11617002384,near,osm
ir-n11616996809,ir-n11616938487,near,osm
ir-n11616996809,ir-n11616895706,near,osm
ir-n11617001340,ir-n11617002384,near,osm
ir-n11617002212,ir-n11616991831,near,osm
ir-n11617002212,ir-n11617002384,near,osm
ir-n11617002212,ir-n11617001340,near,osm
ir-n11809394045,ir-n11616895706,near,osm
ir-n11889835068,ir-n11889835076,near,osm
ir-n11889835076,ir-n11617002384,near,osm
ir-n11889835076,ir-n11616894893,near,osm
ir-n11889859076,ir-n11616882140,near,osm
ir-n11889868026,ir-n9088606908,near,osm
ir-n11889868026,ir-n11616935279,near,osm
ir-n11889868026,ir-n11889859076,near,osm
ir-n835537485,ir-n4413928841,near,osm
ir-n835537485,ir-n4422684582,near,osm
ir-n835537485,ir-n4422682359,near,osm
ir-n4413928841,ir-n4422684582,near,osm
ir-n4413928841,ir-n4422682359,near,osm
ir-n4422682359,ir-n4422684582,near,osm
ir-shirgah,ir-n7641111485,near,osm
ir-shirgah,ir-n4443599482,near,osm
ir-shirgah,ir-narenj-ben,near,osm
ir-n4443599482,ir-n7641111485,near,osm
ir-n4443599482,ir-narenj-ben,near,osm
ir-narenj-ben,ir-n7641111485,near,osm
ir-khush-rudpey,ir-n4422680438,near,osm
ir-khush-rudpey,ir-n4422683936,near,osm
ir-khush-rudpey,ir-n4422680544,near,osm
ir-n4413928666,ir-n4422683936,near,osm
ir-n4413928666,ir-khush-rudpey,near,osm
ir-n4413928666,ir-n4422680438,near,osm
ir-n4422680438,ir-n4422680544,near,osm
ir-n4422680438,ir-n4422683936,near,osm
ir-n4422680544,ir-n4422683936,near,osm
ir-hadishahr-2,ir-n13281504886,near,osm
ir-hadishahr-2,ir-kikha-mahalleh,near,osm
ir-hadishahr-2,ir-n10136233558,near,osm
ir-kikha-mahalleh,ir-n13281504886,near,osm
ir-kikha-mahalleh,ir-n10136233558,near,osm
ir-n10136233558,ir-n13281504886,near,osm
ir-daran,ir-n5221879509,near,osm
ir-daran,ir-n5221879551,near,osm
ir-daran,ir-n5221931818,near,osm
ir-damaneh,ir-n10718712039,near,osm
ir-n5221879509,ir-n5221879551,near,osm
ir-n5221879509,ir-n5221931818,near,osm
ir-n5221879551,ir-n5221879849,near,osm
ir-n5221879849,ir-n5221879509,near,osm
ir-n5221879849,ir-daran,near,osm
ir-n5221931817,ir-n5221931818,near,osm
ir-n5221931817,ir-daran,near,osm
ir-n5221931817,ir-n5221879509,near,osm
ir-hashtbandi,ir-aliabad-63,near,osm
ir-hashtbandi,ir-n6198528210,near,osm
ir-n6198511092,ir-n6198542001,near,osm
ir-n6198511092,ir-n12849194484,near,osm
ir-n6198511092,ir-n6198528210,near,osm
ir-n6198518138,ir-n6198542001,near,osm
ir-n6198518138,ir-n6231017757,near,osm
ir-n6198518138,ir-n6198511092,near,osm
ir-n6198528210,ir-n12849194484,near,osm
ir-n6198528210,ir-n6229505220,near,osm
ir-n6198537572,ir-n6198542001,near,osm
ir-n6198537572,ir-n6198511092,near,osm
ir-n6198537572,ir-n6229505220,near,osm
ir-n6229505220,ir-n12849194484,near,osm
ir-n6229505220,ir-n6198511092,near,osm
ir-n6231017757,ir-n6198537572,near,osm
ir-n6231017757,ir-n6198542001,near,osm
ir-ziaratali,ir-n4458282540,near,osm
ir-ziaratali,ir-n4458284297,near,osm
ir-ziaratali,ir-n4458284317,near,osm
ir-n4458282540,ir-n4458284297,near,osm
ir-n4458282540,ir-n4458284317,near,osm
ir-n4458284297,ir-n4458284317,near,osm
ir-bandar-khamir,ir-n6656871750,near,osm
ir-bandar-khamir,ir-n9949257092,near,osm
ir-n6656871750,ir-n9949257092,near,osm
ir-delvar,ir-jaeinak,near,osm
ir-khalkhal,ir-n4548553078,near,osm
ir-khalkhal,ir-n3995695696,near,osm
ir-khalkhal,ir-n5710044671,near,osm
ir-n3995694650,ir-n4548554960,near,osm
ir-n3995694650,ir-n4406266698,near,osm
ir-n3995694650,ir-n5710044671,near,osm
ir-n3995695696,ir-n5710044671,near,osm
ir-n3995695696,ir-n3995694650,near,osm
ir-n3995695696,ir-n4548554960,near,osm
ir-n4406266698,ir-n4548554960,near,osm
ir-n4406266698,ir-n5710044671,near,osm
ir-n4548553078,ir-n3995695696,near,osm
ir-n4548553078,ir-n5710044671,near,osm
ir-n4548554960,ir-n5710044671,near,osm
ir-likak,ir-n12467051106,near,osm
ir-likak,ir-n13116979744,near,osm
ir-n12467051106,ir-n13116979744,near,osm
ir-shalman-2,ir-amlash,near,osm
ir-lashtnesha,ir-n9150275616,near,osm
ir-lashtnesha,ir-n12892304249,near,osm
ir-lashtnesha,ir-n3049479059,near,osm
ir-n3049479058,ir-n9150275616,near,osm
ir-n3049479058,ir-lashtnesha,near,osm
ir-n3049479058,ir-n12892304249,near,osm
ir-n3049479059,ir-n12892304249,near,osm
ir-n3049479059,ir-n9150275616,near,osm
ir-n9150275616,ir-n12892304249,near,osm
ir-n842111765,ir-ranekouh,near,osm
ir-hashjin,ir-gehraz,near,osm
ir-jafarabad,ir-n5548452586,near,osm
ir-heidarabad,ir-n11633749766,near,osm
ir-heidarabad,ir-n12253594208,near,osm
ir-heidarabad,ir-n12229238391,near,osm
ir-mohamad-abad,ir-n12269808845,near,osm
ir-mohamad-abad,ir-n11633697025,near,osm
ir-mohamad-abad,ir-shahid-dastgheib-community,near,osm
ir-farhang-shahr-3,ir-n13300348455,near,osm
ir-farhang-shahr-3,ir-n11633710850,near,osm
ir-farhang-shahr-3,ir-n12250321878,near,osm
ir-shahrake-fatemiyeh,ir-n11633710850,near,osm
ir-shahrake-fatemiyeh,ir-n12249005653,near,osm
ir-shahrake-fatemiyeh,ir-n13300348455,near,osm
ir-n4459619589,ir-n11149637571,near,osm
ir-n4459619589,ir-shahid-dastgheib-community,near,osm
ir-n4459619589,ir-n12269808845,near,osm
ir-isargaran-community,ir-n11672292691,near,osm
ir-isargaran-community,ir-enghelab-community,near,osm
ir-isargaran-community,ir-n11662152649,near,osm
ir-shahid-dastgheib-community,ir-n12269808845,near,osm
ir-shahid-dastgheib-community,ir-n11633697025,near,osm
ir-shahid-dastgheib-community,ir-n11149637571,near,osm
ir-enghelab-community,ir-n12547551031,near,osm
ir-enghelab-community,ir-n11672292691,near,osm
ir-enghelab-community,ir-n11662152649,near,osm
ir-n7685451298,ir-n7685451314,near,osm
ir-n7685451298,ir-n12229238391,near,osm
ir-n7685451298,ir-n12250321878,near,osm
ir-n7685451314,ir-n12250321878,near,osm
ir-n7685451314,ir-n12229238391,near,osm
ir-n11149637571,ir-n12269808845,near,osm
ir-n11633697025,ir-n12269808845,near,osm
ir-n11633710850,ir-n12250321878,near,osm
ir-n11633749762,ir-n13300348455,near,osm
ir-n11633749762,ir-farhang-shahr-3,near,osm
ir-n11633749762,ir-mohamad-abad,near,osm
ir-n11633749763,ir-n12323347103,near,osm
ir-n11633749763,ir-n13568856519,near,osm
ir-n11633749763,ir-n12269813322,near,osm
ir-n11633749764,ir-n13569886415,near,osm
ir-n11633749764,ir-n12292369231,near,osm
ir-n11633749764,ir-n12269813322,near,osm
ir-n11633749765,ir-n12269813316,near,osm
ir-n11633749765,ir-n12269813317,near,osm
ir-n11633749765,ir-n12294637105,near,osm
ir-n11633749766,ir-n12229238391,near,osm
ir-n11633749766,ir-n7685451298,near,osm
ir-n11662152649,ir-n12269808843,near,osm
ir-n11662152649,ir-n12269813313,near,osm
ir-n11662152649,ir-n12292004841,near,osm
ir-n11672292691,ir-n12547551031,near,osm
ir-n12249005653,ir-n12269813318,near,osm
ir-n12249005653,ir-n12269813321,near,osm
ir-n12253594208,ir-n11633749766,near,osm
ir-n12253594208,ir-n12229238391,near,osm
ir-n12269808843,ir-n12269813313,near,osm
ir-n12269808843,ir-n12294637103,near,osm
ir-n12269808844,ir-n12294637105,near,osm
ir-n12269808844,ir-n12294637104,near,osm
ir-n12269808844,ir-n12294637103,near,osm
ir-n12269813313,ir-n12269813314,near,osm
ir-n12269813313,ir-n12269813315,near,osm
ir-n12269813313,ir-n12294637103,near,osm
ir-n12269813314,ir-n12269813315,near,osm
ir-n12269813314,ir-n12292004841,near,osm
ir-n12269813315,ir-n12269813316,near,osm
ir-n12269813316,ir-n12269813317,near,osm
ir-n12269813316,ir-n12269813314,near,osm
ir-n12269813317,ir-n12269813318,near,osm
ir-n12269813317,ir-n12269813315,near,osm
ir-n12269813318,ir-n12269813321,near,osm
ir-n12269813318,ir-n12269813319,near,osm
ir-n12269813319,ir-n12269813320,near,osm
ir-n12269813319,ir-n12292369230,near,osm
ir-n12269813320,ir-n12269813321,near,osm
ir-n12269813320,ir-n12292369231,near,osm
ir-n12269813321,ir-n12292369231,near,osm
ir-n12269813321,ir-n12269813322,near,osm
ir-n12269813322,ir-n12292369231,near,osm
ir-n12292004841,ir-n12269813313,near,osm
ir-n12292004841,ir-n12269813315,near,osm
ir-n12292369230,ir-n13283894758,near,osm
ir-n12292369230,ir-n12269813320,near,osm
ir-n12292369231,ir-n13569886415,near,osm
ir-n12294637103,ir-n12294637105,near,osm
ir-n12294637104,ir-n12294637105,near,osm
ir-n12294637104,ir-n12294637103,near,osm
ir-n12323347103,ir-n13568856519,near,osm
ir-n12323347103,ir-n13569886415,near,osm
ir-n12547551031,ir-n12292004841,near,osm
ir-n13283894758,ir-n12269813320,near,osm
ir-n13283894758,ir-n11633749764,near,osm
ir-n13568856519,ir-n13569886415,near,osm
ir-n13568856519,ir-n11633749764,near,osm
ir-qaleh-ganj,ir-n4449327826,near,osm
ir-qaleh-ganj,ir-n4449329631,near,osm
ir-qaleh-ganj,ir-n4449326959,near,osm
ir-n4449326140,ir-n12343923413,near,osm
ir-n4449326140,ir-n12343923412,near,osm
ir-n4449326140,ir-n4449329331,near,osm
ir-n4449326959,ir-n4449329746,near,osm
ir-n4449326959,ir-n4449327826,near,osm
ir-n4449327826,ir-n4449329631,near,osm
ir-n4449327826,ir-n4449328985,near,osm
ir-n4449328725,ir-n4449328726,near,osm
ir-n4449328725,ir-n4449329331,near,osm
ir-n4449328725,ir-n12343923412,near,osm
ir-n4449328726,ir-n4449329331,near,osm
ir-n4449328726,ir-n12343923412,near,osm
ir-n4449328985,ir-n4449329746,near,osm
ir-n4449328985,ir-n4449328726,near,osm
ir-n4449328985,ir-qaleh-ganj,near,osm
ir-n4449329746,ir-qaleh-ganj,near,osm
ir-n12343923412,ir-n12343923413,near,osm
ir-n12343923413,ir-n4449329331,near,osm
ir-kond-rud,ir-basmenj,near,osm
ir-qara-aghaj,ir-n10166730898,near,osm
ir-qara-aghaj,ir-n5528600034,near,osm
ir-n5528600034,ir-n10166730898,near,osm
ir-tikmedash,ir-n3227913067,near,osm
ir-tikmedash,ir-n4446818892,near,osm
ir-n3227913067,ir-n4446818892,near,osm
ir-kamyaran,ir-n5975930179,near,osm
ir-kamyaran,ir-shahrak-e-emam-khomeyni-3,near,osm
ir-shahrak-e-emam-khomeyni-3,ir-n5975930179,near,osm
ir-ravansar,ir-shahrak-e-ravansar,near,osm
ir-zargari-junction,ir-n6796251605,near,osm
ir-zargari-junction,ir-ghodusi-gharbi,near,osm
ir-ghodusi-gharbi,ir-n6796251605,near,osm
ir-eslahnejad-cross,ir-n4599477340,near,osm
ir-eslahnejad-cross,ir-n4707149075,near,osm
ir-eslahnejad-cross,ir-n9547975576,near,osm
ir-n4599477340,ir-n4707149075,near,osm
ir-n4599477340,ir-n9547975576,near,osm
ir-n4707149075,ir-n9547975575,near,osm
ir-n9547975575,ir-n9547975576,near,osm
ir-n9547975575,ir-eslahnejad-cross,near,osm
ir-n9547975576,ir-n4707149075,near,osm
ir-n941556524,ir-n6803029422,near,osm
ir-juyom,ir-n12339127077,near,osm
ir-n1292997997,ir-n1292998111,near,osm
ir-n1292997997,ir-n1292998881,near,osm
ir-n1292998111,ir-n1292998881,near,osm
ir-n1296111901,ir-n10210137072,near,osm
ir-n1296111901,ir-n10210137071,near,osm
ir-n1296111901,ir-n11795122627,near,osm
ir-sardasht-historic-district,ir-n11508072699,near,osm
ir-sardasht-historic-district,ir-n11793281523,near,osm
ir-sardasht-historic-district,ir-narmak-2,near,osm
ir-narmak-2,ir-n11581683815,near,osm
ir-narmak-2,ir-n11508072699,near,osm
ir-narmak-2,ir-n11793281523,near,osm
ir-n10210137071,ir-n10210137072,near,osm
ir-n10210137071,ir-sa-dabad-2,near,osm
ir-n10210137072,ir-n11795122627,near,osm
ir-sa-dabad-2,ir-n11793281523,near,osm
ir-sa-dabad-2,ir-n11581683815,near,osm
ir-vali-asr-3,ir-n11795122627,near,osm
ir-vali-asr-3,ir-n11793281524,near,osm
ir-vali-asr-3,ir-n10210137072,near,osm
ir-n11508072699,ir-n11793281523,near,osm
ir-n11581683815,ir-n11793281523,near,osm
ir-n11581683815,ir-n11793281522,near,osm
ir-n11786930800,ir-vali-asr-3,near,osm
ir-n11786930800,ir-n11793281524,near,osm
ir-n11786930800,ir-n11795122627,near,osm
ir-n11793281522,ir-n11793281524,near,osm
ir-n11793281522,ir-narmak-2,near,osm
ir-n11793281524,ir-n11795122627,near,osm
ir-n1356160088,ir-n8227497754,near,osm
ir-n1356160088,ir-tazeh-kand-e-jadid,near,osm
ir-tazeh-kand-e-jadid,ir-n8227497754,near,osm
ir-shemshak,ir-n7703507295,near,osm
ir-bagh-malek,ir-n5320435375,near,osm
ir-bagh-malek,ir-n5320437363,near,osm
ir-n5320435375,ir-n5320437363,near,osm
ir-karshenasan-phase-3,ir-n12054550317,near,osm
ir-karshenasan-phase-3,ir-n13907428054,near,osm
ir-karshenasan-phase-3,ir-n5728387891,near,osm
ir-n5728387891,ir-n5851073306,near,osm
ir-n5728387891,ir-n5851073307,near,osm
ir-n5728387891,ir-n13907429010,near,osm
ir-n5851073306,ir-n13907429010,near,osm
ir-n5851073306,ir-n5851073307,near,osm
ir-n5851073307,ir-n13907429010,near,osm
ir-karshenasan-phase-1,ir-1-7,near,osm
ir-karshenasan-phase-1,ir-n12641443448,near,osm
ir-karshenasan-phase-1,ir-2-5,near,osm
ir-n11907259993,ir-n13907428054,near,osm
ir-n11907259993,ir-n13907426051,near,osm
ir-n11907259993,ir-n13907429010,near,osm
ir-n12054550317,ir-n13907428054,near,osm
ir-n12054550317,ir-n5728387891,near,osm
ir-n12641443448,ir-n13907426051,near,osm
ir-n12641443448,ir-1-7,near,osm
ir-2-5,ir-n13907425837,near,osm
ir-2-5,ir-1-7,near,osm
ir-2-5,ir-2-6,near,osm
ir-n13907425837,ir-n13945922754,near,osm
ir-n13907425837,ir-1-7,near,osm
ir-n13907426051,ir-n13907428054,near,osm
ir-1-7,ir-2-6,near,osm
ir-2-6,ir-n13945922754,near,osm
ir-n13945922754,ir-2-5,near,osm
ir-enghelab-town,ir-n9104796155,near,osm
ir-enghelab-town,ir-n6276658652,near,osm
ir-enghelab-town,ir-n9104796156,near,osm
ir-n4207889910,ir-n9104796156,near,osm
ir-n4207889910,ir-n6337381399,near,osm
ir-n4207889910,ir-n6276658652,near,osm
ir-n5447733428,ir-n9104796155,near,osm
ir-n5447733428,ir-enghelab-town,near,osm
ir-n6276658652,ir-n6337381399,near,osm
ir-n6337381399,ir-enghelab-town,near,osm
ir-n9104796155,ir-n6276658652,near,osm
ir-n9104796155,ir-n6337381399,near,osm
ir-n9104796156,ir-n6276658652,near,osm
ir-100,ir-n7345469308,near,osm
ir-ladan-community,ir-shahrah-e-cheshmeh,near,osm
ir-enghelab-suburb,ir-n4761664410,near,osm
ir-enghelab-suburb,ir-n13081539949,near,osm
ir-enghelab-suburb,ir-navab-safavi-suburb-3,near,osm
ir-farhangian-suburb,ir-navab-safavi-suburb-5,near,osm
ir-farhangian-suburb,ir-navab-safavi-suburb-2,near,osm
ir-farhangian-suburb,ir-navab-safavi-suburb-4,near,osm
ir-navab-safavi-suburb,ir-n13081539949,near,osm
ir-navab-safavi-suburb,ir-navab-safavi-suburb-2,near,osm
ir-navab-safavi-suburb,ir-navab-safavi-suburb-3,near,osm
ir-n1739530613,ir-n12486544971,near,osm
ir-n1739530613,ir-n9088039978,near,osm
ir-n1739530613,ir-n4758238808,near,osm
ir-n4758232264,ir-n4758238753,near,osm
ir-n4758232264,ir-n4758238808,near,osm
ir-n4758232264,ir-farhangian-suburb,near,osm
ir-n4758238753,ir-n4758238808,near,osm
ir-n4758238753,ir-farhangian-suburb,near,osm
ir-n4758238808,ir-farhangian-suburb,near,osm
ir-n4758384448,ir-n4759606475,near,osm
ir-n4758384448,ir-n4758238808,near,osm
ir-n4758384448,ir-n1739530613,near,osm
ir-n4759606475,ir-n4760454875,near,osm
ir-n4759606475,ir-n4761646214,near,osm
ir-n4760454875,ir-n4761646214,near,osm
ir-n4760454875,ir-navab-safavi-suburb-3,near,osm
ir-n4761646214,ir-n4758384448,near,osm
ir-n4761664410,ir-n13081539949,near,osm
ir-n4761664410,ir-navab-safavi-suburb-2,near,osm
ir-n4761664410,ir-navab-safavi-suburb-5,near,osm
ir-n5193943959,ir-n9088039978,near,osm
ir-n5193943959,ir-n5193943962,near,osm
ir-n5193943959,ir-n12486544971,near,osm
ir-n5193943962,ir-n9088039978,near,osm
ir-n5193943962,ir-n10208301521,near,osm
ir-n9088039978,ir-n12486544971,near,osm
ir-n10113774574,ir-n4760454875,near,osm
ir-n10113774574,ir-enghelab-suburb,near,osm
ir-n10113774574,ir-navab-safavi-suburb-3,near,osm
ir-n10208301521,ir-n10764023695,near,osm
ir-n10208301521,ir-n5193943959,near,osm
ir-n10764023695,ir-n5193943962,near,osm
ir-n10764023695,ir-n5193943959,near,osm
ir-navab-safavi-suburb-2,ir-navab-safavi-suburb-5,near,osm
ir-navab-safavi-suburb-2,ir-navab-safavi-suburb-4,near,osm
ir-navab-safavi-suburb-3,ir-n13081539949,near,osm
ir-navab-safavi-suburb-3,ir-n4761664410,near,osm
ir-navab-safavi-suburb-4,ir-navab-safavi-suburb-5,near,osm
ir-n13081539949,ir-navab-safavi-suburb-2,near,osm
ir-n1966429565,ir-n2753207463,near,osm
ir-n1966429565,ir-n2753207470,near,osm
ir-n1966429565,ir-n2753207457,near,osm
ir-n2753207450,ir-n2753207470,near,osm
ir-n2753207450,ir-n2753207457,near,osm
ir-n2753207450,ir-n1966429565,near,osm
ir-n2753207457,ir-n2753207470,near,osm
ir-n2753207457,ir-n2753207463,near,osm
ir-n2753207463,ir-n2753207470,near,osm
ir-n13260948440,ir-n2753207457,near,osm
ir-n13260948440,ir-n2753207450,near,osm
ir-n13260948440,ir-n2753207463,near,osm
ir-n4471108387,ir-n6639719901,near,osm
ir-n4471108387,ir-mianrood-2,near,osm
ir-dizaj-town,ir-hesar-ghasaban,near,osm
ir-farhangian-town-3,ir-n11366160287,near,osm
ir-n2272682363,ir-shamlou-2,near,osm
ir-n2272682363,ir-n4888171556,near,osm
ir-n2272682363,ir-n2272682364,near,osm
ir-n2272682364,ir-n4865352368,near,osm
ir-n2272682364,ir-n4888171556,near,osm
ir-n4865352368,ir-n4888171556,near,osm
ir-n4865352368,ir-n2272682363,near,osm
ir-n4888171556,ir-shamlou-2,near,osm
ir-shamlou-2,ir-n2272682364,near,osm
ir-jamshidabad,ir-n4884705578,near,osm
ir-jamshidabad,ir-n4884705428,near,osm
ir-jamshidabad,ir-n4884705579,near,osm
ir-n2272682367,ir-n4902790928,near,osm
ir-n2272682367,ir-n2272682368,near,osm
ir-n2272682367,ir-n4884705579,near,osm
ir-n2272682368,ir-n4884705579,near,osm
ir-n2272682368,ir-n4902790928,near,osm
ir-n2272682369,ir-n2272682367,near,osm
ir-n2272682369,ir-n4884705422,near,osm
ir-n2272682369,ir-n4902790928,near,osm
ir-n4884045816,ir-n4884705605,near,osm
ir-n4884045816,ir-n4884705604,near,osm
ir-n4884045816,ir-n4884705603,near,osm
ir-n4884705274,ir-halal-breim,near,osm
ir-n4884705274,ir-n4884705276,near,osm
ir-n4884705274,ir-n11099042956,near,osm
ir-halal-breim,ir-n4884705276,near,osm
ir-halal-breim,ir-n4888086133,near,osm
ir-n4884705276,ir-n11076780990,near,osm
ir-n4884705277,ir-n10939520495,near,osm
ir-n4884705277,ir-n4888086132,near,osm
ir-n4884705277,ir-n11076780990,near,osm
ir-n4884705421,ir-n4884705422,near,osm
ir-n4884705421,ir-n2272682368,near,osm
ir-n4884705421,ir-n4884705579,near,osm
ir-n4884705422,ir-n2272682368,near,osm
ir-n4884705422,ir-n4884705579,near,osm
ir-n4884705428,ir-n4884705578,near,osm
ir-n4884705428,ir-n4884705579,near,osm
ir-n4884705578,ir-n4884705579,near,osm
ir-n4884705579,ir-n4902790928,near,osm
ir-n4884705603,ir-n4888171557,near,osm
ir-n4884705603,ir-n4888086133,near,osm
ir-n4884705603,ir-n4884705605,near,osm
ir-n4884705604,ir-petrocimy,near,osm
ir-n4884705604,ir-n4884705277,near,osm
ir-n4884705605,ir-n4888086133,near,osm
ir-n4884705605,ir-halal-breim,near,osm
ir-n4884705619,ir-n5106248608,near,osm
ir-n4884705619,ir-n11377427711,near,osm
ir-n4884705619,ir-n4888171557,near,osm
ir-n4888086132,ir-n10939520495,near,osm
ir-n4888086132,ir-n11076780990,near,osm
ir-n4888086133,ir-n11099042956,near,osm
ir-n4888171557,ir-n11099042956,near,osm
ir-n4888171557,ir-n11377427711,near,osm
ir-n5106248608,ir-n11377427711,near,osm
ir-n5106248608,ir-n4888171557,near,osm
ir-petrocimy,ir-n4884705277,near,osm
ir-petrocimy,ir-n11076780990,near,osm
ir-petrocimy,ir-n4884705276,near,osm
ir-n5710820010,ir-n11099042956,near,osm
ir-n5710820010,ir-n11377427711,near,osm
ir-n5710820010,ir-n4888171557,near,osm
ir-n10939520495,ir-n11076780990,near,osm
ir-n11099042956,ir-halal-breim,near,osm
ir-n11377427711,ir-n11099042956,near,osm
ir-ahmad-abad-4,ir-n7025123039,near,osm
ir-ahmad-abad-4,ir-n13239118284,near,osm
ir-ahmad-abad-4,ir-n6430775928,near,osm
ir-n4415618685,ir-n7025123039,near,osm
ir-n4415618685,ir-n6430775928,near,osm
ir-n4415618685,ir-ahmad-abad-4,near,osm
ir-qodes,ir-n6430615863,near,osm
ir-qodes,ir-n6430615864,near,osm
ir-qodes,ir-islamabad-4,near,osm
ir-islamabad-4,ir-n6430615864,near,osm
ir-islamabad-4,ir-n6430615863,near,osm
ir-n6430615846,ir-n13239118284,near,osm
ir-n6430615846,ir-n13239134196,near,osm
ir-n6430615846,ir-n6430615864,near,osm
ir-n6430615863,ir-n6430615864,near,osm
ir-n6430775928,ir-n7025123039,near,osm
ir-n13239118284,ir-n13239134196,near,osm
ir-n13239134196,ir-n13391556109,near,osm
ir-n13391556109,ir-n6430615846,near,osm
ir-n13391556109,ir-islamabad-4,near,osm
ir-larim,ir-n4422680794,near,osm
ir-n2483537872,ir-n9872742535,near,osm
ir-n2483537872,ir-n9872742542,near,osm
ir-n2483537872,ir-n9872742546,near,osm
ir-n5296365577,ir-n5296365590,near,osm
ir-n5296365577,ir-n9213986819,near,osm
ir-n5296365577,ir-n9213986820,near,osm
ir-n5296365590,ir-n9213986819,near,osm
ir-n5296365590,ir-n9213986820,near,osm
ir-n5599595803,ir-n13898576646,near,osm
ir-n5599595803,ir-n7774329397,near,osm
ir-n5599595803,ir-n13563692964,near,osm
ir-imam-ali-township,ir-n13898576646,near,osm
ir-imam-ali-township,ir-n13563692964,near,osm
ir-imam-ali-township,ir-n7774329397,near,osm
ir-n6517411357,ir-n13563720449,near,osm
ir-n6517411357,ir-n9213986820,near,osm
ir-n6517411357,ir-n9872742542,near,osm
ir-n7774329397,ir-n13563692964,near,osm
ir-n7774329397,ir-n7774329398,near,osm
ir-n7774329397,ir-n13898576646,near,osm
ir-n7774329398,ir-n13563692964,near,osm
ir-n7774329398,ir-imam-ali-township,near,osm
ir-n9213986819,ir-n9213986820,near,osm
ir-n9213986819,ir-n9872742535,near,osm
ir-n9213986819,ir-n2483537872,near,osm
ir-n9213986820,ir-n9872742535,near,osm
ir-n9213986820,ir-n9872742542,near,osm
ir-n9872742535,ir-n9872742542,near,osm
ir-n9872742542,ir-n9872742546,near,osm
ir-n9872742546,ir-n13563720449,near,osm
ir-n13563720449,ir-n9872742542,near,osm
ir-n13898576646,ir-n13563692964,near,osm
ir-dabiran,ir-n12389485517,near,osm
ir-dabiran,ir-n12389485516,near,osm
ir-n12389485516,ir-n12389485517,near,osm
ir-khur-3,ir-n8493818747,near,osm
ir-khur-3,ir-n8493818748,near,osm
ir-n8493818747,ir-n8493818748,near,osm
ir-farasfaj,ir-n6207771506,near,osm
ir-giyan-2,ir-sarcheshmeh,near,osm
ir-giyan-2,ir-kakolabad,near,osm
ir-giyan-2,ir-chaleh-2,near,osm
ir-shahrak-e-seyed,ir-shahrak-e-maskan-e-mehr,near,osm
ir-shahrak-e-seyed,ir-kakolabad,near,osm
ir-shahrak-e-seyed,ir-chaleh-2,near,osm
ir-shahrak-e-maskan-e-mehr,ir-chaleh-2,near,osm
ir-shahrak-e-maskan-e-mehr,ir-kakolabad,near,osm
ir-kakolabad,ir-sarcheshmeh,near,osm
ir-kakolabad,ir-chaleh-2,near,osm
ir-chaleh-2,ir-sarcheshmeh,near,osm
ir-sar-e-kucheh,ir-sarcheshmeh,near,osm
ir-sar-e-kucheh,ir-giyan-2,near,osm
ir-sar-e-kucheh,ir-kakolabad,near,osm
ir-qorveh-e-darjazin,ir-n4915341300,near,osm
ir-qorveh-e-darjazin,ir-n5692356624,near,osm
ir-n4915341300,ir-n5692356624,near,osm
ir-gazik,ir-n5592154326,near,osm
ir-shen-chal,ir-n11505477731,near,osm
ir-shen-chal,ir-eslam-abad-14,near,osm
ir-shen-chal,ir-n13563602211,near,osm
ir-beheshti-mahaleh,ir-kebrit-mahaleh,near,osm
ir-beheshti-mahaleh,ir-abendansar,near,osm
ir-beheshti-mahaleh,ir-n5884575554,near,osm
ir-jamnan,ir-n5884575554,near,osm
ir-jamnan,ir-n11505477731,near,osm
ir-jamnan,ir-beheshti-mahaleh,near,osm
ir-eskandarkola,ir-malek-kola,near,osm
ir-eskandarkola,ir-darzikola,near,osm
ir-eskandarkola,ir-n13563613433,near,osm
ir-chemazkoti,ir-n13563602211,near,osm
ir-chemazkoti,ir-koochaksara,near,osm
ir-chemazkoti,ir-shen-chal,near,osm
ir-n5455030627,ir-chemazkoti,near,osm
ir-n5455030627,ir-n5884411952,near,osm
ir-n5455030627,ir-cheshmeh-sar,near,osm
ir-n5884411952,ir-cheshmeh-sar,near,osm
ir-n5884411952,ir-eslam-abad-14,near,osm
ir-n5884411952,ir-shen-chal,near,osm
ir-cheshmeh-sar,ir-eslam-abad-14,near,osm
ir-cheshmeh-sar,ir-shen-chal,near,osm
ir-eslam-abad-14,ir-n11505477731,near,osm
ir-koochaksara,ir-n13563602211,near,osm
ir-koochaksara,ir-ghaem-mahalle,near,osm
ir-kebrit-mahaleh,ir-ghaem-mahaleh,near,osm
ir-kebrit-mahaleh,ir-abendansar,near,osm
ir-ghaem-mahalle,ir-n13563613433,near,osm
ir-ghaem-mahalle,ir-kebrit-mahaleh,near,osm
ir-ghaem-mahalle,ir-ghaem-mahaleh,near,osm
ir-n5884575554,ir-abendansar,near,osm
ir-n5884575554,ir-kebrit-mahaleh,near,osm
ir-dokhaniat-2,ir-n13563613433,near,osm
ir-dokhaniat-2,ir-ghaem-mahaleh,near,osm
ir-dokhaniat-2,ir-siahkola,near,osm
ir-saheb-zaman,ir-ghaemieh,near,osm
ir-saheb-zaman,ir-n11593887361,near,osm
ir-saheb-zaman,ir-darzikola,near,osm
ir-siahkola,ir-ghaem-mahaleh,near,osm
ir-siahkola,ir-n13563613433,near,osm
ir-ghaemieh,ir-darzikola,near,osm
ir-ghaemieh,ir-n11593887361,near,osm
ir-darzikola,ir-n11593887361,near,osm
ir-malek-kola,ir-n11533754613,near,osm
ir-malek-kola,ir-siahkola,near,osm
ir-abendansar,ir-ghaem-mahaleh,near,osm
ir-n11533754613,ir-siahkola,near,osm
ir-n11533754613,ir-eskandarkola,near,osm
ir-n13563602211,ir-n11505477731,near,osm
ir-n13563613433,ir-ghaem-mahaleh,near,osm
ir-emamzadeh-abdollah-2,ir-n4413928589,near,osm
ir-kelarabad,ir-amirdasht-town,near,osm
ir-kelarabad,ir-n13161546772,near,osm
ir-kelarabad,ir-n7579453947,near,osm
ir-amirdasht-town,ir-n13161546772,near,osm
ir-amirdasht-town,ir-n7579453947,near,osm
ir-n7579453947,ir-n13161546772,near,osm
ir-chamkhaleh,ir-n2687923379,near,osm
ir-n3963813859,ir-n3963813864,near,osm
ir-n3963813859,ir-n3963813860,near,osm
ir-n3963813859,ir-n3963813861,near,osm
ir-n3963813860,ir-n3963813861,near,osm
ir-n3963813860,ir-n3963813864,near,osm
ir-n3963813861,ir-n3963813864,near,osm
ir-n3963813862,ir-n3963813863,near,osm
ir-n3963813862,ir-n3963813864,near,osm
ir-n3963813862,ir-n3963813859,near,osm
ir-n3963813863,ir-n3963813864,near,osm
ir-n3963813863,ir-n3963813859,near,osm
ir-goldis-town,ir-n6167930105,near,osm
ir-goldis-town,ir-n7190557605,near,osm
ir-goldis-town,ir-hasht-behesht-town,near,osm
ir-milad-town,ir-n7140880757,near,osm
ir-milad-town,ir-n7142600198,near,osm
ir-milad-town,ir-n7142600197,near,osm
ir-hasht-behesht-town,ir-shahrak-motahari-2,near,osm
ir-hasht-behesht-town,ir-n7142600203,near,osm
ir-shahrak-motahari-2,ir-n7142600203,near,osm
ir-shahrak-motahari-2,ir-n7142600197,near,osm
ir-n4909602780,ir-n7142600202,near,osm
ir-n4909602780,ir-n7140728447,near,osm
ir-n4909602780,ir-n7190557611,near,osm
ir-n5207121425,ir-n11879176076,near,osm
ir-n5207121425,ir-n5236952421,near,osm
ir-n5207121425,ir-n7142600205,near,osm
ir-n5236952421,ir-n11879176076,near,osm
ir-n5236952421,ir-n7142600205,near,osm
ir-n5259188533,ir-n7140767503,near,osm
ir-n5259188533,ir-n5259192749,near,osm
ir-n5259188533,ir-n7142600200,near,osm
ir-n5259192749,ir-n7141671575,near,osm
ir-n5259192749,ir-n7140767503,near,osm
ir-n6167930105,ir-n7142600203,near,osm
ir-n6167930105,ir-hasht-behesht-town,near,osm
ir-n7084501162,ir-n7142600204,near,osm
ir-n7084501162,ir-n7140728448,near,osm
ir-n7084501162,ir-n7142600205,near,osm
ir-n7140728447,ir-n7190557611,near,osm
ir-n7140728447,ir-n7142600201,near,osm
ir-n7140728448,ir-n7142600194,near,osm
ir-n7140728448,ir-n7142600204,near,osm
ir-n7140767503,ir-n7190557610,near,osm
ir-n7140767503,ir-n7142600200,near,osm
ir-n7140880757,ir-n7142600198,near,osm
ir-n7140880757,ir-n7142600197,near,osm
ir-n7141671575,ir-n7142600205,near,osm
ir-n7141671575,ir-n7142600204,near,osm
ir-n7142600194,ir-n7142600195,near,osm
ir-n7142600194,ir-n7142600198,near,osm
ir-n7142600195,ir-n7142600198,near,osm
ir-n7142600195,ir-n7140880757,near,osm
ir-n7142600196,ir-n7142600199,near,osm
ir-n7142600196,ir-n7142600202,near,osm
ir-n7142600196,ir-n7142600197,near,osm
ir-n7142600197,ir-n7142600198,near,osm
ir-n7142600199,ir-n7142600202,near,osm
ir-n7142600199,ir-n7190557611,near,osm
ir-n7142600200,ir-n7142600201,near,osm
ir-n7142600200,ir-n7190557610,near,osm
ir-n7142600200,ir-n7140728447,near,osm
ir-n7142600201,ir-n7190557611,near,osm
ir-n7142600202,ir-n7190557611,near,osm
ir-n7142600203,ir-n7142600202,near,osm
ir-n7142600203,ir-n7142600196,near,osm
ir-n7142600204,ir-n7142600205,near,osm
ir-n7190557605,ir-n6167930105,near,osm
ir-n7190557605,ir-hasht-behesht-town,near,osm
ir-n7190557610,ir-n7190557611,near,osm
ir-n7190557610,ir-n7142600199,near,osm
ir-n11879176076,ir-n7142600205,near,osm
ir-emam-hoseyn-town,ir-n5119499621,near,osm
ir-n2891222501,ir-n5792156672,near,osm
ir-n2891222501,ir-n8583945351,near,osm
ir-n2891222501,ir-n5792156671,near,osm
ir-camp-e-sahar,ir-shahrake-sadaf,near,osm
ir-camp-e-sahar,ir-n11110373958,near,osm
ir-n4396063802,ir-n8656102365,near,osm
ir-n4396063802,ir-n4509071192,near,osm
ir-n4396063802,ir-kish,near,osm
ir-n4509071192,ir-n8656102365,near,osm
ir-n4509071192,ir-shahrake-sadaf,near,osm
ir-n4509071192,ir-kish,near,osm
ir-n5792156671,ir-n8583945351,near,osm
ir-n5792156671,ir-n5792156672,near,osm
ir-n5792156672,ir-n8583945351,near,osm
ir-n8656102365,ir-kish,near,osm
ir-shahrake-sadaf,ir-kish,near,osm
ir-shahrake-sadaf,ir-n8656102365,near,osm
ir-n11110373958,ir-karaneh-residential-towers,near,osm
ir-n11110373958,ir-persian-residential-towers,near,osm
ir-n11110373958,ir-n8583945351,near,osm
ir-persian-residential-towers,ir-karaneh-residential-towers,near,osm
ir-persian-residential-towers,ir-n5792156671,near,osm
ir-karaneh-residential-towers,ir-n5792156671,near,osm
ir-sarableh,ir-n6422866685,near,osm
ir-tezerjan,ir-n7331133046,near,osm
ir-tezerjan,ir-n7331133047,near,osm
ir-n7319610183,ir-n7321764189,near,osm
ir-n7319610183,ir-n7319654816,near,osm
ir-n7319610183,ir-n7319654785,near,osm
ir-n7319654785,ir-n7331098164,near,osm
ir-n7319654785,ir-n7321764189,near,osm
ir-n7319654785,ir-n7331133044,near,osm
ir-n7319654816,ir-n7321764189,near,osm
ir-n7319654816,ir-n7331133044,near,osm
ir-n7321743277,ir-n7331098164,near,osm
ir-n7321743277,ir-n7319654785,near,osm
ir-n7321743277,ir-n7331133044,near,osm
ir-n7321764189,ir-n7331098164,near,osm
ir-n7331098164,ir-n7331133044,near,osm
ir-n7331133044,ir-n7321764189,near,osm
ir-n7331133046,ir-n7331133047,near,osm
ir-zibashahr-3,ir-n13563690106,near,osm
ir-zibashahr-3,ir-n13563662435,near,osm
ir-n5411833722,ir-n13563691718,near,osm
ir-n5411833722,ir-n9869770180,near,osm
ir-n5411833722,ir-n5763904721,near,osm
ir-n5763904721,ir-n13563688947,near,osm
ir-n9869770180,ir-n13563691718,near,osm
ir-n13563662435,ir-n13563688946,near,osm
ir-n13563688946,ir-n13563688947,near,osm
ir-n13563690106,ir-n13563691718,near,osm
ir-n3008079201,ir-n3008083662,near,osm
ir-n3008079201,ir-n5985264680,near,osm
ir-n3008079201,ir-n5822421602,near,osm
ir-n3008079203,ir-n7997941785,near,osm
ir-n3008079203,ir-n11332725000,near,osm
ir-n3008079203,ir-n5822420556,near,osm
ir-n3008080035,ir-n5985264680,near,osm
ir-n3008080035,ir-n3008083662,near,osm
ir-n3008080035,ir-n3009785682,near,osm
ir-n3008083662,ir-n5985264680,near,osm
ir-n3008083662,ir-n6010520708,near,osm
ir-n3009785682,ir-n3009786210,near,osm
ir-n3009785682,ir-n5822425330,near,osm
ir-n3009785682,ir-n7997812681,near,osm
ir-n3009786210,ir-n5822425330,near,osm
ir-n3009786210,ir-n7997812681,near,osm
ir-n3009789362,ir-n3008079203,near,osm
ir-n3009789362,ir-n11332725000,near,osm
ir-n3009789362,ir-n7997941785,near,osm
ir-n5822414540,ir-138,near,osm
ir-n5822414540,ir-n5822421602,near,osm
ir-n5822414540,ir-n6010520708,near,osm
ir-n5822420555,ir-n11332725000,near,osm
ir-n5822420555,ir-n3008080035,near,osm
ir-n5822420555,ir-n3008079201,near,osm
ir-n5822420556,ir-n7997941785,near,osm
ir-n5822420556,ir-n7997812681,near,osm
ir-n5822420556,ir-n5822425330,near,osm
ir-n5822421602,ir-138,near,osm
ir-n5822421602,ir-n6010520708,near,osm
ir-n5822425330,ir-n7997812681,near,osm
ir-n5822476529,ir-n5822425330,near,osm
ir-n5822476529,ir-n3009786210,near,osm
ir-n5822476529,ir-n7997812681,near,osm
ir-n5822483161,ir-n5822476529,near,osm
ir-n5822483161,ir-n3009786210,near,osm
ir-n5822483161,ir-n5822483162,near,osm
ir-n5822483162,ir-n5822476529,near,osm
ir-n5822483162,ir-n5822425330,near,osm
ir-n5985264680,ir-n6010520708,near,osm
ir-n6010520708,ir-138,near,osm
ir-n7997812681,ir-n7997941785,near,osm
ir-n11332725000,ir-n7997941785,near,osm
ir-modarres-2,ir-n4738272432,near,osm
ir-modarres-2,ir-n4738272433,near,osm
ir-modarres-2,ir-n8490804380,near,osm
ir-n4738272432,ir-n8490804380,near,osm
ir-n4738272432,ir-n4738272433,near,osm
ir-n4738272433,ir-n8491167002,near,osm
ir-n6654436355,ir-n12463270399,near,osm
ir-n8490804380,ir-n8491063469,near,osm
ir-n8491063469,ir-n4738272432,near,osm
ir-n8491063469,ir-n8491167002,near,osm
ir-n8491167002,ir-n4738272432,near,osm
ir-n8491167002,ir-n8490804380,near,osm
ir-n8491167002,ir-modarres-2,near,osm
ir-chahak-3,ir-n3023778058,near,osm
ir-n3029394058,ir-2-3,near,osm
ir-n3029394058,ir-taavon-2,near,osm
ir-n3029394058,ir-n5898607490,near,osm
ir-taavon-2,ir-n7179546014,near,osm
ir-taavon-2,ir-2-3,near,osm
ir-n5898607490,ir-2-3,near,osm
ir-n5898607490,ir-n6832644453,near,osm
ir-n6832644453,ir-n10675801939,near,osm
ir-n6832644453,ir-n10660843037,near,osm
ir-n7179546014,ir-n3029394058,near,osm
ir-n7179546014,ir-n10660843032,near,osm
ir-n9904080622,ir-n10660843034,near,osm
ir-n9904080622,ir-n10660843033,near,osm
ir-n9904080622,ir-n7179546014,near,osm
ir-n10660843032,ir-n3029394058,near,osm
ir-n10660843032,ir-taavon-2,near,osm
ir-n10660843033,ir-n10660843034,near,osm
ir-n10660843033,ir-n10660843036,near,osm
ir-n10660843033,ir-n10660843037,near,osm
ir-n10660843034,ir-n10660843036,near,osm
ir-n10660843036,ir-n10660843037,near,osm
ir-n10660843036,ir-n10675801939,near,osm
ir-n10660843037,ir-n10675801939,near,osm
ir-n10660843037,ir-2-3,near,osm
ir-n10675801939,ir-2-3,near,osm
ir-n3042225667,ir-n3042225668,near,osm
ir-n3042225667,ir-n3042225669,near,osm
ir-n3042225668,ir-n3042225669,near,osm
ir-dehdez,ir-n4471108158,near,osm
ir-dehdez,ir-kooye-ab-va-nirooye-dehdez,near,osm
ir-kooye-ab-va-nirooye-dehdez,ir-n4471108158,near,osm
ir-babashekhali,ir-n3070560832,near,osm
ir-babashekhali,ir-kale-mosalman,near,osm
ir-n3070560832,ir-kale-mosalman,near,osm
ir-n3070560832,ir-n9923922786,near,osm
ir-kale-mosalman,ir-n9923922786,near,osm
ir-garmase,ir-n8310252114,near,osm
ir-garmase,ir-n5141558203,near,osm
ir-garmase,ir-n13895850182,near,osm
ir-n5141558203,ir-n8310252114,near,osm
ir-n5141558203,ir-n13895850182,near,osm
ir-n8310252114,ir-n13895850182,near,osm
ir-n3072236860,ir-n3072266593,near,osm
ir-n3072236860,ir-n3072257584,near,osm
ir-n3072236860,ir-n3072257585,near,osm
ir-n3072236862,ir-n9883270248,near,osm
ir-n3072236862,ir-n3072257578,near,osm
ir-n3072236862,ir-n3072236860,near,osm
ir-n3072257578,ir-n11278416559,near,osm
ir-n3072257578,ir-n3072257580,near,osm
ir-n3072257580,ir-n11278416559,near,osm
ir-n3072257580,ir-n3072236862,near,osm
ir-n3072257584,ir-n3072266593,near,osm
ir-n3072257584,ir-n3072257585,near,osm
ir-n3072257585,ir-n3072266593,near,osm
ir-n3072266596,ir-n3072266597,near,osm
ir-n3072266596,ir-n3072257585,near,osm
ir-n3072266596,ir-n4760139922,near,osm
ir-n3072266597,ir-n4760139922,near,osm
ir-n3072266597,ir-n10128242978,near,osm
ir-n4397746599,ir-n10814070653,near,osm
ir-n4397746599,ir-n10864060495,near,osm
ir-n4397746599,ir-n10128242978,near,osm
ir-n4760139922,ir-n10128242978,near,osm
ir-n9883270248,ir-n3072257584,near,osm
ir-n9883270248,ir-n3072236860,near,osm
ir-n10128242978,ir-n10814070653,near,osm
ir-n10814070653,ir-n10864060495,near,osm
ir-n10864060495,ir-n10128242978,near,osm
ir-n11278416559,ir-n3072236862,near,osm
ir-n3085821572,ir-n6299377045,near,osm
ir-n3085821572,ir-n6299377044,near,osm
ir-n3085821572,ir-n6299377046,near,osm
ir-n6299377043,ir-n6299377044,near,osm
ir-n6299377043,ir-n3085821572,near,osm
ir-n6299377043,ir-n6448525335,near,osm
ir-n6299377044,ir-n6299377045,near,osm
ir-n6299377045,ir-n6299377046,near,osm
ir-n6299377045,ir-n6299377047,near,osm
ir-n6299377046,ir-n6299377047,near,osm
ir-n6299377047,ir-n6299585537,near,osm
ir-n6299521391,ir-n6448525335,near,osm
ir-n6299521391,ir-n6299377043,near,osm
ir-n6299521391,ir-n6299377044,near,osm
ir-n6299585537,ir-n6299377046,near,osm
ir-n6299585537,ir-n6299377045,near,osm
ir-n6448525335,ir-n6299377044,near,osm
ir-n3089673365,ir-n3254907081,near,osm
ir-n3089673365,ir-n3246672151,near,osm
ir-n3089673365,ir-n3254907085,near,osm
ir-n3246672151,ir-n3254907081,near,osm
ir-n3246672151,ir-n3293162320,near,osm
ir-n3254907081,ir-n3293162320,near,osm
ir-n3254907082,ir-n3258037946,near,osm
ir-n3254907082,ir-n3254907083,near,osm
ir-n3254907082,ir-n10819305729,near,osm
ir-n3254907083,ir-n10819305729,near,osm
ir-n3254907083,ir-n3254907086,near,osm
ir-n3254907085,ir-n3258037946,near,osm
ir-n3254907085,ir-n3254907081,near,osm
ir-n3254907085,ir-n3293162320,near,osm
ir-n3254907086,ir-n10536265394,near,osm
ir-n3254907086,ir-n3293162320,near,osm
ir-n3258037946,ir-n3254907083,near,osm
ir-n3258037946,ir-n10819305729,near,osm
ir-n3293162320,ir-n10536265394,near,osm
ir-n10536265394,ir-n10819305729,near,osm
ir-n10819305729,ir-n3254907086,near,osm
ir-jafarabad-7,ir-n4892844446,near,osm
ir-jafarabad-7,ir-n4929425769,near,osm
ir-jafarabad-7,ir-n4892848598,near,osm
ir-n3118318398,ir-n4892812194,near,osm
ir-n3118318398,ir-n4942863671,near,osm
ir-n3118318398,ir-kuh-e-polis,near,osm
ir-n4300177491,ir-n4932301299,near,osm
ir-n4300177491,ir-n4972193143,near,osm
ir-n4300177491,ir-kuh-e-polis,near,osm
ir-n4892812194,ir-kuh-e-polis,near,osm
ir-n4892812194,ir-n4300177491,near,osm
ir-n4892816388,ir-n4894777778,near,osm
ir-n4892816388,ir-n4894777777,near,osm
ir-n4892816388,ir-n4942863671,near,osm
ir-n4892844446,ir-n4892848598,near,osm
ir-n4892844446,ir-n4929425769,near,osm
ir-n4892848598,ir-n4929425769,near,osm
ir-n4892848598,ir-n4958838441,near,osm
ir-kuh-e-polis,ir-n4972193143,near,osm
ir-n4894777777,ir-n4894777778,near,osm
ir-n4894777777,ir-n4916398861,near,osm
ir-n4894777778,ir-n4942863671,near,osm
ir-n4900220542,ir-n4900220544,near,osm
ir-n4900220542,ir-district-1-12,near,osm
ir-n4900220542,ir-n4916398859,near,osm
ir-n4900220544,ir-district-1-12,near,osm
ir-n4900220544,ir-n4916398865,near,osm
ir-n4916398855,ir-n4916398859,near,osm
ir-n4916398855,ir-n4929425764,near,osm
ir-n4916398855,ir-n4916398861,near,osm
ir-n4916398859,ir-n4916398861,near,osm
ir-n4916398859,ir-n4929425764,near,osm
ir-n4916398861,ir-n4929425764,near,osm
ir-n4916398861,ir-district-2-12,near,osm
ir-n4916398865,ir-district-1-12,near,osm
ir-n4916398865,ir-n4900220542,near,osm
ir-n4929425764,ir-district-2-12,near,osm
ir-n4929425770,ir-n4958838441,near,osm
ir-n4929425770,ir-n4972193143,near,osm
ir-n4929425770,ir-n4892844446,near,osm
ir-n4932301299,ir-n4972193143,near,osm
ir-n4932301299,ir-n4958838441,near,osm
ir-n4942863671,ir-n4892812194,near,osm
ir-n4958838441,ir-n4972193143,near,osm
ir-district-2-12,ir-kuh-e-polis,near,osm
ir-n3300318032,ir-n3300318033,near,osm
ir-n3300318032,ir-n3300325993,near,osm
ir-n3300318033,ir-n3300325993,near,osm
ir-n3300325993,ir-n3300326088,near,osm
ir-n3300326088,ir-n11299496187,near,osm
ir-n11299496187,ir-n3300325993,near,osm
ir-n3131085048,ir-n11389581457,near,osm
ir-n3131085048,ir-n3300335053,near,osm
ir-n3300335053,ir-n3300350510,near,osm
ir-n3300350510,ir-n12076828691,near,osm
ir-n3300350857,ir-n12076828691,near,osm
ir-n3300355321,ir-n3300356107,near,osm
ir-b,ir-b-2,near,osm
ir-b,ir-b-4,near,osm
ir-b,ir-n6015351892,near,osm
ir-b-2,ir-b9-neighbourhood,near,osm
ir-b-2,ir-n6015351892,near,osm
ir-b9-neighbourhood,ir-b8-neighbourhood,near,osm
ir-b9-neighbourhood,ir-b7-neighbourhood,near,osm
ir-b8-neighbourhood,ir-c,near,osm
ir-b8-neighbourhood,ir-b7-neighbourhood,near,osm
ir-c,ir-c-2,near,osm
ir-c,ir-c-4,near,osm
ir-c-2,ir-c-3,near,osm
ir-c-2,ir-c-4,near,osm
ir-c-3,ir-c-5,near,osm
ir-c-3,ir-c-4,near,osm
ir-c-4,ir-b7-neighbourhood,near,osm
ir-c-4,ir-c-6,near,osm
ir-c-5,ir-c-8,near,osm
ir-c-5,ir-c-9,near,osm
ir-c-6,ir-c-7,near,osm
ir-c-6,ir-n6472404019,near,osm
ir-c-7,ir-b-6,near,osm
ir-c-7,ir-c-9,near,osm
ir-c-8,ir-c-9,near,osm
ir-c-8,ir-c-7,near,osm
ir-b-3,ir-n6472404019,near,osm
ir-b-3,ir-n6480599327,near,osm
ir-b-3,ir-n6480599299,near,osm
ir-a,ir-b-2,near,osm
ir-a,ir-b9-neighbourhood,near,osm
ir-a,ir-a3-neighbourhood,near,osm
ir-b7-neighbourhood,ir-n6480599327,near,osm
ir-b7-neighbourhood,ir-n6015351892,near,osm
ir-b-4,ir-kaveh-industrial-site,near,osm
ir-b-4,ir-a3-neighbourhood,near,osm
ir-a2-neighbourhood,ir-a3-neighbourhood,near,osm
ir-a2-neighbourhood,ir-a1-neighbourhood,near,osm
ir-a2-neighbourhood,ir-a,near,osm
ir-a1-neighbourhood,ir-a3-neighbourhood,near,osm
ir-a1-neighbourhood,ir-a,near,osm
ir-a3-neighbourhood,ir-b,near,osm
ir-b-5,ir-n6480599299,near,osm
ir-b-5,ir-b-6,near,osm
ir-b-5,ir-n6472404019,near,osm
ir-maskan-e-mehr,ir-e3-neighbourhood,near,osm
ir-maskan-e-mehr,ir-e4-neighbourhood,near,osm
ir-maskan-e-mehr,ir-e1-neighbourhood,near,osm
ir-c-9,ir-c-6,near,osm
ir-e1-neighbourhood,ir-e4-neighbourhood,near,osm
ir-e1-neighbourhood,ir-e2-neighbourhood,near,osm
ir-e4-neighbourhood,ir-e5-neighbourhood,near,osm
ir-n6015351892,ir-n6480599327,near,osm
ir-n6015351892,ir-b-3,near,osm
ir-b-6,ir-n6480599299,near,osm
ir-b-6,ir-n6472404019,near,osm
ir-kaveh-industrial-site,ir-b-5,near,osm
ir-kaveh-industrial-site,ir-n6480599299,near,osm
ir-e5-neighbourhood,ir-d5,near,osm
ir-e5-neighbourhood,ir-maskan-e-mehr,near,osm
ir-e6-neighbourhood,ir-e3-neighbourhood,near,osm
ir-e6-neighbourhood,ir-maskan-e-mehr,near,osm
ir-e6-neighbourhood,ir-f5-neighbourhood,near,osm
ir-e3-neighbourhood,ir-e2-neighbourhood,near,osm
ir-e3-neighbourhood,ir-f4-neighbourhood,near,osm
ir-e2-neighbourhood,ir-maskan-e-mehr,near,osm
ir-f1-neighbourhood,ir-f4-neighbourhood,near,osm
ir-f1-neighbourhood,ir-f2-neighbourhood,near,osm
ir-f1-neighbourhood,ir-e2-neighbourhood,near,osm
ir-f2-neighbourhood,ir-f3-neighbourhood,near,osm
ir-f2-neighbourhood,ir-f4-neighbourhood,near,osm
ir-f3-neighbourhood,ir-n6472081232,near,osm
ir-f3-neighbourhood,ir-n6472081229,near,osm
ir-f4-neighbourhood,ir-f5-neighbourhood,near,osm
ir-f5-neighbourhood,ir-n6472081229,near,osm
ir-f5-neighbourhood,ir-n6472081232,near,osm
ir-n6472081229,ir-n6472081232,near,osm
ir-n6472404019,ir-n6480599327,near,osm
ir-n6472404019,ir-n6480599299,near,osm
ir-d5,ir-e4-neighbourhood,near,osm
ir-d5,ir-maskan-e-mehr,near,osm
ir-golestan-yekom-mehrshahr,ir-n4930578252,near,osm
ir-n3148242365,ir-shikhabad,near,osm
ir-n3148242365,ir-n6438585800,near,osm
ir-n3148242365,ir-solimanabad,near,osm
ir-solimanabad,ir-shikhabad,near,osm
ir-solimanabad,ir-n5167646007,near,osm
ir-shikhabad,ir-n5167646007,near,osm
ir-n5167646007,ir-n7968087306,near,osm
ir-n5167646007,ir-n7968080792,near,osm
ir-n5171338675,ir-mohamadyeh,near,osm
ir-n5171338675,ir-solimanabad,near,osm
ir-n5171338675,ir-shikhabad,near,osm
ir-mohamadyeh,ir-solimanabad,near,osm
ir-mohamadyeh,ir-shikhabad,near,osm
ir-n6438585800,ir-shikhabad,near,osm
ir-n6438585800,ir-solimanabad,near,osm
ir-n7968080792,ir-n7968087306,near,osm
ir-n7968080792,ir-shikhabad,near,osm
ir-n7968087306,ir-shikhabad,near,osm
ir-zenderod-town,ir-n6438585800,near,osm
ir-goldasht,ir-qods-town-2,near,osm
ir-goldasht,ir-n4446818891,near,osm
ir-qods-town-2,ir-n4446818891,near,osm
ir-karkaj,ir-khavaran-2,near,osm
ir-soltaniyeh,ir-n13395284050,near,osm
ir-qaleh-ye-mowtowr,ir-qaleh-ye-aliabad,near,osm
ir-qaleh-ye-mowtowr,ir-qaleh-ye-mowtowr-2,near,osm
ir-qaleh-ye-mowtowr,ir-sahraye-lohramesh,near,osm
ir-qaleh-ye-mowtowr-2,ir-qaleh-ye-aliabad,near,osm
ir-qaleh-ye-mowtowr-2,ir-sahraye-lohramesh,near,osm
ir-qaleh-ye-aliabad,ir-sahraye-lohramesh,near,osm
ir-esfanjeh,ir-pachenar,near,osm
ir-esfanjeh,ir-robat-ablolan,near,osm
ir-esfanjeh,ir-paeen-kocheh,near,osm
ir-robat-ablolan,ir-pachenar,near,osm
ir-robat-ablolan,ir-paeen-kocheh,near,osm
ir-paeen-kocheh,ir-pachenar,near,osm
ir-paeen-kocheh,ir-sar-robatan,near,osm
ir-sar-robatan,ir-hefdah-tan,near,osm
ir-sar-robatan,ir-pachenar,near,osm
ir-omran,ir-n7130216440,near,osm
ir-omran,ir-shahrak-shardari-2,near,osm
ir-omran,ir-shahrak-alvand,near,osm
ir-shahrak-shardari-2,ir-n7130216440,near,osm
ir-shahrak-shardari-2,ir-shahrak-niro-entezami,near,osm
ir-shahrak-niro-entezami,ir-n7130216440,near,osm
ir-shahrak-niro-entezami,ir-omran,near,osm
ir-maskan-mehr-5,ir-andisheh-2,near,osm
ir-maskan-mehr-5,ir-shahrak-alvand-2,near,osm
ir-maskan-mehr-5,ir-shahrak-alvand,near,osm
ir-kazem-abad-3,ir-mahal-chal-va-taher,near,osm
ir-kazem-abad-3,ir-hefdah-tan,near,osm
ir-kazem-abad-3,ir-sar-robatan,near,osm
ir-baba-abdollah,ir-markaz-e-behdasht,near,osm
ir-baba-abdollah,ir-seyed-sadat,near,osm
ir-baba-abdollah,ir-park-shar-va-koy-farhangiyan,near,osm
ir-park-shar-va-koy-farhangiyan,ir-hefdah-tan,near,osm
ir-park-shar-va-koy-farhangiyan,ir-seyed-sadat,near,osm
ir-koche-bagh,ir-markaz-e-behdasht,near,osm
ir-koche-bagh,ir-seyed-sadat,near,osm
ir-koche-bagh,ir-baba-abdollah,near,osm
ir-seyed-sadat,ir-markaz-e-behdasht,near,osm
ir-seyed-sadat,ir-hefdah-tan,near,osm
ir-mahal-chal-va-taher,ir-hefdah-tan,near,osm
ir-mahal-chal-va-taher,ir-seyed-sadat,near,osm
ir-shahrak-alvand,ir-andisheh-2,near,osm
ir-shahrak-alvand,ir-shahrak-alvand-2,near,osm
ir-andisheh-2,ir-shahrak-alvand-2,near,osm
ir-n3237981608,ir-rushan-abad,near,osm
ir-hajiabad-7,ir-n6024082407,near,osm
ir-hajiabad-7,ir-n4458280508,near,osm
ir-n4458280508,ir-n6024082407,near,osm
ir-naysar,ir-n11613456281,near,osm
ir-baharan-3-19,ir-baharan-4-19,near,osm
ir-baharan-3-19,ir-farhangian-fase-1,near,osm
ir-baharan-3-19,ir-nasim-apartments,near,osm
ir-baharan-2-19,ir-baharan-1-19,near,osm
ir-baharan-2-19,ir-farhangian-phase-2-2,near,osm
ir-baharan-2-19,ir-farhangian-fase-1,near,osm
ir-baharan-4-19,ir-baharan-2-17,near,osm
ir-baharan-4-19,ir-nasim-apartments,near,osm
ir-baharan-4-19,ir-farhangian-fase-1,near,osm
ir-baharan-1-19,ir-farhangian-phase-2-2,near,osm
ir-baharan-1-19,ir-farhangian-fase-1,near,osm
ir-nasim-apartments,ir-farhangian-fase-1,near,osm
ir-nasim-apartments,ir-farhangian-phase-2-2,near,osm
ir-baharan-2-17,ir-nasim-apartments,near,osm
ir-baharan-2-17,ir-farhangian-fase-1,near,osm
ir-farhangian-fase-1,ir-farhangian-phase-2-2,near,osm
ir-charmshahr,ir-n5265169936,near,osm
ir-n3257152877,ir-n3257181180,near,osm
ir-n3257152877,ir-n3257152879,near,osm
ir-n3257152877,ir-n3257181172,near,osm
ir-n3257152879,ir-n3257181180,near,osm
ir-n3257152879,ir-n3257181172,near,osm
ir-n3257181172,ir-n3257181180,near,osm
ir-n3257435791,ir-amozesh-va-parvaresh-apartments,near,osm
ir-n3257435791,ir-n4069381812,near,osm
ir-n4069381812,ir-amozesh-va-parvaresh-apartments,near,osm
ir-n4444428641,ir-abdanan,near,osm
ir-n4444428641,ir-n5652493573,near,osm
ir-abdanan,ir-n5652493573,near,osm
ir-n3290271856,ir-n6278634108,near,osm
ir-n3290271856,ir-n12299550046,near,osm
ir-golsar,ir-n5231462086,near,osm
ir-n6278634108,ir-n12299550046,near,osm
ir-chalsara,ir-n12442445662,near,osm
ir-chalsara,ir-n8492025493,near,osm
ir-chalsara,ir-n11449310339,near,osm
ir-n8492025493,ir-n11449310339,near,osm
ir-n8492025493,ir-n12442445662,near,osm
ir-n11449310339,ir-n11468911481,near,osm
ir-n11468911481,ir-n8492025493,near,osm
ir-n11468911481,ir-n12442445662,near,osm
ir-shahin-vila-2,ir-n11180595831,near,osm
ir-n3300365391,ir-n10796976405,near,osm
ir-n3300365391,ir-n3300366716,near,osm
ir-n3300365391,ir-n3300366717,near,osm
ir-n3300366716,ir-n10796976405,near,osm
ir-n3300366716,ir-n3300366717,near,osm
ir-n3300366717,ir-n10796976405,near,osm
ir-n3305206388,ir-n3305229743,near,osm
ir-n3305206388,ir-parandak,near,osm
ir-n3305229755,ir-n9875969866,near,osm
ir-n3305229755,ir-n11738440074,near,osm
ir-shotorkhar,ir-n4461340357,near,osm
ir-shotorkhar,ir-n9875969866,near,osm
ir-n9875969866,ir-n9897220007,near,osm
ir-n9897220007,ir-n11738440074,near,osm
ir-saidabad-4,ir-n10589851454,near,osm
ir-n3311323111,ir-n3311323112,near,osm
ir-n3311323111,ir-n12747725036,near,osm
ir-n3311323111,ir-n12747725026,near,osm
ir-n3311323112,ir-n12747725026,near,osm
ir-n3311323112,ir-n12747725036,near,osm
ir-bagher-abad,ir-n7807845375,near,osm
ir-bagher-abad,ir-n12747725026,near,osm
ir-bagher-abad,ir-n3311587253,near,osm
ir-n3311587253,ir-n10304902835,near,osm
ir-n3311587253,ir-n7807845375,near,osm
ir-n6835341960,ir-n3311323112,near,osm
ir-n6835341960,ir-n3311323111,near,osm
ir-n6835341960,ir-n12747725036,near,osm
ir-n7807845375,ir-n12747725026,near,osm
ir-n10304902835,ir-n7807845375,near,osm
ir-n10304902835,ir-bagher-abad,near,osm
ir-n12747725036,ir-n12747725026,near,osm
ir-kheyrabad-9,ir-shahrak-e-modarres,near,osm
ir-kheyrabad-9,ir-n9023810072,near,osm
ir-kheyrabad-9,ir-n8218020915,near,osm
ir-n4461339992,ir-n4461340073,near,osm
ir-n4461339992,ir-n10574422349,near,osm
ir-n4461339992,ir-n10574422350,near,osm
ir-n4461340041,ir-n10574422349,near,osm
ir-n4461340041,ir-n10574422350,near,osm
ir-n4461340041,ir-n4461340516,near,osm
ir-n4461340073,ir-n10574422349,near,osm
ir-n4461340073,ir-n10574422350,near,osm
ir-n4461340516,ir-n10574422349,near,osm
ir-n4461340516,ir-n4461340073,near,osm
ir-shahrak-e-modarres,ir-n9023810072,near,osm
ir-shahrak-e-modarres,ir-n8218020915,near,osm
ir-n8218020915,ir-n9023810072,near,osm
ir-n8218020915,ir-n9023644344,near,osm
ir-n9023644344,ir-n11913441349,near,osm
ir-n9023644344,ir-n9023810072,near,osm
ir-n10574422349,ir-n10574422350,near,osm
ir-n11913441349,ir-n8218020915,near,osm
ir-n11913441349,ir-n9023810072,near,osm
ir-n12438316748,ir-n4461340516,near,osm
ir-n12438316748,ir-n9023644344,near,osm
ir-n12438316748,ir-n8218020915,near,osm
ir-jalilabad,ir-n4436810641,near,osm
ir-shahrak-fajr,ir-n9507644977,near,osm
ir-shahrak-fajr,ir-shahrak-amiralmomenin,near,osm
ir-shahrak-fajr,ir-n9507645006,near,osm
ir-n4958335108,ir-n9507645006,near,osm
ir-n4958335108,ir-n9507644977,near,osm
ir-n4958335108,ir-shahrak-fajr,near,osm
ir-shahrak-amiralmomenin,ir-n9507644977,near,osm
ir-shahrak-amiralmomenin,ir-n9507645006,near,osm
ir-n9507644977,ir-n9507645006,near,osm
ir-shahrak-khoram,ir-n4205620689,near,osm
ir-shahrak-khoram,ir-n4205620690,near,osm
ir-shahrak-khoram,ir-n5921124202,near,osm
ir-n4205620689,ir-n5921124202,near,osm
ir-n4205620689,ir-n4205620690,near,osm
ir-n4205620690,ir-n5921124202,near,osm
ir-n4205620691,ir-n4205620690,near,osm
ir-n4205620691,ir-n4205620689,near,osm
ir-n4205620691,ir-n5921124202,near,osm
ir-n3312728494,ir-n9732853177,near,osm
ir-n3312728494,ir-n5922688687,near,osm
ir-n3312728494,ir-n5922688686,near,osm
ir-n5922688686,ir-n10171129072,near,osm
ir-n5922688686,ir-n5922688687,near,osm
ir-n5922688687,ir-n10171129072,near,osm
ir-n9732853177,ir-n5922688687,near,osm
ir-n9732853177,ir-n5922688686,near,osm
ir-n10171129072,ir-n3312728494,near,osm
ir-ziba-shahr-5,ir-ziba-shahr-7,near,osm
ir-n3320513540,ir-n13013049563,near,osm
ir-n3889978733,ir-n13013049563,near,osm
ir-meshkin-dasht-2,ir-district-1-14,near,osm
ir-n3321661920,ir-akhgar-abaad,near,osm
ir-n3321661922,ir-n5904489983,near,osm
ir-buin-and-miandasht,ir-n5219601573,near,osm
ir-buin-and-miandasht,ir-n5219601359,near,osm
ir-buin-and-miandasht,ir-n5219658925,near,osm
ir-n5219601359,ir-n5219601573,near,osm
ir-n5219601359,ir-n5219658925,near,osm
ir-n5219601573,ir-n5219658925,near,osm
ir-hendijan,ir-n4301258495,near,osm
ir-n3441696057,ir-n9240121198,near,osm
ir-n3441696057,ir-n9240117932,near,osm
ir-n9240117932,ir-n9240121198,near,osm
ir-n3443353652,ir-n9213273402,near,osm
ir-kurosh-kuye-mellat,ir-kurosh-kuye-mellat-2,near,osm
ir-n3461315312,ir-n9448615362,near,osm
ir-n3461315312,ir-n9240110183,near,osm
ir-n3461315312,ir-n9213273395,near,osm
ir-n9213273395,ir-n9240110183,near,osm
ir-n9213273395,ir-n9448615362,near,osm
ir-n9240110183,ir-n9448615362,near,osm
ir-za-faran,ir-n5226723475,near,osm
ir-za-faran,ir-n3739899326,near,osm
ir-za-faran,ir-n3677466591,near,osm
ir-n3642070026,ir-n3642070027,near,osm
ir-n3642070026,ir-n3739894237,near,osm
ir-n3642070026,ir-n3739899326,near,osm
ir-n3642070027,ir-n3739894237,near,osm
ir-n3642070027,ir-n3739899326,near,osm
ir-n3677466591,ir-n5226723475,near,osm
ir-n3677466591,ir-n3799572457,near,osm
ir-n3677466591,ir-n3739899326,near,osm
ir-n3739894237,ir-n3739899326,near,osm
ir-n3739899326,ir-n3799572457,near,osm
ir-n3739899326,ir-n5226723475,near,osm
ir-n3799553160,ir-n5226723482,near,osm
ir-n3799553160,ir-n3799572457,near,osm
ir-n3799553160,ir-n3739899326,near,osm
ir-n3799572457,ir-n5226723482,near,osm
ir-n5226723475,ir-n3799572457,near,osm
ir-n5226723482,ir-n3677466591,near,osm
ir-kahriz-5,ir-n9939761313,near,osm
ir-kahriz-5,ir-shahrak-e-bahar-e-azadegan,near,osm
ir-kahriz-5,ir-shahrak-e-basij-faza1,near,osm
ir-moradabad-10,ir-n7062956560,near,osm
ir-moradabad-10,ir-shahrak-e-bahar-e-azadegan,near,osm
ir-moradabad-10,ir-shahrak-e-basij-faza1,near,osm
ir-n3525486289,ir-1-shahrak-e-resalat,near,osm
ir-n3525486289,ir-n9939761313,near,osm
ir-n3525486289,ir-shahrak-e-basij-faza1,near,osm
ir-shahrak-e-bahar-e-azadegan,ir-shahrak-e-basij-faza1,near,osm
ir-shahrak-e-bahar-e-azadegan,ir-n7062956560,near,osm
ir-shahrak-e-bahar-e-azadegan,ir-n9939761313,near,osm
ir-shahrak-e-basij-faza1,ir-n9939761313,near,osm
ir-1-shahrak-e-resalat,ir-n9939761312,near,osm
ir-1-shahrak-e-resalat,ir-shahrak-e-basij-faza1,near,osm
ir-n5271472148,ir-n10660843026,near,osm
ir-n5271472148,ir-n5271472154,near,osm
ir-n5271472148,ir-n10794700482,near,osm
ir-n5271472154,ir-n10660843026,near,osm
ir-n5271472154,ir-n7141333658,near,osm
ir-n5271477887,ir-n7141333658,near,osm
ir-n5271477887,ir-n5271472154,near,osm
ir-n5271477887,ir-n9939761315,near,osm
ir-n5396835624,ir-n11550131111,near,osm
ir-n5396835624,ir-n10660843028,near,osm
ir-n5396835624,ir-n10660843027,near,osm
ir-n7062956560,ir-shahrak-e-basij-faza1,near,osm
ir-n7141333658,ir-n9939761315,near,osm
ir-n9939761309,ir-n12245914453,near,osm
ir-n9939761309,ir-n9939761310,near,osm
ir-n9939761309,ir-n9939761312,near,osm
ir-n9939761310,ir-n12245914453,near,osm
ir-n9939761310,ir-n9939761311,near,osm
ir-n9939761311,ir-n9939761312,near,osm
ir-n9939761311,ir-n12245914453,near,osm
ir-n9939761312,ir-n9939761310,near,osm
ir-n9939761314,ir-n10675801933,near,osm
ir-n9939761314,ir-n10675801934,near,osm
ir-n9939761314,ir-n12245914453,near,osm
ir-n9939761315,ir-n5271472154,near,osm
ir-n10660843024,ir-n10660843025,near,osm
ir-n10660843024,ir-n10856645910,near,osm
ir-n10660843024,ir-n5271477887,near,osm
ir-n10660843025,ir-n5271477887,near,osm
ir-n10660843025,ir-n10660843027,near,osm
ir-n10660843026,ir-n10794700482,near,osm
ir-n10660843027,ir-n10660843028,near,osm
ir-n10660843027,ir-n10660843024,near,osm
ir-n10660843028,ir-n11550131111,near,osm
ir-n10660843028,ir-n10660843025,near,osm
ir-n10675801933,ir-n10856645910,near,osm
ir-n10675801933,ir-n10675801934,near,osm
ir-n10675801934,ir-n10856645910,near,osm
ir-n10675801934,ir-n5271477887,near,osm
ir-n10794700482,ir-n5271472154,near,osm
ir-n11550131111,ir-n10660843027,near,osm
ir-n3525486276,ir-n10660837788,near,osm
ir-n3525486276,ir-n10660837787,near,osm
ir-n3525486276,ir-n5271503420,near,osm
ir-n5271420042,ir-n10660837786,near,osm
ir-n5271420042,ir-n10660837787,near,osm
ir-n5271420042,ir-n10660837788,near,osm
ir-n5271503420,ir-n10660837787,near,osm
ir-n5271503420,ir-n10660837784,near,osm
ir-n5271503420,ir-n10660837783,near,osm
ir-n9892624954,ir-n10660843023,near,osm
ir-n9892624954,ir-n10660842972,near,osm
ir-n9892624954,ir-n10794700480,near,osm
ir-n10660837783,ir-n10660837786,near,osm
ir-n10660837783,ir-n10660842959,near,osm
ir-n10660837783,ir-n10660842972,near,osm
ir-n10660837784,ir-n10660842957,near,osm
ir-n10660837784,ir-n10660842958,near,osm
ir-n10660837786,ir-n10660842972,near,osm
ir-n10660837787,ir-n10660837786,near,osm
ir-n10660837788,ir-n10660837787,near,osm
ir-n10660837788,ir-n10660837786,near,osm
ir-n10660842957,ir-n10660842958,near,osm
ir-n10660842957,ir-n10660837783,near,osm
ir-n10660842958,ir-n10660842959,near,osm
ir-n10660842959,ir-n10660842972,near,osm
ir-n10660842959,ir-n10794700480,near,osm
ir-n10660842972,ir-n10794700480,near,osm
ir-n10660842988,ir-n10794700480,near,osm
ir-n10660842988,ir-n10675704200,near,osm
ir-n10660842988,ir-n10660842959,near,osm
ir-n10660843023,ir-n10943637345,near,osm
ir-n10660843023,ir-n10794700480,near,osm
ir-n10675704200,ir-n11472452687,near,osm
ir-n10675704200,ir-n10660842959,near,osm
ir-n10943637345,ir-n9892624954,near,osm
ir-n10943637345,ir-n10794700480,near,osm
ir-n11472452687,ir-n10660842959,near,osm
ir-n11472452687,ir-n10660842958,near,osm
ir-shahrak-e-emam-khomeyni-5,ir-shahrak-e-shahid-bahonar,near,osm
ir-shahrak-e-emam-khomeyni-6,ir-shahrak-e-emam-reza,near,osm
ir-shahrak-e-emam-khomeyni-6,ir-shahrak-e-beheshti,near,osm
ir-shahrak-e-beheshti,ir-shahrak-e-emam-reza,near,osm
ir-n3539770180,ir-n5202789125,near,osm
ir-n3539770180,ir-natanz,near,osm
ir-n3539770180,ir-n5202704656,near,osm
ir-n5202604729,ir-n7294388597,near,osm
ir-n5202604729,ir-n5202757616,near,osm
ir-n5202604729,ir-n5202704656,near,osm
ir-n5202704656,ir-natanz,near,osm
ir-n5202704656,ir-n5202757616,near,osm
ir-n5202704656,ir-n7294388597,near,osm
ir-n5202757616,ir-n7294388597,near,osm
ir-n5202757616,ir-natanz,near,osm
ir-n5202789125,ir-natanz,near,osm
ir-n5202789125,ir-n5202704656,near,osm
ir-n7294388597,ir-natanz,near,osm
ir-dash-korpi-pole-sangi,ir-sa-at-square,near,osm
ir-dash-korpi-pole-sangi,ir-maqsoudiyeh,near,osm
ir-dash-korpi-pole-sangi,ir-sadra-2,near,osm
ir-sa-at-square,ir-maqsoudiyeh,near,osm
ir-sa-at-square,ir-shariati-5,near,osm
ir-sa-at-square,ir-ahrab,near,osm
ir-baghche-ban,ir-n13536280483,near,osm
ir-n4810919322,ir-baghmisheh,near,osm
ir-n4810919322,ir-n5656701493,near,osm
ir-n4810919322,ir-abbasi-2,near,osm
ir-n4840615040,ir-khanesazi,near,osm
ir-n4840615040,ir-akhuni,near,osm
ir-n4840615040,ir-hokmabad,near,osm
ir-kuyeh-enghelab,ir-taleqani-2,near,osm
ir-kuyeh-enghelab,ir-pastor-2,near,osm
ir-kuyeh-enghelab,ir-sari-zami,near,osm
ir-sari-zami,ir-sadra-2,near,osm
ir-hokmabad,ir-akhuni,near,osm
ir-hokmabad,ir-khanesazi,near,osm
ir-n5656701493,ir-baghmisheh,near,osm
ir-n5656701493,ir-n13536280483,near,osm
ir-khanesazi,ir-akhuni,near,osm
ir-ahrab,ir-shariati-5,near,osm
ir-ahrab,ir-maqsoudiyeh,near,osm
ir-ahrab,ir-lalehzar,near,osm
ir-lalehzar,ir-shariati-5,near,osm
ir-lalehzar,ir-pastor-2,near,osm
ir-pastor-2,ir-taleqani-2,near,osm
ir-pastor-2,ir-shariati-5,near,osm
ir-pastor-2,ir-maqsoudiyeh,near,osm
ir-taleqani-2,ir-shariati-5,near,osm
ir-shariati-5,ir-maqsoudiyeh,near,osm
ir-baghmisheh,ir-n13536280483,near,osm
ir-abbasi-2,ir-sadra-2,near,osm
ir-abbasi-2,ir-dash-korpi-pole-sangi,near,osm
ir-shamqazan-shanbe-ghazan,ir-dampezashki,near,osm
ir-laklar,ir-17-shahrivar,near,osm
ir-n3636537652,ir-n5308659590,near,osm
ir-n3657525329,ir-n5710636286,near,osm
ir-n3657525329,ir-n6126101948,near,osm
ir-n5710636286,ir-n6126101948,near,osm
ir-n3665920505,ir-n9890892278,near,osm
ir-n3665920505,ir-n10659296275,near,osm
ir-n3665920505,ir-n10660851373,near,osm
ir-n3665953929,ir-n10659296275,near,osm
ir-n3665953929,ir-n9890892278,near,osm
ir-n3665953929,ir-n3665920505,near,osm
ir-n3665959611,ir-n10659296275,near,osm
ir-n3665959611,ir-n3665920505,near,osm
ir-n3665959611,ir-n3665953929,near,osm
ir-n9890892278,ir-n10660837777,near,osm
ir-n9890892278,ir-n10659296275,near,osm
ir-n9904080621,ir-n10660837777,near,osm
ir-n9904080621,ir-n10659294146,near,osm
ir-n9904080621,ir-n10660851369,near,osm
ir-n10659294146,ir-n10943627573,near,osm
ir-n10659294146,ir-n10660851369,near,osm
ir-n10660837777,ir-n10660851369,near,osm
ir-n10660851369,ir-n10943627573,near,osm
ir-n10660851369,ir-n10660851373,near,osm
ir-n10660851373,ir-n9890892278,near,osm
ir-n10943627573,ir-n10943651808,near,osm
ir-n10943651808,ir-n10660851369,near,osm
ir-n10943651808,ir-n10660851373,near,osm
ir-besat-town-2,ir-n9813728364,near,osm
ir-besat-town-2,ir-n4224010162,near,osm
ir-n4224010162,ir-n9813728364,near,osm
ir-zehuki,ir-n10291281479,near,osm
ir-phase-1-2,ir-n3725001566,near,osm
ir-phase-1-2,ir-n5226595858,near,osm
ir-phase-1-2,ir-n5226727218,near,osm
ir-n3725001566,ir-n5226595858,near,osm
ir-n3725001566,ir-n3843292980,near,osm
ir-n3789338605,ir-n5226492362,near,osm
ir-n3789338605,ir-n5226478899,near,osm
ir-n3789338605,ir-n5226727218,near,osm
ir-n3843292980,ir-n5226595858,near,osm
ir-n3843292980,ir-n5226707532,near,osm
ir-n3843292980,ir-n5226478899,near,osm
ir-n5226478899,ir-n5226492362,near,osm
ir-n5226478899,ir-n5226727218,near,osm
ir-n5226492362,ir-n3843292980,near,osm
ir-n5226595858,ir-n5226707532,near,osm
ir-n5226595858,ir-n5226478899,near,osm
ir-n5226707532,ir-n5226478899,near,osm
ir-n5226727218,ir-n5226492362,near,osm
ir-n5226727218,ir-n5226595858,near,osm
ir-sajjadsahr,ir-zibashahr-suburb,near,osm
ir-n3812375128,ir-n4446816561,near,osm
ir-n3818049263,ir-sayyed-al-shohada-town,near,osm
ir-valiabad-8,ir-n12149404645,near,osm
ir-valiabad-8,ir-n4413975998,near,osm
ir-n4413975998,ir-n12149404645,near,osm
ir-n3848421473,ir-n3848421476,near,osm
ir-n3848421473,ir-n3848421474,near,osm
ir-n3848421473,ir-n3871236654,near,osm
ir-n3848421474,ir-n3871236654,near,osm
ir-n3848421474,ir-n3848421476,near,osm
ir-n3848421476,ir-n3848559902,near,osm
ir-n3848421476,ir-n3871236654,near,osm
ir-n3848559902,ir-n3871236654,near,osm
ir-n3848559902,ir-n3848421473,near,osm
ir-n3848559901,ir-n3871637842,near,osm
ir-n3848559901,ir-n3886085724,near,osm
ir-n3848559901,ir-n3851211871,near,osm
ir-n3851211871,ir-n3886085724,near,osm
ir-n3851211871,ir-n3871637840,near,osm
ir-n3851211871,ir-n3871637842,near,osm
ir-n3871637840,ir-n3886085724,near,osm
ir-n3871637840,ir-n3871637842,near,osm
ir-n3871637842,ir-n3886085724,near,osm
ir-n3872632669,ir-n8148434705,near,osm
ir-n3872632669,ir-n3871637842,near,osm
ir-n3872632669,ir-n3848559901,near,osm
ir-n3886085725,ir-n3886085726,near,osm
ir-n3886085725,ir-n3886085727,near,osm
ir-n3886085726,ir-n3886085727,near,osm
ir-n8148434705,ir-n3871637842,near,osm
ir-n8148434705,ir-n3848559901,near,osm
ir-n3859854529,ir-n5901186372,near,osm
ir-kheirabad-3,ir-n4790450042,near,osm
ir-kheirabad-3,ir-khayrabad-4,near,osm
ir-kheirabad-3,ir-n5526321761,near,osm
ir-khayrabad-4,ir-n5526321761,near,osm
ir-khayrabad-4,ir-n4790450042,near,osm
ir-n4790450042,ir-n5526321761,near,osm
ir-n3884281504,ir-akbar-abad-8,near,osm
ir-n3884281509,ir-sheykhdad-2,near,osm
ir-n3888051672,ir-n9912590592,near,osm
ir-n3888051672,ir-n7413565178,near,osm
ir-n3888051672,ir-n11493891516,near,osm
ir-n7413565178,ir-n11493891516,near,osm
ir-n7413565178,ir-n9912590592,near,osm
ir-n7561387160,ir-n9912590592,near,osm
ir-n9912590592,ir-n11493891516,near,osm
ir-khusheh-mehr,ir-n10994025490,near,osm
ir-n3907059745,ir-n13566739635,near,osm
ir-n3907059745,ir-n12809121900,near,osm
ir-n3907059745,ir-n12809141302,near,osm
ir-n4944363065,ir-n12809121897,near,osm
ir-n4944363065,ir-n12809121898,near,osm
ir-n4944363065,ir-n12809121896,near,osm
ir-n10872915415,ir-n12809141311,near,osm
ir-n10872915415,ir-n12809141306,near,osm
ir-n10872915415,ir-n12809141305,near,osm
ir-n12809121892,ir-n13566732171,near,osm
ir-n12809121892,ir-n12809141307,near,osm
ir-n12809121892,ir-n12809141309,near,osm
ir-n12809121893,ir-n12809141304,near,osm
ir-n12809121893,ir-n12809141307,near,osm
ir-n12809121893,ir-n12809121892,near,osm
ir-n12809121894,ir-n12809121896,near,osm
ir-n12809121894,ir-n12809121895,near,osm
ir-n12809121894,ir-n12809121899,near,osm
ir-n12809121895,ir-n12809121896,near,osm
ir-n12809121895,ir-n4944363065,near,osm
ir-n12809121896,ir-n12809121899,near,osm
ir-n12809121897,ir-n12809121898,near,osm
ir-n12809121897,ir-n12809121896,near,osm
ir-n12809121898,ir-n12809121895,near,osm
ir-n12809121899,ir-n12809121900,near,osm
ir-n12809121900,ir-n12809141302,near,osm
ir-n12809121900,ir-n13566739635,near,osm
ir-n12809121900,ir-n12809121892,near,osm
ir-n12809141301,ir-n12809141306,near,osm
ir-n12809141301,ir-n12809141305,near,osm
ir-n12809141301,ir-n10872915415,near,osm
ir-n12809141302,ir-n12809141303,near,osm
ir-n12809141302,ir-n13566739635,near,osm
ir-n12809141303,ir-n12809141304,near,osm
ir-n12809141303,ir-n13566739635,near,osm
ir-n12809141304,ir-n12809141302,near,osm
ir-n12809141305,ir-n12809141306,near,osm
ir-n12809141305,ir-n12809121893,near,osm
ir-n12809141307,ir-n12809141310,near,osm
ir-n12809141308,ir-n12809141309,near,osm
ir-n12809141308,ir-n13566732171,near,osm
ir-n12809141308,ir-n12809141310,near,osm
ir-n12809141309,ir-n13566732171,near,osm
ir-n12809141310,ir-n12809141311,near,osm
ir-n12809141311,ir-n12809141307,near,osm
ir-n3910004476,ir-n3939082019,near,osm
ir-n3910004476,ir-n9751684576,near,osm
ir-n3910004476,ir-n3942285899,near,osm
ir-n3939082019,ir-n9751684576,near,osm
ir-n3939082019,ir-n3942285899,near,osm
ir-n3942285899,ir-n9751684576,near,osm
ir-n7181047817,ir-n9751684576,near,osm
ir-n7181047817,ir-n3942285899,near,osm
ir-n7181047817,ir-n3939082019,near,osm
ir-moezabad-e-jaberi,ir-n12351277335,near,osm
ir-bavanat-2,ir-vali-asr-town-4,near,osm
ir-bavanat-2,ir-n12616672026,near,osm
ir-homashahr,ir-yahya-abad-3,near,osm
ir-n3952743147,ir-n11223041861,near,osm
ir-n3952743147,ir-n11223041859,near,osm
ir-n3952743147,ir-n11223110100,near,osm
ir-n4235180089,ir-n11223110100,near,osm
ir-n4235180089,ir-n11223041861,near,osm
ir-n4235180089,ir-n11223041859,near,osm
ir-n11223041859,ir-n11223041861,near,osm
ir-n11223041859,ir-n11223110100,near,osm
ir-n11223041861,ir-n11223110100,near,osm
ir-n3959009120,ir-n9484246236,near,osm
ir-n3959009120,ir-basij-square,near,osm
ir-n3959009120,ir-n9429072620,near,osm
ir-n8959598152,ir-n9423452190,near,osm
ir-n8959598152,ir-n9238215681,near,osm
ir-n8959598152,ir-moallem-square,near,osm
ir-n8959598153,ir-n9429072620,near,osm
ir-n8959598153,ir-basij-square,near,osm
ir-n8959598153,ir-n9484246236,near,osm
ir-n9238215681,ir-n9836031769,near,osm
ir-n9238215681,ir-moallem-square,near,osm
ir-moallem-square,ir-n9836031769,near,osm
ir-basij-square,ir-n9484246236,near,osm
ir-basij-square,ir-n9429072620,near,osm
ir-n9423452163,ir-moallem-square,near,osm
ir-n9423452163,ir-n9836031769,near,osm
ir-n9423452163,ir-n9238215681,near,osm
ir-n9423452190,ir-n9238215681,near,osm
ir-n9423452190,ir-n9836031769,near,osm
ir-n9429072620,ir-n9484246236,near,osm
ir-n9836031769,ir-n8959598152,near,osm
ir-n3984574079,ir-n3984574122,near,osm
ir-n3984574079,ir-n3984574123,near,osm
ir-n3984574079,ir-n3985072937,near,osm
ir-n3984574122,ir-n3984574123,near,osm
ir-n3984574122,ir-n3985072937,near,osm
ir-n3984574123,ir-n3985072937,near,osm
ir-sepah-residential-town,ir-zeytun-residential-town,near,osm
ir-sepah-residential-town,ir-n3991356309,near,osm
ir-sepah-residential-town,ir-n8591929655,near,osm
ir-zeytun-residential-town,ir-n3991356309,near,osm
ir-zeytun-residential-town,ir-n8591929655,near,osm
ir-n3991356309,ir-n8591929655,near,osm
ir-zoghal-chal,ir-hevela,near,osm
ir-zoghal-chal,ir-emamzade-abbas,near,osm
ir-zoghal-chal,ir-district-1-15,near,osm
ir-hevela,ir-emamzade-abbas,near,osm
ir-hevela,ir-district-1-15,near,osm
ir-emamzade-abbas,ir-district-1-15,near,osm
ir-emamzade-abbas,ir-n3991356309,near,osm
ir-kooye-pezeshkan,ir-n8598836067,near,osm
ir-kooye-pezeshkan,ir-n8591929655,near,osm
ir-kooye-pezeshkan,ir-zeytun-residential-town,near,osm
ir-peyvandi,ir-poshte-parvareshgah,near,osm
ir-peyvandi,ir-baghe-sang,near,osm
ir-peyvandi,ir-gharaje,near,osm
ir-poshte-parvareshgah,ir-gharaje,near,osm
ir-poshte-parvareshgah,ir-baghe-sang,near,osm
ir-baghe-sang,ir-gharaje,near,osm
ir-n8591929655,ir-n8598836067,near,osm
ir-n8598836067,ir-zeytun-residential-town,near,osm
ir-district-1-15,ir-gharaje,near,osm
ir-district-1-15,ir-n3991356309,near,osm
ir-n3992297315,ir-n3992297316,near,osm
ir-n3992297315,ir-n3992297317,near,osm
ir-n3992297316,ir-n3992297317,near,osm
ir-asad-abaad-2,ir-mehrshahr-2,near,osm
ir-n4040498692,ir-n10580898441,near,osm
ir-n4040498692,ir-n4040498694,near,osm
ir-n4040498694,ir-n10580898441,near,osm
ir-n4040498694,ir-n11029201106,near,osm
ir-n9999017983,ir-n12901743309,near,osm
ir-n10576316954,ir-n14070141318,near,osm
ir-n10576316954,ir-n11029201106,near,osm
ir-n10576316954,ir-n4040498694,near,osm
ir-n10580898441,ir-n11029201106,near,osm
ir-n11029201106,ir-n14070141318,near,osm
ir-n12876922542,ir-n10580898441,near,osm
ir-n14070141318,ir-n4040498694,near,osm
ir-jajrud,ir-khosrowabad-5,near,osm
ir-pardisan-suburb,ir-golestan-suburb,near,osm
ir-pardisan-suburb,ir-n4424252013,near,osm
ir-golestan-suburb,ir-n4424252013,near,osm
ir-n4150173177,ir-givi-2,near,osm
ir-n4150173177,ir-n5930152559,near,osm
ir-givi-2,ir-n5930152559,near,osm
ir-qiamdasht,ir-n5749578296,near,osm
ir-n4196916037,ir-gilavand,near,osm
ir-n4196916037,ir-n4197101165,near,osm
ir-n4196916037,ir-n4197101164,near,osm
ir-n4197101159,ir-n4197101164,near,osm
ir-n4197101159,ir-n6266832989,near,osm
ir-n4197101159,ir-n4197101165,near,osm
ir-n4197101164,ir-n4197101165,near,osm
ir-n4197101164,ir-gilavand,near,osm
ir-n4197101165,ir-gilavand,near,osm
ir-hasht-behesht,ir-n11518781075,near,osm
ir-hasht-behesht,ir-n4196916037,near,osm
ir-hasht-behesht,ir-n10696362194,near,osm
ir-gilavand,ir-n6266832989,near,osm
ir-n5033047346,ir-n4197101164,near,osm
ir-n5033047346,ir-n4197101159,near,osm
ir-n5033047346,ir-n4197101165,near,osm
ir-n6266832989,ir-n4197101164,near,osm
ir-n6354910651,ir-n10696362194,near,osm
ir-n10696362194,ir-n4196916037,near,osm
ir-n10696362194,ir-n11518781075,near,osm
ir-n11518781075,ir-n4196916037,near,osm
ir-n4199044402,ir-n6039012078,near,osm
ir-n4199044402,ir-n7861407535,near,osm
ir-n4468092308,ir-n5029534036,near,osm
ir-n4468092308,ir-n9782154464,near,osm
ir-n4468092308,ir-n6125971514,near,osm
ir-n5029534036,ir-n9782154464,near,osm
ir-n5029534036,ir-n6125971514,near,osm
ir-n5029547121,ir-n6125971514,near,osm
ir-n5029547121,ir-n7861407535,near,osm
ir-n5029547121,ir-n6039012078,near,osm
ir-n6039012078,ir-n7861407535,near,osm
ir-n6039012078,ir-n6125971514,near,osm
ir-n7861407535,ir-n6125971514,near,osm
ir-n9782154464,ir-n6125971514,near,osm
ir-n4222178504,ir-n7276726682,near,osm
ir-n4222178504,ir-n5161583525,near,osm
ir-n4222178504,ir-n9581855840,near,osm
ir-n5161583525,ir-n7276726682,near,osm
ir-n5161583525,ir-n9581855840,near,osm
ir-n7276726682,ir-n9581855840,near,osm
ir-madani-borough-2,ir-n10092050829,near,osm
ir-n4239087190,ir-n4239087191,near,osm
ir-n4240041592,ir-n6796260185,near,osm
ir-n4240041592,ir-paramount-crossing,near,osm
ir-n6796260185,ir-paramount-crossing,near,osm
ir-n4266032259,ir-n9060541534,near,osm
ir-n4294669022,ir-n10675801944,near,osm
ir-n4294669022,ir-22th-bahman,near,osm
ir-n4294669022,ir-n10660843030,near,osm
ir-22th-bahman,ir-n10675801944,near,osm
ir-22th-bahman,ir-n10660843030,near,osm
ir-n10660843030,ir-n10675801944,near,osm
ir-n10660843030,ir-n10660843031,near,osm
ir-n10660843031,ir-n10675801944,near,osm
ir-n10660843031,ir-n4294669022,near,osm
ir-n4313118249,ir-n10973984400,near,osm
ir-n4313118249,ir-phase-5,near,osm
ir-n4313118249,ir-n14052261279,near,osm
ir-phase-5,ir-n14052261279,near,osm
ir-phase-5,ir-n10973984400,near,osm
ir-phase-1-3,ir-pardisan-3,near,osm
ir-phase-1-3,ir-n14052261279,near,osm
ir-phase-1-3,ir-n4313131305,near,osm
ir-n4313131305,ir-pardisan-3,near,osm
ir-n10973984400,ir-n14052261279,near,osm
ir-saleh-abad-4,ir-n13563670582,near,osm
ir-n5081267544,ir-n5081267545,near,osm
ir-n5081267544,ir-n13563670582,near,osm
ir-n5081267544,ir-n13563670583,near,osm
ir-n5081267545,ir-n13563670583,near,osm
ir-n5081267545,ir-n13563670582,near,osm
ir-n13563670583,ir-n13563670582,near,osm
ir-n4340132049,ir-n4340132051,near,osm
ir-n4340132049,ir-n5917982230,near,osm
ir-n4340132049,ir-n12942395085,near,osm
ir-n4340132051,ir-n5917982230,near,osm
ir-n4340132051,ir-n7416219637,near,osm
ir-n4466489561,ir-n4466489995,near,osm
ir-n4466489561,ir-n7416219637,near,osm
ir-n4466489561,ir-n4466489996,near,osm
ir-n4466489995,ir-n4466489996,near,osm
ir-n4466489995,ir-n10931145820,near,osm
ir-n4466489996,ir-n10931145820,near,osm
ir-n5917982230,ir-n12942395085,near,osm
ir-n5917982230,ir-n7416219637,near,osm
ir-n7416219637,ir-n12942395085,near,osm
ir-n10931145820,ir-n4466489561,near,osm
ir-n12942395085,ir-n4340132051,near,osm
ir-haft-sangan,ir-haft-sangan-2,near,osm
ir-haft-sangan,ir-west-haft-sangan,near,osm
ir-haft-sangan,ir-north-haft-sangan,near,osm
ir-north-haft-sangan,ir-haft-sangan-2,near,osm
ir-north-haft-sangan,ir-west-haft-sangan,near,osm
ir-west-haft-sangan,ir-haft-sangan-2,near,osm
ir-n4378548768,ir-n5303389695,near,osm
ir-n4378548768,ir-n5303223423,near,osm
ir-n5303223423,ir-n5303389695,near,osm
ir-n5303223423,ir-n13157889731,near,osm
ir-n5303389695,ir-n13157889731,near,osm
ir-ghale-nu-2,ir-noor-town-2,near,osm
ir-n4442948246,ir-noor-town-2,near,osm
ir-n7533008687,ir-n7611133700,near,osm
ir-n7533008687,ir-n7608151488,near,osm
ir-n7608151488,ir-n7611133700,near,osm
ir-namazi-intersection,ir-sang-siyah-2,near,osm
ir-malek-abad-3,ir-bolaghi,near,osm
ir-n4406144469,ir-n11138461271,near,osm
ir-mobarak-abad-3,ir-n9077381750,near,osm
ir-mobarak-abad-3,ir-sarpoolak,near,osm
ir-sarpoolak,ir-n9077381750,near,osm
ir-farah-abad-2,ir-n8626625853,near,osm
ir-shir-mahalleh,ir-n4413928929,near,osm
ir-shir-mahalleh,ir-astaneh-ye-sara,near,osm
ir-n4413928929,ir-astaneh-ye-sara,near,osm
ir-n4414536004,ir-n4453896632,near,osm
ir-n4414536034,ir-n4414536863,near,osm
ir-n4414536034,ir-n4776845586,near,osm
ir-n4414536863,ir-n4776845586,near,osm
ir-ziar,ir-n11062959521,near,osm
ir-kamou,ir-chogan,near,osm
ir-abad-shapour,ir-n12222384919,near,osm
ir-abad-shapour,ir-khafr-2,near,osm
ir-abad-shapour,ir-n12386915238,near,osm
ir-khafr-2,ir-n12222384919,near,osm
ir-khafr-2,ir-n12386915238,near,osm
ir-n12222384919,ir-n12386915238,near,osm
ir-jalil-abad-2,ir-n12379780879,near,osm
ir-kaboodin,ir-n10618609886,near,osm
ir-kaboodin,ir-n4461340134,near,osm
ir-n4461340134,ir-n10618609886,near,osm
ir-n6257407423,ir-n9671531457,near,osm
ir-donbaleju,ir-korit-e-paein,near,osm
ir-donbaleju,ir-korit-e-bala,near,osm
ir-korit-e-bala,ir-korit-e-paein,near,osm
ir-n4422680491,ir-mianrud-5,near,osm
ir-n4422680491,ir-n4422683952,near,osm
ir-n4422680491,ir-n4422684575,near,osm
ir-mianrud-5,ir-n4422684575,near,osm
ir-mianrud-5,ir-n4422683952,near,osm
ir-n4422683952,ir-n4422684575,near,osm
ir-shahid-ebrahimi-residental-area,ir-n12110231717,near,osm
ir-shahid-abbaspur-residential-town,ir-housing-mehr-neka,near,osm
ir-n11383185704,ir-n12246129952,near,osm
ir-n11383185704,ir-n12246089419,near,osm
ir-n12246089419,ir-n12246129952,near,osm
ir-n4422684540,ir-n9293058551,near,osm
ir-n4422684540,ir-n9850576050,near,osm
ir-n4422684540,ir-n12328273022,near,osm
ir-n7221673157,ir-n11478382402,near,osm
ir-n7221673157,ir-n13563614769,near,osm
ir-n7221673157,ir-n12328273022,near,osm
ir-n9293058551,ir-n13563614770,near,osm
ir-n9293058551,ir-n9850576050,near,osm
ir-n9850576050,ir-n12328273022,near,osm
ir-n9850576050,ir-n7221673157,near,osm
ir-n9850576050,ir-n11478382402,near,osm
ir-n11478382402,ir-n13563614769,near,osm
ir-n11478382402,ir-n12328273022,near,osm
ir-n12328273022,ir-n13563614769,near,osm
ir-n13563614770,ir-n12328273022,near,osm
ir-n13563614770,ir-n9850576050,near,osm
ir-n4424251484,ir-n4424251895,near,osm
ir-n4424251484,ir-n4424252174,near,osm
ir-n4424251895,ir-n4424252174,near,osm
ir-n4424251771,ir-n4446818787,near,osm
ir-n4424251771,ir-n4446818788,near,osm
ir-n4424251771,ir-n4446819095,near,osm
ir-yazdabad,ir-n4446819094,near,osm
ir-yazdabad,ir-n4446819095,near,osm
ir-yazdabad,ir-n4446818788,near,osm
ir-n4446818787,ir-n4446818788,near,osm
ir-n4446818787,ir-n4446819095,near,osm
ir-n4446818788,ir-n4446819095,near,osm
ir-n4446819094,ir-n4446819095,near,osm
ir-n4446819094,ir-n4446818788,near,osm
ir-n8481989224,ir-n4424251771,near,osm
ir-n8481989224,ir-n4446818788,near,osm
ir-n8481989224,ir-n4446818787,near,osm
ir-n4424251893,ir-n8564008111,near,osm
ir-n4424251893,ir-n8563974766,near,osm
ir-n4424251893,ir-n4424253109,near,osm
ir-n4424253109,ir-n8563974766,near,osm
ir-n4424253109,ir-n8564008111,near,osm
ir-n8563974766,ir-n8564008111,near,osm
ir-samsour,ir-khorasgan,near,osm
ir-n4424252011,ir-n5333480039,near,osm
ir-n4424252060,ir-n6466965080,near,osm
ir-n4424252060,ir-n8569994256,near,osm
ir-n4424252060,ir-n8576775299,near,osm
ir-n6466965080,ir-n8569994256,near,osm
ir-n6466965080,ir-n8576775299,near,osm
ir-n8569994256,ir-n8576775300,near,osm
ir-n8569994256,ir-n8576775299,near,osm
ir-n8569994256,ir-n8693867447,near,osm
ir-n8569994297,ir-n8569994298,near,osm
ir-n8569994297,ir-n8574465702,near,osm
ir-n8569994297,ir-n8574465703,near,osm
ir-n8569994298,ir-n8733196570,near,osm
ir-n8569994298,ir-n8693867447,near,osm
ir-n8574465702,ir-n8574465703,near,osm
ir-n8574465702,ir-n8733196570,near,osm
ir-n8574465702,ir-n8693867447,near,osm
ir-n8574465703,ir-n8733196570,near,osm
ir-n8574465703,ir-n8693867447,near,osm
ir-n8576775299,ir-n8693867447,near,osm
ir-n8576775299,ir-n8576775300,near,osm
ir-n8576775300,ir-n8693867447,near,osm
ir-n8693867447,ir-n8733196570,near,osm
ir-n8733196570,ir-n8576775299,near,osm
ir-n4424905799,ir-n4424905927,near,osm
ir-n4424905799,ir-n9205203005,near,osm
ir-n4424905927,ir-n9205203005,near,osm
ir-hesar-e-khondab,ir-ghale-ye-khondab,near,osm
ir-andisheh-phase-1,ir-n6248946136,near,osm
ir-n4433310191,ir-kut,near,osm
ir-shahrak-e-kowsar,ir-n7662987488,near,osm
ir-shahrak-e-kowsar,ir-shahrak-laleh-2,near,osm
ir-shahrak-e-kowsar,ir-n10235130884,near,osm
ir-shahrak-laleh-2,ir-n10235130884,near,osm
ir-shahrak-laleh-2,ir-n7662987488,near,osm
ir-n7662987488,ir-n10235130884,near,osm
ir-n4442948239,ir-n10877928933,near,osm
ir-maskan-e-mehr-velayat,ir-n5896324519,near,osm
ir-n4443599390,ir-n13529227021,near,osm
ir-n4443599390,ir-n13509502249,near,osm
ir-n13509502249,ir-n13529227021,near,osm
ir-n4443599487,ir-shahrak-e-karmandan-2,near,osm
ir-n4443599487,ir-n6397812731,near,osm
ir-n4443599487,ir-n4443599800,near,osm
ir-n4443599800,ir-n6397812732,near,osm
ir-n4443599800,ir-shahrak-e-karmandan-2,near,osm
ir-shahrak-e-karmandan-2,ir-n6397812731,near,osm
ir-shahrak-e-karmandan-2,ir-n6397812732,near,osm
ir-n6397812731,ir-n6397812732,near,osm
ir-n4443599789,ir-n4443599790,near,osm
ir-azadegan-community,ir-n7577486091,near,osm
ir-azadegan-community,ir-n7577480541,near,osm
ir-azadegan-community,ir-n7577469164,near,osm
ir-n5412739862,ir-n7577459397,near,osm
ir-n5412739862,ir-n7577434669,near,osm
ir-n5412739862,ir-n7577490808,near,osm
ir-n6052717173,ir-n6052719398,near,osm
ir-n6052717173,ir-n6052721097,near,osm
ir-n6052717173,ir-n6052722907,near,osm
ir-n6052719398,ir-n6052721097,near,osm
ir-n6052719398,ir-n6052719399,near,osm
ir-n6052719399,ir-n6052721096,near,osm
ir-n6052719399,ir-n6052721097,near,osm
ir-n6052721096,ir-n6052721097,near,osm
ir-n6052721096,ir-n6052719398,near,osm
ir-n6052721830,ir-n6052722907,near,osm
ir-n6052721830,ir-n6052724416,near,osm
ir-n6052721830,ir-n6052721097,near,osm
ir-n6052722907,ir-n6052724416,near,osm
ir-n6052722907,ir-n6052721097,near,osm
ir-n6052724096,ir-n6052724416,near,osm
ir-n6052724096,ir-n6052724418,near,osm
ir-n6052724096,ir-n6052722907,near,osm
ir-n6052724416,ir-n6052724418,near,osm
ir-n6052724418,ir-n6052722907,near,osm
ir-n7577419974,ir-n7577471996,near,osm
ir-n7577419974,ir-n7577468406,near,osm
ir-n7577419974,ir-n7577463158,near,osm
ir-n7577427109,ir-n7577488354,near,osm
ir-n7577427109,ir-n7577479820,near,osm
ir-n7577427109,ir-n7577461220,near,osm
ir-n7577432183,ir-n7577460446,near,osm
ir-n7577432183,ir-n9773195805,near,osm
ir-n7577432183,ir-n7577459320,near,osm
ir-n7577434669,ir-n7577490808,near,osm
ir-n7577434669,ir-n7577459397,near,osm
ir-n7577451010,ir-n7577460446,near,osm
ir-n7577451010,ir-n7577432183,near,osm
ir-n7577451010,ir-n7577472676,near,osm
ir-n7577457426,ir-n9773195805,near,osm
ir-n7577457426,ir-n7577459320,near,osm
ir-n7577457426,ir-n7577465893,near,osm
ir-n7577457430,ir-n7577463158,near,osm
ir-n7577457430,ir-n7577474626,near,osm
ir-n7577457430,ir-n7577500099,near,osm
ir-n7577459320,ir-n9773195805,near,osm
ir-n7577459320,ir-n7577474741,near,osm
ir-n7577459397,ir-n7577490808,near,osm
ir-n7577460446,ir-n9773195805,near,osm
ir-n7577461219,ir-n7577474626,near,osm
ir-n7577461219,ir-n7577481111,near,osm
ir-n7577461219,ir-n7577463158,near,osm
ir-n7577461220,ir-n7577479820,near,osm
ir-n7577461220,ir-n7577472676,near,osm
ir-n7577461220,ir-n7577490808,near,osm
ir-n7577463158,ir-n7577474626,near,osm
ir-n7577465893,ir-n7577459320,near,osm
ir-n7577465893,ir-n7577474741,near,osm
ir-n7577468406,ir-n7577471996,near,osm
ir-n7577468406,ir-n7577463158,near,osm
ir-n7577469164,ir-n7577486091,near,osm
ir-n7577469164,ir-n7577480541,near,osm
ir-n7577469164,ir-n7577427109,near,osm
ir-n7577471996,ir-n7577457430,near,osm
ir-n7577472676,ir-n7577432183,near,osm
ir-n7577472676,ir-n7577459320,near,osm
ir-n7577474626,ir-n7577481111,near,osm
ir-n7577474741,ir-n7577459397,near,osm
ir-n7577479820,ir-n7577490808,near,osm
ir-n7577479820,ir-n7577434669,near,osm
ir-n7577479820,ir-n5412739862,near,osm
ir-n7577480541,ir-n7577488354,near,osm
ir-n7577480541,ir-n7577486091,near,osm
ir-n7577481111,ir-n7577500099,near,osm
ir-n7577484340,ir-n7577492913,near,osm
ir-n7577484340,ir-n7577484708,near,osm
ir-n7577484340,ir-n7577434669,near,osm
ir-n7577484708,ir-n7577492913,near,osm
ir-n7577484708,ir-n7577434669,near,osm
ir-n7577486091,ir-n7577488354,near,osm
ir-n7577488354,ir-n7577484708,near,osm
ir-n7577492529,ir-n7577492913,near,osm
ir-n7577492529,ir-n7577484708,near,osm
ir-n7577492529,ir-n7577484340,near,osm
ir-n7577500099,ir-n7577474626,near,osm
ir-n9606210532,ir-n6052721830,near,osm
ir-n9606210532,ir-n6052724416,near,osm
ir-n9606210532,ir-n6052724096,near,osm
ir-shoushtar-nou,ir-n4444428614,near,osm
ir-shoushtar-nou,ir-n4444428643,near,osm
ir-shoushtar-nou,ir-n10129583654,near,osm
ir-n4444428614,ir-n4444428643,near,osm
ir-n10129583654,ir-n11297911802,near,osm
ir-n10129583654,ir-n10297793800,near,osm
ir-n10297793800,ir-n11297911802,near,osm
ir-n10297793800,ir-shoushtar-nou,near,osm
ir-n11297911802,ir-shoushtar-nou,near,osm
ir-n4444428642,ir-n5022954902,near,osm
ir-n4444428642,ir-n5022955023,near,osm
ir-n5022954902,ir-n5022955023,near,osm
ir-baharan-olfat-residential,ir-n4446818772,near,osm
ir-poonak-2th,ir-poonak-3th,near,osm
ir-shahrak-e-besat,ir-n5037714791,near,osm
ir-shahrak-e-besat,ir-n5037714792,near,osm
ir-n5037714791,ir-n5037714792,near,osm
ir-n4446818754,ir-n4446818850,near,osm
ir-n4446818754,ir-n13566690356,near,osm
ir-n4446818754,ir-n5154702613,near,osm
ir-n4446818850,ir-n13566690356,near,osm
ir-n4446818850,ir-n5154702613,near,osm
ir-n5154702613,ir-n13566690356,near,osm
ir-n4446818760,ir-n4446818764,near,osm
ir-n4446818760,ir-n9188013603,near,osm
ir-n4446818764,ir-n9188013603,near,osm
ir-n4446818773,ir-n8189972583,near,osm
ir-n4446818773,ir-foroudgah-mofateh-2,near,osm
ir-foroudgah-mofateh-2,ir-n8189972583,near,osm
ir-n4446818774,ir-n11049062358,near,osm
ir-n4446818778,ir-n5310343261,near,osm
ir-n4446818778,ir-gharb,near,osm
ir-n4446818778,ir-n5322470919,near,osm
ir-esfanjan-2,ir-n13563664066,near,osm
ir-esfanjan-2,ir-nasar-2,near,osm
ir-esfanjan-2,ir-kohnehdej,near,osm
ir-nasar-2,ir-kohnehdej,near,osm
ir-nasar-2,ir-n13563664066,near,osm
ir-kohnehdej,ir-n13563664066,near,osm
ir-n5310343261,ir-n5322470919,near,osm
ir-n5310343261,ir-kohnehdej,near,osm
ir-n5322470919,ir-kohnehdej,near,osm
ir-n5322470919,ir-nasar-2,near,osm
ir-n5322470919,ir-n13563664066,near,osm
ir-90-dastgah,ir-esfanjan-2,near,osm
ir-90-dastgah,ir-n13563664066,near,osm
ir-90-dastgah,ir-nasar-2,near,osm
ir-gharb,ir-n5310343261,near,osm
ir-n10877781143,ir-n5322470919,near,osm
ir-n4446819096,ir-n4446819100,near,osm
ir-n4446819096,ir-n4446819097,near,osm
ir-n4446819096,ir-n4446819099,near,osm
ir-n4446819097,ir-n4446819099,near,osm
ir-n4446819097,ir-n4446819098,near,osm
ir-n4446819097,ir-n4446819100,near,osm
ir-n4446819098,ir-n4446819099,near,osm
ir-n4446819098,ir-n4446819100,near,osm
ir-n4446819099,ir-n4446819100,near,osm
ir-n4446819118,ir-n6395503136,near,osm
ir-n4446819118,ir-n6388067898,near,osm
ir-n4446819118,ir-n4760760711,near,osm
ir-n4760760699,ir-n6395503135,near,osm
ir-n4760760699,ir-n6395503134,near,osm
ir-n4760760699,ir-n4760760711,near,osm
ir-n4760760711,ir-n6395503134,near,osm
ir-n4760760711,ir-n6388067898,near,osm
ir-n6388067898,ir-n6395503134,near,osm
ir-n6388067898,ir-n4760760699,near,osm
ir-n6395503134,ir-n6395503135,near,osm
ir-n6395503135,ir-n4760760711,near,osm
ir-n6395503136,ir-n6388067898,near,osm
ir-n6395503136,ir-n4760760711,near,osm
ir-lidoo,ir-n4448358575,near,osm
ir-lidoo,ir-chaharsad-dastgah-3,near,osm
ir-lidoo,ir-n4448394616,near,osm
ir-n4448358575,ir-chaharsad-dastgah-3,near,osm
ir-n4448358575,ir-n4448394616,near,osm
ir-chaharsad-dastgah-3,ir-n4448394616,near,osm
ir-narenj-bon-2,ir-n4448394616,near,osm
ir-narenj-bon-2,ir-n4448358575,near,osm
ir-narenj-bon-2,ir-lidoo,near,osm
ir-rudbar-5,ir-n4449326891,near,osm
ir-rudbar-5,ir-n8493418097,near,osm
ir-rudbar-5,ir-n11333598300,near,osm
ir-n4449326891,ir-n8493418097,near,osm
ir-n4449326891,ir-n11333598300,near,osm
ir-n8493418097,ir-n11333598300,near,osm
ir-n4449325226,ir-sadeghiyeh-university-suburb,near,osm
ir-n4449325226,ir-shahid-ghandi-suburb,near,osm
ir-n4449325226,ir-n5952575604,near,osm
ir-valiasr-suburb,ir-qaem-abad,near,osm
ir-valiasr-suburb,ir-n5952575604,near,osm
ir-valiasr-suburb,ir-motahari-suburb-2,near,osm
ir-qaem-abad,ir-n5952575604,near,osm
ir-noon-va-alghalam-suburb,ir-n9974586035,near,osm
ir-noon-va-alghalam-suburb,ir-khajo,near,osm
ir-noon-va-alghalam-suburb,ir-iranian-suburb,near,osm
ir-khajo,ir-n9974586035,near,osm
ir-khajo,ir-iranian-suburb,near,osm
ir-sadeghiyeh-university-suburb,ir-khajo,near,osm
ir-sadeghiyeh-university-suburb,ir-noon-va-alghalam-suburb,near,osm
ir-motahari-suburb-2,ir-n5952575604,near,osm
ir-motahari-suburb-2,ir-n4449325226,near,osm
ir-shahid-ghandi-suburb,ir-sadeghiyeh-university-suburb,near,osm
ir-shahid-ghandi-suburb,ir-n9974586035,near,osm
ir-iranian-suburb,ir-n10127525108,near,osm
ir-iranian-suburb,ir-n9974586035,near,osm
ir-n9974586035,ir-n10127525108,near,osm
ir-n10127525108,ir-noon-va-alghalam-suburb,near,osm
ir-n4449326168,ir-n12277151811,near,osm
ir-n4449326932,ir-nowdezh,near,osm
ir-n4449326932,ir-n4449329787,near,osm
ir-n4449326980,ir-n4449329787,near,osm
ir-n4449326980,ir-nowdezh,near,osm
ir-nowdezh,ir-n4449329787,near,osm
ir-seyyedi-suburb,ir-sarallah-suburb,near,osm
ir-seyyedi-suburb,ir-fadak-suburb,near,osm
ir-seyyedi-suburb,ir-n11311402046,near,osm
ir-sarallah-suburb,ir-fadak-suburb,near,osm
ir-sarallah-suburb,ir-n11311402046,near,osm
ir-fadak-suburb,ir-n11311402046,near,osm
ir-aliabad-48,ir-n4449329776,near,osm
ir-n4449329621,ir-manoujan,near,osm
ir-n4449329669,ir-n8545158925,near,osm
ir-n4449329669,ir-n4449329682,near,osm
ir-n4449329682,ir-n8545158925,near,osm
ir-n4454034972,ir-n4526572866,near,osm
ir-n4454034972,ir-n5773623475,near,osm
ir-n4526572866,ir-n5773623475,near,osm
ir-n4458280558,ir-n7828888283,near,osm
ir-n4458280558,ir-n7828888282,near,osm
ir-n4458280558,ir-n7828902299,near,osm
ir-kohurestan,ir-n12289000396,near,osm
ir-kohurestan,ir-n7828888282,near,osm
ir-kohurestan,ir-n7828902299,near,osm
ir-n7828888282,ir-n12289000396,near,osm
ir-n7828888283,ir-n7828902299,near,osm
ir-n7828888283,ir-n7828902336,near,osm
ir-n7828902299,ir-n12289000396,near,osm
ir-n7828902336,ir-n4458280558,near,osm
ir-n7828902336,ir-n7828902299,near,osm
ir-n9868248208,ir-n12286276099,near,osm
ir-n9868248208,ir-n12286276100,near,osm
ir-n12286276099,ir-n12286276100,near,osm
ir-n12286276099,ir-kohurestan,near,osm
ir-n12286276100,ir-kohurestan,near,osm
ir-n12286276100,ir-n12289000396,near,osm
ir-n4458280587,ir-n10005582221,near,osm
ir-n4458280587,ir-n5502447465,near,osm
ir-n5502447465,ir-n9293057703,near,osm
ir-n5502447465,ir-n10005582221,near,osm
ir-takht-4,ir-n10909578580,near,osm
ir-n6477886258,ir-n11269044296,near,osm
ir-ghal-e-ghazi,ir-n7043152438,near,osm
ir-ghal-e-ghazi,ir-n7043152986,near,osm
ir-ghal-e-ghazi,ir-n7043152436,near,osm
ir-n4458284502,ir-n7043152434,near,osm
ir-n4458284502,ir-n7043152435,near,osm
ir-n4458284502,ir-n7043152436,near,osm
ir-n7043152434,ir-n7043152986,near,osm
ir-n7043152434,ir-n7043152435,near,osm
ir-n7043152435,ir-n7043238023,near,osm
ir-n7043152436,ir-n7043152986,near,osm
ir-n7043152436,ir-n7043152438,near,osm
ir-n7043152437,ir-n7043152438,near,osm
ir-n7043152437,ir-n7043152436,near,osm
ir-n7043152437,ir-ghal-e-ghazi,near,osm
ir-n7043152439,ir-ghal-e-ghazi,near,osm
ir-n7043152439,ir-n7043152440,near,osm
ir-n7043152439,ir-n7043152438,near,osm
ir-n7043152440,ir-n7043152441,near,osm
ir-n7043152440,ir-n7043152438,near,osm
ir-n7043152441,ir-n7043152439,near,osm
ir-n7043152441,ir-n7043152438,near,osm
ir-n7043238023,ir-n4458284502,near,osm
ir-n7043238023,ir-n7043152436,near,osm
ir-khumeh-zar,ir-n12409187635,near,osm
ir-khumeh-zar,ir-n12409187634,near,osm
ir-n12409187634,ir-n12409187635,near,osm
ir-shosani,ir-zameni,near,osm
ir-shosani,ir-n12398476929,near,osm
ir-shosani,ir-n12398476927,near,osm
ir-zameni,ir-n12398476929,near,osm
ir-zameni,ir-n12398476927,near,osm
ir-n12398476927,ir-n12398476928,near,osm
ir-n12398476927,ir-n12398476929,near,osm
ir-n12398476928,ir-n12398476929,near,osm
ir-n12398476928,ir-zameni,near,osm
ir-n4459619768,ir-n4459620038,near,osm
ir-rice-grinding-company,ir-n12888613971,near,osm
ir-n4461340001,ir-maranak,near,osm
ir-n4461340001,ir-n6386110632,near,osm
ir-maranak,ir-n6386110632,near,osm
ir-tabaien,ir-n4461340499,near,osm
ir-tabaien,ir-qale-sangi,near,osm
ir-tabaien,ir-n5233685904,near,osm
ir-n4461340129,ir-shoorabad-2,near,osm
ir-n4461340129,ir-sadeq-abad-2,near,osm
ir-n4461340129,ir-mahdi-abad-3,near,osm
ir-sadeq-abad-2,ir-shoorabad-2,near,osm
ir-sadeq-abad-2,ir-n5233685904,near,osm
ir-gardane-abdolabad,ir-mahdi-abad-3,near,osm
ir-gardane-abdolabad,ir-shoorabad-2,near,osm
ir-gardane-abdolabad,ir-n4461340129,near,osm
ir-shoorabad-2,ir-mahdi-abad-3,near,osm
ir-qale-sangi,ir-n4461340499,near,osm
ir-qale-sangi,ir-n5233685904,near,osm
ir-n4461340299,ir-n5233685904,near,osm
ir-n4461340299,ir-sadeq-abad-2,near,osm
ir-n4461340299,ir-n4461340129,near,osm
ir-n4461340499,ir-n5233685904,near,osm
ir-n5218647232,ir-n4461340129,near,osm
ir-n5218647232,ir-shoorabad-2,near,osm
ir-n5218647232,ir-sadeq-abad-2,near,osm
ir-n4461340040,ir-n4461340505,near,osm
ir-sadat-mahalleh-3,ir-n9470854588,near,osm
ir-sadat-mahalleh-3,ir-n10128284212,near,osm
ir-n9470854588,ir-n10128284212,near,osm
ir-soltan-abad-5,ir-n4461340303,near,osm
ir-siah-band,ir-shahrabad-4,near,osm
ir-siah-band,ir-n11027740055,near,osm
ir-siah-band,ir-n5131104680,near,osm
ir-shahrabad-4,ir-n11027740055,near,osm
ir-shahrabad-4,ir-n5131104680,near,osm
ir-looran,ir-n5131104680,near,osm
ir-looran,ir-shahrabad-4,near,osm
ir-looran,ir-n11027740055,near,osm
ir-n5131104680,ir-n11027740055,near,osm
ir-morteza-gerd,ir-n8940449692,near,osm
ir-n4461340348,ir-n7179062874,near,osm
ir-n4461340348,ir-n7179062873,near,osm
ir-n4461340348,ir-n7179108200,near,osm
ir-shahrak-mostafakhomeini,ir-n7179062873,near,osm
ir-shahrak-mostafakhomeini,ir-n7179062883,near,osm
ir-shahrak-mostafakhomeini,ir-n7179062874,near,osm
ir-n6901726993,ir-n7179062876,near,osm
ir-n6901726993,ir-n9078509512,near,osm
ir-n6901726993,ir-n7179062877,near,osm
ir-n7179062873,ir-n7179062874,near,osm
ir-n7179062873,ir-n7179062883,near,osm
ir-n7179062874,ir-n7179062883,near,osm
ir-n7179062874,ir-n7179108200,near,osm
ir-n7179062876,ir-n7179062877,near,osm
ir-n7179062876,ir-n9078509512,near,osm
ir-n7179062877,ir-n7179062882,near,osm
ir-n7179062877,ir-n9078509512,near,osm
ir-n7179062882,ir-n7179108200,near,osm
ir-n7179062882,ir-n7179062876,near,osm
ir-n7179062883,ir-n7179108200,near,osm
ir-n4461340364,ir-n9869854598,near,osm
ir-n4461340364,ir-n9691915524,near,osm
ir-n4461340364,ir-n13338645719,near,osm
ir-n9691915524,ir-n13338645719,near,osm
ir-n9691915524,ir-n9869854598,near,osm
ir-n9869854598,ir-n13338645719,near,osm
ir-n12673158990,ir-n12673179775,near,osm
ir-n4466315567,ir-n4466316471,near,osm
ir-n4466315567,ir-n4466316472,near,osm
ir-n4466315567,ir-n4466316608,near,osm
ir-n4466315660,ir-n4466316608,near,osm
ir-n4466315660,ir-n4466316471,near,osm
ir-n4466315660,ir-n4466315567,near,osm
ir-n4466316471,ir-n4466316472,near,osm
ir-n4466316471,ir-n4466316608,near,osm
ir-n4466316472,ir-n4466316608,near,osm
ir-n4466315617,ir-n8331880877,near,osm
ir-n4466315617,ir-n4466316143,near,osm
ir-n4466315617,ir-n6263346820,near,osm
ir-n4466316143,ir-n8331880877,near,osm
ir-n4466316143,ir-n6263346820,near,osm
ir-n6263346820,ir-n8331880877,near,osm
ir-n7873787692,ir-n11935239821,near,osm
ir-n7873787692,ir-n8331880877,near,osm
ir-n7873787692,ir-n4466315617,near,osm
ir-n11935239821,ir-n8331880877,near,osm
ir-bazargah-2,ir-n9258472419,near,osm
ir-bazargah-2,ir-vahdat-3,near,osm
ir-bazargah-2,ir-baghcheban,near,osm
ir-vahdat-3,ir-baghcheban,near,osm
ir-vahdat-3,ir-n9258472419,near,osm
ir-baghcheban,ir-n9258472419,near,osm
ir-n4471106914,ir-n9274690099,near,osm
ir-n4471106914,ir-n5106183497,near,osm
ir-n4471106914,ir-n9286746443,near,osm
ir-n5106183497,ir-n9286746443,near,osm
ir-n5106183497,ir-n9274705655,near,osm
ir-n5106183497,ir-n9274690099,near,osm
ir-diri-farm,ir-n5605337640,near,osm
ir-diri-farm,ir-n9342956652,near,osm
ir-diri-farm,ir-n9277182870,near,osm
ir-n5605337640,ir-n9342956652,near,osm
ir-n5605337640,ir-n9277182870,near,osm
ir-n5605337640,ir-n9277162043,near,osm
ir-n9274591610,ir-n9274593640,near,osm
ir-n9274591610,ir-n9277014203,near,osm
ir-n9274591610,ir-n9274689530,near,osm
ir-n9274593640,ir-n9274685171,near,osm
ir-n9274593640,ir-n9274689530,near,osm
ir-n9274655328,ir-n9274689530,near,osm
ir-n9274655328,ir-n9274593640,near,osm
ir-n9274655328,ir-n9274685171,near,osm
ir-n9274659912,ir-n9274591610,near,osm
ir-n9274659912,ir-n9277014203,near,osm
ir-n9274659912,ir-n9274689530,near,osm
ir-n9274685171,ir-n9274699519,near,osm
ir-n9274690099,ir-n9286746443,near,osm
ir-n9274697534,ir-n9274699519,near,osm
ir-n9274697534,ir-n9274685171,near,osm
ir-n9274697534,ir-n9274655328,near,osm
ir-n9274699519,ir-n9274655328,near,osm
ir-n9274701271,ir-n9274655328,near,osm
ir-n9274701271,ir-n9274689530,near,osm
ir-n9274701271,ir-n9274699519,near,osm
ir-n9274705655,ir-n9274707158,near,osm
ir-n9274705655,ir-n9274659912,near,osm
ir-n9274707158,ir-n9274701271,near,osm
ir-n9274707158,ir-n9274659912,near,osm
ir-n9276896528,ir-n9277162043,near,osm
ir-n9276896528,ir-n9277091080,near,osm
ir-n9276896528,ir-n9277143272,near,osm
ir-n9277014203,ir-n9274593640,near,osm
ir-n9277091080,ir-n9277162043,near,osm
ir-n9277091080,ir-n9277143272,near,osm
ir-n9277120034,ir-n9277134229,near,osm
ir-n9277120034,ir-n9274685171,near,osm
ir-n9277120034,ir-n9277152421,near,osm
ir-n9277134229,ir-n9277152421,near,osm
ir-n9277134229,ir-n9274697534,near,osm
ir-n9277143272,ir-n9277162043,near,osm
ir-n9277143272,ir-n9277120034,near,osm
ir-n9277152421,ir-n9274697534,near,osm
ir-n9277182870,ir-n9342956652,near,osm
ir-n9277182870,ir-n9277162043,near,osm
ir-n9286746443,ir-n9274705655,near,osm
ir-n9342956652,ir-n9277162043,near,osm
ir-n9342956689,ir-n9277182870,near,osm
ir-n9342956689,ir-n9277143272,near,osm
ir-n9342956689,ir-n9277162043,near,osm
ir-n4471106941,ir-n4471108370,near,osm
ir-n4471108092,ir-n6516124590,near,osm
ir-n4471108092,ir-n6516124545,near,osm
ir-n4471108092,ir-n6516124535,near,osm
ir-n6516124535,ir-n6516124545,near,osm
ir-n6516124535,ir-n11341042199,near,osm
ir-n6516124535,ir-n6516124590,near,osm
ir-n6516124545,ir-n11341042199,near,osm
ir-n6516124545,ir-n6516124590,near,osm
ir-n11341042199,ir-n6516124590,near,osm
ir-chitambe,ir-meydavud,near,osm
ir-n12313863792,ir-n12313873312,near,osm
ir-shahrak-parvaz-4,ir-masor,near,osm
ir-sarab-e-yas,ir-masor,near,osm
ir-sarab-e-yas,ir-n7880755168,near,osm
ir-sarab-e-yas,ir-tayb-2,near,osm
ir-shahrak-parsilon,ir-papi-khal-dar,near,osm
ir-shahrak-parsilon,ir-koy-farhangiyan,near,osm
ir-shahrak-parsilon,ir-n8463675301,near,osm
ir-n4934641043,ir-faz-e-2,near,osm
ir-sabzeh-square,ir-n8757409526,near,osm
ir-sabzeh-square,ir-tayb-2,near,osm
ir-sabzeh-square,ir-n7880755168,near,osm
ir-koy-farhangiyan,ir-papi-khal-dar,near,osm
ir-tayb-2,ir-n7880755168,near,osm
ir-tayb-2,ir-n8757409526,near,osm
ir-n7880755168,ir-n8757409526,near,osm
ir-n8463675301,ir-n8463705848,near,osm
ir-n8463675301,ir-sabzeh-square,near,osm
ir-n8826082567,ir-faz-e-1,near,osm
ir-n8826082567,ir-farhangian-5,near,osm
ir-n8826082567,ir-faz-e-2,near,osm
ir-faz-e-2,ir-farhangian-5,near,osm
ir-faz-e-2,ir-faz-e-1,near,osm
ir-faz-e-1,ir-farhangian-5,near,osm
ir-n4491454644,ir-chaqabol-2,near,osm
ir-n4491454716,ir-n4491454717,near,osm
ir-shahrak-e-zagros,ir-shahrak-e-shahrdari,near,osm
ir-shahrak-e-zagros,ir-shahrak-e-gharb-2,near,osm
ir-shahrak-e-zagros,ir-shahrak-e-issar,near,osm
ir-shahrak-e-issar,ir-shahrak-e-pardis,near,osm
ir-shahrak-e-issar,ir-shahrak-e-shahrdari,near,osm
ir-shahrak-e-issar,ir-shahrak-e-gharb-2,near,osm
ir-shahrak-e-mokhaberat,ir-shahrak-e-janbazan,near,osm
ir-shahrak-e-mokhaberat,ir-faz-e-2-andisheh,near,osm
ir-shahrak-e-mokhaberat,ir-shahrak-e-pardis,near,osm
ir-lorabad,ir-dasht-e-laleh,near,osm
ir-lorabad,ir-16-metri-mokhaberat,near,osm
ir-lorabad,ir-eslam-abad-e-jonubi,near,osm
ir-eslam-abad-e-jonubi,ir-aliabad-54,near,osm
ir-eslam-abad-e-jonubi,ir-eslamabad-e-shomali,near,osm
ir-gapleh,ir-kuy-e-janbazan-2,near,osm
ir-gapleh,ir-qaani,near,osm
ir-gapleh,ir-chaharchenar,near,osm
ir-ebrahim-abad-10,ir-dastgah-40,near,osm
ir-ebrahim-abad-10,ir-aliabad-54,near,osm
ir-ebrahim-abad-10,ir-n13607020412,near,osm
ir-shahrak-e-golestan,ir-azadegan-10,near,osm
ir-shahrak-e-golestan,ir-16-metri-mokhaberat,near,osm
ir-shahrak-e-golestan,ir-shahvuryan-paein,near,osm
ir-dasht-e-laleh,ir-16-metri-mokhaberat,near,osm
ir-dasht-e-laleh,ir-azadegan-10,near,osm
ir-do-dangeh,ir-blacksmiths-market,near,osm
ir-do-dangeh,ir-cyrus,near,osm
ir-do-dangeh,ir-n13607020412,near,osm
ir-kuy-e-janbazan-2,ir-kuy-e-farhangiyan,near,osm
ir-kuy-e-janbazan-2,ir-qaani,near,osm
ir-shahrak-e-emam-2,ir-avesta,near,osm
ir-shahrak-e-emam-2,ir-n4985218700,near,osm
ir-shahrak-e-emam-2,ir-n13606992689,near,osm
ir-kuy-e-farhangiyan,ir-avesta,near,osm
ir-kuy-e-farhangiyan,ir-gapleh,near,osm
ir-mahmud-abad-6,ir-qaleh-karam-e-qadim,near,osm
ir-mahmud-abad-6,ir-qaleh-karam-e-jadid,near,osm
ir-mahmud-abad-6,ir-shahrak-e-niavaran,near,osm
ir-qaleh-karam-e-qadim,ir-qaleh-karam-e-jadid,near,osm
ir-qaleh-karam-e-qadim,ir-faz-e-8-andisheh,near,osm
ir-n4985218700,ir-shahrak-e-pardis,near,osm
ir-n4985218700,ir-shahrak-e-issar,near,osm
ir-shahrak-e-shahrdari,ir-shahrak-e-gharb-2,near,osm
ir-qaani,ir-chaharchenar,near,osm
ir-qaani,ir-gusheh-2,near,osm
ir-razan-5,ir-blacksmiths-market,near,osm
ir-razan-5,ir-qadghun,near,osm
ir-razan-5,ir-sufian-4,near,osm
ir-shahrak-e-niavaran,ir-qaleh-karam-e-qadim,near,osm
ir-shahrak-e-niavaran,ir-faz-e-6-andisheh,near,osm
ir-qadghun,ir-cyrus,near,osm
ir-qadghun,ir-koshtargah-3,near,osm
ir-faz-e-1-andisheh,ir-faz-e-2-andisheh,near,osm
ir-faz-e-1-andisheh,ir-n13606992689,near,osm
ir-faz-e-1-andisheh,ir-shahrak-e-janbazan,near,osm
ir-faz-e-8-andisheh,ir-qaleh-karam-e-jadid,near,osm
ir-faz-e-8-andisheh,ir-faz-e-1-andisheh,near,osm
ir-shahrak-e-ziba,ir-faz-e-6-andisheh,near,osm
ir-shahrak-e-ziba,ir-hektari-10,near,osm
ir-shahrak-e-ziba,ir-kuy-e-shahrara,near,osm
ir-faz-e-6-andisheh,ir-kuy-e-shahrara,near,osm
ir-faz-e-6-andisheh,ir-faz-e-8-andisheh,near,osm
ir-faz-e-2-andisheh,ir-shahrak-e-janbazan,near,osm
ir-chaharchenar,ir-gusheh-2,near,osm
ir-koshtargah-3,ir-n13606991517,near,osm
ir-koshtargah-3,ir-darreh-gharib,near,osm
ir-avesta,ir-padafand,near,osm
ir-sufian-4,ir-n13607020412,near,osm
ir-sufian-4,ir-blacksmiths-market,near,osm
ir-dastgah-40,ir-aliabad-54,near,osm
ir-dastgah-40,ir-eslam-abad-e-jonubi,near,osm
ir-aliabad-54,ir-eslamabad-e-shomali,near,osm
ir-padafand,ir-kuy-e-farhangiyan,near,osm
ir-padafand,ir-shahrak-e-emam-2,near,osm
ir-blacksmiths-market,ir-cyrus,near,osm
ir-shahrak-e-pardis,ir-shahrak-e-janbazan,near,osm
ir-darreh-gharib,ir-n13606991517,near,osm
ir-darreh-gharib,ir-shahvuryan-paein,near,osm
ir-shahvuryan-paein,ir-koshtargah-3,near,osm
ir-shahvuryan-paein,ir-n13606991517,near,osm
ir-shahrak-e-janbazan,ir-n13606992689,near,osm
ir-cyrus,ir-razan-5,near,osm
ir-eslamabad-e-shomali,ir-dastgah-40,near,osm
ir-shahrak-e-mehregan,ir-hektari-10,near,osm
ir-shahrak-e-mehregan,ir-shahrak-e-gharb-2,near,osm
ir-shahrak-e-mehregan,ir-shahrak-e-zagros,near,osm
ir-n6682002294,ir-qadghun,near,osm
ir-n6682002294,ir-n13606991517,near,osm
ir-n6682002294,ir-koshtargah-3,near,osm
ir-gusheh-2,ir-gapleh,near,osm
ir-16-metri-mokhaberat,ir-azadegan-10,near,osm
ir-kuy-e-shahrara,ir-shahrak-e-niavaran,near,osm
ir-hektari-10,ir-shahrak-e-gharb-2,near,osm
ir-n13606992689,ir-faz-e-2-andisheh,near,osm
ir-n13607020412,ir-blacksmiths-market,near,osm
ir-bahrami-badr-abad-oliya,ir-shahrak-e-ghods-2,near,osm
ir-dashtan,ir-seingari-sar,near,osm
ir-dashtan,ir-baghi-posht,near,osm
ir-dashtan,ir-keishtimaysar,near,osm
ir-seingari-sar,ir-baghi-posht,near,osm
ir-seingari-sar,ir-keishtimaysar,near,osm
ir-baghi-posht,ir-keishtimaysar,near,osm
ir-shahrak-sayan,ir-n6355986876,near,osm
ir-n4512748444,ir-n5368952818,near,osm
ir-n4514929691,ir-n4518812091,near,osm
ir-n4514929691,ir-n7620322227,near,osm
ir-n4514929691,ir-qods-2,near,osm
ir-n4518812091,ir-n7620322227,near,osm
ir-n4518812091,ir-qods-2,near,osm
ir-qods-2,ir-n5896495085,near,osm
ir-n5896495085,ir-abrisham-town,near,osm
ir-n5896495085,ir-n4514929691,near,osm
ir-farzan-town,ir-n6641364094,near,osm
ir-farzan-town,ir-abrisham-town,near,osm
ir-farzan-town,ir-qods-2,near,osm
ir-abrisham-town,ir-qods-2,near,osm
ir-abrisham-town,ir-n6641364094,near,osm
ir-n6641364094,ir-qods-2,near,osm
ir-n7620322227,ir-qods-2,near,osm
ir-fereydunshahr,ir-n5185867460,near,osm
ir-district-22-2,ir-n4791982010,near,osm
ir-district-18-2,ir-shad-abad-2,near,osm
ir-district-15-3,ir-n7553048556,near,osm
ir-district-15-3,ir-borujerdi-dehgan-2,near,osm
ir-borujerdi-dehgan-2,ir-n7553048556,near,osm
ir-district-13-3,ir-niruye-havayi-3,near,osm
ir-district-13-3,ir-n9906161557,near,osm
ir-niruye-havayi-3,ir-n9906161557,near,osm
ir-district-5-8,ir-janatabad,near,osm
ir-district-5-8,ir-shahin-mokhberi-2,near,osm
ir-janatabad,ir-shahin-mokhberi-2,near,osm
ir-khesht,ir-mafi-abad,near,osm
ir-n4534004989,ir-n8475718576,near,osm
ir-n4534004989,ir-n8475718577,near,osm
ir-n8475718576,ir-n8475718577,near,osm
ir-north-chitgar,ir-south-chitgar,near,osm
ir-havaniruz-town,ir-n5747860545,near,osm
ir-havaniruz-town,ir-n5747850628,near,osm
ir-n5747850628,ir-n5747860545,near,osm
ir-north-punak,ir-south-punak,near,osm
ir-n4540966286,ir-n4540967289,near,osm
ir-n4540966286,ir-n6400042723,near,osm
ir-n4540966286,ir-n4540967290,near,osm
ir-n4540967289,ir-n6400042723,near,osm
ir-n4540967289,ir-n6399985975,near,osm
ir-n4540967290,ir-n6400042723,near,osm
ir-n4540967290,ir-n4540967289,near,osm
ir-n6399985975,ir-n6400042723,near,osm
ir-n6399985975,ir-n4540967290,near,osm
ir-n4541038702,ir-n4541038703,near,osm
ir-west-marzdaran,ir-khorram-rudi,near,osm
ir-west-shareq,ir-east-shareq,near,osm
ir-south-aramane,ir-north-aramane,near,osm
ir-n4573697312,ir-n5517838131,near,osm
ir-n4573697312,ir-n11025807238,near,osm
ir-n4573697312,ir-n11025807237,near,osm
ir-n5516796093,ir-n11025807238,near,osm
ir-n5516796093,ir-n5517838131,near,osm
ir-n5516796093,ir-n11025807237,near,osm
ir-n5517838131,ir-n11025807238,near,osm
ir-n11025807237,ir-n11025807238,near,osm
ir-n11025807237,ir-n5517838131,near,osm
ir-chayboyi,ir-n13563593952,near,osm
ir-chayboyi,ir-n13563595168,near,osm
ir-n4778468321,ir-n13563593952,near,osm
ir-n13563593952,ir-n13563595168,near,osm
ir-pain-mahalle,ir-khand-ghobar,near,osm
ir-dabaghan,ir-n13566620133,near,osm
ir-chaharsad-dastgah-4,ir-n13566515630,near,osm
ir-n4587238526,ir-n10794700481,near,osm
ir-n4587238526,ir-n10036155768,near,osm
ir-n4587238526,ir-n5271420047,near,osm
ir-n5271420047,ir-n10036155768,near,osm
ir-n5271420047,ir-n10794700481,near,osm
ir-n10036155768,ir-n10794700481,near,osm
ir-n10660837779,ir-n10660837780,near,osm
ir-n10660837779,ir-n10036155768,near,osm
ir-n10660837779,ir-n5271420047,near,osm
ir-n4592712902,ir-n9516957645,near,osm
ir-n4607480298,ir-n4607480299,near,osm
ir-n4607480298,ir-n4607480300,near,osm
ir-n4607480298,ir-n10763494799,near,osm
ir-n4607480299,ir-n4607480300,near,osm
ir-n4607480300,ir-n4607480302,near,osm
ir-n10763494799,ir-n4607480300,near,osm
ir-gabrabad-2,ir-kouleh-parcheh,near,osm
ir-kouy-e-zarabkhaneh,ir-n7071749979,near,osm
ir-n4655189866,ir-city-center,near,osm
ir-n4655189866,ir-baft-e-ghadim,near,osm
ir-baft-e-ghadim,ir-city-center,near,osm
ir-golestan-13,ir-baharestan-11,near,osm
ir-golestan-13,ir-bostan,near,osm
ir-baharestan-11,ir-bostan,near,osm
ir-n4701956168,ir-khatam-ol-anbiya-town,near,osm
ir-chahar-divari,ir-morad-abad-6,near,osm
ir-n4753209394,ir-n6001434569,near,osm
ir-n4757991935,ir-emamzadeh-yahya-2,near,osm
ir-morvarid-2,ir-koreh-ha,near,osm
ir-morvarid-2,ir-sarae-now,near,osm
ir-morvarid-2,ir-kolvan,near,osm
ir-sarae-now,ir-koreh-ha,near,osm
ir-sarae-now,ir-kolvan,near,osm
ir-sarae-now,ir-n4767514103,near,osm
ir-koreh-ha,ir-kolvan,near,osm
ir-koreh-ha,ir-n4770975958,near,osm
ir-kolvan,ir-n4770975958,near,osm
ir-n4767514103,ir-n4770975711,near,osm
ir-n4767514103,ir-kolvan,near,osm
ir-cheheldokhtaran,ir-baqestan,near,osm
ir-cheheldokhtaran,ir-n4770975711,near,osm
ir-cheheldokhtaran,ir-n4767514103,near,osm
ir-baqestan,ir-n4770975711,near,osm
ir-baqestan,ir-n4767514103,near,osm
ir-n4770975711,ir-sarae-now,near,osm
ir-n4770975958,ir-n4767514103,near,osm
ir-n6959675559,ir-baqestan,near,osm
ir-n6959675559,ir-cheheldokhtaran,near,osm
ir-n6959675559,ir-morvarid-2,near,osm
ir-n4780941531,ir-n7374118097,near,osm
ir-imam-reza-suburb,ir-n10940059852,near,osm
ir-n4841371206,ir-chousdouzlar,near,osm
ir-n4846630863,ir-n5718053140,near,osm
ir-shahrak-3,ir-dehdashti,near,osm
ir-shahrak-3,ir-esmaili,near,osm
ir-shahrak-3,ir-n7805379797,near,osm
ir-deh-kohneh-3,ir-pulad-abad,near,osm
ir-deh-kohneh-3,ir-n7805379797,near,osm
ir-deh-kohneh-3,ir-esmaili,near,osm
ir-khasham-bala,ir-deh-kohneh-3,near,osm
ir-khasham-bala,ir-esmaili,near,osm
ir-khasham-bala,ir-dehdashti,near,osm
ir-dehdashti,ir-esmaili,near,osm
ir-dehdashti,ir-n7805379797,near,osm
ir-esmaili,ir-n7805379797,near,osm
ir-basijian,ir-n7805379797,near,osm
ir-basijian,ir-dehdashti,near,osm
ir-basijian,ir-esmaili,near,osm
ir-pulad-abad,ir-n7805379797,near,osm
ir-pulad-abad,ir-esmaili,near,osm
ir-n4883792338,ir-pardis-suburb,near,osm
ir-n4883792338,ir-n6393800163,near,osm
ir-n4883792338,ir-n6386151367,near,osm
ir-pardis-suburb,ir-n6386151177,near,osm
ir-pardis-suburb,ir-n6393800163,near,osm
ir-n6007727680,ir-n6394083996,near,osm
ir-n6007727680,ir-n6398173269,near,osm
ir-n6007727680,ir-n6393786323,near,osm
ir-n6386151177,ir-n6398173269,near,osm
ir-n6386151177,ir-n6393786323,near,osm
ir-n6386151177,ir-n6393800163,near,osm
ir-n6386151367,ir-n6393818946,near,osm
ir-n6386151367,ir-karger,near,osm
ir-n6386151367,ir-n6393777797,near,osm
ir-karger,ir-n6393777797,near,osm
ir-karger,ir-n6394083995,near,osm
ir-karger,ir-n6393818946,near,osm
ir-n6393777797,ir-n6394083995,near,osm
ir-n6393777797,ir-n6393786323,near,osm
ir-n6393777797,ir-n6393800163,near,osm
ir-n6393786323,ir-n6394083995,near,osm
ir-n6393786323,ir-n6393800163,near,osm
ir-n6393800163,ir-n6394083995,near,osm
ir-n6393818946,ir-n6393777797,near,osm
ir-n6394083995,ir-n6394083996,near,osm
ir-n6394083996,ir-n6393786323,near,osm
ir-n6394083996,ir-n6398173269,near,osm
ir-n6398173269,ir-n6393786323,near,osm
ir-n4889488842,ir-n4889488859,near,osm
ir-n4889488842,ir-n4889488858,near,osm
ir-n4889488842,ir-n4889488843,near,osm
ir-n4889488843,ir-n4889488844,near,osm
ir-n4889488843,ir-n4889488849,near,osm
ir-n4889488843,ir-n4889488845,near,osm
ir-n4889488844,ir-n4889488849,near,osm
ir-n4889488844,ir-n4889488845,near,osm
ir-n4889488845,ir-n4889488849,near,osm
ir-n4889488845,ir-n4889488848,near,osm
ir-n4889488848,ir-n4889488849,near,osm
ir-n4889488848,ir-n4889488844,near,osm
ir-n4889488853,ir-n6680012804,near,osm
ir-n4889488853,ir-n4889488854,near,osm
ir-n4889488853,ir-n4889488858,near,osm
ir-n4889488854,ir-n4889488855,near,osm
ir-n4889488854,ir-n4889488856,near,osm
ir-n4889488855,ir-n4889488856,near,osm
ir-n4889488855,ir-n4889488857,near,osm
ir-n4889488856,ir-n4889488857,near,osm
ir-n4889488857,ir-n4889488854,near,osm
ir-n4889488858,ir-n4889488859,near,osm
ir-n4889488858,ir-n6680012804,near,osm
ir-n4889488859,ir-n6680012804,near,osm
ir-n6680012804,ir-n4889488854,near,osm
ir-n4889488846,ir-n4889488847,near,osm
ir-n4889488846,ir-n4889488851,near,osm
ir-n4889488846,ir-n4889488850,near,osm
ir-n4889488847,ir-n4889488850,near,osm
ir-n4889488847,ir-n4889488851,near,osm
ir-n4889488850,ir-n4889488851,near,osm
ir-n4889488850,ir-n4889488852,near,osm
ir-n4889488851,ir-n4889488852,near,osm
ir-n4889488852,ir-n4889488846,near,osm
ir-north-boulevard,ir-felestin-5,near,osm
ir-asheastan,ir-roabad,near,osm
ir-shirkhargah-2,ir-n10250381192,near,osm
ir-n4949468807,ir-n4949468812,near,osm
ir-n4949468807,ir-n4949468813,near,osm
ir-n4949468807,ir-n4949468815,near,osm
ir-n4949468808,ir-n5020105759,near,osm
ir-n4949468808,ir-n5020105758,near,osm
ir-n4949468808,ir-n4949468810,near,osm
ir-n4949468810,ir-n4949468812,near,osm
ir-n4949468810,ir-n4949468816,near,osm
ir-n4949468810,ir-n4949468818,near,osm
ir-n4949468812,ir-n4949468815,near,osm
ir-n4949468812,ir-n4949468819,near,osm
ir-n4949468813,ir-n4949468814,near,osm
ir-n4949468813,ir-n4949468815,near,osm
ir-n4949468814,ir-n4949468807,near,osm
ir-n4949468814,ir-n4949468815,near,osm
ir-n4949468815,ir-n4949468819,near,osm
ir-n4949468815,ir-n4949468818,near,osm
ir-n4949468816,ir-n4949468818,near,osm
ir-n4949468816,ir-n4949468817,near,osm
ir-n4949468816,ir-n4949468819,near,osm
ir-n4949468817,ir-n4949468818,near,osm
ir-n4949468817,ir-n4949468925,near,osm
ir-n4949468818,ir-n4949468819,near,osm
ir-n4949468819,ir-n4949468820,near,osm
ir-n4949468820,ir-n4949468921,near,osm
ir-n4949468820,ir-n4949468818,near,osm
ir-n4949468921,ir-n4949468922,near,osm
ir-n4949468921,ir-n4949468923,near,osm
ir-n4949468922,ir-n4949468927,near,osm
ir-n4949468922,ir-n4949468924,near,osm
ir-n4949468923,ir-n4949468924,near,osm
ir-n4949468923,ir-n4949468927,near,osm
ir-n4949468923,ir-n4949468926,near,osm
ir-n4949468924,ir-n4949468927,near,osm
ir-n4949468925,ir-n4949468926,near,osm
ir-n4949468925,ir-n4949468923,near,osm
ir-n4949468926,ir-n4949468924,near,osm
ir-n4949468928,ir-n4949468927,near,osm
ir-n4949468928,ir-n4949468922,near,osm
ir-n4949468928,ir-n4949468924,near,osm
ir-n4949721534,ir-n5020105759,near,osm
ir-n4949721534,ir-n5020105758,near,osm
ir-n4949721534,ir-n4949468808,near,osm
ir-n5020105758,ir-n5020105759,near,osm
ir-n8569478486,ir-n4949468817,near,osm
ir-n8569478486,ir-n4949468926,near,osm
ir-n8569478486,ir-n4949468925,near,osm
ir-n9692909088,ir-n4949721534,near,osm
ir-n9692909088,ir-n5020105758,near,osm
ir-n9692909088,ir-n5020105759,near,osm
ir-n4962762576,ir-n4962762581,near,osm
ir-n4962762576,ir-n14132172530,near,osm
ir-n4962762576,ir-n13004517929,near,osm
ir-n4962762581,ir-n14132172530,near,osm
ir-n4962762581,ir-n13004517929,near,osm
ir-n13004517929,ir-n14132172530,near,osm
ir-n4996339654,ir-lieutenant-general-martyr-haj-qassem-soleymani-town,near,osm
ir-n4996339654,ir-n10270978511,near,osm
ir-lieutenant-general-martyr-haj-qassem-soleymani-town,ir-n10270978511,near,osm
ir-maskouni,ir-mehr-housing,near,osm
ir-n5028719410,ir-n7140661094,near,osm
ir-n5035407355,ir-n6801679932,near,osm
ir-n5035407355,ir-n7774991416,near,osm
ir-n6801679932,ir-n7774991416,near,osm
ir-n5039841609,ir-phase-3-2,near,osm
ir-n5039841609,ir-n9536299686,near,osm
ir-n5039841609,ir-n9536299683,near,osm
ir-n5172903669,ir-phase-2-2,near,osm
ir-n5172903669,ir-n13570110504,near,osm
ir-n5172903669,ir-phase-1-4,near,osm
ir-n5194775989,ir-phase-3-2,near,osm
ir-n5194775989,ir-n10655247141,near,osm
ir-n5194775989,ir-n9536299683,near,osm
ir-n9536299683,ir-1-5,near,osm
ir-n9536299683,ir-n9536299684,near,osm
ir-n9536299683,ir-n9536299686,near,osm
ir-n9536299684,ir-1-5,near,osm
ir-n9536299684,ir-n9536299687,near,osm
ir-1-5,ir-n9536299686,near,osm
ir-n9536299686,ir-n9536299684,near,osm
ir-n9536299687,ir-n10655247141,near,osm
ir-n9536299687,ir-n9952541870,near,osm
ir-n9724457307,ir-n5194775989,near,osm
ir-n9724457307,ir-n9952541864,near,osm
ir-n9724457307,ir-n9952541865,near,osm
ir-n9952541864,ir-n9952541865,near,osm
ir-n9952541864,ir-n10655247141,near,osm
ir-n9952541864,ir-n9536299687,near,osm
ir-n9952541865,ir-phase-7,near,osm
ir-n9952541865,ir-n9536299687,near,osm
ir-n9952541870,ir-n9536299684,near,osm
ir-n9952541870,ir-n10655247141,near,osm
ir-n10001057168,ir-n11019548837,near,osm
ir-n10001057168,ir-phase-7,near,osm
ir-n10001057168,ir-n9952541865,near,osm
ir-n10655247141,ir-n9536299684,near,osm
ir-n10655247141,ir-n9536299683,near,osm
ir-n11019548837,ir-phase-7,near,osm
ir-n11019548837,ir-n9952541865,near,osm
ir-n11755185131,ir-phase-4,near,osm
ir-n11755185131,ir-phase-1-4,near,osm
ir-n11755185131,ir-n5039841609,near,osm
ir-phase-2-2,ir-n13570110504,near,osm
ir-phase-2-2,ir-phase-1-4,near,osm
ir-phase-1-4,ir-phase-4,near,osm
ir-phase-1-4,ir-n5039841609,near,osm
ir-phase-3-2,ir-n9536299683,near,osm
ir-phase-3-2,ir-n9536299686,near,osm
ir-phase-3-2,ir-1-5,near,osm
ir-phase-4,ir-n5039841609,near,osm
ir-n13570110504,ir-phase-1-4,near,osm
ir-n6694738334,ir-n7057539478,near,osm
ir-n5071539007,ir-n6430664685,near,osm
ir-n5071539007,ir-n5071539008,near,osm
ir-n5071539007,ir-n6430664686,near,osm
ir-n5071539008,ir-n6430664685,near,osm
ir-n5071539008,ir-n6430664686,near,osm
ir-n5071539013,ir-n6430664686,near,osm
ir-n5071539013,ir-n5071539008,near,osm
ir-n5071539013,ir-n6430664685,near,osm
ir-n6430664685,ir-n6430664686,near,osm
ir-vazicheh,ir-n8733196571,near,osm
ir-vazicheh,ir-jafarabad-26,near,osm
ir-jafarabad-26,ir-n8733196571,near,osm
ir-n5075210778,ir-n13347919679,near,osm
ir-n12361488899,ir-n12361488900,near,osm
ir-n12361488899,ir-n13185926661,near,osm
ir-n12361488899,ir-n12361491301,near,osm
ir-n12361488900,ir-n12361491301,near,osm
ir-n12361488900,ir-n13185926661,near,osm
ir-n12361491301,ir-n13185926661,near,osm
ir-n13347919679,ir-n12361488899,near,osm
ir-n5083563565,ir-42,near,osm
ir-n5083563565,ir-n9274712017,near,osm
ir-n5083563565,ir-n11252212522,near,osm
ir-n9274712017,ir-42,near,osm
ir-dastgerd-qadadeh,ir-n8570015637,near,osm
ir-dastgerd-qadadeh,ir-n8576775314,near,osm
ir-dastgerd-qadadeh,ir-n8733196569,near,osm
ir-n8569994257,ir-n8733196569,near,osm
ir-n8569994257,ir-n8576775301,near,osm
ir-n8569994257,ir-n8570015637,near,osm
ir-n8569994258,ir-n8574465701,near,osm
ir-n8569994258,ir-n8574465700,near,osm
ir-n8569994258,ir-n8574465699,near,osm
ir-n8570015637,ir-n8733196569,near,osm
ir-n8570015637,ir-n8576775314,near,osm
ir-n8574465699,ir-n8574465701,near,osm
ir-n8574465699,ir-n8574465700,near,osm
ir-n8574465700,ir-n8574465701,near,osm
ir-n8576775301,ir-n8685938789,near,osm
ir-n8576775301,ir-n8733196569,near,osm
ir-n8576775314,ir-n8733196569,near,osm
ir-n8685938789,ir-n8569994257,near,osm
ir-n8685938789,ir-n8733196569,near,osm
ir-n8733196569,ir-n8569994258,near,osm
ir-n5107345717,ir-n11294993706,near,osm
ir-n5109346374,ir-n5109346375,near,osm
ir-n5109346374,ir-n5109346376,near,osm
ir-n5109346375,ir-n5109346376,near,osm
ir-n5110427337,ir-n8574933176,near,osm
ir-n5110427337,ir-n8733196568,near,osm
ir-n5110427337,ir-n11370577096,near,osm
ir-isfahan-science-and-technology-town-istt,ir-n8574933176,near,osm
ir-isfahan-science-and-technology-town-istt,ir-n8574933177,near,osm
ir-isfahan-science-and-technology-town-istt,ir-n5110427337,near,osm
ir-n8574933176,ir-n8574933177,near,osm
ir-n8574933176,ir-n11370577096,near,osm
ir-n8574933177,ir-n8574944421,near,osm
ir-n8574944421,ir-n8574933176,near,osm
ir-n8574944421,ir-isfahan-science-and-technology-town-istt,near,osm
ir-n8733196568,ir-n8574933176,near,osm
ir-n8733196568,ir-n11370577096,near,osm
ir-shahrak-e-shahid-beheshti-2,ir-shahrak-e-shahid-motahhari,near,osm
ir-shahrak-e-shahid-beheshti-2,ir-n7179062853,near,osm
ir-shahrak-e-shahid-beheshti-2,ir-n7179062851,near,osm
ir-shahrak-e-shahid-motahhari,ir-n7179062853,near,osm
ir-shahrak-e-shahid-motahhari,ir-n7179062851,near,osm
ir-n7179062851,ir-n7179062853,near,osm
ir-n7179062852,ir-n7179062853,near,osm
ir-n7179062852,ir-shahrak-e-shahid-beheshti-2,near,osm
ir-n7179062852,ir-shahrak-e-shahid-motahhari,near,osm
ir-alghadir-2,ir-n7537268868,near,osm
ir-alghadir-2,ir-n7537268869,near,osm
ir-alghadir-2,ir-n9855618106,near,osm
ir-taher-abad-2,ir-adl-suburb,near,osm
ir-taher-abad-2,ir-n7537268867,near,osm
ir-taher-abad-2,ir-n7537268866,near,osm
ir-bahonar-suburb,ir-adl-suburb,near,osm
ir-bahonar-suburb,ir-taher-abad-2,near,osm
ir-bahonar-suburb,ir-n7537268864,near,osm
ir-elahiyeh-suburb,ir-n7537268871,near,osm
ir-elahiyeh-suburb,ir-n7537268869,near,osm
ir-elahiyeh-suburb,ir-n7537268872,near,osm
ir-adl-suburb,ir-n7537268866,near,osm
ir-adl-suburb,ir-n7537268867,near,osm
ir-n7537268864,ir-n7537268865,near,osm
ir-n7537268864,ir-n7537268866,near,osm
ir-n7537268864,ir-adl-suburb,near,osm
ir-n7537268865,ir-n7537268866,near,osm
ir-n7537268865,ir-adl-suburb,near,osm
ir-n7537268867,ir-n10576193491,near,osm
ir-n7537268867,ir-n7537268866,near,osm
ir-n7537268868,ir-n7537268869,near,osm
ir-n7537268868,ir-n9855618106,near,osm
ir-n7537268869,ir-n9855618106,near,osm
ir-n7537268871,ir-n7537268872,near,osm
ir-n7537268871,ir-n9987854163,near,osm
ir-n7537268872,ir-n9987854163,near,osm
ir-n7537268872,ir-alghadir-2,near,osm
ir-n9855618106,ir-n10576193491,near,osm
ir-n9987854163,ir-alghadir-2,near,osm
ir-n10576193491,ir-n12182044249,near,osm
ir-n12182044249,ir-adl-suburb,near,osm
ir-n12182044249,ir-taher-abad-2,near,osm
ir-n5124024504,ir-n5124027833,near,osm
ir-n5124024504,ir-n5124024510,near,osm
ir-n5124024504,ir-15,near,osm
ir-n5124024510,ir-n10039821026,near,osm
ir-n5124024510,ir-n12441559422,near,osm
ir-n5124027833,ir-15,near,osm
ir-n5124027833,ir-n12098440323,near,osm
ir-n5124027833,ir-n11745091439,near,osm
ir-n7416176563,ir-n11950774351,near,osm
ir-n7416176563,ir-n11950774350,near,osm
ir-n7416176563,ir-n12045974206,near,osm
ir-n8928380106,ir-n8939989961,near,osm
ir-n8928380106,ir-n8928380108,near,osm
ir-n8928380106,ir-n11947657983,near,osm
ir-n8928380107,ir-n8939957043,near,osm
ir-n8928380107,ir-n11947642510,near,osm
ir-n8928380107,ir-n8939957041,near,osm
ir-n8928380108,ir-n11947657983,near,osm
ir-n8928380108,ir-n8939989961,near,osm
ir-n8939957041,ir-n8939957042,near,osm
ir-n8939957041,ir-n8939957043,near,osm
ir-n8939957041,ir-n8939989961,near,osm
ir-n8939957042,ir-n8939957043,near,osm
ir-n8939957042,ir-n8939989961,near,osm
ir-n8939957044,ir-n11947642509,near,osm
ir-n8939957044,ir-n8939957042,near,osm
ir-n8939957044,ir-n8939957041,near,osm
ir-n8939957045,ir-n8939957046,near,osm
ir-n8939957045,ir-n11745091439,near,osm
ir-n8939957045,ir-n11947657983,near,osm
ir-n8939957046,ir-n11950774350,near,osm
ir-n8939957046,ir-n11745091439,near,osm
ir-n8939989961,ir-n11947642510,near,osm
ir-n8999734919,ir-n11950774351,near,osm
ir-n8999734919,ir-n11950774350,near,osm
ir-n8999734919,ir-n8939957046,near,osm
ir-n10039821026,ir-n12441559422,near,osm
ir-n10039821026,ir-n5124024504,near,osm
ir-15,ir-n11745091439,near,osm
ir-15,ir-n12098440323,near,osm
ir-n11745091439,ir-n12098440323,near,osm
ir-n11947642509,ir-n8928380106,near,osm
ir-n11947642509,ir-n8939957042,near,osm
ir-n11947642510,ir-n8928380106,near,osm
ir-n11947657983,ir-n8939957046,near,osm
ir-n11950774350,ir-n11950774351,near,osm
ir-n11950774351,ir-n8939957046,near,osm
ir-n12045974206,ir-n8999734919,near,osm
ir-n12045974206,ir-n11950774351,near,osm
ir-n12441559422,ir-n5124024504,near,osm
ir-sarasiab-farsangi,ir-tavakol-abad-2,near,osm
ir-tavakol-abad-2,ir-n10304861111,near,osm
ir-n5137518671,ir-n5138043333,near,osm
ir-n5137518671,ir-n5138043111,near,osm
ir-n5137518671,ir-n5137519534,near,osm
ir-n5137519458,ir-n5139157213,near,osm
ir-n5137519458,ir-n5137519534,near,osm
ir-n5137519458,ir-n5137544332,near,osm
ir-n5137519534,ir-n5137544332,near,osm
ir-n5137519534,ir-n5139157213,near,osm
ir-n5137544331,ir-n5137544332,near,osm
ir-n5137544331,ir-n5137519534,near,osm
ir-n5137544331,ir-n5138140899,near,osm
ir-n5137544332,ir-n5139157213,near,osm
ir-n5138042871,ir-n5138042967,near,osm
ir-n5138042871,ir-n5138043333,near,osm
ir-n5138042871,ir-n5137518671,near,osm
ir-n5138042967,ir-n5138043333,near,osm
ir-n5138042967,ir-n5137518671,near,osm
ir-n5138043111,ir-n5138043333,near,osm
ir-n5138043111,ir-n5139157213,near,osm
ir-n5138043333,ir-n5139157213,near,osm
ir-n5138140833,ir-n5137544331,near,osm
ir-n5138140833,ir-n5138140899,near,osm
ir-n5138140833,ir-n5137544332,near,osm
ir-n5138140899,ir-n5137544332,near,osm
ir-n9988995121,ir-n5138042871,near,osm
ir-n9988995121,ir-n5138042967,near,osm
ir-n9988995121,ir-n5138043333,near,osm
ir-n5139291628,ir-n6327092079,near,osm
ir-n5139291628,ir-n13566706699,near,osm
ir-n6327092079,ir-n13566706699,near,osm
ir-n5143470868,ir-n5145018417,near,osm
ir-n5143470868,ir-nowr,near,osm
ir-nowr,ir-n5145018417,near,osm
ir-n5149740659,ir-n5149740677,near,osm
ir-n5149740659,ir-district-2-13,near,osm
ir-n5149740659,ir-n7780446953,near,osm
ir-n5149740677,ir-district-2-13,near,osm
ir-n5149740677,ir-n7780446953,near,osm
ir-n7780446953,ir-district-2-13,near,osm
ir-n7780446953,ir-n10729013749,near,osm
ir-new-razakan,ir-n5149740677,near,osm
ir-new-razakan,ir-n5149740659,near,osm
ir-new-razakan,ir-district-2-13,near,osm
ir-n10729013749,ir-n12465033554,near,osm
ir-n10729013749,ir-district-2-13,near,osm
ir-n12465033554,ir-n7780446953,near,osm
ir-n12465033554,ir-district-2-13,near,osm
ir-n5153997520,ir-n6264257769,near,osm
ir-n5153997520,ir-n8018890333,near,osm
ir-n5153997520,ir-n8018890334,near,osm
ir-n6264257769,ir-n8018890333,near,osm
ir-n6264257769,ir-n8018890334,near,osm
ir-n6267664348,ir-n8018868156,near,osm
ir-n6267664348,ir-n6264257769,near,osm
ir-n6267664348,ir-n8018890334,near,osm
ir-n8018868156,ir-n8018890334,near,osm
ir-n8018868156,ir-n6264257769,near,osm
ir-n8018868156,ir-n8018890333,near,osm
ir-n8018890333,ir-n8018890334,near,osm
ir-saleh-abad-8,ir-n5155689111,near,osm
ir-saleh-abad-8,ir-n5159437578,near,osm
ir-n5155689111,ir-n5159437578,near,osm
ir-n5172504499,ir-n11645046026,near,osm
ir-n5180289581,ir-n8117758614,near,osm
ir-n5180289581,ir-n8117768380,near,osm
ir-n5180289581,ir-n8117783482,near,osm
ir-n7301732993,ir-n7365869939,near,osm
ir-n7301732993,ir-n7461702685,near,osm
ir-n7365869939,ir-n7461702685,near,osm
ir-n7365869939,ir-n5180289581,near,osm
ir-n8117708449,ir-n8117783736,near,osm
ir-n8117708449,ir-n9025883822,near,osm
ir-n8117708449,ir-n8117768380,near,osm
ir-n8117758614,ir-n8117768380,near,osm
ir-n8117758614,ir-n8117783482,near,osm
ir-n8117768380,ir-n8117783482,near,osm
ir-n8117776149,ir-n8150464569,near,osm
ir-n8117776149,ir-n8133119638,near,osm
ir-n8117776149,ir-n8117782134,near,osm
ir-n8117782134,ir-n8117783482,near,osm
ir-n8117782134,ir-n8117787857,near,osm
ir-n8117782135,ir-n8117787856,near,osm
ir-n8117782135,ir-n8117787857,near,osm
ir-n8117782135,ir-n8117792517,near,osm
ir-n8117783736,ir-n9025883822,near,osm
ir-n8117783736,ir-n8117787856,near,osm
ir-n8117787856,ir-n8117792517,near,osm
ir-n8117787857,ir-n8117787856,near,osm
ir-n8117788237,ir-n8117792517,near,osm
ir-n8117788237,ir-n8150464569,near,osm
ir-n8117788237,ir-n8117782135,near,osm
ir-n8120108679,ir-n8133119638,near,osm
ir-n8120108679,ir-n8117788237,near,osm
ir-n8120108679,ir-n8150464569,near,osm
ir-n8133119638,ir-n8150464569,near,osm
ir-n9025883822,ir-n8117768380,near,osm
ir-n5204569198,ir-n5206514465,near,osm
ir-darreh-shahr,ir-city-center-2,near,osm
ir-darreh-shahr,ir-arazi-shahri,near,osm
ir-darreh-shahr,ir-chalzoqal,near,osm
ir-farhanghian-neighborhood,ir-taleghani-neighborhood,near,osm
ir-farhanghian-neighborhood,ir-ordooghah,near,osm
ir-farhanghian-neighborhood,ir-motahari-neighborhood,near,osm
ir-taleghani-neighborhood,ir-ordooghah,near,osm
ir-taleghani-neighborhood,ir-motahari-neighborhood,near,osm
ir-motahari-neighborhood,ir-ordooghah,near,osm
ir-motahari-neighborhood,ir-city-center-2,near,osm
ir-chalzoqal,ir-city-center-2,near,osm
ir-chalzoqal,ir-arazi-shahri,near,osm
ir-city-center-2,ir-arazi-shahri,near,osm
ir-ordooghah,ir-chalzoqal,near,osm
ir-n5218163393,ir-n5218163394,near,osm
ir-n5218163393,ir-n5218163395,near,osm
ir-n5218163394,ir-n5218163395,near,osm
ir-niroo,ir-n9793288113,near,osm
ir-n9606210531,ir-n9793288111,near,osm
ir-n9606210531,ir-n9793288112,near,osm
ir-n9793288111,ir-n9793288112,near,osm
ir-n9793288111,ir-n9793288113,near,osm
ir-n9793288112,ir-n9793288113,near,osm
ir-n5221879556,ir-n10712254272,near,osm
ir-n5221879556,ir-n5221879582,near,osm
ir-n5221879556,ir-n10712254270,near,osm
ir-n5221879582,ir-n10712254272,near,osm
ir-n5221879582,ir-n10712254270,near,osm
ir-n10712254269,ir-n10712254271,near,osm
ir-n10712254269,ir-n10712254270,near,osm
ir-n10712254269,ir-n5221879582,near,osm
ir-n10712254270,ir-n10712254271,near,osm
ir-n10712254270,ir-n10712254272,near,osm
ir-n10712254271,ir-n5221879582,near,osm
ir-shahrake-basijiyan,ir-n6636558162,near,osm
ir-new-town-phase-2,ir-new-town-phase-1,near,osm
ir-new-town-phase-2,ir-judges-erea,near,osm
ir-new-town-phase-2,ir-kalaghi,near,osm
ir-new-town-phase-1,ir-judges-erea,near,osm
ir-new-town-phase-1,ir-haji-hills,near,osm
ir-kalaghi,ir-judges-erea,near,osm
ir-kalaghi,ir-haji-hills,near,osm
ir-kalaghi,ir-sar-meidan,near,osm
ir-judges-erea,ir-haji-hills,near,osm
ir-deh-khalvat,ir-bagh-shah,near,osm
ir-deh-khalvat,ir-kalaghi,near,osm
ir-deh-khalvat,ir-haji-hills,near,osm
ir-bagh-shah,ir-kalaghi,near,osm
ir-bagh-shah,ir-sar-meidan,near,osm
ir-naser-abad-3,ir-mohammadabad-29,near,osm
ir-naser-abad-3,ir-deh-khalvat,near,osm
ir-naser-abad-3,ir-haji-hills,near,osm
ir-mohammadabad-29,ir-deh-khalvat,near,osm
ir-mohammadabad-29,ir-haji-hills,near,osm
ir-sar-meidan,ir-judges-erea,near,osm
ir-new-town-phase-3,ir-n11279162366,near,osm
ir-new-town-phase-3,ir-new-town-phase-1,near,osm
ir-new-town-phase-3,ir-haji-hills,near,osm
ir-n11279162366,ir-haji-hills,near,osm
ir-n11279162366,ir-new-town-phase-1,near,osm
ir-n5247891838,ir-n10660843066,near,osm
ir-n5247891838,ir-n10943642590,near,osm
ir-n5247891838,ir-n10943642591,near,osm
ir-n10660843044,ir-n10943642590,near,osm
ir-n10660843044,ir-n10943642591,near,osm
ir-n10660843044,ir-n10660843045,near,osm
ir-n10660843045,ir-n10660843046,near,osm
ir-n10660843045,ir-n10660843049,near,osm
ir-n10660843045,ir-n10660843050,near,osm
ir-n10660843046,ir-n10660843053,near,osm
ir-n10660843046,ir-n10660843049,near,osm
ir-n10660843047,ir-n10660843051,near,osm
ir-n10660843047,ir-n10660843049,near,osm
ir-n10660843047,ir-n10660843045,near,osm
ir-n10660843049,ir-n10660843051,near,osm
ir-n10660843049,ir-n10660843050,near,osm
ir-n10660843050,ir-n10660843051,near,osm
ir-n10660843052,ir-n10660843053,near,osm
ir-n10660843052,ir-n10660843056,near,osm
ir-n10660843052,ir-n10660843050,near,osm
ir-n10660843053,ir-n10660843056,near,osm
ir-n10660843056,ir-n10660843057,near,osm
ir-n10660843057,ir-n10660843052,near,osm
ir-n10660843057,ir-n10660843053,near,osm
ir-n10660843064,ir-n10660843065,near,osm
ir-n10660843064,ir-n12108053166,near,osm
ir-n10660843064,ir-n10943604833,near,osm
ir-n10660843065,ir-n10660843066,near,osm
ir-n10660843065,ir-n12108053166,near,osm
ir-n10660843066,ir-n12108053166,near,osm
ir-n10660843066,ir-n10943642590,near,osm
ir-n10943604833,ir-n12108053166,near,osm
ir-n10943604833,ir-n10660843056,near,osm
ir-n10943642590,ir-n10943642591,near,osm
ir-n10943642591,ir-n10660843047,near,osm
ir-sardregan,ir-gandomakan,near,osm
ir-sardregan,ir-qaribabad,near,osm
ir-sardregan,ir-gomrok-3,near,osm
ir-gandomakan,ir-qaribabad,near,osm
ir-gandomakan,ir-gomrok-3,near,osm
ir-qaribabad,ir-gomrok-3,near,osm
ir-gomrok-3,ir-josh,near,osm
ir-gomrok-3,ir-n5300962846,near,osm
ir-nukabad-5,ir-sardregan,near,osm
ir-nukabad-5,ir-n5302419926,near,osm
ir-nukabad-5,ir-gandomakan,near,osm
ir-josh,ir-n5300962846,near,osm
ir-josh,ir-asadabad-10,near,osm
ir-n5300962846,ir-n5302432339,near,osm
ir-n5300962846,ir-asadabad-10,near,osm
ir-anavrabad,ir-n5302419926,near,osm
ir-anavrabad,ir-n5302432339,near,osm
ir-anavrabad,ir-n5300962846,near,osm
ir-n5302419926,ir-n5302432339,near,osm
ir-n5302419926,ir-n5300962846,near,osm
ir-asadabad-10,ir-n5302432339,near,osm
ir-sardeh,ir-padeh-3,near,osm
ir-sardeh,ir-rubar,near,osm
ir-sardeh,ir-rubark,near,osm
ir-shahan,ir-rubar,near,osm
ir-shahan,ir-rubark,near,osm
ir-shahan,ir-sardeh,near,osm
ir-rubark,ir-padeh-3,near,osm
ir-rubark,ir-rubar,near,osm
ir-padeh-3,ir-rubar,near,osm
ir-n5271472161,ir-n5271472162,near,osm
ir-n5271472161,ir-n10660842954,near,osm
ir-n5271472161,ir-n10943637433,near,osm
ir-n5271472162,ir-n10660842954,near,osm
ir-n5271472162,ir-n10943637433,near,osm
ir-n6839601660,ir-n10660837782,near,osm
ir-n6839601660,ir-n10660842954,near,osm
ir-n6839601660,ir-n5271472161,near,osm
ir-n10660837782,ir-n5271472161,near,osm
ir-n10660837782,ir-n10660842954,near,osm
ir-n10943637433,ir-n10660842954,near,osm
ir-n5271552638,ir-sorkheh-hesar-2,near,osm
ir-n5273102200,ir-yakhjiabad-rezvan-2,near,osm
ir-n5273102200,ir-n5273102201,near,osm
ir-n5273102201,ir-yakhjiabad-rezvan-2,near,osm
ir-n5284670168,ir-n12468591137,near,osm
ir-n5284670168,ir-shahrak-e-mehmanshahr,near,osm
ir-shahrak-e-mehmanshahr,ir-n12468591137,near,osm
ir-n5305051781,ir-n5703082231,near,osm
ir-n5305051781,ir-n5703082054,near,osm
ir-n5305051781,ir-n5703082026,near,osm
ir-n5703082026,ir-n5703082231,near,osm
ir-n5703082026,ir-n5703082054,near,osm
ir-n5703082054,ir-n5703082231,near,osm
ir-cactus,ir-n13529227024,near,osm
ir-n5308600730,ir-n5308600731,near,osm
ir-n5308624560,ir-n5308624561,near,osm
ir-n5308624560,ir-n12034870443,near,osm
ir-n5308624560,ir-n5309903622,near,osm
ir-n5308624561,ir-emam-sajad,near,osm
ir-n5308624561,ir-n12034870443,near,osm
ir-n5309903622,ir-n12034870443,near,osm
ir-n5309903622,ir-n5308624561,near,osm
ir-emam-sajad,ir-n5308624560,near,osm
ir-emam-sajad,ir-n12034870443,near,osm
ir-n5309808973,ir-n5309808990,near,osm
ir-n5309808973,ir-n5309808988,near,osm
ir-n5309808973,ir-n13945992824,near,osm
ir-n5309808988,ir-n13945992824,near,osm
ir-n5309808988,ir-n5309808990,near,osm
ir-n5309808990,ir-n13945992824,near,osm
ir-n5309854837,ir-n13566548338,near,osm
ir-n5309854854,ir-n13946082873,near,osm
ir-n5309854854,ir-n13946082872,near,osm
ir-n5309854854,ir-n13946082889,near,osm
ir-n13946082872,ir-n13946082889,near,osm
ir-n13946082872,ir-n13946082873,near,osm
ir-n13946082873,ir-n13946082889,near,osm
ir-n5309854855,ir-n13946082871,near,osm
ir-n5309854855,ir-n5309854858,near,osm
ir-n5309854858,ir-n13946082871,near,osm
ir-n5309854859,ir-aliye,near,osm
ir-n5309854859,ir-zeynal-2,near,osm
ir-n5309854859,ir-n5309854860,near,osm
ir-n5309854860,ir-aliye,near,osm
ir-n5309854860,ir-zeynal-2,near,osm
ir-n5309854862,ir-aliye,near,osm
ir-n5309854862,ir-n5309854860,near,osm
ir-n5309854862,ir-n5309854859,near,osm
ir-aliye,ir-zeynal-2,near,osm
ir-khatam-al-nabiyin-2,ir-khatam-al-nabiyin-3,near,osm
ir-khatam-al-nabiyin-2,ir-n13946032496,near,osm
ir-khatam-al-nabiyin-2,ir-n5309854865,near,osm
ir-n5309854865,ir-khatam-al-nabiyin-3,near,osm
ir-n5309854865,ir-n13946032496,near,osm
ir-n13946032496,ir-khatam-al-nabiyin-3,near,osm
ir-n5309902903,ir-n13946082884,near,osm
ir-n5309902903,ir-n5309902908,near,osm
ir-n5309902908,ir-n13946082884,near,osm
ir-n5309924130,ir-n5309924131,near,osm
ir-n5309924130,ir-n13945999097,near,osm
ir-n5309924130,ir-n5309924133,near,osm
ir-n5309924131,ir-n10255382763,near,osm
ir-n5309924131,ir-n13945999097,near,osm
ir-n5309924133,ir-n13945999097,near,osm
ir-n5309924133,ir-n5309924131,near,osm
ir-n5950956720,ir-n5950956721,near,osm
ir-n5950956720,ir-n10255382763,near,osm
ir-n5950956720,ir-n12059277890,near,osm
ir-n5950956721,ir-n12059277890,near,osm
ir-n5950956721,ir-n10255382763,near,osm
ir-n10255382763,ir-n12059277890,near,osm
ir-n13945999098,ir-n5309924131,near,osm
ir-n13945999098,ir-n5309924130,near,osm
ir-n13945999098,ir-n10255382763,near,osm
ir-n5319969417,ir-n5319969418,near,osm
ir-n5319969417,ir-n6432291799,near,osm
ir-n5319969417,ir-n6427506730,near,osm
ir-n5319969418,ir-n6432291799,near,osm
ir-n5319969418,ir-n6427506730,near,osm
ir-n6427506730,ir-n6427507693,near,osm
ir-n6427506730,ir-n6427507698,near,osm
ir-n6427506730,ir-n6427507699,near,osm
ir-n6427507441,ir-n6432291798,near,osm
ir-n6427507441,ir-n6432291799,near,osm
ir-n6427507441,ir-n6432291845,near,osm
ir-n6427507693,ir-n6427507698,near,osm
ir-n6427507693,ir-n6427507699,near,osm
ir-n6427507698,ir-n6427507699,near,osm
ir-n6427507698,ir-n6427507700,near,osm
ir-n6427507699,ir-n6427507700,near,osm
ir-n6427507700,ir-n6427507693,near,osm
ir-n6432291798,ir-n6432291799,near,osm
ir-n6432291798,ir-n6432291845,near,osm
ir-n6432291799,ir-n6432291845,near,osm
ir-n6432291845,ir-n6427506730,near,osm
ir-n6432291845,ir-n6427507693,near,osm
ir-maskan-e-mehr-2,ir-n5459229563,near,osm
ir-maskan-e-mehr-2,ir-n5457162970,near,osm
ir-maskan-e-mehr-2,ir-n5454208771,near,osm
ir-n5454208771,ir-n5456589827,near,osm
ir-n5454208771,ir-n5457162970,near,osm
ir-n5454208771,ir-n5459229563,near,osm
ir-n5456589827,ir-n5457162970,near,osm
ir-n5456589827,ir-n5459229563,near,osm
ir-n5457162970,ir-n5459229563,near,osm
ir-n5326159748,ir-n13945999096,near,osm
ir-n5349142149,ir-n5463136678,near,osm
ir-n5356793501,ir-n9415348130,near,osm
ir-nemune-town,ir-shahab-town,near,osm
ir-nemune-town,ir-n6109072670,near,osm
ir-nemune-town,ir-n6028299683,near,osm
ir-shahab-town,ir-n6028299683,near,osm
ir-shahab-town,ir-n6109072670,near,osm
ir-n6028299683,ir-n6109072670,near,osm
ir-petroleum-city,ir-n10839488020,near,osm
ir-n5400688915,ir-n5400690622,near,osm
ir-n5400688915,ir-n5400706115,near,osm
ir-n5400690622,ir-n5400706115,near,osm
ir-n5417972747,ir-n5420239675,near,osm
ir-n5417972747,ir-n5418023793,near,osm
ir-n5417972747,ir-n5420241475,near,osm
ir-n5418023793,ir-n5420241475,near,osm
ir-n5418023793,ir-n5420239675,near,osm
ir-n5420239675,ir-n5420241475,near,osm
ir-n12480209620,ir-n5418023793,near,osm
ir-n12480209620,ir-n5417972747,near,osm
ir-n12480209620,ir-n5420241475,near,osm
ir-n5421730250,ir-n11219305498,near,osm
ir-n5421730250,ir-n7948220050,near,osm
ir-n5421730250,ir-n5421730251,near,osm
ir-n5421730251,ir-n11219305498,near,osm
ir-n5421730251,ir-n12399562633,near,osm
ir-n7948220050,ir-n12399562632,near,osm
ir-n7948220050,ir-n11219305498,near,osm
ir-n12399562632,ir-n11219305498,near,osm
ir-n12399562632,ir-n5421730250,near,osm
ir-n12399562633,ir-n11219305498,near,osm
ir-n12399562633,ir-n7948220050,near,osm
ir-n5430994326,ir-n6435423442,near,osm
ir-n5431346736,ir-mahmeleh,near,osm
ir-n5433921355,ir-n5440267918,near,osm
ir-n5433921355,ir-n5440284337,near,osm
ir-n5433921355,ir-n5440250831,near,osm
ir-n5440250831,ir-n5440250832,near,osm
ir-n5440250831,ir-n5440267918,near,osm
ir-n5440250831,ir-n5440284337,near,osm
ir-n5440250832,ir-n5440267918,near,osm
ir-n5440250832,ir-n5440284337,near,osm
ir-n5440267918,ir-n5440284337,near,osm
ir-baghban-mahaleh,ir-sherbaf-mahaleh,near,osm
ir-baghban-mahaleh,ir-shahrak-nilufar,near,osm
ir-baghban-mahaleh,ir-lor-mahaleh,near,osm
ir-sherbaf-mahaleh,ir-lor-mahaleh,near,osm
ir-sherbaf-mahaleh,ir-shahrak-nilufar,near,osm
ir-lor-mahaleh,ir-gele-mahaleh,near,osm
ir-sadat-mahaleh,ir-shahrak-kazem-beigi,near,osm
ir-sadat-mahaleh,ir-eslam,near,osm
ir-sadat-mahaleh,ir-kuye-police,near,osm
ir-kuti,ir-n10821583914,near,osm
ir-kuti,ir-eslam,near,osm
ir-kuti,ir-sadat-mahaleh,near,osm
ir-chal-zamin-2,ir-n12205145443,near,osm
ir-chal-zamin-2,ir-shahrak-bahman,near,osm
ir-chal-zamin-2,ir-shahrak-fatemieh-2,near,osm
ir-gele-mahaleh,ir-shahrak-shahab-nia,near,osm
ir-gele-mahaleh,ir-sherbaf-mahaleh,near,osm
ir-kija-tekyeh,ir-nafti-mahaleh,near,osm
ir-kija-tekyeh,ir-100-dastgah,near,osm
ir-kija-tekyeh,ir-n11539744513,near,osm
ir-eslam,ir-shahrak-kazem-beigi,near,osm
ir-kuye-amirolmomenin,ir-kuye-police,near,osm
ir-kuye-amirolmomenin,ir-shahrak-kazem-beigi,near,osm
ir-kuye-amirolmomenin,ir-shahrak-saadi-2,near,osm
ir-shahrak-kazem-beigi,ir-kuye-police,near,osm
ir-kuye-police,ir-shahrak-saadi-2,near,osm
ir-shahrak-bahman,ir-shahrak-fatemieh-2,near,osm
ir-shahrak-bahman,ir-n12205145443,near,osm
ir-shahrak-bahman,ir-shahrak-saadi-2,near,osm
ir-shahrak-fatemieh-2,ir-shahrak-saadi-2,near,osm
ir-shahrak-fatemieh-2,ir-n12205145443,near,osm
ir-shahrak-saadi-2,ir-shahrak-kazem-beigi,near,osm
ir-nafti-mahaleh,ir-100-dastgah,near,osm
ir-nafti-mahaleh,ir-n11539744513,near,osm
ir-muziraj,ir-n10137685654,near,osm
ir-muziraj,ir-shahrak-taleghani-4,near,osm
ir-muziraj,ir-n12343573234,near,osm
ir-100-dastgah,ir-chal-zamin-2,near,osm
ir-shahrak-shomal,ir-shahrak-chamran,near,osm
ir-shahrak-shomal,ir-baghban-mahaleh,near,osm
ir-shahrak-shomal,ir-shahrak-nilufar,near,osm
ir-shahrak-shahab-nia,ir-n9952764167,near,osm
ir-shahrak-shahab-nia,ir-lor-mahaleh,near,osm
ir-shahrak-taleghani-4,ir-n12343573234,near,osm
ir-shahrak-taleghani-4,ir-shahrak-nilufar,near,osm
ir-shahrak-taleghani-4,ir-n9952764167,near,osm
ir-shahrak-nilufar,ir-n12343573234,near,osm
ir-shahrak-chamran,ir-shahrak-taleghani-4,near,osm
ir-shahrak-chamran,ir-shahrak-nilufar,near,osm
ir-n9952764167,ir-n12343573234,near,osm
ir-n9952764167,ir-gele-mahaleh,near,osm
ir-n10137685654,ir-shahrak-taleghani-4,near,osm
ir-n10137685654,ir-n9952764167,near,osm
ir-n10821583914,ir-eslam,near,osm
ir-n10821583914,ir-sadat-mahaleh,near,osm
ir-n11539744513,ir-shahrak-shahab-nia,near,osm
ir-n11539744513,ir-100-dastgah,near,osm
ir-n12205145443,ir-shahrak-saadi-2,near,osm
ir-n12343573234,ir-baghban-mahaleh,near,osm
ir-farhangian-residential-town,ir-n6827980494,near,osm
ir-n5483179132,ir-n12313896077,near,osm
ir-n5501880690,ir-n6693991587,near,osm
ir-n5509176656,ir-n9292039541,near,osm
ir-n5509176656,ir-n7743193801,near,osm
ir-n7743193801,ir-n9292039541,near,osm
ir-heidari-town,ir-n8498808097,near,osm
ir-heidari-town,ir-pay-e-qale,near,osm
ir-heidari-town,ir-do-khaharan,near,osm
ir-farmandari,ir-kuy-e-emam-hassan,near,osm
ir-farmandari,ir-mahdieh-2,near,osm
ir-farmandari,ir-kuy-e-ta-avon,near,osm
ir-javadiyah,ir-kuy-e-keshavarz,near,osm
ir-javadiyah,ir-shahrak-e-dastgheib,near,osm
ir-javadiyah,ir-kuy-e-sarbaz,near,osm
ir-kuy-e-keshavarz,ir-kuy-e-sarbaz,near,osm
ir-kuy-e-keshavarz,ir-shahrak-e-safi-pour,near,osm
ir-shahrak-e-dastgheib,ir-shahrak-e-safi-pour,near,osm
ir-shahrak-e-dastgheib,ir-kuy-e-hajian,near,osm
ir-shahrak-e-dastgheib,ir-kuy-e-sarbaz,near,osm
ir-shahrak-e-safi-pour,ir-kuy-e-sarbaz,near,osm
ir-shahrak-e-safi-pour,ir-kuy-e-hajian,near,osm
ir-kuy-e-hajian,ir-kuy-e-nabie-sheikh,near,osm
ir-kuy-e-nabie-sheikh,ir-shahrak-e-safi-pour,near,osm
ir-kuy-e-nabie-sheikh,ir-ghale-now,near,osm
ir-ghale-now,ir-do-khaharan,near,osm
ir-ghale-now,ir-golshan-7,near,osm
ir-ghale-now,ir-pay-e-qale,near,osm
ir-do-khaharan,ir-pay-e-qale,near,osm
ir-do-khaharan,ir-golshan-7,near,osm
ir-kuy-e-ta-avon,ir-mahdieh-2,near,osm
ir-kuy-e-ta-avon,ir-javadiyah,near,osm
ir-kuy-e-emam-hassan,ir-shaterabad,near,osm
ir-kuy-e-emam-hassan,ir-mahdieh-2,near,osm
ir-mahdieh-2,ir-kuy-e-doktor-hesabi,near,osm
ir-kuy-e-doktor-hesabi,ir-kuy-e-emam-hassan,near,osm
ir-kuy-e-doktor-hesabi,ir-farmandari,near,osm
ir-golshan-7,ir-pay-e-qale,near,osm
ir-shaterabad,ir-kuy-e-doktor-hesabi,near,osm
ir-shaterabad,ir-farmandari,near,osm
ir-n8498808097,ir-pay-e-qale,near,osm
ir-n8498808097,ir-golshan-7,near,osm
ir-ashkezar,ir-majomard,near,osm
ir-n5518310275,ir-n5518939552,near,osm
ir-n5562779642,ir-niyavaran,near,osm
ir-n5562779642,ir-n5562779657,near,osm
ir-n5562779642,ir-n11034441737,near,osm
ir-n5562779657,ir-n10783644990,near,osm
ir-n5562779657,ir-n10995837555,near,osm
ir-n5562779657,ir-n10997705321,near,osm
ir-n5562800297,ir-n10997705321,near,osm
ir-n5562800297,ir-n11034441737,near,osm
ir-n5562800297,ir-niyavaran,near,osm
ir-n5562804099,ir-n11013540488,near,osm
ir-n5562804099,ir-n10995866119,near,osm
ir-n5562804099,ir-n11013558517,near,osm
ir-n10783644990,ir-n10995837556,near,osm
ir-n10783644990,ir-n10995866119,near,osm
ir-n10783644990,ir-n10995837555,near,osm
ir-niyavaran,ir-n11034441737,near,osm
ir-niyavaran,ir-n5562779657,near,osm
ir-n10995837555,ir-n10995837556,near,osm
ir-n10995837555,ir-n11013558517,near,osm
ir-n10995837555,ir-n10995866119,near,osm
ir-n10995837556,ir-n10995866119,near,osm
ir-n10995837556,ir-n11013558517,near,osm
ir-n10995866119,ir-n11013558517,near,osm
ir-n10995866119,ir-n11013540488,near,osm
ir-n10997705321,ir-n10995837555,near,osm
ir-n10997705321,ir-n10995837556,near,osm
ir-n11013540488,ir-n11013558517,near,osm
ir-n11013540488,ir-n10995837556,near,osm
ir-n11013558517,ir-n11521219596,near,osm
ir-n11521219596,ir-n10995837556,near,osm
ir-n11521219596,ir-n10995837555,near,osm
ir-alimadad,ir-zamin-shahri-4,near,osm
ir-alimadad,ir-zaman,near,osm
ir-alimadad,ir-soltan-gholi,near,osm
ir-asemanabad,ir-seid-nazari,near,osm
ir-asemanabad,ir-sarabag,near,osm
ir-asemanabad,ir-heidarbag,near,osm
ir-heidarbag,ir-sarabag,near,osm
ir-heidarbag,ir-seid-nazari,near,osm
ir-sarabag,ir-seid-nazari,near,osm
ir-seid-nazari,ir-baba-moradi,near,osm
ir-baba-moradi,ir-jafarbag,near,osm
ir-baba-moradi,ir-asemanabad,near,osm
ir-jafarbag,ir-koleh,near,osm
ir-jafarbag,ir-seid-nazari,near,osm
ir-koleh,ir-soltan-gholi,near,osm
ir-koleh,ir-baba-moradi,near,osm
ir-soltan-gholi,ir-zaman,near,osm
ir-soltan-gholi,ir-jafarbag,near,osm
ir-zaman,ir-zamin-shahri-4,near,osm
ir-zaman,ir-koleh,near,osm
ir-zamin-shahri-4,ir-soltan-gholi,near,osm
ir-kuye-karmandan-doulat,ir-haft-tanan-square,near,osm
ir-valiasr-9,ir-n6293098233,near,osm
ir-modiriat,ir-n10120269133,near,osm
ir-n5641959706,ir-surkan-3,near,osm
ir-n5641959706,ir-n8658203837,near,osm
ir-n5641959706,ir-shahrak-e-hedayat,near,osm
ir-bame-saveh,ir-shahrak-e-hedayat,near,osm
ir-bame-saveh,ir-shahrak-e-shahid-chamran,near,osm
ir-bame-saveh,ir-surkan-3,near,osm
ir-shahrak-e-shahid-chamran,ir-shahrak-e-hedayat,near,osm
ir-shahrak-e-shahid-chamran,ir-surkan-3,near,osm
ir-amir-kabir,ir-basij,near,osm
ir-amir-kabir,ir-n8658203837,near,osm
ir-amir-kabir,ir-surkan-3,near,osm
ir-basij,ir-n8658203837,near,osm
ir-basij,ir-surkan-3,near,osm
ir-n8658203837,ir-surkan-3,near,osm
ir-surkan-3,ir-shahrak-e-hedayat,near,osm
ir-shahrak-e-hedayat,ir-n8658203837,near,osm
ir-zeitoon-complex,ir-n5670068274,near,osm
ir-zeitoon-complex,ir-n5670068275,near,osm
ir-zeitoon-complex,ir-n10940049828,near,osm
ir-n5670068274,ir-n5670068275,near,osm
ir-n5670068274,ir-n10940049828,near,osm
ir-n5670068275,ir-n10940049828,near,osm
ir-firouz-abad,ir-bani-hashem-suburb,near,osm
ir-n5717203338,ir-silo-way-2,near,osm
ir-n5732605220,ir-n5732617077,near,osm
ir-n5746314242,ir-n5746318388,near,osm
ir-n5747866545,ir-n7065482358,near,osm
ir-n5763787361,ir-n12277190640,near,osm
ir-n5763787361,ir-n7390941731,near,osm
ir-n7390941731,ir-n12277190640,near,osm
ir-n5797008453,ir-n9091365080,near,osm
ir-n5797008453,ir-n9981311492,near,osm
ir-n9091365080,ir-n9981311492,near,osm
ir-n5816411368,ir-pardis-neighbourhood,near,osm
ir-n5816411368,ir-farhangian-subrub,near,osm
ir-n5816411368,ir-aliabad-59,near,osm
ir-old-c-type,ir-cement-block-houses,near,osm
ir-old-c-type,ir-n13415231017,near,osm
ir-old-c-type,ir-n11536734368,near,osm
ir-motahari-suburb,ir-aliabad-59,near,osm
ir-motahari-suburb,ir-pre-assembled-houses,near,osm
ir-motahari-suburb,ir-n13415231017,near,osm
ir-pardis-neighbourhood,ir-farhangian-subrub,near,osm
ir-pardis-neighbourhood,ir-n13415231017,near,osm
ir-pre-assembled-houses,ir-aliabad-59,near,osm
ir-pre-assembled-houses,ir-farhangian-subrub,near,osm
ir-aliabad-59,ir-farhangian-subrub,near,osm
ir-cement-block-houses,ir-n13415231017,near,osm
ir-cement-block-houses,ir-n11536734368,near,osm
ir-farhangian-subrub,ir-n13415231017,near,osm
ir-farhangian-subrub,ir-cement-block-houses,near,osm
ir-farhangian-subrub,ir-old-c-type,near,osm
ir-n9559846425,ir-n11536734368,near,osm
ir-n9559846425,ir-cement-block-houses,near,osm
ir-n9559846425,ir-n13415231017,near,osm
ir-n5842433449,ir-n6781973046,near,osm
ir-n5842433449,ir-n10801778452,near,osm
ir-n5842433449,ir-n12409420904,near,osm
ir-n6781973046,ir-n10801778452,near,osm
ir-n6781973046,ir-n12409420904,near,osm
ir-n9326534593,ir-n12417389958,near,osm
ir-n9326534593,ir-n11111317167,near,osm
ir-n9326534593,ir-n11111312088,near,osm
ir-n10760915771,ir-n11152264258,near,osm
ir-n10760915771,ir-n12409391964,near,osm
ir-n10760915771,ir-n11137660077,near,osm
ir-n10801778452,ir-n12409420904,near,osm
ir-n10918308153,ir-n11034225002,near,osm
ir-n10918308153,ir-n10933579878,near,osm
ir-n10918308153,ir-n11057183248,near,osm
ir-n10933579878,ir-n11034225002,near,osm
ir-n10933579878,ir-n11057183248,near,osm
ir-n11034225002,ir-n11057183248,near,osm
ir-n11034225002,ir-n12409391964,near,osm
ir-n11057183248,ir-n12409420904,near,osm
ir-n11111312088,ir-n11111317167,near,osm
ir-n11111312088,ir-n10933579878,near,osm
ir-n11111312088,ir-n11057183248,near,osm
ir-n11111317167,ir-n10933579878,near,osm
ir-n11111317167,ir-n11057183248,near,osm
ir-n11137660077,ir-n12409391916,near,osm
ir-n11137660077,ir-n12409391938,near,osm
ir-n11137660077,ir-n11152264258,near,osm
ir-n11152264258,ir-n12409391964,near,osm
ir-n11152264258,ir-n12409391938,near,osm
ir-n12409391916,ir-n12409391938,near,osm
ir-n12409391916,ir-n11152264258,near,osm
ir-n12409391964,ir-n10918308153,near,osm
ir-n12409420904,ir-n11034225002,near,osm
ir-n12409420904,ir-n10918308153,near,osm
ir-n12417389958,ir-n11111317167,near,osm
ir-n12417389958,ir-n11111312088,near,osm
ir-goharbaran,ir-n5846144203,near,osm
ir-mehdi-abad-6,ir-vesal,near,osm
ir-mehdi-abad-6,ir-shahband,near,osm
ir-mehdi-abad-6,ir-felestin-4,near,osm
ir-vesal,ir-shahband,near,osm
ir-vesal,ir-felestin-4,near,osm
ir-shahband,ir-felestin-4,near,osm
ir-kooye-ashab,ir-n5882082570,near,osm
ir-kooye-ashab,ir-sharaf-abad-2,near,osm
ir-kooye-ashab,ir-seyyed-o-shohada,near,osm
ir-felestin-4,ir-em-em,near,osm
ir-em-em,ir-district-2-15,near,osm
ir-em-em,ir-gol-afshan,near,osm
ir-shafa-2,ir-seyyed-o-shohada,near,osm
ir-shafa-2,ir-kooye-bargh,near,osm
ir-shafa-2,ir-n5882082570,near,osm
ir-binjlo,ir-andisheh-3,near,osm
ir-binjlo,ir-narenjestan-tork-mahaleh,near,osm
ir-binjlo,ir-azadi-nehzat,near,osm
ir-narenjestan-tork-mahaleh,ir-andisheh-3,near,osm
ir-narenjestan-tork-mahaleh,ir-district-2-15,near,osm
ir-seyyed-o-shohada,ir-kooye-bargh,near,osm
ir-seyyed-o-shohada,ir-n5882082570,near,osm
ir-andisheh-3,ir-gol-afshan,near,osm
ir-kooye-bargh,ir-n5882082570,near,osm
ir-gol-afshan,ir-district-2-15,near,osm
ir-22-bahman,ir-eram-5,near,osm
ir-22-bahman,ir-shahrak-emam-hossein-4,near,osm
ir-22-bahman,ir-binjlo,near,osm
ir-eram-5,ir-shahid-ghorbani-2,near,osm
ir-eram-5,ir-shahrak-ab,near,osm
ir-sharaf-abad-2,ir-felestin-4,near,osm
ir-sharaf-abad-2,ir-district-2-15,near,osm
ir-shahrak-emam-hossein-4,ir-narenjestan-tork-mahaleh,near,osm
ir-shahrak-emam-hossein-4,ir-district-2-15,near,osm
ir-shahrak-emam-hossein-4,ir-binjlo,near,osm
ir-kuy-karmandan,ir-azadi-nehzat,near,osm
ir-kuy-karmandan,ir-gol-afshan,near,osm
ir-kuy-karmandan,ir-andisheh-3,near,osm
ir-shahid-ghorbani-2,ir-shahrak-ab,near,osm
ir-shahid-ghorbani-2,ir-22-bahman,near,osm
ir-shahrak-ab,ir-22-bahman,near,osm
ir-azadi-nehzat,ir-andisheh-3,near,osm
ir-azadi-nehzat,ir-gol-afshan,near,osm
ir-ahi-dasht,ir-n8777612772,near,osm
ir-ahi-dasht,ir-mahdasht-2,near,osm
ir-ahi-dasht,ir-paeen-deza,near,osm
ir-paeen-deza,ir-n8777612772,near,osm
ir-paeen-deza,ir-n12304033106,near,osm
ir-mahdasht-2,ir-n8777612772,near,osm
ir-mahdasht-2,ir-bala-deza,near,osm
ir-bala-deza,ir-n8777612772,near,osm
ir-bala-deza,ir-ahi-dasht,near,osm
ir-n12304033106,ir-ahi-dasht,near,osm
ir-n12304033106,ir-n8777612772,near,osm
ir-hojjati,ir-n7213289118,near,osm
ir-ghodusi-sharghi-satarkhan,ir-n9524567626,near,osm
ir-ghodusi-sharghi-satarkhan,ir-n6796218206,near,osm
ir-ghodusi-sharghi-satarkhan,ir-n7454790622,near,osm
ir-n6796218206,ir-n7454790622,near,osm
ir-n6796218206,ir-n9524567626,near,osm
ir-n7454790622,ir-n9524567626,near,osm
ir-shahrak-e-morvarid,ir-bandar-gah,near,osm
ir-moalem-4,ir-n9213237273,near,osm
ir-modares-2,ir-bahonar-2,near,osm
ir-modares-2,ir-atashneshani,near,osm
ir-modares-2,ir-bagh-e-nar,near,osm
ir-bahonar-2,ir-atashneshani,near,osm
ir-bahonar-2,ir-bagh-e-nar,near,osm
ir-atashneshani,ir-bagh-e-nar,near,osm
ir-n5898604656,ir-n12892332853,near,osm
ir-malolin,ir-n8367090082,near,osm
ir-koye-bayani,ir-n13529227025,near,osm
ir-koye-bayani,ir-bahonar-3,near,osm
ir-koye-bayani,ir-n9213273400,near,osm
ir-bahonar-3,ir-n13529227025,near,osm
ir-bahonar-3,ir-n9213273400,near,osm
ir-shahrake-saba,ir-n13515004871,near,osm
ir-shahrake-saba,ir-n9213273400,near,osm
ir-shahrake-saba,ir-bahonar-3,near,osm
ir-n9213273400,ir-n13529227025,near,osm
ir-jahad-square-2,ir-n7503566741,near,osm
ir-n5899226850,ir-payambar-azam-2,near,osm
ir-n5899300193,ir-n9448615363,near,osm
ir-roudbartan,ir-n9214902581,near,osm
ir-n5899725272,ir-n9163782436,near,osm
ir-daily-market,ir-district-4-10,near,osm
ir-newside,ir-n11266635019,near,osm
ir-pakat-sazi,ir-n9691722488,near,osm
ir-shahrak-e-payinkooh,ir-n6299621978,near,osm
ir-istgahe-sareyn-2,ir-n13907483440,near,osm
ir-istgahe-sareyn-2,ir-rezvan-6,near,osm
ir-rezvan-6,ir-n13907483440,near,osm
ir-punak-3,ir-n6304090953,near,osm
ir-punak-3,ir-n12157965940,near,osm
ir-punak-3,ir-n6299521392,near,osm
ir-n6299521392,ir-n12157965940,near,osm
ir-n6299521392,ir-n6304090953,near,osm
ir-n6304090953,ir-n12157965940,near,osm
ir-254dastghah,ir-koye-besat-2,near,osm
ir-fohadshahr,ir-foladshahr-2,near,osm
ir-shahrak-e-shahriyar-2,ir-n6299585534,near,osm
ir-shahrak-e-shahriyar-2,ir-n6299585533,near,osm
ir-n6299585533,ir-n6299585534,near,osm
ir-enghelab-7,ir-n13563664131,near,osm
ir-n5903089312,ir-n12230363678,near,osm
ir-n5903089312,ir-n12198978062,near,osm
ir-n12198978062,ir-n12230363678,near,osm
ir-ahmad-khomeiny,ir-n11974974124,near,osm
ir-asghariyeh,ir-n6305439354,near,osm
ir-n5903654759,ir-n5907457171,near,osm
ir-n5903654759,ir-n5907457172,near,osm
ir-n5907457171,ir-n5907457172,near,osm
ir-shahrak-e-rajaei-2,ir-n6299621979,near,osm
ir-gholsar,ir-n10838147267,near,osm
ir-gholsar,ir-n10838144543,near,osm
ir-n10838144543,ir-n10838147267,near,osm
ir-n5923912103,ir-aqdasiyeh,near,osm
ir-n5932399953,ir-n11361297291,near,osm
ir-n5932399953,ir-n11361293686,near,osm
ir-n5932399953,ir-n11361296272,near,osm
ir-n9340243867,ir-n11361296272,near,osm
ir-n9340243867,ir-n11361293686,near,osm
ir-n11361293686,ir-n11361296272,near,osm
ir-n11361293686,ir-n11361297291,near,osm
ir-n11361296272,ir-n11361297291,near,osm
ir-n5960770873,ir-n7355211435,near,osm
ir-n5960770873,ir-n13945992826,near,osm
ir-n5960770873,ir-n12059226562,near,osm
ir-n7355211435,ir-n13945992826,near,osm
ir-n7355211435,ir-n12059226562,near,osm
ir-n12059226562,ir-n13945992826,near,osm
ir-akbarabad-22,ir-n6353248008,near,osm
ir-akbarabad-22,ir-n5983498265,near,osm
ir-akbarabad-22,ir-n5983498264,near,osm
ir-n5983498263,ir-n5983498264,near,osm
ir-n5983498263,ir-n5983498265,near,osm
ir-n5983498263,ir-akbarabad-22,near,osm
ir-n5983498264,ir-n5983498265,near,osm
ir-n5983498265,ir-n6353248008,near,osm
ir-n6353248008,ir-n5983498264,near,osm
ir-n5998599487,ir-n7353982852,near,osm
ir-n6007490879,ir-n6007490881,near,osm
ir-n6047355629,ir-n7023275818,near,osm
ir-n6130277429,ir-n6843902680,near,osm
ir-n6142752844,ir-n13361882795,near,osm
ir-n6287718024,ir-n6299369585,near,osm
ir-n6287718024,ir-n6295021741,near,osm
ir-n6295021741,ir-n6299369585,near,osm
ir-n6299585535,ir-n11002755424,near,osm
ir-n6299585538,ir-n6332794997,near,osm
ir-n6299585538,ir-n6299585540,near,osm
ir-n6299585540,ir-n6332794997,near,osm
ir-n6303124048,ir-n6387223454,near,osm
ir-n6303124048,ir-n7322294090,near,osm
ir-n6387223454,ir-n7322294090,near,osm
ir-n6305412135,ir-shahrak-e-babaeyan,near,osm
ir-n6341984296,ir-n6341984319,near,osm
ir-n6387417517,ir-n12149655830,near,osm
ir-n6387417517,ir-n11987519205,near,osm
ir-n11987519205,ir-n12149655830,near,osm
ir-n6418416434,ir-n6418416436,near,osm
ir-n6418416434,ir-n6418416435,near,osm
ir-n6418416434,ir-n6418416438,near,osm
ir-n6418416435,ir-n6418416437,near,osm
ir-n6418416435,ir-n6418416436,near,osm
ir-n6418416436,ir-n6418416437,near,osm
ir-n6418416436,ir-n6418416439,near,osm
ir-n6418416437,ir-n6418416434,near,osm
ir-n6418416438,ir-n6418416439,near,osm
ir-n6418416438,ir-n6418416436,near,osm
ir-n6418416439,ir-n6418416434,near,osm
ir-n6451128971,ir-abfaam-phase-2-complex,near,osm
ir-n6451128971,ir-n6451129761,near,osm
ir-phase-three,ir-phase-two,near,osm
ir-phase-three,ir-phase-four,near,osm
ir-phase-three,ir-phase-one,near,osm
ir-phase-one,ir-phase-zero,near,osm
ir-phase-one,ir-phase-two,near,osm
ir-phase-two,ir-phase-zero,near,osm
ir-phase-four,ir-phase-five,near,osm
ir-phase-four,ir-n13390914417,near,osm
ir-phase-five,ir-n11619819711,near,osm
ir-phase-five,ir-n13390914417,near,osm
ir-phase-zero,ir-phase-three,near,osm
ir-phase-six,ir-n13013152187,near,osm
ir-phase-six,ir-phase-five,near,osm
ir-phase-six,ir-n11619819711,near,osm
ir-n11619819711,ir-n13390914417,near,osm
ir-n11619819711,ir-phase-four,near,osm
ir-n13013152187,ir-phase-five,near,osm
ir-n13013152187,ir-n11619819711,near,osm
ir-n6578772733,ir-n9002975372,near,osm
ir-n6585950225,ir-n6585950226,near,osm
ir-n6639993805,ir-n6654554404,near,osm
ir-maskan-mehr-7,ir-n11583874435,near,osm
ir-shahrak-e-basij,ir-shahrak-e-amoozegar,near,osm
ir-shahrak-e-basij,ir-n9913862853,near,osm
ir-shahrak-e-basij,ir-n10015563271,near,osm
ir-shahrak-e-amoozegar,ir-n9913862853,near,osm
ir-shahrak-e-amoozegar,ir-n10015563271,near,osm
ir-n9913862853,ir-n10015563271,near,osm
ir-n6800261670,ir-n12527954574,near,osm
ir-n6800261670,ir-n12527954573,near,osm
ir-n6800261670,ir-n12527954572,near,osm
ir-n12527954572,ir-n12527954575,near,osm
ir-n12527954572,ir-n12527954577,near,osm
ir-n12527954572,ir-n12527954578,near,osm
ir-n12527954573,ir-n12527954575,near,osm
ir-n12527954573,ir-n12527954574,near,osm
ir-n12527954573,ir-n12527954577,near,osm
ir-n12527954574,ir-n12527954575,near,osm
ir-n12527954574,ir-n12527954572,near,osm
ir-n12527954575,ir-n12527954577,near,osm
ir-n12527954575,ir-n12527954576,near,osm
ir-n12527954576,ir-n12527954577,near,osm
ir-n12527954576,ir-n12527954578,near,osm
ir-n12527954578,ir-n12527954577,near,osm
ir-n6827980493,ir-n11090895196,near,osm
ir-azadegan-9,ir-shahrak-e-besat-faz-e-2,near,osm
ir-azadegan-9,ir-shahrk-ghaem,near,osm
ir-shahrk-ghaem,ir-shahrak-e-besat-faz-e-2,near,osm
ir-30-metri-meyqan,ir-shahrak-padis-2,near,osm
ir-n7608068798,ir-n7608068799,near,osm
ir-n7018625879,ir-n7578346208,near,osm
ir-n7026234555,ir-n7026234556,near,osm
ir-n7026234555,ir-n7026234557,near,osm
ir-n7026234555,ir-n12144376966,near,osm
ir-n7026234556,ir-n7026234557,near,osm
ir-n7026234556,ir-n12144376966,near,osm
ir-n7026234557,ir-n12144376966,near,osm
ir-n8041598021,ir-n8041598022,near,osm
ir-n7093527614,ir-n8621302332,near,osm
ir-n7171445147,ir-n11767617246,near,osm
ir-n7195777448,ir-n7195777449,near,osm
ir-n7221636557,ir-n7221665478,near,osm
ir-n7221636557,ir-n7221645831,near,osm
ir-n7221645831,ir-n7221665478,near,osm
ir-lob-ab,ir-n9520160215,near,osm
ir-gud-araban,ir-n9547994731,near,osm
ir-n7483137661,ir-n10683347269,near,osm
ir-n7483137661,ir-n12432992382,near,osm
ir-n7483137661,ir-n9169106812,near,osm
ir-n9169106812,ir-n10683347269,near,osm
ir-n9169106812,ir-n12432992382,near,osm
ir-n10683347269,ir-n12432992382,near,osm
ir-n7503566743,ir-n7551745897,near,osm
ir-suratgar,ir-n7541994414,near,osm
ir-deh-majnun,ir-n10660837781,near,osm
ir-n7617144150,ir-n10890373743,near,osm
ir-n7617144150,ir-n10890373744,near,osm
ir-n10890373743,ir-n10890373744,near,osm
ir-n7645060892,ir-n7881593860,near,osm
ir-n7645060892,ir-n13020654491,near,osm
ir-n7881593860,ir-n13020654491,near,osm
ir-asiab-jalal-e-sofla,ir-kooy-e-emam,near,osm
ir-asiab-jalal-e-sofla,ir-bahmandasht,near,osm
ir-asiab-jalal-e-sofla,ir-jamalabad-8,near,osm
ir-tarkhoran,ir-yeke-bahar,near,osm
ir-tarkhoran,ir-kooy-e-modares,near,osm
ir-tarkhoran,ir-shahrak-e-moallem,near,osm
ir-yeke-bahar,ir-kooy-e-modares,near,osm
ir-yeke-bahar,ir-shahrak-e-moallem,near,osm
ir-kooy-e-modares,ir-shahrak-e-moallem,near,osm
ir-zaghram,ir-n7813262796,near,osm
ir-zaghram,ir-miyandeh,near,osm
ir-zaghram,ir-fam,near,osm
ir-n7813262796,ir-kenarbar,near,osm
ir-n7813262796,ir-fam,near,osm
ir-fam,ir-kenarbar,near,osm
ir-fam,ir-miyandeh,near,osm
ir-fam,ir-stadium-2,near,osm
ir-miyandeh,ir-n7813262796,near,osm
ir-kenarbar,ir-stadium-2,near,osm
ir-stadium-2,ir-mashhad-2,near,osm
ir-mashhad-2,ir-bahmandasht,near,osm
ir-mashhad-2,ir-jamalabad-8,near,osm
ir-bahmandasht,ir-n9553103102,near,osm
ir-bahmandasht,ir-jamalabad-8,near,osm
ir-jamalabad-8,ir-stadium-2,near,osm
ir-kooy-e-emam,ir-jamalabad-8,near,osm
ir-kooy-e-emam,ir-bahmandasht,near,osm
ir-n9553103102,ir-fam,near,osm
ir-n9553103102,ir-miyandeh,near,osm
ir-mehr-hashtrud-housing-town,ir-n9671587860,near,osm
ir-mehr-hashtrud-housing-town,ir-n7968069786,near,osm
ir-mehr-hashtrud-housing-town,ir-n7996446543,near,osm
ir-n7968069786,ir-n9671587860,near,osm
ir-n7968069786,ir-n7996446543,near,osm
ir-n7996446543,ir-n9671587860,near,osm
ir-n7784663956,ir-senejan,near,osm
ir-n7784663956,ir-n9103828243,near,osm
ir-senejan,ir-n9103828243,near,osm
ir-n7813262803,ir-n7813262806,near,osm
ir-makki-abad,ir-firuz-abad-2,near,osm
ir-makki-abad,ir-n13566445033,near,osm
ir-firuz-abad-2,ir-n13566445033,near,osm
ir-n11297710563,ir-n14049103695,near,osm
ir-n13566445032,ir-n13566445033,near,osm
ir-n8019505764,ir-n11637380039,near,osm
ir-n8024223693,ir-nour-town,near,osm
ir-n8163843591,ir-n8163876614,near,osm
ir-n8164948406,ir-julaki,near,osm
ir-dehkahan,ir-n12716946360,near,osm
ir-dehkahan,ir-n12716946361,near,osm
ir-dehkahan,ir-n8227440009,near,osm
ir-n8227440009,ir-n12716946360,near,osm
ir-n12716946360,ir-n12716946361,near,osm
ir-n8361459335,ir-pir-sabz,near,osm
ir-n8376048101,ir-tashan,near,osm
ir-zine,ir-n10913547382,near,osm
ir-zine,ir-n10656845532,near,osm
ir-zine,ir-n10584796481,near,osm
ir-n10584796481,ir-n10656845532,near,osm
ir-n10584796481,ir-malek-rahmati-airport,near,osm
ir-n10656845532,ir-n10913547382,near,osm
ir-n8440239850,ir-n10940351010,near,osm
ir-n8440239850,ir-n11076912744,near,osm
ir-n8440239850,ir-n10701778496,near,osm
ir-n10701778496,ir-n11076912744,near,osm
ir-n10701778496,ir-n10923966606,near,osm
ir-n10923966606,ir-n11076912744,near,osm
ir-n10940351010,ir-n11076912744,near,osm
ir-n10940351010,ir-n10701778496,near,osm
ir-n8474017503,ir-n13529227023,near,osm
ir-n8544976827,ir-n8544976828,near,osm
ir-n8636229821,ir-n8640369276,near,osm
ir-n8636229821,ir-n8640369275,near,osm
ir-n8636229821,ir-n8637677653,near,osm
ir-n8637677653,ir-n8640369275,near,osm
ir-n8637677653,ir-n8640369276,near,osm
ir-n8640369275,ir-n8640369276,near,osm
ir-n8658203826,ir-n8658203829,near,osm
ir-n8658203826,ir-n8658203827,near,osm
ir-n8658203826,ir-n8658203828,near,osm
ir-n8658203827,ir-n8658203828,near,osm
ir-n8658203827,ir-n8658203829,near,osm
ir-n8658203828,ir-n8658203829,near,osm
ir-khane-sazi,ir-n9492514245,near,osm
ir-n8676887254,ir-n11150511637,near,osm
ir-n8757351790,ir-n11672126101,near,osm
ir-n8923714054,ir-n8923714055,near,osm
ir-n8923714054,ir-n8923714056,near,osm
ir-n8923714054,ir-n8923714057,near,osm
ir-n8923714055,ir-n8923714056,near,osm
ir-n8923714055,ir-n8923714057,near,osm
ir-n8923714056,ir-n8923714057,near,osm
ir-n9051752413,ir-n11401055247,near,osm
ir-n9051752413,ir-n11407939815,near,osm
ir-n9051752413,ir-n11401049177,near,osm
ir-n10763843187,ir-n11401015728,near,osm
ir-n10763843187,ir-n11401038875,near,osm
ir-n10763843187,ir-n11401068927,near,osm
ir-n11393809494,ir-n11401021980,near,osm
ir-n11393809494,ir-n11401024095,near,osm
ir-n11393809494,ir-n11401012005,near,osm
ir-n11401012005,ir-n11401021980,near,osm
ir-n11401012005,ir-n11401064882,near,osm
ir-n11401015728,ir-n11409201012,near,osm
ir-n11401015728,ir-n11401034584,near,osm
ir-n11401021980,ir-n11401024095,near,osm
ir-n11401024095,ir-n11401049177,near,osm
ir-n11401032832,ir-n11401049177,near,osm
ir-n11401032832,ir-n11401055247,near,osm
ir-n11401032832,ir-n11401024095,near,osm
ir-n11401034584,ir-n11409201012,near,osm
ir-n11401034584,ir-n11401038875,near,osm
ir-n11401038875,ir-n11401068925,near,osm
ir-n11401049177,ir-n11401055247,near,osm
ir-n11401055247,ir-n11407939815,near,osm
ir-n11401064882,ir-n12313757957,near,osm
ir-n11401064882,ir-n11401074575,near,osm
ir-n11401068925,ir-n11401068927,near,osm
ir-n11401068925,ir-n10763843187,near,osm
ir-n11401068927,ir-n11401038875,near,osm
ir-n11401068935,ir-n11401074575,near,osm
ir-n11401068935,ir-n12313757957,near,osm
ir-n11401068935,ir-n11409189078,near,osm
ir-n11401074575,ir-n12313757957,near,osm
ir-n11401074575,ir-n11409189078,near,osm
ir-n11407939815,ir-n11401049177,near,osm
ir-n11407939815,ir-n11401024095,near,osm
ir-n11407967681,ir-n11409181717,near,osm
ir-n11407967681,ir-n11409197451,near,osm
ir-n11407967681,ir-n11409212865,near,osm
ir-n11409181717,ir-n11409197451,near,osm
ir-n11409181717,ir-n11409212865,near,osm
ir-n11409189077,ir-n11409213370,near,osm
ir-n11409189077,ir-n11409201012,near,osm
ir-n11409189077,ir-n11409198832,near,osm
ir-n11409189078,ir-n11401068927,near,osm
ir-n11409197451,ir-n11393809494,near,osm
ir-n11409198832,ir-n11409213370,near,osm
ir-n11409198832,ir-n11409201012,near,osm
ir-n11409212865,ir-n11409197451,near,osm
ir-n11409213370,ir-n11409201012,near,osm
ir-n9128135437,ir-hashemi-2,near,osm
ir-n9150250149,ir-n9213273390,near,osm
ir-n9150263820,ir-n9244556996,near,osm
ir-n9163782435,ir-n9374828674,near,osm
ir-n9163782435,ir-n9490934705,near,osm
ir-n9374828674,ir-n9490934705,near,osm
ir-n9213237271,ir-n9213273401,near,osm
ir-n9213273391,ir-n9213273392,near,osm
ir-n9213273398,ir-n9386915645,near,osm
ir-1-4,ir-2,near,osm
ir-n9229919093,ir-n9229935520,near,osm
ir-n9229935520,ir-n9229963428,near,osm
ir-n9350659892,ir-n9350659894,near,osm
ir-n9350659892,ir-n9350659893,near,osm
ir-n9350659892,ir-n9350659895,near,osm
ir-n9350659893,ir-n9350659894,near,osm
ir-n9350659893,ir-n9350659895,near,osm
ir-n9350659894,ir-n9350659895,near,osm
ir-n9350659895,ir-n9350659896,near,osm
ir-n9350659896,ir-n9350659905,near,osm
ir-n9350659896,ir-n9350659903,near,osm
ir-n9350659902,ir-n9350659903,near,osm
ir-n9350659902,ir-n9679502398,near,osm
ir-n9350659902,ir-n9350659896,near,osm
ir-n9350659903,ir-n9679502398,near,osm
ir-n9350659903,ir-n9350659904,near,osm
ir-n9350659904,ir-n9679502398,near,osm
ir-n9350659904,ir-n9350659905,near,osm
ir-n9350659905,ir-n9350659903,near,osm
ir-district-8-8,ir-n9350659893,near,osm
ir-district-8-8,ir-n9350659892,near,osm
ir-district-8-8,ir-n9350659894,near,osm
ir-n9374856183,ir-n13529227022,near,osm
ir-n9423441193,ir-n9423441194,near,osm
ir-n9423441193,ir-n9423452161,near,osm
ir-n9423441193,ir-n9423441195,near,osm
ir-n9423441194,ir-n9423452161,near,osm
ir-n9423441194,ir-n9423441195,near,osm
ir-n9423441195,ir-n9423452161,near,osm
ir-n9457806974,ir-n9772385433,near,osm
ir-n9457806974,ir-n9772442224,near,osm
ir-n9772385433,ir-n9772442224,near,osm
ir-n9537435310,ir-n9537436550,near,osm
ir-deligan,ir-n14158652980,near,osm
ir-deligan,ir-simorgh-town-of-isfahan,near,osm
ir-deligan,ir-parvaaz-town,near,osm
ir-parvaaz-town,ir-simorgh-town-of-isfahan,near,osm
ir-parvaaz-town,ir-n14158652980,near,osm
ir-simorgh-town-of-isfahan,ir-n14158652980,near,osm
ir-n9941864662,ir-n10663060945,near,osm
ir-n10111582796,ir-n10111582798,near,osm
ir-n10111582796,ir-n10111582797,near,osm
ir-n10111582797,ir-n10111582798,near,osm
ir-baharestan-12,ir-n11739028743,near,osm
ir-baharestan-12,ir-n10292766084,near,osm
ir-n10292766084,ir-n11739028743,near,osm
ir-n10234675259,ir-n10296705880,near,osm
ir-n10270901720,ir-n10270954418,near,osm
ir-n10270901720,ir-irankhodro-town,near,osm
ir-n10270901720,ir-n10271285274,near,osm
ir-n10270954418,ir-n10271285274,near,osm
ir-n10270954418,ir-n10271296560,near,osm
ir-n10270954419,ir-n10270954418,near,osm
ir-n10270954419,ir-n10271296560,near,osm
ir-n10270954419,ir-n10271285274,near,osm
ir-n10271285274,ir-n10271296560,near,osm
ir-mehr-town,ir-irankhodro-town,near,osm
ir-mehr-town,ir-farhangian-town-4,near,osm
ir-mehr-town,ir-n10270901720,near,osm
ir-farhangian-town-4,ir-irankhodro-town,near,osm
ir-farhangian-town-4,ir-n10270901720,near,osm
ir-n10291281456,ir-n10291281477,near,osm
ir-n10291281466,ir-n10291281467,near,osm
ir-n10610354948,ir-n10872871534,near,osm
ir-n10611478306,ir-n10940040649,near,osm
ir-n10654205055,ir-n10682633083,near,osm
ir-n10656966086,ir-n10656972220,near,osm
ir-n10657625552,ir-n14055925929,near,osm
ir-n10994070244,ir-n10994073990,near,osm
ir-n10763325981,ir-n11226506275,near,osm
ir-n10763325981,ir-n11226506274,near,osm
ir-n10763325981,ir-n12069518315,near,osm
ir-n11226506274,ir-n11226506275,near,osm
ir-n11226506274,ir-n12069518315,near,osm
ir-n11226506275,ir-n12069518315,near,osm
ir-n10832803986,ir-n13946082874,near,osm
ir-n10872850542,ir-sabz,near,osm
ir-shahrak-e-alghadir,ir-maskan-e-mehr-5,near,osm
ir-n11098163137,ir-n11098163138,near,osm
ir-n11098163137,ir-n11098163139,near,osm
ir-n11098163138,ir-n11098163139,near,osm
ir-n11109126342,ir-n13566399359,near,osm
ir-n11311319238,ir-n11311342424,near,osm
ir-n11361290584,ir-n11361296751,near,osm
ir-n11361290584,ir-n11361297290,near,osm
ir-n11361290584,ir-n11361296534,near,osm
ir-n11361296534,ir-n11361297290,near,osm
ir-n11361296534,ir-n11361296751,near,osm
ir-n11361296751,ir-n11361297290,near,osm
ir-baqshahr-bam-e-toos,ir-baqshahr-bam-e-toos-2,near,osm
ir-baqshahr-bam-e-toos,ir-ahrar-complex,near,osm
ir-n11493729310,ir-n11493930547,near,osm
ir-n11493729310,ir-n11568874073,near,osm
ir-n11493729310,ir-n11613592345,near,osm
ir-n11493930547,ir-n11568874073,near,osm
ir-n11493930547,ir-n11613592345,near,osm
ir-n11568874073,ir-n11613592345,near,osm
ir-n11508831906,ir-n11508831907,near,osm
ir-n11517412860,ir-n11517441172,near,osm
ir-n11517412860,ir-n11517412865,near,osm
ir-n11517412860,ir-n11517460284,near,osm
ir-n11517412861,ir-n11517412862,near,osm
ir-n11517412861,ir-n11517460283,near,osm
ir-n11517412861,ir-n11517441175,near,osm
ir-n11517412862,ir-n11517441175,near,osm
ir-n11517412862,ir-n11517412863,near,osm
ir-n11517412863,ir-n11517441174,near,osm
ir-n11517412863,ir-n11517412864,near,osm
ir-n11517412863,ir-n11517441173,near,osm
ir-n11517412864,ir-n11517441174,near,osm
ir-n11517412864,ir-n11517441173,near,osm
ir-n11517412865,ir-n11517441172,near,osm
ir-n11517412865,ir-n11517412864,near,osm
ir-n11517412866,ir-n11517441170,near,osm
ir-n11517412866,ir-n11517412867,near,osm
ir-n11517412866,ir-n11517466674,near,osm
ir-n11517412867,ir-n11517441170,near,osm
ir-n11517412867,ir-n11517466674,near,osm
ir-n11517412868,ir-n11517412867,near,osm
ir-n11517412868,ir-n11517441169,near,osm
ir-n11517412868,ir-n11517441170,near,osm
ir-n11517441169,ir-n11517466674,near,osm
ir-n11517441169,ir-n11517460283,near,osm
ir-n11517441169,ir-n11517460284,near,osm
ir-n11517441170,ir-n11517441171,near,osm
ir-n11517441171,ir-n11517412868,near,osm
ir-n11517441171,ir-n11517412867,near,osm
ir-n11517441172,ir-n11517412864,near,osm
ir-n11517441173,ir-n11517441174,near,osm
ir-n11517441173,ir-n11517507710,near,osm
ir-n11517441175,ir-n11517412863,near,osm
ir-n11517441176,ir-n11517507711,near,osm
ir-n11517441176,ir-n11517507712,near,osm
ir-n11517441176,ir-n11517507710,near,osm
ir-n11517460283,ir-n11517460284,near,osm
ir-n11517460284,ir-n11517466674,near,osm
ir-n11517507710,ir-n11517507712,near,osm
ir-n11517507711,ir-n11517507712,near,osm
ir-n11517507711,ir-n11517507710,near,osm
ir-n11786930818,ir-n11786930820,near,osm
ir-n11786930818,ir-n11786930819,near,osm
ir-n11786930818,ir-n12186162797,near,osm
ir-n11786930819,ir-n11786930821,near,osm
ir-n11786930819,ir-n12063096267,near,osm
ir-n11786930820,ir-n11786930822,near,osm
ir-n11786930820,ir-n12186162797,near,osm
ir-n11786930821,ir-n12063096267,near,osm
ir-n11786930821,ir-n11786930818,near,osm
ir-n11786930822,ir-n11786930823,near,osm
ir-n11786930822,ir-n12186162797,near,osm
ir-n11786930823,ir-n11786930824,near,osm
ir-n11786930823,ir-n12186162797,near,osm
ir-n11786930824,ir-n12186162797,near,osm
ir-n11786930824,ir-n11786930822,near,osm
ir-n12063096267,ir-n11786930820,near,osm
ir-gazmideh,ir-qal-e-ye-naranji,near,osm
ir-hafeziyeh,ir-n13946082876,near,osm
ir-golestan-14,ir-n13946032495,near,osm
ir-n12144579493,ir-n13953515285,near,osm
ir-n12144579493,ir-n13945992841,near,osm
ir-n13945992840,ir-n13945992841,near,osm
ir-n13945992840,ir-n13953515285,near,osm
ir-n13945992841,ir-n13953515285,near,osm
ir-n12158612763,ir-n12158626059,near,osm
ir-n12286200263,ir-n12286200266,near,osm
ir-n12286200263,ir-n12286200264,near,osm
ir-n12286200263,ir-n12286200273,near,osm
ir-n12286200264,ir-n12286200266,near,osm
ir-n12286200264,ir-n12286200265,near,osm
ir-n12286200265,ir-n12286200266,near,osm
ir-n12286200265,ir-n12286200263,near,osm
ir-n12286200266,ir-n12286200273,near,osm
ir-n12286200267,ir-n12286200269,near,osm
ir-n12286200267,ir-n12286200268,near,osm
ir-n12286200267,ir-n12286200270,near,osm
ir-n12286200268,ir-n12286200271,near,osm
ir-n12286200268,ir-n12286200269,near,osm
ir-n12286200268,ir-n12286200270,near,osm
ir-n12286200269,ir-n12286200270,near,osm
ir-n12286200269,ir-n12286200271,near,osm
ir-n12286200270,ir-n12286200271,near,osm
ir-n12286200271,ir-n12286200272,near,osm
ir-n12286200272,ir-n12286200273,near,osm
ir-n12286200272,ir-n12286200270,near,osm
ir-n12286200273,ir-n12286200271,near,osm
ir-n12328290475,ir-n13372167350,near,osm
ir-n12612586209,ir-n12612601258,near,osm
ir-n12612586209,ir-n12612600337,near,osm
ir-n12612600337,ir-n12612601258,near,osm
ir-n12720549019,ir-n12720549020,near,osm
ir-n12720651782,ir-n12720651783,near,osm
ir-n12720651782,ir-n12720651784,near,osm
ir-n12720651784,ir-n12720651785,near,osm
ir-industrial-town-of-neka-2,ir-industrial-town-of-neka-1,near,osm
ir-n13566484452,ir-n13907474481,near,osm
ir-n13566539643,ir-n13946032497,near,osm
ir-n13945992827,ir-n13945992828,near,osm
ir-14,ir-5-3,near,osm
ir-14,ir-13-3,near,osm
ir-14,ir-6,near,osm
ir-5-3,ir-13-3,near,osm
ir-5-3,ir-6,near,osm
ir-6,ir-12,near,osm
ir-6,ir-9,near,osm
ir-13-3,ir-12,near,osm
ir-12,ir-5-3,near,osm
ir-8,ir-9,near,osm
ir-8,ir-10,near,osm
ir-8,ir-6,near,osm
ir-9,ir-10,near,osm
ir-9,ir-11,near,osm
ir-10,ir-11,near,osm
ir-11,ir-12,near,osm
ir-n13946032498,ir-n13946050702,near,osm
ir-n13946032498,ir-n13946050701,near,osm
ir-n13946032498,ir-n13946032500,near,osm
ir-n13946032500,ir-n13946050701,near,osm
ir-n13946032500,ir-n13946050702,near,osm
ir-n13946050701,ir-n13946050702,near,osm
ir-n13946082880,ir-n13946082881,near,osm
ir-n13946082880,ir-n13946082882,near,osm
ir-n13946082881,ir-n13946082882,near,osm
