id,place_id/id,name,kind,source
alias_r15687579_0,place_r15687579,شهر جزینک,spelling,osm
alias_r8682892_1,place_r8682892,شهر کهنه,spelling,osm
alias_r8902362_2,place_r8902362,شهر صمصامی,spelling,osm
alias_r17583223_3,place_r17583223,شهر تخت سلیمان,spelling,osm
alias_r16606997_4,place_r16606997,شهر آباد,spelling,osm
alias_r8904907_5,place_r8904907,شهر سرخون,spelling,osm
alias_r17526274_6,place_r17526274,شهر منتظران,spelling,osm
alias_r8952867_7,place_r8952867,شهر کاج,spelling,osm
alias_r17583973_8,place_r17583973,شهر سیمینه,spelling,osm
alias_r13063182_9,place_r13063182,شهر رازقان,spelling,osm
alias_r8948467_10,place_r8948467,شهر مال خلیفه,spelling,osm
alias_r20805672_11,place_r20805672,شهر رویان,spelling,osm
alias_r13886413_12,place_r13886413,شهر آوه,spelling,osm
alias_r12449199_13,place_r12449199,شهر ساروق,spelling,osm
alias_r14171896_14,place_r14171896,شهر بوستان,spelling,osm
alias_r13076838_15,place_r13076838,شهر توره,spelling,osm
alias_r14151494_16,place_r14151494,شهر ونک,spelling,osm
alias_r13089103_17,place_r13089103,شهر هندودر,spelling,osm
alias_r16759565_18,place_r16759565,شهر مزرج,spelling,osm
alias_r14155296_19,place_r14155296,شهر مادر سلیمان,spelling,osm
alias_r12978182_20,place_r12978182,شهر خاکعلی,spelling,osm
alias_r6892906_21,place_r6892906,شهر چلگرد,spelling,osm
alias_r13447627_22,place_r13447627,شهر شهیون,spelling,osm
alias_r16700061_23,place_r16700061,شهر کشاورز,spelling,osm
alias_r8973355_24,place_r8973355,شهر سودجان,spelling,osm
alias_r17582588_25,place_r17582588,شهر بکتاش,spelling,osm
alias_r21310279_26,place_r21310279,شهر ارداق,spelling,osm
alias_r13099367_27,place_r13099367,شهر قورچی باشی,spelling,osm
alias_r8953461_28,place_r8953461,شهر چلیچه,spelling,osm
alias_r16767207_29,place_r16767207,شهر خواجو شهر,spelling,osm
alias_r17574175_30,place_r17574175,شهر چوکام,spelling,osm
alias_r14214421_31,place_r14214421,شهر مینوشهر,spelling,osm
alias_r13813610_32,place_r13813610,شهر پالیز,spelling,osm
alias_r11144069_33,place_r11144069,شهر قدمگاه,spelling,osm
alias_r14150085_34,place_r14150085,شهر فرگ قلعه,spelling,osm
alias_r11147753_35,place_r11147753,شهر اصلاندوز,spelling,osm
alias_r12450422_36,place_r12450422,شهر خنجین,spelling,osm
alias_r8973977_37,place_r8973977,شهر گوجان,spelling,osm
alias_r11138790_38,place_r11138790,شهر رونیز,spelling,osm
alias_r12449441_39,place_r12449441,شهر کارچان,spelling,osm
alias_r8973396_40,place_r8973396,شهر سردشت لردگان,spelling,osm
alias_r6816109_41,place_r6816109,شهر طاقانک,spelling,osm
alias_r20782167_42,place_r20782167,شهر چم گلک,spelling,osm
alias_r15681793_43,place_r15681793,منطقه ۴ شهرداری ساری,spelling,osm
alias_r7012873_44,place_r7012873,شهر وردنجان,spelling,osm
alias_r17008211_45,place_r17008211,شهر حر ریاحی,spelling,osm
alias_r12466616_46,place_r12466616,شهر جاورسیان,spelling,osm
alias_r14153714_47,place_r14153714,شهر رحمت آباد,spelling,osm
alias_r8973327_48,place_r8973327,شهر دستنا,spelling,osm
alias_r17794229_49,place_r17794229,شهر نرجه,spelling,osm
alias_r6825510_50,place_r6825510,شهر سفید دشت,spelling,osm
alias_r11138742_51,place_r11138742,شهر ایج,spelling,osm
alias_r16736055_52,place_r16736055,شهر نوربهار,spelling,osm
alias_r16612734_53,place_r16612734,شهر دیزیچه,spelling,osm
alias_r14151495_54,place_r14151495,شهر حنا,spelling,osm
alias_r8904610_55,place_r8904610,شهر بازفت,spelling,osm
alias_r8948084_56,place_r8948084,شهر دشتک,spelling,osm
alias_r17245188_57,place_r17245188,شهر امیریه,spelling,osm
alias_w1092588105_58,place_w1092588105,شهر امام,spelling,osm
alias_r8973335_59,place_r8973335,شهر آلونی,spelling,osm
alias_r12452927_60,place_r12452927,شهر تلخاب,spelling,osm
alias_r12444284_61,place_r12444284,شهر اشترینان,spelling,osm
alias_r9520833_62,place_r9520833,شهر فیروزه,spelling,osm
alias_r18535359_63,place_r18535359,شهر کشکسرای,spelling,osm
alias_r16703115_64,place_r16703115,شهر شنبه,spelling,osm
alias_r6827274_65,place_r6827274,شهر نافچ,spelling,osm
alias_r16736057_66,place_r16736057,شهر زرین رود,spelling,osm
alias_r9594081_67,place_r9594081,شهر کلات,spelling,osm
alias_r7168143_68,place_r7168143,شهر پردنجان,spelling,osm
alias_r16739155_69,place_r16739155,شهر قشلاق,spelling,osm
alias_r9845595_70,place_r9845595,شهر گلزار,spelling,osm
alias_r8973985_71,place_r8973985,شهر گندمان,spelling,osm
alias_r7173405_72,place_r7173405,شهر باباحیدر,spelling,osm
alias_r9569599_73,place_r9569599,شهر رضویه,spelling,osm
alias_r16736053_74,place_r16736053,شهر کرسف,spelling,osm
alias_r6793841_75,place_r6793841,شهر کیان,spelling,osm
alias_r8973407_76,place_r8973407,شهر ناغان,spelling,osm
alias_r13064319_77,place_r13064319,شهر خشکرود,spelling,osm
alias_r11532829_78,place_r11532829,شهر محمودآباد,spelling,osm
alias_r16736058_79,place_r16736058,شهر گرماب,spelling,osm
alias_r16736056_80,place_r16736056,شهر سجاس,spelling,osm
alias_r16736054_81,place_r16736054,شهر سهرورد,spelling,osm
alias_r11147311_82,place_r11147311,شهر بمپور,spelling,osm
alias_r8799470_83,place_r8799470,شهر جلین,spelling,osm
alias_r16807416_84,place_r16807416,شهر سامن,spelling,osm
alias_r17020000_85,place_r17020000,شهر یامچی,spelling,osm
alias_r9715390_86,place_r9715390,شهر خلیل آباد,spelling,osm
alias_r16699887_87,place_r16699887,شهر نخل تقی,spelling,osm
alias_r17206185_88,place_r17206185,شهر نشتیفان,spelling,osm
alias_r16731551_89,place_r16731551,شهر نراق,spelling,osm
alias_r13074911_90,place_r13074911,شهر زاویه,spelling,osm
alias_r16730388_91,place_r16730388,شهر نمین,spelling,osm
alias_r13074792_92,place_r13074792,شهر پرندک,spelling,osm
alias_w898069884_93,place_w898069884,شهر باخرز,spelling,osm
alias_r16718684_94,place_r16718684,شهر صائین قلعه,spelling,osm
alias_r16701327_95,place_r16701327,شهر شیرینو,spelling,osm
alias_r6876974_96,place_r6876974,شهر جونقان,spelling,osm
alias_r13071886_97,place_r13071886,شهر نوبران,spelling,osm
alias_r6800807_98,place_r6800807,شهر سامان,spelling,osm
alias_r11355645_99,place_r11355645,شهر خنداب,spelling,osm
alias_r7786098_100,place_r7786098,شهر سورشجان,spelling,osm
alias_r17749619_101,place_r17749619,شهر بهنمیر,spelling,osm
alias_r8975678_102,place_r8975678,شهر نقنه,spelling,osm
alias_r16739156_103,place_r16739156,شهر زیاران,spelling,osm
alias_r6846378_104,place_r6846378,شهر منظریه,spelling,osm
alias_r16718683_105,place_r16718683,شهر هیدج,spelling,osm
alias_r8729080_106,place_r8729080,شهر گرمدره,spelling,osm
alias_r19099239_107,place_r19099239,شهر فیرورق,spelling,osm
alias_w898067117_108,place_w898067117,شهر دولت آباد,spelling,osm
alias_r16783015_109,place_r16783015,شهر گلدشت,spelling,osm
alias_r9165973_110,place_r9165973,شهر مراوه تپه,spelling,osm
alias_r11139561_111,place_r11139561,شهر مهر,spelling,osm
alias_r13071642_112,place_r13071642,شهر غرق آباد,spelling,osm
alias_r11166650_113,place_r11166650,شهر آباده طشک,spelling,osm
alias_r18306873_114,place_r18306873,شهر آشار,spelling,osm
alias_r11012480_115,place_r11012480,شهر طرقبه,spelling,osm
alias_r8682772_116,place_r8682772,شهر شریف آباد,spelling,osm
alias_r17575861_117,place_r17575861,شهر رودبنه,spelling,osm
alias_r8975693_118,place_r8975693,شهر فرادنبه,spelling,osm
alias_r16740133_119,place_r16740133,شهر چهاربرج,spelling,osm
alias_r16699892_120,place_r16699892,شهر عسلویه,spelling,osm
alias_r8975701_121,place_r8975701,شهر بلداجی,spelling,osm
alias_r9265624_122,place_r9265624,شهر بادرود,spelling,osm
alias_r16739795_123,place_r16739795,شهر باروق,spelling,osm
alias_r17644238_124,place_r17644238,شهر بنارویه,spelling,osm
alias_r13081894_125,place_r13081894,شهر جدید امیرکبیر,spelling,osm
alias_r14409498_126,place_r14409498,شهر زاینده رود,spelling,osm
alias_r16191766_127,place_r16191766,شهر درجزین,spelling,osm
alias_r9209813_128,place_r9209813,شهر نیاسر,spelling,osm
alias_r16699894_129,place_r16699894,شهر بیدخون,spelling,osm
alias_r12449335_130,place_r12449335,شهر داودآباد,spelling,osm
alias_r13044888_131,place_r13044888,شهر کمیجان,spelling,osm
alias_r9165974_132,place_r9165974,شهر کلاله,spelling,osm
alias_r8814446_133,place_r8814446,شهر محی آباد,spelling,osm
alias_r6892339_134,place_r6892339,شهر هفشجان,spelling,osm
alias_r16702992_135,place_r16702992,شهر کاکی,spelling,osm
alias_r12452412_136,place_r12452412,شهر فرمهین,spelling,osm
alias_r13694150_137,place_r13694150,شهر مأمونیه,spelling,osm
alias_r13887335_138,place_r13887335,شهر تفرش,spelling,osm
alias_r9080266_139,place_r9080266,شهر هرمز,spelling,osm
alias_r8770276_140,place_r8770276,شهر ریگان,spelling,osm
alias_r6800972_141,place_r6800972,شهر بن,spelling,osm
alias_r8842569_142,place_r8842569,شهر علی آباد کتول,spelling,osm
alias_r17581038_143,place_r17581038,شهر لالی,spelling,osm
alias_r16702902_144,place_r16702902,شهر بندر ریگ,spelling,osm
alias_r11339797_145,place_r11339797,شهر شهباز,spelling,osm
alias_r14160364_146,place_r14160364,شهر بفروییه,spelling,osm
alias_r16711477_147,place_r16711477,شهر مهرگان,spelling,osm
alias_w283650300_148,place_w283650300,شهر شوش,spelling,osm
alias_r15921821_149,place_r15921821,شهر خمام,spelling,osm
alias_r16705161_150,place_r16705161,شهر بندر امام حسن,spelling,osm
alias_r8900303_151,place_r8900303,شهر دلیجان,spelling,osm
alias_r16711478_152,place_r16711478,شهر محمدیه,spelling,osm
alias_r11141839_153,place_r11141839,شهر فراشبند,spelling,osm
alias_r18797272_154,place_r18797272,شهر نورآباد,spelling,osm
alias_r6800953_155,place_r6800953,شهر لردگان,spelling,osm
alias_r13063010_156,place_r13063010,شهر آشتیان,spelling,osm
alias_r11342466_157,place_r11342466,شهر شازند,spelling,osm
alias_r8799457_158,place_r8799457,شهر کردکوی,spelling,osm
alias_r12291270_159,place_r12291270,شهر رابر,spelling,osm
alias_r11142434_160,place_r11142434,شهر ارسنجان,spelling,osm
alias_r16365677_161,place_r16365677,شهر آب پخش,spelling,osm
alias_r16701379_162,place_r16701379,شهر بندر سیراف,spelling,osm
alias_r9172958_163,place_r9172958,شهر عالی شهر,spelling,osm
alias_r10460945_164,place_r10460945,شهر فاروج,spelling,osm
alias_r17352312_165,place_r17352312,شهر تکاب,spelling,osm
alias_r19194802_166,place_r19194802,شهر قره ضیاءالدین,spelling,osm
alias_r14075799_167,place_r14075799,شهر راوند,spelling,osm
alias_r15687578_168,place_r15687578,شهر زهک,spelling,osm
alias_r14553046_169,place_r14553046,شهر شهمیرزاد,spelling,osm
alias_r16736051_170,place_r16736051,شهر قیدار,spelling,osm
alias_r9080268_171,place_r9080268,شهر سوزا,spelling,osm
alias_r6762800_172,place_r6762800,شهر آستانه اشرفیه,spelling,osm
alias_r10386604_173,place_r10386604,شهر استهبان,spelling,osm
alias_r16191767_174,place_r16191767,شهر مهدی‌شهر,spelling,osm
alias_r11141894_175,place_r11141894,شهر حاجی آباد,spelling,osm
alias_r8778939_176,place_r8778939,شهر گمیش تپه,spelling,osm
alias_r8814418_177,place_r8814418,شهر اندوهجرد,spelling,osm
alias_w898069883_178,place_w898069883,شهر فریمان,spelling,osm
alias_r6729501_179,place_r6729501,منطقه ۱۰ شهر تهران,spelling,osm
alias_r9389113_180,place_r9389113,شهر محمودآباد,spelling,osm
alias_r16736630_181,place_r16736630,شهر اشتهارد,spelling,osm
alias_r6729502_182,place_r6729502,منطقه ۱۷ شهر تهران,spelling,osm
alias_r16705162_183,place_r16705162,شهر بندر دیلم,spelling,osm
alias_r9715389_184,place_r9715389,شهر بردسکن,spelling,osm
alias_r16739154_185,place_r16739154,شهر آبیک,spelling,osm
alias_r17352104_186,place_r17352104,شهر رودسر,spelling,osm
alias_r8770259_187,place_r8770259,شهر فهرج,spelling,osm
alias_r12980719_188,place_r12980719,شهر نسیم شهر,spelling,osm
alias_r8886560_189,place_r8886560,شهر خورسند,spelling,osm
alias_r14126411_190,place_r14126411,شهر احمدآباد مستوفی,spelling,osm
alias_r9080270_191,place_r9080270,شهر درگهان,spelling,osm
alias_r17341184_192,place_r17341184,شهر اسدآباد,spelling,osm
alias_r17341123_193,place_r17341123,شهر قائن,spelling,osm
alias_r16733300_194,place_r16733300,شهر خرمدره,spelling,osm
alias_r16703148_195,place_r16703148,شهر بنک,spelling,osm
alias_r16702961_196,place_r16702961,شهر خورموج,spelling,osm
alias_r17351911_197,place_r17351911,شهر دورود,spelling,osm
alias_r16291013_198,place_r16291013,شهر قصر شیرین,spelling,osm
alias_r11285213_199,place_r11285213,شهر کنگاور,spelling,osm
alias_r8770252_200,place_r8770252,شهر رستم آباد,spelling,osm
alias_w1165365120_201,place_w1165365120,منطقه 1 شهرداری اردبیل,spelling,osm
alias_r13084236_202,place_r13084236,شهر مهاجران,spelling,osm
alias_r12241866_203,place_r12241866,شهر اسلام آباد غرب,spelling,osm
alias_w1165381320_204,place_w1165381320,منطقه 5 شهرداری اردبیل,spelling,osm
alias_r8693558_205,place_r8693558,شهر محمد شهر,spelling,osm
alias_r11143005_206,place_r11143005,شهر زرقان,spelling,osm
alias_r8814496_207,place_r8814496,شهر باغین,spelling,osm
alias_r8162762_208,place_r8162762,شهر بروجن,spelling,osm
alias_r8814438_209,place_r8814438,شهر جوپار,spelling,osm
alias_r15100601_210,place_r15100601,شهر مجلسی,spelling,osm
alias_r11803826_211,place_r11803826,شهر گناباد,spelling,osm
alias_r11532828_212,place_r11532828,شهر شاهین دژ,spelling,osm
alias_r15681852_213,place_r15681852,منطقه ۱ شهرداری ساری,spelling,osm
alias_r6729111_214,place_r6729111,منطقه ۱۱ شهر تهران,spelling,osm
alias_r17353421_215,place_r17353421,شهر ایذه,spelling,osm
alias_r12290848_216,place_r12290848,شهر نقده,spelling,osm
alias_r16699193_217,place_r16699193,شهر پارسیان,spelling,osm
alias_r6758470_218,place_r6758470,شهر لنگرود,spelling,osm
alias_r16464038_219,place_r16464038,شهر پارس آباد,spelling,osm
alias_r15681809_220,place_r15681809,منطقه ۲ شهرداری ساری,spelling,osm
alias_r8814068_221,place_r8814068,شهر اردستان,spelling,osm
alias_r9388169_222,place_r9388169,شهر اسکو,spelling,osm
alias_r16701590_223,place_r16701590,شهر جم,spelling,osm
alias_r6729035_224,place_r6729035,منطقه ۸ شهر تهران,spelling,osm
alias_r12130359_225,place_r12130359,شهر شبانکاره,spelling,osm
alias_r8816489_226,place_r8816489,شهر چترود,spelling,osm
alias_r8768515_227,place_r8768515,شهر آق قلا,spelling,osm
alias_r13201074_228,place_r13201074,شهر نهاوند,spelling,osm
alias_r15955463_229,place_r15955463,شهر فردوس,spelling,osm
alias_r9569113_230,place_r9569113,شهر قروه,spelling,osm
alias_r15436558_231,place_r15436558,شهر تاکستان,spelling,osm
alias_r17341501_232,place_r17341501,شهر‌ طبس,spelling,osm
alias_r11012479_233,place_r11012479,شهر شاندیز,spelling,osm
alias_r10460873_234,place_r10460873,شهر جاجرم,spelling,osm
alias_r12967093_235,place_r12967093,شهر کمالشهر,spelling,osm
alias_r9647903_236,place_r9647903,شهر شیروان,spelling,osm
alias_r6747153_237,place_r6747153,شهر لاهیجان,spelling,osm
alias_r11141838_238,place_r11141838,شهر فیروزآباد,spelling,osm
alias_r17341118_239,place_r17341118,شهر الیگودرز,spelling,osm
alias_r13045006_240,place_r13045006,شهر میلاجرد,spelling,osm
alias_r6729036_241,place_r6729036,منطقه ۷ شهر تهران,spelling,osm
alias_w825276476_242,place_w825276476,شهر لواسان,spelling,osm
alias_r8816488_243,place_r8816488,شهر کاظم آباد,spelling,osm
alias_r6729112_244,place_r6729112,منطقه ۱۲ شهر تهران,spelling,osm
alias_r8683170_245,place_r8683170,شهر الوند,spelling,osm
alias_r6729110_246,place_r6729110,منطقه ۱۶ شهر تهران,spelling,osm
alias_r11174419_247,place_r11174419,شهر گراش,spelling,osm
alias_r11173384_248,place_r11173384,شهر نورآباد,spelling,osm
alias_r9080271_249,place_r9080271,شهر قشم,spelling,osm
alias_r9647902_250,place_r9647902,شهر اسفراین,spelling,osm
alias_r6767955_251,place_r6767955,شهر گلپایگان,spelling,osm
alias_r13103318_252,place_r13103318,شهر سراوان,spelling,osm
alias_r8808870_253,place_r8808870,شهر بافت,spelling,osm
alias_r9387492_254,place_r9387492,شهر مرودشت,spelling,osm
alias_r9593889_255,place_r9593889,شهر رودان,spelling,osm
alias_r14055051_256,place_r14055051,شهر پیشوا,spelling,osm
alias_r9628076_257,place_r9628076,شهر بهشهر,spelling,osm
alias_r13016310_258,place_r13016310,شهر بانه,spelling,osm
alias_r8814511_259,place_r8814511,شهر زنگی آباد,spelling,osm
alias_r14354451_260,place_r14354451,شهر خاش,spelling,osm
alias_r12218529_261,place_r12218529,شهر تربت جام,spelling,osm
alias_w898064876_262,place_w898064876,شهر تربت جام,spelling,osm
alias_r16703147_263,place_r16703147,شهر بندر کنگان,spelling,osm
alias_r11226553_264,place_r11226553,شهر سقز,spelling,osm
alias_r11012474_265,place_r11012474,شهر قوچان,spelling,osm
alias_r16463801_266,place_r16463801,شهر ایرانشهر,spelling,osm
alias_r6729034_267,place_r6729034,منطقه ۱۳ شهر تهران,spelling,osm
alias_r16720415_268,place_r16720415,شهر ابهر,spelling,osm
alias_r11141893_269,place_r11141893,شهر داراب,spelling,osm
alias_r12967215_270,place_r12967215,منطقه ۲ شهرداری فردیس,spelling,osm
alias_r16464041_271,place_r16464041,شهر شوشتر,spelling,osm
alias_r11141892_272,place_r11141892,شهر نی‌ریز,spelling,osm
alias_r6729508_273,place_r6729508,منطقه ۹ شهر تهران,spelling,osm
alias_r14121460_274,place_r14121460,شهر آران و بیدگل,spelling,osm
alias_r12950613_275,place_r12950613,شهر مشگین شهر,spelling,osm
alias_r12002059_276,place_r12002059,شهر ملایر,spelling,osm
alias_r8816408_277,place_r8816408,شهر گلباف,spelling,osm
alias_r17341143_278,place_r17341143,شهر دامغان,spelling,osm
alias_r6740503_279,place_r6740503,شهر کازرون,spelling,osm
alias_r6729109_280,place_r6729109,منطقه ۱۹ شهر تهران,spelling,osm
alias_r16464282_281,place_r16464282,شهر میانه,spelling,osm
alias_r10385293_282,place_r10385293,شهر بافق,spelling,osm
alias_r10460005_283,place_r10460005,شهر سهند,spelling,osm
alias_r6729037_284,place_r6729037,منطقه ۶ شهر تهران,spelling,osm
alias_r8836223_285,place_r8836223,شهر بوکان,spelling,osm
alias_r8065530_286,place_r8065530,شهر کاشمر,spelling,osm
alias_r9283487_287,place_r9283487,شهر برازجان,spelling,osm
alias_r17351822_288,place_r17351822,شهر مرند,spelling,osm
alias_r14045064_289,place_r14045064,شهر قرچک,spelling,osm
alias_r6815739_290,place_r6815739,شهر تربت حیدریه,spelling,osm
alias_r11139559_291,place_r11139559,شهر لار,spelling,osm
alias_r8197616_292,place_r8197616,شهر بجنورد,spelling,osm
alias_r8775293_293,place_r8775293,شهر ری,spelling,osm
alias_r9959271_294,place_r9959271,شهر محلات,spelling,osm
alias_r6729033_295,place_r6729033,منطقه ۱۴ شهر تهران,spelling,osm
alias_r12967214_296,place_r12967214,منطقه ۱ شهرداری فردیس,spelling,osm
alias_r14040771_297,place_r14040771,شهر پاکدشت,spelling,osm
alias_r9958566_298,place_r9958566,شهر خمین,spelling,osm
alias_r10783118_299,place_r10783118,شهر مریوان,spelling,osm
alias_r16463790_300,place_r16463790,شهر زابل,spelling,osm
alias_r16463989_301,place_r16463989,شهر خوی,spelling,osm
alias_r9561737_302,place_r9561737,شهر رباط کریم,spelling,osm
alias_r8741480_303,place_r8741480,شهر قدس,spelling,osm
alias_r8199877_304,place_r8199877,شهر ایلام,spelling,osm
alias_r8768507_305,place_r8768507,شهر گنبد کاووس,spelling,osm
alias_r9080403_306,place_r9080403,شهر بوموسی,spelling,osm
alias_r6729032_307,place_r6729032,منطقه ۱۵ شهر تهران,spelling,osm
alias_r16464461_308,place_r16464461,شهر مسجدسلیمان,spelling,osm
alias_r14051776_309,place_r14051776,شهر ورامین,spelling,osm
alias_r6827344_310,place_r6827344,شهر مهاباد,spelling,osm
alias_r6728897_311,place_r6728897,منطقه ۳ شهر تهران,spelling,osm
alias_r11285221_312,place_r11285221,شهر مبارکه,spelling,osm
alias_r16704593_313,place_r16704593,شهر بندر گناوه,spelling,osm
alias_r8814508_314,place_r8814508,شهر اختیارآباد,spelling,osm
alias_r9167537_315,place_r9167537,شهر آمل,spelling,osm
alias_r8212055_316,place_r8212055,شهر بابل,spelling,osm
alias_r11506311_317,place_r11506311,شهر شاهرود,spelling,osm
alias_r9068031_318,place_r9068031,شهر چابهار,spelling,osm
alias_r17099126_319,place_r17099126,شهر میاندوآب,spelling,osm
alias_r17341189_320,place_r17341189,شهر بندر ماهشهر,spelling,osm
alias_r6662674_321,place_r6662674,شهر ساری,spelling,osm
alias_r15574182_322,place_r15574182,شهر مراغه,spelling,osm
alias_r6809206_323,place_r6809206,شهر گرگان,spelling,osm
alias_r6729503_324,place_r6729503,منطقه ۱۸ شهر تهران,spelling,osm
alias_r8199755_325,place_r8199755,شهر بیرجند,spelling,osm
alias_r9518162_326,place_r9518162,شهر نیشابور,spelling,osm
alias_r8974050_327,place_r8974050,شهر بندر انزلی,spelling,osm
alias_r9476668_328,place_r9476668,شهر سبزوار,spelling,osm
alias_r6639261_329,place_r6639261,شهر زرین شهر,spelling,osm
alias_r8886561_330,place_r8886561,شهر بابک,spelling,osm
alias_r8721603_331,place_r8721603,شهر ارگ جدید بم,spelling,osm
alias_r11092784_332,place_r11092784,شهر آباده,spelling,osm
alias_r6557917_333,place_r6557917,شهر فردیس,spelling,osm
alias_r8197425_334,place_r8197425,شهر سنندج,spelling,osm
alias_r8788099_335,place_r8788099,شهر جیرفت,spelling,osm
alias_r8199817_336,place_r8199817,شهر سمنان,spelling,osm
alias_r8814437_337,place_r8814437,شهر ماهان,spelling,osm
alias_r6728896_338,place_r6728896,منطقه ۲ شهر تهران,spelling,osm
alias_r17353299_339,place_r17353299,شهر خرمشهر,spelling,osm
alias_r8900220_340,place_r8900220,شهر کاشان,spelling,osm
alias_r6729505_341,place_r6729505,منطقه ۲۱ شهر تهران,spelling,osm
alias_r6729507_342,place_r6729507,منطقه ۵ شهر تهران,spelling,osm
alias_r14145156_343,place_r14145156,شهر شهرضا,spelling,osm
alias_r8721485_344,place_r8721485,شهر بروات,spelling,osm
alias_r6729506_345,place_r6729506,منطقه ۲۲ شهر تهران,spelling,osm
alias_r8253049_346,place_r8253049,شهر قائمشهر,spelling,osm
alias_r8808867_347,place_r8808867,شهر زرند,spelling,osm
alias_r11621032_348,place_r11621032,شهر صدرا,spelling,osm
alias_r6728863_349,place_r6728863,منطقه ۴ شهر تهران,spelling,osm
alias_r6578662_350,place_r6578662,شهر اراک,spelling,osm
alias_r9125908_351,place_r9125908,شهر دزفول,spelling,osm
alias_r6792037_352,place_r6792037,شهر قزوین,spelling,osm
alias_r8719539_353,place_r8719539,شهر بم,spelling,osm
alias_r8919905_354,place_r8919905,شهر بوشهر,spelling,osm
alias_r8186678_355,place_r8186678,شهر ارومیه,spelling,osm
alias_r8188090_356,place_r8188090,شهر همدان,spelling,osm
alias_r6566540_357,place_r6566540,شهر رشت,spelling,osm
alias_r7072823_358,place_r7072823,شهر بندرعباس,spelling,osm
alias_r7068962_359,place_r7068962,شهر زاهدان,spelling,osm
alias_r8808822_360,place_r8808822,شهر سیرجان,spelling,osm
alias_r8808854_361,place_r8808854,شهر رفسنجان,spelling,osm
alias_r6564175_362,place_r6564175,شهر تبریز,spelling,osm
alias_r8066775_363,place_r8066775,شهر قم,spelling,osm
alias_r6726007_364,place_r6726007,شهر کرمان,spelling,osm
alias_r8188592_365,place_r8188592,شهر یزد,spelling,osm
alias_r6566414_366,place_r6566414,شهر اهواز,spelling,osm
alias_r5725142_367,place_r5725142,شهر مشهد,spelling,osm
alias_r6663864_368,place_r6663864,شهر تهران,spelling,osm
alias_n1500164904_369,place_n1500164904,شهر صدرا,spelling,osm
alias_n2269479538_370,place_n2269479538,شهر دراز,spelling,osm
alias_n2505386493_371,place_n2505386493,شهر پیر,spelling,osm
alias_n2518618771_372,place_n2518618771,شهر خرو,spelling,osm
alias_n3461337203_373,place_n3461337203,شهر سمام,spelling,osm
alias_n3731414498_374,place_n3731414498,شهر آباد خاور,spelling,osm
alias_n3731414656_375,place_n3731414656,شهر آباد کرد,spelling,osm
alias_n4418017203_376,place_n4418017203,شهر سوخته,spelling,osm
alias_n4422680528_377,place_n4422680528,شهر بن,spelling,osm
alias_n4425564890_378,place_n4425564890,شهر زهرا,spelling,osm
alias_n4466488951_379,place_n4466488951,شهر خاص,spelling,osm
alias_n4493293286_380,place_n4493293286,شهر جدید چناره,spelling,osm
alias_n5249382503_381,place_n5249382503,شهر جدید ایوانکی,spelling,osm
alias_n6013583593_382,place_n6013583593,شهر صنعتی کاوه,spelling,osm
alias_n6083148787_383,place_n6083148787,شهر جدید علوی,spelling,osm
alias_n6669625566_384,place_n6669625566,شهر رامین,spelling,osm
alias_n7190391834_385,place_n7190391834,شهر سمام,spelling,osm
alias_n8146387735_386,place_n8146387735,شهر جدید تیس,spelling,osm
alias_n10779213148_387,place_n10779213148,شهر جدید شهریار,spelling,osm
alias_n11659376800_388,place_n11659376800,شهر جدید پرنیان,spelling,osm
alias_n12451881015_389,place_n12451881015,شهر جدید البرز,spelling,osm
alias_n12875161746_390,place_n12875161746,شهر اللهی,spelling,osm
alias_r8672788_391,place_r8672788,نمه لر,colloquial,osm
alias_r10033178_392,place_r10033178,گلدشت سفلی,colloquial,osm
alias_r11094066_393,place_r11094066,صادقآباد,spelling,osm
alias_r8684007_394,place_r8684007,کوی ویلا; Kuye Vila,colloquial,osm
alias_r16789836_396,place_r16789836,خین عرب,old,osm
alias_r16336693_397,place_r16336693,کوهمیتک,spelling,osm
alias_r10033175_398,place_r10033175,گلدشت علیا,colloquial,osm
alias_r11789919_399,place_r11789919,فاطمیه; معلم,colloquial,osm
alias_r10055239_400,place_r10055239,۱۳۸,colloquial,osm
alias_r11789894_401,place_r11789894,خیابان لعلی,colloquial,osm
alias_r11789889_402,place_r11789889,خیابان شهدا (کشتارگاه); داوران,colloquial,osm
alias_r16999940_403,place_r16999940,کوی کارمندان,old,osm
alias_r16399418_404,place_r16399418,شهرک امیرکبیر,colloquial,osm
alias_r10054173_405,place_r10054173,۱۰۱,colloquial,osm
alias_r10055133_406,place_r10055133,۱۳۹,colloquial,osm
alias_r11789890_407,place_r11789890,خیابان شهدا (کشتارگاه),colloquial,osm
alias_r10054590_408,place_r10054590,۰۷۷,colloquial,osm
alias_r11789879_409,place_r11789879,خیابان آیت ا... غفاری; شن کش,colloquial,osm
alias_r11789927_410,place_r11789927,الهیه; مشاور,colloquial,osm
alias_r11789888_411,place_r11789888,خیابان مشهد; میدان علی ابن ابی طالب,colloquial,osm
alias_r10054506_412,place_r10054506,۰۷۳,colloquial,osm
alias_r10054163_413,place_r10054163,۰۸۲,colloquial,osm
alias_r11789880_414,place_r11789880,خیابان ادبجو; آیت ... غفاری; قائم مقام,colloquial,osm
alias_r10055103_415,place_r10055103,۱۲۲,colloquial,osm
alias_r10055109_416,place_r10055109,۱۲۰,colloquial,osm
alias_r13968109_417,place_r13968109,طیس کوپان,colloquial,osm
alias_r10054088_418,place_r10054088,۰۴۱,colloquial,osm
alias_r10053673_419,place_r10053673,۰۳۴,colloquial,osm
alias_r8682022_420,place_r8682022,شهرک اسمان,colloquial,osm
alias_r11789906_421,place_r11789906,شهرک علی ابن ابی طالب(ع) (فوتبال); فتح شیاکوه,colloquial,osm
alias_r17526361_422,place_r17526361,الوسجرد,colloquial,osm
alias_r17526361_423,place_r17526361,الوسگرد,colloquial,osm
alias_r11789893_424,place_r11789893,خیابان مشهد; خیابان جلال آل احمد (رنگرزها),colloquial,osm
alias_r11789884_425,place_r11789884,شهرک امیرکبیر; جانبازان; میدان مقاومت,colloquial,osm
alias_r10054596_426,place_r10054596,۰۷۸,colloquial,osm
alias_r9068586_427,place_r9068586,پایانه مسافربری امام رضا,colloquial,osm
alias_r11789915_428,place_r11789915,خیابان شهید شیرودی;کوچه کندی;خیابان جهان پناه,colloquial,osm
alias_r8855370_429,place_r8855370,Dorud Garan; درودگران,colloquial,osm
alias_r11789882_430,place_r11789882,خانه سازی قنات; خیابان انوری,colloquial,osm
alias_r10054817_431,place_r10054817,۰۰۳,colloquial,osm
alias_r11789897_432,place_r11789897,داوران; ۱۲ متری سعادت,colloquial,osm
alias_r10055138_433,place_r10055138,۱۴۸,colloquial,osm
alias_r11789910_434,place_r11789910,کوی رضوی (گردو),colloquial,osm
alias_r11789914_435,place_r11789914,فاز ۱;مسکن (کوی علوی),colloquial,osm
alias_r11789892_436,place_r11789892,خیابان ابوذر; بیمارستان قدس,colloquial,osm
alias_r11789881_437,place_r11789881,میدان البرز; پارک شهر; خیابان آیت الله غفاری,colloquial,osm
alias_r8678527_438,place_r8678527,سلطان منش,spelling,osm
alias_r10053717_439,place_r10053717,۰۰۷,colloquial,osm
alias_r10054727_440,place_r10054727,۰۴۹,colloquial,osm
alias_r10054791_441,place_r10054791,۰۴۵,colloquial,osm
alias_w1214477975_442,place_w1214477975,گاومیش آباد,colloquial,osm
alias_r10055361_444,place_r10055361,۰۶۲,colloquial,osm
alias_r11789908_445,place_r11789908,پارک امیر کبیر;سبحانی,colloquial,osm
alias_r10054826_446,place_r10054826,۰۰۵,colloquial,osm
alias_r10055185_447,place_r10055185,۰۹۲,colloquial,osm
alias_r11789928_448,place_r11789928,امین; الهیه,colloquial,osm
alias_r10055351_449,place_r10055351,۰۳۸,colloquial,osm
alias_r10054635_450,place_r10054635,۰۹۳,colloquial,osm
alias_r10055107_451,place_r10055107,۱۲۱,colloquial,osm
alias_r10054057_452,place_r10054057,۰۱۰,colloquial,osm
alias_r10054797_453,place_r10054797,۰۰۱,colloquial,osm
alias_r11789909_454,place_r11789909,خیابان شهید بهشتی;خیابان میثم;میدان شریعتی,colloquial,osm
alias_r10054086_455,place_r10054086,۰۴۲,colloquial,osm
alias_r10053402_456,place_r10053402,۰۵۴,colloquial,osm
alias_r11789883_457,place_r11789883,خانه سازی قنات; بلوار جهرم,colloquial,osm
alias_r10054981_458,place_r10054981,۱۱۶,colloquial,osm
alias_r10053700_459,place_r10053700,۰۵۸,colloquial,osm
alias_r10054155_460,place_r10054155,۰۸۳,colloquial,osm
alias_r10741846_461,place_r10741846,047,colloquial,osm
alias_r8682974_462,place_r8682974,lashkar abad,spelling,osm
alias_r10054812_463,place_r10054812,۰۰۲,colloquial,osm
alias_r17099144_464,place_r17099144,قیجیلی,colloquial,osm
alias_r10054437_465,place_r10054437,۰۱۵,colloquial,osm
alias_r10055121_466,place_r10055121,۱۳۴,colloquial,osm
alias_r10054508_467,place_r10054508,۰۸۹,colloquial,osm
alias_r11789887_468,place_r11789887,شهرک آزادگان; قائم,colloquial,osm
alias_r11789917_469,place_r11789917,میدان شهدا;خیابان جنت;نیسانیان,colloquial,osm
alias_r10054604_470,place_r10054604,۰۷۹,colloquial,osm
alias_r10054792_471,place_r10054792,۰۴۶,colloquial,osm
alias_r10054858_472,place_r10054858,۱۱۳,colloquial,osm
alias_r10055395_473,place_r10055395,۱۰۳,colloquial,osm
alias_w677423741_474,place_w677423741,شهرک طالقانی,colloquial,osm
alias_r11789905_475,place_r11789905,دانشگاه اراک; شهرک سجادیه (باغ خلج),colloquial,osm
alias_r10054050_476,place_r10054050,۰۱۲,colloquial,osm
alias_r10055097_477,place_r10055097,۱۲۳,colloquial,osm
alias_r10054992_478,place_r10054992,۱۲۷,colloquial,osm
alias_r10054443_479,place_r10054443,۰۳۰,colloquial,osm
alias_r10054994_480,place_r10054994,۱۳۵,colloquial,osm
alias_r14155296_481,place_r14155296,مادرسلیمان,colloquial,osm
alias_r11789920_482,place_r11789920,بهاران; حافظیه,colloquial,osm
alias_r10054542_483,place_r10054542,۰۷۵,colloquial,osm
alias_r10054061_484,place_r10054061,۰۲۵,colloquial,osm
alias_r10054051_485,place_r10054051,۰۱۱,colloquial,osm
alias_r8782517_486,place_r8782517,پدوا,colloquial,osm
alias_r10055136_487,place_r10055136,۱۴۳,colloquial,osm
alias_r10054495_488,place_r10054495,۰۵۰,colloquial,osm
alias_r10053377_489,place_r10053377,۰۵۷,colloquial,osm
alias_r11789885_490,place_r11789885,شهرک جوادیه; الغدیر,colloquial,osm
alias_r10054995_491,place_r10054995,۱۲۸,colloquial,osm
alias_r11789916_492,place_r11789916,میدان ولیعصر;خیابان دکتر حسابی;خیابان شهید رجایی,colloquial,osm
alias_r11789924_493,place_r11789924,فاز ۲,colloquial,osm
alias_r11789913_494,place_r11789913,علم الهدی;میدان راه آهن;شهرک ولیعصر (چشمه موشک),colloquial,osm
alias_r10054694_495,place_r10054694,۰۲۸,colloquial,osm
alias_r10054058_496,place_r10054058,۰۲۶,colloquial,osm
alias_r10054049_497,place_r10054049,۰۱۳,colloquial,osm
alias_r10054790_498,place_r10054790,۰۴۴,colloquial,osm
alias_r10054070_500,place_r10054070,۰۴۳,colloquial,osm
alias_r10054154_501,place_r10054154,۰۶۰,colloquial,osm
alias_r10055274_502,place_r10055274,۱۴۶,colloquial,osm
alias_r10054174_503,place_r10054174,۱۰۲,colloquial,osm
alias_r10053588_504,place_r10053588,۰۱۶,colloquial,osm
alias_r10054541_505,place_r10054541,۰۷۴,colloquial,osm
alias_r11789912_506,place_r11789912,شهرک ولیعصر;میدان راه آهن;شریعتی;انتهای خیابان جنت,colloquial,osm
alias_r8682591_507,place_r8682591,شهرک پیله سهران,old,osm
alias_r10055356_508,place_r10055356,۰۴۰,colloquial,osm
alias_r8321840_509,place_r8321840,درب دوم,colloquial,osm
alias_r10055387_510,place_r10055387,۱۰۴,colloquial,osm
alias_r8321864_511,place_r8321864,کالاد,colloquial,osm
alias_r10054496_512,place_r10054496,۰۷۱,colloquial,osm
alias_r10054076_513,place_r10054076,۰۶۵,colloquial,osm
alias_r10054825_514,place_r10054825,۰۰۴,colloquial,osm
alias_r10055132_515,place_r10055132,۱۴۴,colloquial,osm
alias_r11789895_516,place_r11789895,پردیس ۱ و ۲; پارک آزادی,colloquial,osm
alias_r10054486_517,place_r10054486,۰۲۹,colloquial,osm
alias_r10055280_518,place_r10055280,۱۴۷,colloquial,osm
alias_r10055357_519,place_r10055357,۰۶۱,colloquial,osm
alias_r10055200_520,place_r10055200,۰۸۸,colloquial,osm
alias_r10055192_521,place_r10055192,۱۰۹,colloquial,osm
alias_r10054497_522,place_r10054497,۰۷۲,colloquial,osm
alias_r10055334_523,place_r10055334,۰۳۹,colloquial,osm
alias_r10054047_524,place_r10054047,۰۱۴,colloquial,osm
alias_r11789903_525,place_r11789903,رودکی; شهرک ابوالفضل; میدان انقلاب,colloquial,osm
alias_r10054150_526,place_r10054150,۰۲۳,colloquial,osm
alias_r10053376_527,place_r10053376,۰۵۶,colloquial,osm
alias_r10054182_528,place_r10054182,۰۸۱,colloquial,osm
alias_r10055135_529,place_r10055135,۱۴۲,colloquial,osm
alias_r17448470_530,place_r17448470,مسکن مهر لپوئی,colloquial,osm
alias_r11789899_531,place_r11789899,سنجان; شهرک نبئی,colloquial,osm
alias_r10053647_532,place_r10053647,۰۱۷,colloquial,osm
alias_r10055372_533,place_r10055372,۱۰۵,colloquial,osm
alias_r10055290_534,place_r10055290,۱۵۱,colloquial,osm
alias_r10054742_535,place_r10054742,۰۴۸,colloquial,osm
alias_r8694821_536,place_r8694821,آسیاب برجی,old,osm
alias_r10054055_537,place_r10054055,۰۰۹,colloquial,osm
alias_r10053394_538,place_r10053394,۰۹۶,colloquial,osm
alias_r10055112_539,place_r10055112,۱۱۹,colloquial,osm
alias_r10054074_540,place_r10054074,۰۶۶,colloquial,osm
alias_r10055365_541,place_r10055365,۰۶۳,colloquial,osm
alias_r10054758_542,place_r10054758,۰۶۸,colloquial,osm
alias_r10053769_543,place_r10053769,۰۰۶,colloquial,osm
alias_r8719553_544,place_r8719553,شهرک ولیعصر,colloquial,osm
alias_r10054750_545,place_r10054750,۰۷۰,colloquial,osm
alias_r10053705_546,place_r10053705,۰۱۹,colloquial,osm
alias_r10055189_547,place_r10055189,۰۹۰,colloquial,osm
alias_r10054631_548,place_r10054631,۰۹۴,colloquial,osm
alias_r8321689_549,place_r8321689,آریاشهر,colloquial,osm
alias_r10053671_550,place_r10053671,۰۱۸,colloquial,osm
alias_r10054142_551,place_r10054142,۰۳۵,colloquial,osm
alias_r10055396_552,place_r10055396,۰۸۴,colloquial,osm
alias_r10055194_553,place_r10055194,۱۲۴,colloquial,osm
alias_r10054531_554,place_r10054531,۰۵۲,colloquial,osm
alias_r15681793_555,place_r15681793,منطقه بافت کهن شهرداری ساری,spelling,osm
alias_r10054996_556,place_r10054996,۱۲۹,colloquial,osm
alias_r10053441_557,place_r10053441,۰۳۲,colloquial,osm
alias_r10054233_558,place_r10054233,۰۵۹,colloquial,osm
alias_r11789896_559,place_r11789896,میدان فراهان; 20 متری میقان,colloquial,osm
alias_r10055287_560,place_r10055287,۱۵۰,colloquial,osm
alias_r8321854_561,place_r8321854,اراج,colloquial,osm
alias_r10054624_562,place_r10054624,۰۹۵,colloquial,osm
alias_r10054977_563,place_r10054977,۱۱۸,colloquial,osm
alias_r10054474_564,place_r10054474,۰۵۳,colloquial,osm
alias_r13968225_565,place_r13968225,طیس کوپان,colloquial,osm
alias_r10054991_566,place_r10054991,۱۱۵,colloquial,osm
alias_r8321882_567,place_r8321882,خاک سفید,old,osm
alias_r11094060_568,place_r11094060,کوشکک,colloquial,osm
alias_r16736055_570,place_r16736055,نورآباد,colloquial,osm
alias_r10054755_571,place_r10054755,۰۶۹,colloquial,osm
alias_r11789898_572,place_r11789898,بهشت زهرا; جهانگیری,colloquial,osm
alias_r10054703_573,place_r10054703,۰۲۷,colloquial,osm
alias_r11789911_574,place_r11789911,۹۰ هکتاری;کوی رضوی (گردو),colloquial,osm
alias_r17394220_575,place_r17394220,اجبارکلا,colloquial,osm
alias_r10055113_576,place_r10055113,۱۳۱,colloquial,osm
alias_r16811740_577,place_r16811740,یاسریه,colloquial,osm
alias_r10055179_578,place_r10055179,۱۱۱,colloquial,osm
alias_r11789907_579,place_r11789907,شهرک علی ابن ابی طالب(ع) (فوتبال),colloquial,osm
alias_r14121731_582,place_r14121731,سفیدشهر,colloquial,osm
alias_r8694676_583,place_r8694676,زورآباد,old,osm
alias_r10054868_584,place_r10054868,۰۹۷,colloquial,osm
alias_r8321842_585,place_r8321842,حسن آباد,colloquial,osm
alias_r10054090_587,place_r10054090,۰۶۴,colloquial,osm
alias_r9845595_588,place_r9845595,ده تازیان,old,osm
alias_r9845595_589,place_r9845595,قریه العرب,colloquial,osm
alias_r8688668_590,place_r8688668,گوهردشت,old,osm
alias_r10055116_591,place_r10055116,۱۳۲,colloquial,osm
alias_r10055130_592,place_r10055130,۱۴۰,colloquial,osm
alias_r10055188_593,place_r10055188,۰۹۱,colloquial,osm
alias_r10054144_594,place_r10054144,۰۳۶,colloquial,osm
alias_r10054767_596,place_r10054767,۰۶۷,colloquial,osm
alias_r13322911_597,place_r13322911,کونانی,colloquial,osm
alias_r10054565_598,place_r10054565,۰۷۶,colloquial,osm
alias_r8321683_599,place_r8321683,شهید فاطمی,colloquial,osm
alias_r10055195_603,place_r10055195,۱۰۸,colloquial,osm
alias_r11714375_604,place_r11714375,شهرک ثارالله,colloquial,osm
alias_r10054993_605,place_r10054993,۱۲۶,colloquial,osm
alias_r10054179_606,place_r10054179,۱۰۰,colloquial,osm
alias_r10054760_608,place_r10054760,۰۸۶,colloquial,osm
alias_r8672684_610,place_r8672684,فارسی,spelling,osm
alias_r14125251_611,place_r14125251,دستجرد,colloquial,osm
alias_r14354387_612,place_r14354387,گل کوش,colloquial,osm
alias_r10055129_613,place_r10055129,۱۳۳,colloquial,osm
alias_r10054894_615,place_r10054894,۱۱۷,colloquial,osm
alias_r12977806_616,place_r12977806,شاهد شهر,colloquial,osm
alias_r8321835_618,place_r8321835,داوودیه,colloquial,osm
alias_r14126444_619,place_r14126444,کیوی,colloquial,osm
alias_r10054651_620,place_r10054651,۱۱۲,colloquial,osm
alias_r10054099_622,place_r10054099,۱۰۶,colloquial,osm
alias_r15531703_623,place_r15531703,بکشان,colloquial,osm
alias_r10055181_624,place_r10055181,۱۱۰,colloquial,osm
alias_r10055267_626,place_r10055267,۱۴۱,colloquial,osm
alias_r10054877_627,place_r10054877,۰۹۹,colloquial,osm
alias_r11789921_628,place_r11789921,مصطفی خمینی; بلوار قدس,colloquial,osm
alias_r8321709_629,place_r8321709,گیشا,colloquial,osm
alias_r10055204_631,place_r10055204,۰۸۷,colloquial,osm
alias_r10054860_634,place_r10054860,۱۱۴,colloquial,osm
alias_r12980723_636,place_r12980723,صالح آباد,old,osm
alias_r8321843_637,place_r8321843,امانیه,colloquial,osm
alias_r10055272_638,place_r10055272,۱۴۵,colloquial,osm
alias_r14354386_639,place_r14354386,زنگرآپ,old,osm
alias_r14354386_640,place_r14354386,حک آباد,colloquial,osm
alias_r10055291_642,place_r10055291,۱۵۲,colloquial,osm
alias_r10053383_643,place_r10053383,۰۸۰,colloquial,osm
alias_r12967520_645,place_r12967520,شهرک زعفرانیه,spelling,osm
alias_r8321850_646,place_r8321850,مبارک آباد,colloquial,osm
alias_r11789900_647,place_r11789900,شهدای صفری; کارخانه آرد; میدان سردشت; شهرک اندیشه,colloquial,osm
alias_r8321883_649,place_r8321883,کوهسار,colloquial,osm
alias_r10055178_650,place_r10055178,۱۲۵,colloquial,osm
alias_r10055226_651,place_r10055226,۱۳۰,colloquial,osm
alias_r8689209_652,place_r8689209,رسالت,colloquial,osm
alias_r10055286_654,place_r10055286,۱۴۹,colloquial,osm
alias_r19980164_658,place_r19980164,Gyzyletrek,old,osm
alias_r19980164_659,place_r19980164,اترک,spelling,osm
alias_r14130278_660,place_r14130278,دهستان ایوانکی,colloquial,osm
alias_r14122461_661,place_r14122461,گز,colloquial,osm
alias_r10055236_664,place_r10055236,۱۳۷,colloquial,osm
alias_r14039646_665,place_r14039646,باقر شهر,colloquial,osm
alias_w624712010_666,place_w624712010,شهرک صنعتی محمود آباد,colloquial,osm
alias_r12268677_671,place_r12268677,فلاحیه,colloquial,osm
alias_r8770252_678,place_r8770252,نریمان,old,osm
alias_r11092786_679,place_r11092786,صغاد,spelling,osm
alias_r8672631_680,place_r8672631,قم,spelling,osm
alias_r16699193_682,place_r16699193,شهر گاوبندی,colloquial,osm
alias_r12977789_685,place_r12977789,شهر جدید اندیشه,colloquial,osm
alias_r12946620_687,place_r12946620,منطقه 8,spelling,osm
alias_r12967093_691,place_r12967093,کمال آباد,old,osm
alias_r12967093_692,place_r12967093,کمال شهر,colloquial,osm
alias_r13103318_693,place_r13103318,شستون,old,osm
alias_r9593889_695,place_r9593889,دهبارز,colloquial,osm
alias_r14121460_698,place_r14121460,آران,colloquial,osm
alias_r14126410_699,place_r14126410,شهر چهاردانگه,spelling,osm
alias_r14126410_700,place_r14126410,چهار دانگه,colloquial,osm
alias_r9080403_702,place_r9080403,گپ سبزو,old,osm
alias_r6827344_703,place_r6827344,ساوجبلاغ,old,osm
alias_r6827344_704,place_r6827344,سابلاغ;سابلاخ,colloquial,osm
alias_r11138900_706,place_r11138900,شهر جهرم,spelling,osm
alias_r9531835_709,place_r9531835,ووریِرد - وِروگِرد,old,osm
alias_r9531835_710,place_r9531835,وروگرد,colloquial,osm
alias_r14129929_711,place_r14129929,شهر جدید هشتگرد,old,osm
alias_r14129929_712,place_r14129929,شهر جدید مهستان,colloquial,osm
alias_r14145156_714,place_r14145156,قمشه,old,osm
alias_r8253049_715,place_r8253049,قائم شهر,colloquial,osm
alias_r6558904_716,place_r6558904,گشت,spelling,osm
alias_r6578662_717,place_r6578662,سلطان آباد,old,osm
alias_r8719539_718,place_r8719539,کجاران,old,osm
alias_r8919905_719,place_r8919905,بندر بوشهر,colloquial,osm
alias_r8186678_720,place_r8186678,رضائیه,old,osm
alias_r8058097_722,place_r8058097,خورماوه,colloquial,osm
alias_r6558176_723,place_r6558176,دهستان کناره,colloquial,osm
alias_r8177112_724,place_r8177112,باختران,old,osm
alias_r6558803_725,place_r6558803,چیاکاو,colloquial,osm
alias_r6558070_727,place_r6558070,دهستان کاکاوند غربی,spelling,osm
alias_r6555088_728,place_r6555088,سواد کوه شمالی,colloquial,osm
alias_r18798986_729,place_r18798986,بخش ایتیوند,spelling,osm
alias_r6558368_730,place_r6558368,بخش مرکزی خورموج,spelling,osm
alias_r8775292_731,place_r8775292,بخش مرکزی تهران,spelling,osm
alias_r6556611_732,place_r6556611,دهستان ایوانکی,colloquial,osm
alias_r5143134_733,place_r5143134,Baneh County;بانه,colloquial,osm
alias_r6554262_734,place_r6554262,Kohsan District,colloquial,osm
alias_r6555429_735,place_r6555429,شهرستان جالق,colloquial,osm
alias_r6557065_736,place_r6557065,دهستان خانکوک,colloquial,osm
alias_r6555007_737,place_r6555007,Choj,colloquial,osm
alias_r6555007_738,place_r6555007,خوی,spelling,osm
alias_r6556259_739,place_r6556259,شهرستان تپتان,colloquial,osm
alias_n26399215_740,place_n26399215,اورمیه,old,osm
alias_n26399215_741,place_n26399215,اورمو,colloquial,osm
alias_n27442136_742,place_n27442136,Bandar-e Pahlavi,old,osm
alias_n29071221_743,place_n29071221,زیباشهر,old,osm
alias_n32663279_744,place_n32663279,باختران,old,osm
alias_n32663613_745,place_n32663613,بانە,colloquial,osm
alias_n32673155_746,place_n32673155,ساوجبلاغ,old,osm
alias_n32673155_747,place_n32673155,سابلاغ;سابلاخ,colloquial,osm
alias_n32678002_748,place_n32678002,کجاران,old,osm
alias_n32826331_749,place_n32826331,بیژن گرد,old,osm
alias_n32826332_750,place_n32826332,بندر بوشهر,colloquial,osm
alias_n181315829_751,place_n181315829,علمدار گرگر,colloquial,osm
alias_n181315829_752,place_n181315829,هادیشهر,spelling,osm
alias_n181327482_753,place_n181327482,اوجان,old,osm
alias_n181327482_754,place_n181327482,بستان آوا,colloquial,osm
alias_n181414801_755,place_n181414801,تیکان تپه,spelling,osm
alias_n231906831_756,place_n231906831,مغان,old,osm
alias_n248708371_757,place_n248708371,نیریز,colloquial,osm
alias_n251187689_758,place_n251187689,آگشت,colloquial,osm
alias_n254650882_759,place_n254650882,بهمن میر,old,osm
alias_n265555072_760,place_n265555072,"Quchon, Kuchan",colloquial,osm
alias_n291618503_761,place_n291618503,چهبار,colloquial,osm
alias_n291621373_762,place_n291621373,پزم طیاب,colloquial,osm
alias_n295013244_763,place_n295013244,سنگسر,colloquial,osm
alias_n297203387_764,place_n297203387,گَلَند,spelling,osm
alias_n304670156_765,place_n304670156,Sharax,old,osm
alias_n304670156_766,place_n304670156,ایوانکی;ایوان کی,colloquial,osm
alias_n308187675_767,place_n308187675,بابونک,colloquial,osm
alias_n312441256_768,place_n312441256,آران,colloquial,osm
alias_n344623598_769,place_n344623598,Sabzvārān,old,osm
alias_n344628216_770,place_n344628216,لاد,old,osm
alias_n344628216_771,place_n344628216,لارستان,colloquial,osm
alias_n344629434_772,place_n344629434,گِراش,colloquial,osm
alias_n347026180_773,place_n347026180,Rask,colloquial,osm
alias_n347029888_774,place_n347029888,پهره,old,osm
alias_n347112157_775,place_n347112157,فیروز آباد,spelling,osm
alias_n348295352_776,place_n348295352,شاه آباد,old,osm
alias_n348295352_777,place_n348295352,Eslamabad;Harunabad;Shahabad;Shahabad-e Gharb,colloquial,osm
alias_n353119638_778,place_n353119638,جاسک,colloquial,osm
alias_n481391775_779,place_n481391775,پارسه,colloquial,osm
alias_n587748039_780,place_n587748039,کلات نادری,spelling,osm
alias_n587748039_781,place_n587748039,شهر زو,colloquial,osm
alias_n689454805_782,place_n689454805,خرکرد,spelling,osm
alias_n704278453_783,place_n704278453,گناوه,colloquial,osm
alias_n724197171_784,place_n724197171,شهر مهران,colloquial,osm
alias_n724215843_785,place_n724215843,لاله جین,colloquial,osm
alias_n729167774_786,place_n729167774,فریدون کنار,colloquial,osm
alias_n729167822_787,place_n729167822,سیمرغ,colloquial,osm
alias_n732046755_788,place_n732046755,Gowg,colloquial,osm
alias_n747346242_789,place_n747346242,مرزداران,spelling,osm
alias_n772948850_790,place_n772948850,سیدآباد,colloquial,osm
alias_n792486386_791,place_n792486386,بندر طاهِری,colloquial,osm
alias_n792486386_792,place_n792486386,سیراف,spelling,osm
alias_n795056586_793,place_n795056586,ینگه قلعه,colloquial,osm
alias_n806606327_794,place_n806606327,گچساران,colloquial,osm
alias_n806920354_795,place_n806920354,شهر صنعتی البرز قزوین,colloquial,osm
alias_n818601686_796,place_n818601686,ییلاق سوباتان,colloquial,osm
alias_n818955575_797,place_n818955575,بالاده,colloquial,osm
alias_n819610804_798,place_n819610804,عمله,old,osm
alias_n819610804_799,place_n819610804,گیلانغرب,colloquial,osm
alias_n819610804_800,place_n819610804,گیه‌ڵان,colloquial,osm
alias_n819610816_801,place_n819610816,Kerend;Karind;Karand,colloquial,osm
alias_n819610816_802,place_n819610816,دالاهو,colloquial,osm
alias_n819610844_803,place_n819610844,"سایین قالا,صائین‌دژ,صایین قلعه افشار",colloquial,osm
alias_n819610866_804,place_n819610866,بناب;بنب,colloquial,osm
alias_n819610896_805,place_n819610896,پلدختر,colloquial,osm
alias_n819610900_806,place_n819610900,Bisitun;Bisitan;Bistoon;Behistan;Bisotoun,colloquial,osm
alias_n819610933_807,place_n819610933,Soormar;Sowmar;Soomar,colloquial,osm
alias_n819610937_808,place_n819610937,قەڵا,old,osm
alias_n819610937_809,place_n819610937,Meriwan,colloquial,osm
alias_n819610948_810,place_n819610948,القصبة,colloquial,osm
alias_n819610948_811,place_n819610948,اروند کنار,colloquial,osm
alias_n820252518_812,place_n820252518,ناون,colloquial,osm
alias_n820252518_813,place_n820252518,ناوَن,colloquial,osm
alias_n820309185_814,place_n820309185,ده تازیان,old,osm
alias_n820309185_815,place_n820309185,قریه العرب,colloquial,osm
alias_n820309219_816,place_n820309219,شستون,old,osm
alias_n820309227_818,place_n820309227,گیه,old,osm
alias_n820309227_819,place_n820309227,نیکشهر,colloquial,osm
alias_n820309254_820,place_n820309254,نریمان,old,osm
alias_n820309254_821,place_n820309254,رستم آباد,colloquial,osm
alias_n820345120_822,place_n820345120,اسدآباد,colloquial,osm
alias_n820345140_823,place_n820345140,پابدانا,colloquial,osm
alias_n820345140_824,place_n820345140,کیان شهر,colloquial,osm
alias_n820873576_825,place_n820873576,بهاران شهر,colloquial,osm
alias_n820873586_826,place_n820873586,خالد آباد,colloquial,osm
alias_n820873590_827,place_n820873590,باغبادران,old,osm
alias_n820873590_828,place_n820873590,baghbadoran,colloquial,osm
alias_n820885084_829,place_n820885084,گل دشت,colloquial,osm
alias_n821045223_830,place_n821045223,داودآباد,colloquial,osm
alias_n831561999_831,place_n831561999,دیون در,colloquial,osm
alias_n832431037_832,place_n832431037,تسج;تسویچ;طسوج,colloquial,osm
alias_n832464815_833,place_n832464815,خياو‎‎,old,osm
alias_n835139205_834,place_n835139205,فرهاد گرد,colloquial,osm
alias_n835139229_835,place_n835139229,سفیدسنگ,colloquial,osm
alias_n835139249_836,place_n835139249,دولت آباد,colloquial,osm
alias_n835139255_837,place_n835139255,دررود,colloquial,osm
alias_n835228208_838,place_n835228208,سده,old,osm
alias_n835451797_839,place_n835451797,شهر راز,colloquial,osm
alias_n835482212_840,place_n835482212,سرخنکلاته,spelling,osm
alias_n835482269_841,place_n835482269,آق قلعه,colloquial,osm
alias_n835492674_842,place_n835492674,ائو اوغلی,colloquial,osm
alias_n835537445_843,place_n835537445,متل قو,old,osm
alias_n835537485_844,place_n835537485,Galugah,spelling,osm
alias_n835537508_845,place_n835537508,محمد آباد,old,osm
alias_n835537511_846,place_n835537511,کله بست,old,osm
alias_n836434376_847,place_n836434376,امير آباد,old,osm
alias_n836539778_848,place_n836539778,دَرْگَهان,colloquial,osm
alias_n836539800_849,place_n836539800,دهبارز,colloquial,osm
alias_n836539801_850,place_n836539801,گاوبندی,colloquial,osm
alias_n836764152_851,place_n836764152,سعد آباد,colloquial,osm
alias_n836764246_852,place_n836764246,اَهرَم,spelling,osm
alias_n837358119_853,place_n837358119,هِروآباد,old,osm
alias_n840769631_854,place_n840769631,لَنده,colloquial,osm
alias_n842111373_855,place_n842111373,لَوَندِویل,colloquial,osm
alias_n842111720_856,place_n842111720,خشک بیجار,spelling,osm
alias_n842111811_857,place_n842111811,اُطاقوَر,spelling,osm
alias_n842164154_858,place_n842164154,کورائیم,colloquial,osm
alias_n842164156_859,place_n842164156,لاری,colloquial,osm
alias_n842164176_860,place_n842164176,هشتجین,colloquial,osm
alias_n842164195_861,place_n842164195,جعفر آباد,spelling,osm
alias_n842389812_862,place_n842389812,ماهنشان,colloquial,osm
alias_n848539468_863,place_n848539468,مه گس,old,osm
alias_n848539468_864,place_n848539468,مگس,colloquial,osm
alias_n848539468_866,place_n848539468,زابلی,colloquial,osm
alias_n874521465_867,place_n874521465,احمدلو,old,osm
alias_n874521465_868,place_n874521465,آبیش احمد,spelling,osm
alias_n874521482_869,place_n874521482,خوجا,colloquial,osm
alias_n874521488_870,place_n874521488,کندرری,colloquial,osm
alias_n874521570_871,place_n874521570,نظر کهریزی,colloquial,osm
alias_n874521639_872,place_n874521639,خرونک;خرگنک;خرونغ;خروانق,colloquial,osm
alias_n874521645_873,place_n874521645,خراجو,old,osm
alias_n874521690_874,place_n874521690,تَرک,spelling,osm
alias_n874521708_875,place_n874521708,کؤشکه سارای,colloquial,osm
alias_n874521712_876,place_n874521712,آقکند,colloquial,osm
alias_n879415622_877,place_n879415622,چاربوش,old,osm
alias_n879415625_878,place_n879415625,قره موسالو,old,osm
alias_n879415716_879,place_n879415716,گردکشانه,colloquial,osm
alias_n879415755_880,place_n879415755,چالدران;قره عینی,old,osm
alias_n894770991_881,place_n894770991,بازحیدر,colloquial,osm
alias_n905640075_882,place_n905640075,Rawansar,colloquial,osm
alias_n939816408_883,place_n939816408,فلکه علم ، آسیاب سه قلو,old,osm
alias_n1129918154_884,place_n1129918154,اسپهک,old,osm
alias_n1161686975_885,place_n1161686975,مومن آباد,spelling,osm
alias_n1166069633_886,place_n1166069633,کلاته سلیمان,colloquial,osm
alias_n1206460009_887,place_n1206460009,ارویچ,colloquial,osm
alias_n1207060331_888,place_n1207060331,بزقوچ سفلی,colloquial,osm
alias_n1356160088_889,place_n1356160088,تازه کند,colloquial,osm
alias_n1357578966_890,place_n1357578966,دوشانلو,spelling,osm
alias_n1365320531_891,place_n1365320531,تیکدر,spelling,osm
alias_n1487544742_892,place_n1487544742,قمشه,old,osm
alias_n1568581736_893,place_n1568581736,صد دستگاه,colloquial,osm
alias_n1596485081_894,place_n1596485081,آق بند,colloquial,osm
alias_n1597730240_895,place_n1597730240,سیوخسو انقلاب,colloquial,osm
alias_n1602414369_896,place_n1602414369,سریوان عاشقان بزو,spelling,osm
alias_n1602414389_897,place_n1602414389,قصر قجر,spelling,osm
alias_n1623066309_898,place_n1623066309,Axda Xana,spelling,osm
alias_n1623066800_899,place_n1623066800,Qizilca,spelling,osm
alias_n1623067049_900,place_n1623067049,Qaraqishlaq,spelling,osm
alias_n1623067495_901,place_n1623067495,یالغوز اغاج,spelling,osm
alias_n1623107144_902,place_n1623107144,Gevlen,spelling,osm
alias_n1623130105_903,place_n1623130105,Qarabag,spelling,osm
alias_n1624084787_904,place_n1624084787,Exiyan,spelling,osm
alias_n1625266783_905,place_n1625266783,ماللا سارآپ,colloquial,osm
alias_n1625266783_906,place_n1625266783,ملاسراب,spelling,osm
alias_n1753687451_907,place_n1753687451,مشهد و بیلو,colloquial,osm
alias_n1863723021_908,place_n1863723021,کقالق,spelling,osm
alias_n1864291205_909,place_n1864291205,سیناب,colloquial,osm
alias_n1864291208_910,place_n1864291208,قلعه علیا,colloquial,osm
alias_n1864531757_911,place_n1864531757,نوجه ده علیا,spelling,osm
alias_n1864531766_912,place_n1864531766,پیغام پایین,spelling,osm
alias_n1864531767_913,place_n1864531767,پیغام بالا,spelling,osm
alias_n1864536646_914,place_n1864536646,یارالوجه,spelling,osm
alias_n1887813898_915,place_n1887813898,ابلهان,old,osm
alias_n1887814593_916,place_n1887814593,Azhdar Khowsh,colloquial,osm
alias_n1896768727_917,place_n1896768727,سپیددشت,colloquial,osm
alias_n1900973036_918,place_n1900973036,جولفا,colloquial,osm
alias_n1905983222_919,place_n1905983222,قَلعِۀ گَندُمان,colloquial,osm
alias_n1909169220_920,place_n1909169220,جواهر ده,colloquial,osm
alias_n1994269322_921,place_n1994269322,کمبوان,old,osm
alias_n1997016710_922,place_n1997016710,چروه ری,colloquial,osm
alias_n1997016711_923,place_n1997016711,داش آلمالی,colloquial,osm
alias_n1997016712_924,place_n1997016712,قیرمیزی گؤل,colloquial,osm
alias_n1997016713_925,place_n1997016713,سیغئش,colloquial,osm
alias_n1997016791_926,place_n1997016791,جرال,colloquial,osm
alias_n1997016791_927,place_n1997016791,جراغیل,colloquial,osm
alias_n1997274713_928,place_n1997274713,گنبر,colloquial,osm
alias_n1997275043_929,place_n1997275043,نئدیللی,colloquial,osm
alias_n1997275084_930,place_n1997275084,خره جی,colloquial,osm
alias_n1997275161_931,place_n1997275161,کوردوار,colloquial,osm
alias_n1997277165_932,place_n1997277165,آشوستان,colloquial,osm
alias_n1997277587_933,place_n1997277587,قندیلی,colloquial,osm
alias_n1997278114_934,place_n1997278114,کهنمی,colloquial,osm
alias_n2000003468_935,place_n2000003468,لطف آباد,spelling,osm
alias_n2000003495_936,place_n2000003495,حسن آباد (تازه کند),spelling,osm
alias_n2018173081_937,place_n2018173081,صومعه سفلی,spelling,osm
alias_n2018655356_938,place_n2018655356,آق گنبد,spelling,osm
alias_n2019510326_939,place_n2019510326,نوگل,colloquial,osm
alias_n2051963870_940,place_n2051963870,شیرگ سارجین,colloquial,osm
alias_n2135846791_941,place_n2135846791,المحمره,colloquial,osm
alias_n2141230062_942,place_n2141230062,تنگ کرم,colloquial,osm
alias_n2246459434_943,place_n2246459434,بیه کره,colloquial,osm
alias_n2246993590_944,place_n2246993590,باشماق,spelling,osm
alias_n2246993703_945,place_n2246993703,وشکین,colloquial,osm
alias_n2246994540_946,place_n2246994540,محمده,spelling,osm
alias_n2246994590_947,place_n2246994590,ویلانه;گلانه,colloquial,osm
alias_n2246994655_948,place_n2246994655,آمانه,colloquial,osm
alias_n2247004361_949,place_n2247004361,جشنی‌آباد,spelling,osm
alias_n2247018491_950,place_n2247018491,ابراهیم آباد,spelling,osm
alias_n2247099380_951,place_n2247099380,ماضی بن,spelling,osm
alias_n2247099536_952,place_n2247099536,خانقاه رزاب,spelling,osm
alias_n2247099859_953,place_n2247099859,ویسیان,colloquial,osm
alias_n2247102235_954,place_n2247102235,نیوا;نی آباد,colloquial,osm
alias_n2247102235_955,place_n2247102235,نیاباد,spelling,osm
alias_n2247102359_956,place_n2247102359,ویسیا;ویسو;ویسیان,colloquial,osm
alias_n2247102368_957,place_n2247102368,رودبره,colloquial,osm
alias_n2247151422_958,place_n2247151422,قوریچه,colloquial,osm
alias_n2247151850_959,place_n2247151850,Pilureh;Pelureh,colloquial,osm
alias_n2247159366_960,place_n2247159366,بیلچه سر;بلچه سور;بلیچه سور,colloquial,osm
alias_n2247159384_961,place_n2247159384,کولان;گلان,colloquial,osm
alias_n2247159411_962,place_n2247159411,هلیز آباد,colloquial,osm
alias_n2247159453_964,place_n2247159453,سورکول,colloquial,osm
alias_n2247159453_965,place_n2247159453,سرخ کول,spelling,osm
alias_n2247159489_966,place_n2247159489,بیداره;بید دره;بیدره,colloquial,osm
alias_n2247159521_967,place_n2247159521,چاوین;شاهین,colloquial,osm
alias_n2247159521_968,place_n2247159521,چوئین,spelling,osm
alias_n2247159712_969,place_n2247159712,شایر,colloquial,osm
alias_n2247269107_970,place_n2247269107,انجبران,spelling,osm
alias_n2260146904_971,place_n2260146904,Sana,colloquial,osm
alias_n2268126438_972,place_n2268126438,تیز آباد,spelling,osm
alias_n2269448029_973,place_n2269448029,گوادر,old,osm
alias_n2269607507_974,place_n2269607507,توحیدآباد,colloquial,osm
alias_n2269698198_975,place_n2269698198,کهنه داود,colloquial,osm
alias_n2269726759_976,place_n2269726759,Kashān;Khooshab;Khūshāb;Khvoshāb,old,osm
alias_n2269726759_977,place_n2269726759,گلشن,colloquial,osm
alias_n2269726759_978,place_n2269726759,جالک,colloquial,osm
alias_n2344266252_979,place_n2344266252,سمیع آباد ارباب دین محمد,colloquial,osm
alias_n2346557366_980,place_n2346557366,کلاته درویش,colloquial,osm
alias_n2352359743_981,place_n2352359743,Tazehabad-e Kola,colloquial,osm
alias_n2357660925_982,place_n2357660925,Asgaleh;Asqaileh;Asqaila;Ezgeleh;Azgaleh;Azgaleh-ye Sheykh Najm od Din;Askileh,colloquial,osm
alias_n2401200008_983,place_n2401200008,علی آباد جمبزه,spelling,osm
alias_n2404048636_984,place_n2404048636,علی آباد گچی,spelling,osm
alias_n2483852240_985,place_n2483852240,کویلوخ,colloquial,osm
alias_n2483852247_986,place_n2483852247,اوزبند,colloquial,osm
alias_n2487916020_987,place_n2487916020,ابوعقاب,spelling,osm
alias_n2487916021_988,place_n2487916021,ابوخضراوی,spelling,osm
alias_n2524703061_989,place_n2524703061,هامون شهر,colloquial,osm
alias_n2524703163_990,place_n2524703163,Zahak,colloquial,osm
alias_n2543998244_991,place_n2543998244,نوغدی,colloquial,osm
alias_n2544006586_992,place_n2544006586,آخوله,colloquial,osm
alias_n2544025791_993,place_n2544025791,بارانلی,colloquial,osm
alias_n2544046697_994,place_n2544046697,"قلعه‌گاه, کالاگاه, کُلَه‌گاه",old,osm
alias_n2544067659_995,place_n2544067659,لایجان,colloquial,osm
alias_n2544083117_996,place_n2544083117,پینه شالوار,colloquial,osm
alias_n2544900115_997,place_n2544900115,Karzygan;Karzigan;كَرزيگَن,old,osm
alias_n2544900115_998,place_n2544900115,Varziqan;Warzagan,colloquial,osm
alias_n2545958068_999,place_n2545958068,قوشاچای,colloquial,osm
alias_n2547554720_1000,place_n2547554720,Zainabad;Zenabad,colloquial,osm
alias_n2547554721_1001,place_n2547554721,Kerus;Karnow;Girow;Keruo;Giru;Garroos,colloquial,osm
alias_n2550470854_1002,place_n2550470854,تمیرلی,colloquial,osm
alias_n2550478733_1003,place_n2550478733,قرال,colloquial,osm
alias_n2554617329_1004,place_n2554617329,Kandivan;Kandavān;Kanvān,colloquial,osm
alias_n2580397701_1005,place_n2580397701,سورزه;سوره دزده;سورز;سرخه دزج,colloquial,osm
alias_n2580397701_1006,place_n2580397701,سرخه دزج,spelling,osm
alias_n2606047272_1007,place_n2606047272,سوداغلن,colloquial,osm
alias_n2623417273_1008,place_n2623417273,چمخانه,colloquial,osm
alias_n2864399560_1009,place_n2864399560,میان آباد,colloquial,osm
alias_n2905968614_1010,place_n2905968614,هزار کانیان,spelling,osm
alias_n2906123976_1011,place_n2906123976,گزمل سفلى;گیزمل سفل;گیزمل سفلى;گیزمل پائین,colloquial,osm
alias_n2907295382_1012,place_n2907295382,ابو الحسن;بلهسن;بو الحسن;بلحسن,colloquial,osm
alias_n2967966893_1013,place_n2967966893,شیپانجاو;شیپانجو,colloquial,osm
alias_n2969322103_1014,place_n2969322103,حسین گرگ,colloquial,osm
alias_n2982556337_1015,place_n2982556337,لائین نو,colloquial,osm
alias_n2988345343_1016,place_n2988345343,Ali Abad,spelling,osm
alias_n2999073337_1017,place_n2999073337,سلطان آباد,old,osm
alias_n3015539927_1018,place_n3015539927,وزه در;یوزی در,colloquial,osm
alias_n3015540834_1019,place_n3015540834,گازر خانی;گزورخنی,colloquial,osm
alias_n3015540882_1020,place_n3015540882,تیله کوه;تیلکوه,colloquial,osm
alias_n3015540886_1021,place_n3015540886,تنگ گراو;تنگیور;تنگ ور,colloquial,osm
alias_n3015540886_1022,place_n3015540886,تنگی ور,spelling,osm
alias_n3015540894_1023,place_n3015540894,خوشدار;خشکه دول,colloquial,osm
alias_n3015561482_1024,place_n3015561482,زیوه,colloquial,osm
alias_n3015561527_1025,place_n3015561527,قپلان تو,colloquial,osm
alias_n3029395452_1027,place_n3029395452,فرهنگیان فاز دو,colloquial,osm
alias_n3029400008_1028,place_n3029400008,وحدت,old,osm
alias_n3029400008_1029,place_n3029400008,تعاون 1,colloquial,osm
alias_n3029400008_1030,place_n3029400008,تعاون,colloquial,osm
alias_n3029434760_1031,place_n3029434760,امیرشهید,spelling,osm
alias_n3033209283_1032,place_n3033209283,چوخور کند,colloquial,osm
alias_n3033209283_1033,place_n3033209283,چخورکند,spelling,osm
alias_n3036496208_1034,place_n3036496208,ساقیزچی,colloquial,osm
alias_n3036497549_1035,place_n3036497549,دگرمان درق,colloquial,osm
alias_n3036595607_1036,place_n3036595607,کانیسور,colloquial,osm
alias_n3036596244_1037,place_n3036596244,نمازگاه,spelling,osm
alias_n3036621517_1038,place_n3036621517,صید صارم;سید صارم,colloquial,osm
alias_n3036621517_1039,place_n3036621517,سیدصارم,spelling,osm
alias_n3037829239_1040,place_n3037829239,کلاته;کلاله;کلت,colloquial,osm
alias_n3037851495_1041,place_n3037851495,Têjtêj;Tizh Tizh,colloquial,osm
alias_n3037851501_1042,place_n3037851501,وشکین;خشگین;خشکین کوماسی,colloquial,osm
alias_n3037851520_1043,place_n3037851520,بنیدر;بنی دره;بنه دار,colloquial,osm
alias_n3037851521_1044,place_n3037851521,زنوره,colloquial,osm
alias_n3037851739_1045,place_n3037851739,سوربن;سوژبان;سورهیان;سوره بان;سورهبان,colloquial,osm
alias_n3037851741_1046,place_n3037851741,قلعۀ جوخ;قلعه جق,colloquial,osm
alias_n3037851780_1047,place_n3037851780,گنهبو;گنه بو;گنه وا,colloquial,osm
alias_n3037851783_1048,place_n3037851783,درویشکه,colloquial,osm
alias_n3037851970_1049,place_n3037851970,تنگسر - تنگیسر,colloquial,osm
alias_n3037851975_1050,place_n3037851975,ددنه;دودانۀ درله;دادانه کمانگر;دادانه کمانگیر,colloquial,osm
alias_n3037851975_1051,place_n3037851975,دادانه کمانگیر,spelling,osm
alias_n3065498016_1052,place_n3065498016,کهرود,spelling,osm
alias_n3070555132_1053,place_n3070555132,"باباشیخعلی,باباشیخ علی,بابا شیخعلی",colloquial,osm
alias_n3070560832_1054,place_n3070560832,بیستگان,colloquial,osm
alias_n3072857191_1055,place_n3072857191,Aret,colloquial,osm
alias_n3072902668_1056,place_n3072902668,Nur-i-Ab,colloquial,osm
alias_n3079031629_1057,place_n3079031629,گوزله,spelling,osm
alias_n3079035980_1058,place_n3079035980,بوین سفلى;بوین;بوین پائین;بوئین سفلى,colloquial,osm
alias_n3079040112_1059,place_n3079040112,Khuriawa,colloquial,osm
alias_n3079042092_1060,place_n3079042092,عباس آباد;کله,colloquial,osm
alias_n3089948426_1061,place_n3089948426,نورآباد,colloquial,osm
alias_n3104422566_1062,place_n3104422566,شیرآباد خان ببین,colloquial,osm
alias_n3115230145_1063,place_n3115230145,چره زغون,colloquial,osm
alias_n3115241422_1064,place_n3115241422,جوغان بزرگ,colloquial,osm
alias_n3115293727_1065,place_n3115293727,جوغان,colloquial,osm
alias_n3116328291_1066,place_n3116328291,ایسپیره خون,colloquial,osm
alias_n3116377052_1067,place_n3116377052,لیوان,colloquial,osm
alias_n3121199864_1068,place_n3121199864,اونارجان,colloquial,osm
alias_n3121207814_1069,place_n3121207814,اسینجان,colloquial,osm
alias_n3124478929_1070,place_n3124478929,سیداوا,colloquial,osm
alias_n3126688835_1071,place_n3126688835,خراسانک,spelling,osm
alias_n3126750387_1072,place_n3126750387,داغ باباکندی,colloquial,osm
alias_n3132112884_1073,place_n3132112884,کودیل,colloquial,osm
alias_n3134270728_1074,place_n3134270728,محله آیت اله کاشانی,colloquial,osm
alias_n3134276129_1075,place_n3134276129,محله دکتر حسابی,colloquial,osm
alias_n3134276131_1076,place_n3134276131,محله فجر,colloquial,osm
alias_n3134276134_1077,place_n3134276134,محله شیخ بهایی,colloquial,osm
alias_n3134276136_1078,place_n3134276136,محله شهید مفتح,colloquial,osm
alias_n3134276137_1079,place_n3134276137,محله گلبهار,colloquial,osm
alias_n3134276138_1080,place_n3134276138,محله هشت بهشت,colloquial,osm
alias_n3134276139_1081,place_n3134276139,محله شهید چمران,colloquial,osm
alias_n3134276141_1082,place_n3134276141,محله هویزه,colloquial,osm
alias_n3137376248_1083,place_n3137376248,زینال آغاج,colloquial,osm
alias_n3137380055_1084,place_n3137380055,مهدینلی,colloquial,osm
alias_n3146426812_1085,place_n3146426812,آخیجان,colloquial,osm
alias_n3146426813_1086,place_n3146426813,پوروستر,colloquial,osm
alias_n3146426813_1087,place_n3146426813,فیروزسالار,spelling,osm
alias_n3146461965_1088,place_n3146461965,قچاغان,colloquial,osm
alias_n3148133312_1089,place_n3148133312,کولوانق,colloquial,osm
alias_n3150318193_1090,place_n3150318193,سولدوز,old,osm
alias_n3151564188_1091,place_n3151564188,دستیری,colloquial,osm
alias_n3157802572_1092,place_n3157802572,گوراخر,colloquial,osm
alias_n3159015070_1093,place_n3159015070,موسی قیه ابوالحسن,colloquial,osm
alias_n3162560268_1094,place_n3162560268,شاه مرس,colloquial,osm
alias_n3167088704_1095,place_n3167088704,بهجت آباد,colloquial,osm
alias_n3175881918_1096,place_n3175881918,علی خلج,colloquial,osm
alias_n3181526566_1097,place_n3181526566,قازی کند,colloquial,osm
alias_n3183238676_1098,place_n3183238676,کچی کاغی,colloquial,osm
alias_n3183504315_1099,place_n3183504315,پوخلو هروشه,colloquial,osm
alias_n3185231475_1100,place_n3185231475,بنیار,colloquial,osm
alias_n3185267006_1101,place_n3185267006,پاکچین سفلى,colloquial,osm
alias_n3188853155_1102,place_n3188853155,امین آباد اوجان,colloquial,osm
alias_n3188881931_1103,place_n3188881931,خشندرق,colloquial,osm
alias_n3188887572_1104,place_n3188887572,آتاجان,colloquial,osm
alias_n3188940779_1105,place_n3188940779,کلغان,colloquial,osm
alias_n3190746372_1106,place_n3190746372,نوهر,colloquial,osm
alias_n3192037536_1107,place_n3192037536,Suloja;Suludzha;Suluja;Sulijeh;Soolloojeh,colloquial,osm
alias_n3192043630_1108,place_n3192043630,Kuvarchin;Guvarchin,colloquial,osm
alias_n3192058703_1109,place_n3192058703,کهلک بلاغی,colloquial,osm
alias_n3192058703_1110,place_n3192058703,کهلیک بلاغی,spelling,osm
alias_n3194448712_1111,place_n3194448712,Tyutant;Gomand;Kommand;Gumant;Gamand;Goman,colloquial,osm
alias_n3194510593_1112,place_n3194510593,Pakeh Hoseyn;Pakehchin;Pag Chin;Pakchin-e `Olya;Chavarchin;Pakachin,colloquial,osm
alias_n3196003063_1113,place_n3196003063,جداقیه,colloquial,osm
alias_n3196113631_1114,place_n3196113631,داش سوما,colloquial,osm
alias_n3196118462_1115,place_n3196118462,داغ گله ده,colloquial,osm
alias_n3198505232_1116,place_n3198505232,قره چای نقشی,colloquial,osm
alias_n3202925989_1117,place_n3202925989,چالو,colloquial,osm
alias_n3202944397_1118,place_n3202944397,موگرمویی,colloquial,osm
alias_n3203344931_1119,place_n3203344931,چنارمحمودی,colloquial,osm
alias_n3203345484_1120,place_n3203345484,چهارده,colloquial,osm
alias_n3203732090_1121,place_n3203732090,چای بایقره,colloquial,osm
alias_n3205212223_1122,place_n3205212223,Ziganab;Zīqānāb,colloquial,osm
alias_n3205777073_1123,place_n3205777073,سردار کندی,spelling,osm
alias_n3206563206_1124,place_n3206563206,Tazakend;Tazeh Kand Nahand;Tazeh Kand-e Nahand,colloquial,osm
alias_n3206563206_1125,place_n3206563206,تازه کند,spelling,osm
alias_n3206715119_1126,place_n3206715119,Chakhmaqbolaq-e Sofla;Chakhmaq Bolagh-e Ashaqi;Chaqmaq Bulagh Ashaghi;Khomaq Bolagh-e Ashaqi;Chakhmakh-bulag-Ashagi;Chakhmaq Bolagh-e Sofla;Chakhmaq Bolagh Pa'in,colloquial,osm
alias_n3206715119_1127,place_n3206715119,چخماق بلاغ پائین,spelling,osm
alias_n3206715128_1128,place_n3206715128,Chakhmaq Bolagh Bala;Chakhmaq Bolagh-e Yukhari;Chakhmaqbolagh-e `Olya;Chakhmakh-bulag-Okhary;Chaqmaq Bulagh Yukari,colloquial,osm
alias_n3206715128_1129,place_n3206715128,چخماق بلاغ بالا,spelling,osm
alias_n3207395832_1130,place_n3207395832,کرگه,colloquial,osm
alias_n3207457196_1131,place_n3207457196,تویقون,colloquial,osm
alias_n3208116153_1132,place_n3208116153,ایرانا,colloquial,osm
alias_n3208215315_1133,place_n3208215315,قیصناب,colloquial,osm
alias_n3208250786_1134,place_n3208250786,تزه ایمنو,colloquial,osm
alias_n3208935468_1135,place_n3208935468,الفوت,colloquial,osm
alias_n3211481750_1136,place_n3211481750,اکین آباد جدید,spelling,osm
alias_n3212231683_1137,place_n3212231683,Naserabad,colloquial,osm
alias_n3212303844_1138,place_n3212303844,Feyzabad,colloquial,osm
alias_n3212303849_1139,place_n3212303849,Bagh-e Hutk,colloquial,osm
alias_n3212313838_1140,place_n3212313838,Keshtuiyeh,colloquial,osm
alias_n3212393457_1141,place_n3212393457,Doran,colloquial,osm
alias_n3212572493_1142,place_n3212572493,Jeriskhan,colloquial,osm
alias_n3212572509_1143,place_n3212572509,Dehnow-e Parviz,colloquial,osm
alias_n3212572514_1144,place_n3212572514,Ti Jeng,colloquial,osm
alias_n3212572515_1145,place_n3212572515,Haftad Mish,colloquial,osm
alias_n3212572516_1146,place_n3212572516,Tikdar-e Pay Sang,colloquial,osm
alias_n3212572533_1147,place_n3212572533,Hineman,colloquial,osm
alias_n3212572542_1148,place_n3212572542,Kocheh,colloquial,osm
alias_n3212572542_1149,place_n3212572542,Kajeh,colloquial,osm
alias_n3212572543_1150,place_n3212572543,Bāghuk,colloquial,osm
alias_n3212572543_1151,place_n3212572543,Bagh-e Hutk,colloquial,osm
alias_n3212744395_1152,place_n3212744395,Deh-e Lulu,colloquial,osm
alias_n3212964638_1153,place_n3212964638,Fusk,colloquial,osm
alias_n3213388378_1154,place_n3213388378,Tizeng,colloquial,osm
alias_n3213388428_1155,place_n3213388428,Sar Asiab-e Pain,colloquial,osm
alias_n3213388429_1156,place_n3213388429,Dang-e Nim,colloquial,osm
alias_n3213388505_1157,place_n3213388505,Vameqabad,colloquial,osm
alias_n3214942934_1158,place_n3214942934,جیران دره,colloquial,osm
alias_n3214942956_1159,place_n3214942956,برره ده,colloquial,osm
alias_n3214943967_1160,place_n3214943967,آغ دره,colloquial,osm
alias_n3215567048_1161,place_n3215567048,داغ بایقره,colloquial,osm
alias_n3219511719_1162,place_n3219511719,گوی دره,colloquial,osm
alias_n3221296912_1163,place_n3221296912,شور دره,colloquial,osm
alias_n3221301418_1164,place_n3221301418,آشاغی جغل,colloquial,osm
alias_n3221301426_1165,place_n3221301426,یوخاری جغل,colloquial,osm
alias_n3222942614_1166,place_n3222942614,تهربند,colloquial,osm
alias_n3232740044_1167,place_n3232740044,خوشگناب,colloquial,osm
alias_n3234780305_1168,place_n3234780305,(باغ حیران) کلامویی,spelling,osm
alias_n3237653225_1169,place_n3237653225,ترک آباد,colloquial,osm
alias_n3237916013_1170,place_n3237916013,چاهورز,colloquial,osm
alias_n3245628418_1171,place_n3245628418,نیسر;نیسار;نائی سر,colloquial,osm
alias_n3258509271_1172,place_n3258509271,Navareh;Naureh;Nawara,colloquial,osm
alias_n3259034895_1173,place_n3259034895,گلماگرد,colloquial,osm
alias_n3260892392_1174,place_n3260892392,محمد کندی,spelling,osm
alias_n3260904644_1175,place_n3260904644,اغ گل,spelling,osm
alias_n3260910664_1176,place_n3260910664,شورآغگل,spelling,osm
alias_n3261725387_1177,place_n3261725387,آق داش,spelling,osm
alias_n3262185921_1178,place_n3262185921,دهبنه,colloquial,osm
alias_n3262274654_1179,place_n3262274654,چنگوله,colloquial,osm
alias_n3262318461_1180,place_n3262318461,نور آباد,colloquial,osm
alias_n3262318462_1181,place_n3262318462,چغلوندی‎‎,old,osm
alias_n3262318462_1182,place_n3262318462,بیرانشهر,spelling,osm
alias_n3262464877_1183,place_n3262464877,Khan-e Sadr,colloquial,osm
alias_n3262468999_1184,place_n3262468999,khizirlu,spelling,osm
alias_n3262469000_1185,place_n3262469000,کرد کندی,spelling,osm
alias_n3262469009_1186,place_n3262469009,قره چه بلاغ,spelling,osm
alias_n3262474239_1187,place_n3262474239,Shaikh Silu Ashaghi;Sheikh Salooy Sofla;Sheykh Solu-ye Sofla;Sheykh Solu;Sheykh Selu-ye Pa'in;Sheykh Salu-ye Pa'in;Sheykh Solu-ye Pa'in,colloquial,osm
alias_n3262522047_1188,place_n3262522047,حبشی بالا;حبشئ علیا;حبشئ بالا;حبش علیا,colloquial,osm
alias_n3274387823_1189,place_n3274387823,زروار,colloquial,osm
alias_n3275074923_1190,place_n3275074923,خواجه امیر,spelling,osm
alias_n3275074924_1191,place_n3275074924,Shuy;Shooy,colloquial,osm
alias_n3275074924_1192,place_n3275074924,شوی,spelling,osm
alias_n3275074925_1193,place_n3275074925,سویرو,spelling,osm
alias_n3288089083_1194,place_n3288089083,بلسور سفلی,spelling,osm
alias_n3288155975_1195,place_n3288155975,کلوانیس,colloquial,osm
alias_n3288342564_1196,place_n3288342564,آقاسی کندی,colloquial,osm
alias_n3288342571_1197,place_n3288342571,پسک سفلی,colloquial,osm
alias_n3288378183_1198,place_n3288378183,Mortuza Kendi,spelling,osm
alias_n3288495173_1199,place_n3288495173,اباطی,spelling,osm
alias_n3288495190_1200,place_n3288495190,خان دیزج,spelling,osm
alias_n3288495192_1201,place_n3288495192,کورتی,colloquial,osm
alias_n3289951213_1202,place_n3289951213,لش گیران,spelling,osm
alias_n3289962271_1203,place_n3289962271,Yavshanli,spelling,osm
alias_n3289962273_1204,place_n3289962273,Sultan Ahmed,spelling,osm
alias_n3289992223_1205,place_n3289992223,خننیه,colloquial,osm
alias_n3289992224_1206,place_n3289992224,Gevlen,spelling,osm
alias_n3289992228_1207,place_n3289992228,khosrava,spelling,osm
alias_n3289992230_1208,place_n3289992230,kochemish,spelling,osm
alias_n3290207478_1209,place_n3290207478,Nizirova,colloquial,osm
alias_n3290207480_1210,place_n3290207480,Qizil Kend,spelling,osm
alias_n3290281273_1211,place_n3290281273,دورد آغاج,colloquial,osm
alias_n3290281275_1212,place_n3290281275,نعلبند,colloquial,osm
alias_n3290870010_1213,place_n3290870010,مارقاشا,colloquial,osm
alias_n3291475787_1214,place_n3291475787,شهید رجایی,colloquial,osm
alias_n3293075465_1215,place_n3293075465,جلنگدار,colloquial,osm
alias_n3294274116_1216,place_n3294274116,"ملومه, بشکافته سنگ",spelling,osm
alias_n3295035410_1217,place_n3295035410,روان,spelling,osm
alias_n3295047378_1218,place_n3295047378,Towhid,spelling,osm
alias_n3295047379_1219,place_n3295047379,بلاوه تره,colloquial,osm
alias_n3295188518_1220,place_n3295188518,دراشکفت,spelling,osm
alias_n3295228366_1221,place_n3295228366,چنار الله قلی,spelling,osm
alias_n3295228370_1222,place_n3295228370,دره باریک,spelling,osm
alias_n3295228372_1223,place_n3295228372,گراب,spelling,osm
alias_n3295228379_1224,place_n3295228379,پله کبود,spelling,osm
alias_n3295228380_1225,place_n3295228380,پشت تنگ سفلی,spelling,osm
alias_n3295228386_1226,place_n3295228386,زیر خاکی,spelling,osm
alias_n3295228388_1227,place_n3295228388,تازه آباد,spelling,osm
alias_n3295228391_1228,place_n3295228391,وربر,spelling,osm
alias_n3296314107_1229,place_n3296314107,رحمانیه,colloquial,osm
alias_n3296413443_1230,place_n3296413443,قزلیجه,colloquial,osm
alias_n3296450127_1231,place_n3296450127,نمک کور,colloquial,osm
alias_n3296825643_1232,place_n3296825643,بندر شیرینو,colloquial,osm
alias_n3296852715_1233,place_n3296852715,سیرکانه,spelling,osm
alias_n3298547689_1234,place_n3298547689,حصار شاه وردی خان,spelling,osm
alias_n3299076465_1235,place_n3299076465,القاص آباد,colloquial,osm
alias_n3300599660_1236,place_n3300599660,بزمیچال,colloquial,osm
alias_n3303926421_1237,place_n3303926421,تردان,colloquial,osm
alias_n3303983668_1238,place_n3303983668,ده کائید,colloquial,osm
alias_n3303995436_1239,place_n3303995436,شهوه ( دهستان معصومیه ),spelling,osm
alias_n3303995443_1240,place_n3303995443,ملک آباد,colloquial,osm
alias_n3303997730_1241,place_n3303997730,گاوخانه,old,osm
alias_n3304000561_1242,place_n3304000561,طرامزد,colloquial,osm
alias_n3306561207_1243,place_n3306561207,علیقلی بیگ,colloquial,osm
alias_n3307720082_1244,place_n3307720082,حاج ملک,colloquial,osm
alias_n3312596630_1245,place_n3312596630,مهدی آباد بزرگ,old,osm
alias_n3312647369_1246,place_n3312647369,پیریوسفیان,colloquial,osm
alias_n3314419620_1247,place_n3314419620,تیتان سر,colloquial,osm
alias_n3316170189_1248,place_n3316170189,Sirduleh,colloquial,osm
alias_n3318444291_1249,place_n3318444291,سخص آباد,colloquial,osm
alias_n3320513539_1250,place_n3320513539,محمدشهر,colloquial,osm
alias_n3321579573_1251,place_n3321579573,خرمدشت,colloquial,osm
alias_n3321661920_1252,place_n3321661920,اخگر آباد,old,osm
alias_n3327680286_1253,place_n3327680286,اسبمرد,colloquial,osm
alias_n3327743117_1254,place_n3327743117,عسل سر,colloquial,osm
alias_n3328312161_1255,place_n3328312161,امامزاده,colloquial,osm
alias_n3328362188_1256,place_n3328362188,گاوخسب,colloquial,osm
alias_n3331301991_1257,place_n3331301991,Dehnow-e Deh Kohneh,colloquial,osm
alias_n3331301992_1258,place_n3331301992,دهلر;ده لر,colloquial,osm
alias_n3331306793_1259,place_n3331306793,دهنو,colloquial,osm
alias_n3331307535_1261,place_n3331307535,دو آب;دواب,colloquial,osm
alias_n3331307536_1262,place_n3331307536,چاله جارو;هلاچارو;خلج رود,colloquial,osm
alias_n3331307536_1263,place_n3331307536,حلچرود,spelling,osm
alias_n3331326222_1264,place_n3331326222,قالنک;قالوک;قارلق,colloquial,osm
alias_n3331334709_1265,place_n3331334709,پیلنگور,colloquial,osm
alias_n3331343299_1266,place_n3331343299,Toshmalan;Tashmalan,colloquial,osm
alias_n3331344924_1267,place_n3331344924,Kazvina,colloquial,osm
alias_n3331344925_1268,place_n3331344925,Dehnow,colloquial,osm
alias_n3331344927_1269,place_n3331344927,حاجی آباد,spelling,osm
alias_n3331344930_1270,place_n3331344930,`Avileh Gah,colloquial,osm
alias_n3331344930_1271,place_n3331344930,طویله گاه,spelling,osm
alias_n3331352259_1272,place_n3331352259,چنار شیخ,colloquial,osm
alias_n3344891500_1273,place_n3344891500,آسیابار,spelling,osm
alias_n3373290729_1274,place_n3373290729,گل تپه,spelling,osm
alias_n3379658622_1275,place_n3379658622,گسیان,colloquial,osm
alias_n3379658623_1276,place_n3379658623,لورزینی,spelling,osm
alias_n3379658627_1277,place_n3379658627,ملا باستک,colloquial,osm
alias_n3380994068_1278,place_n3380994068,قره‌لر کوه,colloquial,osm
alias_n3386051276_1279,place_n3386051276,تپه ماکو,colloquial,osm
alias_n3386065059_1280,place_n3386065059,کنعان علیا,spelling,osm
alias_n3386065069_1281,place_n3386065069,کنعان سفلی,spelling,osm
alias_n3386065077_1282,place_n3386065077,ثمرتو,spelling,osm
alias_n3398925211_1283,place_n3398925211,زناسوج,spelling,osm
alias_n3439629673_1284,place_n3439629673,Sarab Nilufar,colloquial,osm
alias_n3458934179_1285,place_n3458934179,چکرود,spelling,osm
alias_n3476172997_1286,place_n3476172997,گوز آلتان,colloquial,osm
alias_n3510052460_1287,place_n3510052460,اسبیس,colloquial,osm
alias_n3511973634_1288,place_n3511973634,آقبلاغ طغامین,colloquial,osm
alias_n3511973634_1289,place_n3511973634,آقبلاغ طقامین,spelling,osm
alias_n3511981623_1290,place_n3511981623,چتاق;چطاق,colloquial,osm
alias_n3511981623_1291,place_n3511981623,چتاق,spelling,osm
alias_n3511990771_1292,place_n3511990771,سلطاناباد چطاق,colloquial,osm
alias_n3514369264_1293,place_n3514369264,Pirbol;Pirbala,colloquial,osm
alias_n3514689943_1294,place_n3514689943,چالی,colloquial,osm
alias_n3514689944_1295,place_n3514689944,چاپان علیى;چاپان;چاپان علیا,colloquial,osm
alias_n3514689945_1296,place_n3514689945,چاپان;چاپان سفلى,colloquial,osm
alias_n3514689946_1297,place_n3514689946,دولهسیر,colloquial,osm
alias_n3514689948_1298,place_n3514689948,علی آباد,colloquial,osm
alias_n3514689949_1299,place_n3514689949,یلو,colloquial,osm
alias_n3514689950_1300,place_n3514689950,یراب,colloquial,osm
alias_n3514689953_1301,place_n3514689953,کانی سید شکره,colloquial,osm
alias_n3514689962_1302,place_n3514689962,قلعهگاه کور کوز,colloquial,osm
alias_n3514689966_1303,place_n3514689966,سیاهوره,colloquial,osm
alias_n3514689969_1304,place_n3514689969,تمر بیگ,colloquial,osm
alias_n3514689971_1305,place_n3514689971,میرزا یرانشاه;میرانشاه;یران خواه;یران شاه;تیلکوه,colloquial,osm
alias_n3514759229_1306,place_n3514759229,اخضر آباد,colloquial,osm
alias_n3514759231_1307,place_n3514759231,چوملو,colloquial,osm
alias_n3514759234_1308,place_n3514759234,کیسلان,colloquial,osm
alias_n3514759239_1309,place_n3514759239,یاپش خان,colloquial,osm
alias_n3514816345_1310,place_n3514816345,بالاقلو,colloquial,osm
alias_n3514816346_1311,place_n3514816346,حسناباد قاشق,colloquial,osm
alias_n3514891561_1312,place_n3514891561,آیاخچی,colloquial,osm
alias_n3514891563_1313,place_n3514891563,چیچیخوار,colloquial,osm
alias_n3514891566_1314,place_n3514891566,کرزو,colloquial,osm
alias_n3514891569_1315,place_n3514891569,کریم آباد,colloquial,osm
alias_n3514891574_1316,place_n3514891574,کوپهقران,colloquial,osm
alias_n3514891576_1317,place_n3514891576,قره گل قوخ,colloquial,osm
alias_n3514891578_1318,place_n3514891578,گلزار علیا;قوزلوی بالا,colloquial,osm
alias_n3514891579_1319,place_n3514891579,گلزار سفلى,colloquial,osm
alias_n3514891580_1320,place_n3514891580,سولهکان,colloquial,osm
alias_n3515028362_1321,place_n3515028362,احمد آباد سرا,colloquial,osm
alias_n3515028363_1322,place_n3515028363,آخ كند;Akhkand,colloquial,osm
alias_n3515028364_1323,place_n3515028364,آلتون بالا,spelling,osm
alias_n3515028365_1324,place_n3515028365,Aitchi;Aichi,colloquial,osm
alias_n3515028369_1325,place_n3515028369,بلهجر,colloquial,osm
alias_n3515028371_1326,place_n3515028371,بغدا کندی,colloquial,osm
alias_n3515028371_1327,place_n3515028371,بوغدا کندی,spelling,osm
alias_n3515028388_1328,place_n3515028388,کویره گویز,colloquial,osm
alias_n3515030799_1329,place_n3515030799,ملقرنی,colloquial,osm
alias_n3515030800_1330,place_n3515030800,مرخوز;مرخز,colloquial,osm
alias_n3515030802_1331,place_n3515030802,میرده;میره ده;میر ده,colloquial,osm
alias_n3515030804_1332,place_n3515030804,Matru,colloquial,osm
alias_n3515030805_1333,place_n3515030805,قهر آباد,colloquial,osm
alias_n3515030809_1334,place_n3515030809,قشلاق افغازان,colloquial,osm
alias_n3515030817_1335,place_n3515030817,سیاهدر علیا,colloquial,osm
alias_n3515030818_1336,place_n3515030818,سوتج,colloquial,osm
alias_n3515030819_1337,place_n3515030819,طاهر بغده,colloquial,osm
alias_n3515030822_1338,place_n3515030822,تورجان;ترجان,colloquial,osm
alias_n3515338886_1339,place_n3515338886,بینجان;بادمجان,colloquial,osm
alias_n3515338891_1340,place_n3515338891,درۀ زیارت پائین;دره زیارت سفلى;دره زیارت;درۀ زیارت سفلى;دره زیارت پائین,colloquial,osm
alias_n3515338892_1341,place_n3515338892,درۀ زیارت بالا;دره زیارت بالا;درۀ زیارت علیا,colloquial,osm
alias_n3515349493_1342,place_n3515349493,سماغلو,colloquial,osm
alias_n3515349505_1343,place_n3515349505,کرمل;کرمله;کاومله,colloquial,osm
alias_n3515349512_1344,place_n3515349512,قاوخان,colloquial,osm
alias_n3515349513_1345,place_n3515349513,کوره گوزه;کویره کویز,colloquial,osm
alias_n3515349518_1346,place_n3515349518,قبغلوچه,colloquial,osm
alias_n3515349525_1347,place_n3515349525,قشلاق صالح بیک,colloquial,osm
alias_n3515349529_1348,place_n3515349529,سر تکتلو,colloquial,osm
alias_n3515349531_1349,place_n3515349531,سفتاله;سیف طاله,colloquial,osm
alias_n3515349533_1350,place_n3515349533,سیانزار;سیاه نسار,colloquial,osm
alias_n3515349536_1351,place_n3515349536,ویزمالا;وزمله,colloquial,osm
alias_n3515349539_1352,place_n3515349539,عرب لنگ;پلنگ دژ,colloquial,osm
alias_n3515413865_1353,place_n3515413865,Sar Auqamish;Sarab-e Qamish,colloquial,osm
alias_n3515565391_1354,place_n3515565391,محمد آباد;محموده,colloquial,osm
alias_n3515652596_1355,place_n3515652596,گاوشان,colloquial,osm
alias_n3516572616_1356,place_n3516572616,ملک آباد;ملاک آباد,colloquial,osm
alias_n3516572618_1357,place_n3516572618,ماماند;مامن,colloquial,osm
alias_n3516572621_1358,place_n3516572621,مار آب;قلعه مراب;قلعۀ ماران;قلع مرب,colloquial,osm
alias_n3516572622_1359,place_n3516572622,ملرنج;مارینج;مارج,colloquial,osm
alias_n3516572625_1360,place_n3516572625,Maveyan,colloquial,osm
alias_n3516572626_1361,place_n3516572626,مخانه;مهدی خان,colloquial,osm
alias_n3516572627_1362,place_n3516572627,مهراب,colloquial,osm
alias_n3516572629_1363,place_n3516572629,مجین;میزین,colloquial,osm
alias_n3516572630_1364,place_n3516572630,میله;مله,colloquial,osm
alias_n3516572631_1365,place_n3516572631,میانه;میدانه,colloquial,osm
alias_n3516572632_1366,place_n3516572632,مهم سفلى;مهام;میهم پائین,colloquial,osm
alias_n3516572633_1367,place_n3516572633,مهم;میهم بالا,colloquial,osm
alias_n3516572634_1368,place_n3516572634,مهنتباد,colloquial,osm
alias_n3516572635_1369,place_n3516572635,مهمان آباد;محمد آباد,colloquial,osm
alias_n3516572636_1370,place_n3516572636,میل سفید;حوز قرا خان,colloquial,osm
alias_n3516572638_1371,place_n3516572638,میر جاسر;میر عصار,colloquial,osm
alias_n3516572640_1372,place_n3516572640,دکلهرش;کلۀ رش;مبارک آباد;مبارک آباد کله رش;مباراکاباد کله رش;مبارکاباد کلهرش;مبارکاباد کله رش;قلعۀ رش,colloquial,osm
alias_n3516572642_1373,place_n3516572642,پرتاله,colloquial,osm
alias_n3516572643_1374,place_n3516572643,محمداباد کریان,colloquial,osm
alias_n3516572644_1375,place_n3516572644,محمد آباد;محمداباد نیل,colloquial,osm
alias_n3516572646_1376,place_n3516572646,مقوله;مقلی,colloquial,osm
alias_n3516572647_1377,place_n3516572647,میرآباد;امیرآباد,colloquial,osm
alias_n3516572648_1378,place_n3516572648,مشیراباد آوریه;موشیر آباد;مشیر آباد;مشیراباد اوریه;موشر آباد,colloquial,osm
alias_n3516572649_1379,place_n3516572649,قلایلان,spelling,osm
alias_n3516572651_1380,place_n3516572651,موئینه;مونیه,colloquial,osm
alias_n3516572652_1381,place_n3516572652,نی آباد,colloquial,osm
alias_n3516572653_1382,place_n3516572653,ندرشه,colloquial,osm
alias_n3516572655_1383,place_n3516572655,نیرینجه,colloquial,osm
alias_n3516572657_1384,place_n3516572657,تازه آباد;نصر آباد,colloquial,osm
alias_n3516572658_1385,place_n3516572658,تازه آباد;تازهاباد دیزج,colloquial,osm
alias_n3516572660_1386,place_n3516572660,نعمتاباد علیا;نعمت آباد,colloquial,osm
alias_n3516572661_1387,place_n3516572661,ندری;نادری,colloquial,osm
alias_n3516572662_1388,place_n3516572662,نقارستان,colloquial,osm
alias_n3516572667_1389,place_n3516572667,آسیاب برق,colloquial,osm
alias_n3516572668_1390,place_n3516572668,Nushur;Tappeh,colloquial,osm
alias_n3516572671_1391,place_n3516572671,اوچ بلاغ;وچ بلاغ,colloquial,osm
alias_n3516572672_1392,place_n3516572672,اریه,colloquial,osm
alias_n3516572676_1393,place_n3516572676,تازه آباد;تازهاباد جامه شوران,colloquial,osm
alias_n3516572677_1394,place_n3516572677,پاش آباد,colloquial,osm
alias_n3516572678_1395,place_n3516572678,Pir Bawali,colloquial,osm
alias_n3516572682_1396,place_n3516572682,پیر تاجی,colloquial,osm
alias_n3516572683_1397,place_n3516572683,پل سرگان;پلو سرکان;پلسرکن,colloquial,osm
alias_n3516572686_1398,place_n3516572686,قادر مز;قدیر مز,colloquial,osm
alias_n3516572688_1399,place_n3516572688,احمد آباد,colloquial,osm
alias_n3516572689_1400,place_n3516572689,قلعه غه,colloquial,osm
alias_n3516572690_1401,place_n3516572690,قلعۀ کومائین,colloquial,osm
alias_n3516572691_1402,place_n3516572691,کال,colloquial,osm
alias_n3516572692_1403,place_n3516572692,Qal`eh-ye Lan;Qal`elan;Amirabad-e Qal`eh Lan;Kalilan;Amirabad-e Qal`ehlan;Qala`lan,colloquial,osm
alias_n3516572772_1404,place_n3516572772,سفید سوار;آب باریک,colloquial,osm
alias_n3516572773_1405,place_n3516572773,آفریان بالا,colloquial,osm
alias_n3516572774_1406,place_n3516572774,آفریان پائین,colloquial,osm
alias_n3516572775_1407,place_n3516572775,آغکند بالا;آق کند بالا;اهکند بال;آغکند علیا,colloquial,osm
alias_n3516572779_1408,place_n3516572779,احمداباد باش آباد;احمد آباد,colloquial,osm
alias_n3516572780_1409,place_n3516572780,Ahmadabad-e Panjeh;Ahmadabad,colloquial,osm
alias_n3516572781_1410,place_n3516572781,ازیجه,colloquial,osm
alias_n3516572782_1411,place_n3516572782,Adchai,colloquial,osm
alias_n3516572785_1412,place_n3516572785,الک کهنه,colloquial,osm
alias_n3516572786_1413,place_n3516572786,الاهیاری,colloquial,osm
alias_n3516572788_1414,place_n3516572788,مین آباد;امیناباد هیاته بزرگ,colloquial,osm
alias_n3516572789_1415,place_n3516572789,مینهاباب,colloquial,osm
alias_n3516581496_1416,place_n3516581496,آقبلاق,colloquial,osm
alias_n3516581498_1417,place_n3516581498,آقامراد,colloquial,osm
alias_n3516581499_1418,place_n3516581499,آرزند;ارزانی,colloquial,osm
alias_n3516581500_1419,place_n3516581500,Asifabad,colloquial,osm
alias_n3516581503_1420,place_n3516581503,آسیب جو;اشابجو,colloquial,osm
alias_n3516581506_1421,place_n3516581506,بب گرگر,colloquial,osm
alias_n3516581509_1422,place_n3516581509,بارا رستم,colloquial,osm
alias_n3516581510_1423,place_n3516581510,Baba Saidullah,colloquial,osm
alias_n3516581511_1424,place_n3516581511,باب سورخ;باب سورخه,colloquial,osm
alias_n3516581512_1425,place_n3516581512,بغلجه,colloquial,osm
alias_n3516581515_1426,place_n3516581515,بهرام آباد,colloquial,osm
alias_n3516581519_1427,place_n3516581519,Bakhoram,colloquial,osm
alias_n3516581520_1428,place_n3516581520,بلوچه,colloquial,osm
alias_n3516581521_1429,place_n3516581521,بالوانه;بلیانه;بالوانۀ خالدی,colloquial,osm
alias_n3516581522_1430,place_n3516581522,Tajabad,colloquial,osm
alias_n3516581529_1431,place_n3516581529,بینل;بیانلو,colloquial,osm
alias_n3516581530_1432,place_n3516581530,بیتمر;بیت عمر;بای تمر,colloquial,osm
alias_n3516581534_1433,place_n3516581534,بول بند آباد;بلبان آباد,colloquial,osm
alias_n3516581536_1434,place_n3516581536,برمه تپه,colloquial,osm
alias_n3516581537_1435,place_n3516581537,عبد الله;بودلا;مشیر آباد,colloquial,osm
alias_n3516581539_1436,place_n3516581539,بربن;بوریان;بوروان;بوربان,colloquial,osm
alias_n3516581540_1437,place_n3516581540,چلاخ;چقر بلاغ,colloquial,osm
alias_n3516581541_1438,place_n3516581541,چامگولی;چامه گول;چمغل شید;چمقلو شیدا;چمغلوی شیدا;چمقلو,colloquial,osm
alias_n3516581542_1439,place_n3516581542,چوار گاءو;چهار گاو,colloquial,osm
alias_n3516581543_1440,place_n3516581543,چخمک دره;چخماغ دره;چقماق دره,colloquial,osm
alias_n3516581545_1441,place_n3516581545,چماقلو;چم اغلی;چم قلو;چمقلو,colloquial,osm
alias_n3516581550_1442,place_n3516581550,Chinaran,colloquial,osm
alias_n3516581551_1443,place_n3516581551,Chinareh,colloquial,osm
alias_n3516581552_1444,place_n3516581552,Chiraghabad,colloquial,osm
alias_n3516581553_1445,place_n3516581553,شکر ابد ابدل ابد;شکر آباد,colloquial,osm
alias_n3516581557_1446,place_n3516581557,چشمۀ جانقلی;کانئ جانقلی;چشمه خانقلی;چشمه جانقلی,colloquial,osm
alias_n3516581559_1447,place_n3516581559,چشمۀ خلیل;چشمه خلیل,colloquial,osm
alias_n3516581560_1448,place_n3516581560,چشمه کوره;چشمه کور,colloquial,osm
alias_n3516581561_1449,place_n3516581561,چشمه منتس;چشمه منش;چشمه میش;چشمه منتش,colloquial,osm
alias_n3516581562_1450,place_n3516581562,چشمه قلی;وزون آقاچ;عوز آغاچ,colloquial,osm
alias_n3516581563_1451,place_n3516581563,چشمه روباه;روباه;چشمه ریبات;چشمه رباط,colloquial,osm
alias_n3516581566_1452,place_n3516581566,چگنی;جیگونی;چکنی,colloquial,osm
alias_n3516581568_1453,place_n3516581568,چقا براله,colloquial,osm
alias_n3516581569_1454,place_n3516581569,چنو;چن,colloquial,osm
alias_n3516581571_1455,place_n3516581571,چوبی,colloquial,osm
alias_n3516581574_1456,place_n3516581574,دهلک;ده لو;دلک,colloquial,osm
alias_n3516581576_1457,place_n3516581576,در غیاث;دره قیاس;دره قناس;دار قیس,colloquial,osm
alias_n3516581577_1458,place_n3516581577,دار توت,colloquial,osm
alias_n3516581578_1459,place_n3516581578,دارمرود,colloquial,osm
alias_n3516581582_1460,place_n3516581582,دره ویان علیا;دره ویان بالا;دره ویان,colloquial,osm
alias_n3516581583_1461,place_n3516581583,دره ویان سفلى,colloquial,osm
alias_n3516581584_1462,place_n3516581584,Dasht Bulaq,colloquial,osm
alias_n3516581585_1463,place_n3516581585,دشت کسان,colloquial,osm
alias_n3516581587_1464,place_n3516581587,ده رقه;دهرقه,colloquial,osm
alias_n3516581589_1465,place_n3516581589,ترک علی; دیرکلو,colloquial,osm
alias_n3516581590_1466,place_n3516581590,ده مولا,colloquial,osm
alias_n3516581591_1467,place_n3516581591,Diwazan,colloquial,osm
alias_n3516581592_1468,place_n3516581592,Yazgaran;Dizgeran,colloquial,osm
alias_n3516582295_1469,place_n3516582295,دوسر,colloquial,osm
alias_n3516582297_1470,place_n3516582297,دولتیار,colloquial,osm
alias_n3516582298_1471,place_n3516582298,قلالو خان,colloquial,osm
alias_n3516582299_1472,place_n3516582299,دولتکند,colloquial,osm
alias_n3516582300_1473,place_n3516582300,دره کاخ;دره باغ;دره باخ;دول باغ,colloquial,osm
alias_n3516582301_1474,place_n3516582301,دوروب;دوراب,colloquial,osm
alias_n3516582302_1475,place_n3516582302,سردشت ابراهیم آباد;سردشت,colloquial,osm
alias_n3516582303_1476,place_n3516582303,اشکفتان;اشگفتان;شکفتان,colloquial,osm
alias_n3516582305_1477,place_n3516582305,دول کرو,colloquial,osm
alias_n3516582307_1478,place_n3516582307,فقر آباد;فکر آباد,colloquial,osm
alias_n3516582308_1479,place_n3516582308,Faq-i-Sulaiman,colloquial,osm
alias_n3516582310_1480,place_n3516582310,فرح آباد;فره آباد,colloquial,osm
alias_n3516582314_1481,place_n3516582314,کچی گرد,colloquial,osm
alias_n3516582315_1482,place_n3516582315,کاهی یار;گائیدر,colloquial,osm
alias_n3516582317_1483,place_n3516582317,گندب الی;گنداب علیا;کنداب بال,colloquial,osm
alias_n3516582318_1484,place_n3516582318,گندب سفل;گنداب سفلى,colloquial,osm
alias_n3516582319_1485,place_n3516582319,کان گنجی;کانی گنجی;کانی گنجه,colloquial,osm
alias_n3516582320_1486,place_n3516582320,قراچقا;گراچقا;گرا چقا;قار چوگه;کر چق,colloquial,osm
alias_n3516582321_1487,place_n3516582321,گراوه;گر آباد,colloquial,osm
alias_n3516582327_1488,place_n3516582327,کان زر;کانی زر;کن زر,colloquial,osm
alias_n3516582329_1489,place_n3516582329,گر گزارۀ علیا;گز گزر بالا;گز گزارۀ بالا;گزگزاره بال;گزگزارۀ علیا,colloquial,osm
alias_n3516582330_1490,place_n3516582330,گزگزاره سفلی,colloquial,osm
alias_n3516582331_1491,place_n3516582331,گزیوان;گزریوان,colloquial,osm
alias_n3516582332_1492,place_n3516582332,جزنه,colloquial,osm
alias_n3516582334_1493,place_n3516582334,Gelyan,colloquial,osm
alias_n3516582335_1494,place_n3516582335,گرد میران علیا;گردمیران علیا,colloquial,osm
alias_n3516582336_1495,place_n3516582336,گرد میران سفلى,colloquial,osm
alias_n3516582337_1496,place_n3516582337,گرگر علیا;گر گر علیا,colloquial,osm
alias_n3516582338_1497,place_n3516582338,گرگر;گرگر سفلى,colloquial,osm
alias_n3516582339_1498,place_n3516582339,Ghulamabad,colloquial,osm
alias_n3516582340_1499,place_n3516582340,گل گلی,colloquial,osm
alias_n3516582341_1500,place_n3516582341,گلبلاغ پائین;کل بولاغ;گلباغ سفلى;گل بلاغ,colloquial,osm
alias_n3516582342_1501,place_n3516582342,گلبلاغ حجی میر;حوز حجی میر;گلبلاغ علیا;گلبلاغ بالا,colloquial,osm
alias_n3516582345_1502,place_n3516582345,گنبدۀ بالا;گنبده علیا,colloquial,osm
alias_n3516582349_1503,place_n3516582349,گرگ آبی,colloquial,osm
alias_n3516582350_1504,place_n3516582350,Gurganeh,colloquial,osm
alias_n3516582353_1505,place_n3516582353,گزلقیه;گزل قایه,colloquial,osm
alias_n3516582356_1506,place_n3516582356,حاجیباد,colloquial,osm
alias_n3516582358_1507,place_n3516582358,هاجی آباد,colloquial,osm
alias_n3516582360_1508,place_n3516582360,اندیمن;هیندمان;هندمان,colloquial,osm
alias_n3516582361_1509,place_n3516582361,Handyandar,colloquial,osm
alias_n3516582364_1510,place_n3516582364,حسین آباد,colloquial,osm
alias_n3516582366_1511,place_n3516582366,هانیّه,colloquial,osm
alias_n3516582367_1512,place_n3516582367,هندی بولخ,colloquial,osm
alias_n3516582368_1513,place_n3516582368,هیعت آباد,colloquial,osm
alias_n3516582369_1514,place_n3516582369,نیوند کند,colloquial,osm
alias_n3516582370_1515,place_n3516582370,ومیون;همین,colloquial,osm
alias_n3516582371_1516,place_n3516582371,حسن آباد;حسناباد محمد نظر;حسناباد کهنه,colloquial,osm
alias_n3516582373_1517,place_n3516582373,Husainabad,colloquial,osm
alias_n3516582374_1518,place_n3516582374,حسین آباد گرگان;حسیناباد گرگان,colloquial,osm
alias_n3516582378_1519,place_n3516582378,حسیناباد زله جو;حسیناباد زله جوب,colloquial,osm
alias_n3516582380_1520,place_n3516582380,هوانله,colloquial,osm
alias_n3516582383_1521,place_n3516582383,جمه شوراءو,colloquial,osm
alias_n3516582384_1522,place_n3516582384,جوان میر آباد,colloquial,osm
alias_n3516582386_1523,place_n3516582386,جداقیه;جد غیه;جدا قایه;جدا قیه,colloquial,osm
alias_n3516582387_1524,place_n3516582387,بغداد کوچولو;جوربندی,colloquial,osm
alias_n3516582389_1525,place_n3516582389,کبودخانه;کبود خانی;کبود خانئ علیا,colloquial,osm
alias_n3516582390_1526,place_n3516582390,کبود خانئ سفلى,colloquial,osm
alias_n3516582391_1527,place_n3516582391,گچله,colloquial,osm
alias_n3516582694_1528,place_n3516582694,کاکوی علیا,colloquial,osm
alias_n3516582695_1529,place_n3516582695,کاکوی سفلى,colloquial,osm
alias_n3516582696_1530,place_n3516582696,کلاته,colloquial,osm
alias_n3516582697_1531,place_n3516582697,Kal-i-Keh,colloquial,osm
alias_n3516582699_1532,place_n3516582699,کمالاباد محمد صالح,colloquial,osm
alias_n3516582701_1533,place_n3516582701,کمشگران,colloquial,osm
alias_n3516582702_1534,place_n3516582702,Kangaru,colloquial,osm
alias_n3516582703_1535,place_n3516582703,کانی چائی,colloquial,osm
alias_n3516582706_1536,place_n3516582706,کانی سواران,colloquial,osm
alias_n3516582707_1537,place_n3516582707,Kani Shah Quli;Kan Shah Qoli;Kani Shaqoli,colloquial,osm
alias_n3516582710_1538,place_n3516582710,علی وردی,colloquial,osm
alias_n3516582711_1539,place_n3516582711,کره پویان;کره بین;کره پوان;کره پووان;کارپیان,colloquial,osm
alias_n3516582712_1540,place_n3516582712,گاوانه,colloquial,osm
alias_n3516582714_1541,place_n3516582714,کازیم آباد,colloquial,osm
alias_n3516582716_1542,place_n3516582716,خمسان;خامسان,colloquial,osm
alias_n3516582720_1543,place_n3516582720,خاندانقلی,colloquial,osm
alias_n3516582724_1544,place_n3516582724,Khawarabad,colloquial,osm
alias_n3516582726_1545,place_n3516582726,Khairabad,colloquial,osm
alias_n3516582727_1546,place_n3516582727,Khairabad,colloquial,osm
alias_n3516582728_1547,place_n3516582728,خداین,colloquial,osm
alias_n3516582729_1548,place_n3516582729,خرزم آباد;سکانی;خرماباد امیدکانی,colloquial,osm
alias_n3516582732_1549,place_n3516582732,وشکمروی پائین;خشکمرود سفلى;خشکه مرود;خشکمرود پائین,colloquial,osm
alias_n3516582733_1550,place_n3516582733,حواری;خشکه مرود;خشکمرود علیا;وشکمروی بالا;خشکمرود بالا,colloquial,osm
alias_n3516582734_1551,place_n3516582734,خوسروبد,colloquial,osm
alias_n3516582735_1552,place_n3516582735,خرخره;خور خوره;خورخوره,colloquial,osm
alias_n3516582740_1553,place_n3516582740,قیلوان;کیلولان;کلیله گلان;کیله گلان,colloquial,osm
alias_n3516582741_1554,place_n3516582741,کیلک;کیلیگ,colloquial,osm
alias_n3516582742_1555,place_n3516582742,کلابکر,colloquial,osm
alias_n3516582746_1556,place_n3516582746,کوبکان,colloquial,osm
alias_n3516582760_1557,place_n3516582760,کوله دره,colloquial,osm
alias_n3516582763_1558,place_n3516582763,کوره درۀ علیا,colloquial,osm
alias_n3516582764_1559,place_n3516582764,کوره درۀ پائین;کوره درۀ سفلى,colloquial,osm
alias_n3516582766_1560,place_n3516582766,Lay Pol,colloquial,osm
alias_n3516582767_1561,place_n3516582767,لاله;لالهئی,colloquial,osm
alias_n3516582769_1562,place_n3516582769,Lanjabad,colloquial,osm
alias_n3516582770_1563,place_n3516582770,لون;لونه کون;لون کهن;لن,colloquial,osm
alias_n3516582792_1564,place_n3516582792,Qaran;Qerran,colloquial,osm
alias_n3516582896_1565,place_n3516582896,اراغل;قراغل,colloquial,osm
alias_n3516582898_1566,place_n3516582898,غره بلغ خن;قره بلاغ;قره بلاغ خان,colloquial,osm
alias_n3516582899_1567,place_n3516582899,قر بلاغ پنجه;قره بولاغ;قره بلاغ پنجه;کره بلاغ;کره بولاغ,colloquial,osm
alias_n3516582901_1568,place_n3516582901,قراطوره;قره توره;قرا طوره,colloquial,osm
alias_n3516582903_1569,place_n3516582903,کائیدر;قریدر;قوریدر;کریدر;قرودر,colloquial,osm
alias_n3516582907_1570,place_n3516582907,قسریان;قصریان,colloquial,osm
alias_n3516582909_1571,place_n3516582909,قازی جوب,colloquial,osm
alias_n3516582995_1572,place_n3516582995,قشلاق حسن;قشلاق حسن خان,colloquial,osm
alias_n3516582996_1573,place_n3516582996,قشلاق نوروز,colloquial,osm
alias_n3516582999_1574,place_n3516582999,قلعه خان قزی خانم,colloquial,osm
alias_n3516583001_1575,place_n3516583001,قوچاق,colloquial,osm
alias_n3516583002_1576,place_n3516583002,قریچاه,colloquial,osm
alias_n3516583004_1577,place_n3516583004,رمیشت,colloquial,osm
alias_n3516583005_1578,place_n3516583005,رامل,colloquial,osm
alias_n3516583008_1579,place_n3516583008,تپله;تپه,colloquial,osm
alias_n3516583009_1580,place_n3516583009,ساعد آباد,colloquial,osm
alias_n3516583010_1581,place_n3516583010,سبزبار,colloquial,osm
alias_n3516583011_1582,place_n3516583011,Sadiqabad,colloquial,osm
alias_n3516583015_1583,place_n3516583015,سلامت آباد;صلوات آباد;روستای صلوات آباد,colloquial,osm
alias_n3516583017_1584,place_n3516583017,صندق آباد,colloquial,osm
alias_n3516583020_1585,place_n3516583020,کوچک چرمه;کوچک چل مه,colloquial,osm
alias_n3516583022_1586,place_n3516583022,Sar Chashm;Sar Chashmeh;Sar Cheshmeh,colloquial,osm
alias_n3516583025_1587,place_n3516583025,سراب دو کل;سرب دگل,colloquial,osm
alias_n3516583026_1588,place_n3516583026,سر اوقات,colloquial,osm
alias_n3516583027_1589,place_n3516583027,سرن سریک;شارک پائین,colloquial,osm
alias_n3516583028_1590,place_n3516583028,سراب,colloquial,osm
alias_n3516583029_1591,place_n3516583029,سراب کام,colloquial,osm
alias_n3516583031_1592,place_n3516583031,سرچین,colloquial,osm
alias_n3516583032_1593,place_n3516583032,سرکل,colloquial,osm
alias_n3516583034_1594,place_n3516583034,Sarwaleh,colloquial,osm
alias_n3516583035_1595,place_n3516583035,پشت دربند,colloquial,osm
alias_n3516583036_1596,place_n3516583036,سیلساله,colloquial,osm
alias_n3516583037_1597,place_n3516583037,سمان,colloquial,osm
alias_n3516583039_1598,place_n3516583039,سرنجیانه;سیرنجانه;سیرینجانه,colloquial,osm
alias_n3516583040_1599,place_n3516583040,سرنجیانه بالا;سیرینجیانۀ بالا;سرنجیانه علیا,colloquial,osm
alias_n3516583041_1600,place_n3516583041,سیرینجیانۀ پائین;سرنجیانه پائین;سرنجیانه سفلى,colloquial,osm
alias_n3516583042_1601,place_n3516583042,چال آباد;سیف آباد,colloquial,osm
alias_n3516583044_1602,place_n3516583044,اسفند آباد,colloquial,osm
alias_n3516583045_1603,place_n3516583045,سییده;سیدان,colloquial,osm
alias_n3516583048_1604,place_n3516583048,شاه چوب,colloquial,osm
alias_n3516583051_1605,place_n3516583051,شینی;شیم,colloquial,osm
alias_n3516583053_1606,place_n3516583053,شهرک سفلى;شاراک پائین;شریکۀ پائین,colloquial,osm
alias_n3516583054_1607,place_n3516583054,شه نره;شاهنوزه;شانوره,colloquial,osm
alias_n3516583058_1608,place_n3516583058,شیده,colloquial,osm
alias_n3516583061_1609,place_n3516583061,شیخ تاوز;شیخ تقه;شیخ تقی,colloquial,osm
alias_n3516583064_1610,place_n3516583064,سرکوش پائین;شیر کش سفلى;سرکش پائین,colloquial,osm
alias_n3516583068_1611,place_n3516583068,سجاد آباد,colloquial,osm
alias_n3516583069_1612,place_n3516583069,شکراباد میهم,colloquial,osm
alias_n3516583071_1613,place_n3516583071,شترمل;شتر مل;اشترمل,colloquial,osm
alias_n3516583072_1614,place_n3516583072,شوراب هزاره;شوراب,colloquial,osm
alias_n3516583073_1615,place_n3516583073,شوراب;شوراب خان,colloquial,osm
alias_n3516583074_1616,place_n3516583074,شوراب;حاجی شوراب,colloquial,osm
alias_n3516583075_1617,place_n3516583075,سوشتارین,colloquial,osm
alias_n3516583076_1618,place_n3516583076,سیاناو,colloquial,osm
alias_n3516583079_1619,place_n3516583079,سبیس;سهبیس,colloquial,osm
alias_n3516583080_1620,place_n3516583080,ستوده;ستوته,colloquial,osm
alias_n3516583082_1621,place_n3516583082,سلطاناباد دره ویران,colloquial,osm
alias_n3516583086_1622,place_n3516583086,صفی آباد,colloquial,osm
alias_n3516583088_1623,place_n3516583088,Surhal,colloquial,osm
alias_n3516583090_1624,place_n3516583090,طای,colloquial,osm
alias_n3516583092_1625,place_n3516583092,طهماسب قلی;طهماسب قلعه,colloquial,osm
alias_n3516583393_1626,place_n3516583393,طهورث,colloquial,osm
alias_n3516583394_1627,place_n3516583394,Sar-i-Tajareh,colloquial,osm
alias_n3516583397_1628,place_n3516583397,تخت رنگی;تخت زنگی,colloquial,osm
alias_n3516583401_1629,place_n3516583401,ترازوله;ترزوله,colloquial,osm
alias_n3516583406_1630,place_n3516583406,تازهاباد طهماسبقلی,colloquial,osm
alias_n3516583407_1631,place_n3516583407,تازه آباد;تازهاباد چراغ آباد,colloquial,osm
alias_n3516583408_1632,place_n3516583408,تازهاباد گیلکلو,colloquial,osm
alias_n3516583409_1633,place_n3516583409,کریم آباد,colloquial,osm
alias_n3516583410_1634,place_n3516583410,تزاوه;تازهاباد خلیل آباد;تازهاباد سید محمود;تازه آباد,colloquial,osm
alias_n3516583411_1635,place_n3516583411,Tazehabad;Tazehabad-e Averyeh,colloquial,osm
alias_n3516583412_1636,place_n3516583412,تازهاباد دولکرو,colloquial,osm
alias_n3516583413_1637,place_n3516583413,تازهاباد سر آب قحط;تازه آوه;تازهاباد سراب قحط,colloquial,osm
alias_n3516583414_1638,place_n3516583414,تازه آباد,colloquial,osm
alias_n3516583415_1639,place_n3516583415,تیلکوه,colloquial,osm
alias_n3516583417_1640,place_n3516583417,تربریز;توربه ریز,colloquial,osm
alias_n3516583418_1641,place_n3516583418,طوغان پل سرکان,colloquial,osm
alias_n3516583419_1642,place_n3516583419,تغان;طوغان بابا گر گر;طوغان;توغان جدید,colloquial,osm
alias_n3516583420_1643,place_n3516583420,تپ آغاج;تباغاج;توپ آقاچ,colloquial,osm
alias_n3516583421_1644,place_n3516583421,Waliabad,colloquial,osm
alias_n3516583422_1645,place_n3516583422,وامستانه,colloquial,osm
alias_n3516583423_1646,place_n3516583423,ونارنی سفلى;وندرنئ سفلى;وندرنئ پائین;وندرنی سفلى,colloquial,osm
alias_n3516583424_1647,place_n3516583424,Vendarni-ye `Olya;Vondarni-ye `Olya,colloquial,osm
alias_n3516583427_1648,place_n3516583427,Warmaqan,colloquial,osm
alias_n3516583428_1649,place_n3516583428,واسی;وصی پائین,colloquial,osm
alias_n3516583429_1650,place_n3516583429,وصی بالا,colloquial,osm
alias_n3516583430_1651,place_n3516583430,وزمانۀ سفلى;وزمانۀ پائین,colloquial,osm
alias_n3516583431_1652,place_n3516583431,ازمانۀ علیا;وزمانۀ بالا;وزمانۀ علیا;وزمانه,colloquial,osm
alias_n3516583432_1653,place_n3516583432,وینسار;وینسر,colloquial,osm
alias_n3516583434_1654,place_n3516583434,ویس مری;وازمیره,colloquial,osm
alias_n3516583435_1655,place_n3516583435,یغواسی,colloquial,osm
alias_n3516583436_1656,place_n3516583436,یالغوز آغاج;یلقوز اغاج;یالقوز آغاج;هلزاقاچ;آلوزاقج,colloquial,osm
alias_n3516583437_1657,place_n3516583437,یمینان علی;یمنان بالا;یمنان علیا,colloquial,osm
alias_n3516583438_1658,place_n3516583438,یمنان;یمینان;یمنان پائین;یمنان سفلى;یمینان سفلى,colloquial,osm
alias_n3516583439_1659,place_n3516583439,جعفرآباد,colloquial,osm
alias_n3516583443_1660,place_n3516583443,Zarinjur,colloquial,osm
alias_n3516583444_1661,place_n3516583444,زرین چوب;زرین جو;زرین جنوبی,colloquial,osm
alias_n3516583445_1662,place_n3516583445,زرینه آباد,colloquial,osm
alias_n3516583448_1663,place_n3516583448,Zarwan,colloquial,osm
alias_n3516583449_1664,place_n3516583449,زیویه,colloquial,osm
alias_n3516583451_1665,place_n3516583451,هواس آباد,colloquial,osm
alias_n3516583454_1666,place_n3516583454,آلاگن;آلاگز,colloquial,osm
alias_n3516583456_1667,place_n3516583456,علی آباد,colloquial,osm
alias_n3516583458_1668,place_n3516583458,علیاباد مشیر,colloquial,osm
alias_n3516583459_1669,place_n3516583459,علیاباد یالغوز آغاج,colloquial,osm
alias_n3516583460_1670,place_n3516583460,علیاباد کشی چرمی;علیاباد چشمه سفید,colloquial,osm
alias_n3516583461_1671,place_n3516583461,علی آباد,colloquial,osm
alias_n3516583462_1672,place_n3516583462,علی آباد;علیاباد لوچ,colloquial,osm
alias_n3516583463_1673,place_n3516583463,عرب شاه,colloquial,osm
alias_n3516583465_1674,place_n3516583465,عصر آباد;اسد آباد,colloquial,osm
alias_n3516583466_1675,place_n3516583466,اعزم آباد,colloquial,osm
alias_n3516648326_1676,place_n3516648326,وچگنبد خان,colloquial,osm
alias_n3516648326_1677,place_n3516648326,اوچ گنبد خان,spelling,osm
alias_n3516700386_1678,place_n3516700386,آقبلاغ علیکبر خان,colloquial,osm
alias_n3516702000_1679,place_n3516702000,قزل کند,colloquial,osm
alias_n3516753618_1680,place_n3516753618,نور محمد کندی,colloquial,osm
alias_n3517168054_1681,place_n3517168054,Andarab;Andarad,colloquial,osm
alias_n3517168055_1682,place_n3517168055,هانه;هنه,colloquial,osm
alias_n3517168056_1683,place_n3517168056,ارندان;آرنان;ارنن;رندان;ارنان,colloquial,osm
alias_n3517168057_1684,place_n3517168057,Barzao;Barza'u;Borzab,colloquial,osm
alias_n3517168058_1685,place_n3517168058,Bij Laniyeh;Boz Lanah;Bezlaneh,colloquial,osm
alias_n3517168062_1686,place_n3517168062,ساعد آباد,colloquial,osm
alias_n3517168063_1687,place_n3517168063,دره شان,colloquial,osm
alias_n3517168066_1688,place_n3517168066,گلشن;تکیۀ گلین,colloquial,osm
alias_n3517168067_1689,place_n3517168067,کندمان,colloquial,osm
alias_n3517168070_1690,place_n3517168070,Gerger-e Pa'in;Gerger,colloquial,osm
alias_n3517168071_1691,place_n3517168071,کیلانه;کیفنه,colloquial,osm
alias_n3517168074_1692,place_n3517168074,هوانله;حلوان,colloquial,osm
alias_n3517168076_1693,place_n3517168076,هاشمیس,colloquial,osm
alias_n3517168079_1694,place_n3517168079,کلیج;کلجی,colloquial,osm
alias_n3517168080_1695,place_n3517168080,Kani Meshkan;Kani Moshgan;Kani Mizhgan;Kani Meshgan,colloquial,osm
alias_n3517168081_1696,place_n3517168081,کانی شلانه,colloquial,osm
alias_n3517168083_1697,place_n3517168083,Qaraju,colloquial,osm
alias_n3517168085_1698,place_n3517168085,خانقاه,colloquial,osm
alias_n3517168086_1699,place_n3517168086,کولسه,colloquial,osm
alias_n3517168087_1700,place_n3517168087,کرسی,colloquial,osm
alias_n3517168088_1701,place_n3517168088,کوئیک;کوویک,colloquial,osm
alias_n3517168091_1702,place_n3517168091,ملکشان;ملکشان پائین,colloquial,osm
alias_n3517168092_1703,place_n3517168092,ملکشان;ملکشان بالا,colloquial,osm
alias_n3517171194_1704,place_n3517171194,نیدر,colloquial,osm
alias_n3517171195_1705,place_n3517171195,نزاز,colloquial,osm
alias_n3517171196_1706,place_n3517171196,تازه آباد گرگر;نصرت آباد,colloquial,osm
alias_n3517171197_1707,place_n3517171197,نوین;نون,colloquial,osm
alias_n3517171200_1708,place_n3517171200,کویک;قورق;قورخ,colloquial,osm
alias_n3517171207_1709,place_n3517171207,سرسو پائین,colloquial,osm
alias_n3517171208_1710,place_n3517171208,سرسو بالا,colloquial,osm
alias_n3517171209_1711,place_n3517171209,Kani Qorbani;Hani Qorbani,colloquial,osm
alias_n3517171210_1712,place_n3517171210,بلوشیان;شیلان,colloquial,osm
alias_n3517171211_1713,place_n3517171211,سوی,colloquial,osm
alias_n3517171213_1714,place_n3517171213,آسیاب کیخسرو,colloquial,osm
alias_n3517171214_1715,place_n3517171214,Tekeyeh,colloquial,osm
alias_n3517171215_1716,place_n3517171215,Tavarivar;Tooryour;Tavrivar,colloquial,osm
alias_n3517171216_1717,place_n3517171216,ارمن تخت;اورامان شهر;ورامان تخت;اورامان;ورامان;اورمان,colloquial,osm
alias_n3517171217_1718,place_n3517171217,فطره زمین,colloquial,osm
alias_n3517171219_1719,place_n3517171219,نران,colloquial,osm
alias_n3517171221_1720,place_n3517171221,بزان;مره بزان,colloquial,osm
alias_n3517252669_1721,place_n3517252669,باقلاباد;باقل آباد,colloquial,osm
alias_n3517252670_1722,place_n3517252670,گذر درّه;گزر دره,colloquial,osm
alias_n3517252671_1723,place_n3517252671,خنجه;خانگه,colloquial,osm
alias_n3517252672_1724,place_n3517252672,زنج;زنچ,colloquial,osm
alias_n3517381161_1725,place_n3517381161,هژ گره;هژگر;اجگره,colloquial,osm
alias_n3517381163_1726,place_n3517381163,Chehl Gazi,colloquial,osm
alias_n3517381164_1727,place_n3517381164,Dow Veyseh;Doosiyeh;Duvizeh;Duwizeh;Dow Viseh;Duiseh,colloquial,osm
alias_n3517381165_1728,place_n3517381165,کلاهخان;کلهکان,colloquial,osm
alias_n3517381166_1729,place_n3517381166,خلیچیان;خلیجیان,colloquial,osm
alias_n3517381167_1730,place_n3517381167,خانقاه حسن جادار,colloquial,osm
alias_n3517381169_1731,place_n3517381169,Qasimabad,colloquial,osm
alias_n3517381170_1732,place_n3517381170,تازه ده;تازه آباد قلعه جوق;تازهاباد قلعه جق,colloquial,osm
alias_n3517381172_1733,place_n3517381172,توئی درتان;تودار رونه,colloquial,osm
alias_n3517381173_1734,place_n3517381173,توئی در سمدی,colloquial,osm
alias_n3517520436_1735,place_n3517520436,کرانی;حسناباد سوگند;حسن آباد یاسوکند,colloquial,osm
alias_n3517714952_1736,place_n3517714952,آق بلاغ;بولاغ;آقبلاق;آل بلاغ,colloquial,osm
alias_n3517714953_1737,place_n3517714953,آلی پنیک;عالی پینک;آلو پینک;آلی پینک,colloquial,osm
alias_n3517714954_1738,place_n3517714954,بگهجان;باغ جان,colloquial,osm
alias_n3517714955_1739,place_n3517714955,باغچه مریم;بغیچه مریم,colloquial,osm
alias_n3517714956_1740,place_n3517714956,بلدستی;بله دستی;بلادسی,colloquial,osm
alias_n3517714958_1741,place_n3517714958,بیا;بایه;بی,colloquial,osm
alias_n3517714959_1742,place_n3517714959,چرخه بیان;چرخۀ بیان,colloquial,osm
alias_n3517714961_1743,place_n3517714961,ده رشی;ده رشید,colloquial,osm
alias_n3517714962_1744,place_n3517714962,خر خوره;خور خوره;دولت آباد;دولتاباد خرکره;دولت آباد کورکوره;دولتاباد کرکره,colloquial,osm
alias_n3517714963_1745,place_n3517714963,Ibrahimabad,colloquial,osm
alias_n3517714964_1746,place_n3517714964,آلمیرز;اسلمرز;اصلامرز;اسلمرس,colloquial,osm
alias_n3517714965_1747,place_n3517714965,گنب,colloquial,osm
alias_n3517714968_1748,place_n3517714968,گم دره;گمه دره,colloquial,osm
alias_n3517714969_1749,place_n3517714969,گزر دره,colloquial,osm
alias_n3517714970_1750,place_n3517714970,حاجی آباد;هاجی پمق;هاجی پ یی موغ;سراب حاجی پیموق;هجی پمغ,colloquial,osm
alias_n3517714972_1751,place_n3517714972,هلیز آباد;هلی آباد,colloquial,osm
alias_n3517714974_1752,place_n3517714974,Husaini,colloquial,osm
alias_n3517714976_1753,place_n3517714976,کاکه جوب;کاکا جوب;کاکه جو,colloquial,osm
alias_n3517714977_1754,place_n3517714977,کانی آهنگران;مبارکاباد کانی آهنگران;مبارک آباد,colloquial,osm
alias_n3517714978_1755,place_n3517714978,کانی بوچگله;کانی کوچک,colloquial,osm
alias_n3517714979_1756,place_n3517714979,کانی پان,colloquial,osm
alias_n3517714981_1757,place_n3517714981,کرگ آباد,colloquial,osm
alias_n3517714982_1759,place_n3517714982,کرندان;کروندان,colloquial,osm
alias_n3517714983_1760,place_n3517714983,کای وشه;کائی وچه;کیوشه,colloquial,osm
alias_n3517714986_1761,place_n3517714986,کوله بیان;کولهبیان,colloquial,osm
alias_n3517714987_1762,place_n3517714987,خوره هرت;کوله هرد;کله هرد,colloquial,osm
alias_n3517714988_1763,place_n3517714988,ماچگۀ علیا;مچکه بال;ماچگه;ماچکۀ علیا;مچکۀ بالا;ماچگۀ بالا,colloquial,osm
alias_n3517714989_1764,place_n3517714989,ماچکۀ سفلى;مچکۀ پائین;ماچگۀ پائین;ماچگۀ سفلى,colloquial,osm
alias_n3517714991_1765,place_n3517714991,محمداباد خرزه,colloquial,osm
alias_n3517714992_1766,place_n3517714992,نمگرن;نو گران;ناوگران,colloquial,osm
alias_n3517714992_1767,place_n3517714992,ناوگران,spelling,osm
alias_n3517715693_1768,place_n3517715693,قلعۀ پولا;قل پل;قلعۀ فولاد,colloquial,osm
alias_n3517715694_1769,place_n3517715694,کره چیه;قوری چائی;قوری چای;قوریچائی,colloquial,osm
alias_n3517715695_1770,place_n3517715695,قشلاق جو;قشلاق جوب,colloquial,osm
alias_n3517715696_1771,place_n3517715696,قشلاق خاکرم,colloquial,osm
alias_n3517715697_1772,place_n3517715697,Qulqulleh,colloquial,osm
alias_n3517715698_1773,place_n3517715698,قشم,colloquial,osm
alias_n3517715700_1774,place_n3517715700,سراب حاجی پمق,colloquial,osm
alias_n3517715703_1776,place_n3517715703,تاته رشید;تاتۀ رشید,colloquial,osm
alias_n3517715704_1777,place_n3517715704,کانئ گلزار;تازهاباد کانی گلزار;کنی گلزار,colloquial,osm
alias_n3517715704_1778,place_n3517715704,کانی گلزار - تازه آباد,spelling,osm
alias_n3517715705_1779,place_n3517715705,تازهاباد قوریچای,colloquial,osm
alias_n3517715706_1780,place_n3517715706,تازهاباد دکتر واسع,colloquial,osm
alias_n3517715707_1781,place_n3517715707,قرا گل;قرا گول;تازهاباد قراگل;قراول,colloquial,osm
alias_n3517715708_1782,place_n3517715708,تازه آباد,colloquial,osm
alias_n3517715710_1783,place_n3517715710,سیرگران;تهیرگرن,colloquial,osm
alias_n3517770204_1784,place_n3517770204,Ahmadabad,colloquial,osm
alias_n3517770206_1785,place_n3517770206,آقبلاغ;آقبلاق,colloquial,osm
alias_n3517770207_1786,place_n3517770207,الله دره علیا,colloquial,osm
alias_n3517770208_1787,place_n3517770208,آله درۀ سفلى;الاه دره;الاه درۀ سفلى;آله درۀ پائین;هاله درۀ پائین,colloquial,osm
alias_n3517770211_1788,place_n3517770211,المه قلاغ;آلمه قلاغ,colloquial,osm
alias_n3517770212_1789,place_n3517770212,Amirawa,colloquial,osm
alias_n3517770213_1790,place_n3517770213,عمر الله;امروله,colloquial,osm
alias_n3517770214_1791,place_n3517770214,اغجن;آقا جری;آغاجری,colloquial,osm
alias_n3517770215_1792,place_n3517770215,آقبلاق;آق بلاغ;البلاغ,colloquial,osm
alias_n3517770216_1793,place_n3517770216,اصحاب علیا,colloquial,osm
alias_n3517770218_1794,place_n3517770218,صبا نیزار;سبانیزار,colloquial,osm
alias_n3517770220_1795,place_n3517770220,باغچله;داق شاله;باغ شاله;بغجله,colloquial,osm
alias_n3517770221_1796,place_n3517770221,باقر آباد;بقل آباد,colloquial,osm
alias_n3517770221_1797,place_n3517770221,باقل آباد,spelling,osm
alias_n3517770222_1798,place_n3517770222,برکل;برکت,colloquial,osm
alias_n3517770224_1799,place_n3517770224,برده سفید,colloquial,osm
alias_n3517770225_1800,place_n3517770225,برده رشه ینگی ارخ;بردرش;برده رش,colloquial,osm
alias_n3517770226_1801,place_n3517770226,برگشاد;برکشاد,colloquial,osm
alias_n3517770227_1802,place_n3517770227,برتودار,colloquial,osm
alias_n3517770229_1803,place_n3517770229,بیشوکی;بیشکه;باشوکی,colloquial,osm
alias_n3517770231_1804,place_n3517770231,باینچقلو;باینج قلی,colloquial,osm
alias_n3517770233_1805,place_n3517770233,چاولکان حاجی;چابلکن حاجی;چابلکان حاجی;چابلکان هجی;چاولکان,colloquial,osm
alias_n3517770234_1806,place_n3517770234,چرنو,colloquial,osm
alias_n3517770236_1807,place_n3517770236,چتاق;چتان,colloquial,osm
alias_n3517770239_1808,place_n3517770239,کانی دراز;چشمه دراز,colloquial,osm
alias_n3517770240_1809,place_n3517770240,چشمه کاظم;چشمۀ کاذام;چشمۀ کاظم;چشمه کاظمیه,colloquial,osm
alias_n3517770241_1810,place_n3517770241,کانه کین;خانقین;خیمه سفید;کانی کن;خانه کین,colloquial,osm
alias_n3517770244_1811,place_n3517770244,دربن,colloquial,osm
alias_n3517770246_1812,place_n3517770246,دره دزدان,colloquial,osm
alias_n3517770247_1813,place_n3517770247,دره دوزان,colloquial,osm
alias_n3517770248_1814,place_n3517770248,دره سفت;دره سفته;کل سیپته,colloquial,osm
alias_n3517770249_1815,place_n3517770249,درویان;دره ویان;دلویان,colloquial,osm
alias_n3517770250_1816,place_n3517770250,Dhares Khake,colloquial,osm
alias_n3517770252_1817,place_n3517770252,ده رقۀ پیر حسین;دیه رقه;دهرقۀ میرحسین;ده رقا;ده رق,colloquial,osm
alias_n3517770253_1818,place_n3517770253,دلو آمده;دلوامده,colloquial,osm
alias_n3517770254_1819,place_n3517770254,Daulatabad,colloquial,osm
alias_n3517770255_1820,place_n3517770255,دلبندی;دول بندی,colloquial,osm
alias_n3517770256_1821,place_n3517770256,یبراهیم آباد,colloquial,osm
alias_n3517770257_1822,place_n3517770257,Ibrahimabad,colloquial,osm
alias_n3517770258_1823,place_n3517770258,ابراهیم آباد بالا;ابراهیماباد بالا,colloquial,osm
alias_n3517770259_1824,place_n3517770259,فره آباد;فرح آباد,colloquial,osm
alias_n3517770261_1825,place_n3517770261,گاواهنتو,colloquial,osm
alias_n3517770262_1826,place_n3517770262,گاوره;گاوه دره,colloquial,osm
alias_n3517770263_1827,place_n3517770263,کونی;گوندک,colloquial,osm
alias_n3517770264_1828,place_n3517770264,گزان علیا;غزان;قزان;قازان;قزن علیا,colloquial,osm
alias_n3517770265_1829,place_n3517770265,قجان;کزن کوچک;گزان سفلى,colloquial,osm
alias_n3517770266_1830,place_n3517770266,گله سور;گلهسور,colloquial,osm
alias_n3517770267_1831,place_n3517770267,قشور,colloquial,osm
alias_n3517770269_1832,place_n3517770269,گل قباغ;گل خاوک,colloquial,osm
alias_n3517770271_1833,place_n3517770271,Gulistaneh,colloquial,osm
alias_n3517770280_1834,place_n3517770280,برده رش;هیءت آباد,colloquial,osm
alias_n3517770281_1835,place_n3517770281,Husain Khan,colloquial,osm
alias_n3517770282_1836,place_n3517770282,Husainabad,colloquial,osm
alias_n3517770284_1837,place_n3517770284,جرلال;جوبریلان;جبرائیلان;جبرایلان;جبرعیلان,colloquial,osm
alias_n3517770285_1838,place_n3517770285,کوه کبود سوار,spelling,osm
alias_n3517770287_1839,place_n3517770287,کلهور آباد,colloquial,osm
alias_n3517770289_1840,place_n3517770289,کانی سید مراد,colloquial,osm
alias_n3517770290_1841,place_n3517770290,کانی تاله;کانی تالا,colloquial,osm
alias_n3517770292_1842,place_n3517770292,قازی کران,colloquial,osm
alias_n3517775866_1843,place_n3517775866,کوله;کله,colloquial,osm
alias_n3517775871_1844,place_n3517775871,مامق علیا;مامق,colloquial,osm
alias_n3517775871_1845,place_n3517775871,ماماق بالا,spelling,osm
alias_n3517775872_1846,place_n3517775872,ماموق پا ییین;مامق پائین,colloquial,osm
alias_n3517775874_1847,place_n3517775874,مره دره;مره در,colloquial,osm
alias_n3517775876_1848,place_n3517775876,میشاب,colloquial,osm
alias_n3517775877_1849,place_n3517775877,قلا پیوند,colloquial,osm
alias_n3517775882_1850,place_n3517775882,نقاره خان,colloquial,osm
alias_n3517775885_1851,place_n3517775885,نسارۀ پائین;نسار پائین;نسارۀ کوچک;نسار سفلى;نسارۀ سفلى,colloquial,osm
alias_n3517775886_1852,place_n3517775886,نصرۀ بزرگ;نسارۀ بزرگ;نسارۀ کورا;نسار بالا;نسارۀ بالا;نسره بوزورگ,colloquial,osm
alias_n3517775888_1853,place_n3517775888,فینابر,colloquial,osm
alias_n3517775889_1854,place_n3517775889,پشت تنگ;پشته تنگ,colloquial,osm
alias_n3517775890_1855,place_n3517775890,Qaba-i-Surkh,colloquial,osm
alias_n3517775892_1856,place_n3517775892,Kulawa,colloquial,osm
alias_n3517778293_1857,place_n3517778293,خاکرزی,colloquial,osm
alias_n3517778296_1858,place_n3517778296,خنجرۀ بالا,colloquial,osm
alias_n3517778297_1859,place_n3517778297,خرکه,colloquial,osm
alias_n3517778298_1860,place_n3517778298,خیر لاغ;خزر لک;خیرلاقه,colloquial,osm
alias_n3517778299_1861,place_n3517778299,Khuraman,colloquial,osm
alias_n3517778301_1862,place_n3517778301,کلاجرمان;کیله سفید;گریلا هرمان,colloquial,osm
alias_n3517778302_1863,place_n3517778302,گزمل علیا;گزمیل;گزمل;گیزمل الی;گیزمل بالا,colloquial,osm
alias_n3517778394_1864,place_n3517778394,قالا جگه;قلعه جقه;قلعه جقۀ سفلى;قلعه جوقه;قلئه جقه,colloquial,osm
alias_n3517778396_1865,place_n3517778396,قلعۀ ریهانه,colloquial,osm
alias_n3517778397_1866,place_n3517778397,کلاته رشکه;قلعت ترشک;کل درشگ;درشکه;کلات ترشکه,colloquial,osm
alias_n3517778398_1867,place_n3517778398,قلوزه,colloquial,osm
alias_n3517778399_1868,place_n3517778399,قره غیبی;قر کل,colloquial,osm
alias_n3517778400_1869,place_n3517778400,قاره قایه,colloquial,osm
alias_n3517778403_1870,place_n3517778403,قشلاق سورکه,colloquial,osm
alias_n3517778404_1871,place_n3517778404,قشلاق لو,colloquial,osm
alias_n3517778405_1872,place_n3517778405,قزل بلاق,colloquial,osm
alias_n3517778406_1873,place_n3517778406,قجر;قوجر;خجر,colloquial,osm
alias_n3517778407_1874,place_n3517778407,قلقلۀ چتان;قلقلۀ چتاق,colloquial,osm
alias_n3517778409_1875,place_n3517778409,سدقه آباد;صدقه آباد,colloquial,osm
alias_n3517778411_1876,place_n3517778411,کانی مار,colloquial,osm
alias_n3517778414_1877,place_n3517778414,کچک چرمک;کوچک چرمو;سنگسفید,colloquial,osm
alias_n3517778416_1878,place_n3517778416,سراب باینچقلو;ساروپ,colloquial,osm
alias_n3517778418_1879,place_n3517778418,سراب سرخه;سراب سوره;سرب سور,colloquial,osm
alias_n3517778421_1880,place_n3517778421,صیاد,colloquial,osm
alias_n3517778422_1881,place_n3517778422,شاهبلاغی,colloquial,osm
alias_n3517778423_1882,place_n3517778423,چریکۀ بالا;شهرک بالا;شریکه بال;شرک بالا;سراب شهرک;شریکۀ بالا,colloquial,osm
alias_n3517778424_1883,place_n3517778424,سید مح اد دین,colloquial,osm
alias_n3517778427_1884,place_n3517778427,شیخ وجیم;شیخوجیم,colloquial,osm
alias_n3517778428_1885,place_n3517778428,شیرکش علیا;شیرکش,colloquial,osm
alias_n3517778429_1886,place_n3517778429,سیو سه مرده;سوسهمرد,colloquial,osm
alias_n3517778430_1887,place_n3517778430,سیاه سر;سیاه سران علیا;سیا سران علیا,colloquial,osm
alias_n3517778431_1888,place_n3517778431,سیاه سران سفلى;سیاه سر;سیا سران سفلى,colloquial,osm
alias_n3517778433_1889,place_n3517778433,سلطان آباد;سلطاناباد تنبلی,colloquial,osm
alias_n3517778434_1890,place_n3517778434,Sufiyan;Sufeyan,colloquial,osm
alias_n3517778437_1891,place_n3517778437,تبریز کوچک;تپۀ محمدی;توبۀ محمد,colloquial,osm
alias_n3517778439_1892,place_n3517778439,اسلام آباد;اسلام آباد حاجی موسی,colloquial,osm
alias_n3517778441_1893,place_n3517778441,تازهاباد قازی,colloquial,osm
alias_n3517778442_1894,place_n3517778442,تازهاباد بزنقران;تازه آباد بزن قران,colloquial,osm
alias_n3517778443_1895,place_n3517778443,تازهاباد آصف,colloquial,osm
alias_n3517778444_1896,place_n3517778444,تازهاباد گلانه;تزج آباد گلانه;تازه آباد,colloquial,osm
alias_n3517778445_1897,place_n3517778445,مجید خان;تازهاباد امین;تازه آباد محمد امین,colloquial,osm
alias_n3517778446_1898,place_n3517778446,تازهاباد سر دالان;تاج آباد,colloquial,osm
alias_n3517778447_1899,place_n3517778447,تیطخ,colloquial,osm
alias_n3517778448_1900,place_n3517778448,اریکه;ینگی ارخ;اریکهه,colloquial,osm
alias_n3517778451_1901,place_n3517778451,زاغۀ سفلى;زاغۀ پائین;زاغه,colloquial,osm
alias_n3517778452_1902,place_n3517778452,زاغه;زاغۀ بالا,colloquial,osm
alias_n3517778453_1903,place_n3517778453,ذلکه,colloquial,osm
alias_n3517778455_1904,place_n3517778455,زرتک,colloquial,osm
alias_n3517778456_1905,place_n3517778456,زرد کمر;سرد قمر,colloquial,osm
alias_n3517778457_1906,place_n3517778457,Zainal Khan,colloquial,osm
alias_n3517778459_1907,place_n3517778459,عباس آباد,colloquial,osm
alias_n3517778461_1908,place_n3517778461,علیاباد دوله رش,colloquial,osm
alias_n3517778463_1909,place_n3517778463,عالی جان;عالیجان,colloquial,osm
alias_n3517862943_1910,place_n3517862943,عبد الصمدی,colloquial,osm
alias_n3517862944_1911,place_n3517862944,بناوجان,colloquial,osm
alias_n3517862950_1912,place_n3517862950,چول بلاخ;چل بلاغ;چول بلاغ,colloquial,osm
alias_n3517862955_1913,place_n3517862955,دره ویان خشکه;درویان سفلى;تکاوسان,colloquial,osm
alias_n3517862957_1914,place_n3517862957,دره ویان شیخ;دره ویان شیخ بالا;درویان علیا;قره ویان;دره ویان شیخ احمد;درویان سفلى;دره ویان علیا,colloquial,osm
alias_n3517862961_1915,place_n3517862961,Ibrahimabad,colloquial,osm
alias_n3517862962_1916,place_n3517862962,اسلحاق آباد;اسحاق آباد,colloquial,osm
alias_n3517862963_1917,place_n3517862963,گاوکج علیا;گاوگچ علیا,colloquial,osm
alias_n3517862964_1918,place_n3517862964,گاوکج سفلى,colloquial,osm
alias_n3517862965_1919,place_n3517862965,شهکل;گل قلعه;شاه قلعه,colloquial,osm
alias_n3517862966_1920,place_n3517862966,جعفرخان,colloquial,osm
alias_n3517862967_1921,place_n3517862967,کلکومان;ککوسان;تکوسن;کگه وسن;کاکه اوسان,colloquial,osm
alias_n3517862969_1922,place_n3517862969,Kani Safid,colloquial,osm
alias_n3517862973_1923,place_n3517862973,خالبازه;خاله بازه,colloquial,osm
alias_n3517862976_1924,place_n3517862976,کل کبود;کیله کبود,colloquial,osm
alias_n3517862977_1925,place_n3517862977,ماهیدر;ماهیدر پائین;ماهیدر سفلى,colloquial,osm
alias_n3517862982_1926,place_n3517862982,ملن ابد;مولان آباد,colloquial,osm
alias_n3517862984_1927,place_n3517862984,تازه آباد,colloquial,osm
alias_n3517862985_1928,place_n3517862985,قهراباد سلیمان,colloquial,osm
alias_n3517862986_1929,place_n3517862986,قشلاق آقا گوره,colloquial,osm
alias_n3517862992_1930,place_n3517862992,سله;سوله;سولله,colloquial,osm
alias_n3517865593_1931,place_n3517865593,تنگ باغ,colloquial,osm
alias_n3517865594_1932,place_n3517865594,Taukalan;Tavikalan,colloquial,osm
alias_n3517865596_1933,place_n3517865596,یاپال;واپل,colloquial,osm
alias_n3517865599_1934,place_n3517865599,Ziagah;Zeyagah;Ziaga,colloquial,osm
alias_n3517865603_1935,place_n3517865603,آلیجان,colloquial,osm
alias_n3518621301_1936,place_n3518621301,آقکند,colloquial,osm
alias_n3518621304_1937,place_n3518621304,آزاد ویس علیا,colloquial,osm
alias_n3518621305_1938,place_n3518621305,آزاد ویس سفلى,colloquial,osm
alias_n3518621307_1939,place_n3518621307,برار;بابا رار,colloquial,osm
alias_n3518621309_1940,place_n3518621309,باشقشلاق,colloquial,osm
alias_n3518621312_1941,place_n3518621312,چقور قشلاق,colloquial,osm
alias_n3518621314_1942,place_n3518621314,درسب,colloquial,osm
alias_n3518621321_1943,place_n3518621321,قم طرقه,colloquial,osm
alias_n3518621324_1944,place_n3518621324,گل تپۀ سفلى,colloquial,osm
alias_n3518621325_1945,place_n3518621325,گل تپۀ علیا,colloquial,osm
alias_n3518621327_1946,place_n3518621327,گوگتپه,colloquial,osm
alias_n3518621329_1947,place_n3518621329,حسناباد چاروق,colloquial,osm
alias_n3518621335_1948,place_n3518621335,حسیناباد میرچی,colloquial,osm
alias_n3518621336_1949,place_n3518621336,حسیناباد مران;حسین آباد,colloquial,osm
alias_n3518621339_1950,place_n3518621339,چقلو,colloquial,osm
alias_n3518621342_1951,place_n3518621342,کاریزه,colloquial,osm
alias_n3518621343_1952,place_n3518621343,کلکهجار,colloquial,osm
alias_n3518621344_1953,place_n3518621344,کانی چای,colloquial,osm
alias_n3518621345_1954,place_n3518621345,کانی کبود مران,colloquial,osm
alias_n3518621348_1955,place_n3518621348,کس نزان,colloquial,osm
alias_n3518621350_1956,place_n3518621350,خرابۀ چهل ارخ,colloquial,osm
alias_n3518621351_1957,place_n3518621351,خوشمقام;خوش مقام,colloquial,osm
alias_n3518621354_1958,place_n3518621354,گل تپۀ طغامین;گلتپۀ طفامین,colloquial,osm
alias_n3518621355_1959,place_n3518621355,کلهزان,colloquial,osm
alias_n3518621361_1960,place_n3518621361,مران;مران بالا;مران علیا,colloquial,osm
alias_n3518621363_1961,place_n3518621363,میدان مظفرخان,colloquial,osm
alias_n3518621365_1962,place_n3518621365,Maganlu;Maqanlu,colloquial,osm
alias_n3518621367_1963,place_n3518621367,محمداباد علی اکبر خان,colloquial,osm
alias_n3518621368_1964,place_n3518621368,مراد قلی,colloquial,osm
alias_n3518621369_1965,place_n3518621369,مرادی,colloquial,osm
alias_n3518621370_1966,place_n3518621370,نیمهکار;نیمه کار,colloquial,osm
alias_n3518621373_1967,place_n3518621373,وچگل,colloquial,osm
alias_n3518621374_1968,place_n3518621374,وچگنبد سلطان,colloquial,osm
alias_n3518621375_1969,place_n3518621375,وغلان میر احمد,colloquial,osm
alias_n3518621378_1970,place_n3518621378,قلعه جوقه - قلعه جقه بزرگ - قلعه جقه خان,colloquial,osm
alias_n3518621383_1971,place_n3518621383,قره محمدلو;قرا محمد;قره محمد,colloquial,osm
alias_n3518621384_1972,place_n3518621384,قره بلاغ;قره بلاغ میانکوه,colloquial,osm
alias_n3518621385_1973,place_n3518621385,قره چقای,colloquial,osm
alias_n3518621386_1974,place_n3518621386,قراگل,colloquial,osm
alias_n3518621387_1975,place_n3518621387,قراتوره,colloquial,osm
alias_n3518621388_1976,place_n3518621388,قراچیقران,colloquial,osm
alias_n3518621391_1977,place_n3518621391,قاوشق,colloquial,osm
alias_n3518621392_1978,place_n3518621392,قیچیلو,colloquial,osm
alias_n3518621698_1979,place_n3518621698,Quchur,colloquial,osm
alias_n3518621700_1980,place_n3518621700,قوجاق,colloquial,osm
alias_n3518621704_1981,place_n3518621704,سرخال,colloquial,osm
alias_n3518621707_1982,place_n3518621707,قشلاق سفید سید سلام;قشلاق سفید,colloquial,osm
alias_n3518621708_1983,place_n3518621708,شاهنشین,colloquial,osm
alias_n3518621709_1984,place_n3518621709,شاهولی,colloquial,osm
alias_n3518621720_1985,place_n3518621720,تازهاباد هیجان,colloquial,osm
alias_n3518621721_1986,place_n3518621721,تازهاباد مران,colloquial,osm
alias_n3518621722_1987,place_n3518621722,تازه آباد;تازهاباد وزیر,colloquial,osm
alias_n3518621727_1988,place_n3518621727,وزمان;عثمان,colloquial,osm
alias_n3518621728_1989,place_n3518621728,ینگی کند,colloquial,osm
alias_n3518621731_1990,place_n3518621731,ذکی بیگ سفلى,colloquial,osm
alias_n3518621732_1991,place_n3518621732,ذکی بیگ علیا,colloquial,osm
alias_n3518621734_1992,place_n3518621734,زرینه,colloquial,osm
alias_n3518621737_1993,place_n3518621737,علی آباد;الیاباد مران,colloquial,osm
alias_n3519102864_1994,place_n3519102864,نجینۀ بالا,colloquial,osm
alias_n3519102867_1995,place_n3519102867,Tazhan,colloquial,osm
alias_n3519102869_1996,place_n3519102869,نیزه رود,colloquial,osm
alias_n3519102878_1997,place_n3519102878,قاضی بدر;قایبرد,colloquial,osm
alias_n3519102878_1998,place_n3519102878,قایی برد,spelling,osm
alias_n3519102879_1999,place_n3519102879,قهر آباد,colloquial,osm
alias_n3519102891_2000,place_n3519102891,سبدلی,colloquial,osm
alias_n3519102892_2001,place_n3519102892,سدباد;صد بار,colloquial,osm
alias_n3519103397_2002,place_n3519103397,هنسیله;انجیله,colloquial,osm
alias_n3519103398_2003,place_n3519103398,انجینۀ سفلى,colloquial,osm
alias_n3519103399_2004,place_n3519103399,انجینۀ علیا,colloquial,osm
alias_n3519103410_2005,place_n3519103410,برده رش,colloquial,osm
alias_n3519103412_2006,place_n3519103412,بایزاوه;بتز آباد;بایزید آباد,colloquial,osm
alias_n3519103415_2007,place_n3519103415,بناویله کهنه;بناویلۀ کهنه;که,colloquial,osm
alias_n3519103419_2008,place_n3519103419,بنه رزان,spelling,osm
alias_n3519103420_2009,place_n3519103420,بردجکند;برژه کهنه;بروژۀ کهنه;بروژه کهنه,colloquial,osm
alias_n3519103423_2010,place_n3519103423,چیچوران,colloquial,osm
alias_n3519103424_2011,place_n3519103424,چروش,colloquial,osm
alias_n3519103425_2012,place_n3519103425,دمامه;دمان,colloquial,osm
alias_n3519103432_2013,place_n3519103432,دنیس,colloquial,osm
alias_n3519103436_2014,place_n3519103436,گوئیل,colloquial,osm
alias_n3519103438_2015,place_n3519103438,گله سوره,colloquial,osm
alias_n3519103440_2016,place_n3519103440,گیوهرود,colloquial,osm
alias_n3519103442_2017,place_n3519103442,گورهدار,colloquial,osm
alias_n3519103446_2018,place_n3519103446,هواره خور;هواره خول,colloquial,osm
alias_n3519103454_2019,place_n3519103454,کانی بی,colloquial,osm
alias_n3519103459_2020,place_n3519103459,Kani Nav,colloquial,osm
alias_n3519103461_2021,place_n3519103461,کانی سرو,colloquial,osm
alias_n3519103474_2022,place_n3519103474,کوه بو الحسن,colloquial,osm
alias_n3519103478_2023,place_n3519103478,کوه ابل,colloquial,osm
alias_n3519103487_2024,place_n3519103487,مرزلان,colloquial,osm
alias_n3519103488_2025,place_n3519103488,ماهیدر;ماسیدر;ماهی در,colloquial,osm
alias_n3519103490_2026,place_n3519103490,میراباد بالا,colloquial,osm
alias_n3519103694_2027,place_n3519103694,سالوک پائین;سالوک سفلى,colloquial,osm
alias_n3519103695_2028,place_n3519103695,سالوک بالا;سالوک علیا,colloquial,osm
alias_n3519103703_2029,place_n3519103703,Safid Dareh,colloquial,osm
alias_n3519103709_2030,place_n3519103709,کوخ شیخ الاسلام,colloquial,osm
alias_n3519103719_2031,place_n3519103719,توکل,colloquial,osm
alias_n3519103724_2032,place_n3519103724,زاله;زالی,colloquial,osm
alias_n3519103726_2033,place_n3519103726,زربنه,colloquial,osm
alias_n3519103727_2034,place_n3519103727,زوار بالا,colloquial,osm
alias_n3519103729_2035,place_n3519103729,عرب وغلوی بالا,colloquial,osm
alias_n3519103730_2036,place_n3519103730,عرب وغلوی پائین,colloquial,osm
alias_n3519259997_2037,place_n3519259997,بانشوان,colloquial,osm
alias_n3519260000_2038,place_n3519260000,بایدر پائین,colloquial,osm
alias_n3519260001_2039,place_n3519260001,بایدر بالا,colloquial,osm
alias_n3519260003_2040,place_n3519260003,بروشکانی;برویش کانی,colloquial,osm
alias_n3519260004_2041,place_n3519260004,بوئین;بوین علیا;بوین بالا;بیان دره;بوئین بالا;بوئین علیا,colloquial,osm
alias_n3519260005_2042,place_n3519260005,بخلو;بوخلو,colloquial,osm
alias_n3519260007_2043,place_n3519260007,چمپاراو,colloquial,osm
alias_n3519260010_2044,place_n3519260010,Dargah Soleyman,colloquial,osm
alias_n3519260013_2045,place_n3519260013,دره وزان جدید,colloquial,osm
alias_n3519260016_2046,place_n3519260016,دگاگاه;ده گاگه;ده آقا;دگاگا;Degagah,colloquial,osm
alias_n3519260017_2047,place_n3519260017,دو سینه;دوسینه,colloquial,osm
alias_n3519260018_2048,place_n3519260018,دلگور;دلکور,colloquial,osm
alias_n3519260021_2049,place_n3519260021,حاجی ممدان;حجی محمد دان;حاجی محمدان,colloquial,osm
alias_n3519260023_2050,place_n3519260023,هنگ چینه;هنگچینه;گمگچین;هنگه چینه;گمگچینه,colloquial,osm
alias_n3519260025_2051,place_n3519260025,گرمدل;هرمیدول;هرمدل;گرمۀ دول;هرمه دول,colloquial,osm
alias_n3519260026_2052,place_n3519260026,ینچکه,colloquial,osm
alias_n3519260028_2053,place_n3519260028,کاکهسیاب,colloquial,osm
alias_n3519260033_2054,place_n3519260033,رستمی,colloquial,osm
alias_n3519260036_2055,place_n3519260036,کنی مامر;خانی محمد;کانی مامر,colloquial,osm
alias_n3519260040_2056,place_n3519260040,خانه میران,colloquial,osm
alias_n3519260041_2057,place_n3519260041,وشه دره;خشه دره خر خره;خوشه دره,colloquial,osm
alias_n3519260042_2058,place_n3519260042,کلاه دول,colloquial,osm
alias_n3519260044_2059,place_n3519260044,کوخ فقیه یونس,colloquial,osm
alias_n3519260053_2060,place_n3519260053,ممسودر;ممسوه دار;مام سفد دین;مام سیف الدین,colloquial,osm
alias_n3519260054_2061,place_n3519260054,مرقد سورین,colloquial,osm
alias_n3519260056_2062,place_n3519260056,مله,colloquial,osm
alias_n3519260058_2063,place_n3519260058,میشاو سفلى;میشاب پائین,colloquial,osm
alias_n3519260062_2064,place_n3519260062,پهلوی دژ;ننر;ننور,colloquial,osm
alias_n3519260067_2065,place_n3519260067,اشتر مل;اشترمل,colloquial,osm
alias_n3519260068_2066,place_n3519260068,قموشلان;قامیشله,colloquial,osm
alias_n3519260069_2067,place_n3519260069,قره بغره;قره بقره;قر بقر,colloquial,osm
alias_n3519260073_2068,place_n3519260073,قول استر;قلستر;قول استیر;قولستر,colloquial,osm
alias_n3519260076_2069,place_n3519260076,کوخ سر تزین;سرتزین,colloquial,osm
alias_n3519260079_2070,place_n3519260079,سفید کره;سفید کمره,colloquial,osm
alias_n3519260080_2071,place_n3519260080,سه کچکه,colloquial,osm
alias_n3519260081_2072,place_n3519260081,سماقان,colloquial,osm
alias_n3519260082_2073,place_n3519260082,سف;دگاگاه;سیف,colloquial,osm
alias_n3519260084_2074,place_n3519260084,شش;سشه;ششه,colloquial,osm
alias_n3519260086_2075,place_n3519260086,شیلان,colloquial,osm
alias_n3519260087_2076,place_n3519260087,سیف آباد,colloquial,osm
alias_n3519260088_2077,place_n3519260088,سیاطیار;ساطیار,colloquial,osm
alias_n3519260089_2078,place_n3519260089,سرمبل;سیران بند,colloquial,osm
alias_n3519260501_2079,place_n3519260501,سیسارگ,colloquial,osm
alias_n3519260503_2080,place_n3519260503,سوراب,colloquial,osm
alias_n3519260504_2081,place_n3519260504,سورهبان,colloquial,osm
alias_n3519260505_2082,place_n3519260505,سورین,colloquial,osm
alias_n3519260506_2083,place_n3519260506,سیف طاله;سال;ساله;سوته,colloquial,osm
alias_n3520076913_2084,place_n3520076913,Anjirebus-e Bala;Anjirbajsi,colloquial,osm
alias_n3520076914_2085,place_n3520076914,Anjirebanvareh;Anjir Banavareh;Anjireban Avareh;Sarzal,colloquial,osm
alias_n3520076915_2086,place_n3520076915,A'inehvand,colloquial,osm
alias_n3520076919_2087,place_n3520076919,Banzardban Avareh;Banavareh,colloquial,osm
alias_n3520076920_2088,place_n3520076920,Banavachkah,colloquial,osm
alias_n3520076920_2089,place_n3520076920,بناوچکوه,spelling,osm
alias_n3520076925_2090,place_n3520076925,Banihu,colloquial,osm
alias_n3520076927_2091,place_n3520076927,Bani Paria,colloquial,osm
alias_n3520076932_2092,place_n3520076932,Bayer,colloquial,osm
alias_n3520076937_2093,place_n3520076937,Beya Shush,colloquial,osm
alias_n3520076938_2094,place_n3520076938,Savar Bilegi;Lasavar,colloquial,osm
alias_n3520076942_2095,place_n3520076942,Bizmarabad;Bazmirabad;Bezmirabad;Bozmir Abad,colloquial,osm
alias_n3520076945_2096,place_n3520076945,Chahar Divar,colloquial,osm
alias_n3520076946_2097,place_n3520076946,Chilaneh-ye Bala;Chalaneh-ye Sofla,colloquial,osm
alias_n3520076947_2098,place_n3520076947,Chalaneh-ye `Olya;Chilaneh-ye Bala,colloquial,osm
alias_n3520076948_2099,place_n3520076948,Bakhimiri,colloquial,osm
alias_n3520076953_2100,place_n3520076953,Chenareh-ye `Ali Madad,colloquial,osm
alias_n3520076955_2101,place_n3520076955,Cham Zereshk-e Esperi;Marzeh Jar,colloquial,osm
alias_n3520076956_2102,place_n3520076956,Cheshmeh Zeylan;Cham Begar,colloquial,osm
alias_n3520076958_2103,place_n3520076958,Sorkheh Tut;Chaman Zar-e Sofla,colloquial,osm
alias_n3520076959_2104,place_n3520076959,Cheshmeh-ye Nazar Bala;Chaman Zar-e `Olya;Cheshmeh Nezar,colloquial,osm
alias_n3520076960_2105,place_n3520076960,Deh Sefid,colloquial,osm
alias_n3520076961_2106,place_n3520076961,Kani Chamrow,colloquial,osm
alias_n3520076962_2107,place_n3520076962,Choqa Maru,colloquial,osm
alias_n3520076963_2108,place_n3520076963,Chugolabad,colloquial,osm
alias_n3520076966_2109,place_n3520076966,Dengi-ye `Abbas Dareh Zard,colloquial,osm
alias_n3520076968_2110,place_n3520076968,Dar Larasht;Dareh Rash,colloquial,osm
alias_n3520076969_2111,place_n3520076969,Darlarad,colloquial,osm
alias_n3520076970_2112,place_n3520076970,Darnileh-ye Eskandar,colloquial,osm
alias_n3520076973_2113,place_n3520076973,Vani Sar,colloquial,osm
alias_n3520076978_2114,place_n3520076978,Dashti Leyl-e Hoseynabad,colloquial,osm
alias_n3520076981_2115,place_n3520076981,Davaleh Banmiri,colloquial,osm
alias_n3520076982_2116,place_n3520076982,Maveh Zaran;Khosrow Basheh,colloquial,osm
alias_n3520076982_2117,place_n3520076982,دواله پایین,spelling,osm
alias_n3520076983_2118,place_n3520076983,Deh Rash-e Bazan,colloquial,osm
alias_n3520076984_2119,place_n3520076984,Deh Rash;Nahrab-e Deh Rash,colloquial,osm
alias_n3520076987_2120,place_n3520076987,Dehtui;Deh Tut;Deh Tuveh;Dehtu-ye Pa'in,colloquial,osm
alias_n3520076988_2121,place_n3520076988,Deh Tut;Dehtu-ye `Olya;Dehtu-ye Bala,colloquial,osm
alias_n3520076991_2122,place_n3520076991,Deh Sheykh,colloquial,osm
alias_n3520078098_2123,place_n3520078098,Fuladi-ye Pa'in,colloquial,osm
alias_n3520078099_2124,place_n3520078099,Fuladi-ye Bala,colloquial,osm
alias_n3520078101_2125,place_n3520078101,Gardivzan,colloquial,osm
alias_n3520078103_2126,place_n3520078103,Govaleh;Kovileh;Gavileh;Kavileh;Guyaleh,colloquial,osm
alias_n3520078110_2127,place_n3520078110,Gerisheh-ye Sofla,colloquial,osm
alias_n3520078114_2128,place_n3520078114,Gandab;Gunab,colloquial,osm
alias_n3520078115_2129,place_n3520078115,Mazra`eh-ye Gugerd,colloquial,osm
alias_n3520078118_2130,place_n3520078118,Nis Kajreh;Niskeh Jareh,colloquial,osm
alias_n3520078119_2131,place_n3520078119,Heyuveh,colloquial,osm
alias_n3520078127_2132,place_n3520078127,Hashamar,colloquial,osm
alias_n3520078131_2133,place_n3520078131,Halul,colloquial,osm
alias_n3520078132_2134,place_n3520078132,Hoseynabad-e Nakhdeh,colloquial,osm
alias_n3520078134_2135,place_n3520078134,Howz-e Seyyed Morad;Deh-e Seyyed Morad,colloquial,osm
alias_n3520078135_2136,place_n3520078135,Howz-e Sheykh-e Zemkan,colloquial,osm
alias_n3520078136_2137,place_n3520078136,Darreh Huleh;Deh Huleh-ye Sofla,colloquial,osm
alias_n3520078137_2138,place_n3520078137,Deh Huleh-ye `Olya;Huleh,colloquial,osm
alias_n3520078140_2139,place_n3520078140,Jangaleh-ye `Olya;Jangeh,colloquial,osm
alias_n3520078147_2140,place_n3520078147,Katkhuda Hasan;Kadkhoda Hasan;Kalkhuda Hasan,colloquial,osm
alias_n3520078149_2141,place_n3520078149,Kafru Salman,colloquial,osm
alias_n3520078152_2142,place_n3520078152,Kolah Siah,colloquial,osm
alias_n3520078155_2143,place_n3520078155,Kelash Tarkar,colloquial,osm
alias_n3520078156_2144,place_n3520078156,Nehang;Nahang,colloquial,osm
alias_n3520078158_2145,place_n3520078158,Kalvin,colloquial,osm
alias_n3520078160_2146,place_n3520078160,Kani Daniar,colloquial,osm
alias_n3520078162_2147,place_n3520078162,Kani Gol-e Bala,colloquial,osm
alias_n3520078163_2148,place_n3520078163,Kani Gowhar,colloquial,osm
alias_n3520078165_2149,place_n3520078165,Kani Resh,colloquial,osm
alias_n3520078169_2150,place_n3520078169,Kani Karim Yarvali,colloquial,osm
alias_n3520078175_2151,place_n3520078175,Kezeh,colloquial,osm
alias_n3520078176_2152,place_n3520078176,Pir Baba,colloquial,osm
alias_n3520078178_2153,place_n3520078178,Kheyl Baba,colloquial,osm
alias_n3520078181_2154,place_n3520078181,Khodamoruti;Khodamorut,colloquial,osm
alias_n3520078184_2155,place_n3520078184,Khurneyn,colloquial,osm
alias_n3520078186_2156,place_n3520078186,Kona Gorgor;Kona Garyeh,colloquial,osm
alias_n3520078189_2157,place_n3520078189,Kugah,colloquial,osm
alias_n3520078191_2158,place_n3520078191,Guri,colloquial,osm
alias_n3520078259_2159,place_n3520078259,Melahtut,colloquial,osm
alias_n3520078263_2160,place_n3520078263,Meydan Namak-e `Olya,colloquial,osm
alias_n3520078264_2161,place_n3520078264,Meydan Tofli,colloquial,osm
alias_n3520078268_2162,place_n3520078268,Mir `Abdoli-ye Zarrin Choqa,colloquial,osm
alias_n3520078269_2163,place_n3520078269,Mivali-ye `Olya;Mivali Shirkhan,colloquial,osm
alias_n3520078270_2164,place_n3520078270,Meyvoli;Mivali-ye Sofla;Mivali,colloquial,osm
alias_n3520078277_2165,place_n3520078277,Naqdeh-ye Sofla,colloquial,osm
alias_n3520078280_2166,place_n3520078280,Tireh `Ali,colloquial,osm
alias_n3520078281_2167,place_n3520078281,Beh Sheleh,colloquial,osm
alias_n3520078285_2168,place_n3520078285,Nesfeh Kar;Nimeh Kar,colloquial,osm
alias_n3520078293_2169,place_n3520078293,Tazehabad-e Labagh,colloquial,osm
alias_n3520078295_2170,place_n3520078295,Laran-e `Olya,colloquial,osm
alias_n3520078299_2171,place_n3520078299,Mollachiyeh,colloquial,osm
alias_n3520078303_2172,place_n3520078303,شاهو,old,osm
alias_n3520078303_2173,place_n3520078303,Mansurabad;Mansur Aqa'i,colloquial,osm
alias_n3520078304_2174,place_n3520078304,Mir Mireh,colloquial,osm
alias_n3520078307_2175,place_n3520078307,Marzelan-e Mohammad Morad,colloquial,osm
alias_n3520078312_2176,place_n3520078312,طلسم شهباز,spelling,osm
alias_n3520078314_2177,place_n3520078314,Tamar Khani,colloquial,osm
alias_n3520078322_2178,place_n3520078322,Torkapan,colloquial,osm
alias_n3520078323_2179,place_n3520078323,Owla Bak,colloquial,osm
alias_n3520078324_2180,place_n3520078324,Tamar Khan;`Urazeh,colloquial,osm
alias_n3520078328_2181,place_n3520078328,Yareh,colloquial,osm
alias_n3520078331_2182,place_n3520078331,Zeylan,colloquial,osm
alias_n3520078333_2183,place_n3520078333,Zamkan-e `Olya,colloquial,osm
alias_n3520078338_2184,place_n3520078338,Zalmeh Sur;Zolmeh Sur;Zalm Sur,colloquial,osm
alias_n3520078344_2185,place_n3520078344,Ali Baig Sultan;`Ali Bag Soltan,colloquial,osm
alias_n3520078348_2186,place_n3520078348,`Aliabad-e Sasal;Sasal,colloquial,osm
alias_n3520078352_2187,place_n3520078352,Benavch-e Lusheh;Sheyan;Shian,colloquial,osm
alias_n3520078498_2188,place_n3520078498,Posht Gur-e Choqa Maran,colloquial,osm
alias_n3520078499_2189,place_n3520078499,Cheshmeh Qolikhan,colloquial,osm
alias_n3520078501_2190,place_n3520078501,Posht Tang-e Shaygan,colloquial,osm
alias_n3520078504_2191,place_n3520078504,Kelaveh-ye Gari,colloquial,osm
alias_n3520078505_2192,place_n3520078505,Posht Tang-e Ab Dalan,colloquial,osm
alias_n3520078510_2193,place_n3520078510,Taleh Tut;Talah Tut;Taleh Tuh;Taleh Tu,colloquial,osm
alias_n3520078515_2194,place_n3520078515,Qal`eh Zanjir-e Sofla,colloquial,osm
alias_n3520078516_2195,place_n3520078516,Qal`eh Zanjir-e `Olya,colloquial,osm
alias_n3520078519_2196,place_n3520078519,Qal`eh Chegeh;Qal`eh-ye Chegeh,colloquial,osm
alias_n3520078521_2197,place_n3520078521,Qishlaq;Qeshlag,colloquial,osm
alias_n3520078522_2198,place_n3520078522,Qolgoleh,colloquial,osm
alias_n3520078527_2199,place_n3520078527,Sar Tavireh;Sar Tayareh,colloquial,osm
alias_n3520078528_2200,place_n3520078528,Sarabas;Sarab Bas,colloquial,osm
alias_n3520078529_2201,place_n3520078529,Sarab-e Bard Zanjir-e Sofla;Sarab-e Zanjir,colloquial,osm
alias_n3520078531_2202,place_n3520078531,سر آواره,colloquial,osm
alias_n3520078537_2203,place_n3520078537,Sehtapan,colloquial,osm
alias_n3520078539_2204,place_n3520078539,Shah Gozar;Banavech,colloquial,osm
alias_n3520078543_2205,place_n3520078543,Ziarat-e Tamarkhan,colloquial,osm
alias_n3520078544_2206,place_n3520078544,Shayegan;Shingan;Shanigan,colloquial,osm
alias_n3520078545_2207,place_n3520078545,Shervineh,colloquial,osm
alias_n3520078549_2208,place_n3520078549,Siyanab,colloquial,osm
alias_n3520078550_2209,place_n3520078550,Sorkh Deh;Sorkheh Deh,colloquial,osm
alias_n3520078552_2210,place_n3520078552,Sorkhban,colloquial,osm
alias_n3520229346_2211,place_n3520229346,Akrabad,colloquial,osm
alias_n3520229355_2212,place_n3520229355,Jegarlu Gush Kanish;Jegarlu Gush Kariz,colloquial,osm
alias_n3520229356_2213,place_n3520229356,Bargbaran;Bargobaran,colloquial,osm
alias_n3520229359_2214,place_n3520229359,Bavisi,colloquial,osm
alias_n3520229362_2215,place_n3520229362,Beyani;Bishgan;Bashgan,colloquial,osm
alias_n3520229364_2216,place_n3520229364,Berimavand;Bali;Barimvand,colloquial,osm
alias_n3520229365_2217,place_n3520229365,Bibiani;Bibeyani,colloquial,osm
alias_n3520229376_2218,place_n3520229376,Dar Zangeneh-ye Pa'in,colloquial,osm
alias_n3520229378_2219,place_n3520229378,Darvand-e Zard,colloquial,osm
alias_n3520229384_2220,place_n3520229384,Dar Reshteh;Dar-e Reshteh,colloquial,osm
alias_n3520229385_2221,place_n3520229385,Boneh Dastak,colloquial,osm
alias_n3520229386_2222,place_n3520229386,Dastak,colloquial,osm
alias_n3520229391_2223,place_n3520229391,Elyas-e Khalifeh Hasan,colloquial,osm
alias_n3520229392_2224,place_n3520229392,Elyas-e Mahmud,colloquial,osm
alias_n3520229895_2225,place_n3520229895,Qalkhanchak;Qul Khanchak,colloquial,osm
alias_n3520229897_2226,place_n3520229897,Garawa;Garaveh,colloquial,osm
alias_n3520229899_2227,place_n3520229899,Emam Abbas,colloquial,osm
alias_n3520229900_2228,place_n3520229900,Gavkhori-ye Pa'in,colloquial,osm
alias_n3520229901_2229,place_n3520229901,Gol Khater,colloquial,osm
alias_n3520229906_2230,place_n3520229906,Hovan;Huvan,colloquial,osm
alias_n3520229907_2231,place_n3520229907,Shahsavar;Basti Hidayat;Hedayat-e Shahsavar,colloquial,osm
alias_n3520229908_2232,place_n3520229908,Hendu-ye Sofla,colloquial,osm
alias_n3520229909_2233,place_n3520229909,Henidar-e Mafrazeh,colloquial,osm
alias_n3520229914_2234,place_n3520229914,Javalvand-e Sofla;Jalalvand-e Pa'in,colloquial,osm
alias_n3520229915_2235,place_n3520229915,Jalalvand,colloquial,osm
alias_n3520229916_2236,place_n3520229916,Jegarluye Aqa Barar;Jegarlu,colloquial,osm
alias_n3520229918_2237,place_n3520229918,Shanqa,colloquial,osm
alias_n3520229919_2238,place_n3520229919,Gol-e Davud,colloquial,osm
alias_n3520229920_2239,place_n3520229920,Qalantar;Ebrahim-e Kalantar,colloquial,osm
alias_n3520229925_2240,place_n3520229925,Gardanu,colloquial,osm
alias_n3520229926_2241,place_n3520229926,Karim Lilaki,colloquial,osm
alias_n3520229928_2242,place_n3520229928,Kolineh,colloquial,osm
alias_n3520229932_2243,place_n3520229932,Khezel Kori Kohrek;Khazel Kari-ye Kahrak;Khazal Kari Kahrak,colloquial,osm
alias_n3520229934_2244,place_n3520229934,Kal-e Sefid;Qal`eh-ye Safid;Qal`eh Sefid;Qal'eh Safid;Kel-e Sefid,colloquial,osm
alias_n3520229935_2245,place_n3520229935,Kak Mirki,colloquial,osm
alias_n3520229936_2246,place_n3520229936,Ku'ik-e Shekar,colloquial,osm
alias_n3520229939_2247,place_n3520229939,Kuyaki Majid;Kuyeki-ye Majid,colloquial,osm
alias_n3520229940_2248,place_n3520229940,Ku'ik-e `Aziz,colloquial,osm
alias_n3520229944_2249,place_n3520229944,Meleh Rulan,colloquial,osm
alias_n3520229945_2250,place_n3520229945,Meshkenar,colloquial,osm
alias_n3520229946_2251,place_n3520229946,Meyan Mil;Mianmil,colloquial,osm
alias_n3520229948_2252,place_n3520229948,Mish Rangin,colloquial,osm
alias_n3520229951_2253,place_n3520229951,A'inehvand-e Moradkhani;A'inehvand,colloquial,osm
alias_n3520229952_2254,place_n3520229952,Na`lband,colloquial,osm
alias_n3520229954_2255,place_n3520229954,Nasrabad Seyyed,colloquial,osm
alias_n3520229957_2256,place_n3520229957,Pahn Abdollah;Saiyid Ahmad;Seyyed Ahmad;Nasrabad Seyyed Ahmad,colloquial,osm
alias_n3520229959_2257,place_n3520229959,Nowdeh,colloquial,osm
alias_n3520229963_2258,place_n3520229963,Paspas;Pas Pas,colloquial,osm
alias_n3520229964_2259,place_n3520229964,Pal-e Tut;Dartut,colloquial,osm
alias_n3520229970_2260,place_n3520229970,Qal`eh Badri-ye Soltan Morad,colloquial,osm
alias_n3520229972_2261,place_n3520229972,Rashid `Abbasi;Gali;Qal'eh Pes Pes;Guli,colloquial,osm
alias_n3520229979_2262,place_n3520229979,Qarah Bolagh-e A`zam,colloquial,osm
alias_n3520229980_2263,place_n3520229980,Qareh Sini,colloquial,osm
alias_n3520229981_2264,place_n3520229981,Qeytak,colloquial,osm
alias_n3520229983_2265,place_n3520229983,Rovileh;Ravileh,colloquial,osm
alias_n3520229985_2266,place_n3520229985,`Ali Gerdeh;`Ali Gardeh,colloquial,osm
alias_n3520229986_2267,place_n3520229986,Haft Sahmi,colloquial,osm
alias_n3520229989_2268,place_n3520229989,Sar Qal`eh-ye Tazehabad;Sar Qal`eh;Sar Kal,colloquial,osm
alias_n3520229991_2269,place_n3520229991,Sarab Garm;Sarabgarm,colloquial,osm
alias_n3520230393_2270,place_n3520230393,Saravaleh,colloquial,osm
alias_n3520230395_2271,place_n3520230395,Saiyid Ahmad;Nasrabad-e Seyyed Ahmad,colloquial,osm
alias_n3520230398_2272,place_n3520230398,تپه قبرستان,colloquial,osm
alias_n3520230400_2273,place_n3520230400,Seyyed Fotuh;Saiyid Fatu;Sayid Fata,colloquial,osm
alias_n3520230405_2274,place_n3520230405,Shirin Ab,colloquial,osm
alias_n3520230409_2275,place_n3520230409,تپه دارخان,spelling,osm
alias_n3520230412_2276,place_n3520230412,Tappeh-ye Kalik,colloquial,osm
alias_n3520230414_2277,place_n3520230414,Tappeh-ye Maran,colloquial,osm
alias_n3520230415_2278,place_n3520230415,Taqtaq;Kal-e Taktak,colloquial,osm
alias_n3520230417_2279,place_n3520230417,Tappeh-ye `Azimeh,colloquial,osm
alias_n3520230419_2280,place_n3520230419,Tini,colloquial,osm
alias_n3520230420_2281,place_n3520230420,Ta'esheh Mahmud Nazari;Talesheh Mahmood Nazari;Tayesheh-Ye-Mahmud;Ta'esheh Mahmud,colloquial,osm
alias_n3520230422_2282,place_n3520230422,Tilekuh-e `Olya;Tilahkuh,colloquial,osm
alias_n3520230424_2283,place_n3520230424,Tuvashkeh;Towoshkeh,colloquial,osm
alias_n3520230425_2284,place_n3520230425,Tukhoshkeh;Toveh Khoshkeh,colloquial,osm
alias_n3520230429_2285,place_n3520230429,Zarrin Jub;Zarrinju;Zarrin Jow;Zarkinju,colloquial,osm
alias_n3520230430_2286,place_n3520230430,Qal`eh Pahn Bas;Zarrin Jub,colloquial,osm
alias_n3520230434_2287,place_n3520230434,Shahid Saduqi;`Asgar Khan,colloquial,osm
alias_n3520295970_2288,place_n3520295970,A'ineh Vand;Aina,colloquial,osm
alias_n3520295971_2289,place_n3520295971,`Amrabad,colloquial,osm
alias_n3520295976_2290,place_n3520295976,Baba Jani;Baba Jani-ye `Abd ol Mohammad,colloquial,osm
alias_n3520295977_2291,place_n3520295977,Darabi;Darab Baba Jani,colloquial,osm
alias_n3520295978_2292,place_n3520295978,Baba Heyran,colloquial,osm
alias_n3520295983_2293,place_n3520295983,Banbil,colloquial,osm
alias_n3520295987_2294,place_n3520295987,Banishellah;Banshala;Boncheleh,colloquial,osm
alias_n3520295988_2295,place_n3520295988,Barishah-e Khuybar,colloquial,osm
alias_n3520295989_2296,place_n3520295989,Barevand-e Sofla;Baravand-e Pa'in,colloquial,osm
alias_n3520295990_2297,place_n3520295990,Baravand;Baravand-e Bala;Barevand-e `Olya,colloquial,osm
alias_n3520295992_2298,place_n3520295992,Bavekeh,colloquial,osm
alias_n3520297293_2299,place_n3520297293,Belehzin-e Sofla,colloquial,osm
alias_n3520297294_2300,place_n3520297294,Balazin-ye Bala,colloquial,osm
alias_n3520297295_2301,place_n3520297295,Binahr-e Sofla,colloquial,osm
alias_n3520297296_2302,place_n3520297296,Binahr-e `Olya,colloquial,osm
alias_n3520297297_2303,place_n3520297297,Bayameh,colloquial,osm
alias_n3520297298_2304,place_n3520297298,Beyameh-ye Sofla,colloquial,osm
alias_n3520297299_2305,place_n3520297299,Biameh-ye Bala;Beyameh-ye `Olya,colloquial,osm
alias_n3520297301_2306,place_n3520297301,Birda,colloquial,osm
alias_n3520297307_2307,place_n3520297307,Chalabeb-ye Shah Mohammad;Chalaveh,colloquial,osm
alias_n3520297308_2308,place_n3520297308,Chalaveh,colloquial,osm
alias_n3520297316_2309,place_n3520297316,Darreh Rashid;Darreh-ye Rashid;Dar-e Rash;Dar Rash;Dareh Rashi,colloquial,osm
alias_n3520297317_2310,place_n3520297317,Darkeh,colloquial,osm
alias_n3520297320_2311,place_n3520297320,Darvid,colloquial,osm
alias_n3520297325_2312,place_n3520297325,Deh-i-Jami;Deh Jami;Dih-i-Jami,colloquial,osm
alias_n3520297327_2313,place_n3520297327,Deh Lafteh,colloquial,osm
alias_n3520297328_2314,place_n3520297328,Darkeh,colloquial,osm
alias_n3520297329_2315,place_n3520297329,Deh `Abbas;Divgah-e Bibian,colloquial,osm
alias_n3520297330_2316,place_n3520297330,Dolangan-e `Olya;Dulgan-e Bala,colloquial,osm
alias_n3520297331_2317,place_n3520297331,Dulgan-e Pa'in;Dolangan-e Sofla,colloquial,osm
alias_n3520297332_2318,place_n3520297332,Daulatabad,colloquial,osm
alias_n3520297333_2319,place_n3520297333,Dush-e Mian,colloquial,osm
alias_n3520297337_2320,place_n3520297337,Garab-e Sofla,colloquial,osm
alias_n3520297338_2321,place_n3520297338,Garab-e `Olya,colloquial,osm
alias_n3520297339_2322,place_n3520297339,Gala Safid;Gel Safid;Qala Safid,colloquial,osm
alias_n3520297342_2323,place_n3520297342,Gorgidar,colloquial,osm
alias_n3520297345_2324,place_n3520297345,Habib-e Reza Veus,colloquial,osm
alias_n3520297355_2325,place_n3520297355,Kasareh;Kalsara;Kasehrah;Kah Sara;Hajji Mirza Khan;Kasereh,colloquial,osm
alias_n3520297358_2326,place_n3520297358,کەندولە  کندولە,colloquial,osm
alias_n3520297359_2327,place_n3520297359,Kanahar;Kandahar,colloquial,osm
alias_n3520297363_2328,place_n3520297363,شبانکاره,spelling,osm
alias_n3520297366_2329,place_n3520297366,Quji Bashi,colloquial,osm
alias_n3520297367_2330,place_n3520297367,کەندولە  کندولە بالا,colloquial,osm
alias_n3520297615_2331,place_n3520297615,Khorram Abad;Khorramabad-e Pa'in;Khurramabad,colloquial,osm
alias_n3520297616_2332,place_n3520297616,Khorramabad-e Bala;Khurramabad,colloquial,osm
alias_n3520297619_2333,place_n3520297619,Kalah Mal,colloquial,osm
alias_n3520297624_2334,place_n3520297624,کوه حسن آباد,colloquial,osm
alias_n3520297625_2335,place_n3520297625,کوه قلعه سفید,colloquial,osm
alias_n3520297626_2336,place_n3520297626,کوه تپه,colloquial,osm
alias_n3520297628_2337,place_n3520297628,Kuseh Ha;Kuseh;Kusheh,colloquial,osm
alias_n3520297629_2338,place_n3520297629,Lemini,colloquial,osm
alias_n3520297630_2339,place_n3520297630,Hajji Shahbaz Khan,colloquial,osm
alias_n3520297632_2340,place_n3520297632,Meramath;Mahki Mehrmat,colloquial,osm
alias_n3520297633_2341,place_n3520297633,Mahki Mehranat,colloquial,osm
alias_n3520297634_2342,place_n3520297634,Pul Mahib;Pol Mahit;Mahaki Pul Mahi;Mahki Pol Mahi,colloquial,osm
alias_n3520297636_2343,place_n3520297636,Makhushin,colloquial,osm
alias_n3520297638_2344,place_n3520297638,Mamenan-e Bala,colloquial,osm
alias_n3520297642_2345,place_n3520297642,Mian Kabud-e Qasem;Kuku;Kowkow,colloquial,osm
alias_n3520297647_2346,place_n3520297647,Mostafa;Tazehabad-e Ahmadi,colloquial,osm
alias_n3520297648_2347,place_n3520297648,Nahravi;Narawi;Narabi;Nahr-e Abi,colloquial,osm
alias_n3520297649_2348,place_n3520297649,Paleh Bid;Pal-e Bid,colloquial,osm
alias_n3520297650_2349,place_n3520297650,Darvand,colloquial,osm
alias_n3520297651_2350,place_n3520297651,Pa-ye Taq;Pa yi Taq,colloquial,osm
alias_n3520297653_2351,place_n3520297653,Qal`eh Gellineh;Qal`eh-ye Galineh,colloquial,osm
alias_n3520297656_2352,place_n3520297656,Qal`eh Sefid-e Pa'in,colloquial,osm
alias_n3520297657_2353,place_n3520297657,Qal`eh Sefid-e Qasem;Qal`a Shahin;Qal`eh Sefid;Qal`eh Sefid-e Qasen;Qal`eh Shahin;Qal`eh-ye Safid,colloquial,osm
alias_n3520297659_2354,place_n3520297659,Farajollah Beyk,colloquial,osm
alias_n3520297660_2355,place_n3520297660,Qal`eh-ye Rashid os Saltaneh,colloquial,osm
alias_n3520297661_2356,place_n3520297661,Qal`a Ruza;Qal`eh Ruza;Qal`eh Reza,colloquial,osm
alias_n3520297662_2357,place_n3520297662,Qal`eh-ye Zakariya,colloquial,osm
alias_n3520297663_2358,place_n3520297663,Qalanjeh;Kalanchah,colloquial,osm
alias_n3520297664_2359,place_n3520297664,Qal`eh Yan;Kaleh Yan,colloquial,osm
alias_n3520297667_2360,place_n3520297667,Qol Qoleh,colloquial,osm
alias_n3520297668_2361,place_n3520297668,Quchi Vashi;Qurji Bashi;Qushchi Bashi;Qushi Vashi;Quchwashi,colloquial,osm
alias_n3520297670_2362,place_n3520297670,Qal`eh Rafi`,colloquial,osm
alias_n3520297673_2363,place_n3520297673,Shahrak-e Rijab,colloquial,osm
alias_n3520297675_2364,place_n3520297675,Ridhwan;Rizehvand;Rizvand-e Bala;Rizavand;Rizehvand-e Najaf;Rezawand,colloquial,osm
alias_n3520297676_2365,place_n3520297676,Rizehvand-e `Ali Akbar;Rizvand-e Pa'in,colloquial,osm
alias_n3520297677_2366,place_n3520297677,Rutavan;Rutavand;Rutevan;Rutevand,colloquial,osm
alias_n3520297681_2367,place_n3520297681,Sarakian,colloquial,osm
alias_n3520297685_2368,place_n3520297685,Selekan,colloquial,osm
alias_n3520297688_2369,place_n3520297688,Shahrak-e Qalanjeh,colloquial,osm
alias_n3520298795_2370,place_n3520298795,Qal`eh Sefid-e Sheykh Hasan;Pa'in Qal`eh Sefid,colloquial,osm
alias_n3520298796_2371,place_n3520298796,Bivehnij;Shaikhan,colloquial,osm
alias_n3520298797_2372,place_n3520298797,Shireh Cheqa,colloquial,osm
alias_n3520298800_2373,place_n3520298800,Seyan,colloquial,osm
alias_n3520298802_2374,place_n3520298802,Surkhedizeh;Surkha Diz;Mian Tak;Sorkheh Diz;Sorkh Dizeh,colloquial,osm
alias_n3520298804_2375,place_n3520298804,Esma`ilabad,colloquial,osm
alias_n3520298806_2376,place_n3520298806,Tarkeh Veys;Tark Veys;Tork Veys,colloquial,osm
alias_n3520298807_2377,place_n3520298807,Banchia-ye `Olya,colloquial,osm
alias_n3520298808_2378,place_n3520298808,Torkeh-ye Sofla,colloquial,osm
alias_n3520298810_2379,place_n3520298810,Veyleh-ye Yek,colloquial,osm
alias_n3520298814_2380,place_n3520298814,Zaluab,colloquial,osm
alias_n3520298815_2381,place_n3520298815,Zarde;Razdeh,colloquial,osm
alias_n3520298816_2382,place_n3520298816,Seyyed Mohammad-e Zardeh,colloquial,osm
alias_n3520298818_2383,place_n3520298818,Zavaleh;Zavoleh;Zavoleh-ye Pa'in,colloquial,osm
alias_n3520298820_2384,place_n3520298820,Dengakeh,colloquial,osm
alias_n3520298821_2385,place_n3520298821,Zhalekeh-ye Hoseyn,colloquial,osm
alias_n3520298823_2386,place_n3520298823,`Abd ol Karim-e Bares,colloquial,osm
alias_n3520298826_2387,place_n3520298826,Iman `Osman,colloquial,osm
alias_n3521161997_2388,place_n3521161997,Owzin,colloquial,osm
alias_n3521161999_2389,place_n3521161999,Beyabad;Behabad-e Qobasiah,colloquial,osm
alias_n3521162000_2390,place_n3521162000,Behabad-e Saleh;Behabad,colloquial,osm
alias_n3521162001_2391,place_n3521162001,Bin-e Gerd;Bineh Gerd,colloquial,osm
alias_n3521162012_2392,place_n3521162012,Dulzard-e Panj`ali,colloquial,osm
alias_n3521162014_2393,place_n3521162014,Gavmakhal;Gamqal,colloquial,osm
alias_n3521162015_2394,place_n3521162015,Dar Balut;Shakmian,colloquial,osm
alias_n3521162018_2395,place_n3521162018,Geraveyan-e Sofla;Geravian-e Pa'in,colloquial,osm
alias_n3521162019_2396,place_n3521162019,Garaviyan;Goravian-e Bala;Geravian;Geraviun-e `Olya,colloquial,osm
alias_n3521162020_2397,place_n3521162020,Gorazan-e Pa'in,colloquial,osm
alias_n3521162022_2398,place_n3521162022,Gurgan Gur Sefid;Gorgan Gur-e Sefid;Gorgan-e Gur Sefid;Garagan-e Gur-e Sefid;Garakan,colloquial,osm
alias_n3521162024_2399,place_n3521162024,گرگاه,colloquial,osm
alias_n3521162025_2400,place_n3521162025,Kalleh Chub,colloquial,osm
alias_n3521162026_2401,place_n3521162026,Kolah Jub-e Sofla,colloquial,osm
alias_n3521162027_2402,place_n3521162027,Kuleh Jub;Kolah Jub-e `Aziz Bag,colloquial,osm
alias_n3521162028_2403,place_n3521162028,Kolah Jub-e Bala;Kaleh Jub-e `Olya;Kolah Ju `Olya;Kolah Jub-e Kiani,colloquial,osm
alias_n3521162030_2404,place_n3521162030,Gomar;Marjan-e Gomar,colloquial,osm
alias_n3521162034_2405,place_n3521162034,Mian Rah-e Vizhehnan,colloquial,osm
alias_n3521162036_2406,place_n3521162036,Mir Mirab-e Sofla,colloquial,osm
alias_n3521162038_2407,place_n3521162038,گرگه ای,colloquial,osm
alias_n3521162044_2408,place_n3521162044,Na`leh Shekan Shotoran,colloquial,osm
alias_n3521162045_2409,place_n3521162045,Naft Khaneh;Naft-i-Shah;Naftshahr;Naft Kaneh;Naft-e Shah;Naft Shah,colloquial,osm
alias_n3521162056_2410,place_n3521162056,Gavmish Cheran;Sheykh Davod `Arab,colloquial,osm
alias_n3521162057_2411,place_n3521162057,Sheykh Sharh ed Din,colloquial,osm
alias_n3521162058_2412,place_n3521162058,Sheykh Sorkh ed Din;Sheykh Seyr Ad Din,colloquial,osm
alias_n3521162060_2413,place_n3521162060,Siahgel;Siyah Gol,colloquial,osm
alias_n3521162063_2414,place_n3521162063,Tarshekiban,colloquial,osm
alias_n3521162064_2415,place_n3521162064,Vard Gach,colloquial,osm
alias_n3521297358_2416,place_n3521297358,Allah Morad-e Golin,colloquial,osm
alias_n3521297359_2417,place_n3521297359,Anjaverud;Anjauru;Anjaru,colloquial,osm
alias_n3521297361_2418,place_n3521297361,Bahramvandi,colloquial,osm
alias_n3521297362_2419,place_n3521297362,Bamian `Abdollah;Banmeydan,colloquial,osm
alias_n3521297367_2420,place_n3521297367,Chaman-e Golin,colloquial,osm
alias_n3521297368_2421,place_n3521297368,Allah Yar;Chaman,colloquial,osm
alias_n3521297370_2422,place_n3521297370,Kolah Shak Mirza,colloquial,osm
alias_n3521297373_2423,place_n3521297373,Sagan;Emamiyeh Sofla;Sagan-e Pa'in;Sagan-e Sofla',colloquial,osm
alias_n3521297374_2424,place_n3521297374,Emamiyeh;Sagan-e `Olya;Chogha Kadu;Sagan-e Bala,colloquial,osm
alias_n3521297378_2425,place_n3521297378,Qashqeh,colloquial,osm
alias_n3521297382_2426,place_n3521297382,Hujrat Sulaiman;Hazrat-e Soleyman;Emamzadeh Soleyman,colloquial,osm
alias_n3521297384_2427,place_n3521297384,Cheshmeh-Ye-Alishah;Cheleh-ye `Alishah;Hushyar Cheleh,colloquial,osm
alias_n3521297386_2428,place_n3521297386,Kalkosh Kaseh;Kal Kosh;Kalkesh;Kal Kush;Kalkash;Kal Kash,colloquial,osm
alias_n3521297388_2429,place_n3521297388,Kaseh Karan;Kasakran;Kaseh Garan,colloquial,osm
alias_n3521297389_2430,place_n3521297389,Harbar,colloquial,osm
alias_n3521297390_2431,place_n3521297390,Kazem Khani,colloquial,osm
alias_n3521297392_2432,place_n3521297392,Kolah Deraz-e Javanmir-e Sofla;Uloyar,colloquial,osm
alias_n3521297493_2433,place_n3521297493,Kolah Deraz-e Dust Mohammad-e `Olya,colloquial,osm
alias_n3521297497_2434,place_n3521297497,Koleh Savand;Kulsavand,colloquial,osm
alias_n3521297498_2435,place_n3521297498,Gurutag;Qorutak;Miandar-e Qortak,colloquial,osm
alias_n3521297501_2436,place_n3521297501,Moshayyeh,colloquial,osm
alias_n3521297505_2437,place_n3521297505,Khan Jan,colloquial,osm
alias_n3521297506_2438,place_n3521297506,Najjar;Golin Najjar;Galin Najjar;Najjar Galin,colloquial,osm
alias_n3521297507_2439,place_n3521297507,Nianqilan,colloquial,osm
alias_n3521297508_2440,place_n3521297508,Bavon Makr,colloquial,osm
alias_n3521297509_2441,place_n3521297509,Cheshmeh Samavat;Mashhadi Qasem-e Samavat,colloquial,osm
alias_n3521297511_2442,place_n3521297511,Qeytur,colloquial,osm
alias_n3521297517_2443,place_n3521297517,Sha`eran-e Cheleh,colloquial,osm
alias_n3521297520_2444,place_n3521297520,Sharafshah;Shahr-e Fashah,colloquial,osm
alias_n3521297521_2445,place_n3521297521,Shirabad-e Bati,colloquial,osm
alias_n3521297522_2446,place_n3521297522,Karkushk-e Shirzadi;Taqi Shirzadi,colloquial,osm
alias_n3521297523_2447,place_n3521297523,Sukhur-e Kohzad,colloquial,osm
alias_n3521297524_2448,place_n3521297524,Sukhur-e `Ali Mohammad-e Gol Mohammadi;Sukhar-e Mohammadi,colloquial,osm
alias_n3521297525_2449,place_n3521297525,Sukhur-e Morovvati,colloquial,osm
alias_n3521297526_2450,place_n3521297526,Sukhur-e Namdar-e Mirzapur,colloquial,osm
alias_n3521297527_2451,place_n3521297527,Sukhur-e `Abdi;Sukhur-e Namdar-e `Ebadi;Sukhur-e Namdar-e Elahi;Sukhar-e Namdar,colloquial,osm
alias_n3521297528_2452,place_n3521297528,Sukhur-e Rashid-e Sofla,colloquial,osm
alias_n3521297529_2453,place_n3521297529,Sukhur-e Rashid-e `Olya (2),colloquial,osm
alias_n3521297530_2454,place_n3521297530,Sukhur-e Shahbaz-e Najafi,colloquial,osm
alias_n3521297531_2455,place_n3521297531,Sukhur-e Shahbaz-e Shiri-ye Sofla,colloquial,osm
alias_n3521297532_2456,place_n3521297532,Sukhar-e Khan Jan,colloquial,osm
alias_n3521297533_2457,place_n3521297533,حلاج,colloquial,osm
alias_n3521297535_2458,place_n3521297535,Tazehabad-e Heydarbeygi;Tazehabad;Tazehabad-e Seyd`ali,colloquial,osm
alias_n3521297537_2459,place_n3521297537,`Abdollah `Aziz-e Cheleh;`Abd ol `Aziz-e Cheleh,colloquial,osm
alias_n3522340562_2460,place_n3522340562,Jowzeh-ye Anjirak,colloquial,osm
alias_n3522340563_2461,place_n3522340563,Badra'i;Badrah'i,colloquial,osm
alias_n3522340564_2462,place_n3522340564,Bahram Bayg,colloquial,osm
alias_n3522340565_2463,place_n3522340565,Seyyed Ayazi;Seyd Ayaz-e Baqeri;Baqeri `Olya,colloquial,osm
alias_n3522340569_2464,place_n3522340569,Dar Anbar,colloquial,osm
alias_n3522340570_2465,place_n3522340570,Seyed Ayaz-e Beyg Reza'i,colloquial,osm
alias_n3522340572_2466,place_n3522340572,Chalab-e Bekreh;Chaleh Bekar,colloquial,osm
alias_n3522340573_2467,place_n3522340573,چالاب کریم,colloquial,osm
alias_n3522340578_2468,place_n3522340578,Cheshmeh Kheyr,colloquial,osm
alias_n3522340579_2469,place_n3522340579,Zargush-e Cheshmeh Nezami,colloquial,osm
alias_n3522340580_2470,place_n3522340580,Rutvand-e Ardeshir;Cheshmeh-ye Sangi-ye Rutvand,colloquial,osm
alias_n3522340582_2471,place_n3522340582,Cheshmeh Sefid-e Ardeshiri,colloquial,osm
alias_n3522340585_2472,place_n3522340585,Choqazard-e Chupankareh,colloquial,osm
alias_n3522340586_2473,place_n3522340586,Ahmad Koshteh-ye Darbadam,colloquial,osm
alias_n3522340587_2474,place_n3522340587,Dar Badam,colloquial,osm
alias_n3522340588_2475,place_n3522340588,Galuzya;Derakhshandeh Galuzi;Galuzi Pasha;Galuzeya;Goluzia,colloquial,osm
alias_n3522343195_2476,place_n3522343195,Darakeh;Dargah;Darreh Gah,colloquial,osm
alias_n3522343196_2477,place_n3522343196,میله گه باباخانی,colloquial,osm
alias_n3522343201_2478,place_n3522343201,Darvisia,colloquial,osm
alias_n3522343204_2479,place_n3522343204,Tajar Dowlatabad,colloquial,osm
alias_n3522343205_2480,place_n3522343205,Emam Hassan-e Bala;Imam Hasan;Iman Hassan;Emam Hasan-e `Olya;Emam Hasan,colloquial,osm
alias_n3522343206_2481,place_n3522343206,Emam Hasan-e Vasati;Emam Hasan;Emam Hasan-e Sofla;Imam Hassan;Imam Hasan,colloquial,osm
alias_n3522343207_2482,place_n3522343207,Emamqoli Direh;Emamqoli,colloquial,osm
alias_n3522343209_2483,place_n3522343209,Darabi;Darrabi,colloquial,osm
alias_n3522343210_2484,place_n3522343210,Garmab-e Mohammad Rezavandi,colloquial,osm
alias_n3522343211_2485,place_n3522343211,Gav-e Sorkh;Gav Sorkh;Gausurkh,colloquial,osm
alias_n3522343212_2486,place_n3522343212,Kani Goawor;Kani Goawin;Govavar;Sarmast-e Govaver;Gowhar,colloquial,osm
alias_n3522343213_2487,place_n3522343213,هوکنئ سبزه;هوکانی;هوکانئ سبزه سفلى;هوکنئ سفلى,colloquial,osm
alias_n3522343214_2488,place_n3522343214,Hukani;Hawa Kani;Hukani-ye Sabzeh `Olya,colloquial,osm
alias_n3522343215_2489,place_n3522343215,Jaf Barsimin;Jafbar-e Simin;Jaf Bareh Samin-e `Olya;Jafail;Jafbareh-ye Simin;Jaf,colloquial,osm
alias_n3522343216_2490,place_n3522343216,Haft Cheshmeh-ye Jahanshah,colloquial,osm
alias_n3522343217_2491,place_n3522343217,Baraftab,colloquial,osm
alias_n3522343220_2492,place_n3522343220,Rutvand-e Ardeshir;Cheshmeh Kabud-e Rutvand,colloquial,osm
alias_n3522343221_2493,place_n3522343221,Korkul;Karkul-e Kasan,colloquial,osm
alias_n3522343223_2494,place_n3522343223,Khusrauabad,colloquial,osm
alias_n3522343229_2495,place_n3522343229,Kukav,colloquial,osm
alias_n3522343230_2496,place_n3522343230,Lorini-ye Ajudani,colloquial,osm
alias_n3522343231_2497,place_n3522343231,Varmazyar;Mian Rud-e `Olya,colloquial,osm
alias_n3522343233_2498,place_n3522343233,میله گه سفلی بابایی,colloquial,osm
alias_n3522343235_2499,place_n3522343235,Mir Mireh-ye `Olya;Mir Mangan-e `Olya;Mir Mireh,colloquial,osm
alias_n3522343236_2500,place_n3522343236,Mushkeleh-ye Tarazu,colloquial,osm
alias_n3522343238_2501,place_n3522343238,Dachia;Dowcheqa `Aziz;Duchia;Do Chia;Do Cheqa `Aziz;Do Cheqa;Mow'meni;Mowm'i,colloquial,osm
alias_n3522343239_2502,place_n3522343239,میله گه نامدار,colloquial,osm
alias_n3522343241_2503,place_n3522343241,Nesar;Nesareh Direh;Dehra,colloquial,osm
alias_n3522343243_2504,place_n3522343243,Pirgeh-ye Bareh Simin,colloquial,osm
alias_n3522343244_2505,place_n3522343244,Poshteh Kurak,colloquial,osm
alias_n3522343245_2506,place_n3522343245,Qal`eh Remen,colloquial,osm
alias_n3522343246_2507,place_n3522343246,Gar Sadaf,colloquial,osm
alias_n3522343247_2508,place_n3522343247,Qasemaban,colloquial,osm
alias_n3522343248_2509,place_n3522343248,Ru'iban-e Bozorg;Heydariyeh Bozorg;Cham-e Emam Hasan,colloquial,osm
alias_n3522343249_2510,place_n3522343249,Heydariyeh Kuchak;Ru'iban-e Kuchak,colloquial,osm
alias_n3522343251_2511,place_n3522343251,سنگ در میدان علیا,spelling,osm
alias_n3522343252_2512,place_n3522343252,Sang Chin Saleh,colloquial,osm
alias_n3522343255_2513,place_n3522343255,Sarab-e Qanbar;Bapir Sarab Qanbar;Sarab-e Qanbar-e Bapir,colloquial,osm
alias_n3522343256_2514,place_n3522343256,وارگه,colloquial,osm
alias_n3522343257_2515,place_n3522343257,سر چله;وارگه,colloquial,osm
alias_n3522343258_2516,place_n3522343258,Sartanan Gilan,colloquial,osm
alias_n3522343259_2517,place_n3522343259,لانه چیا,colloquial,osm
alias_n3522343260_2518,place_n3522343260,سید ایاز,colloquial,osm
alias_n3522343261_2519,place_n3522343261,Seyd Ayaz-e Seyd Mohammadi-ye Ramezani,colloquial,osm
alias_n3522343263_2520,place_n3522343263,Sarab Qanbar;Sarab Qanbar-e Shahid Hadian,colloquial,osm
alias_n3522343264_2521,place_n3522343264,Shahmar,colloquial,osm
alias_n3522343266_2522,place_n3522343266,Shahre;Shahrak,colloquial,osm
alias_n3522343267_2523,place_n3522343267,Sheli;Shelin Direh,colloquial,osm
alias_n3522343268_2524,place_n3522343268,Sia Sia;Sia Sia-ye Sheykheh;Siah Siah-ye Sheykheh;Siahsia,colloquial,osm
alias_n3522343269_2525,place_n3522343269,Seyd Ayaz-e Shirzadi,colloquial,osm
alias_n3522343270_2526,place_n3522343270,Shesh Rah,colloquial,osm
alias_n3522343271_2527,place_n3522343271,Seyahgol,colloquial,osm
alias_n3522343272_2528,place_n3522343272,Siah Khor;Siah Khwar;Siah Khvor;Suvar Khar;Seyah Khowr,colloquial,osm
alias_n3522343273_2529,place_n3522343273,Mush Kosh,colloquial,osm
alias_n3522343275_2530,place_n3522343275,تنگ ترازک,colloquial,osm
alias_n3522343276_2531,place_n3522343276,Tarazi-ye `Abd ol `Aziz,colloquial,osm
alias_n3522343277_2532,place_n3522343277,Tazehabad-e Kukav,colloquial,osm
alias_n3522343279_2533,place_n3522343279,Turan Shah,colloquial,osm
alias_n3522343283_2534,place_n3522343283,باپیر,colloquial,osm
alias_n3522343286_2535,place_n3522343286,Zhav Marg-e Nav Khas,colloquial,osm
alias_n3522343290_2536,place_n3522343290,Seyd Ayaz-e `Alireza Vandi,colloquial,osm
alias_n3522399744_2537,place_n3522399744,گروس پائین;گروس سفلى;گروس,colloquial,osm
alias_n3522399745_2538,place_n3522399745,Gavdaneh Khvar,colloquial,osm
alias_n3522399747_2539,place_n3522399747,Guraju Morad Bak,colloquial,osm
alias_n3522399748_2540,place_n3522399748,Guraju Qeshlaq,colloquial,osm
alias_n3522399752_2541,place_n3522399752,Huaru;Huharu;Huvaru;Hirud;Huru;Huvehru,colloquial,osm
alias_n3522399762_2542,place_n3522399762,Neqareh Kub;Naraman,colloquial,osm
alias_n3522399766_2543,place_n3522399766,Sar Cheqeh;Sar Cheqa,colloquial,osm
alias_n3522399770_2544,place_n3522399770,Shirinabad;Sar-i-Mil;Sar-e Mil-e Sofla;Sar-e Mil,colloquial,osm
alias_n3522399771_2545,place_n3522399771,Guraju Safar Shah;Kurab Safar Shah;Safar Shah,colloquial,osm
alias_n3522399778_2546,place_n3522399778,Tut Shahi,colloquial,osm
alias_n3522399780_2547,place_n3522399780,Zeydari;Gura Jub-e Riz`ali,colloquial,osm
alias_n3523333405_2548,place_n3523333405,A'inehjub,colloquial,osm
alias_n3523333406_2549,place_n3523333406,Ab Barik-e Sofla,colloquial,osm
alias_n3523333407_2550,place_n3523333407,Aqa;Agha;Agah;Agah-e Bala;Agah Kolya'i,colloquial,osm
alias_n3523333408_2551,place_n3523333408,علمدین;هلمن,colloquial,osm
alias_n3523333409_2552,place_n3523333409,میر مران,colloquial,osm
alias_n3523333411_2553,place_n3523333411,Asiab Jub,colloquial,osm
alias_n3523333412_2554,place_n3523333412,Aranlah,colloquial,osm
alias_n3523333416_2555,place_n3523333416,Bawali;Bavaleh-ye Fa`leh Kori,colloquial,osm
alias_n3523333417_2556,place_n3523333417,Berya Khani;Buriakhani;Burya Khani;Beryah Khani,colloquial,osm
alias_n3523333419_2557,place_n3523333419,Chafdar,colloquial,osm
alias_n3523333423_2558,place_n3523333423,Chongorreh;Changareh Fa'leh Gari;Chengoreh;Chongoreh;Chongorah;Chahgareh;Chahkareh,colloquial,osm
alias_n3523333426_2559,place_n3523333426,Chalmaleh Pain;Charmaleh;Charmaleh-ye Sofla;Chalmala Pain,colloquial,osm
alias_n3523333427_2560,place_n3523333427,چرملۀ بالا,colloquial,osm
alias_n3523333432_2561,place_n3523333432,Chashmeh Safid;Cheshmeh Sefid Rutvand,colloquial,osm
alias_n3523333434_2562,place_n3523333434,Choqa Gachgineh,colloquial,osm
alias_n3523333435_2563,place_n3523333435,Choqerchah,colloquial,osm
alias_n3523333436_2564,place_n3523333436,Chowgan-e Fa`leh Kori;Chauga;Chaugen,colloquial,osm
alias_n3523333439_2565,place_n3523333439,Darreh Vezem;Taqruzum;Darreh Vezm;Takruzom,colloquial,osm
alias_n3523333440_2566,place_n3523333440,Khel Khvah;Khel Khawah;Deh-e Khoda Dad,colloquial,osm
alias_n3523333442_2567,place_n3523333442,Deh Sheykh,colloquial,osm
alias_n3523333443_2568,place_n3523333443,Da Abbas;Deh `Abbas,colloquial,osm
alias_n3523333445_2569,place_n3523333445,گور یهود,old,osm
alias_n3523333447_2570,place_n3523333447,Gavara;Gawareh,colloquial,osm
alias_n3523333450_2571,place_n3523333450,Girdehkani Pain;Gerdkani-ye Pa'in;Gerdeh Kani-ye Pa'in;Gerdeh Kaneh-ye Sofla;Gerdkani-ye Sofla;Gerda Kaneh-ye Pa'in,colloquial,osm
alias_n3523333451_2572,place_n3523333451,Girdehkani Bala;Gerdkani-ye `Olya;Gerdeh Kani-ye Bala;Gerdkani-ye Bala,colloquial,osm
alias_n3523333453_2573,place_n3523333453,Gol Sorkheh;Qal`eh Surkeh;Gel Sorkheh;Gelah Sorkheh;Qal`eh-ye Sorkheh;Gel-e Sorkheh,colloquial,osm
alias_n3523333454_2574,place_n3523333454,Gur-e Qar;Gur-i-Ghar;Gorgin Darreh,colloquial,osm
alias_n3523333455_2575,place_n3523333455,Gorji;Ghurji Bayan;Ghurji,colloquial,osm
alias_n3523333460_2576,place_n3523333460,Gujja;Gowjeh;Govijeh,colloquial,osm
alias_n3523333462_2577,place_n3523333462,Hafteh Shian;Haftasan;Haft Shian,colloquial,osm
alias_n3523333465_2578,place_n3523333465,Halateh,colloquial,osm
alias_n3523333467_2579,place_n3523333467,Hasanabad-e Qal`ehjuq,colloquial,osm
alias_n3523333468_2580,place_n3523333468,Hasanabad-e Amjadi;Hasanabad-e Govijeh,colloquial,osm
alias_n3523333472_2581,place_n3523333472,هزار خانئ علیا;هزار خانئ بالا;هزار خانی;هزرخم بل;حزار خانئ علیا,colloquial,osm
alias_n3523333473_2582,place_n3523333473,Hoseynabad-e Amjadi;Husainabad,colloquial,osm
alias_n3523333475_2583,place_n3523333475,Husainabad;Deh Boneh;Hoseynabad,colloquial,osm
alias_n3523333476_2584,place_n3523333476,جانعلی,colloquial,osm
alias_n3523333477_2585,place_n3523333477,Jow Kabud-e Bala;Jubkabud-e `Olya;Jub Kabud;Joob Kaboode Olya,colloquial,osm
alias_n3523333478_2586,place_n3523333478,Joob Kaboode Sofla;Jow Kabud-e Pa'in;Jub Kabud-e Sofla,colloquial,osm
alias_n3523333479_2587,place_n3523333479,Asiab Jub-e Farmanfarma,colloquial,osm
alias_n3523333482_2588,place_n3523333482,Kalgah-e Zaman;Kalgah;Kalgeh,colloquial,osm
alias_n3523333487_2589,place_n3523333487,Khalifa,colloquial,osm
alias_n3523333488_2590,place_n3523333488,Khanjamal-e Panahi,colloquial,osm
alias_n3523333489_2591,place_n3523333489,Khanjamal-e Zamani,colloquial,osm
alias_n3523333492_2592,place_n3523333492,Deh-e Khazal,colloquial,osm
alias_n3523333593_2593,place_n3523333593,Khusruabad;Khosrowabad-e Fa`leh Kori,colloquial,osm
alias_n3523333595_2594,place_n3523333595,Khowshyar,colloquial,osm
alias_n3523333596_2595,place_n3523333596,Kesleh;Qishlaq;Kisaleh,colloquial,osm
alias_n3523333597_2596,place_n3523333597,Gol Gol;Kulkul,colloquial,osm
alias_n3523333598_2597,place_n3523333598,Kolah Pa,colloquial,osm
alias_n3523333607_2598,place_n3523333607,Mayana,colloquial,osm
alias_n3523333608_2599,place_n3523333608,Meykhowran-e Bala;Meykhvaran-e Sadat,colloquial,osm
alias_n3523333610_2600,place_n3523333610,Meykhvaran-e Pa'in;Meykhowran-e Pa'in;Meykhowran-e Mohammad Sadeq;Maykhuran Pain;Mae Khuran,colloquial,osm
alias_n3523333611_2601,place_n3523333611,میخوران فرمانفرما;پیر میخواران پیر علی خان;میخواران فرمانفرما;میخواران پیر علی خان;مخران,colloquial,osm
alias_n3523333612_2602,place_n3523333612,Nav Tang;Naotang;Nutang;Miyan-i- Tang;Meyan Tang,colloquial,osm
alias_n3523333616_2603,place_n3523333616,Nurabad,colloquial,osm
alias_n3523333619_2604,place_n3523333619,Qal`eh-ye Jabra'il;Deh Bala;Deh Zhura;Deh-i-Jurail,colloquial,osm
alias_n3523333624_2605,place_n3523333624,Rigjub,colloquial,osm
alias_n3523333628_2606,place_n3523333628,Saman Band;Samanban;Saman Baneh,colloquial,osm
alias_n3523333630_2607,place_n3523333630,Sar Darreh;Sardareh,colloquial,osm
alias_n3523333633_2608,place_n3523333633,Sarab-e Qal`eh-ye Shahin;Sarab-e Abuzar,colloquial,osm
alias_n3523333634_2609,place_n3523333634,Sarab-e Surenabad,colloquial,osm
alias_n3523333636_2610,place_n3523333636,Sayeh Kur-e Pa'in;Sayeh Gor-e Pa'in;Sadeh Kor-e Sofla;Saikur;Sayehkor-e Sofla;Sayeh Kor-e Sofla;Sayeh Kor-e Pa'in,colloquial,osm
alias_n3523333637_2611,place_n3523333637,Sayeh Kur-e Bala;Sadeh Kor-e `Olya;Saikur;Sayehkor-e `Olya;Sayeh Kor-e `Olya;Sayehkor-e Bala;Sayeh Gor-e Bala,colloquial,osm
alias_n3523333645_2612,place_n3523333645,Bashirabad,colloquial,osm
alias_n3523333646_2613,place_n3523333646,Deh Soleyman;سلیمانشاه,colloquial,osm
alias_n3523333650_2614,place_n3523333650,Sornabad;Sowrnabad;Suranabad,colloquial,osm
alias_n3523333651_2615,place_n3523333651,Tazehabad,colloquial,osm
alias_n3523333654_2616,place_n3523333654,Shahid Hayati,colloquial,osm
alias_n3523333656_2617,place_n3523333656,Warmaqan;Varmakan;Varmaqan;Vazmakan,colloquial,osm
alias_n3523333657_2618,place_n3523333657,Yusofjerd,colloquial,osm
alias_n3523333658_2619,place_n3523333658,Zaghan-e `Olya;Zaghan-e Bala,colloquial,osm
alias_n3523333661_2620,place_n3523333661,`Ali Bolagh,colloquial,osm
alias_n3523681692_2621,place_n3523681692,سراب کوله سه,colloquial,osm
alias_n3523688646_2622,place_n3523688646,امیرآبادخان منصور,colloquial,osm
alias_n3523688647_2623,place_n3523688647,انارک,colloquial,osm
alias_n3523688649_2624,place_n3523688649,انارک سفلی;انارک,colloquial,osm
alias_n3523688653_2625,place_n3523688653,بگ وند;بگوند,colloquial,osm
alias_n3523688657_2626,place_n3523688657,بایندرسفلی,colloquial,osm
alias_n3523688658_2627,place_n3523688658,بایندر علیا,colloquial,osm
alias_n3523688660_2628,place_n3523688660,Bagh-e Karambeyg,colloquial,osm
alias_n3523688661_2629,place_n3523688661,بره گینه قاسم خانی,colloquial,osm
alias_n3523688662_2630,place_n3523688662,Baskeleh;Boruvim Baskeleh-ye Amin;Baskeleh-ye Boruvim,colloquial,osm
alias_n3523688665_2631,place_n3523688665,برا بلوجستان,colloquial,osm
alias_n3523688666_2632,place_n3523688666,بیشک تپه,colloquial,osm
alias_n3523688668_2633,place_n3523688668,Cham Nuzdeh,colloquial,osm
alias_n3523688673_2634,place_n3523688673,چشمه کبود چنار,colloquial,osm
alias_n3523688674_2635,place_n3523688674,چنار وسطی;چنار سفلی,colloquial,osm
alias_n3523688677_2636,place_n3523688677,کمره,colloquial,osm
alias_n3523688679_2637,place_n3523688679,Cheshmeh Kabud-e Bala,colloquial,osm
alias_n3523688683_2638,place_n3523688683,Baskeleh-ye Cheshmeh Sefid,colloquial,osm
alias_n3523688685_2639,place_n3523688685,چشمه سرخ قبر بابا,colloquial,osm
alias_n3523688686_2640,place_n3523688686,کنی سور,colloquial,osm
alias_n3523688687_2641,place_n3523688687,Cheshmeh-ye Velagah,colloquial,osm
alias_n3523688692_2642,place_n3523688692,داربید,colloquial,osm
alias_n3523690293_2643,place_n3523690293,دره بادام علیا,colloquial,osm
alias_n3523690297_2644,place_n3523690297,Davar Dar Mian;Davar Bamian,colloquial,osm
alias_n3523690298_2645,place_n3523690298,Deh `Abbas,colloquial,osm
alias_n3523690299_2646,place_n3523690299,ده موسی سفلی;ده موسی علیا,colloquial,osm
alias_n3523690300_2647,place_n3523690300,دیوند,colloquial,osm
alias_n3523690301_2648,place_n3523690301,Dul-e Ma`sum,colloquial,osm
alias_n3523690305_2649,place_n3523690305,گلیانۀ علی باقر;گلیانه;کلیانه علی باقر,colloquial,osm
alias_n3523690306_2650,place_n3523690306,گروند,colloquial,osm
alias_n3523690307_2651,place_n3523690307,Garuni;Gav Ravani;Gaurawani,colloquial,osm
alias_n3523690308_2652,place_n3523690308,گامره,colloquial,osm
alias_n3523690309_2653,place_n3523690309,گیه در,colloquial,osm
alias_n3523690310_2654,place_n3523690310,گرده کاندار,colloquial,osm
alias_n3523690311_2655,place_n3523690311,گدارپی علیا,colloquial,osm
alias_n3523690312_2656,place_n3523690312,گلجیران سفلی,colloquial,osm
alias_n3523690314_2657,place_n3523690314,Golsan,colloquial,osm
alias_n3523690317_2658,place_n3523690317,گرگابان,colloquial,osm
alias_n3523690319_2659,place_n3523690319,Gavani;Gabani,colloquial,osm
alias_n3523690326_2660,place_n3523690326,Kalkushak,colloquial,osm
alias_n3523690327_2661,place_n3523690327,Kalok;Kalgol,colloquial,osm
alias_n3523690331_2662,place_n3523690331,Kalek-e Sofla;Kalek-e `Olya,colloquial,osm
alias_n3523690332_2663,place_n3523690332,کله کن زنگی,colloquial,osm
alias_n3523690336_2664,place_n3523690336,Sarab-e Karian;Karayan;Kareyan,colloquial,osm
alias_n3523690339_2665,place_n3523690339,Khomartash,colloquial,osm
alias_n3523690342_2666,place_n3523690342,خوب یاران علیا,colloquial,osm
alias_n3523690494_2667,place_n3523690494,کوله سه,colloquial,osm
alias_n3523690495_2668,place_n3523690495,Koreh Jub,colloquial,osm
alias_n3523690497_2669,place_n3523690497,یاری خان وسطی,colloquial,osm
alias_n3523690498_2670,place_n3523690498,Markhor,colloquial,osm
alias_n3523690499_2671,place_n3523690499,Qal`eh Mashkara,colloquial,osm
alias_n3523690500_2672,place_n3523690500,مست علی,colloquial,osm
alias_n3523690501_2673,place_n3523690501,Mandrak;Manderek,colloquial,osm
alias_n3523690503_2674,place_n3523690503,Mian Chaqa;Miyan Cheqa,colloquial,osm
alias_n3523690504_2675,place_n3523690504,میانسروان,colloquial,osm
alias_n3523690507_2676,place_n3523690507,Meleh Sorkh,colloquial,osm
alias_n3523690508_2677,place_n3523690508,قابقوئی,colloquial,osm
alias_n3523690512_2678,place_n3523690512,مولو,colloquial,osm
alias_n3523690513_2679,place_n3523690513,کلولابان,colloquial,osm
alias_n3523690515_2680,place_n3523690515,Nuraz,colloquial,osm
alias_n3523690516_2681,place_n3523690516,پی کلا,colloquial,osm
alias_n3523690517_2682,place_n3523690517,قمره وند,colloquial,osm
alias_n3523690519_2683,place_n3523690519,Palkuli,colloquial,osm
alias_n3523690522_2684,place_n3523690522,شاه ولی;قیر بابا شاه ولی,colloquial,osm
alias_n3523690523_2685,place_n3523690523,Qadir Maz;Qader Marz;Qader Maz,colloquial,osm
alias_n3523690525_2686,place_n3523690525,Hajji Mohammad,colloquial,osm
alias_n3523690528_2687,place_n3523690528,خوب یاران سفلی,colloquial,osm
alias_n3523690529_2688,place_n3523690529,Qollaji;Kalaji,colloquial,osm
alias_n3523690531_2689,place_n3523690531,روتاوند هرسم,colloquial,osm
alias_n3523690533_2690,place_n3523690533,کوله سه,colloquial,osm
alias_n3523690534_2691,place_n3523690534,خرنبان,colloquial,osm
alias_n3523690535_2692,place_n3523690535,سامله;ساملۀ سفلى,colloquial,osm
alias_n3523690537_2693,place_n3523690537,Sar Jub-e Sofla;Sarju Jalalwand;Sar Jub-e Jalavand;Sar Jub-e `Olya,colloquial,osm
alias_n3523690538_2694,place_n3523690538,سرایلان سر قلعه,colloquial,osm
alias_n3523690540_2695,place_n3523690540,پشت سراب,colloquial,osm
alias_n3523690541_2696,place_n3523690541,Sorbakuh,colloquial,osm
alias_n3523690542_2697,place_n3523690542,قلعه سر جوب,colloquial,osm
alias_n3523690543_2698,place_n3523690543,سر جوب,colloquial,osm
alias_n3523690544_2699,place_n3523690544,Barto Milehgah-e Gholam,colloquial,osm
alias_n3523690546_2700,place_n3523690546,مله شاهی,colloquial,osm
alias_n3523690547_2701,place_n3523690547,سه جا,colloquial,osm
alias_n3523690548_2702,place_n3523690548,گلجیران علیا,colloquial,osm
alias_n3523690551_2703,place_n3523690551,شاخل بهار آب,colloquial,osm
alias_n3523690552_2704,place_n3523690552,Sheykh Jarva'il;Chekan-e Mansuri;Shaikh Jarwail,colloquial,osm
alias_n3523690553_2705,place_n3523690553,چالگه,colloquial,osm
alias_n3523690554_2706,place_n3523690554,Siah Peleh-ye `Olya,spelling,osm
alias_n3523690555_2707,place_n3523690555,سلاطین,colloquial,osm
alias_n3523690557_2708,place_n3523690557,نامدار,colloquial,osm
alias_n3523690558_2709,place_n3523690558,Jalal,colloquial,osm
alias_n3523690560_2710,place_n3523690560,Tavileh-ye Sofla;Tavileh-ye Gav,colloquial,osm
alias_n3523690561_2711,place_n3523690561,Tavileh-ye `Olya,colloquial,osm
alias_n3523690565_2712,place_n3523690565,Taviran,colloquial,osm
alias_n3523690566_2713,place_n3523690566,Tazehabad-e Siah Peleh,colloquial,osm
alias_n3523690569_2714,place_n3523690569,مسگره تازه آباد,colloquial,osm
alias_n3523690571_2715,place_n3523690571,توه خشکه,colloquial,osm
alias_n3523690573_2716,place_n3523690573,Tuhru'ileh-ye `Olya,colloquial,osm
alias_n3523690574_2717,place_n3523690574,بهاران,colloquial,osm
alias_n3523690576_2718,place_n3523690576,یاری خان سفلی,colloquial,osm
alias_n3523690577_2719,place_n3523690577,یاری خان علیا,colloquial,osm
alias_n3523690578_2720,place_n3523690578,سیدما,colloquial,osm
alias_n3523690579_2721,place_n3523690579,زعفران,colloquial,osm
alias_n3523690580_2722,place_n3523690580,Zabtakin,colloquial,osm
alias_n3523690581_2723,place_n3523690581,زرد,colloquial,osm
alias_n3523690582_2724,place_n3523690582,زرور,colloquial,osm
alias_n3523690585_2725,place_n3523690585,Zeynlan,colloquial,osm
alias_n3523690586_2726,place_n3523690586,Zeynlan,colloquial,osm
alias_n3523800827_2727,place_n3523800827,Baqerabad,colloquial,osm
alias_n3523800828_2728,place_n3523800828,Barikeh-ye `Olya;Barikeh-ye Bala;Qal`eh-ye Aqa Nezam;Barikeh-ye Nezam-e `Olya;Qal`eh Agha Nizam,colloquial,osm
alias_n3523800829_2729,place_n3523800829,Sheykh Sadeq;Barikeh-ye Sofla;Barikeh-ye Pa'in;Barikey-ye Sadeqi-ye Sofla;Barikeh-ye Sadeq;Qal`a Shaikh Sadiq,colloquial,osm
alias_n3523800830_2730,place_n3523800830,Bazgeh,colloquial,osm
alias_n3523800831_2731,place_n3523800831,چار مله اکبر,colloquial,osm
alias_n3523800832_2732,place_n3523800832,Chahar Meleh-ye Pa'in;Chahar Meleh-ye Sofla,colloquial,osm
alias_n3523800835_2733,place_n3523800835,گردی دیزگران,colloquial,osm
alias_n3523800838_2734,place_n3523800838,هاشم خان,colloquial,osm
alias_n3523800839_2735,place_n3523800839,کمال گیر,colloquial,osm
alias_n3523800840_2736,place_n3523800840,Kandahar;Gandehar;Kanhar;Kand-e Har,colloquial,osm
alias_n3523800846_2737,place_n3523800846,منوری,colloquial,osm
alias_n3523800847_2738,place_n3523800847,مله هار دیزگران,colloquial,osm
alias_n3523800848_2739,place_n3523800848,Mumena'i,colloquial,osm
alias_n3523800849_2740,place_n3523800849,Qal`eh-ye Harasam;Harasam,colloquial,osm
alias_n3523800851_2741,place_n3523800851,قلعۀ ترک,colloquial,osm
alias_n3523800852_2742,place_n3523800852,قو چمی نامدار,colloquial,osm
alias_n3523800854_2743,place_n3523800854,ریبلک سفلی,colloquial,osm
alias_n3523800855_2744,place_n3523800855,ریبلک علیا,colloquial,osm
alias_n3523800856_2745,place_n3523800856,Sarab-e Harasm,colloquial,osm
alias_n3523800859_2746,place_n3523800859,طولابی,colloquial,osm
alias_n3523800860_2747,place_n3523800860,Visegeh;Visekeh;Veysekeh,colloquial,osm
alias_n3523800861_2748,place_n3523800861,Qal'a Aliabad;Dizgeran;Dizgaran;Qal`eh `Aliabad,colloquial,osm
alias_n3523944850_2749,place_n3523944850,Halashi,colloquial,osm
alias_n3523944850_2750,place_n3523944850,اهلشی,spelling,osm
alias_n3523944851_2751,place_n3523944851,Bakh Tukhen;Baghtiqun;Bagh-e Tighan;Bagh-e Tukhan;Bagh-e Tifun;Bagh-i-Taighan,colloquial,osm
alias_n3523944852_2752,place_n3523944852,Bagh-e Beyglari,colloquial,osm
alias_n3523944857_2753,place_n3523944857,Dilanchi-ye `Olya,colloquial,osm
alias_n3523944858_2754,place_n3523944858,Sefid Do Borji,colloquial,osm
alias_n3523944859_2755,place_n3523944859,Firuzabad-e Pacheqa;Firuzabad Pachoqa,colloquial,osm
alias_n3523944864_2756,place_n3523944864,Golam Kabud-e Sofla,colloquial,osm
alias_n3523944866_2757,place_n3523944866,Golam Kabud-e `Olya,colloquial,osm
alias_n3523944871_2758,place_n3523944871,Kazhuk,colloquial,osm
alias_n3523944873_2759,place_n3523944873,Kureh Khosrow,colloquial,osm
alias_n3523944887_2760,place_n3523944887,Sar Tappeh-ye Zanganeh,colloquial,osm
alias_n3523944888_2761,place_n3523944888,Sar-i-Ab-i-Firuzabad;Sar-e Firuzabad;Sarab-e Sofla;Sarab;Sarab-e Firuzabad,colloquial,osm
alias_n3523944890_2762,place_n3523944890,سروناو سفلی,colloquial,osm
alias_n3523944891_2763,place_n3523944891,سروناو علیا,colloquial,osm
alias_n3523951896_2764,place_n3523951896,Tahaneh-ye Vosta,colloquial,osm
alias_n3524058089_2765,place_n3524058089,Anjiri,colloquial,osm
alias_n3524058091_2766,place_n3524058091,Baba Jan-e Zarrabi,colloquial,osm
alias_n3524058393_2767,place_n3524058393,بدرگرد سلیمی,colloquial,osm
alias_n3524058394_2768,place_n3524058394,تازه آباد بدر گرد;تازه آباد,colloquial,osm
alias_n3524058396_2769,place_n3524058396,خانه پگاه,spelling,osm
alias_n3524058397_2770,place_n3524058397,Banganjao;Ban Ganjab;Ganjab,colloquial,osm
alias_n3524058398_2771,place_n3524058398,Banlirni,colloquial,osm
alias_n3524058400_2772,place_n3524058400,Baqerabad-e Sofla,colloquial,osm
alias_n3524058405_2773,place_n3524058405,سیاسیا بیگ زاده,colloquial,osm
alias_n3524058406_2774,place_n3524058406,Bid Gol;Bidgol-e Sofla;Bedgul,colloquial,osm
alias_n3524058408_2775,place_n3524058408,Chafteh,colloquial,osm
alias_n3524058409_2776,place_n3524058409,Chahar Zabar-e `Alinaqi Khani;Chehar Zabar;Chahar Zebr-e Pa'in;Chahar Zabar-e Pa'in,colloquial,osm
alias_n3524058410_2777,place_n3524058410,Chahar Zabar-e Bala;Chahar Zabar-e `Olya;Chehar Zabar;Chahar Zabar,colloquial,osm
alias_n3524058411_2778,place_n3524058411,Chalabeh-ye Sofla;Godar,colloquial,osm
alias_n3524058412_2779,place_n3524058412,Chalabeh-ye `Olya;Chalabeh-ye Bala;Chalawa,colloquial,osm
alias_n3524058413_2780,place_n3524058413,Mohammad `Alikhan,colloquial,osm
alias_n3524058414_2781,place_n3524058414,Chengoreh;Chownger;Chongoreh-ye Jalilvand;Chongoreh-ye Simivand;Chowngor;Changezeh,colloquial,osm
alias_n3524058415_2782,place_n3524058415,Choqa Bahar,colloquial,osm
alias_n3524058416_2783,place_n3524058416,Choqa Bur-e Darab,colloquial,osm
alias_n3524058418_2784,place_n3524058418,چقاجنگه علیا,colloquial,osm
alias_n3524058419_2785,place_n3524058419,Choqa Kabud,colloquial,osm
alias_n3524058420_2786,place_n3524058420,Cheqa Naqd-e `Ali-ye Sofla;Cheqa Naqd `Ali-ye Sofla,colloquial,osm
alias_n3524058421_2787,place_n3524058421,Choqa Kalb`ali,colloquial,osm
alias_n3524058423_2788,place_n3524058423,Chia Narges;Angilise;Choqa Narges;Cheqa Narges;Chia Nargis,colloquial,osm
alias_n3524058424_2789,place_n3524058424,Chia Zard;Cheqa Zard-e Baghi;Cheqa Zard;Choqa Zard-e Baghi,colloquial,osm
alias_n3524058426_2790,place_n3524058426,Chelleh-ye Pa'in;Chellehi;Chelleh;Chelleh'i-ye Pa'in,colloquial,osm
alias_n3524058427_2791,place_n3524058427,Chelleh'i-ye Bala;Cheleh-ye `Olya;Cheleh-ye Bala;Chelleh-ye Bala,colloquial,osm
alias_n3524058428_2792,place_n3524058428,Chinar,colloquial,osm
alias_n3524058429_2793,place_n3524058429,Chegha Changa Sofla;Chaqa Janga-ye Sofla;Cheqa Jenga-ye Sofla;Cheqa Jengah-e Sofla,colloquial,osm
alias_n3524058430_2794,place_n3524058430,Cheqa Kabud-e Seyah Seyah;Cheqad Kabud;Chega Kabud,colloquial,osm
alias_n3524058437_2795,place_n3524058437,Cheshmeh Sefid-e Shah Morad,colloquial,osm
alias_n3524058439_2796,place_n3524058439,Cheshmeh Sefid,colloquial,osm
alias_n3524058441_2797,place_n3524058441,Chia Balek Khwaja Bashi;Cheqa Belek-e Qal`eh;Cheqa Balak Khvajeh Bashi;Cheqa Balak-e Khvajeh Bashi;Cheqa Balak Qal`eh;Chia Malek Khvajeh Bashi,colloquial,osm
alias_n3524058449_2798,place_n3524058449,Choqa Bur-e `Isa,colloquial,osm
alias_n3524058451_2799,place_n3524058451,ده عزیز,colloquial,osm
alias_n3524058452_2800,place_n3524058452,Zalakeh-ye Haji Faraj;Zalakeh;Zalkeh-ye Hajji Faraj;Zalekeh;Zalakeh-ye Farajollah-e Montazeri,colloquial,osm
alias_n3524058453_2801,place_n3524058453,Zalkeh-ye Kalb`ali;Zalkey-ye Vaziri;Zalakeh-ye Vaziri,colloquial,osm
alias_n3524058454_2802,place_n3524058454,Deh Askar;Dalv-e Hasanabad,colloquial,osm
alias_n3524058456_2803,place_n3524058456,Dargul Saiyid Hasan;Dargol-e Seyyed Hasan;Dargol;Dar Gol-e Seyyed Hasan;Dargol Seyyed Hasan,colloquial,osm
alias_n3524058458_2804,place_n3524058458,Derkah,colloquial,osm
alias_n3524058462_2805,place_n3524058462,Darkeh-ye Hasankhani,colloquial,osm
alias_n3524058467_2806,place_n3524058467,Darkhor-e Aqa Reza,colloquial,osm
alias_n3524058468_2807,place_n3524058468,Darkhor-e Hasanabad,colloquial,osm
alias_n3524058470_2808,place_n3524058470,Darreh Darish,colloquial,osm
alias_n3524058475_2809,place_n3524058475,Seyyed Naqi;Deh Saiyid Naqi,colloquial,osm
alias_n3524058476_2810,place_n3524058476,ده کریشه,old,osm
alias_n3524058477_2811,place_n3524058477,Dazgeran-e Bala,colloquial,osm
alias_n3524058480_2812,place_n3524058480,Dokushkan-e Hoseynkhani,colloquial,osm
alias_n3524058481_2813,place_n3524058481,Dokushkan-e Reza Khani,colloquial,osm
alias_n3524058482_2814,place_n3524058482,Daulatabad;Dowlatabad-e `Olya,colloquial,osm
alias_n3524058487_2815,place_n3524058487,Deh Farokh Khan,colloquial,osm
alias_n3524058489_2816,place_n3524058489,Gamizej-e Pa'in;Gamizaj;Gamizaj-e Pa'in;Gamizej-e Sofla;Sarpuzel,colloquial,osm
alias_n3524058491_2817,place_n3524058491,Garmizak;Gamizaj-e Bala;Gamizej-e Bala;Gamizaj;Gamizej-e `Olya,colloquial,osm
alias_n3524058492_2818,place_n3524058492,Gardangah,colloquial,osm
alias_n3524059897_2819,place_n3524059897,Haft Ashian,colloquial,osm
alias_n3524059898_2820,place_n3524059898,Hajjiabad,colloquial,osm
alias_n3524059900_2821,place_n3524059900,Hajjiabad-e Seh,colloquial,osm
alias_n3524059901_2822,place_n3524059901,Zobeyri Hasanabad;Zobeyri;Zibiri;Zibri;Zibri Hasan Abad;Hasanabad-e Zobeyri,colloquial,osm
alias_n3524059903_2823,place_n3524059903,Hasanabad,colloquial,osm
alias_n3524059906_2824,place_n3524059906,Chalau,colloquial,osm
alias_n3524059909_2825,place_n3524059909,Kahriz-e Bala,colloquial,osm
alias_n3524059911_2826,place_n3524059911,Kamarah;Kamareh,colloquial,osm
alias_n3524059912_2827,place_n3524059912,Kamarah,colloquial,osm
alias_n3524059913_2828,place_n3524059913,Kamareh;Kamarah,colloquial,osm
alias_n3524059914_2829,place_n3524059914,Kangarban;Kangarban-e `Olya;Kankarban-e Bala,colloquial,osm
alias_n3524059915_2830,place_n3524059915,Kangarban-e Vosta;Kangarban-e Vasati;Kangarban;Fantawar,colloquial,osm
alias_n3524059916_2831,place_n3524059916,Paiawand;Kangarban-e Sofla,colloquial,osm
alias_n3524059919_2832,place_n3524059919,Kashanbeh-ye Chahar Dangi,colloquial,osm
alias_n3524059920_2833,place_n3524059920,Kashanbeh-ye Dodangi,colloquial,osm
alias_n3524059922_2834,place_n3524059922,Kenar Merreg,colloquial,osm
alias_n3524059923_2835,place_n3524059923,Khaneh Beygi,colloquial,osm
alias_n3524059925_2836,place_n3524059925,Khareh Ab-e Pa'in,colloquial,osm
alias_n3524059926_2837,place_n3524059926,Kharagab-e `Olya,colloquial,osm
alias_n3524059928_2838,place_n3524059928,Khazal,colloquial,osm
alias_n3524059930_2839,place_n3524059930,Khor Khor,colloquial,osm
alias_n3524059932_2840,place_n3524059932,Kaleh Jub-e `Olya;Kalah Jub;Goleh Jub;Kulajub,colloquial,osm
alias_n3524059934_2841,place_n3524059934,Kotkoti,colloquial,osm
alias_n3524059935_2842,place_n3524059935,Kajak Bel-e Sofla,colloquial,osm
alias_n3524059936_2843,place_n3524059936,Kajak Bel-e `Olya,colloquial,osm
alias_n3524059941_2844,place_n3524059941,میرعبدالباقی,colloquial,osm
alias_n3524059952_2845,place_n3524059952,Meyaneh;Miyaheh;Miyaneh,colloquial,osm
alias_n3524059954_2846,place_n3524059954,Millehgah;Milgeh-e Baqar,colloquial,osm
alias_n3524059955_2847,place_n3524059955,Millehgah;Milekeh-ye Puchan;Milekeh;Milgeh-e Buchan;Milkeh-ye Buchan;Milleh Gawana,colloquial,osm
alias_n3524059956_2848,place_n3524059956,Milekeh-ye Shirkhan;Milkeh;Milgeh-e Shirkhan;Milleh Gawana;Millehgah,colloquial,osm
alias_n3524059957_2849,place_n3524059957,Mirazi,colloquial,osm
alias_n3524059958_2850,place_n3524059958,Mirag,colloquial,osm
alias_n3524059960_2851,place_n3524059960,Mo`arefi;Ma`arefi;Mo`arefi-ye Sheyan;Marfi,colloquial,osm
alias_n3524059961_2852,place_n3524059961,Molhatavi,colloquial,osm
alias_n3524059962_2853,place_n3524059962,Mulla Zaman,colloquial,osm
alias_n3524059966_2854,place_n3524059966,Nimdangi,colloquial,osm
alias_n3524059967_2855,place_n3524059967,پلنگ گرد,colloquial,osm
alias_n3524059969_2856,place_n3524059969,Piriai;Pir Hayati-ye Pa'in;Piryal;Pir Hayati-ye Sofla,colloquial,osm
alias_n3524059975_2857,place_n3524059975,Qal`eh-ye Sheyan;Shiyan;Shian,colloquial,osm
alias_n3524059979_2858,place_n3524059979,Kainas;Kaynas,colloquial,osm
alias_n3524059980_2859,place_n3524059980,Kabat;Koai;Akbar Qobad;Qobad,colloquial,osm
alias_n3524059981_2860,place_n3524059981,Qomsheh-ye Baba Karam Khan,colloquial,osm
alias_n3524059986_2861,place_n3524059986,Qomsheh-ye Seyyed Qasem;Qomsheh Tappeh,colloquial,osm
alias_n3524060698_2862,place_n3524060698,Riz Vand;Rizehvand,colloquial,osm
alias_n3524060701_2863,place_n3524060701,Samarrah;Samereh,colloquial,osm
alias_n3524060702_2864,place_n3524060702,Sang Tarash,colloquial,osm
alias_n3524060704_2865,place_n3524060704,Sartappeh,colloquial,osm
alias_n3524060706_2866,place_n3524060706,Sarab-e Khoshkeh-ye Sofla,colloquial,osm
alias_n3524060707_2867,place_n3524060707,Sarab-e Mileh Sar,colloquial,osm
alias_n3524060713_2868,place_n3524060713,Sartappeh,colloquial,osm
alias_n3524060715_2869,place_n3524060715,Shahini,colloquial,osm
alias_n3524060720_2870,place_n3524060720,Dom Shemsheh;Dum-i-Shamsheh,colloquial,osm
alias_n3524060722_2871,place_n3524060722,Shīţ,colloquial,osm
alias_n3524060723_2872,place_n3524060723,Shuhan;Shian;Showhan-e Sofla;Shuan;Shufan,colloquial,osm
alias_n3524060724_2873,place_n3524060724,Showhan-e `Olya,colloquial,osm
alias_n3524060725_2874,place_n3524060725,Sia Sia-ye Habib;Siya Siya,colloquial,osm
alias_n3524060726_2875,place_n3524060726,سیاسیا کیخسرو,colloquial,osm
alias_n3524060730_2876,place_n3524060730,Siyah Kamar,colloquial,osm
alias_n3524060732_2877,place_n3524060732,Siah Kamar-e Pa'in,colloquial,osm
alias_n3524060733_2878,place_n3524060733,Siah Kamar-e Sheykh,colloquial,osm
alias_n3524060734_2879,place_n3524060734,Siah Kamar-e Ma`ruf,colloquial,osm
alias_n3524060735_2880,place_n3524060735,Simani-ye Kuchak;Simani;Simani-ye Pa'in,colloquial,osm
alias_n3524060736_2881,place_n3524060736,Simani-ye Bozorg;Simani;Simani-ye Bala;Siman-e Bala,colloquial,osm
alias_n3524060737_2882,place_n3524060737,Simeneh-ye `Olya;Simineh-ye `Olya;Simineh;Siminah,colloquial,osm
alias_n3524060738_2883,place_n3524060738,Simineh;Simineh-ye Sofla;Siminah;Simeneh-ye Sofla,colloquial,osm
alias_n3524060744_2884,place_n3524060744,Tang-e Showhan-e `Olya;Tang-e Shuhan-e Bala;Tang-e Shuhan-e `Olya;Tang-e Shian;Tang-i-Shuwan,colloquial,osm
alias_n3524060746_2885,place_n3524060746,Tappeh Goleh-ye `Olya;Tappeh Gola-ye Bozorg;Tappeh Glaeh Olya;Tappeh-ye Goleh;Tappeh-ye Gol;Tappeh Galleh-ye `Olya;Tappeh Galak,colloquial,osm
alias_n3524060747_2886,place_n3524060747,Tappeh Galleh-ye Sofla;Tappeh Goleh,colloquial,osm
alias_n3524060749_2887,place_n3524060749,Bidgol-e `Olya,colloquial,osm
alias_n3524060750_2888,place_n3524060750,Tazehabad,colloquial,osm
alias_n3524060752_2889,place_n3524060752,Tazehabad,colloquial,osm
alias_n3524060753_2890,place_n3524060753,Namivand-e Vasati;Namivand;Namivand-e Vasat;Namivand-e `Olya;Namvand-e Vosta;Namiawan;Nam-i-Wan,colloquial,osm
alias_n3524060757_2891,place_n3524060757,Tumianeh,colloquial,osm
alias_n3524060758_2892,place_n3524060758,Tovasorkhak-e Sofla;Tuh-e Sorkhak,colloquial,osm
alias_n3524060759_2893,place_n3524060759,زنگنه;توه سرخک علیا,colloquial,osm
alias_n3524060760_2894,place_n3524060760,Tua Latif;Toveh-e Latif;Tovah Latif;Toveh Latif,colloquial,osm
alias_n3524060763_2895,place_n3524060763,Valakvand,colloquial,osm
alias_n3524060766_2896,place_n3524060766,Yalveh-ye Sofla,colloquial,osm
alias_n3524060767_2897,place_n3524060767,Yalveh-ye `Olya;Fereydun,colloquial,osm
alias_n3524060769_2898,place_n3524060769,Zalan,colloquial,osm
alias_n3524060772_2899,place_n3524060772,Zelan-e `Olya,colloquial,osm
alias_n3524060773_2900,place_n3524060773,Zain-al-Khani,colloquial,osm
alias_n3524060776_2901,place_n3524060776,`Aliabad-e `Olya,colloquial,osm
alias_n3524060777_2902,place_n3524060777,`Aliabad-e Sofla,colloquial,osm
alias_n3524060778_2903,place_n3524060778,Milleh Aliwar;Alivar;`Ali Bar;Milla Aliwar,colloquial,osm
alias_n3524060779_2904,place_n3524060779,`Asheqan-e Musa,colloquial,osm
alias_n3524060780_2905,place_n3524060780,`Asheqan-e `Abedin,colloquial,osm
alias_n3524794279_2906,place_n3524794279,Dayar,colloquial,osm
alias_n3524794283_2907,place_n3524794283,Zi,colloquial,osm
alias_n3524794285_2908,place_n3524794285,`Abbasabad-e Gol Gol,colloquial,osm
alias_n3524794286_2909,place_n3524794286,`Algeh;Kaneh Rashid-e Algah,colloquial,osm
alias_n3524794289_2910,place_n3524794289,`Aliabad-e Golbanu,colloquial,osm
alias_n3524794290_2911,place_n3524794290,عالیگه,colloquial,osm
alias_n3524794292_2912,place_n3524794292,Kaneh Rashid-e `Arab,colloquial,osm
alias_n3524794748_2913,place_n3524794748,Karseh;Kuseh,colloquial,osm
alias_n3524794753_2914,place_n3524794753,Lor,colloquial,osm
alias_n3524794759_2915,place_n3524794759,Marivan-e Kakiha;Mariwani;Marivan-e Kahiha;Meriwani;Marivani,colloquial,osm
alias_n3524794766_2916,place_n3524794766,Merzan;Mazran,colloquial,osm
alias_n3524794767_2917,place_n3524794767,Mir Havar,colloquial,osm
alias_n3524794771_2918,place_n3524794771,Kavali Banyaran-e Yar Mohammad;Meleh Ya`qub,colloquial,osm
alias_n3524794773_2919,place_n3524794773,Anjirak-e Zarduni,colloquial,osm
alias_n3524794776_2920,place_n3524794776,Nilavareh;Nilawa,colloquial,osm
alias_n3524794777_2921,place_n3524794777,Nilavareh;Nilaura,colloquial,osm
alias_n3524794783_2922,place_n3524794783,Paseh Khur,colloquial,osm
alias_n3524794784_2923,place_n3524794784,Pel Havas;Bolhavaz,colloquial,osm
alias_n3524794786_2924,place_n3524794786,Oabakh Tappeh;Qapaq Tappeh;Qabaq Tappeh;Qabay Tappeh,colloquial,osm
alias_n3524794790_2925,place_n3524794790,Qalaji;Qalajeh;Qal`ehjeh,colloquial,osm
alias_n3524794792_2926,place_n3524794792,Qelij Khani;Qalij Khani;Kaleh Kalitch Khani,colloquial,osm
alias_n3524794962_2927,place_n3524794962,Baba Kuseh,colloquial,osm
alias_n3524794963_2928,place_n3524794963,Baba Kuseh;Tazehabad,colloquial,osm
alias_n3524794965_2929,place_n3524794965,Baban-e Sardar Qasemkhan;Bavan,colloquial,osm
alias_n3524794967_2930,place_n3524794967,Bal'i;Bele'i,colloquial,osm
alias_n3524794968_2931,place_n3524794968,Karamkhani;Pankhud;Ban Nokhvod;Ba Nokhvod;Ban-e Khvod,colloquial,osm
alias_n3524794969_2932,place_n3524794969,Ban Shirvan-e Tofangchi,colloquial,osm
alias_n3524794970_2933,place_n3524794970,Ban Suleh-ye Kalb`ali,colloquial,osm
alias_n3524794973_2934,place_n3524794973,Bindar;Bandar-e Sheykh;Bendar,colloquial,osm
alias_n3524794974_2935,place_n3524794974,Bani Lavan Tajez;Bani Lavan,colloquial,osm
alias_n3524794978_2936,place_n3524794978,Bansulab-e Navkhas,colloquial,osm
alias_n3524794979_2937,place_n3524794979,Malek `Ali Veysi,colloquial,osm
alias_n3524794980_2938,place_n3524794980,Ban Suleh-ye Shirzad;Kotak Bozorg,colloquial,osm
alias_n3524794983_2939,place_n3524794983,Baniaran-e Seyyed Kaki;Banyaran-e Teymur;Takyeh-ye Teymur;Deh-e Teymur;Takya Taimur;Ban Yaran-e Teymur,colloquial,osm
alias_n3524794985_2940,place_n3524794985,Banyaran-e Amir Haqmorad;Banyaran Morad,colloquial,osm
alias_n3524794986_2941,place_n3524794986,Barshah;Barishah,colloquial,osm
alias_n3524794987_2942,place_n3524794987,Bavrol;Badrowl;Baral;Bowrul;Ba'urul;Baorol,colloquial,osm
alias_n3524794988_2943,place_n3524794988,Bayengan,colloquial,osm
alias_n3524794990_2944,place_n3524794990,Birqavand,colloquial,osm
alias_n3524794992_2945,place_n3524794992,Choqa Konuzh,colloquial,osm
alias_n3524794993_2946,place_n3524794993,Chegeni-ye `Olya,colloquial,osm
alias_n3524794994_2947,place_n3524794994,Kani Chamrow-e Tofangi,colloquial,osm
alias_n3524794996_2948,place_n3524794996,Choqa Khazan,colloquial,osm
alias_n3524794997_2949,place_n3524794997,Chuk,colloquial,osm
alias_n3524794998_2950,place_n3524794998,الباخە,colloquial,osm
alias_n3524794998_2951,place_n3524794998,دگاگاە,spelling,osm
alias_n3524795001_2952,place_n3524795001,Darkhowr;Darkhor,colloquial,osm
alias_n3524795007_2953,place_n3524795007,Daravisheh,colloquial,osm
alias_n3524795008_2954,place_n3524795008,Darvaleh-ye Pa'in,colloquial,osm
alias_n3524795008_2955,place_n3524795008,درولە سفلی,spelling,osm
alias_n3524795012_2956,place_n3524795012,Banavach,colloquial,osm
alias_n3524795016_2957,place_n3524795016,Disheh;Deshah,colloquial,osm
alias_n3524795017_2958,place_n3524795017,Do Kan`an,colloquial,osm
alias_n3524795019_2959,place_n3524795019,Dowdan,colloquial,osm
alias_n3524795022_2960,place_n3524795022,Piruzeh,colloquial,osm
alias_n3524795035_2961,place_n3524795035,Hamah Yaz,colloquial,osm
alias_n3524795041_2962,place_n3524795041,Kanuleh-ye Juzu,colloquial,osm
alias_n3524795042_2963,place_n3524795042,Kakiel,colloquial,osm
alias_n3524795046_2964,place_n3524795046,Kerman-e Bala,colloquial,osm
alias_n3524795047_2965,place_n3524795047,Kaneh Rashid-e Babakhan,colloquial,osm
alias_n3524795048_2966,place_n3524795048,Kaneh Rashid-e Gol Morad,colloquial,osm
alias_n3524795050_2967,place_n3524795050,Kelineh-ye Paydar,colloquial,osm
alias_n3524795055_2968,place_n3524795055,Kholeh Gush-e Sofla,colloquial,osm
alias_n3524795056_2969,place_n3524795056,Kholeh Gush-e `Olya,colloquial,osm
alias_n3524795057_2970,place_n3524795057,Khurneh-ye `Olya,colloquial,osm
alias_n3524795097_2971,place_n3524795097,Rawan Zarudeh;Ravan;Ravan Zardu'i;Ravan-e Zardu'i;Ravan-e Zardowi;Zardu'i,colloquial,osm
alias_n3524795099_2972,place_n3524795099,Deh Sabz Ali Khan;Dah Sabz Ali Khan,colloquial,osm
alias_n3524795102_2973,place_n3524795102,Sar Aseyab;Sar Asiyab,colloquial,osm
alias_n3524795103_2974,place_n3524795103,Sartakhtgah,colloquial,osm
alias_n3524795105_2975,place_n3524795105,Sarab-e Tiran,colloquial,osm
alias_n3524795107_2976,place_n3524795107,Sati Yari,colloquial,osm
alias_n3524795108_2977,place_n3524795108,Sayehvand,colloquial,osm
alias_n3524795110_2978,place_n3524795110,Seyyed Seyfur,colloquial,osm
alias_n3524795111_2979,place_n3524795111,Sheykh Morad-e Tofangchi;Shahmar,colloquial,osm
alias_n3524795114_2980,place_n3524795114,Shaikh Mustafa,colloquial,osm
alias_n3524795115_2981,place_n3524795115,شیخ صله,colloquial,osm
alias_n3524795118_2982,place_n3524795118,Suteh;Seteh,colloquial,osm
alias_n3524795124_2983,place_n3524795124,Takht Gah-e Jahanbakhsh Soltan;Takhtgan;Takhtgah-e Daniali;Takhtgah-e Jahan Bakhsh;Takhtegah-e Daneyali,colloquial,osm
alias_n3524795125_2984,place_n3524795125,Takhtgah-e Hoseyni,colloquial,osm
alias_n3524795126_2985,place_n3524795126,Takhtgah-e Safiyar Soltan,colloquial,osm
alias_n3524795127_2986,place_n3524795127,Takhtgah-e Surat Khanom,colloquial,osm
alias_n3524795130_2987,place_n3524795130,Tazehabad,colloquial,osm
alias_n3524795131_2988,place_n3524795131,Tazehabad,colloquial,osm
alias_n3524795135_2989,place_n3524795135,Torkeh-ye Sofla,colloquial,osm
alias_n3524795136_2990,place_n3524795136,Targaran,colloquial,osm
alias_n3524795138_2991,place_n3524795138,Vandeh Rangineh,colloquial,osm
alias_n3524795142_2992,place_n3524795142,دربند,colloquial,osm
alias_n3525485281_2993,place_n3525485281,Ab-e Barik,colloquial,osm
alias_n3525485287_2994,place_n3525485287,Qal`eh-ye Argeneh;Argeneh-ye Pa'in;Argana;Qal`a Argana;Qal`eh-ye Argena;Argeneh,colloquial,osm
alias_n3525485288_2995,place_n3525485288,Argeneh-ye Bala,colloquial,osm
alias_n3525485994_2996,place_n3525485994,Bafalek;Bagh Falak,colloquial,osm
alias_n3525485996_2997,place_n3525485996,Bala Kobra;Bala Gabri,colloquial,osm
alias_n3525485999_2998,place_n3525485999,Pakaleh,colloquial,osm
alias_n3525486000_2999,place_n3525486000,Baghla;Bageleh,colloquial,osm
alias_n3525486001_3000,place_n3525486001,Baba Zeyd;Bawazid,colloquial,osm
alias_n3525486002_3001,place_n3525486002,Payervand-e Tekyeh,colloquial,osm
alias_n3525486003_3002,place_n3525486003,Belverdi-ye `Olya,colloquial,osm
alias_n3525486004_3003,place_n3525486004,Belverdi-ye Sofla,colloquial,osm
alias_n3525486006_3004,place_n3525486006,Beznabad-e `Olya,colloquial,osm
alias_n3525486007_3005,place_n3525486007,Beznabad-e Sofla;Bazinabad-e Pa'in,colloquial,osm
alias_n3525486009_3006,place_n3525486009,Bozgodar-e `Olya,colloquial,osm
alias_n3525486010_3007,place_n3525486010,Bozgodar-e Sofla,colloquial,osm
alias_n3525486015_3008,place_n3525486015,Chambatan-e `Olya,colloquial,osm
alias_n3525486016_3009,place_n3525486016,Chambatan-e Sofla,colloquial,osm
alias_n3525486023_3010,place_n3525486023,Cheshmeh Kabud,colloquial,osm
alias_n3525486030_3011,place_n3525486030,چقا,colloquial,osm
alias_n3525486030_3012,place_n3525486030,چیاسی,colloquial,osm
alias_n3525486032_3013,place_n3525486032,`Eyn ol Qas;Derkeh;Perkeh;Derkah;Darakeh;Darka,colloquial,osm
alias_n3525486035_3014,place_n3525486035,Davudi-ye `Olya,colloquial,osm
alias_n3525486036_3015,place_n3525486036,Davudi-ye Sofla,colloquial,osm
alias_n3525486038_3016,place_n3525486038,Dehnow,colloquial,osm
alias_n3525486041_3017,place_n3525486041,Deh Kabud,colloquial,osm
alias_n3525486043_3018,place_n3525486043,Kahrar-e Dejgah,colloquial,osm
alias_n3525486045_3019,place_n3525486045,Do Kaneh;Dukaneh,colloquial,osm
alias_n3525486048_3020,place_n3525486048,Elayiyeh,colloquial,osm
alias_n3525486049_3021,place_n3525486049,Elyasvand-e `Olya,colloquial,osm
alias_n3525486050_3022,place_n3525486050,Elyasvand-e Sofla,colloquial,osm
alias_n3525486052_3023,place_n3525486052,Issakvan;Eshaqvand;`Isa Khan-e Sofla;`Isa Khan-e Pa'in,colloquial,osm
alias_n3525486053_3024,place_n3525486053,`Isa Khan Bala;`Isa Khan-e `Olya,colloquial,osm
alias_n3525486056_3025,place_n3525486056,Parvareshgah-e Faraman,colloquial,osm
alias_n3525486059_3026,place_n3525486059,Kanjur-e Pa'in;Kanjur;Kanjur-e Sofla,colloquial,osm
alias_n3525486061_3027,place_n3525486061,Qal`eh Garmianek;Garmianeh;Garmeyanak;Qal`a Garmianeh,colloquial,osm
alias_n3525486064_3028,place_n3525486064,Gavkol;Gavkol-e Pa'in,colloquial,osm
alias_n3525486066_3029,place_n3525486066,Gavshan-e Pa'in,colloquial,osm
alias_n3525486067_3030,place_n3525486067,Gavshan-e Bala,colloquial,osm
alias_n3525486070_3031,place_n3525486070,Gorgavand,colloquial,osm
alias_n3525486072_3032,place_n3525486072,Gushboran,colloquial,osm
alias_n3525486077_3033,place_n3525486077,Hajjiabad-e Darufaraman;Haji Abad Darroofaraman;Hajiabad,colloquial,osm
alias_n3525486080_3034,place_n3525486080,Hasemabad;Ismabad,colloquial,osm
alias_n3525486089_3035,place_n3525486089,Jameh Shuran-e `Olya,colloquial,osm
alias_n3525486090_3036,place_n3525486090,Jelow Girangeh,colloquial,osm
alias_n3525486092_3037,place_n3525486092,Kabudeh-ye `Olya,colloquial,osm
alias_n3525486193_3038,place_n3525486193,Kabudeh-ye Sofla,colloquial,osm
alias_n3525486194_3039,place_n3525486194,Qahrar-e Pa'in;Kahrar,colloquial,osm
alias_n3525486195_3040,place_n3525486195,Qahrar-e Bala,colloquial,osm
alias_n3525486199_3041,place_n3525486199,Kalkoshavand-e Vosta,colloquial,osm
alias_n3525486200_3042,place_n3525486200,Kalkoshavand-e Sofla,colloquial,osm
alias_n3525486202_3043,place_n3525486202,Kamar Ab,colloquial,osm
alias_n3525486203_3044,place_n3525486203,Kanjur;Kanjur-e Bala,colloquial,osm
alias_n3525486205_3045,place_n3525486205,Kaverlavand;Kawralawan;Kavar Lavan,colloquial,osm
alias_n3525486209_3046,place_n3525486209,کماسئ وسطى,colloquial,osm
alias_n3525486210_3047,place_n3525486210,کماسئ سفلى,colloquial,osm
alias_n3525486211_3048,place_n3525486211,Kurani;Korani-e `Olya;Korrani;Korrani-ye `Olya;Korani-ye `Olya,colloquial,osm
alias_n3525486213_3049,place_n3525486213,Korani-e Sofla;Korrani;Korani-ye Sofla;Korrani-ye Sofla,colloquial,osm
alias_n3525486215_3050,place_n3525486215,Ma'va-ye Pa'in;Ma'va;Ma'va-ye Sofla;Mawa,colloquial,osm
alias_n3525486216_3051,place_n3525486216,Ma`va'-e `Olya,colloquial,osm
alias_n3525486217_3052,place_n3525486217,Mahmudabad,colloquial,osm
alias_n3525486223_3053,place_n3525486223,Meleh-ye Vali,colloquial,osm
alias_n3525486226_3054,place_n3525486226,Mirazi,colloquial,osm
alias_n3525486230_3055,place_n3525486230,Muriyan;Salehabad;Murian;Mureyan;Hurian,colloquial,osm
alias_n3525486232_3056,place_n3525486232,Nimdangi,colloquial,osm
alias_n3525486236_3057,place_n3525486236,پریوه;پریوۀ سفلى;پریور پائین;پریوۀ پائین,colloquial,osm
alias_n3525486237_3058,place_n3525486237,Parivak;Pariveh;Parivar-e Bala;Pariveh-ye Bala,colloquial,osm
alias_n3525486238_3059,place_n3525486238,Passar,colloquial,osm
alias_n3525486239_3060,place_n3525486239,پشکلۀ بالا,colloquial,osm
alias_n3525486240_3061,place_n3525486240,Posht Tang-e Chenaran,colloquial,osm
alias_n3525486242_3062,place_n3525486242,Kahrar-e Mowqufeh,colloquial,osm
alias_n3525486244_3063,place_n3525486244,Ganjavan;Ganjuwan,colloquial,osm
alias_n3525486245_3064,place_n3525486245,Qal`eh-ye Mohammad `Alikhan;Qal`a Imam Ali;Qal`eh Imam `Ali,colloquial,osm
alias_n3525486246_3065,place_n3525486246,Qal`eh Qobad;Qal`eh Kabud,colloquial,osm
alias_n3525486251_3066,place_n3525486251,Qeysavand,colloquial,osm
alias_n3525486254_3067,place_n3525486254,Qomlijeh,colloquial,osm
alias_n3525486255_3068,place_n3525486255,Quzivand,colloquial,osm
alias_n3525486256_3069,place_n3525486256,Qarabaghestan-e Pa'in;Qorbaghestan;Gherbaghestane Sofla;Qorbaghestan-e Pa'in;Qarbaghestan-e Pa'in;Qarbaghastan-e Pa'in;Gurbaghistan,colloquial,osm
alias_n3525486257_3070,place_n3525486257,Qarbaghastan-e Bala;Qarabaghestan-e Bala;Gurbaghistan;Gherbaghestan;Qorbaghestan-e `Olya;Qorbaghestan-e Bala;Qorbaghestan,colloquial,osm
alias_n3525486261_3071,place_n3525486261,سنجابی;رایگان;سنجابید رایگان,colloquial,osm
alias_n3525486263_3072,place_n3525486263,Saguz;Sagoz;Sagaz-e Mobarakabad,colloquial,osm
alias_n3525486264_3073,place_n3525486264,Samangan-e Pa'in,colloquial,osm
alias_n3525486265_3074,place_n3525486265,Samangan,colloquial,osm
alias_n3525486268_3075,place_n3525486268,Sanbol-e Pa'in,colloquial,osm
alias_n3525486269_3076,place_n3525486269,Sarasiab,colloquial,osm
alias_n3525486270_3077,place_n3525486270,Sarasiab,colloquial,osm
alias_n3525486275_3078,place_n3525486275,Sarab-e Badieh;Sarab Badiyeh;Sarab-e Badiyeh;Sarab Buiyan;Sar Abadeyeh,colloquial,osm
alias_n3525486279_3079,place_n3525486279,Sara Rud-e `Olya;Sararu;Sera Rud-e `Olya;Saradud-e Bala,colloquial,osm
alias_n3525486280_3080,place_n3525486280,Sararud;Sararud-e Pa'in;Sararud-e Sofla;Sararu,colloquial,osm
alias_n3525486283_3081,place_n3525486283,Sarmaj-e Hoseynkhani,colloquial,osm
alias_n3525486284_3082,place_n3525486284,Sarmaj-e Keranu;Sarmaj,colloquial,osm
alias_n3525486288_3083,place_n3525486288,Shah Maliki;Shah Malaki;Chah Malaki;Shah Molki,colloquial,osm
alias_n3525486293_3084,place_n3525486293,شهرک هوارین,colloquial,osm
alias_n3525486297_3085,place_n3525486297,شهرک بانین,colloquial,osm
alias_n3525486302_3086,place_n3525486302,Sheykhiabad-e Pa'in;Shaikabad;Sheykhiabad;Sheykhiabad-e Sofla;Shaikhabad,colloquial,osm
alias_n3525486303_3087,place_n3525486303,Sheykhiabad-e `Olya;Sheykhiabad-e Bala,colloquial,osm
alias_n3525486306_3088,place_n3525486306,Shirazi,colloquial,osm
alias_n3525486307_3089,place_n3525486307,Siah Bid-e `Olya,colloquial,osm
alias_n3525486308_3090,place_n3525486308,Siah Bid-e Sofla,colloquial,osm
alias_n3525486310_3091,place_n3525486310,Siahban,colloquial,osm
alias_n3525486316_3092,place_n3525486316,Sufivand,colloquial,osm
alias_n3525486318_3093,place_n3525486318,تمرک,colloquial,osm
alias_n3525486324_3094,place_n3525486324,Yek Jofti,colloquial,osm
alias_n3525486325_3095,place_n3525486325,Yekdangi,colloquial,osm
alias_n3525486329_3096,place_n3525486329,Zardab-e Moheb;Zardab,colloquial,osm
alias_n3525486331_3097,place_n3525486331,Zazerm-e Pa'in;Zazarm-e Sofla;Zazarm Pain;Zazarm,colloquial,osm
alias_n3525486332_3098,place_n3525486332,Aliavar,colloquial,osm
alias_n3525486333_3099,place_n3525486333,Asadabad;`Ali Khurdan Pain;`Ali Khurdan;`Ali Gorzan-e Sofla;`Ali Kordan;`Ali Gordan-e Pa'in;`Ali Korzan-e Pa'in,colloquial,osm
alias_n3525486334_3100,place_n3525486334,`Ali Korzan-e Bala;`Ali Gordan-e Bala;`Ali Gorzan-e `Olya;`Ali Khurdan Bala,colloquial,osm
alias_n3525486337_3101,place_n3525486337,Amarat;`Emarat,colloquial,osm
alias_n3525486338_3102,place_n3525486338,امل;عامله,colloquial,osm
alias_n3525504034_3103,place_n3525504034,Ab-i-Barir,colloquial,osm
alias_n3525504046_3104,place_n3525504046,Darreh-ye Marran,colloquial,osm
alias_n3525504050_3105,place_n3525504050,Dehlaq-e Bala,colloquial,osm
alias_n3525504051_3106,place_n3525504051,Firuzabad Tappeh;Firuzabad;Firuzabad-e Tappeh,colloquial,osm
alias_n3525504052_3107,place_n3525504052,Firuzabad;Firuzabad-e Kuchek,colloquial,osm
alias_n3525504056_3108,place_n3525504056,Hamiyanak;Hamyanak,colloquial,osm
alias_n3525504057_3109,place_n3525504057,Qeshlaq-e Hammam Darreh,colloquial,osm
alias_n3525504061_3110,place_n3525504061,Cham Sorkh,colloquial,osm
alias_n3525504062_3111,place_n3525504062,Kahriz-e Bid Sorkh,colloquial,osm
alias_n3525504066_3112,place_n3525504066,Kandikilah,colloquial,osm
alias_n3525504068_3113,place_n3525504068,Kalidar,colloquial,osm
alias_n3525504069_3114,place_n3525504069,Karman Jan,colloquial,osm
alias_n3525504070_3115,place_n3525504070,Khamisabad,colloquial,osm
alias_n3525504073_3116,place_n3525504073,Khoshk Abkhowreh,colloquial,osm
alias_n3525504074_3117,place_n3525504074,میرزا ولی;میرزا آباد,colloquial,osm
alias_n3525504076_3118,place_n3525504076,گره بناس;قره بناس,colloquial,osm
alias_n3525504077_3119,place_n3525504077,Qarah Guzlu-ye `Olya,colloquial,osm
alias_n3525504084_3120,place_n3525504084,سر خلج,colloquial,osm
alias_n3525504085_3121,place_n3525504085,سراب بید سرخ,colloquial,osm
alias_n3525504087_3122,place_n3525504087,سراب بابا علی,colloquial,osm
alias_n3525530593_3123,place_n3525530593,`Abowl Tajed Din;Abdul Taj Din;`Abd ot Taj od Din;`Abd ot Taj ad Din,colloquial,osm
alias_n3525530594_3124,place_n3525530594,`Aliabad;`Aliabad-e `Olya,colloquial,osm
alias_n3525530595_3125,place_n3525530595,`Aliabad-e Sofla,colloquial,osm
alias_n3525642204_3126,place_n3525642204,Sefid Choqa,colloquial,osm
alias_n3525642213_3127,place_n3525642213,کانی شریف,colloquial,osm
alias_n3525642214_3128,place_n3525642214,Shahyar,colloquial,osm
alias_n3525642217_3129,place_n3525642217,Shapurabad,colloquial,osm
alias_n3525642220_3130,place_n3525642220,Shah Reza,colloquial,osm
alias_n3525642223_3131,place_n3525642223,Sheraf;Sharafabad,colloquial,osm
alias_n3525642228_3132,place_n3525642228,Shur Bulaq;Shur Bolach,colloquial,osm
alias_n3525642240_3133,place_n3525642240,Tambaleh,colloquial,osm
alias_n3525642249_3134,place_n3525642249,Tappeh Kulicha;Tappeh Kuleh Chah;Koleh Jug;Tepe Kulichah,colloquial,osm
alias_n3525642250_3135,place_n3525642250,Tarazu Barreh,colloquial,osm
alias_n3525642251_3136,place_n3525642251,Tasurehjan,colloquial,osm
alias_n3525642254_3137,place_n3525642254,Rostamabad-e Rika,colloquial,osm
alias_n3525642255_3138,place_n3525642255,Takyeh;Takeyeh,colloquial,osm
alias_n3525642256_3139,place_n3525642256,Tinamu Sofla;Tinemu-e Sofla;Tinemu-ye Pa'in;Tinamu-ye Sofla,colloquial,osm
alias_n3525642257_3140,place_n3525642257,Tinamu-ye `Olya;Tappeh Mey;Tinamu;Tinamu `Olya;Tinemu-e `Olya,colloquial,osm
alias_n3525642258_3141,place_n3525642258,Valiabad-e Makhrubeh,colloquial,osm
alias_n3525642260_3142,place_n3525642260,Sumaq;Varmazan;Somaq,colloquial,osm
alias_n3525642266_3143,place_n3525642266,Zamani,colloquial,osm
alias_n3525642267_3144,place_n3525642267,Zaleyab;Zalu Ab,colloquial,osm
alias_n3525642269_3145,place_n3525642269,Zeyn Ad Din,colloquial,osm
alias_n3525642271_3146,place_n3525642271,Zolmabad-e `Olya,colloquial,osm
alias_n3525642272_3147,place_n3525642272,Zolmabad-e Sofla,colloquial,osm
alias_n3525644429_3148,place_n3525644429,Asangran,colloquial,osm
alias_n3525644431_3149,place_n3525644431,Ahmadabad-e `Olya,colloquial,osm
alias_n3525644432_3150,place_n3525644432,Ahmadabad,colloquial,osm
alias_n3525644433_3151,place_n3525644433,Ahmadabad-e Sofla,colloquial,osm
alias_n3525644439_3152,place_n3525644439,Khersabad-e Aqa Ja`far,colloquial,osm
alias_n3525644442_3153,place_n3525644442,Azan Vazan,colloquial,osm
alias_n3525644447_3154,place_n3525644447,`Abbasabad,colloquial,osm
alias_n3525644448_3155,place_n3525644448,Baba Kamal-e Sofla,colloquial,osm
alias_n3525644450_3156,place_n3525644450,Bankalani,colloquial,osm
alias_n3525644451_3157,place_n3525644451,Baktar;Baktar-e Pa'in,colloquial,osm
alias_n3525644452_3158,place_n3525644452,Baktar;Baktar-e Bala,colloquial,osm
alias_n3525644454_3159,place_n3525644454,Baleshat;Palesht;Balisht,colloquial,osm
alias_n3525644458_3160,place_n3525644458,Baraftabeh,colloquial,osm
alias_n3525644459_3161,place_n3525644459,Bornaj,colloquial,osm
alias_n3525644460_3162,place_n3525644460,Peshtgelan,colloquial,osm
alias_n3525644461_3163,place_n3525644461,Bezarud;Boz Rud;Eslamabad-e Bezahrud;Buzrud;Bozeh Rud,colloquial,osm
alias_n3525644462_3164,place_n3525644462,Balla Kabud;Baleh Kabud;Bala Kabud;Bol Kabud;Baleh Kabood,colloquial,osm
alias_n3525644463_3165,place_n3525644463,Variman;Parimownd;Berimownd;Berinavan,colloquial,osm
alias_n3525644467_3166,place_n3525644467,Chemeh,colloquial,osm
alias_n3525644470_3167,place_n3525644470,Cheshmeh-ye Biglar,colloquial,osm
alias_n3525644472_3168,place_n3525644472,Cheshmeh Karan;Chashmeh Karan,colloquial,osm
alias_n3525644476_3169,place_n3525644476,Chellai;Cheqala'i;Cheqalahi;Cheqa Elahi,colloquial,osm
alias_n3525644477_3170,place_n3525644477,Cheqa Kabud;Chia Kabud,colloquial,osm
alias_n3525644478_3171,place_n3525644478,Choqa Kabud-e Sofla,colloquial,osm
alias_n3525644479_3172,place_n3525644479,Chia Kabud;Cheqa Kabud;Choqa Kabud;Chia Kabd,colloquial,osm
alias_n3525644484_3173,place_n3525644484,Chu Bina;Chouina,colloquial,osm
alias_n3525644487_3174,place_n3525644487,Dar Derafsh-e Farajollah-e Beygi,colloquial,osm
alias_n3525649373_3175,place_n3525649373,Mal Amiri-ye Hajj Sa`adat Karam,colloquial,osm
alias_n3525649375_3176,place_n3525649375,Malik Tepe;Malik Tappeh,colloquial,osm
alias_n3525649376_3177,place_n3525649376,Manag Halat,colloquial,osm
alias_n3525649379_3178,place_n3525649379,Marzabani;Marzebani;Marzbani,colloquial,osm
alias_n3525649381_3179,place_n3525649381,Melahbid,colloquial,osm
alias_n3525649383_3180,place_n3525649383,Meserkhan,colloquial,osm
alias_n3525649385_3181,place_n3525649385,Meyan Rahan;Miyan Rahan,colloquial,osm
alias_n3525649388_3182,place_n3525649388,Manjeq Tappeh,colloquial,osm
alias_n3525649393_3183,place_n3525649393,Dar Derafsh-e Seh,colloquial,osm
alias_n3525649397_3184,place_n3525649397,Dastjordeh-ye Sofla,colloquial,osm
alias_n3525649398_3185,place_n3525649398,Dastjerdeh;Dastjerdeh-ye Bala;Dastjordeh-ye `Olya,colloquial,osm
alias_n3525649400_3186,place_n3525649400,Deh Asiab,colloquial,osm
alias_n3525649402_3187,place_n3525649402,Deh Mirahmad,colloquial,osm
alias_n3525649403_3188,place_n3525649403,Deh Khanjan;Qal`eh-ye Deh Khanjan,colloquial,osm
alias_n3525649405_3189,place_n3525649405,Dow Ab;Duab,colloquial,osm
alias_n3525649406_3190,place_n3525649406,Dow Chian;Do Cheqa;Qal`eh Duchia;Do Chian;Dow Cheqa;Qal`a Duchia,colloquial,osm
alias_n3525649408_3191,place_n3525649408,Doab,colloquial,osm
alias_n3525649414_3192,place_n3525649414,Qazanchi;Khazanchi,colloquial,osm
alias_n3525649415_3193,place_n3525649415,Qal`eh-ye Firuzabad;Qal`eh Piruz,colloquial,osm
alias_n3525649421_3194,place_n3525649421,Garm Ab,colloquial,osm
alias_n3525649423_3195,place_n3525649423,Gavbandel;Gavaneh;Gawana,colloquial,osm
alias_n3525649427_3196,place_n3525649427,Gelali-ye Tazehabad,colloquial,osm
alias_n3525649428_3197,place_n3525649428,Garavand;Geravand;Garawand,colloquial,osm
alias_n3525649430_3198,place_n3525649430,Gichidarrah,colloquial,osm
alias_n3525649435_3199,place_n3525649435,Gomak,colloquial,osm
alias_n3525649437_3200,place_n3525649437,Koreh Choqa,colloquial,osm
alias_n3525649438_3201,place_n3525649438,Gorg-e Bisheh-ye Sofla,colloquial,osm
alias_n3525649439_3202,place_n3525649439,Gurgbishah Bala;Gorg-e Bisheh-ye Bala;Gorg-e Bisheh-ye `Olya;Gurgbishah,colloquial,osm
alias_n3525649440_3203,place_n3525649440,Gargeh Cheqa;Gareh Choqa,colloquial,osm
alias_n3525649441_3204,place_n3525649441,Kortavij-e Sofla,colloquial,osm
alias_n3525649442_3205,place_n3525649442,Kurtai Bala;Kort Vij-e `Olya;Kortavij-e `Olya;Kortavij-e Bala;Kurtai,colloquial,osm
alias_n3525649443_3206,place_n3525649443,Gowhar Cheqa;Gowhad Cheqa;Gowhar Choqa;Gowhar Chegha;Gun Chia;Gawan Chia,colloquial,osm
alias_n3525649444_3207,place_n3525649444,Kureyan Gowreh;Gurian-e Gora;Guran-e Gowra;Gurian Gora;Guriyan-e Gura;Kurian-e Gowra;Gurian-e Gowra,colloquial,osm
alias_n3525649447_3208,place_n3525649447,Jalilvand,colloquial,osm
alias_n3525649455_3209,place_n3525649455,Haidarabad;Haryilabad,colloquial,osm
alias_n3525649459_3210,place_n3525649459,Horeyn,colloquial,osm
alias_n3525649462_3211,place_n3525649462,حسین آباد ناو تنگ,spelling,osm
alias_n3525649463_3212,place_n3525649463,Hoseynabad,colloquial,osm
alias_n3525649467_3213,place_n3525649467,Jabbarabad-e `Olya,colloquial,osm
alias_n3525649468_3214,place_n3525649468,Jabbarabad-e Sofla,colloquial,osm
alias_n3525649472_3215,place_n3525649472,Jamishan-e Vosta,colloquial,osm
alias_n3525649473_3216,place_n3525649473,Janjan,colloquial,osm
alias_n3525649475_3217,place_n3525649475,Jehunabad,colloquial,osm
alias_n3525649478_3218,place_n3525649478,Kahriz-e Kurbolaghi,colloquial,osm
alias_n3525649480_3219,place_n3525649480,Kolah Kabud-e `Olya,colloquial,osm
alias_n3525649481_3220,place_n3525649481,Kolah Kabud-e Sofla,colloquial,osm
alias_n3525649482_3221,place_n3525649482,Kolah Kabud-e Vosta,colloquial,osm
alias_n3525649483_3222,place_n3525649483,Kalyan-e `Olya;Kalian-e `Olya;Kalian;Kalian Bala;Kaleyan-e Bala,colloquial,osm
alias_n3525649484_3223,place_n3525649484,Kalian-e Sofla,colloquial,osm
alias_n3525649485_3224,place_n3525649485,Kalian-e Vosta,colloquial,osm
alias_n3525649486_3225,place_n3525649486,Kalkan-e Aftab Row,colloquial,osm
alias_n3525649490_3226,place_n3525649490,کەندولە کندولە,colloquial,osm
alias_n3525649492_3227,place_n3525649492,Kapargah,colloquial,osm
alias_n3525649495_3228,place_n3525649495,Karambas,colloquial,osm
alias_n3525649496_3229,place_n3525649496,Kark Sar;Kargsar;Kargesar,colloquial,osm
alias_n3525649500_3230,place_n3525649500,Karnaji,colloquial,osm
alias_n3525649507_3231,place_n3525649507,Khedrabad;Khairabad;Kheyrabad;Khezrabad,colloquial,osm
alias_n3525649508_3232,place_n3525649508,Khersabad-e Bozorg,colloquial,osm
alias_n3525649511_3233,place_n3525649511,Khurneh-ye Sofla,colloquial,osm
alias_n3525649512_3234,place_n3525649512,Khvoshinan-e Sofla;Khvoshinan-e Deh Kur;Deh Kur;Khoshnian-e Sofla;Khvoshi Nan-e A`zam;Khushinan `Azam,colloquial,osm
alias_n3525649513_3235,place_n3525649513,Khvoshi Nan-e Tappeh;Khushinan-i-Tappeh;Khowshinah Tappeh;Khushinan-i-Tepe;Khushinan-e Vosta;Khoshnian-e Vasati;Khvoshinan-e Tappeh Vasati,colloquial,osm
alias_n3525649513_3236,place_n3525649513,خوشینان وسطی,spelling,osm
alias_n3525649514_3237,place_n3525649514,Khvoshinan-e `Olya;Khvoshinan-e Esfandiar;Khowshinan-e `Olya;Baba Khan;Khushinan Isfandiar;Khushinan-e `Olya,colloquial,osm
alias_n3525649515_3238,place_n3525649515,Kolahjub,colloquial,osm
alias_n3525649516_3239,place_n3525649516,Kolah Jub-e `Olya,colloquial,osm
alias_n3525649521_3240,place_n3525649521,Kur Bolagh-e Do;Kur Bolagh-e Mohammad Taqi,colloquial,osm
alias_n3525649522_3241,place_n3525649522,Patiabad;Kurbulak;Kur Bolagh-e Farajollah Beygi;Kur Bolagh-e Deh-e Farajollah;Kur Bolagh-e Sofla;Kurbolagh Pariabad;Farajulabak,colloquial,osm
alias_n3525649526_3242,place_n3525649526,Lalabad;La`labad-e `Olya,colloquial,osm
alias_n3525649528_3243,place_n3525649528,Mahmudabad-e Kashantu,colloquial,osm
alias_n3525649696_3244,place_n3525649696,Melehaneh;Malaneh;Melleh Haneh;Molahaneh;Moleh Haneh,colloquial,osm
alias_n3525649699_3245,place_n3525649699,Nafteh,colloquial,osm
alias_n3525649700_3246,place_n3525649700,Namvand-e Qal`eh;Namivand Qal`eh,colloquial,osm
alias_n3525649703_3247,place_n3525649703,Nazarabad-e `Olya,colloquial,osm
alias_n3525649719_3248,place_n3525649719,Kulah;Qal`eh Bezarud;Buzrud;Qal`eh-ye Bozeh Rud;Boz Rud,colloquial,osm
alias_n3525649721_3249,place_n3525649721,Qal`eh Gelineh-ye Vosta,colloquial,osm
alias_n3525649722_3250,place_n3525649722,Qal`eh Gelineh-ye Pa'in;Qal`eh-ye Kharagineh;Qal`eh-ye Galineh-ye Sofla;Qal`eh Galineh-ye Sofla;Kaleh Kharaginah,colloquial,osm
alias_n3525649723_3251,place_n3525649723,Qal`eh-ye Galineh-ye `Olya;Qal`eh Gelineh-ye Bala,colloquial,osm
alias_n3525649726_3252,place_n3525649726,Qal`eh-ye Firuzabad,colloquial,osm
alias_n3525649730_3253,place_n3525649730,Qaqlestan;Qal`eh-ye Qaqelestan,colloquial,osm
alias_n3525649732_3254,place_n3525649732,Qareh Qareh;Qareh Qaj;Qareh Qach;Qara Qaj,colloquial,osm
alias_n3525649733_3255,place_n3525649733,Qizil;Qezel,colloquial,osm
alias_n3525649737_3256,place_n3525649737,Qeshlaq-e `Olya,colloquial,osm
alias_n3525649739_3257,place_n3525649739,Qeshlaq,colloquial,osm
alias_n3525649741_3258,place_n3525649741,Kazkabri;Qez Qabri-ye Doktor Habib;Qez Qebri-ye Doktor Habib;Qez Qabri,colloquial,osm
alias_n3525649742_3259,place_n3525649742,Qez Qabri-ye Rashid `Ali;Qez Qebri-ye Rashid `Ali,colloquial,osm
alias_n3525649743_3260,place_n3525649743,Qez Qabri-ye Bahadori;Qez Qebri-ye Bahador,colloquial,osm
alias_n3525649744_3261,place_n3525649744,Qez Qebri-ye Ebrahim;Qez Qabri-ye Ebrahim,colloquial,osm
alias_n3525649745_3262,place_n3525649745,Qezel Darreh,colloquial,osm
alias_n3525649753_3263,place_n3525649753,Ruzin;Razian,colloquial,osm
alias_n3525649759_3264,place_n3525649759,Saz,colloquial,osm
alias_n3525649761_3265,place_n3525649761,Sang Chin,colloquial,osm
alias_n3525649762_3266,place_n3525649762,Sarab-e Barnaj,colloquial,osm
alias_n3525649764_3267,place_n3525649764,Sarab-e Shah Hoseyn,colloquial,osm
alias_n3525649770_3268,place_n3525649770,Sar Zamleh,colloquial,osm
alias_n3525649771_3269,place_n3525649771,Sefid Cheqa;Sefid Chia,colloquial,osm
alias_n3526055450_3270,place_n3526055450,Ahmadabad,colloquial,osm
alias_n3526055454_3271,place_n3526055454,Berinjan,colloquial,osm
alias_n3526055456_3272,place_n3526055456,Bi Abr-e Choqamaran,colloquial,osm
alias_n3526055464_3273,place_n3526055464,Deh Bagh,colloquial,osm
alias_n3526055468_3274,place_n3526055468,Gakeyeh;Gakia,colloquial,osm
alias_n3526055469_3275,place_n3526055469,Kalujeh,colloquial,osm
alias_n3526055470_3276,place_n3526055470,Gandab,colloquial,osm
alias_n3526055471_3277,place_n3526055471,Gol Dasteh,colloquial,osm
alias_n3526055473_3278,place_n3526055473,Koruran `Olya,colloquial,osm
alias_n3526055474_3279,place_n3526055474,Koruran-e Sofla,colloquial,osm
alias_n3526055475_3280,place_n3526055475,Goruran-e Chahar Dang,colloquial,osm
alias_n3526055479_3281,place_n3526055479,Hukar,colloquial,osm
alias_n3526055480_3282,place_n3526055480,Jelogireh-ye Sofla,colloquial,osm
alias_n3526055481_3283,place_n3526055481,Jelogireh-ye `Olya,colloquial,osm
alias_n3526055489_3284,place_n3526055489,Kuh-i-Zakha;Kuh-e Zakheh;Kor Zagheh;Kuh Zakheh,colloquial,osm
alias_n3526055496_3285,place_n3526055496,Pir-i-Ghaib;Pir-e Gheyb,colloquial,osm
alias_n3526055502_3286,place_n3526055502,Qarah Qovin,colloquial,osm
alias_n3526055503_3287,place_n3526055503,Qeysevand,colloquial,osm
alias_n3526055515_3288,place_n3526055515,Surkal,colloquial,osm
alias_n3526055516_3289,place_n3526055516,Surini;Surini-ye `Olya;Sureni-ye `Olya;Surni-ye `Olya;Soorenie Olya;Surniyeh-ye Bala,colloquial,osm
alias_n3526055517_3290,place_n3526055517,Soorenie- Sofla;Surini-ye Sofla;Sureni-ye Sofla;Surni-ye Sofla;Surini,colloquial,osm
alias_n3526055518_3291,place_n3526055518,Tabarabad,colloquial,osm
alias_n3526055519_3292,place_n3526055519,Tavallali,colloquial,osm
alias_n3526055521_3293,place_n3526055521,Tazehabad-e `Amaleh,colloquial,osm
alias_n3526055523_3294,place_n3526055523,Shahrak-e Varleh,colloquial,osm
alias_n3526055525_3295,place_n3526055525,Varmenjeh-ye `Olya;Vermenjeh,colloquial,osm
alias_n3526055528_3296,place_n3526055528,Yuvan,colloquial,osm
alias_n3526055531_3297,place_n3526055531,`Amaleh-ye `Olya,colloquial,osm
alias_n3526055532_3298,place_n3526055532,`Amaleh-ye Sofla,colloquial,osm
alias_n3526214252_3299,place_n3526214252,بین دره,colloquial,osm
alias_n3526214253_3300,place_n3526214253,Bin Darreh;Bindarreh;Bondarreh,colloquial,osm
alias_n3526214256_3301,place_n3526214256,در مور;دره برد,colloquial,osm
alias_n3526214257_3302,place_n3526214257,دربیان;دره بیان,colloquial,osm
alias_n3526214261_3303,place_n3526214261,Dijvar;Dabjur;Dijwar,colloquial,osm
alias_n3526214262_3304,place_n3526214262,Gilwan,colloquial,osm
alias_n3526214265_3305,place_n3526214265,حجیج بزرگ,colloquial,osm
alias_n3526214266_3306,place_n3526214266,حجیج کوچک,colloquial,osm
alias_n3526214267_3307,place_n3526214267,Hirawi;Haweri;Harveh;Hirvi;Hiravi;Heravi;Harvi;Hervi,colloquial,osm
alias_n3526214268_3308,place_n3526214268,Koma Darreh;Kumeh Darreh,colloquial,osm
alias_n3526214269_3309,place_n3526214269,Khanankar,colloquial,osm
alias_n3526214272_3310,place_n3526214272,نجاری;نجار,colloquial,osm
alias_n3526214276_3311,place_n3526214276,نسمۀ سفلى;نشه,colloquial,osm
alias_n3526214277_3312,place_n3526214277,نو سام;نسمه;نوسمه,colloquial,osm
alias_n3526214278_3313,place_n3526214278,Nawsud,colloquial,osm
alias_n3526214286_3314,place_n3526214286,Shareh Khan;Sharekan;Shoraka;Sharakan;Sheikha,colloquial,osm
alias_n3526214288_3315,place_n3526214288,Shushmir-e Bala;Shushami-ye `Olya;Shu Shamshir-e Bala;Shushami-e Bala,colloquial,osm
alias_n3526214289_3316,place_n3526214289,Shushmir-e Pa'in;Shushami;Sushmi;Shushami-ye Sofla;Shushami-e Pa'in;Shu Shamshir-e Pa'in,colloquial,osm
alias_n3529994429_3317,place_n3529994429,اوندین,spelling,osm
alias_n3529994430_3318,place_n3529994430,بیورق,colloquial,osm
alias_n3529994433_3319,place_n3529994433,Dostair,colloquial,osm
alias_n3529994434_3320,place_n3529994434,Dizaj Malek;Diza;Dizeh;Dizaj,colloquial,osm
alias_n3529994436_3321,place_n3529994436,هاوستین,spelling,osm
alias_n3529994438_3322,place_n3529994438,هلغ;هلیق;خولیک,colloquial,osm
alias_n3529994439_3323,place_n3529994439,ابریق,colloquial,osm
alias_n3529994440_3324,place_n3529994440,Dabari;Iri Sofla;Iri-e Sofla;Iri-ye Pa'in;Iri Pa'in;Dubra;Dibri;Dab Iri,colloquial,osm
alias_n3529994442_3325,place_n3529994442,Kheyradyn;Kheiroddin;Kheyr ad Din;Kheiradim,colloquial,osm
alias_n3529994443_3326,place_n3529994443,کمر بالا;کمر الی;کوه مار;کمار علیا;یوخاری کمار;کمار;یوخاری گمار,colloquial,osm
alias_n3529994444_3327,place_n3529994444,کمار سفلی,colloquial,osm
alias_n3529994445_3328,place_n3529994445,Kujian;Kudzhyan;Koojan Dezmar;Kujeyan,colloquial,osm
alias_n3529994446_3329,place_n3529994446,Lilan;Lilyan,colloquial,osm
alias_n3529994448_3330,place_n3529994448,Molk;Mulk;Malek Qozat;Myul'k;Malek Qozzat;Molk-e Qozat;Malek Ghozat,colloquial,osm
alias_n3529994449_3331,place_n3529994449,Nachagh;Najaq;Nehchaq;Nacheq;Nicha,colloquial,osm
alias_n3529994451_3332,place_n3529994451,ورزگان;ورزغن دزمر;ورزگن,colloquial,osm
alias_n3530560901_3333,place_n3530560901,آغاج اغلو,colloquial,osm
alias_n3530560902_3334,place_n3530560902,آغ داش,colloquial,osm
alias_n3530560903_3335,place_n3530560903,آلچه ملک,colloquial,osm
alias_n3530560905_3336,place_n3530560905,Anakhatoon,colloquial,osm
alias_n3530560906_3337,place_n3530560906,چراغلی,colloquial,osm
alias_n3530560909_3338,place_n3530560909,گنزنق,colloquial,osm
alias_n3530560910_3339,place_n3530560910,کمانج سفلی,colloquial,osm
alias_n3530560911_3340,place_n3530560911,کمانج علیا,colloquial,osm
alias_n3530560912_3341,place_n3530560912,Kogul';Kuqul;Kahul;Kahal,colloquial,osm
alias_n3530560913_3342,place_n3530560913,Kukendy;Kukandi;Kordlar;Kukendi,colloquial,osm
alias_n3530560916_3343,place_n3530560916,لار,colloquial,osm
alias_n3530560917_3344,place_n3530560917,مرناب,colloquial,osm
alias_n3530560918_3345,place_n3530560918,Monawar;Minavar,colloquial,osm
alias_n3530560919_3346,place_n3530560919,موجومبار,colloquial,osm
alias_n3530560924_3347,place_n3530560924,Lar;Sal,colloquial,osm
alias_n3530560925_3348,place_n3530560925,Sari Qayeh;Sargaya;Jegarud;Jegrud,colloquial,osm
alias_n3530560926_3349,place_n3530560926,سفیدان عتیق,colloquial,osm
alias_n3530560928_3350,place_n3530560928,Tazakend,colloquial,osm
alias_n3530560929_3351,place_n3530560929,Torb;Tarop;Turp,colloquial,osm
alias_n3530560930_3352,place_n3530560930,برکش;ورکش;ورکچ,colloquial,osm
alias_n3530560931_3353,place_n3530560931,سفیدان جدید,colloquial,osm
alias_n3530747432_3354,place_n3530747432,الینجق,colloquial,osm
alias_n3530747433_3355,place_n3530747433,Yandabil';Andehbil,colloquial,osm
alias_n3530747434_3356,place_n3530747434,Bagh-i-wazir;Badvazyr';Bagh Vazir,colloquial,osm
alias_n3530747436_3357,place_n3530747436,دیده بان,spelling,osm
alias_n3530747438_3358,place_n3530747438,Hurlan;Gol Lar;Harunabad;Harunieh,colloquial,osm
alias_n3530747440_3359,place_n3530747440,Uvand,colloquial,osm
alias_n3530747441_3360,place_n3530747441,Jevash,colloquial,osm
alias_n3530747442_3361,place_n3530747442,Kalankash;Kelen-ki;Kalankesh;Kolankesh;Kalankish,colloquial,osm
alias_n3530747443_3362,place_n3530747443,Kalas;Keyalash;Kialash;Kulash,colloquial,osm
alias_n3530747445_3363,place_n3530747445,شهرک بناب,colloquial,osm
alias_n3530747446_3364,place_n3530747446,Marovu-Diza;Marow Dizaj;Moru Dizaj;Marvi Dizeh;Marov Dizeh;Morovu Dizeh;Marovi Dizeh,colloquial,osm
alias_n3530747447_3365,place_n3530747447,نوجه ده ملا یحیى,colloquial,osm
alias_n3530747449_3366,place_n3530747449,Ust Dagh;Yuzdagh;Yuzdag;Osdaqi,colloquial,osm
alias_n3530747454_3367,place_n3530747454,شوردرق,colloquial,osm
alias_n3530747455_3368,place_n3530747455,Sagban;Seyvan,colloquial,osm
alias_n3530999233_3369,place_n3530999233,Anestavan;Amastjan;Amestajan;Anistavan,colloquial,osm
alias_n3530999235_3370,place_n3530999235,اندریان,spelling,osm
alias_n3530999236_3371,place_n3530999236,Angoshtevan;Angoshtejan;Angestevan;Angeshtavan;Angistavan,colloquial,osm
alias_n3530999240_3372,place_n3530999240,آتش خسرو,spelling,osm
alias_n3530999242_3373,place_n3530999242,بش اشک;بشاک;وشک;بیشک,colloquial,osm
alias_n3530999245_3374,place_n3530999245,دریان,colloquial,osm
alias_n3530999246_3375,place_n3530999246,حسین بی دیزه,colloquial,osm
alias_n3530999247_3376,place_n3530999247,دیزج شیخ مرجان;دیزه,colloquial,osm
alias_n3530999248_3377,place_n3530999248,دوکیجان;دویجان;دوکجان,colloquial,osm
alias_n3530999248_3378,place_n3530999248,دویی جان,spelling,osm
alias_n3530999249_3379,place_n3530999249,مشنق;مشنغ;مشنک,colloquial,osm
alias_n3530999252_3380,place_n3530999252,گل آخور,spelling,osm
alias_n3530999253_3381,place_n3530999253,Kurand;Gerand;Goorand,colloquial,osm
alias_n3530999254_3382,place_n3530999254,گوشه وزق,colloquial,osm
alias_n3530999255_3383,place_n3530999255,حاجیلار گونی;حاجیلر گونی;حاجی لو,colloquial,osm
alias_n3530999256_3384,place_n3530999256,هریز;تریز;هریس,colloquial,osm
alias_n3530999258_3385,place_n3530999258,Geydarabad;Haiderabad;Haidarabad;Hedarabad,colloquial,osm
alias_n3530999260_3386,place_n3530999260,یری بالا;یرئ علیا,colloquial,osm
alias_n3530999261_3387,place_n3530999261,جعفران;جعفر آباد,colloquial,osm
alias_n3530999262_3388,place_n3530999262,جامع بزرگ,colloquial,osm
alias_n3530999263_3389,place_n3530999263,جوانان گروه,spelling,osm
alias_n3530999264_3390,place_n3530999264,جشین;جوشون;جوشین,colloquial,osm
alias_n3530999265_3391,place_n3530999265,Keymaty;Qeymati;Qesmati;Qishlaq Qimati;Qeshlaq-e Yuzabad,colloquial,osm
alias_n3530999267_3392,place_n3530999267,Kaloo;Chelou;Chilov;Chalow;Kalow;Chelow;Chilowv;Chelu,colloquial,osm
alias_n3530999269_3393,place_n3530999269,که کمر;کوکمر;کوه کمر,colloquial,osm
alias_n3530999272_3394,place_n3530999272,Tazakend;Tazeh Kand,colloquial,osm
alias_n3530999273_3395,place_n3530999273,Mashir;Mesheir,colloquial,osm
alias_n3530999274_3396,place_n3530999274,Meyli;Meyla;Meyleq;Meylaq;Meila,colloquial,osm
alias_n3530999276_3397,place_n3530999276,Muvari;Miveh Rood;Myuvari;Movari,colloquial,osm
alias_n3530999281_3398,place_n3530999281,Qal`ehmaraghush,colloquial,osm
alias_n3530999283_3399,place_n3530999283,قراجه فضل اله;فراجۀ بالا,colloquial,osm
alias_n3530999284_3400,place_n3530999284,Verkhnyaya Karadzha;Qarajeh Mohammad;Qarajeh;Gharajeh Mohammad,colloquial,osm
alias_n3530999285_3401,place_n3530999285,قره تپه,colloquial,osm
alias_n3530999286_3402,place_n3530999286,قره تپه;لاک علیا;لک;قره تپۀ بالا;لیک;قره تپۀ پائین;قره تپه علی و سفلا;لاک سفلى;قره تپۀ علیا و سفلى;قر تپ,colloquial,osm
alias_n3530999287_3403,place_n3530999287,قره تپه,colloquial,osm
alias_n3530999290_3404,place_n3530999290,Saghay;Sirgai;Saqay;Sygay,colloquial,osm
alias_n3530999292_3405,place_n3530999292,سیدان,colloquial,osm
alias_n3531006593_3406,place_n3531006593,سهران,spelling,osm
alias_n3531006595_3407,place_n3531006595,Saray;Seraz;Serar,colloquial,osm
alias_n3531006596_3408,place_n3531006596,Tarzom,colloquial,osm
alias_n3531006600_3409,place_n3531006600,Yengidzha;Yengejeh Dezmar;Engija,colloquial,osm
alias_n3531006603_3410,place_n3531006603,زلینجه,colloquial,osm
alias_n3531006604_3411,place_n3531006604,عظیم;عظیم;عظیم آباد,colloquial,osm
alias_n3531166339_3412,place_n3531166339,Aghan,colloquial,osm
alias_n3531166340_3413,place_n3531166340,Akhmed-oba,colloquial,osm
alias_n3531166342_3414,place_n3531166342,Anigh;Aneq;Anniq;Anikh;Mahall-e-Chador Neshini;Kochev'ye Anekho;Anekh,colloquial,osm
alias_n3531166343_3415,place_n3531166343,Amvei;Amvey;Anaviq,colloquial,osm
alias_n3531166344_3416,place_n3531166344,Urgutum;Urgutin;Owrgotin;Orkotin;Orgotin;Ordukin;Arkatin;Orgotan,colloquial,osm
alias_n3531166346_3417,place_n3531166346,استمل;آستمال,colloquial,osm
alias_n3531166347_3418,place_n3531166347,Amvey,colloquial,osm
alias_n3531166348_3419,place_n3531166348,Ovan,colloquial,osm
alias_n3531166349_3420,place_n3531166349,Chaykendy;Chaykhaneh;Chaikhana,colloquial,osm
alias_n3531166351_3421,place_n3531166351,کول آخیر;گل اخر,colloquial,osm
alias_n3531166352_3422,place_n3531166352,Chulakhir;Qeshlaq Kol Akhur;Cholyakhyr;Chulakher;Qeshlaq Gol Akhur;Qeshlaq Kol Akhir;Choliakhir;Chowlakhir,colloquial,osm
alias_n3531166355_3423,place_n3531166355,Dozal,colloquial,osm
alias_n3531166355_3424,place_n3531166355,امامزاده شعیب دوزال,spelling,osm
alias_n3531166358_3425,place_n3531166358,اوال;الء;اولی,colloquial,osm
alias_n3531166360_3426,place_n3531166360,Kyurengyan;Kerenkan;Karankan;Karanagan;Karanigan;Kerengan;Karingan,colloquial,osm
alias_n3531166361_3427,place_n3531166361,Kavani;Kevany;Kevani;Kavand;Kavaniq;Kavanagh,colloquial,osm
alias_n3531166362_3428,place_n3531166362,Kheylar;Khoylar;Kheilar,colloquial,osm
alias_n3531166363_3429,place_n3531166363,Kur Dasht,colloquial,osm
alias_n3531166366_3430,place_n3531166366,Mulk;Malek;Molk;Mol'n,colloquial,osm
alias_n3531166367_3431,place_n3531166367,Mardenaum;Mard Agham;Merdenaum,colloquial,osm
alias_n3531166368_3432,place_n3531166368,میانه;میانه کرد احمد,colloquial,osm
alias_n3531166368_3433,place_n3531166368,Mianeh,spelling,osm
alias_n3531166369_3434,place_n3531166369,مسن,colloquial,osm
alias_n3531166371_3435,place_n3531166371,Namenaq;Namanaq;Namna;Namangh;Namineh;Namnya,colloquial,osm
alias_n3531166372_3436,place_n3531166372,دوست اشنا,colloquial,osm
alias_n3531166374_3437,place_n3531166374,نوجمهر,colloquial,osm
alias_n3531166376_3438,place_n3531166376,Owruj;Oruch;Orudzh;Uruj;Uroj,colloquial,osm
alias_n3531166377_3439,place_n3531166377,وشتبین;وشتوبین;اوشتبین,colloquial,osm
alias_n3531166378_3440,place_n3531166378,پگنرر;پهناور کرد احمد;پهنور,colloquial,osm
alias_n3531166380_3441,place_n3531166380,Fir Bulaq,colloquial,osm
alias_n3531166382_3442,place_n3531166382,قَرِهچئ مَعدَنی,colloquial,osm
alias_n3531166383_3443,place_n3531166383,قشلاق ارامنه,colloquial,osm
alias_n3531166385_3444,place_n3531166385,قره درق,colloquial,osm
alias_n3531166386_3445,place_n3531166386,قلان;غلن,colloquial,osm
alias_n3531166388_3446,place_n3531166388,رحیم قشلاق;قشلاق رحیم;گنجعلی,colloquial,osm
alias_n3531166389_3447,place_n3531166389,قشلاق خوراشا,colloquial,osm
alias_n3531168093_3448,place_n3531168093,یلسون;قشلاق شاهسون;ایل سون,colloquial,osm
alias_n3531168094_3449,place_n3531168094,تلکری,colloquial,osm
alias_n3531168095_3450,place_n3531168095,Tervan,colloquial,osm
alias_n3531168097_3451,place_n3531168097,Vanistan,colloquial,osm
alias_n3603589213_3452,place_n3603589213,گلسرک,spelling,osm
alias_n3614208854_3453,place_n3614208854,ساتیللی,colloquial,osm
alias_n3621534172_3454,place_n3621534172,چمن سلطان,old,osm
alias_n3625599824_3455,place_n3625599824,ایوب لو,colloquial,osm
alias_n3636537652_3456,place_n3636537652,شهرک سازمان آب,colloquial,osm
alias_n3639432353_3457,place_n3639432353,انگهران,old,osm
alias_n3641016604_3458,place_n3641016604,کلوجکدان,colloquial,osm
alias_n3645342858_3459,place_n3645342858,الیاویت,spelling,osm
alias_n3649883866_3460,place_n3649883866,سراجلو,spelling,osm
alias_n3651297617_3461,place_n3651297617,خوینرود,spelling,osm
alias_n3653251085_3462,place_n3653251085,بالوجه,spelling,osm
alias_n3664936440_3463,place_n3664936440,آیاخ کلی,colloquial,osm
alias_n3665505648_3464,place_n3665505648,بزینان,colloquial,osm
alias_n3666380957_3465,place_n3666380957,Qeinar,colloquial,osm
alias_n3669642193_3466,place_n3669642193,مرکیت,colloquial,osm
alias_n3669649787_3467,place_n3669649787,آرباتان,colloquial,osm
alias_n3669704866_3468,place_n3669704866,گلوان,colloquial,osm
alias_n3669809084_3469,place_n3669809084,قوش قایا,colloquial,osm
alias_n3669930650_3470,place_n3669930650,زنکره;زنگره,colloquial,osm
alias_n3675563199_3471,place_n3675563199,بهرام,spelling,osm
alias_n3675871217_3472,place_n3675871217,کوللو;کوللی;کوللی کندی,colloquial,osm
alias_n3676029363_3473,place_n3676029363,دیزج علیا,spelling,osm
alias_n3678355710_3474,place_n3678355710,آییراندیبی,old,osm
alias_n3678355710_3475,place_n3678355710,آیران دیبی,colloquial,osm
alias_n3678456704_3476,place_n3678456704,پیراسحق,colloquial,osm
alias_n3678602931_3477,place_n3678602931,سیلگید,colloquial,osm
alias_n3681105048_3478,place_n3681105048,مایدشت,old,osm
alias_n3682886741_3479,place_n3682886741,ساآلان,colloquial,osm
alias_n3685105374_3480,place_n3685105374,آق کهریز,colloquial,osm
alias_n3685112795_3481,place_n3685112795,اسکی کند,colloquial,osm
alias_n3686486262_3482,place_n3686486262,سعدی,spelling,osm
alias_n3686543022_3483,place_n3686543022,یئکن کهریز,colloquial,osm
alias_n3686545530_3484,place_n3686545530,"داش یئکن, باش یئکن",colloquial,osm
alias_n3688470193_3485,place_n3688470193,یوخاری گوی بلاغ,colloquial,osm
alias_n3688470200_3486,place_n3688470200,آشاغی گوی بلاغ,colloquial,osm
alias_n3691191388_3487,place_n3691191388,ده سرخ,colloquial,osm
alias_n3704071731_3488,place_n3704071731,ویلا درق,colloquial,osm
alias_n3704071731_3489,place_n3704071731,ویلا دره,colloquial,osm
alias_n3710237303_3490,place_n3710237303,گلدشت,colloquial,osm
alias_n3710977227_3491,place_n3710977227,طالش,spelling,osm
alias_n3713028875_3492,place_n3713028875,مینودشت,colloquial,osm
alias_n3713850821_3493,place_n3713850821,ترجیق,spelling,osm
alias_n3716459260_3494,place_n3716459260,میجرشین,colloquial,osm
alias_n3721206427_3495,place_n3721206427,قیه باشی,colloquial,osm
alias_n3721219714_3496,place_n3721219714,قویتول,colloquial,osm
alias_n3722872564_3497,place_n3722872564,سید شهاب,colloquial,osm
alias_n3724262515_3498,place_n3724262515,دیل بیلمز,colloquial,osm
alias_n3724352859_3499,place_n3724352859,موتاللی,colloquial,osm
alias_n3726597453_3500,place_n3726597453,دینارآباد,spelling,osm
alias_n3731414656_3501,place_n3731414656,شهر آباد کرد جلیلی راد,spelling,osm
alias_n3732759093_3502,place_n3732759093,مقصود آباد,colloquial,osm
alias_n3733624357_3503,place_n3733624357,آلاکوزه,colloquial,osm
alias_n3734282229_3504,place_n3734282229,کله گید,spelling,osm
alias_n3736111884_3505,place_n3736111884,سفیدکمر,spelling,osm
alias_n3739931440_3506,place_n3739931440,کلنو,colloquial,osm
alias_n3741583516_3507,place_n3741583516,آقچه اوبه,spelling,osm
alias_n3742372146_3508,place_n3742372146,چبانلو,colloquial,osm
alias_n3752522502_3509,place_n3752522502,فل‌بند,colloquial,osm
alias_n3765226805_3510,place_n3765226805,اوریاجیق,spelling,osm
alias_n3771624135_3511,place_n3771624135,وای وای,colloquial,osm
alias_n3787022613_3512,place_n3787022613,محله اشرفی اصفهانی,colloquial,osm
alias_n3787074631_3513,place_n3787074631,محله استاد شهریار,colloquial,osm
alias_n3793990362_3514,place_n3793990362,طرق,colloquial,osm
alias_n3801970233_3515,place_n3801970233,خان‌میر;خان میر,colloquial,osm
alias_n3812344796_3516,place_n3812344796,حسن آقا دیزه سی,colloquial,osm
alias_n3812344796_3517,place_n3812344796,دیزج آقاحسن,spelling,osm
alias_n3812366852_3518,place_n3812366852,خله زر,colloquial,osm
alias_n3813719433_3519,place_n3813719433,بادامیار,colloquial,osm
alias_n3815355498_3520,place_n3815355498,باباقشلاقی,colloquial,osm
alias_n3816703372_3521,place_n3816703372,تاجینلی,colloquial,osm
alias_n3831357898_3522,place_n3831357898,عرب عابدی,colloquial,osm
alias_n3869304775_3523,place_n3869304775,روستای قاسم آباد,spelling,osm
alias_n3870411003_3524,place_n3870411003,دلیلر,colloquial,osm
alias_n3908295714_3525,place_n3908295714,Gulman Saray,spelling,osm
alias_n3908295715_3526,place_n3908295715,Qizilje,spelling,osm
alias_n3911280719_3527,place_n3911280719,دهمیان,colloquial,osm
alias_n3916130109_3528,place_n3916130109,جیان,old,osm
alias_n3916877084_3529,place_n3916877084,سعادت آباد,colloquial,osm
alias_n3928967660_3530,place_n3928967660,ساعات قاباغی,colloquial,osm
alias_n3952796721_3531,place_n3952796721,محله شهید صدر,colloquial,osm
alias_n3965536113_3532,place_n3965536113,محسن آباد,spelling,osm
alias_n3965822956_3533,place_n3965822956,آستونه,colloquial,osm
alias_n3971602485_3534,place_n3971602485,باسایدو,old,osm
alias_n3971602485_3535,place_n3971602485,سینکو,colloquial,osm
alias_n3971602485_3536,place_n3971602485,باسدو,colloquial,osm
alias_n3977589558_3537,place_n3977589558,خانشیر,colloquial,osm
alias_n3986698870_3538,place_n3986698870,مشگین,colloquial,osm
alias_n3986756266_3539,place_n3986756266,قارا تپه,colloquial,osm
alias_n3987512763_3540,place_n3987512763,داشبند,colloquial,osm
alias_n3987680011_3541,place_n3987680011,آغجه مشهد,colloquial,osm
alias_n3987684554_3542,place_n3987684554,آغجه دیزج,colloquial,osm
alias_n3990999528_3543,place_n3990999528,تازه کند نصرت آباد,colloquial,osm
alias_n3995696005_3544,place_n3995696005,خنیه,colloquial,osm
alias_n4000790226_3545,place_n4000790226,قرینجیگ قربان آخون,colloquial,osm
alias_n4007757401_3546,place_n4007757401,جناقرد,spelling,osm
alias_n4007757402_3547,place_n4007757402,دیجویجن,colloquial,osm
alias_n4036077022_3548,place_n4036077022,چپاقلی,colloquial,osm
alias_n4036400243_3549,place_n4036400243,ضیاآباد,colloquial,osm
alias_n4056290112_3550,place_n4056290112,اسلام آباد سفلی,colloquial,osm
alias_n4059712054_3551,place_n4059712054,۱,spelling,osm
alias_n4060624730_3552,place_n4060624730,آبلشکر سفلی,colloquial,osm
alias_n4060624731_3553,place_n4060624731,آبلشکر علیا,colloquial,osm
alias_n4061925365_3554,place_n4061925365,بابا زید,colloquial,osm
alias_n4072232973_3555,place_n4072232973,اشبلا,colloquial,osm
alias_n4096609420_3556,place_n4096609420,خوش منزل ننه,spelling,osm
alias_n4099778995_3557,place_n4099778995,باغ سیاه,spelling,osm
alias_n4112898529_3558,place_n4112898529,رزگرد,colloquial,osm
alias_n4112898529_3559,place_n4112898529,ززی‌یَرد,colloquial,osm
alias_n4113672461_3560,place_n4113672461,Barehsar,colloquial,osm
alias_n4118151008_3561,place_n4118151008,بابا زاهد چلو,colloquial,osm
alias_n4124734748_3562,place_n4124734748,گوزلدره سفلی,colloquial,osm
alias_n4127226718_3563,place_n4127226718,لیلگوآ,colloquial,osm
alias_n4135935369_3564,place_n4135935369,قزن آباد,spelling,osm
alias_n4149775405_3565,place_n4149775405,جزیمق دره بهشت,spelling,osm
alias_n4149845274_3566,place_n4149845274,ساری درق,colloquial,osm
alias_n4149846091_3567,place_n4149846091,دونبلی,colloquial,osm
alias_n4150013043_3568,place_n4150013043,حسن آباد,colloquial,osm
alias_n4150173177_3569,place_n4150173177,کیوی بالا,colloquial,osm
alias_n4150173177_3570,place_n4150173177,گیوی,colloquial,osm
alias_n4150554778_3571,place_n4150554778,شهرستان معمولان,spelling,osm
alias_n4152201599_3572,place_n4152201599,Arsin,colloquial,osm
alias_n4152288532_3573,place_n4152288532,ایردی موسی,colloquial,osm
alias_n4201897611_3574,place_n4201897611,علی آباد,colloquial,osm
alias_n4222178504_3575,place_n4222178504,شهرک ولایت فقیه,colloquial,osm
alias_n4229978907_3576,place_n4229978907,هجرت دورگ اتابک,colloquial,osm
alias_n4237211436_3577,place_n4237211436,شول گپ,colloquial,osm
alias_n4249899094_3578,place_n4249899094,قلعه قائین,colloquial,osm
alias_n4255944650_3579,place_n4255944650,آرا سنج,colloquial,osm
alias_n4255944651_3580,place_n4255944651,آرا سنج قدیم,colloquial,osm
alias_n4266032259_3581,place_n4266032259,امیرکبیر,colloquial,osm
alias_n4275461885_3582,place_n4275461885,شانق,colloquial,osm
alias_n4294669022_3583,place_n4294669022,بانک تجارت,old,osm
alias_n4304003709_3584,place_n4304003709,قاین,colloquial,osm
alias_n4312138932_3585,place_n4312138932,طاهرآباد,old,osm
alias_n4313118247_3586,place_n4313118247,دره بهشت,colloquial,osm
alias_n4314994333_3587,place_n4314994333,سارون دومنی,colloquial,osm
alias_n4317864506_3588,place_n4317864506,عبدل آباد,spelling,osm
alias_n4336250672_3589,place_n4336250672,چهار برج,colloquial,osm
alias_n4337169113_3590,place_n4337169113,قره قوچ علیا,colloquial,osm
alias_n4338019277_3591,place_n4338019277,دومریق,spelling,osm
alias_n4338022762_3592,place_n4338022762,آق درق جدید,spelling,osm
alias_n4338022801_3593,place_n4338022801,آق درق قدیم,spelling,osm
alias_n4345339622_3594,place_n4345339622,علی شاه,colloquial,osm
alias_n4347621849_3595,place_n4347621849,خانه خسرو,spelling,osm
alias_n4361209091_3596,place_n4361209091,ملاکلا,colloquial,osm
alias_n4382946396_3597,place_n4382946396,طیان,colloquial,osm
alias_n4392756927_3598,place_n4392756927,جوخله دومن,colloquial,osm
alias_n4394164588_3599,place_n4394164588,چاره,colloquial,osm
alias_n4394182896_3600,place_n4394182896,معلم کلا آمل,colloquial,osm
alias_n4394186767_3601,place_n4394186767,اسفاد,old,osm
alias_n4394186768_3602,place_n4394186768,Bidokht,colloquial,osm
alias_n4396261546_3603,place_n4396261546,موتورگرگیج,colloquial,osm
alias_n4405297090_3604,place_n4405297090,کرم شاه,colloquial,osm
alias_n4405297090_3605,place_n4405297090,Karam;Karamshah;Karam Shah,spelling,osm
alias_n4407584333_3606,place_n4407584333,محله قدس,colloquial,osm
alias_n4407584334_3607,place_n4407584334,محله ۲۲ بهمن,colloquial,osm
alias_n4407584335_3608,place_n4407584335,محله زهره,colloquial,osm
alias_n4407584336_3609,place_n4407584336,محله شهید بهشتی,colloquial,osm
alias_n4410244147_3610,place_n4410244147,پرنگر,colloquial,osm
alias_n4410563583_3611,place_n4410563583,Mardkanlu,colloquial,osm
alias_n4413716442_3612,place_n4413716442,بزقوچ علیا,colloquial,osm
alias_n4413928655_3613,place_n4413928655,زرندین بالا,colloquial,osm
alias_n4413928670_3614,place_n4413928670,Bostan Kheyl,colloquial,osm
alias_n4413928736_3615,place_n4413928736,خردان کلا,colloquial,osm
alias_n4413928737_3616,place_n4413928737,خرم آباد ساری,colloquial,osm
alias_n4413928836_3617,place_n4413928836,سید ابوصالح,spelling,osm
alias_n4413928839_3618,place_n4413928839,سیف‌کتی,spelling,osm
alias_n4413928859_3619,place_n4413928859,تروجن,colloquial,osm
alias_n4413928887_3620,place_n4413928887,طوله سرا,old,osm
alias_n4413929079_3621,place_n4413929079,"Vosta Kola, Qaem Shahr",colloquial,osm
alias_n4413929093_3622,place_n4413929093,زرندین پایین,colloquial,osm
alias_n4413929094_3623,place_n4413929094,سمسکنده پایین,spelling,osm
alias_n4413929112_3624,place_n4413929112,پنبه‌چوله پایین,spelling,osm
alias_n4413929119_3625,place_n4413929119,پیمط,colloquial,osm
alias_n4413973583_3626,place_n4413973583,ابلکه سر بزرگ,colloquial,osm
alias_n4413975801_3627,place_n4413975801,خراط کلا,colloquial,osm
alias_n4413975801_3628,place_n4413975801,روستای خراطکلا,spelling,osm
alias_n4413975862_3629,place_n4413975862,سلیم آباد پائین,colloquial,osm
alias_n4413975885_3630,place_n4413975885,شادمراد محله,colloquial,osm
alias_n4413976012_3631,place_n4413976012,طالارسر غربی,colloquial,osm
alias_n4413976017_3632,place_n4413976017,طالع,spelling,osm
alias_n4413976059_3633,place_n4413976059,کراجوبکنار,colloquial,osm
alias_n4414536078_3634,place_n4414536078,تیتکان,colloquial,osm
alias_n4414536327_3635,place_n4414536327,خویگان علیا روستای محسن علایی,spelling,osm
alias_n4414536439_3636,place_n4414536439,ضیا آباد,spelling,osm
alias_n4414536839_3637,place_n4414536839,لاطان,old,osm
alias_n4414536908_3638,place_n4414536908,نورآباد,colloquial,osm
alias_n4415127552_3639,place_n4415127552,گوجیک,colloquial,osm
alias_n4415127565_3640,place_n4415127565,شاهسوند,colloquial,osm
alias_n4415618653_3641,place_n4415618653,سلطان آباد,colloquial,osm
alias_n4415696159_3642,place_n4415696159,مزدکان,spelling,osm
alias_n4417203203_3643,place_n4417203203,گاو دره,colloquial,osm
alias_n4417745154_3644,place_n4417745154,شاهرخ آباد,old,osm
alias_n4417745170_3645,place_n4417745170,تنگل شور علیا,old,osm
alias_n4417745513_3646,place_n4417745513,شورک افغانها,colloquial,osm
alias_n4418015236_3647,place_n4418015236,آب قوی,colloquial,osm
alias_n4418016334_3648,place_n4418016334,بنی آباد,colloquial,osm
alias_n4418016364_3649,place_n4418016364,توپ درخت,colloquial,osm
alias_n4418016900_3650,place_n4418016900,جیزآباد شاهان,colloquial,osm
alias_n4418016917_3651,place_n4418016917,حسن آباد شاهراه,colloquial,osm
alias_n4418016945_3652,place_n4418016945,خرابه امین,old,osm
alias_n4418017242_3653,place_n4418017242,سرمزار,colloquial,osm
alias_n4418017524_3654,place_n4418017524,قلعه زو,colloquial,osm
alias_n4418017541_3655,place_n4418017541,محمود آباد قدس,colloquial,osm
alias_n4418017566_3656,place_n4418017566,مهرشاهی,colloquial,osm
alias_n4418017670_3657,place_n4418017670,کاریزان ملا احمد,colloquial,osm
alias_n4418017699_3658,place_n4418017699,کلاته شاه محمد,spelling,osm
alias_n4418017709_3659,place_n4418017709,کلاته قادری,colloquial,osm
alias_n4419610919_3660,place_n4419610919,آب جقان,colloquial,osm
alias_n4419610920_3661,place_n4419610920,آبگرم,colloquial,osm
alias_n4419610924_3662,place_n4419610924,ابرشک,colloquial,osm
alias_n4419610955_3663,place_n4419610955,شاه آباد عرب,old,osm
alias_n4419612630_3664,place_n4419612630,شادمیانه,spelling,osm
alias_n4419612652_3665,place_n4419612652,شهید نامجو,colloquial,osm
alias_n4419612660_3666,place_n4419612660,شیر حصار,colloquial,osm
alias_n4419612671_3667,place_n4419612671,قلعه میان,old,osm
alias_n4419612875_3668,place_n4419612875,کلاته شاهین,colloquial,osm
alias_n4419976542_3669,place_n4419976542,شاه نشین علیا,old,osm
alias_n4419976563_3670,place_n4419976563,شهوه علیا,old,osm
alias_n4419976571_3671,place_n4419976571,ده بار,colloquial,osm
alias_n4419976572_3672,place_n4419976572,ده سرخ,colloquial,osm
alias_n4420220147_3673,place_n4420220147,چال تل پک,spelling,osm
alias_n4420280684_3674,place_n4420280684,آرمادلو,colloquial,osm
alias_n4420280981_3675,place_n4420280981,محمد علیخان,colloquial,osm
alias_n4420281023_3676,place_n4420281023,کوکلی,spelling,osm
alias_n4420281027_3677,place_n4420281027,ینگه قلعه بالا,colloquial,osm
alias_n4420808061_3678,place_n4420808061,ابراهیم آباد سر جوی دنبال سر جوی,colloquial,osm
alias_n4420808071_3679,place_n4420808071,ازمیغان کال جن,spelling,osm
alias_n4420808083_3680,place_n4420808083,مرتضویه,colloquial,osm
alias_n4420808228_3681,place_n4420808228,بیمار,colloquial,osm
alias_n4420808257_3682,place_n4420808257,شیخ‌آباد,colloquial,osm
alias_n4420808270_3683,place_n4420808270,خانلرآباد,colloquial,osm
alias_n4420808324_3684,place_n4420808324,Dehsalm;Deh-e Salam,colloquial,osm
alias_n4420808352_3685,place_n4420808352,زیرگ,colloquial,osm
alias_n4420808384_3686,place_n4420808384,سندادان,colloquial,osm
alias_n4420808386_3687,place_n4420808386,سیسگان,colloquial,osm
alias_n4420808395_3688,place_n4420808395,اشکمبرآباد,colloquial,osm
alias_n4420808396_3689,place_n4420808396,قاسم آباد,old,osm
alias_n4420808406_3690,place_n4420808406,تک برج,colloquial,osm
alias_n4420808417_3691,place_n4420808417,عباس آباد کلب,colloquial,osm
alias_n4420808524_3692,place_n4420808524,وارزگ,colloquial,osm
alias_n4420808530_3693,place_n4420808530,پسوچ,colloquial,osm
alias_n4420808596_3694,place_n4420808596,کلات نو,colloquial,osm
alias_n4420808625_3695,place_n4420808625,گومه,spelling,osm
alias_n4422680441_3696,place_n4422680441,امامده,colloquial,osm
alias_n4422680506_3697,place_n4422680506,برماعشرستاق,spelling,osm
alias_n4422680579_3698,place_n4422680579,حریس,spelling,osm
alias_n4422680797_3699,place_n4422680797,Kharchang,colloquial,osm
alias_n4422680836_3700,place_n4422680836,دنگ‌سرک ساری,colloquial,osm
alias_n4422680883_3701,place_n4422680883,زنگت پایین,colloquial,osm
alias_n4422680886_3702,place_n4422680886,Zavat Gharb,spelling,osm
alias_n4422682298_3703,place_n4422682298,طالارسر شرقی,colloquial,osm
alias_n4422682362_3704,place_n4422682362,لش سر,colloquial,osm
alias_n4422683908_3705,place_n4422683908,عباس آباد,colloquial,osm
alias_n4422684510_3706,place_n4422684510,کاردگرکلا,colloquial,osm
alias_n4422684579_3707,place_n4422684579,Goloord,colloquial,osm
alias_n4423697739_3708,place_n4423697739,اندیشه فاز ۵,colloquial,osm
alias_n4423697740_3709,place_n4423697740,اندیشه فاز ۶,colloquial,osm
alias_n4424252059_3710,place_n4424252059,قاسم آباد مسیر قلعه کرشاهی,spelling,osm
alias_n4424905866_3711,place_n4424905866,سیاهکل ده,colloquial,osm
alias_n4424905903_3712,place_n4424905903,علی آباد بالا,old,osm
alias_n4424905919_3713,place_n4424905919,لات سرا,colloquial,osm
alias_n4424905940_3714,place_n4424905940,لله رود,colloquial,osm
alias_n4424906066_3715,place_n4424906066,روستای چهارده استان گیلان,colloquial,osm
alias_n4424906125_3716,place_n4424906125,نقله بر,spelling,osm
alias_n4424906152_3717,place_n4424906152,گلسفید,colloquial,osm
alias_n4425499076_3718,place_n4425499076,یاریم تپه,old,osm
alias_n4425564890_3719,place_n4425564890,زاهرا,colloquial,osm
alias_n4426847468_3720,place_n4426847468,آجی بزایه,colloquial,osm
alias_n4426848900_3721,place_n4426848900,الله ده,spelling,osm
alias_n4426849758_3722,place_n4426849758,ونبین,spelling,osm
alias_n4426850867_3723,place_n4426850867,بالامحله سیاه گل وندان,colloquial,osm
alias_n4426851637_3724,place_n4426851637,طاسکوه,colloquial,osm
alias_n4426851861_3725,place_n4426851861,مافان,colloquial,osm
alias_n4426851910_3726,place_n4426851910,نعمتسرا,colloquial,osm
alias_n4426851967_3727,place_n4426851967,پایین محله قاسم‌ آباد,colloquial,osm
alias_n4426852049_3728,place_n4426852049,کبوتر آبکش,colloquial,osm
alias_n4429160614_3729,place_n4429160614,دهنو,colloquial,osm
alias_n4429160704_3730,place_n4429160704,علیشار,spelling,osm
alias_n4429160823_3731,place_n4429160823,چیلیسبان,colloquial,osm
alias_n4429347060_3732,place_n4429347060,تاد پایین,colloquial,osm
alias_n4429347071_3733,place_n4429347071,قلعه محی‌الدین,colloquial,osm
alias_n4430563583_3734,place_n4430563583,ویی,spelling,osm
alias_n4431139639_3735,place_n4431139639,تازه کندانگوت,colloquial,osm
alias_n4433304827_3736,place_n4433304827,آرچنیگ,colloquial,osm
alias_n4433304827_3737,place_n4433304827,آرچینی,spelling,osm
alias_n4433304864_3738,place_n4433304864,اشکستک,spelling,osm
alias_n4433306400_3739,place_n4433306400,علی آباد,spelling,osm
alias_n4433306430_3740,place_n4433306430,باهو,colloquial,osm
alias_n4433306440_3741,place_n4433306440,برزین دن,spelling,osm
alias_n4433306652_3742,place_n4433306652,تی سروک,spelling,osm
alias_n4433306664_3743,place_n4433306664,روستای گردشگری جّد,colloquial,osm
alias_n4433306826_3744,place_n4433306826,حاجی ادم ادینه پور,colloquial,osm
alias_n4433306874_3745,place_n4433306874,حوشم,colloquial,osm
alias_n4433306926_3746,place_n4433306926,دور,colloquial,osm
alias_n4433306964_3747,place_n4433306964,کوشوک,colloquial,osm
alias_n4433307299_3748,place_n4433307299,غماسان,old,osm
alias_n4433307299_3749,place_n4433307299,گماسان,colloquial,osm
alias_n4433307300_3750,place_n4433307300,دپکر,spelling,osm
alias_n4433307349_3751,place_n4433307349,رگنتک,spelling,osm
alias_n4433307492_3752,place_n4433307492,ساربوگ,colloquial,osm
alias_n4433307564_3753,place_n4433307564,ده شیخی,spelling,osm
alias_n4433307575_3754,place_n4433307575,سرمیچ,spelling,osm
alias_n4433307585_3755,place_n4433307585,سهران,spelling,osm
alias_n4433307602_3756,place_n4433307602,سب,colloquial,osm
alias_n4433307650_3758,place_n4433307650,ده کمال,spelling,osm
alias_n4433307664_3759,place_n4433307664,سورچاه بلوچان چاه,colloquial,osm
alias_n4433307666_3760,place_n4433307666,شش گیم,spelling,osm
alias_n4433308277_3761,place_n4433308277,قادر آباد,colloquial,osm
alias_n4433308277_3762,place_n4433308277,کادرآباد,colloquial,osm
alias_n4433308562_3763,place_n4433308562,ناصر آباد,spelling,osm
alias_n4433308863_3764,place_n4433308863,سری آبادپایین,spelling,osm
alias_n4433309161_3765,place_n4433309161,نیلگان,spelling,osm
alias_n4433309209_3766,place_n4433309209,پاديگ,spelling,osm
alias_n4433309239_3767,place_n4433309239,پشامگ,colloquial,osm
alias_n4433309271_3768,place_n4433309271,پیر,old,osm
alias_n4433309271_3769,place_n4433309271,هیتکش,colloquial,osm
alias_n4433309275_3770,place_n4433309275,گریکان,spelling,osm
alias_n4433309278_3771,place_n4433309278,چنف,colloquial,osm
alias_n4433309455_3772,place_n4433309455,کاروندر,colloquial,osm
alias_n4433309475_3773,place_n4433309475,گتیج,colloquial,osm
alias_n4433309928_3774,place_n4433309928,کلاتوک,spelling,osm
alias_n4433309941_3775,place_n4433309941,کل گوک,spelling,osm
alias_n4433309957_3776,place_n4433309957,کلنگان,spelling,osm
alias_n4433309960_3777,place_n4433309960,کمب مراد آباد,colloquial,osm
alias_n4433310231_3778,place_n4433310231,قلعه رشیدیک,spelling,osm
alias_n4433310233_3779,place_n4433310233,گرداک,spelling,osm
alias_n4433310260_3780,place_n4433310260,کگدان,spelling,osm
alias_n4433310266_3781,place_n4433310266,گلنوش,spelling,osm
alias_n4433310268_3782,place_n4433310268,گازگری,spelling,osm
alias_n4433310290_3783,place_n4433310290,گروان,colloquial,osm
alias_n4433310351_3784,place_n4433310351,گو,colloquial,osm
alias_n4438750244_3785,place_n4438750244,آخماز,colloquial,osm
alias_n4439584988_3786,place_n4439584988,دژ کرد,colloquial,osm
alias_n4439584998_3787,place_n4439584998,آب باریک,colloquial,osm
alias_n4439618284_3788,place_n4439618284,امیرآباد,spelling,osm
alias_n4441227123_3789,place_n4441227123,ریز,old,osm
alias_n4442185794_3790,place_n4442185794,گنزه,colloquial,osm
alias_n4442584416_3791,place_n4442584416,مجید آباد,spelling,osm
alias_n4443480231_3792,place_n4443480231,اسدکندی,spelling,osm
alias_n4444427340_3793,place_n4444427340,شرکت عماکو,spelling,osm
alias_n4444427341_3794,place_n4444427341,چم خلف عیسی,colloquial,osm
alias_n4444428283_3795,place_n4444428283,ارقین,old,osm
alias_n4444428642_3796,place_n4444428642,کوی دکتر صدر,spelling,osm
alias_n4444428646_3797,place_n4444428646,گلگیر,colloquial,osm
alias_n4446816552_3798,place_n4446816552,لالون,colloquial,osm
alias_n4446818778_3799,place_n4446818778,مجتمع مسکونی ۴۰۰ دستگاه,colloquial,osm
alias_n4446818870_3800,place_n4446818870,ساردوئیه,old,osm
alias_n4446818880_3801,place_n4446818880,شاهوانه,colloquial,osm
alias_n4446819134_3802,place_n4446819134,گولخانا شهرجیی,colloquial,osm
alias_n4448302411_3803,place_n4448302411,کورزق,colloquial,osm
alias_n4448892508_3804,place_n4448892508,گوزرک,colloquial,osm
alias_n4448892521_3805,place_n4448892521,دارنجان,colloquial,osm
alias_n4448934406_3806,place_n4448934406,کنزه‌رود,colloquial,osm
alias_n4448979943_3807,place_n4448979943,چرامکان باغ دایی,spelling,osm
alias_n4449325204_3808,place_n4449325204,اسلام آباد,colloquial,osm
alias_n4449325210_3809,place_n4449325210,اسلام آباد,spelling,osm
alias_n4449326091_3810,place_n4449326091,Bāghbāghū’īyeh,colloquial,osm
alias_n4449326938_3811,place_n4449326938,روستای حاجی آباد نظری,old,osm
alias_n4449328467_3812,place_n4449328467,(توحیدآباد,old,osm
alias_n4449328474_3813,place_n4449328474,روداب وسط,spelling,osm
alias_n4449328870_3814,place_n4449328870,عزیز آباد,colloquial,osm
alias_n4449328875_3815,place_n4449328875,علی آباد عمران,colloquial,osm
alias_n4449328989_3816,place_n4449328989,محمدآباد مسکون,colloquial,osm
alias_n4449329020_3817,place_n4449329020,شهرک بلوچ,colloquial,osm
alias_n4449329656_3818,place_n4449329656,کشکوییه دشتاب,colloquial,osm
alias_n4449524723_3819,place_n4449524723,مهگان,spelling,osm
alias_n4449525151_3820,place_n4449525151,اردلی,spelling,osm
alias_n4449525158_3821,place_n4449525158,شهرک ادلی,spelling,osm
alias_n4449525161_3822,place_n4449525161,شهرک شهید مطهری,spelling,osm
alias_n4449525168_3823,place_n4449525168,باغنو,spelling,osm
alias_n4459436709_3824,place_n4459436709,شهرک رسالت,colloquial,osm
alias_n4459618565_3825,place_n4459618565,ده بوگری,colloquial,osm
alias_n4459618647_3826,place_n4459618647,Khaniman,spelling,osm
alias_n4459618718_3827,place_n4459618718,تیرتاج,colloquial,osm
alias_n4459618763_3828,place_n4459618763,موسویه,colloquial,osm
alias_n4459618987_3829,place_n4459618987,سعادت آباد,spelling,osm
alias_n4459619098_3830,place_n4459619098,افرز شمالی,colloquial,osm
alias_n4459619144_3831,place_n4459619144,صحراسفید,colloquial,osm
alias_n4459619294_3832,place_n4459619294,عمادده,colloquial,osm
alias_n4459619402_3833,place_n4459619402,لیرمنگوم,colloquial,osm
alias_n4459619696_3834,place_n4459619696,طویله بند,old,osm
alias_n4459619818_3836,place_n4459619818,روستای چهارده استان فارس,colloquial,osm
alias_n4459619834_3837,place_n4459619834,کاسکان,colloquial,osm
alias_n4461200662_3838,place_n4461200662,منامین,spelling,osm
alias_n4461340053_3839,place_n4461340053,خلازیر,colloquial,osm
alias_n4461340104_3840,place_n4461340104,سعید آباد,colloquial,osm
alias_n4461340325_3841,place_n4461340325,محمودآباد,colloquial,osm
alias_n4461340339_3842,place_n4461340339,شهرک کامیون داران,colloquial,osm
alias_n4461340374_3843,place_n4461340374,پلائین,spelling,osm
alias_n4461340384_3844,place_n4461340384,چهل قزوسیاه دره,colloquial,osm
alias_n4465496880_3845,place_n4465496880,شاهاندشت,spelling,osm
alias_n4466315170_3846,place_n4466315170,نقاره خانه,spelling,osm
alias_n4466315510_3847,place_n4466315510,آقا پشت گج,colloquial,osm
alias_n4466315535_3848,place_n4466315535,Bābā-ye Kalān;Bābā Kalū;Bāba Keln;Bāba Kelu;Chashmeh-ye Bābā Kālān;Cheshmeh-ye Bābā Kalān;Cheshmey-ye Bābā Kalān,colloquial,osm
alias_n4466315551_3849,place_n4466315551,Beraei,spelling,osm
alias_n4466315612_3850,place_n4466315612,Bizh gan,spelling,osm
alias_n4466315616_3851,place_n4466315616,تل بابونه,colloquial,osm
alias_n4466315661_3852,place_n4466315661,"Ghaleh,Jelo",colloquial,osm
alias_n4466315684_3853,place_n4466315684,Khonegah,spelling,osm
alias_n4466315841_3854,place_n4466315841,Dashte Raz,spelling,osm
alias_n4466316154_3855,place_n4466316154,Sar Tange Ravagh,spelling,osm
alias_n4466316181_3856,place_n4466316181,سفیدار,colloquial,osm
alias_n4466489503_3857,place_n4466489503,بید خون,colloquial,osm
alias_n4466489569_3858,place_n4466489569,شُنبه,colloquial,osm
alias_n4466490015_3859,place_n4466490015,دمنالو,old,osm
alias_n4466585105_3860,place_n4466585105,استان,colloquial,osm
alias_n4468681648_3861,place_n4468681648,گلها رود,spelling,osm
alias_n4470262185_3862,place_n4470262185,هنگام,colloquial,osm
alias_n4471103466_3863,place_n4471103466,ابوفاضل,colloquial,osm
alias_n4471103477_3864,place_n4471103477,روستای غلامعلی,colloquial,osm
alias_n4471105206_3865,place_n4471105206,اسلام آباد سرنهری,colloquial,osm
alias_n4471105818_3866,place_n4471105818,برم گاومیشی سه,old,osm
alias_n4471105863_3867,place_n4471105863,چله سرخ,spelling,osm
alias_n4471106978_3868,place_n4471106978,خیطعماره,colloquial,osm
alias_n4471107917_3869,place_n4471107917,درویشی,spelling,osm
alias_n4471108172_3870,place_n4471108172,سردار آباد,spelling,osm
alias_n4471108172_3871,place_n4471108172,سردارآباد,colloquial,osm
alias_n4471108341_3872,place_n4471108341,سیدصبهان,colloquial,osm
alias_n4471108706_3873,place_n4471108706,جراحی,colloquial,osm
alias_n4471108706_3874,place_n4471108706,شهر چمران,colloquial,osm
alias_n4471108707_3875,place_n4471108707,شهر چمران,spelling,osm
alias_n4471108707_3876,place_n4471108707,شهرک شهید چمران,colloquial,osm
alias_n4471108745_3877,place_n4471108745,شهید بهشتی,colloquial,osm
alias_n4471108763_3878,place_n4471108763,صالح مشطت,colloquial,osm
alias_n4471108799_3879,place_n4471108799,طگطاگه (آزادی),spelling,osm
alias_n4471109090_3880,place_n4471109090,فرغ زایر,spelling,osm
alias_n4471109100_3881,place_n4471109100,فیروزآباد میهن آباد,spelling,osm
alias_n4471109112_3882,place_n4471109112,قدرت آباد البو حمادی,spelling,osm
alias_n4471110504_3883,place_n4471110504,تُوله,colloquial,osm
alias_n4471110560_3884,place_n4471110560,روستای چهارده استان خوزستان,colloquial,osm
alias_n4484337540_3885,place_n4484337540,شکرعلی کندی,colloquial,osm
alias_n4484422221_3886,place_n4484422221,آشاغی هین آباد,colloquial,osm
alias_n4484422222_3887,place_n4484422222,یوخاری هین آباد,colloquial,osm
alias_n4491452654_3888,place_n4491452654,"چغابهرام,چقا بهرام,چغا بهرام",colloquial,osm
alias_n4491452658_3889,place_n4491452658,"سیاه ول,سیا ول",colloquial,osm
alias_n4491452665_3890,place_n4491452665,دره اشکفت,colloquial,osm
alias_n4491452709_3891,place_n4491452709,قلعه بهاءالدین,spelling,osm
alias_n4491452754_3892,place_n4491452754,کمره بالا,colloquial,osm
alias_n4491453718_3893,place_n4491453718,بیکلمه,colloquial,osm
alias_n4491453741_3894,place_n4491453741,چوبتراش میان گلال,old,osm
alias_n4491454298_3895,place_n4491454298,زرین چغا بالا,colloquial,osm
alias_n4491454312_3896,place_n4491454312,اسکین سفلی,spelling,osm
alias_n4491454374_3897,place_n4491454374,سراو دوره,colloquial,osm
alias_n4491454568_3898,place_n4491454568,کافر مسلمان,old,osm
alias_n4491454570_3899,place_n4491454570,حاجی علی اصغر,colloquial,osm
alias_n4491454570_3900,place_n4491454570,دمی دول,colloquial,osm
alias_n4491454570_3901,place_n4491454570,حاجی آباد,colloquial,osm
alias_n4491454675_3902,place_n4491454675,کهریزوروشت,colloquial,osm
alias_n4491454738_3903,place_n4491454738,جهان‌آباد,old,osm
alias_n4491454738_3904,place_n4491454738,وِنِسو,colloquial,osm
alias_n4491454743_3905,place_n4491454743,تیزه‌زه,colloquial,osm
alias_n4491454750_3906,place_n4491454750,کاتار,colloquial,osm
alias_n4491454751_3907,place_n4491454751,دره گرگ,old,osm
alias_n4491454759_3908,place_n4491454759,چغابل,colloquial,osm
alias_n4491454765_3909,place_n4491454765,قلعه بساط بیگی,colloquial,osm
alias_n4493293286_3910,place_n4493293286,ویله,old,osm
alias_n4496581992_3911,place_n4496581992,زکان,spelling,osm
alias_n4496582062_3912,place_n4496582062,قره دره,spelling,osm
alias_n4497368279_3913,place_n4497368279,قبادبگیان,colloquial,osm
alias_n4497368604_3914,place_n4497368604,زیر مرگ,colloquial,osm
alias_n4497368648_3915,place_n4497368648,قالوی باسودلان,colloquial,osm
alias_n4497368655_3916,place_n4497368655,پیربهاءالدین,colloquial,osm
alias_n4497368729_3917,place_n4497368729,کلدگه,colloquial,osm
alias_n4497368762_3918,place_n4497368762,ارمنی بلاغی,colloquial,osm
alias_n4497368988_3919,place_n4497368988,حیدرآباد میاندوآب,spelling,osm
alias_n4497369012_3920,place_n4497369012,سردکوهستان,colloquial,osm
alias_n4497369064_3921,place_n4497369064,خانلر,spelling,osm
alias_n4497369084_3922,place_n4497369084,کوروش آباد,colloquial,osm
alias_n4500747910_3923,place_n4500747910,مجندی,colloquial,osm
alias_n4500747917_3924,place_n4500747917,روستای رویین دزق,old,osm
alias_n4500747917_3925,place_n4500747917,روستای بهمن دژ,colloquial,osm
alias_n4500747917_3926,place_n4500747917,روستای قوناخ قیران,colloquial,osm
alias_n4500748488_3927,place_n4500748488,روستای شوون علیا,colloquial,osm
alias_n4500749365_3928,place_n4500749365,قشلاق دیلنچی,colloquial,osm
alias_n4501083286_3929,place_n4501083286,هورمغان علیا,spelling,osm
alias_n4501083394_3930,place_n4501083394,هورمغان سفلی,spelling,osm
alias_n4504690351_3931,place_n4504690351,پوخلو هروشه,colloquial,osm
alias_n4504697110_3932,place_n4504697110,قلعه سرهنگ,colloquial,osm
alias_n4506261241_3933,place_n4506261241,مقاس قدیم,spelling,osm
alias_n4506261248_3934,place_n4506261248,مقاس جدید,spelling,osm
alias_n4506298326_3935,place_n4506298326,کیقباد,spelling,osm
alias_n4528891296_3936,place_n4528891296,کلانتر بابالو,spelling,osm
alias_n4528891298_3937,place_n4528891298,کلانتر غلام,spelling,osm
alias_n4528891321_3938,place_n4528891321,صومعه ملکشاه,spelling,osm
alias_n4528891329_3939,place_n4528891329,میرکوه سلطان,spelling,osm
alias_n4528891330_3940,place_n4528891330,میرکوه حاجی,spelling,osm
alias_n4528891333_3941,place_n4528891333,میرکوه علی میرزا,spelling,osm
alias_n4528891335_3942,place_n4528891335,اسطلو,colloquial,osm
alias_n4528891605_3943,place_n4528891605,قزل قیه,colloquial,osm
alias_n4528891609_3944,place_n4528891609,ناچیت کورانلو,colloquial,osm
alias_n4528892036_3945,place_n4528892036,کلیسای سهرل,spelling,osm
alias_n4528903295_3946,place_n4528903295,شجره,colloquial,osm
alias_n4537031523_3947,place_n4537031523,کهیرکند حاج خداداد,colloquial,osm
alias_n4540943006_3948,place_n4540943006,روستای چهارده استان چهارمحال و بختیاری,colloquial,osm
alias_n4540943032_3949,place_n4540943032,ده گاه,colloquial,osm
alias_n4540943068_3950,place_n4540943068,سرکون پائین,colloquial,osm
alias_n4540943069_3951,place_n4540943069,سرکون بالا,colloquial,osm
alias_n4540966282_3952,place_n4540966282,کمال آباد,old,osm
alias_n4540966282_3953,place_n4540966282,کمال شهر,colloquial,osm
alias_n4540967299_3954,place_n4540967299,سیب ستان,colloquial,osm
alias_n4540967305_3955,place_n4540967305,تنکمان,spelling,osm
alias_n4541037259_3956,place_n4541037259,قلعه نقد علی,old,osm
alias_n4541037265_3957,place_n4541037265,قلعه میرآخور,old,osm
alias_n4541037266_3958,place_n4541037266,قلعه علی مرادخاء,colloquial,osm
alias_n4541037502_3959,place_n4541037502,دره عثمان,old,osm
alias_n4541038524_3960,place_n4541038524,میوا,colloquial,osm
alias_n4541038524_3961,place_n4541038524,می آباد,colloquial,osm
alias_n4541038530_3962,place_n4541038530,تجر,colloquial,osm
alias_n4541038530_3963,place_n4541038530,طجر سامن,colloquial,osm
alias_n4541038531_3964,place_n4541038531,سلطان آباد,old,osm
alias_n4541038546_3965,place_n4541038546,شاه بداق,colloquial,osm
alias_n4541038552_3966,place_n4541038552,آوشینه,colloquial,osm
alias_n4541038554_3967,place_n4541038554,مزداگرد,old,osm
alias_n4541038554_3968,place_n4541038554,مازاگرد,colloquial,osm
alias_n4541038574_3969,place_n4541038574,جاماسب,old,osm
alias_n4541038574_3970,place_n4541038574,پاماست,colloquial,osm
alias_n4541038574_3971,place_n4541038574,پاماس,colloquial,osm
alias_n4541038703_3972,place_n4541038703,مزرعه بید,colloquial,osm
alias_n4541038740_3973,place_n4541038740,خان آباد,old,osm
alias_n4541085856_3974,place_n4541085856,فیروز آباد,spelling,osm
alias_n4553346214_3975,place_n4553346214,رجوار,colloquial,osm
alias_n4553758553_3976,place_n4553758553,روستای گردشگری قلات,colloquial,osm
alias_n4554066006_3977,place_n4554066006,دهکده توریستی زاگرس,colloquial,osm
alias_n4583041600_3978,place_n4583041600,تنگ کهره,colloquial,osm
alias_n4584318303_3979,place_n4584318303,بند دیدگان,colloquial,osm
alias_n4585598261_3980,place_n4585598261,شهرک جوانان,colloquial,osm
alias_n4619211236_3981,place_n4619211236,گنداب,colloquial,osm
alias_n4703444597_3982,place_n4703444597,امیرالمومنین,colloquial,osm
alias_n4725833022_3983,place_n4725833022,کونه وه رچه,colloquial,osm
alias_n4739806470_3984,place_n4739806470,ریگ آباد,spelling,osm
alias_n4739888081_3985,place_n4739888081,کن شیب ده,spelling,osm
alias_n4740807886_3986,place_n4740807886,رَمِنُاد,colloquial,osm
alias_n4740807886_3987,place_n4740807886,رحمن‌ آباد,colloquial,osm
alias_n4750780958_3988,place_n4750780958,وارنیاب,colloquial,osm
alias_n4764955825_3989,place_n4764955825,علی‌ آباد پایین,old,osm
alias_n4787199439_3990,place_n4787199439,انوج,colloquial,osm
alias_n4799588802_3991,place_n4799588802,جیان,colloquial,osm
alias_n4930578252_3992,place_n4930578252,چمن,colloquial,osm
alias_n4949468807_3993,place_n4949468807,زیدآباد,colloquial,osm
alias_n4958335423_3994,place_n4958335423,شهرک امیر مومنین,colloquial,osm
alias_n5020543811_3995,place_n5020543811,تیرشاب,colloquial,osm
alias_n5027781989_3996,place_n5027781989,گنزیر,colloquial,osm
alias_n5100772072_3997,place_n5100772072,دام شهر,colloquial,osm
alias_n5155625205_3998,place_n5155625205,ملک آباد,colloquial,osm
alias_n5164679080_3999,place_n5164679080,فجرآباد,spelling,osm
alias_n5172903669_4000,place_n5172903669,فاز شش مهستان,colloquial,osm
alias_n5236952421_4001,place_n5236952421,مسکن مهر پردیس,colloquial,osm
alias_n5241200408_4002,place_n5241200408,روستای شوون سفلی,colloquial,osm
alias_n5258457865_4003,place_n5258457865,برزگو,colloquial,osm
alias_n5271503420_4004,place_n5271503420,لیژان,colloquial,osm
alias_n5273102201_4005,place_n5273102201,۴۰۰ دستگاه,colloquial,osm
alias_n5326159748_4006,place_n5326159748,شهرک توحید - زرناس,colloquial,osm
alias_n5368952818_4007,place_n5368952818,آرمس,colloquial,osm
alias_n5428079471_4008,place_n5428079471,روییده,colloquial,osm
alias_n5455030627_4009,place_n5455030627,شهرک سپاه,colloquial,osm
alias_n5501697996_4010,place_n5501697996,درزکری,colloquial,osm
alias_n5511025565_4011,place_n5511025565,شهرک شهید حیدری,colloquial,osm
alias_n5582315999_4012,place_n5582315999,استلِ‌سر,spelling,osm
alias_n5599595803_4013,place_n5599595803,دهلکوه,colloquial,osm
alias_n5652399329_4014,place_n5652399329,شهرک سرطاف,colloquial,osm
alias_n5670229105_4015,place_n5670229105,سولیدرق,spelling,osm
alias_n5731891666_4016,place_n5731891666,سبزه الماس,old,osm
alias_n5731891666_4017,place_n5731891666,شهر قدس,colloquial,osm
alias_n5731891666_4018,place_n5731891666,قلعه حسن خان,colloquial,osm
alias_n5773623475_4020,place_n5773623475,شهرک آسمان,colloquial,osm
alias_n5853818620_4021,place_n5853818620,شاهی,old,osm
alias_n5853818620_4022,place_n5853818620,قائم‌شهر,spelling,osm
alias_n5893946345_4023,place_n5893946345,کوی ملت,colloquial,osm
alias_n5896046093_4024,place_n5896046093,محله نمه لر,colloquial,osm
alias_n5898554000_4025,place_n5898554000,چشمه لو,old,osm
alias_n5898770395_4026,place_n5898770395,faze yek padadshahr,spelling,osm
alias_n5899658282_4027,place_n5899658282,۶ بهمن,old,osm
alias_n5899672473_4028,place_n5899672473,مسجد کبود,spelling,osm
alias_n5901857375_4029,place_n5901857375,دانشگاه جندی شاپور سابق,spelling,osm
alias_n5903089312_4030,place_n5903089312,ahan afshar,spelling,osm
alias_n5903531229_4031,place_n5903531229,نور,colloquial,osm
alias_n5903611090_4032,place_n5903611090,مدنی ۱,colloquial,osm
alias_n5903654759_4033,place_n5903654759,گوهردشت,spelling,osm
alias_n5904447916_4034,place_n5904447916,اختر آباد,colloquial,osm
alias_n5904531145_4035,place_n5904531145,کاخوک,colloquial,osm
alias_n5930057241_4036,place_n5930057241,گیوی,old,osm
alias_n5954045502_4039,place_n5954045502,مالمیر,colloquial,osm
alias_n5954062530_4040,place_n5954062530,ایثار 1,colloquial,osm
alias_n5954349388_4041,place_n5954349388,ایثار 4,colloquial,osm
alias_n6007490881_4042,place_n6007490881,سایت روحانی,colloquial,osm
alias_n6017173751_4044,place_n6017173751,ماهشهر,colloquial,osm
alias_n6043642534_4045,place_n6043642534,شهرک دام,old,osm
alias_n6061643602_4046,place_n6061643602,بیسیم,colloquial,osm
alias_n6064197783_4047,place_n6064197783,محله شهید بهشتی,colloquial,osm
alias_n6085898555_4048,place_n6085898555,قُرموسی,colloquial,osm
alias_n6121455238_4049,place_n6121455238,چه موری,colloquial,osm
alias_n6126217435_4050,place_n6126217435,دره چپی,old,osm
alias_n6188259722_4051,place_n6188259722,گرمه خانی میربگ,spelling,osm
alias_n6197363768_4052,place_n6197363768,میدان جهان پهلوان تختی,colloquial,osm
alias_n6282677365_4053,place_n6282677365,ونارج,colloquial,osm
alias_n6293098233_4054,place_n6293098233,شهرداری منطقه 6 ناحیه 1,colloquial,osm
alias_n6308074386_4055,place_n6308074386,روستاي چم,spelling,osm
alias_n6327092077_4056,place_n6327092077,سعدی,colloquial,osm
alias_n6327092078_4057,place_n6327092078,مولوی,colloquial,osm
alias_n6327092079_4058,place_n6327092079,بهداری,colloquial,osm
alias_n6328781943_4059,place_n6328781943,مفتح,colloquial,osm
alias_n6338118939_4060,place_n6338118939,ایثار 5,colloquial,osm
alias_n6338118940_4061,place_n6338118940,ایثار 6,colloquial,osm
alias_n6338118941_4062,place_n6338118941,ایثار 3,colloquial,osm
alias_n6338118942_4063,place_n6338118942,ایثار 2,colloquial,osm
alias_n6338118943_4064,place_n6338118943,فرهنگ 1,colloquial,osm
alias_n6338118944_4065,place_n6338118944,فرهنگ 2,colloquial,osm
alias_n6338118945_4066,place_n6338118945,فرهنگ 3,colloquial,osm
alias_n6338118946_4067,place_n6338118946,فرهنگ 4,colloquial,osm
alias_n6338118947_4068,place_n6338118947,فرهنگ 5,colloquial,osm
alias_n6358300468_4069,place_n6358300468,زرین چغا پایین,colloquial,osm
alias_n6362391851_4070,place_n6362391851,قلعه‌گل,colloquial,osm
alias_n6396290875_4071,place_n6396290875,ناصح آباد,colloquial,osm
alias_n6409010183_4072,place_n6409010183,گچ بندی,colloquial,osm
alias_n6440526461_4073,place_n6440526461,خرگونه,old,osm
alias_n6497299467_4074,place_n6497299467,آبتلخ,colloquial,osm
alias_n6503876708_4075,place_n6503876708,کفترحله,colloquial,osm
alias_n6517092447_4076,place_n6517092447,فاز ۳,old,osm
alias_n6517092696_4077,place_n6517092696,فاز ۱,old,osm
alias_n6517092843_4078,place_n6517092843,فاز ۲,old,osm
alias_n6517095267_4079,place_n6517095267,فاز ۴,old,osm
alias_n6517099560_4080,place_n6517099560,فاز ۵,old,osm
alias_n6561562274_4081,place_n6561562274,فاز ۰,old,osm
alias_n6562325793_4082,place_n6562325793,فاز ۵,old,osm
alias_n6639713762_4083,place_n6639713762,چغاپهن,colloquial,osm
alias_n6639715035_4084,place_n6639715035,شهرک شهید منتظری,colloquial,osm
alias_n6639734614_4085,place_n6639734614,چغامیش,colloquial,osm
alias_n6639734614_4086,place_n6639734614,اسلام آباد,colloquial,osm
alias_n6659730961_4087,place_n6659730961,اصحاب سفلی,colloquial,osm
alias_n6680860160_4088,place_n6680860160,اسحاق آباد,spelling,osm
alias_n6681061094_4089,place_n6681061094,جلال آباد,colloquial,osm
alias_n6682544486_4090,place_n6682544486,کوسار,colloquial,osm
alias_n6683158862_4091,place_n6683158862,خیرآباد,colloquial,osm
alias_n6769571569_4092,place_n6769571569,پولادمحله,colloquial,osm
alias_n6770362811_4093,place_n6770362811,شهرک صنعتی جزدون,colloquial,osm
alias_n6796218206_4094,place_n6796218206,۰۳۱,colloquial,osm
alias_n6796251605_4095,place_n6796251605,۰۸۰,colloquial,osm
alias_n6796257341_4096,place_n6796257341,۰۳۲,colloquial,osm
alias_n6796260185_4097,place_n6796260185,۰۱۶,colloquial,osm
alias_n6796260205_4098,place_n6796260205,۰۱۷,colloquial,osm
alias_n6800682535_4099,place_n6800682535,۰۲۶,colloquial,osm
alias_n6800682570_4100,place_n6800682570,۰۱۲,colloquial,osm
alias_n6800729164_4101,place_n6800729164,۰۴۲,colloquial,osm
alias_n6801276249_4102,place_n6801276249,۰۳۵,colloquial,osm
alias_n6801626391_4103,place_n6801626391,۰۷۵,colloquial,osm
alias_n6801626425_4104,place_n6801626425,۰۷۱,colloquial,osm
alias_n6801626454_4105,place_n6801626454,۰۸۹,colloquial,osm
alias_n6801641685_4106,place_n6801641685,۰۵۲,colloquial,osm
alias_n6801641691_4107,place_n6801641691,۰۵۱,colloquial,osm
alias_n6801679932_4108,place_n6801679932,۰۷۶,colloquial,osm
alias_n6802719349_4109,place_n6802719349,۰۴۹,colloquial,osm
alias_n6802724807_4110,place_n6802724807,۰۴۵,colloquial,osm
alias_n6803029422_4111,place_n6803029422,۰۹۸,colloquial,osm
alias_n6803079743_4112,place_n6803079743,۹۹,colloquial,osm
alias_n6805223806_4113,place_n6805223806,۰۰۳,colloquial,osm
alias_n6805223807_4114,place_n6805223807,۰۰۴,colloquial,osm
alias_n6805223853_4115,place_n6805223853,۰۰۲,colloquial,osm
alias_n6805445301_4116,place_n6805445301,۱۲۴,colloquial,osm
alias_n6806928618_4117,place_n6806928618,۱۳۰,colloquial,osm
alias_n6819730986_4118,place_n6819730986,زنگت بالا,colloquial,osm
alias_n6819797503_4119,place_n6819797503,لترگاز روبار,colloquial,osm
alias_n6820016190_4120,place_n6820016190,لترگاز بالا,colloquial,osm
alias_n6859662848_4121,place_n6859662848,آق توقای,colloquial,osm
alias_n6880503528_4122,place_n6880503528,کنیزک,colloquial,osm
alias_n7041642231_4123,place_n7041642231,رضوانشهر,colloquial,osm
alias_n7043198212_4124,place_n7043198212,گروک,colloquial,osm
alias_n7090341366_4125,place_n7090341366,گل تپ,colloquial,osm
alias_n7106225126_4126,place_n7106225126,کهنگ گدار,colloquial,osm
alias_n7160690194_4127,place_n7160690194,مهیاباد,colloquial,osm
alias_n7273853635_4128,place_n7273853635,طاهرگوراب,colloquial,osm
alias_n7287738838_4129,place_n7287738838,زبرینگ,spelling,osm
alias_n7333017939_4130,place_n7333017939,نوکان,spelling,osm
alias_n7333023113_4131,place_n7333023113,گورەشیر,spelling,osm
alias_n7345709442_4132,place_n7345709442,شهرک 4,spelling,osm
alias_n7345709443_4133,place_n7345709443,شهرک 2,spelling,osm
alias_n7345709446_4134,place_n7345709446,شهرک 3,spelling,osm
alias_n7388920514_4135,place_n7388920514,درولە علیا,spelling,osm
alias_n7393887211_4136,place_n7393887211,تنگ زرد پایین,colloquial,osm
alias_n7393887212_4137,place_n7393887212,تنگ زرد بالا,colloquial,osm
alias_n7416376182_4138,place_n7416376182,نکاح,colloquial,osm
alias_n7450533513_4139,place_n7450533513,درب شیخ,colloquial,osm
alias_n7734445896_4140,place_n7734445896,بوک بالا,colloquial,osm
alias_n7752504166_4141,place_n7752504166,کمیز,colloquial,osm
alias_n7779945483_4142,place_n7779945483,چاه پایاب,colloquial,osm
alias_n7795566279_4143,place_n7795566279,اشربی,colloquial,osm
alias_n7807333398_4144,place_n7807333398,صالح آباد,old,osm
alias_n7811056308_4145,place_n7811056308,ولی آباد,colloquial,osm
alias_n7811074360_4146,place_n7811074360,گله چشمه بالا,colloquial,osm
alias_n7820028218_4147,place_n7820028218,قلعه رود خان,colloquial,osm
alias_n7943510472_4148,place_n7943510472,شهرک یاران,spelling,osm
alias_n7948706778_4149,place_n7948706778,ریمدان بنگول,colloquial,osm
alias_n7994401190_4150,place_n7994401190,ابوشکر,spelling,osm
alias_n7994401196_4151,place_n7994401196,ابوحمید,spelling,osm
alias_n7994425855_4152,place_n7994425855,ابوفلوس,spelling,osm
alias_n8179182538_4153,place_n8179182538,صالحیه,spelling,osm
alias_n8361228120_4154,place_n8361228120,طوفشیرین,old,osm
alias_n8361434707_4155,place_n8361434707,برم گاومیشی دو,old,osm
alias_n8361467502_4156,place_n8361467502,هوره,old,osm
alias_n8361682366_4157,place_n8361682366,برم گاومیشی یک,old,osm
alias_n8376048101_4158,place_n8376048101,ده عباسقلی,colloquial,osm
alias_n8378845874_4159,place_n8378845874,هماشهر,colloquial,osm
alias_n8432492529_4160,place_n8432492529,هشانی,colloquial,osm
alias_n8479428177_4162,place_n8479428177,صلگ,colloquial,osm
alias_n8482676065_4163,place_n8482676065,قشلاق خسروخان,old,osm
alias_n8569994256_4164,place_n8569994256,پریشان,colloquial,osm
alias_n8569994257_4165,place_n8569994257,خیزان,colloquial,osm
alias_n8569994258_4166,place_n8569994258,ونسوون,colloquial,osm
alias_n8569994297_4167,place_n8569994297,کشتارگاه,colloquial,osm
alias_n8586584247_4168,place_n8586584247,باریگدان,colloquial,osm
alias_n8649162398_4169,place_n8649162398,غفور آباد,colloquial,osm
alias_n8662296563_4170,place_n8662296563,جهانگیری,colloquial,osm
alias_n8662296571_4171,place_n8662296571,باغ خلج,colloquial,osm
alias_n8662296572_4172,place_n8662296572,شهرک نگین,colloquial,osm
alias_n8662296575_4173,place_n8662296575,قنات ناصری,colloquial,osm
alias_n8697467252_4174,place_n8697467252,ییلاق,colloquial,osm
alias_n8731284717_4175,place_n8731284717,روستای لاور گل,spelling,osm
alias_n8868382780_4176,place_n8868382780,چشمه توتی,old,osm
alias_n8909753689_4178,place_n8909753689,سه راهی گتوند,spelling,osm
alias_n8928638287_4179,place_n8928638287,فلکه ستاد، حوض فلکه، فلکه ساعت، فلکه شاه,old,osm
alias_n9005221562_4180,place_n9005221562,جلال سفلی,colloquial,osm
alias_n9077667623_4181,place_n9077667623,سنگ کار,colloquial,osm
alias_n9077667623_4182,place_n9077667623,شاهراه,colloquial,osm
alias_n9183677419_4183,place_n9183677419,شهر آوا (مانه و سملقان),colloquial,osm
alias_n9382853026_4184,place_n9382853026,اَصلی کیشی قشلاغی,spelling,osm
alias_n9459995419_4185,place_n9459995419,نصرت آباد,colloquial,osm
alias_n9654801422_4186,place_n9654801422,تاد بالا,colloquial,osm
alias_n9671446862_4187,place_n9671446862,Chia Kao;Cheqa Kabud;Cheqa Naqd-e `Ali-ye `Olya;Choqa Naqd `Ali;Chia Ku;Cheqa Kabud-e Naqd `Ali,colloquial,osm
alias_n9671456674_4188,place_n9671456674,Choqa Hoseyn,colloquial,osm
alias_n9671501567_4189,place_n9671501567,Do Choqa Darvish,colloquial,osm
alias_n9671509692_4190,place_n9671509692,Azreh-ye Mokarrami,colloquial,osm
alias_n9792279423_4191,place_n9792279423,رده طاهر,colloquial,osm
alias_n9792279425_4192,place_n9792279425,بوزه چپ,colloquial,osm
alias_n9792279428_4193,place_n9792279428,حسن مظلوم,colloquial,osm
alias_n9792279431_4194,place_n9792279431,معبودی,colloquial,osm
alias_n9792279449_4195,place_n9792279449,بحریه,colloquial,osm
alias_n9792279451_4196,place_n9792279451,راس جنوبی;بوزه راست,colloquial,osm
alias_n9792279452_4197,place_n9792279452,شلحه,colloquial,osm
alias_n9805219987_4198,place_n9805219987,النصار,colloquial,osm
alias_n9805219988_4199,place_n9805219988,المعمرة,colloquial,osm
alias_n9926079282_4200,place_n9926079282,شهرک توحید,old,osm
alias_n9990294719_4201,place_n9990294719,چهارراه پارامونت,old,osm
alias_n9990294719_4202,place_n9990294719,چهار راه پارامونت,spelling,osm
alias_n10020171705_4203,place_n10020171705,چفته,spelling,osm
alias_n10020177632_4204,place_n10020177632,ماژین میانه سرخ,spelling,osm
alias_n10021947362_4205,place_n10021947362,گیلانه,spelling,osm
alias_n10024225339_4206,place_n10024225339,پلیە,spelling,osm
alias_n10026194935_4207,place_n10026194935,توەسیە,spelling,osm
alias_n10026206669_4208,place_n10026206669,قپەچال,spelling,osm
alias_n10026221552_4209,place_n10026221552,کهرسر,spelling,osm
alias_n10026257872_4210,place_n10026257872,مزرعەبان بکر,spelling,osm
alias_n10026326505_4211,place_n10026326505,سیاگل,spelling,osm
alias_n10026385158_4212,place_n10026385158,ژیروزن,spelling,osm
alias_n10026397845_4213,place_n10026397845,تعل,spelling,osm
alias_n10026403309_4214,place_n10026403309,بان علگ,spelling,osm
alias_n10026443872_4215,place_n10026443872,درگ,spelling,osm
alias_n10026461048_4216,place_n10026461048,ملیەخاتوون,spelling,osm
alias_n10026484097_4217,place_n10026484097,پلنگ کنا,spelling,osm
alias_n10026541727_4218,place_n10026541727,ویلەملاملا,spelling,osm
alias_n10026546942_4219,place_n10026546942,دارزولیخا,spelling,osm
alias_n10029612463_4220,place_n10029612463,تبرک,spelling,osm
alias_n10029646697_4221,place_n10029646697,گاومیشان,spelling,osm
alias_n10030440938_4222,place_n10030440938,سرتنگ,spelling,osm
alias_n10030455575_4223,place_n10030455575,میان,spelling,osm
alias_n10031386320_4224,place_n10031386320,تیمانه,spelling,osm
alias_n10034973374_4225,place_n10034973374,پشتنگ علیا,spelling,osm
alias_n10034990021_4226,place_n10034990021,بالادشته,spelling,osm
alias_n10035011407_4227,place_n10035011407,دارونە,spelling,osm
alias_n10035013491_4228,place_n10035013491,ظاهروەند علیا,spelling,osm
alias_n10035040761_4229,place_n10035040761,مهدیە,spelling,osm
alias_n10035051130_4230,place_n10035051130,چم چمە,spelling,osm
alias_n10035861929_4231,place_n10035861929,شهرک شهید قاسم سلیمانی,colloquial,osm
alias_n10584381579_4232,place_n10584381579,بندنر,colloquial,osm
alias_n10586791016_4233,place_n10586791016,تون,old,osm
alias_n10660837780_4234,place_n10660837780,دره دراز,colloquial,osm
alias_n10781660771_4235,place_n10781660771,چومان,spelling,osm
alias_n10821188965_4236,place_n10821188965,فرودگاه سهند,old,osm
alias_n10966459014_4237,place_n10966459014,شاه ولی,spelling,osm
alias_n10973984400_4238,place_n10973984400,شهرک رضویه,colloquial,osm
alias_n11048079159_4239,place_n11048079159,سیاه گلوندان پایین,colloquial,osm
alias_n11138461271_4240,place_n11138461271,شهرک جوانان,colloquial,osm
alias_n11152488930_4241,place_n11152488930,باغکلا,colloquial,osm
alias_n11393440476_4242,place_n11393440476,شاه نشین,colloquial,osm
alias_n11431588192_4243,place_n11431588192,مسکن ملی,colloquial,osm
alias_n11508831907_4244,place_n11508831907,قلعه بالا,colloquial,osm
alias_n11517507710_4245,place_n11517507710,بعثت,colloquial,osm
alias_n11703554848_4246,place_n11703554848,ناقو,spelling,osm
alias_n11821913535_4247,place_n11821913535,سبیز,colloquial,osm
alias_n12251214681_4248,place_n12251214681,مزرعه زمان‌رستمی,colloquial,osm
alias_n12321209823_4249,place_n12321209823,دیواندرە;دیوان دەرە;دیواندەرە,colloquial,osm
alias_n12361930591_4250,place_n12361930591,روستای آجر پزی ایران,colloquial,osm
alias_n12456536682_4251,place_n12456536682,میدان کلبه،,colloquial,osm
alias_n12610715089_4252,place_n12610715089,چوب سرخ,colloquial,osm
alias_n12766620406_4253,place_n12766620406,درویش کندی,colloquial,osm
alias_n13174799995_4254,place_n13174799995,موتور شماره 210,colloquial,osm
alias_n13242855242_4255,place_n13242855242,کربلایی محمد حسینی,colloquial,osm
alias_n13273452030_4256,place_n13273452030,دهواران,colloquial,osm
alias_n13287197211_4257,place_n13287197211,شهرداری منطقه 6 ناحیه 3,colloquial,osm
alias_n13288312639_4258,place_n13288312639,Kohbon,colloquial,osm
alias_n13945999096_4259,place_n13945999096,شهرک توحید - زرناس,colloquial,osm
alias_n13984276238_4260,place_n13984276238,بیشه هندی,colloquial,osm
alias_n14017057156_4261,place_n14017057156,Siyāsak,colloquial,osm
alias_n14020456267_4262,place_n14020456267,علی کوری,colloquial,osm
alias_w4292778_4263,place_w4292778,شادمان,spelling,osm
alias_w4292854_4264,place_w4292854,یکم دریان نو,old,osm
alias_w4294949_4265,place_w4294949,بزرگراه دوگل,old,osm
alias_w4294987_4266,place_w4294987,بیات,old,osm
alias_w4295222_4267,place_w4295222,هشتم,colloquial,osm
alias_w4295223_4268,place_w4295223,تخت طاووس,old,osm
alias_w4295231_4270,place_w4295231,میدان ۲۴ اسفند,old,osm
alias_w4295231_4271,place_w4295231,میدان مجسمه,colloquial,osm
alias_w4295231_4272,place_w4295231,میدان انقلاب اسلامی,spelling,osm
alias_w4295237_4273,place_w4295237,بلوار الیزابت دوم,old,osm
alias_w4295239_4274,place_w4295239,لس آنجلس,old,osm
alias_w4295243_4275,place_w4295243,شاهرضا,old,osm
alias_w4295245_4276,place_w4295245,شانزده آذر,colloquial,osm
alias_w4295261_4277,place_w4295261,هخامنش,old,osm
alias_w4295360_4278,place_w4295360,پهلوی,old,osm
alias_w4295360_4279,place_w4295360,ولیعصر,colloquial,osm
alias_w4295393_4280,place_w4295393,جاده مخصوص کرج,old,osm
alias_w4295601_4281,place_w4295601,بلوار پاکنژاد,colloquial,osm
alias_w4296646_4282,place_w4296646,ظفر,old,osm
alias_w4297013_4284,place_w4297013,مخبری,colloquial,osm
alias_w4297080_4285,place_w4297080,فلامک شمالی,old,osm
alias_w4297325_4286,place_w4297325,میدان شهرک اکباتان,colloquial,osm
alias_w4297991_4287,place_w4297991,شاه,old,osm
alias_w4298044_4288,place_w4298044,بزرگراه ایرانپارس,old,osm
alias_w4298045_4289,place_w4298045,بزرگراه نیایش,colloquial,osm
alias_w4299544_4290,place_w4299544,بزرگراه شمال عباس آباد,old,osm
alias_w4302911_4291,place_w4302911,یوسف آباد,old,osm
alias_w4306114_4292,place_w4306114,توانیر,old,osm
alias_w4306606_4294,place_w4306606,بزرگراه شمال عباس آباد,old,osm
alias_w4313940_4295,place_w4313940,بزرگراه نیایش,colloquial,osm
alias_w4313961_4296,place_w4313961,پل پاکنژاد,colloquial,osm
alias_w4313961_4297,place_w4313961,پل شهید بربری,colloquial,osm
alias_w4313984_4298,place_w4313984,پل شهید اخباری,colloquial,osm
alias_w4316818_4299,place_w4316818,بزرگراه ۱۰۰,old,osm
alias_w4318778_4300,place_w4318778,همایونشهر جنوبی,colloquial,osm
alias_w4318808_4301,place_w4318808,تخت جمشید,old,osm
alias_w4318811_4302,place_w4318811,میدان کاخ,old,osm
alias_w4318908_4303,place_w4318908,سلسبیل,old,osm
alias_w4318955_4305,place_w4318955,Hengam Blvd,old,osm
alias_w4318956_4306,place_w4318956,فرمانیه,old,osm
alias_w4319048_4309,place_w4319048,آریانا,old,osm
alias_w4320181_4310,place_w4320181,بزرگراه ایوبی,old,osm
alias_w4324308_4311,place_w4324308,پل شهید بهرام,colloquial,osm
alias_w4334705_4312,place_w4334705,بیمه چهارم,old,osm
alias_w4336627_4314,place_w4336627,تابناک,old,osm
alias_w4337201_4316,place_w4337201,خیابان جهان کودک,old,osm
alias_w4337201_4317,place_w4337201,جهان کودک,colloquial,osm
alias_w4343765_4318,place_w4343765,ایثار,colloquial,osm
alias_w4344010_4319,place_w4344010,بزرگراه شمال عباس آباد,old,osm
alias_w4344065_4320,place_w4344065,خیابان سی متری ششم بهمن,old,osm
alias_w4344071_4321,place_w4344071,میدان باغ شاه,old,osm
alias_w4344207_4322,place_w4344207,گلبرگ غربی,colloquial,osm
alias_w4344212_4323,place_w4344212,گلبرگ غربی,colloquial,osm
alias_w4344214_4324,place_w4344214,گلبرگ غربی,colloquial,osm
alias_w4344288_4325,place_w4344288,خیابان آبشار,old,osm
alias_w4347401_4326,place_w4347401,بزرگراه شمال عباس آباد,old,osm
alias_w4354758_4327,place_w4354758,میدان کاج,old,osm
alias_w4354758_4328,place_w4354758,میدان شهید حسن تهرانی مقدم,spelling,osm
alias_w4354793_4329,place_w4354793,فرحزاد,old,osm
alias_w4361606_4330,place_w4361606,کنارگذر آزادگان,colloquial,osm
alias_w4361608_4331,place_w4361608,شهرزاد,colloquial,osm
alias_w4361878_4332,place_w4361878,مستوفی,old,osm
alias_w4368573_4333,place_w4368573,خیابان عباس آباد,old,osm
alias_w4368573_4334,place_w4368573,عباس آباد,colloquial,osm
alias_w4379006_4335,place_w4379006,بزرگراه شمال عباس آباد,old,osm
alias_w4383869_4336,place_w4383869,میدان اقدسیه,colloquial,osm
alias_w4383873_4337,place_w4383873,سلطنت آباد,old,osm
alias_w4383873_4338,place_w4383873,Pasdaran Avenue,colloquial,osm
alias_w4392386_4339,place_w4392386,بلوار گلها,old,osm
alias_w4392663_4340,place_w4392663,خیابان آیزنهاور,old,osm
alias_w4392663_4341,place_w4392663,خیابان آزادی,spelling,osm
alias_w4392788_4342,place_w4392788,بوذرجمهری,old,osm
alias_w4413874_4343,place_w4413874,درکه,colloquial,osm
alias_w4413924_4344,place_w4413924,پل شهید ابراهیم‌زاده,colloquial,osm
alias_w4414109_4345,place_w4414109,نفت,colloquial,osm
alias_w4415167_4346,place_w4415167,علیالی,colloquial,osm
alias_w4419338_4347,place_w4419338,جوانمرد قصاب,colloquial,osm
alias_w4419356_4348,place_w4419356,جوانمرد قصاب,colloquial,osm
alias_w4419409_4349,place_w4419409,جوانمرد قصاب,colloquial,osm
alias_w4442485_4350,place_w4442485,پل ابوذر,colloquial,osm
alias_w4443547_4351,place_w4443547,پل ابوذر,colloquial,osm
alias_w4444604_4352,place_w4444604,میدان باغ ملی,colloquial,osm
alias_w4444610_4353,place_w4444610,میدان مجاهدین,colloquial,osm
alias_w4480299_4354,place_w4480299,جوانه,colloquial,osm
alias_w4497814_4355,place_w4497814,بزرگراه ۱۰۰,old,osm
alias_w4497815_4356,place_w4497815,بزرگراه ۱۰۰,old,osm
alias_w4515332_4357,place_w4515332,۶۴ غربی,colloquial,osm
alias_w4515332_4358,place_w4515332,12 بهمن,colloquial,osm
alias_w4516015_4359,place_w4516015,ویلا,old,osm
alias_w4516015_4360,place_w4516015,استاد نجات الهی,colloquial,osm
alias_w4516015_4361,place_w4516015,خیابان ویلا,colloquial,osm
alias_w4537134_4362,place_w4537134,بلوار دانش,old,osm
alias_w4543581_4363,place_w4543581,هشتم,colloquial,osm
alias_w4549349_4364,place_w4549349,۲۴ متری سعادت آباد,old,osm
alias_w4554190_4365,place_w4554190,خیابان جردن,old,osm
alias_w4554190_4366,place_w4554190,بلوار آفریقا,colloquial,osm
alias_w4554190_4367,place_w4554190,جردن,colloquial,osm
alias_w4564717_4368,place_w4564717,خیابان امام خمینی,spelling,osm
alias_w4571405_4369,place_w4571405,بزرگراه شمال عباس آباد,old,osm
alias_w4574140_4370,place_w4574140,شیراز شمالی,old,osm
alias_w4585388_4372,place_w4585388,بیستون,old,osm
alias_w4591290_4373,place_w4591290,میدان اول قائم,old,osm
alias_w4591394_4374,place_w4591394,آجودانیه,old,osm
alias_w4592116_4376,place_w4592116,بزرگراه مدائن,old,osm
alias_w4623324_4377,place_w4623324,خیابان اردیبهشت,old,osm
alias_w4623328_4379,place_w4623328,پاستور,colloquial,osm
alias_w4750029_4380,place_w4750029,رشت - قزوین,colloquial,osm
alias_w4750805_4381,place_w4750805,میدان رازی,colloquial,osm
alias_w4750811_4382,place_w4750811,بلوار میرزا کوچک خان,colloquial,osm
alias_w4751016_4383,place_w4751016,بلوار لاکانی,colloquial,osm
alias_w4806600_4384,place_w4806600,بلوار فردوس غرب,colloquial,osm
alias_w4810467_4385,place_w4810467,بلوار آفریقا,old,osm
alias_w4810467_4386,place_w4810467,جردن,colloquial,osm
alias_w4810470_4387,place_w4810470,فرشته,old,osm
alias_w4810633_4388,place_w4810633,بلوار صبا,old,osm
alias_w4810633_4389,place_w4810633,بلوار شهید ایرلو,spelling,osm
alias_w4810646_4390,place_w4810646,پل شهید محمدی‌آزاد,colloquial,osm
alias_w4816112_4391,place_w4816112,بزرگراه رسالت,old,osm
alias_w4823986_4392,place_w4823986,مژده,old,osm
alias_w4823988_4393,place_w4823988,خیابان نخجوان,colloquial,osm
alias_w4824637_4394,place_w4824637,کمربندی نوشهر و چالوس,colloquial,osm
alias_w4831630_4395,place_w4831630,پل شهید درویش,colloquial,osm
alias_w4832085_4396,place_w4832085,میدان حق شناس,colloquial,osm
alias_w4832139_4397,place_w4832139,ارغوان غربی,old,osm
alias_w4832140_4399,place_w4832140,پل شهید اخباری,colloquial,osm
alias_w4832993_4400,place_w4832993,شیمیایی,colloquial,osm
alias_w4838710_4401,place_w4838710,آفتاب,colloquial,osm
alias_w4838750_4402,place_w4838750,میدان عطار نیشابوری,spelling,osm
alias_w4906887_4403,place_w4906887,جاده فیروزکوه,colloquial,osm
alias_w4907958_4404,place_w4907958,سازمان آب,colloquial,osm
alias_w5003747_4405,place_w5003747,امیر ابراهیمی,old,osm
alias_w5047749_4406,place_w5047749,خیابان تاج,old,osm
alias_w8377801_4407,place_w8377801,بزرگراه ۱۰۰,old,osm
alias_w8397668_4408,place_w8397668,سی و پنج متری گلستان,old,osm
alias_w9218999_4410,place_w9218999,بلوار آزادگان,colloquial,osm
alias_w9219014_4411,place_w9219014,جاده ملارد,old,osm
alias_w9219014_4412,place_w9219014,بلوار آزادگان,colloquial,osm
alias_w9931165_4413,place_w9931165,انوشیروان,colloquial,osm
alias_w17096569_4414,place_w17096569,بزرگراه رسالت,old,osm
alias_w17456059_4415,place_w17456059,بلوار شهدا شمس الدین و نورالدین مقدم,colloquial,osm
alias_w17505079_4416,place_w17505079,جاده مرند- ایواوغلی,spelling,osm
alias_w17533255_4417,place_w17533255,بلوار امام خمینی,spelling,osm
alias_w17692174_4418,place_w17692174,میدان توحید,colloquial,osm
alias_w17692193_4419,place_w17692193,بلوار کاشفی,colloquial,osm
alias_w17692193_4420,place_w17692193,هشتم فاز ۲,spelling,osm
alias_w17926089_4421,place_w17926089,بلوار شهید مدرسی (هشتم),colloquial,osm
alias_w18075118_4422,place_w18075118,بلوار رستاخیز,colloquial,osm
alias_w18075692_4423,place_w18075692,بلوار رستاخیز,colloquial,osm
alias_w18512231_4424,place_w18512231,دشتستان ۴,old,osm
alias_w19369261_4425,place_w19369261,بلوار شکوهی,colloquial,osm
alias_w19369261_4426,place_w19369261,یازدهم فاز ۲,spelling,osm
alias_w19394907_4427,place_w19394907,داریوش,spelling,osm
alias_w19402546_4428,place_w19402546,سی و پنج متری,colloquial,osm
alias_w19513075_4429,place_w19513075,بلوار استقلال شمالی,spelling,osm
alias_w19528163_4430,place_w19528163,میدان مهران,colloquial,osm
alias_w19528163_4431,place_w19528163,میدان سرلشکر ابراهیم خانی,spelling,osm
alias_w19575786_4432,place_w19575786,میدان پرستار,colloquial,osm
alias_w19580353_4433,place_w19580353,یکم غربی,spelling,osm
alias_w19781940_4434,place_w19781940,بابایی,spelling,osm
alias_w19782414_4435,place_w19782414,بلوار آرش تیرانداز,old,osm
alias_w19782414_4436,place_w19782414,بلوار حجر بن عدی,colloquial,osm
alias_w19782414_4437,place_w19782414,آرش تیرانداز,colloquial,osm
alias_w19782427_4438,place_w19782427,میدان سوم تهرانپارس,old,osm
alias_w20628472_4439,place_w20628472,مظاهری,colloquial,osm
alias_w20628505_4440,place_w20628505,رحمانی آبان,colloquial,osm
alias_w20628805_4441,place_w20628805,قزوین,colloquial,osm
alias_w20631684_4442,place_w20631684,مریم,colloquial,osm
alias_w21796811_4443,place_w21796811,بلوار کوروش,old,osm
alias_w21796811_4444,place_w21796811,بلوار آیت‌الله طالقانی شمالی,spelling,osm
alias_w21796819_4445,place_w21796819,بهار,spelling,osm
alias_w21796855_4446,place_w21796855,سی و پنج متری,colloquial,osm
alias_w21796860_4447,place_w21796860,سی و پنج متری,colloquial,osm
alias_w23054396_4448,place_w23054396,فلکه گندم,colloquial,osm
alias_w23054833_4449,place_w23054833,کدیوری,colloquial,osm
alias_w23054900_4450,place_w23054900,بلوار شاهد,colloquial,osm
alias_w23069936_4451,place_w23069936,شهدای حافظان آسمان,colloquial,osm
alias_w23514595_4452,place_w23514595,میدان بهنمیر,colloquial,osm
alias_w23606089_4453,place_w23606089,خیابان قزوین,old,osm
alias_w23606089_4454,place_w23606089,قزوین,colloquial,osm
alias_w23644089_4455,place_w23644089,بلوار آزادی,colloquial,osm
alias_w23647182_4456,place_w23647182,بلوار کوروش,old,osm
alias_w23647182_4457,place_w23647182,بلوار آیت‌الله طالقانی شمالی,spelling,osm
alias_w23781776_4458,place_w23781776,سپه,old,osm
alias_w23903915_4459,place_w23903915,بلوار شهید مدرسی (هشتم),colloquial,osm
alias_w23908803_4460,place_w23908803,بلوار کوروش,old,osm
alias_w23908803_4461,place_w23908803,بلوار آیت‌الله طالقانی شمالی,spelling,osm
alias_w23962748_4462,place_w23962748,قزوین,colloquial,osm
alias_w23962753_4463,place_w23962753,قزوین,colloquial,osm
alias_w23993737_4464,place_w23993737,جاده آسیایی,colloquial,osm
alias_w23996975_4465,place_w23996975,میدان تلویزیون,colloquial,osm
alias_w23999911_4466,place_w23999911,جاده آسیایی,colloquial,osm
alias_w24003313_4467,place_w24003313,بولوار تلویزیون,colloquial,osm
alias_w24003387_4468,place_w24003387,بولوار تلویزیون,colloquial,osm
alias_w24034390_4469,place_w24034390,میدان امام حسن,colloquial,osm
alias_w24041081_4470,place_w24041081,توس,colloquial,osm
alias_w24041335_4471,place_w24041335,فلکه گاراژدارها,colloquial,osm
alias_w24042890_4472,place_w24042890,خیابان تهران,old,osm
alias_w24042899_4473,place_w24042899,خیابان تهران,old,osm
alias_w24160981_4474,place_w24160981,بلوار فرودگاه,old,osm
alias_w24227421_4475,place_w24227421,خیابان داروپخش,colloquial,osm
alias_w24227438_4476,place_w24227438,خیابان داروپخش,colloquial,osm
alias_w24240467_4477,place_w24240467,بلوار امام جواد,colloquial,osm
alias_w24243347_4478,place_w24243347,خیابان گل ختمی,old,osm
alias_w24243360_4479,place_w24243360,صدر,old,osm
alias_w24243734_4480,place_w24243734,سی متری طلاب,colloquial,osm
alias_w24243757_4481,place_w24243757,سی متری طلاب,colloquial,osm
alias_w24265989_4482,place_w24265989,خیابان تهران,old,osm
alias_w24377064_4483,place_w24377064,میدان صبا,colloquial,osm
alias_w24377202_4484,place_w24377202,بولوار صبا,colloquial,osm
alias_w24377249_4485,place_w24377249,بولوار صبا,colloquial,osm
alias_w24378121_4486,place_w24378121,بولوار صدر- گل ختمی,old,osm
alias_w24397927_4487,place_w24397927,خیابان خواجه ربیع,old,osm
alias_w24397932_4488,place_w24397932,خیابان خواجه ربیع,old,osm
alias_w24400775_4489,place_w24400775,بابانظر ۱۱,colloquial,osm
alias_w24402839_4490,place_w24402839,گاز شرقی,old,osm
alias_w24405360_4491,place_w24405360,بولوار صبا,colloquial,osm
alias_w24406587_4492,place_w24406587,فلکه دروازه قوچان,old,osm
alias_w24407479_4493,place_w24407479,بولوار ملک الشعرا بهار,colloquial,osm
alias_w24414522_4494,place_w24414522,بولوار امام رضا,colloquial,osm
alias_w24418575_4495,place_w24418575,کوهسنگی ۲۲,colloquial,osm
alias_w24454653_4496,place_w24454653,بولوار سازمان آب,colloquial,osm
alias_w24471859_4497,place_w24471859,خیابان سرخس,old,osm
alias_w24471859_4498,place_w24471859,شهید عباسپور,colloquial,osm
alias_w24471869_4499,place_w24471869,خیابان سرخس,old,osm
alias_w24471869_4500,place_w24471869,شهید عباسپور,colloquial,osm
alias_w24493722_4501,place_w24493722,بالا خیابان,old,osm
alias_w24493722_4502,place_w24493722,خیابان شیرازی,colloquial,osm
alias_w24518186_4503,place_w24518186,معلم ۲۴,colloquial,osm
alias_w24518571_4504,place_w24518571,مهریز,old,osm
alias_w24518610_4505,place_w24518610,بولوار پانیذ,colloquial,osm
alias_w24541157_4506,place_w24541157,سرداران,colloquial,osm
alias_w24541960_4507,place_w24541960,بزرگراه شهیاد,old,osm
alias_w24671055_4508,place_w24671055,بولوار صبا,colloquial,osm
alias_w24671062_4509,place_w24671062,صبا ۴۲,old,osm
alias_w24671065_4510,place_w24671065,ثامن ۲,colloquial,osm
alias_w24692536_4511,place_w24692536,خیابان شاهرخ,old,osm
alias_w24692545_4512,place_w24692545,میدان سعدآباد,colloquial,osm
alias_w24692550_4513,place_w24692550,خیابان شاهرخ,old,osm
alias_w24745834_4514,place_w24745834,میدان بهارستان,colloquial,osm
alias_w25359104_4515,place_w25359104,ظفر,old,osm
alias_w25410253_4517,place_w25410253,بولوار شفا,old,osm
alias_w25410253_4518,place_w25410253,بابارجب,colloquial,osm
alias_w25410259_4519,place_w25410259,بولوار شفا,old,osm
alias_w25410259_4520,place_w25410259,بابارجب,colloquial,osm
alias_w25471491_4521,place_w25471491,شهید مجید صفار مشهدی,colloquial,osm
alias_w25471491_4522,place_w25471491,10 متری عطار,colloquial,osm
alias_w25471499_4523,place_w25471499,خواجه ربیع ۳,colloquial,osm
alias_w25471762_4524,place_w25471762,شهید فرخی,colloquial,osm
alias_w25471895_4525,place_w25471895,طبرسی ۴,colloquial,osm
alias_w25550396_4526,place_w25550396,توس ۶۵,colloquial,osm
alias_w25576424_4527,place_w25576424,معلم ۳۱,colloquial,osm
alias_w25658097_4528,place_w25658097,ظفر,old,osm
alias_w25658750_4530,place_w25658750,بزرگراه شمال عباس آباد,old,osm
alias_w25776901_4531,place_w25776901,خیابان آیزنهاور,old,osm
alias_w25776901_4532,place_w25776901,خیابان آزادی,spelling,osm
alias_w25776902_4533,place_w25776902,خیابان آیزنهاور,old,osm
alias_w25776902_4534,place_w25776902,خیابان آزادی,spelling,osm
alias_w25776903_4535,place_w25776903,خیابان آیزنهاور,old,osm
alias_w25776903_4536,place_w25776903,خیابان آزادی,spelling,osm
alias_w25850112_4537,place_w25850112,حجاب ۵۴,old,osm
alias_w25930716_4538,place_w25930716,ناهید,colloquial,osm
alias_w26196318_4539,place_w26196318,کوشش ۲۶,colloquial,osm
alias_w26209911_4540,place_w26209911,سبحان ۱۸ - دایی ۱,colloquial,osm
alias_w26224116_4541,place_w26224116,خین عرب,old,osm
alias_w26230109_4542,place_w26230109,خیابان سردادور,old,osm
alias_w26254757_4543,place_w26254757,استاد علی اصغر باقرزاده,colloquial,osm
alias_w26255245_4544,place_w26255245,دانشگاه ۱۵,colloquial,osm
alias_w26265839_4545,place_w26265839,صبا ۴۵,old,osm
alias_w26351635_4546,place_w26351635,طبرسی,old,osm
alias_w26351638_4547,place_w26351638,طبرسی,old,osm
alias_w26351652_4548,place_w26351652,طبرسی,old,osm
alias_w26351762_4549,place_w26351762,خیابان تهران,old,osm
alias_w26351791_4550,place_w26351791,خیابان تهران,old,osm
alias_w26353668_4551,place_w26353668,خیابان شاهرخ,old,osm
alias_w26353721_4552,place_w26353721,خیابان شاهرخ,old,osm
alias_w26354441_4553,place_w26354441,بوکانی ۱۳,colloquial,osm
alias_w26373957_4554,place_w26373957,توس ۱۰,colloquial,osm
alias_w26377844_4555,place_w26377844,رستمی۲,colloquial,osm
alias_w26396025_4556,place_w26396025,پست,colloquial,osm
alias_w26407313_4557,place_w26407313,تختی,colloquial,osm
alias_w26407882_4558,place_w26407882,جم,old,osm
alias_w26922607_4559,place_w26922607,بلوار بسیج,old,osm
alias_w26922619_4560,place_w26922619,بلوار بسیج,old,osm
alias_w26923334_4561,place_w26923334,کمربندی شهمیرزاد,colloquial,osm
alias_w27057369_4562,place_w27057369,بولوار شفا,old,osm
alias_w27091998_4563,place_w27091998,آیت الله هاشمی رفسنجانی,colloquial,osm
alias_w27128851_4564,place_w27128851,میدان شهرداری,colloquial,osm
alias_w27388418_4565,place_w27388418,پروانه,old,osm
alias_w27497483_4567,place_w27497483,فلاحی ۳۸,colloquial,osm
alias_w27497797_4568,place_w27497797,رازی,colloquial,osm
alias_w27498703_4569,place_w27498703,خیابان طلوع,old,osm
alias_w27707171_4570,place_w27707171,بهرامی,old,osm
alias_w27772758_4571,place_w27772758,صبا ۶۹,old,osm
alias_w27800395_4572,place_w27800395,بیست متری دینکان,colloquial,osm
alias_w27800548_4573,place_w27800548,فلکه علم ، آسیاب سه قلو,old,osm
alias_w27803208_4574,place_w27803208,بیست متری ششم,colloquial,osm
alias_w28026787_4575,place_w28026787,ولایت ۱۰,colloquial,osm
alias_w28080098_4576,place_w28080098,بلوار ریاستی,colloquial,osm
alias_w28175160_4577,place_w28175160,خیابان خاکی,old,osm
alias_w28260426_4578,place_w28260426,کرمان,old,osm
alias_w28261388_4579,place_w28261388,بزرگراه شمال عباس آباد,old,osm
alias_w28261391_4580,place_w28261391,بزرگراه شمال عباس آباد,old,osm
alias_w28323376_4581,place_w28323376,بزرگراه شمال عباس آباد,old,osm
alias_w28332185_4582,place_w28332185,آفریقا,old,osm
alias_w28332185_4583,place_w28332185,جردن,colloquial,osm
alias_w28334851_4584,place_w28334851,West Farjam,old,osm
alias_w28337428_4585,place_w28337428,سراج,old,osm
alias_w28337535_4586,place_w28337535,بلوار کرج,colloquial,osm
alias_w28337580_4587,place_w28337580,Hengam Blvd,old,osm
alias_w28337720_4588,place_w28337720,سی متری دوم دلواری,colloquial,osm
alias_w28337839_4589,place_w28337839,West Farjam,old,osm
alias_w28338069_4590,place_w28338069,اردیبهشت,colloquial,osm
alias_w28342227_4591,place_w28342227,دکتر آیت,colloquial,osm
alias_w28358657_4592,place_w28358657,۴۱,colloquial,osm
alias_w28367374_4593,place_w28367374,فلکه ستاد، حوض فلکه، فلکه ساعت، فلکه شاه,old,osm
alias_w28367374_4594,place_w28367374,میدان ستاد,colloquial,osm
alias_w28368782_4595,place_w28368782,میرزای شیرازی شرقی,old,osm
alias_w28368782_4596,place_w28368782,میرزا کوچک خان جنگلی,colloquial,osm
alias_w28368824_4597,place_w28368824,میرزای شیرازی شرقی,old,osm
alias_w28368824_4598,place_w28368824,میرزا کوچک خان جنگلی,colloquial,osm
alias_w28372798_4599,place_w28372798,بیست و پنج متری شکوفه,colloquial,osm
alias_w28437143_4600,place_w28437143,پاسداران 10,colloquial,osm
alias_w28457596_4601,place_w28457596,ذکاء الملک,old,osm
alias_w28457972_4602,place_w28457972,میدان آزادی,colloquial,osm
alias_w28458508_4603,place_w28458508,میدان اطلسی,old,osm
alias_w28604838_4604,place_w28604838,خیابان خسروی,old,osm
alias_w28605098_4605,place_w28605098,خیابان خواجه ربیع,old,osm
alias_w28605108_4606,place_w28605108,خیابان ناظر,colloquial,osm
alias_w28606201_4607,place_w28606201,بلوار آزادی,old,osm
alias_w28637710_4608,place_w28637710,بلوار پروین اعتصامی,colloquial,osm
alias_w28670043_4609,place_w28670043,جاده مخصوص کرج,old,osm
alias_w28671499_4610,place_w28671499,بلوار غربی ورزشگاه آزادی,colloquial,osm
alias_w28671499_4611,place_w28671499,بلوار علی دایی,spelling,osm
alias_w28671725_4612,place_w28671725,میدان دانشجو,colloquial,osm
alias_w28745788_4613,place_w28745788,انوشیروان دادگر,old,osm
alias_w28745788_4614,place_w28745788,بزرگراه بعثت,colloquial,osm
alias_w28758628_4616,place_w28758628,آیت الله سعیدی,colloquial,osm
alias_w28759077_4617,place_w28759077,۳۰ متری فشار قوی,old,osm
alias_w28759083_4619,place_w28759083,بلوار گلستان,colloquial,osm
alias_w28875245_4620,place_w28875245,آبشار چهارم,colloquial,osm
alias_w29164598_4621,place_w29164598,معالی ٱباد,old,osm
alias_w29164598_4623,place_w29164598,معالی آباد,colloquial,osm
alias_w29164713_4624,place_w29164713,معالی آباد,colloquial,osm
alias_w30694471_4625,place_w30694471,ساسان,old,osm
alias_w30694548_4626,place_w30694548,فرمانفرما,old,osm
alias_w30695022_4627,place_w30695022,راه پیما,old,osm
alias_w30695127_4629,place_w30695127,پیروز,old,osm
alias_w30725665_4630,place_w30725665,وزرا,old,osm
alias_w30726121_4631,place_w30726121,بدخشان,old,osm
alias_w30726768_4633,place_w30726768,زرافشان شمالی,old,osm
alias_w30727637_4634,place_w30727637,زرافشان جنوبی,old,osm
alias_w30727692_4635,place_w30727692,پل شهید ابراهیم‌زاده,colloquial,osm
alias_w30951466_4636,place_w30951466,خیابان شهید مصطفی خمینی,colloquial,osm
alias_w30978843_4637,place_w30978843,خیابان شاهرخ,old,osm
alias_w31522287_4638,place_w31522287,پونه ۱۹,colloquial,osm
alias_w31522765_4639,place_w31522765,فلکه شاه حسینی,colloquial,osm
alias_w31523429_4640,place_w31523429,بلوار امام خمینی,spelling,osm
alias_w31541860_4641,place_w31541860,ب,colloquial,osm
alias_w31541914_4642,place_w31541914,د,colloquial,osm
alias_w31541934_4643,place_w31541934,زعفرانیه,old,osm
alias_w31555961_4645,place_w31555961,بلوار امام خمینی,spelling,osm
alias_w31728016_4646,place_w31728016,میدان نخل ناخدا,colloquial,osm
alias_w31728097_4647,place_w31728097,بلوار خلیج فارس,spelling,osm
alias_w31744129_4648,place_w31744129,۱۷ شهریور,colloquial,osm
alias_w31778704_4649,place_w31778704,فناخسرو,colloquial,osm
alias_w31874792_4650,place_w31874792,مدافعان سلامت,spelling,osm
alias_w31967369_4651,place_w31967369,بزرگراه آیت الله کاشانی,old,osm
alias_w31967369_4652,place_w31967369,بلوار آتاتورک,colloquial,osm
alias_w31969454_4653,place_w31969454,پل پاکنژاد,colloquial,osm
alias_w31969454_4654,place_w31969454,پل شهید بربری,colloquial,osm
alias_w31984819_4655,place_w31984819,چهارباغ,old,osm
alias_w31984821_4656,place_w31984821,چهارباغ,old,osm
alias_w31984835_4657,place_w31984835,فلکه اول شهران,colloquial,osm
alias_w31985237_4658,place_w31985237,خیابان مهناز,old,osm
alias_w31985237_4659,place_w31985237,مهناز,colloquial,osm
alias_w31985243_4660,place_w31985243,آپادانا,old,osm
alias_w32949665_4662,place_w32949665,نارمک,old,osm
alias_w32949962_4663,place_w32949962,میدان هفت حوض,old,osm
alias_w32949962_4664,place_w32949962,میدان نبوت,spelling,osm
alias_w32964335_4665,place_w32964335,امیر اتابک,old,osm
alias_w32964396_4667,place_w32964396,خراسان,colloquial,osm
alias_w32964565_4668,place_w32964565,جم,colloquial,osm
alias_w33840982_4669,place_w33840982,شهید رجایی,colloquial,osm
alias_w33846467_4670,place_w33846467,معلم,colloquial,osm
alias_w33847905_4671,place_w33847905,پل تاریخی ورگان,colloquial,osm
alias_w33852890_4672,place_w33852890,میدان نصر,colloquial,osm
alias_w34208027_4673,place_w34208027,آیت الله بهجت,colloquial,osm
alias_w34208150_4674,place_w34208150,شهید واعظ زاده,colloquial,osm
alias_w34208151_4675,place_w34208151,بیهقی,colloquial,osm
alias_w34394432_4676,place_w34394432,امام حسین (ع),colloquial,osm
alias_w34777680_4677,place_w34777680,دانشسرا,colloquial,osm
alias_w35025793_4678,place_w35025793,شهید ابراهیمی,colloquial,osm
alias_w35084687_4679,place_w35084687,بلوار شهید اسماعیل هنیه,colloquial,osm
alias_w35097578_4680,place_w35097578,ثریا,colloquial,osm
alias_w35103083_4681,place_w35103083,چهارده متری لشکر,colloquial,osm
alias_w35103091_4682,place_w35103091,طاووسی,old,osm
alias_w35103097_4683,place_w35103097,وحیدیه,old,osm
alias_w35103099_4684,place_w35103099,خیابان ارباب مهدی,old,osm
alias_w35103099_4685,place_w35103099,خیابان مسعود بخت آزاد,spelling,osm
alias_w35171220_4686,place_w35171220,مشتاق دوم,colloquial,osm
alias_w35171539_4687,place_w35171539,هفت دست غربی,colloquial,osm
alias_w35204736_4688,place_w35204736,سبزه میدان,old,osm
alias_w35204736_4689,place_w35204736,میدان قیام,colloquial,osm
alias_w35204981_4690,place_w35204981,چهارسوق,colloquial,osm
alias_w35275492_4691,place_w35275492,میرزا کوچک خان,colloquial,osm
alias_w35306871_4692,place_w35306871,امامزاده عبدالله,colloquial,osm
alias_w35306878_4693,place_w35306878,جعفر جرجانی,old,osm
alias_w35306879_4694,place_w35306879,۱۶ متری امیری,colloquial,osm
alias_w35306883_4695,place_w35306883,نهر فیروزآبادی,colloquial,osm
alias_w35693422_4696,place_w35693422,خیابان عمار یاسر,colloquial,osm
alias_w35693425_4697,place_w35693425,سی‌متری,colloquial,osm
alias_w35714980_4698,place_w35714980,بولوار آب و برق,old,osm
alias_w35716061_4700,place_w35716061,بولوار آب و برق,old,osm
alias_w35718740_4702,place_w35718740,بنفشه,colloquial,osm
alias_w35718745_4703,place_w35718745,بنفشه,colloquial,osm
alias_w35721261_4704,place_w35721261,ارشاد,old,osm
alias_w36310405_4705,place_w36310405,جوانه,colloquial,osm
alias_w36315526_4706,place_w36315526,خیابان رباط کریم,old,osm
alias_w36326646_4707,place_w36326646,خیابان قاآنی,old,osm
alias_w36326659_4708,place_w36326659,نشاط,old,osm
alias_w36327235_4709,place_w36327235,بلوار بریانک غربی,spelling,osm
alias_w36327243_4710,place_w36327243,گلستانی,colloquial,osm
alias_w36327245_4711,place_w36327245,یخچال,colloquial,osm
alias_w36331944_4712,place_w36331944,شهدای سایپا,colloquial,osm
alias_w36332044_4713,place_w36332044,بلوار کوروش,old,osm
alias_w36332044_4714,place_w36332044,بلوار آیت‌الله طالقانی جنوبی,spelling,osm
alias_w36333129_4715,place_w36333129,کاویان غربی,old,osm
alias_w36333140_4716,place_w36333140,بوستان دوم,colloquial,osm
alias_w36333142_4717,place_w36333142,ساقدوش,old,osm
alias_w36333143_4718,place_w36333143,گلستان چهارم,colloquial,osm
alias_w36333164_4719,place_w36333164,دستور جنوبی,old,osm
alias_w36333174_4720,place_w36333174,دزاشیب,old,osm
alias_w36333357_4722,place_w36333357,ج,colloquial,osm
alias_w36333379_4723,place_w36333379,فرمانیه,old,osm
alias_w36333382_4725,place_w36333382,فرمانیه,old,osm
alias_w36333392_4727,place_w36333392,میهن,old,osm
alias_w36333562_4728,place_w36333562,غریب کش,old,osm
alias_w36335908_4729,place_w36335908,نیستان ۷,old,osm
alias_w36335987_4730,place_w36335987,کودکان غزه,old,osm
alias_w36336336_4731,place_w36336336,کیکاووس,old,osm
alias_w36337279_4732,place_w36337279,خیابان سوم اسفند,old,osm
alias_w36337466_4733,place_w36337466,شهید شوشتری,colloquial,osm
alias_w36337478_4734,place_w36337478,فلکه ایران,colloquial,osm
alias_w36344456_4735,place_w36344456,سه راه عیدیانی,colloquial,osm
alias_w36359680_4736,place_w36359680,زیبا,colloquial,osm
alias_w36360778_4737,place_w36360778,میدان مینا,spelling,osm
alias_w36362700_4738,place_w36362700,آرمن,colloquial,osm
alias_w36363472_4739,place_w36363472,شیرمرد,old,osm
alias_w36363472_4740,place_w36363472,سهیلیان,colloquial,osm
alias_w36363483_4741,place_w36363483,مهربار,colloquial,osm
alias_w36381143_4742,place_w36381143,فرانسه,old,osm
alias_w36381145_4743,place_w36381145,استالین,old,osm
alias_w36381910_4744,place_w36381910,ایرانمهر,old,osm
alias_w36381940_4745,place_w36381940,محسن فیاض باش,colloquial,osm
alias_w36383462_4746,place_w36383462,دهم فروردین,colloquial,osm
alias_w36383462_4747,place_w36383462,بلوار دهم فروردین,colloquial,osm
alias_w36383474_4748,place_w36383474,دهم فروردین,colloquial,osm
alias_w36383474_4749,place_w36383474,بلوار دهم فروردین,colloquial,osm
alias_w36383906_4750,place_w36383906,۱۵ متری دوم,colloquial,osm
alias_w36383917_4751,place_w36383917,بزرگراه هجرت,old,osm
alias_w36383917_4752,place_w36383917,بلوار شهیدان ارتش,spelling,osm
alias_w36386870_4753,place_w36386870,شاپور,old,osm
alias_w36386870_4754,place_w36386870,شاهپور,colloquial,osm
alias_w36391122_4756,place_w36391122,خیابان فرصت,old,osm
alias_w36447612_4757,place_w36447612,بلور سازی,old,osm
alias_w36449645_4758,place_w36449645,میدان شهرداری,colloquial,osm
alias_w36466431_4759,place_w36466431,جاده ابریشم,old,osm
alias_w36467507_4760,place_w36467507,مخابرات,old,osm
alias_w36555833_4761,place_w36555833,خیابان امام خمینی,spelling,osm
alias_w36555838_4762,place_w36555838,زریسف,old,osm
alias_w36557424_4764,place_w36557424,بلوار شهید عباسپور,spelling,osm
alias_w36558839_4765,place_w36558839,پروفسور کریمی نژاد,colloquial,osm
alias_w36558840_4766,place_w36558840,آبنوس 24,colloquial,osm
alias_w36560313_4767,place_w36560313,خواجوی کرمانی ۳۰,colloquial,osm
alias_w36561745_4768,place_w36561745,شیخ احمد کافی شمالی 26,colloquial,osm
alias_w36606234_4769,place_w36606234,جنگل,colloquial,osm
alias_w36606256_4770,place_w36606256,وطن,colloquial,osm
alias_w36606260_4771,place_w36606260,بوعلی شمالی,colloquial,osm
alias_w36606263_4772,place_w36606263,هلال احمر,old,osm
alias_w36606271_4773,place_w36606271,یاخچی آباد,old,osm
alias_w36606273_4774,place_w36606273,جهرمی,colloquial,osm
alias_w36606276_4775,place_w36606276,خیابان ستاره,colloquial,osm
alias_w36616648_4776,place_w36616648,رزم آرا,old,osm
alias_w36616648_4777,place_w36616648,فدائیان اسلام,colloquial,osm
alias_w36616654_4778,place_w36616654,شهرزاد,old,osm
alias_w36616654_4779,place_w36616654,بروجردی,colloquial,osm
alias_w36616666_4781,place_w36616666,خیابان خزانه,colloquial,osm
alias_w36616681_4783,place_w36616681,امیر شرقی,colloquial,osm
alias_w36696808_4784,place_w36696808,سلطنت آباد,old,osm
alias_w36696808_4785,place_w36696808,Pasdaran Avenue,colloquial,osm
alias_w36696812_4786,place_w36696812,سلطنت آباد,old,osm
alias_w36696812_4787,place_w36696812,Pasdaran Avenue,colloquial,osm
alias_w36724166_4788,place_w36724166,بلوار دانش,old,osm
alias_w36728664_4789,place_w36728664,خوانساری,colloquial,osm
alias_w36733834_4790,place_w36733834,البرز,old,osm
alias_w36733837_4791,place_w36733837,باستیون شرقی,colloquial,osm
alias_w36741056_4792,place_w36741056,کمالی,colloquial,osm
alias_w36746252_4793,place_w36746252,رئیس عبداللهی,spelling,osm
alias_w36746661_4794,place_w36746661,شهرزاد,old,osm
alias_w36746661_4795,place_w36746661,بروجردی,colloquial,osm
alias_w36746796_4797,place_w36746796,صدوق,old,osm
alias_w36746975_4798,place_w36746975,اردشیر,colloquial,osm
alias_w36773509_4799,place_w36773509,زیبا,old,osm
alias_w36773516_4801,place_w36773516,شترداران,old,osm
alias_w36773931_4802,place_w36773931,غیاثی,old,osm
alias_w36788454_4803,place_w36788454,Nabati,colloquial,osm
alias_w36805382_4804,place_w36805382,شهرزاد,colloquial,osm
alias_w36805510_4805,place_w36805510,رزم آرا,old,osm
alias_w36805510_4806,place_w36805510,فدائیان اسلام,colloquial,osm
alias_w36805511_4807,place_w36805511,رزم آرا,old,osm
alias_w36805511_4808,place_w36805511,فدائیان اسلام,colloquial,osm
alias_w36816027_4809,place_w36816027,صفاییه,colloquial,osm
alias_w36831076_4810,place_w36831076,نسیمی,colloquial,osm
alias_w36831376_4811,place_w36831376,گلبن,colloquial,osm
alias_w36831898_4812,place_w36831898,جاده قلعه گبری,colloquial,osm
alias_w36833751_4813,place_w36833751,بلوار هفده شهریور,colloquial,osm
alias_w36845809_4814,place_w36845809,جمهوری,colloquial,osm
alias_w36866572_4815,place_w36866572,جاده لشکرک,spelling,osm
alias_w36866806_4816,place_w36866806,بلوار امام,colloquial,osm
alias_w36867150_4817,place_w36867150,بلوار جشنواره,colloquial,osm
alias_w36867151_4818,place_w36867151,خیابان ۱۹۶ شرقی,old,osm
alias_w36867152_4819,place_w36867152,بلوار پروین,old,osm
alias_w36867158_4821,place_w36867158,خیابان ۱۹۶ شرقی,old,osm
alias_w36867404_4822,place_w36867404,احسان,old,osm
alias_w36867408_4823,place_w36867408,گلبرگ شرقی,old,osm
alias_w36867409_4825,place_w36867409,میدان قمر بنی هاشم,colloquial,osm
alias_w36867409_4826,place_w36867409,فلکه اول تهرانپارس,colloquial,osm
alias_w36895097_4827,place_w36895097,عدالت,old,osm
alias_w36896086_4828,place_w36896086,باهنر,old,osm
alias_w36896102_4829,place_w36896102,بلوار مجاهد کبیر جنوبی,spelling,osm
alias_w36909776_4830,place_w36909776,قلمستان,old,osm
alias_w36910106_4831,place_w36910106,سی و پنج متری گلستان,old,osm
alias_w36914149_4833,place_w36914149,خیابان میثاق,colloquial,osm
alias_w36914149_4834,place_w36914149,خیابان گل مریم,spelling,osm
alias_w36914367_4835,place_w36914367,مهستان,old,osm
alias_w36914369_4836,place_w36914369,گلستان غربی,old,osm
alias_w36919259_4837,place_w36919259,سی و پنج متری گلستان,old,osm
alias_w36926338_4839,place_w36926338,مجیدیه شمالی,old,osm
alias_w36952903_4842,place_w36952903,شهید سلیمان و محمد آقایی,colloquial,osm
alias_w37011349_4843,place_w37011349,شهید فردی,colloquial,osm
alias_w37034112_4844,place_w37034112,بلوار نیلوفر,colloquial,osm
alias_w37057038_4845,place_w37057038,هفتاد و ششم,colloquial,osm
alias_w37073527_4846,place_w37073527,میدان فاطمیه,colloquial,osm
alias_w37073538_4847,place_w37073538,سوم,colloquial,osm
alias_w37080651_4848,place_w37080651,یکم,colloquial,osm
alias_w37080684_4849,place_w37080684,بلوار شهرداری,old,osm
alias_w37080894_4850,place_w37080894,زمرد,colloquial,osm
alias_w37088429_4851,place_w37088429,آزادی,colloquial,osm
alias_w37092927_4852,place_w37092927,بزرگراه هجرت,old,osm
alias_w37092927_4853,place_w37092927,بلوار شهیدان سرباز,spelling,osm
alias_w37092930_4854,place_w37092930,بلوار ارتش,old,osm
alias_w37092930_4855,place_w37092930,بلوار هجرت,colloquial,osm
alias_w37092930_4856,place_w37092930,بلوار شهید صفوی,spelling,osm
alias_w37094016_4857,place_w37094016,خیابان نفت شمالی,old,osm
alias_w37200829_4858,place_w37200829,خیابان گلستان,colloquial,osm
alias_w37211447_4859,place_w37211447,بلوار شادی,colloquial,osm
alias_w37213631_4860,place_w37213631,بیست‌متری بیمارستان,colloquial,osm
alias_w37228292_4861,place_w37228292,میدان ثریا,old,osm
alias_w37228292_4862,place_w37228292,میدان گرگان,colloquial,osm
alias_w37228292_4863,place_w37228292,میدان موسی نامجو,spelling,osm
alias_w37228407_4864,place_w37228407,حسینی,old,osm
alias_w37244959_4865,place_w37244959,بلوار سهند,colloquial,osm
alias_w37289266_4867,place_w37289266,بازرگان,old,osm
alias_w37437978_4868,place_w37437978,استخر,colloquial,osm
alias_w37674082_4869,place_w37674082,کوهسار,old,osm
alias_w37678021_4870,place_w37678021,گلبرگ,colloquial,osm
alias_w37678023_4871,place_w37678023,مریم,spelling,osm
alias_w37678029_4872,place_w37678029,میدان دهقان ویلای اول,colloquial,osm
alias_w37678031_4873,place_w37678031,خواجه نصیر غربی,colloquial,osm
alias_w37678747_4874,place_w37678747,شهید میر زنده دل,colloquial,osm
alias_w37689539_4875,place_w37689539,شهید ملک آرایی,colloquial,osm
alias_w38681260_4876,place_w38681260,کوشک,old,osm
alias_w38682895_4878,place_w38682895,شاهرضا,old,osm
alias_w38682897_4879,place_w38682897,شاهرضا,old,osm
alias_w39015504_4880,place_w39015504,Hengam Blvd,old,osm
alias_w39017202_4881,place_w39017202,بزرگراه مدائن,old,osm
alias_w40006296_4882,place_w40006296,میدان گچ,colloquial,osm
alias_w40033849_4883,place_w40033849,سه‌راهی تخت‌جمشید,colloquial,osm
alias_w40036681_4884,place_w40036681,میدان انقلاب,colloquial,osm
alias_w40036685_4885,place_w40036685,امام جعفر صادق,colloquial,osm
alias_w40393955_4886,place_w40393955,مشتاق دوم,colloquial,osm
alias_w40579160_4887,place_w40579160,رباط ۱,colloquial,osm
alias_w40638447_4888,place_w40638447,بلوار کشاورز,colloquial,osm
alias_w40641448_4889,place_w40641448,پل مهرشهر,spelling,osm
alias_w40644331_4890,place_w40644331,باغستان,colloquial,osm
alias_w40644331_4891,place_w40644331,بلوار امام خمینی,spelling,osm
alias_w40970106_4892,place_w40970106,صنایع,old,osm
alias_w40973295_4893,place_w40973295,بلوار اوشان,colloquial,osm
alias_w40973349_4894,place_w40973349,استخر,colloquial,osm
alias_w41222103_4895,place_w41222103,اول,colloquial,osm
alias_w41268339_4896,place_w41268339,جاده دولت آباد,colloquial,osm
alias_w41677915_4897,place_w41677915,بزرگراه بهشت زهرا,old,osm
alias_w42463331_4898,place_w42463331,کامبیز,old,osm
alias_w43303773_4899,place_w43303773,گاز شرقی,old,osm
alias_w43696167_4900,place_w43696167,گاز,colloquial,osm
alias_w44446178_4901,place_w44446178,یخسازی,colloquial,osm
alias_w45839091_4902,place_w45839091,پل فلکه پارک,colloquial,osm
alias_w45839092_4903,place_w45839092,پل فلکه پارک,colloquial,osm
alias_w45877819_4904,place_w45877819,توس,colloquial,osm
alias_w45879440_4905,place_w45879440,شهیدحقی,old,osm
alias_w46110791_4906,place_w46110791,ابوذر غربی ۹,colloquial,osm
alias_w46467419_4907,place_w46467419,میدان شهربانی,colloquial,osm
alias_w46604270_4908,place_w46604270,بزرگراه میثاق,old,osm
alias_w46604279_4910,place_w46604279,میثاق ۳۸,colloquial,osm
alias_w46607098_4911,place_w46607098,میدان شیر و خورشید,colloquial,osm
alias_w46607100_4912,place_w46607100,میدان چنار سوخته,old,osm
alias_w46607100_4913,place_w46607100,چنار سوخته,colloquial,osm
alias_w46607101_4914,place_w46607101,سرچشمه,old,osm
alias_w47130217_4915,place_w47130217,انوشیروان دادگر,old,osm
alias_w47130217_4916,place_w47130217,بزرگراه بعثت,colloquial,osm
alias_w47130217_4917,place_w47130217,بزرگراه شهید رئیسی,spelling,osm
alias_w47130223_4918,place_w47130223,میدان ۱۳ آبان,colloquial,osm
alias_w47297959_4919,place_w47297959,شهید ریگی,colloquial,osm
alias_w47824787_4920,place_w47824787,میدان دامپزشکی,colloquial,osm
alias_w48122966_4921,place_w48122966,رازی,colloquial,osm
alias_w48123994_4922,place_w48123994,میدان دوم,colloquial,osm
alias_w48124945_4923,place_w48124945,بلوار امام رضا,old,osm
alias_w48362430_4924,place_w48362430,میدان بازرگانی,old,osm
alias_w48366967_4925,place_w48366967,میدان دفاع مقدس,colloquial,osm
alias_w48369288_4926,place_w48369288,سبزوار - اسفراین,colloquial,osm
alias_w48370540_4928,place_w48370540,شهدای هسته ای,colloquial,osm
alias_w48819095_4929,place_w48819095,گنبد,colloquial,osm
alias_w48830993_4930,place_w48830993,خیابان استخر,colloquial,osm
alias_w48831015_4931,place_w48831015,خیابان استخر,colloquial,osm
alias_w48831016_4932,place_w48831016,خیابان استخر,colloquial,osm
alias_w48996108_4933,place_w48996108,دانشگاه,colloquial,osm
alias_w49360390_4934,place_w49360390,بالا خیابان,old,osm
alias_w49360390_4935,place_w49360390,خیابان شیرازی,colloquial,osm
alias_w49360400_4936,place_w49360400,خیابان خواجه ربیع,old,osm
alias_w51070708_4937,place_w51070708,رباط ۱,colloquial,osm
alias_w51077571_4938,place_w51077571,توس,colloquial,osm
alias_w51077583_4939,place_w51077583,توس,colloquial,osm
alias_w51141130_4940,place_w51141130,سلمان فارسی,old,osm
alias_w51142876_4941,place_w51142876,بولوار صبا,colloquial,osm
alias_w51426098_4942,place_w51426098,سرافرازان ۵۲,colloquial,osm
alias_w51653862_4943,place_w51653862,شهیدان ابوطالبی,colloquial,osm
alias_w51653913_4944,place_w51653913,بلوار قهرمانان,colloquial,osm
alias_w51653921_4945,place_w51653921,بلوار قهرمانان,colloquial,osm
alias_w51943733_4946,place_w51943733,خیابان تهران,old,osm
alias_w51943734_4947,place_w51943734,خیابان تهران,old,osm
alias_w52009465_4948,place_w52009465,سیلو گندم,colloquial,osm
alias_w52009508_4949,place_w52009508,فلکه مرکزی,colloquial,osm
alias_w52009509_4950,place_w52009509,میدان امداد امام خمینی,colloquial,osm
alias_w52009554_4951,place_w52009554,میدان قدس,old,osm
alias_w52009554_4952,place_w52009554,میدان فلسطین,colloquial,osm
alias_w52092148_4953,place_w52092148,گاز,colloquial,osm
alias_w52292332_4954,place_w52292332,جاده آسیایی,colloquial,osm
alias_w52292333_4955,place_w52292333,جاده آسیایی,colloquial,osm
alias_w52292334_4956,place_w52292334,جاده آسیایی,colloquial,osm
alias_w52292335_4957,place_w52292335,جاده آسیایی,colloquial,osm
alias_w52292339_4958,place_w52292339,جاده آسیایی,colloquial,osm
alias_w52292340_4959,place_w52292340,پل عسگریه,old,osm
alias_w52566462_4960,place_w52566462,آزادی ۱۲۵,old,osm
alias_w52704344_4961,place_w52704344,میدان شورا,old,osm
alias_w52704345_4962,place_w52704345,باهنر,old,osm
alias_w52945863_4963,place_w52945863,بولوار شفا,old,osm
alias_w53145349_4964,place_w53145349,بسیج مستضعفین,colloquial,osm
alias_w53171140_4965,place_w53171140,شهید یعقوبی - بلال ۹,colloquial,osm
alias_w53266435_4966,place_w53266435,بازار سبزوار,colloquial,osm
alias_w53380083_4967,place_w53380083,بلوار ساحلی,colloquial,osm
alias_w53396751_4968,place_w53396751,گرگان به تهران,colloquial,osm
alias_w53452953_4969,place_w53452953,اردیبهشت,colloquial,osm
alias_w53452953_4970,place_w53452953,بلوار خاتم الانبیا,spelling,osm
alias_w53452953_4971,place_w53452953,افسریه چهارم,colloquial,osm
alias_w53452960_4972,place_w53452960,۱۵ متری اول,colloquial,osm
alias_w53452968_4973,place_w53452968,افسریه سوم,colloquial,osm
alias_w53472459_4974,place_w53472459,بزرگراه آزادگان,colloquial,osm
alias_w53472475_4975,place_w53472475,بزرگراه خاوران,colloquial,osm
alias_w53472482_4976,place_w53472482,بزرگراه خاوران,colloquial,osm
alias_w53658673_4977,place_w53658673,مفتح 3,colloquial,osm
alias_w54461558_4978,place_w54461558,میدان گل,colloquial,osm
alias_w54611316_4979,place_w54611316,خیابان خواجه ربیع,old,osm
alias_w54618289_4980,place_w54618289,بازار مشهد,colloquial,osm
alias_w54730485_4981,place_w54730485,بلوار آقانجفی قوچانی,colloquial,osm
alias_w54731525_4982,place_w54731525,خیابان سعد آباد,old,osm
alias_w54731525_4983,place_w54731525,Sa'ad Abad Street,colloquial,osm
alias_w54739232_4984,place_w54739232,۳۰متری کشاورزی,colloquial,osm
alias_w54739239_4985,place_w54739239,میدان مریم آّباد,old,osm
alias_w54740153_4986,place_w54740153,بلوار شهید فخار,colloquial,osm
alias_w54879046_4987,place_w54879046,طالقانی ۶,colloquial,osm
alias_w54879048_4988,place_w54879048,بیست متری ابراهیمی,colloquial,osm
alias_w54879050_4989,place_w54879050,طالقانی ۵,colloquial,osm
alias_w55109852_4990,place_w55109852,کمربندی,old,osm
alias_w55233042_4991,place_w55233042,میدان سی هزارمتری,colloquial,osm
alias_w55237515_4992,place_w55237515,محراب,colloquial,osm
alias_w55447896_4993,place_w55447896,٢٢ بهمن,old,osm
alias_w55447896_4994,place_w55447896,بلوار مهر,colloquial,osm
alias_w55488373_4995,place_w55488373,مشهد - طرقبه,colloquial,osm
alias_w55502338_4996,place_w55502338,رزم آرا,old,osm
alias_w55502338_4997,place_w55502338,فدائیان اسلام,colloquial,osm
alias_w55502340_4998,place_w55502340,شهرزاد,colloquial,osm
alias_w55502344_4999,place_w55502344,رزم آرا,old,osm
alias_w55502344_5000,place_w55502344,فدائیان اسلام,colloquial,osm
alias_w55527255_5001,place_w55527255,امیرآباد,colloquial,osm
alias_w56010335_5002,place_w56010335,باغ زندان,colloquial,osm
alias_w56010346_5003,place_w56010346,بلوار شهدا,colloquial,osm
alias_w56058578_5004,place_w56058578,بلوار دانشگاه,colloquial,osm
alias_w56068606_5005,place_w56068606,بلوار ۵۲ متری امام شهر,colloquial,osm
alias_w56072730_5006,place_w56072730,بلوار دریادل,colloquial,osm
alias_w56080240_5007,place_w56080240,خیابان بی‌سیم,colloquial,osm
alias_w56139867_5008,place_w56139867,بلوار آزادگان,spelling,osm
alias_w56139868_5009,place_w56139868,میدان پاسداران,spelling,osm
alias_w56139899_5010,place_w56139899,میدان جهاد,spelling,osm
alias_w56139914_5011,place_w56139914,میدان گلها,colloquial,osm
alias_w56139914_5012,place_w56139914,میدان ژئو پارک,spelling,osm
alias_w56155724_5013,place_w56155724,۲۴ متری,colloquial,osm
alias_w56155757_5014,place_w56155757,میدان کسایی,colloquial,osm
alias_w56155781_5015,place_w56155781,میدان کمپلو,colloquial,osm
alias_w56238549_5016,place_w56238549,خیابان شهید مصطفی کتوئی‌زاده,colloquial,osm
alias_w56322484_5017,place_w56322484,پل عسگریه,old,osm
alias_w56907805_5018,place_w56907805,بلوار صبا,old,osm
alias_w57018909_5019,place_w57018909,خیابان نیاوران,old,osm
alias_w57365109_5021,place_w57365109,بلوار زیبادشت,colloquial,osm
alias_w57365117_5022,place_w57365117,بلوار صدرا,old,osm
alias_w57388598_5023,place_w57388598,آصف,old,osm
alias_w57388629_5025,place_w57388629,کیهان,colloquial,osm
alias_w57388636_5026,place_w57388636,ساسان,old,osm
alias_w57388640_5027,place_w57388640,درکه,colloquial,osm
alias_w57388672_5028,place_w57388672,مهر,old,osm
alias_w57791891_5029,place_w57791891,بخارست,old,osm
alias_w57826809_5030,place_w57826809,بهاران,old,osm
alias_w57832192_5032,place_w57832192,ششم بهمن,old,osm
alias_w58212226_5033,place_w58212226,جاده آسیایی,colloquial,osm
alias_w58319374_5034,place_w58319374,بابا نظر ۴۲,colloquial,osm
alias_w58377373_5035,place_w58377373,بزرگراه رسالت,old,osm
alias_w58377379_5036,place_w58377379,West Farjam,old,osm
alias_w58532876_5037,place_w58532876,دانشور,old,osm
alias_w58532887_5038,place_w58532887,بزرگراه شاهنشاهی,old,osm
alias_w58610126_5039,place_w58610126,خیابان تهران نو,old,osm
alias_w58610126_5040,place_w58610126,خیابان دماوند,spelling,osm
alias_w58610133_5041,place_w58610133,چمن آرا,old,osm
alias_w58610134_5042,place_w58610134,جاده تلو,old,osm
alias_w58853176_5043,place_w58853176,جاوید,colloquial,osm
alias_w58853209_5044,place_w58853209,میدان هنرستان,colloquial,osm
alias_w59279578_5046,place_w59279578,فلکه شهرک,colloquial,osm
alias_w59411833_5047,place_w59411833,مختاری,colloquial,osm
alias_w59411833_5048,place_w59411833,فروردین,spelling,osm
alias_w59411841_5049,place_w59411841,بزرگراه مدائن,old,osm
alias_w59411843_5050,place_w59411843,بابائیان,colloquial,osm
alias_w59411877_5051,place_w59411877,بلوار لاله,colloquial,osm
alias_w60272150_5052,place_w60272150,پل شهید پورشیانی,colloquial,osm
alias_w60729313_5053,place_w60729313,خیابان خسرو جنوبی,old,osm
alias_w60788419_5054,place_w60788419,حافظیه,colloquial,osm
alias_w60788421_5055,place_w60788421,بلوار فردیس,old,osm
alias_w60788421_5056,place_w60788421,سی متری فردیس,colloquial,osm
alias_w60788431_5057,place_w60788431,فلکه دوم,colloquial,osm
alias_w60788441_5058,place_w60788441,فلکه اول,colloquial,osm
alias_w60846764_5059,place_w60846764,۳۵ متری ولیعصر,colloquial,osm
alias_w60846764_5060,place_w60846764,دهم فروردین,colloquial,osm
alias_w60960851_5061,place_w60960851,بلوار کوثر,colloquial,osm
alias_w60960851_5062,place_w60960851,بلوار محلات,spelling,osm
alias_w60969828_5063,place_w60969828,بلوار صالحی,colloquial,osm
alias_w60969828_5064,place_w60969828,بلوار حسینی مزینانی,spelling,osm
alias_w60969928_5065,place_w60969928,نخلی,colloquial,osm
alias_w61434932_5066,place_w61434932,فلکه یادبود,colloquial,osm
alias_w61834743_5067,place_w61834743,شهید رئیسی,colloquial,osm
alias_w61834859_5068,place_w61834859,میدان آمار,colloquial,osm
alias_w61837171_5069,place_w61837171,فرهنگیان,colloquial,osm
alias_w61837178_5070,place_w61837178,مولوی,old,osm
alias_w61837358_5071,place_w61837358,مولوی,old,osm
alias_w62191649_5072,place_w62191649,بلوار شهدای گمنام,spelling,osm
alias_w62235071_5073,place_w62235071,سلیمانی 59,colloquial,osm
alias_w62327556_5074,place_w62327556,بزرگراه نیایش,colloquial,osm
alias_w63564752_5075,place_w63564752,بلوار نماز,colloquial,osm
alias_w64746164_5076,place_w64746164,امام علی غرب,colloquial,osm
alias_w64746170_5077,place_w64746170,بلوار منابع طبیعی,old,osm
alias_w64746170_5078,place_w64746170,کمربندی جنوبی,colloquial,osm
alias_w65211269_5079,place_w65211269,میدان ژاندارمری,colloquial,osm
alias_w66436244_5080,place_w66436244,۱۵ خرداد,colloquial,osm
alias_w66652113_5081,place_w66652113,فروهر,colloquial,osm
alias_w66689735_5082,place_w66689735,جاده بهبهان -رامهرمز,colloquial,osm
alias_w66689837_5083,place_w66689837,یکم,colloquial,osm
alias_w66689877_5084,place_w66689877,بلوار فردوس غرب,colloquial,osm
alias_w66689882_5085,place_w66689882,فلکه دوم شهران,colloquial,osm
alias_w66689921_5086,place_w66689921,بزرگراه آیت الله کاشانی,old,osm
alias_w66689921_5087,place_w66689921,بلوار آتاتورک,colloquial,osm
alias_w66689949_5088,place_w66689949,بزرگراه آیت الله کاشانی,old,osm
alias_w66689949_5089,place_w66689949,بلوار آتاتورک,colloquial,osm
alias_w66689957_5090,place_w66689957,بزرگراه شمال عباس آباد,old,osm
alias_w66689968_5091,place_w66689968,بزرگراه شمال عباس آباد,old,osm
alias_w66690019_5092,place_w66690019,یکم,colloquial,osm
alias_w66696093_5093,place_w66696093,خرمشهر,old,osm
alias_w66731468_5094,place_w66731468,بلوار آیت الله مدرس,spelling,osm
alias_w67502805_5095,place_w67502805,۲۸ متری,colloquial,osm
alias_w67549492_5096,place_w67549492,تاکسی رانی,colloquial,osm
alias_w67552731_5097,place_w67552731,صورتگر,old,osm
alias_w67552731_5098,place_w67552731,خیابان صورتگر,colloquial,osm
alias_w67552892_5099,place_w67552892,پوستچی,old,osm
alias_w67600012_5100,place_w67600012,پروانه,colloquial,osm
alias_w67601654_5101,place_w67601654,بلوار فرح,old,osm
alias_w67625617_5102,place_w67625617,فلکه سنگی,colloquial,osm
alias_w67628684_5103,place_w67628684,قانی کهنه,old,osm
alias_w67628684_5104,place_w67628684,قاآنی نو,colloquial,osm
alias_w67630370_5105,place_w67630370,خیابان قصردشت کوچه ۴۵,colloquial,osm
alias_w67917568_5106,place_w67917568,بهار شمالی,old,osm
alias_w67917594_5107,place_w67917594,بلوار فردوس غرب,colloquial,osm
alias_w67917600_5108,place_w67917600,بزرگراه آیت الله کاشانی,old,osm
alias_w67917600_5109,place_w67917600,بلوار آتاتورک,colloquial,osm
alias_w67917608_5110,place_w67917608,اوین,colloquial,osm
alias_w67917613_5111,place_w67917613,بلوار تعاون,colloquial,osm
alias_w67917629_5112,place_w67917629,بزرگراه آیت الله کاشانی,old,osm
alias_w67917629_5113,place_w67917629,بلوار آتاتورک,colloquial,osm
alias_w68560968_5114,place_w68560968,بلوار فرح,old,osm
alias_w68560970_5115,place_w68560970,بلوار ایثار شمالی,old,osm
alias_w68561105_5116,place_w68561105,فلکه اول گلستان,old,osm
alias_w68561196_5117,place_w68561196,بلوار ایثار شمالی,old,osm
alias_w68561321_5118,place_w68561321,14 متری,colloquial,osm
alias_w68561374_5119,place_w68561374,قانی کهنه,old,osm
alias_w68567151_5120,place_w68567151,فلکه فرودگاه,old,osm
alias_w68570293_5121,place_w68570293,سرو,colloquial,osm
alias_w68601600_5122,place_w68601600,بلوار استادیان,colloquial,osm
alias_w68601737_5123,place_w68601737,بلوار استادیان,colloquial,osm
alias_w68791241_5124,place_w68791241,شهید داریوش ندیمی,colloquial,osm
alias_w68791250_5125,place_w68791250,خلبان شهید خسرو اخباری,colloquial,osm
alias_w68791251_5126,place_w68791251,شهید محمد میر,colloquial,osm
alias_w69357760_5127,place_w69357760,فرح,old,osm
alias_w69423663_5128,place_w69423663,بلوار گلبهار,old,osm
alias_w69423663_5129,place_w69423663,بلوار شهید صفرزاده,colloquial,osm
alias_w69423673_5130,place_w69423673,محراب,spelling,osm
alias_w69423701_5131,place_w69423701,محراب,spelling,osm
alias_w69551813_5132,place_w69551813,حاجی پیرلو,colloquial,osm
alias_w69709818_5133,place_w69709818,خیابان امیر قلی,colloquial,osm
alias_w70082033_5134,place_w70082033,شهنما,colloquial,osm
alias_w70082035_5135,place_w70082035,شهربانی,old,osm
alias_w70843971_5136,place_w70843971,شهید حججی,colloquial,osm
alias_w71226351_5137,place_w71226351,مکی,colloquial,osm
alias_w71499510_5138,place_w71499510,نورد,colloquial,osm
alias_w71500840_5139,place_w71500840,میدان فتح,colloquial,osm
alias_w71500846_5140,place_w71500846,میدان زاهدی,colloquial,osm
alias_w71880769_5141,place_w71880769,فیشرآباد,old,osm
alias_w72041602_5142,place_w72041602,بزرگراه ۱۰۰,old,osm
alias_w72041621_5143,place_w72041621,پل شهید افشین آذر,colloquial,osm
alias_w72129654_5144,place_w72129654,شصت‌متری,colloquial,osm
alias_w72129664_5145,place_w72129664,روزگار,colloquial,osm
alias_w72129779_5146,place_w72129779,خیابان ژیان,colloquial,osm
alias_w72129784_5147,place_w72129784,بیست‌متری موسوی,colloquial,osm
alias_w72129804_5148,place_w72129804,فلکه شهرداری,colloquial,osm
alias_w72489928_5149,place_w72489928,بلوار جهادگران,colloquial,osm
alias_w72509348_5150,place_w72509348,جاده مخصوص کرج,old,osm
alias_w72509350_5151,place_w72509350,جاده مخصوص کرج,old,osm
alias_w72509352_5152,place_w72509352,بلوار غربی ورزشگاه آزادی,colloquial,osm
alias_w72509352_5153,place_w72509352,بلوار چوگان,spelling,osm
alias_w72509353_5154,place_w72509353,بلوار غربی ورزشگاه آزادی,colloquial,osm
alias_w72509353_5155,place_w72509353,بلوار چوگان,spelling,osm
alias_w72509808_5156,place_w72509808,استادیوم آزادی,colloquial,osm
alias_w72518303_5157,place_w72518303,توکلی,colloquial,osm
alias_w72526717_5158,place_w72526717,اسوه,colloquial,osm
alias_w72526762_5159,place_w72526762,سنبل,old,osm
alias_w72867611_5160,place_w72867611,کمالی,colloquial,osm
alias_w74700653_5161,place_w74700653,فرحبخش غربی,colloquial,osm
alias_w74700659_5162,place_w74700659,کفکدک,colloquial,osm
alias_w74700661_5163,place_w74700661,علیوف,colloquial,osm
alias_w74700674_5164,place_w74700674,کمال,colloquial,osm
alias_w74700683_5165,place_w74700683,بنیاد شهید,colloquial,osm
alias_w74700685_5166,place_w74700685,سی‌متری,colloquial,osm
alias_w74700690_5167,place_w74700690,جاده کاشمر,colloquial,osm
alias_w74700695_5168,place_w74700695,علیوف,colloquial,osm
alias_w74740678_5169,place_w74740678,ارگ شمالی,colloquial,osm
alias_w75312375_5170,place_w75312375,فلکه سعد آباد,colloquial,osm
alias_w75312378_5171,place_w75312378,میدان پنجراه,colloquial,osm
alias_w75312394_5172,place_w75312394,بلوار بعثت جنوبی,old,osm
alias_w75312419_5173,place_w75312419,میدان الغدیر,colloquial,osm
alias_w75312421_5174,place_w75312421,رجایی ۱۳ - مطهری ۲۰,colloquial,osm
alias_w75312423_5175,place_w75312423,خیابان فرهنگ,old,osm
alias_w75312428_5176,place_w75312428,فلکه ترمینال,colloquial,osm
alias_w75312448_5177,place_w75312448,بلوار بعثت شمالی,old,osm
alias_w76176483_5178,place_w76176483,مرکز بهداشت,colloquial,osm
alias_w76235570_5179,place_w76235570,بلوار مادر,colloquial,osm
alias_w76235574_5180,place_w76235574,بلوار مادر,colloquial,osm
alias_w76858316_5181,place_w76858316,شهید محمود اخلاقی شمالی,colloquial,osm
alias_w76964876_5182,place_w76964876,پل جدید,colloquial,osm
alias_w76966290_5183,place_w76966290,جاده قدیم تهران - قم,colloquial,osm
alias_w77689334_5184,place_w77689334,بزرگراه امام رضا (ع),old,osm
alias_w77689339_5185,place_w77689339,پل روگذر سرلشکر شهید ضیاءالدین ذاکر,old,osm
alias_w77689339_5186,place_w77689339,پل شهید رئیسی,colloquial,osm
alias_w78003135_5187,place_w78003135,اسدی,colloquial,osm
alias_w79277711_5188,place_w79277711,گلخانه بهروز,colloquial,osm
alias_w80668160_5189,place_w80668160,سعدی,colloquial,osm
alias_w80668165_5190,place_w80668165,میدان عمار,colloquial,osm
alias_w80736033_5191,place_w80736033,گیتی فیروز,colloquial,osm
alias_w80866499_5192,place_w80866499,منصور کورپیسی,colloquial,osm
alias_w80866511_5193,place_w80866511,میدان شهید فهمیده,colloquial,osm
alias_w80987012_5194,place_w80987012,ارغوان شرقی,old,osm
alias_w80987041_5196,place_w80987041,بلوار گلها,colloquial,osm
alias_w81109487_5197,place_w81109487,شهید محبی,colloquial,osm
alias_w81361992_5198,place_w81361992,فلکه را آهن,old,osm
alias_w81361992_5199,place_w81361992,فلکه ترمینال,colloquial,osm
alias_w83365478_5200,place_w83365478,محبوبی (پارکینگ ۳),spelling,osm
alias_w83365481_5201,place_w83365481,بلوار شریفی,colloquial,osm
alias_w83905340_5202,place_w83905340,بلوار نماز,spelling,osm
alias_w83905357_5203,place_w83905357,میدان انتظام,colloquial,osm
alias_w83905376_5204,place_w83905376,میدان امام هادی,spelling,osm
alias_w83905389_5205,place_w83905389,بلوار توحید غربی,colloquial,osm
alias_w83905401_5206,place_w83905401,فلکه کیسم,colloquial,osm
alias_w83905442_5207,place_w83905442,بلوار شهید انصاری,colloquial,osm
alias_w83905444_5208,place_w83905444,بلوار کارگر,old,osm
alias_w83905477_5209,place_w83905477,میدان معراج,colloquial,osm
alias_w83905477_5210,place_w83905477,میدان شهید عبدحق,spelling,osm
alias_w84359069_5211,place_w84359069,۶۷ وکیل آباد,colloquial,osm
alias_w84590596_5212,place_w84590596,میدان تختی,colloquial,osm
alias_w84590608_5213,place_w84590608,امیریه شمالی,old,osm
alias_w84604328_5214,place_w84604328,سی متری پاسداران,colloquial,osm
alias_w84631685_5215,place_w84631685,کمربندی شهید کلانتری,colloquial,osm
alias_w84923159_5216,place_w84923159,فلکه تقی آباد,old,osm
alias_w85479566_5217,place_w85479566,بلوار کوهستان,colloquial,osm
alias_w85479574_5218,place_w85479574,خیابان ویلا,old,osm
alias_w85479574_5219,place_w85479574,استاد نجات الهی,colloquial,osm
alias_w85982561_5220,place_w85982561,میدان امام حسین,colloquial,osm
alias_w86206486_5221,place_w86206486,بهار جنوبی,old,osm
alias_w87174451_5222,place_w87174451,بولوار ملک الشعرا بهار,colloquial,osm
alias_w87808059_5223,place_w87808059,خیابان عطایی,colloquial,osm
alias_w87862354_5224,place_w87862354,خیابان دانش,old,osm
alias_w87862354_5226,place_w87862354,خیابان شهید پیرزاده,colloquial,osm
alias_w87973420_5227,place_w87973420,بولوار شهدا,old,osm
alias_w87973420_5228,place_w87973420,بولوار شهید قاسم سلیمانی,colloquial,osm
alias_w88451675_5229,place_w88451675,بزرگراه امام رضا (ع),old,osm
alias_w88451684_5230,place_w88451684,بزرگراه امام رضا (ع),old,osm
alias_w88451691_5231,place_w88451691,بزرگراه امام رضا (ع),old,osm
alias_w88454127_5232,place_w88454127,بزرگراه امام رضا (ع),old,osm
alias_w88454135_5233,place_w88454135,پل شهید رضازاده,colloquial,osm
alias_w88538591_5234,place_w88538591,میدان یادگاران,old,osm
alias_w88833732_5235,place_w88833732,وکیل آباد ۶۳,colloquial,osm
alias_w88833798_5236,place_w88833798,بولوار معلم,old,osm
alias_w89164412_5237,place_w89164412,سجاد ۷,colloquial,osm
alias_w90104598_5238,place_w90104598,میدان شهداء,old,osm
alias_w90104598_5239,place_w90104598,میدان شهید قاسم سلیمانی,colloquial,osm
alias_w90701505_5240,place_w90701505,خیابان خاکی,old,osm
alias_w90706305_5241,place_w90706305,جاده آسیایی,colloquial,osm
alias_w91514387_5242,place_w91514387,پل روگذر سرلشکر شهید ضیاءالدین ذاکر,old,osm
alias_w91514387_5243,place_w91514387,پل شهید رئیسی,colloquial,osm
alias_w91514390_5244,place_w91514390,بزرگراه امام رضا (ع),old,osm
alias_w92482138_5245,place_w92482138,خیابان شهید بهشتی,colloquial,osm
alias_w93213572_5246,place_w93213572,آزادگان,colloquial,osm
alias_w93213586_5247,place_w93213586,دوم,colloquial,osm
alias_w93213595_5248,place_w93213595,بلوار کوهک,colloquial,osm
alias_w93213680_5249,place_w93213680,میدان فرودگاه,colloquial,osm
alias_w93337044_5250,place_w93337044,خیابان شهید فخرایی,colloquial,osm
alias_w93337049_5251,place_w93337049,خیابان شهید فخرایی,colloquial,osm
alias_w93715811_5252,place_w93715811,بولوار سازمان آب,colloquial,osm
alias_w93715858_5253,place_w93715858,وحدت,old,osm
alias_w93916431_5254,place_w93916431,بلوار مطهری,colloquial,osm
alias_w94395731_5255,place_w94395731,میدان شهرداری,colloquial,osm
alias_w94418832_5256,place_w94418832,سی متری اول,colloquial,osm
alias_w94418838_5257,place_w94418838,سی متری دوم,colloquial,osm
alias_w94428638_5258,place_w94428638,سروش جنگل,colloquial,osm
alias_w94428638_5259,place_w94428638,سی متری دوم,colloquial,osm
alias_w94428646_5260,place_w94428646,سی متری اول,colloquial,osm
alias_w95070974_5261,place_w95070974,میدان نخل,colloquial,osm
alias_w95071149_5262,place_w95071149,فرمانداری,colloquial,osm
alias_w95071440_5263,place_w95071440,فرمانداری,colloquial,osm
alias_w95411225_5264,place_w95411225,بلوار شهید سلیمانی,colloquial,osm
alias_w95930664_5265,place_w95930664,چهارباغ علویان,colloquial,osm
alias_w96360985_5266,place_w96360985,بلوار ملت,colloquial,osm
alias_w97020916_5267,place_w97020916,رسالت ۵,colloquial,osm
alias_w97021010_5268,place_w97021010,عدالت شمالی,colloquial,osm
alias_w97021188_5269,place_w97021188,میدان هنرستان,colloquial,osm
alias_w97021235_5270,place_w97021235,توحید شرقی,colloquial,osm
alias_w97021312_5271,place_w97021312,بلوار انقلاب اسلامی,colloquial,osm
alias_w97021586_5272,place_w97021586,میدان بلال,colloquial,osm
alias_w97021745_5273,place_w97021745,سلمان فارسی ۴,colloquial,osm
alias_w97075230_5274,place_w97075230,بلوار الوند,colloquial,osm
alias_w97075236_5275,place_w97075236,بلوار الوند,colloquial,osm
alias_w97702173_5276,place_w97702173,میدان چاپار خانه,colloquial,osm
alias_w97825333_5277,place_w97825333,بلوار ملت,colloquial,osm
alias_w97825334_5278,place_w97825334,بلوار بدیع الزمان همدانی,old,osm
alias_w97825716_5279,place_w97825716,بلوار شهید حاجی بابایی,colloquial,osm
alias_w97827430_5280,place_w97827430,بلوار بدیع الزمان همدانی,old,osm
alias_w97903005_5281,place_w97903005,بلوار شاهد,colloquial,osm
alias_w97903006_5282,place_w97903006,میدان شاهد,colloquial,osm
alias_w97903012_5283,place_w97903012,بلوار شاهد,colloquial,osm
alias_w97903013_5284,place_w97903013,چرم سازی,spelling,osm
alias_w97904384_5285,place_w97904384,تقاطع غیرهمسطح شهید یزداندوست همدانی,colloquial,osm
alias_w97941226_5286,place_w97941226,ایستگاه عباس آباد,colloquial,osm
alias_w98030319_5287,place_w98030319,پل سوم,colloquial,osm
alias_w98057290_5288,place_w98057290,چهارباغ شهیدان بهادربیگی,colloquial,osm
alias_w98057293_5289,place_w98057293,شهید چگنی,colloquial,osm
alias_w98058525_5290,place_w98058525,چهارباغ پاسداران,colloquial,osm
alias_w98059794_5291,place_w98059794,بلوار بدیع الزمان همدانی,old,osm
alias_w98061844_5292,place_w98061844,پل رسالت,colloquial,osm
alias_w98107696_5293,place_w98107696,میدان مالیات,colloquial,osm
alias_w98107696_5294,place_w98107696,میدان بیمه,colloquial,osm
alias_w98182431_5295,place_w98182431,میدان شرکت نفت,colloquial,osm
alias_w98183218_5296,place_w98183218,شهید غلام آقایی زوری,colloquial,osm
alias_w98185090_5297,place_w98185090,رسالت,colloquial,osm
alias_w98202083_5298,place_w98202083,جاده دره مرادبیگ,colloquial,osm
alias_w98202100_5299,place_w98202100,جاده دره مراد بیک,colloquial,osm
alias_w98223365_5300,place_w98223365,بلوار شهید همدانی,colloquial,osm
alias_w98228581_5301,place_w98228581,چرم سازی,colloquial,osm
alias_w98356865_5302,place_w98356865,سی متری گراش,colloquial,osm
alias_w98356889_5303,place_w98356889,میدان سپاه,colloquial,osm
alias_w98439404_5304,place_w98439404,خیابان خسروی,old,osm
alias_w98440267_5305,place_w98440267,بلوار شهید همدانی,colloquial,osm
alias_w98440758_5306,place_w98440758,بلوار شهید همدانی,colloquial,osm
alias_w98622331_5307,place_w98622331,بلوار جولان,colloquial,osm
alias_w98871110_5308,place_w98871110,چهارباغ شهیدان بهادربیگی,colloquial,osm
alias_w99250483_5309,place_w99250483,شهدای شهرداری,colloquial,osm
alias_w99251197_5310,place_w99251197,شهید ترابی,colloquial,osm
alias_w99251214_5311,place_w99251214,میدان امام حسین,colloquial,osm
alias_w99252233_5312,place_w99252233,شهید ترابی 9,colloquial,osm
alias_w99271542_5313,place_w99271542,رضایی,colloquial,osm
alias_w99271594_5314,place_w99271594,شاه مهدی (شا میتی),old,osm
alias_w99886938_5315,place_w99886938,بزرگراه شمال عباس آباد,old,osm
alias_w99886944_5316,place_w99886944,بزرگراه شمال عباس آباد,old,osm
alias_w99886946_5317,place_w99886946,بلوار صدرا,old,osm
alias_w99886952_5318,place_w99886952,بلوار صدرا,old,osm
alias_w99887037_5319,place_w99887037,بلوار اقاقیا,colloquial,osm
alias_w99887088_5320,place_w99887088,بلوار کوهک,old,osm
alias_w99887225_5321,place_w99887225,بلوار کوهک,colloquial,osm
alias_w99887264_5322,place_w99887264,چشمه غربی,old,osm
alias_w99999937_5323,place_w99999937,ادهم همدانی,colloquial,osm
alias_w100002147_5324,place_w100002147,۱۸ متری شکریه,colloquial,osm
alias_w100184624_5325,place_w100184624,استادیوم آزادی,old,osm
alias_w100199119_5326,place_w100199119,ایرانپارس,old,osm
alias_w100291316_5327,place_w100291316,بلوار جهان پهلوان ابراهیم جوادی - خط ۴ حصار,colloquial,osm
alias_w100545163_5328,place_w100545163,انصارالحسین,colloquial,osm
alias_w100687421_5329,place_w100687421,موسی بن جعفر 22,colloquial,osm
alias_w100687453_5330,place_w100687453,فلکه ترمینال,colloquial,osm
alias_w100687463_5331,place_w100687463,فلکه شاد,colloquial,osm
alias_w100687592_5332,place_w100687592,خیابان کشتارگاه,colloquial,osm
alias_w100687607_5333,place_w100687607,فلکه مرکزی,colloquial,osm
alias_w100687631_5334,place_w100687631,فلکه شهرداری - میدان شهدا,colloquial,osm
alias_w100768946_5335,place_w100768946,انوشیروان دادگر,old,osm
alias_w100768946_5336,place_w100768946,بزرگراه بعثت,colloquial,osm
alias_w100768946_5337,place_w100768946,افسریه,colloquial,osm
alias_w100768952_5339,place_w100768952,انوشیروان دادگر,old,osm
alias_w100768952_5340,place_w100768952,بزرگراه بعثت,colloquial,osm
alias_w100768962_5342,place_w100768962,آهنگ,colloquial,osm
alias_w100890365_5343,place_w100890365,بلوار انقلاب اسلامی,colloquial,osm
alias_w100890454_5344,place_w100890454,گلعزار,colloquial,osm
alias_w100890461_5345,place_w100890461,بلوار آزادی,old,osm
alias_w101005180_5346,place_w101005180,گلبرگ 8,colloquial,osm
alias_w101185315_5347,place_w101185315,ولیعصر,colloquial,osm
alias_w101185320_5348,place_w101185320,خیابان اسلامشهر,colloquial,osm
alias_w101962926_5349,place_w101962926,میدان اربعین,colloquial,osm
alias_w102413316_5350,place_w102413316,رده,colloquial,osm
alias_w102828822_5351,place_w102828822,جوانه,colloquial,osm
alias_w102881484_5352,place_w102881484,زرهی,old,osm
alias_w102881495_5353,place_w102881495,بلوار ایثار,old,osm
alias_w103050299_5354,place_w103050299,جاده تلو,old,osm
alias_w103183473_5355,place_w103183473,فلکه شهرقائم,colloquial,osm
alias_w103183501_5356,place_w103183501,امام علی شرق,colloquial,osm
alias_w103548740_5357,place_w103548740,سجاد,colloquial,osm
alias_w103558050_5358,place_w103558050,خیابان آتشنشانی,colloquial,osm
alias_w103558067_5359,place_w103558067,خیابان بی‌سیم,colloquial,osm
alias_w104515559_5360,place_w104515559,کوی شیرین,colloquial,osm
alias_w105234511_5361,place_w105234511,فلکه کوتیان,colloquial,osm
alias_w105234879_5362,place_w105234879,روستا,colloquial,osm
alias_w105236901_5363,place_w105236901,ششم بهمن,colloquial,osm
alias_w105250451_5364,place_w105250451,شهید مجتبی کرمی,colloquial,osm
alias_w105401585_5365,place_w105401585,فلکه موشک,colloquial,osm
alias_w105401667_5366,place_w105401667,میدان خیبر,old,osm
alias_w105408229_5367,place_w105408229,کوچه سعدی 33,colloquial,osm
alias_w105411246_5368,place_w105411246,خیابان ۷,colloquial,osm
alias_w105411769_5369,place_w105411769,بلوار 45 متری مقاومت,spelling,osm
alias_w105811819_5370,place_w105811819,میدان وحدت,colloquial,osm
alias_w105920080_5371,place_w105920080,خیابان جهاد,colloquial,osm
alias_w106258679_5372,place_w106258679,کمربندی,colloquial,osm
alias_w108815405_5373,place_w108815405,جمهوری اسلامی ۳۶,colloquial,osm
alias_w108815459_5374,place_w108815459,میدان انقلاب,colloquial,osm
alias_w108815828_5375,place_w108815828,میدان استقلال,colloquial,osm
alias_w108815925_5376,place_w108815925,خیام,colloquial,osm
alias_w112477890_5377,place_w112477890,میدان الغدیر,spelling,osm
alias_w112885267_5378,place_w112885267,جامی,colloquial,osm
alias_w112885489_5379,place_w112885489,فروردین ۱۵,colloquial,osm
alias_w112885509_5380,place_w112885509,پویا,colloquial,osm
alias_w112987557_5381,place_w112987557,میدان فرودگاه,colloquial,osm
alias_w112987574_5382,place_w112987574,عشایر,colloquial,osm
alias_w112987629_5383,place_w112987629,شعبانیه شرقی,colloquial,osm
alias_w112987728_5384,place_w112987728,میدان تمنای باران,colloquial,osm
alias_w112987783_5385,place_w112987783,میدان سوم مدرس,colloquial,osm
alias_w112987804_5386,place_w112987804,میدان سفیر امید,colloquial,osm
alias_w112987813_5387,place_w112987813,بلوار فرودگاه,colloquial,osm
alias_w112987863_5388,place_w112987863,Mahallati,spelling,osm
alias_w112987878_5389,place_w112987878,میدان آیت الله مدرس,colloquial,osm
alias_w112987972_5390,place_w112987972,میدان آدینه,colloquial,osm
alias_w114056135_5391,place_w114056135,جوانه,colloquial,osm
alias_w114057478_5392,place_w114057478,جوانه,colloquial,osm
alias_w114096099_5393,place_w114096099,بلوار پاسداران,colloquial,osm
alias_w114207681_5394,place_w114207681,فلکه خانی آباد,colloquial,osm
alias_w114208087_5395,place_w114208087,جوانمرد قصاب,colloquial,osm
alias_w114414120_5396,place_w114414120,مطهری۹ - انقلاب۱۴,colloquial,osm
alias_w114414227_5397,place_w114414227,ابن یمین سه_حافظ دو,colloquial,osm
alias_w114414269_5398,place_w114414269,خیابان فردوسی,colloquial,osm
alias_w114414276_5399,place_w114414276,خیابان شهید اکبری شمالی,colloquial,osm
alias_w114414332_5400,place_w114414332,امام ۲,colloquial,osm
alias_w114414466_5401,place_w114414466,کوچه سنگی,old,osm
alias_w114414466_5402,place_w114414466,خمینی۱,colloquial,osm
alias_w114414489_5403,place_w114414489,Baladah BLVD,old,osm
alias_w114414489_5404,place_w114414489,بلوار بلده,colloquial,osm
alias_w114414712_5405,place_w114414712,امام۹,colloquial,osm
alias_w114414727_5406,place_w114414727,معلم ۱۶,colloquial,osm
alias_w114414863_5407,place_w114414863,خواجه عبدالله انصاری,colloquial,osm
alias_w114415039_5408,place_w114415039,خیابان جمهوری اسلامی,colloquial,osm
alias_w114415598_5409,place_w114415598,رجایی ۱۷ - مطهری ۲۴,colloquial,osm
alias_w115025278_5410,place_w115025278,میدان شهرداری,colloquial,osm
alias_w115025472_5411,place_w115025472,فلکه ساعت,colloquial,osm
alias_w116588403_5412,place_w116588403,خیابان محمودآباد,colloquial,osm
alias_w117102326_5413,place_w117102326,سرچشمه ۲۵,colloquial,osm
alias_w117102379_5414,place_w117102379,استاد سید مهدی چیتی,old,osm
alias_w117102379_5415,place_w117102379,گلسرخ 28,colloquial,osm
alias_w117102382_5416,place_w117102382,بزرگراه کنارگذر یزد,colloquial,osm
alias_w117102461_5417,place_w117102461,راه آهن,colloquial,osm
alias_w117102536_5418,place_w117102536,مهدی ۳۳,colloquial,osm
alias_w117102541_5419,place_w117102541,دهه فجر 51,colloquial,osm
alias_w117102674_5420,place_w117102674,حضرت بتول,colloquial,osm
alias_w117102813_5421,place_w117102813,بزرگراه کنارگذر یزد,colloquial,osm
alias_w117103038_5422,place_w117103038,بزرگراه کنارگذر یزد,colloquial,osm
alias_w117103197_5423,place_w117103197,حسینی,colloquial,osm
alias_w117103438_5424,place_w117103438,آیت الله کاشانی,colloquial,osm
alias_w117103517_5425,place_w117103517,امام خمینی 61,colloquial,osm
alias_w117103551_5426,place_w117103551,چمران 9,colloquial,osm
alias_w117133902_5427,place_w117133902,آبشاهی,colloquial,osm
alias_w118450196_5428,place_w118450196,بهشتی,colloquial,osm
alias_w118450231_5429,place_w118450231,میدان بسیج,colloquial,osm
alias_w118450235_5430,place_w118450235,میدان بشیرالله,colloquial,osm
alias_w118450263_5431,place_w118450263,فلکه آهو,colloquial,osm
alias_w118458221_5432,place_w118458221,میدان ولایت - میدان ایران پیما,colloquial,osm
alias_w118458223_5433,place_w118458223,مولوی 9,colloquial,osm
alias_w118458260_5434,place_w118458260,آزادی شمالی,old,osm
alias_w118502303_5435,place_w118502303,بلوار امیر کبیر,spelling,osm
alias_w118594340_5436,place_w118594340,شهدای روح آباد,colloquial,osm
alias_w118594714_5437,place_w118594714,شهدای امنیت,colloquial,osm
alias_w118594732_5438,place_w118594732,بلوار جمهوری,colloquial,osm
alias_w118594832_5439,place_w118594832,بلوار آزادی,colloquial,osm
alias_w118594833_5440,place_w118594833,توکل غربی,colloquial,osm
alias_w118701213_5441,place_w118701213,معراج,colloquial,osm
alias_w118874886_5442,place_w118874886,جاده خراشادی,colloquial,osm
alias_w118874890_5443,place_w118874890,نیمروز ۶,colloquial,osm
alias_w118874891_5444,place_w118874891,امام خمینی ۴۷,colloquial,osm
alias_w118874966_5445,place_w118874966,کلانتری 12,colloquial,osm
alias_w118874968_5446,place_w118874968,ایرج افشار,colloquial,osm
alias_w118875064_5447,place_w118875064,حسابی مقدم 11,colloquial,osm
alias_w118875075_5448,place_w118875075,دولتی مقدم 8,colloquial,osm
alias_w118895153_5449,place_w118895153,باسکول,colloquial,osm
alias_w118900605_5450,place_w118900605,بلوار فردوسی,spelling,osm
alias_w119182293_5451,place_w119182293,شهید رجایی,colloquial,osm
alias_w119182316_5452,place_w119182316,میدان فرمانداری,colloquial,osm
alias_w119182417_5453,place_w119182417,میدان لا,colloquial,osm
alias_w119182454_5454,place_w119182454,مطهری ۱۱,colloquial,osm
alias_w119182485_5455,place_w119182485,امام خمینی ۴۳,colloquial,osm
alias_w119299345_5456,place_w119299345,میرابوالقاسمی,colloquial,osm
alias_w119359584_5457,place_w119359584,جاده فرودگاه,spelling,osm
alias_w119387139_5458,place_w119387139,کمربندی شمالی اراک,colloquial,osm
alias_w119718409_5459,place_w119718409,جانباز,colloquial,osm
alias_w119719124_5460,place_w119719124,بولوار رزمندگان,old,osm
alias_w119723762_5461,place_w119723762,شهید هاشمی,colloquial,osm
alias_w119724542_5462,place_w119724542,رجایی 28,colloquial,osm
alias_w119724542_5463,place_w119724542,شهید محمد حسین نمازیان,colloquial,osm
alias_w119890014_5464,place_w119890014,خیابان شهیدان فیروزی,colloquial,osm
alias_w119890056_5465,place_w119890056,بهشتی ۱۲,colloquial,osm
alias_w119890249_5466,place_w119890249,کمربندی تنکابن,colloquial,osm
alias_w119909839_5467,place_w119909839,بزرگراه امام خمینی,spelling,osm
alias_w119909909_5468,place_w119909909,بوستان,colloquial,osm
alias_w119910003_5469,place_w119910003,شهید محمد حسنی سعدی,colloquial,osm
alias_w119996660_5470,place_w119996660,نادر,colloquial,osm
alias_w120000307_5471,place_w120000307,آیت الله کاشانی,colloquial,osm
alias_w120002181_5472,place_w120002181,میرزمانی,colloquial,osm
alias_w120019027_5473,place_w120019027,الهیه,colloquial,osm
alias_w120050512_5474,place_w120050512,سرلشکر شهید جعفر مهدوی ملک کلایی,colloquial,osm
alias_w120050512_5475,place_w120050512,بزرگراه شهید مهدوی,colloquial,osm
alias_w120060014_5476,place_w120060014,خیابان تهران,colloquial,osm
alias_w120245148_5477,place_w120245148,پل شهید برزگر,colloquial,osm
alias_w120245171_5478,place_w120245171,پل شهید برزگر,colloquial,osm
alias_w120273452_5479,place_w120273452,بلوار قدس,spelling,osm
alias_w120273456_5480,place_w120273456,مالک اشتر جنوبی,colloquial,osm
alias_w120315104_5481,place_w120315104,بولوار شهاب,colloquial,osm
alias_w120316332_5482,place_w120316332,شهاب,old,osm
alias_w120317686_5483,place_w120317686,پل شهدای سلامت,colloquial,osm
alias_w120317692_5484,place_w120317692,پل شهدای سلامت,colloquial,osm
alias_w120374827_5485,place_w120374827,بلوار پیروزی,old,osm
alias_w120499840_5486,place_w120499840,انقلاب ۲۸,colloquial,osm
alias_w120825669_5487,place_w120825669,بلوار یاوری,colloquial,osm
alias_w121020499_5488,place_w121020499,خیابان شهید فهمیده,colloquial,osm
alias_w121020511_5489,place_w121020511,میدان ترمینال,colloquial,osm
alias_w121202015_5490,place_w121202015,میرزا آقا خان کرمانی,colloquial,osm
alias_w121202681_5491,place_w121202681,بلوار کارگر,spelling,osm
alias_w121202788_5492,place_w121202788,بلوار پاسداران,spelling,osm
alias_w121203482_5493,place_w121203482,خیابان شهید سپهبد قرنی,spelling,osm
alias_w121203484_5494,place_w121203484,خیابان خورشید,old,osm
alias_w121203594_5495,place_w121203594,خیابان ۲۴ آذر,spelling,osm
alias_w121205790_5496,place_w121205790,بلوار غدیر ۲,old,osm
alias_w121205803_5497,place_w121205803,بلوار هوانیروز,spelling,osm
alias_w121207732_5498,place_w121207732,خیابان گیلان,old,osm
alias_w121207732_5499,place_w121207732,جهاد ۶۶,colloquial,osm
alias_w121208266_5500,place_w121208266,بلوار شیراز,spelling,osm
alias_w121208272_5501,place_w121208272,بلوار کوثر,spelling,osm
alias_w121243014_5502,place_w121243014,استانداری,colloquial,osm
alias_w121667817_5503,place_w121667817,بلوار سیدی,colloquial,osm
alias_w121918658_5504,place_w121918658,خیابان بعثت,old,osm
alias_w121918658_5505,place_w121918658,خیابان شهید حیدروند,colloquial,osm
alias_w122039837_5506,place_w122039837,خیابان گنبد سبز,colloquial,osm
alias_w122114333_5507,place_w122114333,بلوار امام رضا,colloquial,osm
alias_w122212151_5508,place_w122212151,بلوار بوعلی,spelling,osm
alias_w122213036_5509,place_w122213036,رضوان ۱۰,colloquial,osm
alias_w122233694_5510,place_w122233694,زریسف,old,osm
alias_w122348570_5512,place_w122348570,خیابان سعدی,spelling,osm
alias_w122380467_5513,place_w122380467,آلاشت,old,osm
alias_w122380474_5514,place_w122380474,خیابان غزه,colloquial,osm
alias_w122637089_5515,place_w122637089,خیابان فرودگاه,old,osm
alias_w122637100_5516,place_w122637100,پیشاهنگی,old,osm
alias_w122637105_5517,place_w122637105,پیرنیا,colloquial,osm
alias_w122637108_5518,place_w122637108,میدان ابوذر,colloquial,osm
alias_w122637109_5519,place_w122637109,میدان نجار آباد,colloquial,osm
alias_w122637129_5520,place_w122637129,راه قلعه نو,colloquial,osm
alias_w122637415_5521,place_w122637415,میدان ابومسلم,colloquial,osm
alias_w122637485_5522,place_w122637485,ابومسلم شمالی,colloquial,osm
alias_w122637650_5523,place_w122637650,ابومسلم جنوبی,colloquial,osm
alias_w122637685_5524,place_w122637685,ابومسلم شمالی,colloquial,osm
alias_w122637720_5525,place_w122637720,جهاد سازندگی,old,osm
alias_w122637934_5526,place_w122637934,میدان پست و تلگراف,old,osm
alias_w122680289_5527,place_w122680289,بزرگراه شهید سلیمانی,colloquial,osm
alias_w122797421_5528,place_w122797421,مسیر عیدگاه,colloquial,osm
alias_w122797466_5529,place_w122797466,اسپریس,colloquial,osm
alias_w122797554_5530,place_w122797554,کمینه 9,colloquial,osm
alias_w122797576_5531,place_w122797576,بلوار شهید بهشتی,colloquial,osm
alias_w122797581_5532,place_w122797581,کمینه 15,colloquial,osm
alias_w122807846_5533,place_w122807846,فلکه دوم,colloquial,osm
alias_w122807848_5534,place_w122807848,میدان عباس آباد,colloquial,osm
alias_w122807869_5535,place_w122807869,خیابان عباس آباد,colloquial,osm
alias_w122807875_5536,place_w122807875,بلوار امیرالمومنین,colloquial,osm
alias_w122807885_5537,place_w122807885,یکشنبه بازار,colloquial,osm
alias_w122821934_5538,place_w122821934,جاده بابلسر - کیاکلا - قائمشهر,colloquial,osm
alias_w122822011_5539,place_w122822011,بلوار فردوس حاجیان,colloquial,osm
alias_w122822011_5540,place_w122822011,خیابان ساری,colloquial,osm
alias_w123264819_5541,place_w123264819,رادیو دریا,colloquial,osm
alias_w123264994_5542,place_w123264994,بلوار هفده شهریور,spelling,osm
alias_w123265010_5543,place_w123265010,بزرگراه شهید قاسم سلیمانی,colloquial,osm
alias_w123265020_5544,place_w123265020,کمربندی چالوس,colloquial,osm
alias_w123404340_5545,place_w123404340,جلفا,colloquial,osm
alias_w123404344_5546,place_w123404344,پروین اعتصامی,colloquial,osm
alias_w123699827_5547,place_w123699827,جاده اصفهان (بلوار شهید بختیاری),colloquial,osm
alias_w123717407_5549,place_w123717407,فلکه نمره یک,colloquial,osm
alias_w123717410_5550,place_w123717410,میدان تختی,colloquial,osm
alias_w123717411_5551,place_w123717411,فلکه بانک ملی,colloquial,osm
alias_w123717419_5552,place_w123717419,فلکه زندان,colloquial,osm
alias_w123778948_5553,place_w123778948,میدان وادی,colloquial,osm
alias_w123840053_5554,place_w123840053,سرباز 43,colloquial,osm
alias_w124164973_5555,place_w124164973,آیت الله هاشمی رفسنجانی2,colloquial,osm
alias_w124164978_5556,place_w124164978,باب الحوائج,colloquial,osm
alias_w124210118_5557,place_w124210118,بلوار شقایق,colloquial,osm
alias_w124641378_5558,place_w124641378,شهید رئیسی,colloquial,osm
alias_w124641384_5559,place_w124641384,بلوار مولوی احمد نارویی,colloquial,osm
alias_w124641451_5560,place_w124641451,میلان ۵,colloquial,osm
alias_w124641483_5561,place_w124641483,ابوذر,colloquial,osm
alias_w124641485_5562,place_w124641485,شهید سپاهیان,colloquial,osm
alias_w124641495_5563,place_w124641495,میدان سفیر امید,colloquial,osm
alias_w124641501_5564,place_w124641501,میدان نماز,colloquial,osm
alias_w124641915_5565,place_w124641915,میدان ارکیده,colloquial,osm
alias_w124641973_5566,place_w124641973,میدان کوزه,colloquial,osm
alias_w124642108_5567,place_w124642108,عزیز امام بخش,colloquial,osm
alias_w124642342_5568,place_w124642342,بلوار بلوچستان,colloquial,osm
alias_w124642597_5569,place_w124642597,خیابان مسجد طالقانی,colloquial,osm
alias_w124642615_5570,place_w124642615,مسجد ولی عصر,old,osm
alias_w124765425_5571,place_w124765425,پرستار 1,colloquial,osm
alias_w124930025_5572,place_w124930025,کوثر ۲۸,colloquial,osm
alias_w125603451_5573,place_w125603451,پل شهید رضازاده,colloquial,osm
alias_w125603457_5574,place_w125603457,خیابان سی متری,colloquial,osm
alias_w125739387_5575,place_w125739387,فرخي 32,colloquial,osm
alias_w125740287_5576,place_w125740287,کوچه براهویی,spelling,osm
alias_w125924545_5577,place_w125924545,بلوار خلیج فارس,spelling,osm
alias_w126189928_5578,place_w126189928,خیابان شهید رجایی,old,osm
alias_w126189928_5579,place_w126189928,خیابان خورشید,colloquial,osm
alias_w126355547_5580,place_w126355547,۴۵ متری گلشهر,spelling,osm
alias_w126470067_5581,place_w126470067,مخابرات,colloquial,osm
alias_w126495859_5582,place_w126495859,میلان احمدیه,colloquial,osm
alias_w126495876_5583,place_w126495876,پیر,colloquial,osm
alias_w126495886_5584,place_w126495886,امام خمینی 2,colloquial,osm
alias_w126495900_5585,place_w126495900,عباسپور ۱۲- معدآباد ۶,colloquial,osm
alias_w126495904_5586,place_w126495904,علیمردانی ۱۱,colloquial,osm
alias_w126496693_5587,place_w126496693,دارایی,colloquial,osm
alias_w126500325_5588,place_w126500325,تختی,colloquial,osm
alias_w126628527_5589,place_w126628527,قوام السلطنه,old,osm
alias_w127305972_5590,place_w127305972,میدان فیروزآباد,colloquial,osm
alias_w127350190_5591,place_w127350190,بلوار جهاد,spelling,osm
alias_w127721870_5592,place_w127721870,بلوار کیمه,colloquial,osm
alias_w127721922_5593,place_w127721922,دکتر آرش خیراللهی,colloquial,osm
alias_w128110701_5594,place_w128110701,میدان طاووس,colloquial,osm
alias_w128343978_5595,place_w128343978,خیابان قبرستان قدیم,colloquial,osm
alias_w128344766_5596,place_w128344766,جاده مرودشت - سلطان‌آباد,colloquial,osm
alias_w128440000_5597,place_w128440000,بلوار بهاران,colloquial,osm
alias_w128440009_5598,place_w128440009,بلوار بهاران,colloquial,osm
alias_w128440013_5599,place_w128440013,بلوار بهاران,colloquial,osm
alias_w128440018_5600,place_w128440018,بلوار بهاران,colloquial,osm
alias_w128443681_5601,place_w128443681,وحدت,colloquial,osm
alias_w128959965_5602,place_w128959965,چهارباندی,colloquial,osm
alias_w128959979_5603,place_w128959979,بلوار نیروگاه,colloquial,osm
alias_w128959996_5604,place_w128959996,میدان شهدای خلیج‌فارس,colloquial,osm
alias_w128960012_5605,place_w128960012,چهارباندی,colloquial,osm
alias_w129343314_5606,place_w129343314,درکی,old,osm
alias_w129343328_5608,place_w129343328,خیابان عفیف آباد کوچه ۲۰,colloquial,osm
alias_w129343420_5609,place_w129343420,خیابان باغشاه,old,osm
alias_w129344417_5610,place_w129344417,خیابان قالیشویی,colloquial,osm
alias_w129344642_5611,place_w129344642,بلوار ایثار,old,osm
alias_w129344658_5612,place_w129344658,بلوار ایثار,old,osm
alias_w129344700_5613,place_w129344700,بلوار ایثار شمالی,old,osm
alias_w129420347_5614,place_w129420347,صد دروازه,colloquial,osm
alias_w129436679_5615,place_w129436679,بلوار ولیعصر,colloquial,osm
alias_w129463327_5616,place_w129463327,بلوار شمالی,colloquial,osm
alias_w129464392_5617,place_w129464392,ابراهیمی,colloquial,osm
alias_w129464498_5618,place_w129464498,ارگ جنوبی,colloquial,osm
alias_w129841196_5619,place_w129841196,ورودی دوم شهرک بهشتی,colloquial,osm
alias_w129841909_5620,place_w129841909,گلدشت محمدی,colloquial,osm
alias_w130413547_5621,place_w130413547,آقائی,colloquial,osm
alias_w130584753_5622,place_w130584753,۶ متری مسجد امام موسی کاظم,colloquial,osm
alias_w131411054_5623,place_w131411054,بوستان ۳۵,colloquial,osm
alias_w131411241_5624,place_w131411241,بولوار شهدای شهرک سعدی,colloquial,osm
alias_w131629198_5625,place_w131629198,میثم جنوبی,colloquial,osm
alias_w132093749_5626,place_w132093749,پامچال,colloquial,osm
alias_w132093806_5627,place_w132093806,بلوار نارنج,colloquial,osm
alias_w132093808_5628,place_w132093808,لاله,colloquial,osm
alias_w132093818_5629,place_w132093818,بلوار نارنج,colloquial,osm
alias_w132093827_5630,place_w132093827,بلوار بهارستان غربی,colloquial,osm
alias_w132093829_5631,place_w132093829,بلوار پاسارگاد شرقی,colloquial,osm
alias_w132094810_5632,place_w132094810,بلوار روزبهان,colloquial,osm
alias_w132095388_5633,place_w132095388,بلوار پرتو,colloquial,osm
alias_w132095399_5634,place_w132095399,بلوار پرتو,colloquial,osm
alias_w132095427_5635,place_w132095427,18,colloquial,osm
alias_w132095603_5636,place_w132095603,بلوار شهدای ورزشکار,colloquial,osm
alias_w132095622_5637,place_w132095622,بلوار فرزانگان,colloquial,osm
alias_w132095722_5638,place_w132095722,بلوار گل محمدی,colloquial,osm
alias_w132095769_5639,place_w132095769,بلوار گل محمدی,colloquial,osm
alias_w132095772_5640,place_w132095772,گل کوکب,colloquial,osm
alias_w132413477_5641,place_w132413477,ابوذر غفاری ۳۷,colloquial,osm
alias_w132533962_5642,place_w132533962,خیابان جهان‌پهلوان رضا‌زاده,colloquial,osm
alias_w132533963_5643,place_w132533963,خیابان جهان‌پهلوان رضا‌زاده,colloquial,osm
alias_w132533964_5644,place_w132533964,پل شهید خراسانی,colloquial,osm
alias_w132541706_5645,place_w132541706,شهاب,colloquial,osm
alias_w132541714_5646,place_w132541714,ایثار ۳,colloquial,osm
alias_w132543007_5647,place_w132543007,شهید چمران,colloquial,osm
alias_w132666744_5648,place_w132666744,بلوار پروین اعتصامی,colloquial,osm
alias_w133149934_5649,place_w133149934,امیرکبیر ۵/۱۹,colloquial,osm
alias_w133390754_5650,place_w133390754,نوروزیان,old,osm
alias_w133390754_5651,place_w133390754,بلوار دانشگاه بین‌المللی امام خمینی,colloquial,osm
alias_w133390755_5652,place_w133390755,بلوار فردوسی شمالی,colloquial,osm
alias_w133490328_5653,place_w133490328,هشت متری باغ نارنج,colloquial,osm
alias_w133490586_5654,place_w133490586,بولوار شهدای شهرک سعدی,colloquial,osm
alias_w133491213_5655,place_w133491213,فرزانه,colloquial,osm
alias_w133491215_5656,place_w133491215,بیست متری سعدی,colloquial,osm
alias_w133721704_5657,place_w133721704,بلوار فردوسی شمالی,colloquial,osm
alias_w133721709_5658,place_w133721709,بلوار دانشگاه بین‌المللی امام خمینی,colloquial,osm
alias_w133914053_5659,place_w133914053,امیرکبیر شرقی ۳,colloquial,osm
alias_w133914097_5660,place_w133914097,خیابان بهشتی,spelling,osm
alias_w133915970_5661,place_w133915970,بلوار مصطفی خمینی,spelling,osm
alias_w133916009_5662,place_w133916009,بلوار شریعتی غربی,spelling,osm
alias_w133916017_5663,place_w133916017,میدان شهدا,old,osm
alias_w133916019_5664,place_w133916019,آهن فروشان,colloquial,osm
alias_w134223028_5665,place_w134223028,بلوار سلیمان خاطر,colloquial,osm
alias_w134223042_5666,place_w134223042,بلوار سلیمان خاطر,colloquial,osm
alias_w134223048_5667,place_w134223048,میدان صناعی,colloquial,osm
alias_w134280812_5668,place_w134280812,میدان امام خمینی,colloquial,osm
alias_w134661595_5669,place_w134661595,فتح المبین,colloquial,osm
alias_w134808057_5670,place_w134808057,بلوار گفتار,colloquial,osm
alias_w134808062_5671,place_w134808062,بلوار گفتار,colloquial,osm
alias_w134808501_5672,place_w134808501,بلوار عدالت جنوبی کوچه ۴۵,colloquial,osm
alias_w134808571_5673,place_w134808571,بلوار پرتو,colloquial,osm
alias_w134808734_5674,place_w134808734,بلوار پیوند,colloquial,osm
alias_w134808735_5675,place_w134808735,عقیل ۶,colloquial,osm
alias_w135311656_5676,place_w135311656,میدان شاهد,colloquial,osm
alias_w135415677_5677,place_w135415677,تیموری,colloquial,osm
alias_w135416180_5678,place_w135416180,کریمخان زند ۳۹,colloquial,osm
alias_w135416194_5679,place_w135416194,لشکری,colloquial,osm
alias_w135418810_5680,place_w135418810,خیابان روزبهان,colloquial,osm
alias_w135432653_5681,place_w135432653,فلکه مرکزی,colloquial,osm
alias_w135432654_5682,place_w135432654,میدان کوروش,colloquial,osm
alias_w135432656_5683,place_w135432656,گلستان,colloquial,osm
alias_w135461854_5684,place_w135461854,فلکه محله آقا,colloquial,osm
alias_w135461855_5685,place_w135461855,میدان شهید باهنر,colloquial,osm
alias_w136605954_5686,place_w136605954,بلوار شهید عباسپور,colloquial,osm
alias_w136605954_5687,place_w136605954,بلوار بهار,colloquial,osm
alias_w136605954_5688,place_w136605954,بلوار عبدالرضا,spelling,osm
alias_w136606221_5689,place_w136606221,نور,colloquial,osm
alias_w136733936_5690,place_w136733936,۸ دکتر حسابی,old,osm
alias_w136734191_5691,place_w136734191,۱۴ دکتر حسابی,old,osm
alias_w137108230_5692,place_w137108230,میدان فرمانداری,colloquial,osm
alias_w137108231_5693,place_w137108231,معلم,colloquial,osm
alias_w137108241_5694,place_w137108241,کمربندی,colloquial,osm
alias_w137108285_5695,place_w137108285,فلکه مرکزی,colloquial,osm
alias_w137127904_5696,place_w137127904,شهرداری,colloquial,osm
alias_w137127938_5697,place_w137127938,میدان ۱۷ شهریور,colloquial,osm
alias_w137136712_5698,place_w137136712,میدان استانداری,colloquial,osm
alias_w137136719_5699,place_w137136719,۶۰متری,colloquial,osm
alias_w137136720_5700,place_w137136720,۶۰متری,colloquial,osm
alias_w137136725_5701,place_w137136725,۶۰متری,colloquial,osm
alias_w137224914_5702,place_w137224914,میدان اکبر آباد,colloquial,osm
alias_w137307395_5703,place_w137307395,خیابان اقبال,old,osm
alias_w137329013_5704,place_w137329013,بلوار شهید قنبری,colloquial,osm
alias_w137561579_5705,place_w137561579,معارف,old,osm
alias_w137830490_5706,place_w137830490,میدان سینما,colloquial,osm
alias_w137991264_5707,place_w137991264,میدان گیتی نورد,colloquial,osm
alias_w138480237_5708,place_w138480237,میدان غدیر,colloquial,osm
alias_w138480280_5709,place_w138480280,میدان نون و القلم,colloquial,osm
alias_w138480285_5710,place_w138480285,شهید سعید قهاری,colloquial,osm
alias_w138741324_5711,place_w138741324,شاه عباس,old,osm
alias_w138742265_5712,place_w138742265,کریمخان,colloquial,osm
alias_w139183291_5713,place_w139183291,کمربندی علی آباد کتول,colloquial,osm
alias_w139183296_5714,place_w139183296,پل شهید خوش‌روزی,colloquial,osm
alias_w139183310_5715,place_w139183310,بولوار شهدا,old,osm
alias_w139183310_5716,place_w139183310,بولوار شهید قاسم سلیمانی,colloquial,osm
alias_w139183311_5717,place_w139183311,میدان شهید حاج قاسم سلیمانی,colloquial,osm
alias_w140395613_5718,place_w140395613,خیابان استقلال,old,osm
alias_w140395614_5719,place_w140395614,خیابان استقلال,old,osm
alias_w140395628_5720,place_w140395628,پل شهید خراسانی,colloquial,osm
alias_w140395645_5721,place_w140395645,خیابان شهید ایرانی جم,colloquial,osm
alias_w140395663_5722,place_w140395663,خیابان خیرین,colloquial,osm
alias_w140395671_5723,place_w140395671,بولوار شهدا,old,osm
alias_w140395671_5724,place_w140395671,بولوار شهید قاسم سلیمانی,colloquial,osm
alias_w140395673_5725,place_w140395673,خیابان فدک,old,osm
alias_w140395673_5726,place_w140395673,خیابان شهید ایران نژاد,colloquial,osm
alias_w140395676_5727,place_w140395676,بولوار شهدا,old,osm
alias_w140395676_5728,place_w140395676,بولوار شهید قاسم سلیمانی,colloquial,osm
alias_w140395678_5729,place_w140395678,پل شهید حجازی,colloquial,osm
alias_w140395707_5730,place_w140395707,بولوار شهدا,old,osm
alias_w140395707_5731,place_w140395707,بولوار شهید قاسم سلیمانی,colloquial,osm
alias_w140395730_5732,place_w140395730,میدان شهید باکری,colloquial,osm
alias_w140395732_5733,place_w140395732,بولوار شهدا,old,osm
alias_w140395732_5734,place_w140395732,بولوار شهید قاسم سلیمانی,colloquial,osm
alias_w140395792_5735,place_w140395792,بولوار شهدا,old,osm
alias_w140395792_5736,place_w140395792,بولوار شهید قاسم سلیمانی,colloquial,osm
alias_w140784770_5737,place_w140784770,۴۵ متری دوم قدس,colloquial,osm
alias_w140784772_5738,place_w140784772,اسحاق روشنی,colloquial,osm
alias_w140784799_5739,place_w140784799,۴۵ متری,colloquial,osm
alias_w140938127_5740,place_w140938127,شن کش,colloquial,osm
alias_w140938148_5741,place_w140938148,شن کش,colloquial,osm
alias_w140938401_5742,place_w140938401,مخابرات,colloquial,osm
alias_w140938425_5743,place_w140938425,نیسانیان,colloquial,osm
alias_w140938587_5744,place_w140938587,کشتارگاه,old,osm
alias_w140938657_5745,place_w140938657,جاده قدیم مرزیجران,colloquial,osm
alias_w140938795_5746,place_w140938795,کمربندی شمالی اراک,colloquial,osm
alias_w140938800_5747,place_w140938800,کمربندی شمالی اراک,colloquial,osm
alias_w140938826_5748,place_w140938826,جهرم,colloquial,osm
alias_w141003977_5749,place_w141003977,بیست متری میقان,colloquial,osm
alias_w141004057_5750,place_w141004057,پیروزی,old,osm
alias_w141004069_5751,place_w141004069,حنظله - فاز ۲ بعثت,old,osm
alias_w141004121_5752,place_w141004121,بلوار مصطفی خمینی,colloquial,osm
alias_w141354460_5753,place_w141354460,خیابان شهید محمدزاده,colloquial,osm
alias_w141354467_5754,place_w141354467,بزرگراه امام رضا (ع),old,osm
alias_w141354470_5755,place_w141354470,نهضت,colloquial,osm
alias_w141354470_5756,place_w141354470,خیابان شهید برزگر,colloquial,osm
alias_w141354479_5757,place_w141354479,خیابان شهید باهنر,colloquial,osm
alias_w141354506_5758,place_w141354506,پل ارجستان,old,osm
alias_w141354506_5760,place_w141354506,پل شهید قهرمانی,colloquial,osm
alias_w141354523_5761,place_w141354523,بولوار شهید عظیم‌پور,colloquial,osm
alias_w141354532_5762,place_w141354532,پل ارجستان,old,osm
alias_w141354532_5764,place_w141354532,پل شهید قهرمانی,colloquial,osm
alias_w141354542_5765,place_w141354542,پل شهید طهماسبی‌پور,colloquial,osm
alias_w141354560_5766,place_w141354560,پل شهید برزگر,colloquial,osm
alias_w141354585_5767,place_w141354585,پل شهید طهماسبی‌پور,colloquial,osm
alias_w141354615_5768,place_w141354615,پل شهید طهماسبی‌پور,colloquial,osm
alias_w141354688_5769,place_w141354688,بولوار شهدا,old,osm
alias_w141354688_5770,place_w141354688,بولوار شهید قاسم سلیمانی,colloquial,osm
alias_w141354712_5771,place_w141354712,بزرگراه امام رضا (ع),old,osm
alias_w141354722_5772,place_w141354722,خیابان سی متری,colloquial,osm
alias_w141354737_5773,place_w141354737,خیابان شهید دستغیب,colloquial,osm
alias_w141354773_5774,place_w141354773,خیابان شهید بهزاد‌بخت,colloquial,osm
alias_w141354791_5775,place_w141354791,پل شهید رحیمی,colloquial,osm
alias_w141354801_5776,place_w141354801,پل شهید رحیمی,colloquial,osm
alias_w141354802_5777,place_w141354802,پل شهید رحیمی,colloquial,osm
alias_w141354821_5778,place_w141354821,خیابان وحدت,old,osm
alias_w141354821_5780,place_w141354821,خیابان شهید فخرزاده,colloquial,osm
alias_w141354825_5781,place_w141354825,پل شهید رحیمی,colloquial,osm
alias_w141385689_5782,place_w141385689,خیابان شهید ایرانی جم,colloquial,osm
alias_w141385854_5783,place_w141385854,خیابان بدر,colloquial,osm
alias_w141389504_5784,place_w141389504,خیابان شهید اعلمی,colloquial,osm
alias_w141394968_5785,place_w141394968,میدان خبرنگار,colloquial,osm
alias_w141395138_5786,place_w141395138,خیابان ابوذر,old,osm
alias_w141395138_5787,place_w141395138,خیابان شهید پژوهی,colloquial,osm
alias_w141450819_5788,place_w141450819,میدان بهورز,colloquial,osm
alias_w141450840_5789,place_w141450840,میدان دانشگاه,colloquial,osm
alias_w141528431_5790,place_w141528431,مطهری,colloquial,osm
alias_w141528449_5791,place_w141528449,راه آهن,colloquial,osm
alias_w141529098_5792,place_w141529098,خیابان چشمه علی,colloquial,osm
alias_w144234092_5793,place_w144234092,شهیدان غلامپور,colloquial,osm
alias_w144234177_5794,place_w144234177,شهیدان غلامپور,colloquial,osm
alias_w144377032_5795,place_w144377032,میدان زینبیه,colloquial,osm
alias_w144377056_5796,place_w144377056,زینبیه,colloquial,osm
alias_w145667422_5797,place_w145667422,شهیدکرامت الله رفیع,colloquial,osm
alias_w145667472_5798,place_w145667472,میدان پست دارابی,old,osm
alias_w145667474_5799,place_w145667474,میدان خرمشهر,colloquial,osm
alias_w145667482_5800,place_w145667482,حضرت ابوالفضل,old,osm
alias_w145667558_5801,place_w145667558,بلوار بعثت,colloquial,osm
alias_w145667561_5802,place_w145667561,بلوار کارخانه,colloquial,osm
alias_w145667605_5803,place_w145667605,۷۶۳,colloquial,osm
alias_w145667607_5804,place_w145667607,شریف واقفی,colloquial,osm
alias_w145667609_5805,place_w145667609,بلوار شهید بهشتی,colloquial,osm
alias_w145667637_5806,place_w145667637,بلوار امام حسین ع,colloquial,osm
alias_w146378529_5807,place_w146378529,طالقانی غربی,colloquial,osm
alias_w146491901_5808,place_w146491901,بزرگراه نیایش,old,osm
alias_w147175310_5809,place_w147175310,یوتاب شمالی,colloquial,osm
alias_w147175311_5810,place_w147175311,کیان‌آباد,colloquial,osm
alias_w147181042_5811,place_w147181042,پل عامری,colloquial,osm
alias_w147316565_5812,place_w147316565,میدان ساعت,colloquial,osm
alias_w147316567_5813,place_w147316567,سنگی,colloquial,osm
alias_w147411075_5814,place_w147411075,گردشگر,colloquial,osm
alias_w147965011_5815,place_w147965011,صالح‌پور,colloquial,osm
alias_w150733552_5816,place_w150733552,بزرگراه شمال عباس آباد,old,osm
alias_w150770755_5817,place_w150770755,بلوار الهام,old,osm
alias_w150770763_5818,place_w150770763,منوچهری شرقی,colloquial,osm
alias_w150778935_5819,place_w150778935,سرکیس داوودیان,old,osm
alias_w150778947_5820,place_w150778947,گلزار غربی,colloquial,osm
alias_w150778953_5821,place_w150778953,بلوار لاله غربی,old,osm
alias_w150778953_5822,place_w150778953,بلوار شهید کبیرزاده,spelling,osm
alias_w150779112_5823,place_w150779112,کودک,colloquial,osm
alias_w150841918_5824,place_w150841918,گلبرگ غربی,old,osm
alias_w150841918_5825,place_w150841918,خیابان ۱۴۲ غربی,colloquial,osm
alias_w150841923_5827,place_w150841923,پروین,colloquial,osm
alias_w150841931_5828,place_w150841931,رشید,colloquial,osm
alias_w150841931_5829,place_w150841931,۱۱۵,colloquial,osm
alias_w150841975_5830,place_w150841975,بلوار آرش تیرانداز,old,osm
alias_w150841975_5831,place_w150841975,بلوار حجر بن عدی,colloquial,osm
alias_w150841975_5832,place_w150841975,آرش تیرانداز,colloquial,osm
alias_w150946882_5833,place_w150946882,گلبرگ شرقی,old,osm
alias_w150946885_5835,place_w150946885,۷.۳۷,colloquial,osm
alias_w150946944_5836,place_w150946944,عادل,colloquial,osm
alias_w150946944_5837,place_w150946944,۱۱۹,colloquial,osm
alias_w150946995_5838,place_w150946995,بصیر,old,osm
alias_w150956513_5839,place_w150956513,نارمک,old,osm
alias_w150964982_5840,place_w150964982,بلوار دلاوران,old,osm
alias_w150964982_5841,place_w150964982,بلوار شهید علی شادمانی,spelling,osm
alias_w151277636_5842,place_w151277636,میدان شهید محمودی,spelling,osm
alias_w151277642_5843,place_w151277642,هوشنگ زمانی,colloquial,osm
alias_w151277642_5844,place_w151277642,ده متری اول جوادیه,colloquial,osm
alias_w151277655_5845,place_w151277655,نیاکان,colloquial,osm
alias_w151277661_5846,place_w151277661,ده متری دوم جوادیه,colloquial,osm
alias_w151278551_5847,place_w151278551,دروازه گمرک,old,osm
alias_w151278551_5848,place_w151278551,میدان گمرک,colloquial,osm
alias_w151483737_5850,place_w151483737,خیابان رباط کریم,old,osm
alias_w151484842_5852,place_w151484842,میدان بهشت,spelling,osm
alias_w151498562_5853,place_w151498562,بزرگراه آزادگان,colloquial,osm
alias_w151498564_5854,place_w151498564,بزرگراه آزادگان,colloquial,osm
alias_w151498577_5855,place_w151498577,بلوار ابریشم,colloquial,osm
alias_w151498627_5856,place_w151498627,بلوار ابریشم,colloquial,osm
alias_w151498632_5857,place_w151498632,خیابان قم,colloquial,osm
alias_w151498639_5858,place_w151498639,خیابان قم,colloquial,osm
alias_w151503796_5859,place_w151503796,بزرگراه بعثت,colloquial,osm
alias_w151503801_5861,place_w151503801,بزرگراه بعثت,colloquial,osm
alias_w151792306_5863,place_w151792306,بلوار شاهد,colloquial,osm
alias_w151839105_5864,place_w151839105,بلوار دولت آباد,colloquial,osm
alias_w151839110_5865,place_w151839110,صاحب الزمان,colloquial,osm
alias_w151839114_5866,place_w151839114,رزم آرا,old,osm
alias_w151839114_5867,place_w151839114,فدائیان اسلام,colloquial,osm
alias_w151839115_5868,place_w151839115,رزم آرا,old,osm
alias_w151839115_5869,place_w151839115,فدائیان اسلام,colloquial,osm
alias_w151839122_5870,place_w151839122,بلوار ابریشم,colloquial,osm
alias_w151839123_5871,place_w151839123,بلوار ابریشم,colloquial,osm
alias_w151839148_5872,place_w151839148,رزم آرا,old,osm
alias_w151839148_5873,place_w151839148,فدائیان اسلام,colloquial,osm
alias_w151842816_5874,place_w151842816,مجتبی موسوی,colloquial,osm
alias_w151853114_5875,place_w151853114,بزرگراه نیاوران,old,osm
alias_w151853114_5876,place_w151853114,بزرگراه صیاد شیرازی,spelling,osm
alias_w151853143_5877,place_w151853143,خیابان شهید وفامنش,colloquial,osm
alias_w151853144_5878,place_w151853144,پل مغان,colloquial,osm
alias_w151931018_5879,place_w151931018,بزرگراه رسالت,old,osm
alias_w151931035_5880,place_w151931035,بزرگراه رسالت,old,osm
alias_w151931035_5881,place_w151931035,بزرگراه شهید سلیمانی,colloquial,osm
alias_w151931038_5882,place_w151931038,بزرگراه رسالت,old,osm
alias_w151931038_5883,place_w151931038,بزرگراه شهید سلیمانی,colloquial,osm
alias_w151931063_5884,place_w151931063,بزرگراه رسالت,old,osm
alias_w151931095_5885,place_w151931095,بهرامی,old,osm
alias_w151931129_5886,place_w151931129,مسیل باختر,colloquial,osm
alias_w151931150_5887,place_w151931150,مجیدیه جنوبی,old,osm
alias_w151931190_5889,place_w151931190,مسیل باختر,colloquial,osm
alias_w151931254_5890,place_w151931254,بهرامی,old,osm
alias_w152077958_5891,place_w152077958,یوسف آباد,colloquial,osm
alias_w152078202_5892,place_w152078202,شصت و چهارم,colloquial,osm
alias_w152126823_5893,place_w152126823,آریامهر,old,osm
alias_w152126823_5894,place_w152126823,خیابان شهید فاطمی,colloquial,osm
alias_w152131668_5895,place_w152131668,سرسبز جنوبی,colloquial,osm
alias_w152210994_5896,place_w152210994,تابناک,old,osm
alias_w152211063_5898,place_w152211063,پل شهید محمدی‌آزاد,colloquial,osm
alias_w152323491_5899,place_w152323491,بیست متری گلستان شرقی,old,osm
alias_w152323491_5900,place_w152323491,گلستان شرقی,colloquial,osm
alias_w152323496_5901,place_w152323496,گلزار شرقی,old,osm
alias_w152323561_5902,place_w152323561,۲۰ متری گلستان,colloquial,osm
alias_w152335330_5903,place_w152335330,میدان عدل,old,osm
alias_w152335330_5904,place_w152335330,میدان غفاری,colloquial,osm
alias_w152475049_5905,place_w152475049,بلوار همیلا,colloquial,osm
alias_w152475057_5907,place_w152475057,نشاط,colloquial,osm
alias_w152475193_5908,place_w152475193,گلستان شرقی,old,osm
alias_w152475238_5909,place_w152475238,قاسم پور,colloquial,osm
alias_w152475238_5910,place_w152475238,لادن,colloquial,osm
alias_w152494798_5911,place_w152494798,زرافشان,old,osm
alias_w152529863_5912,place_w152529863,علامه,colloquial,osm
alias_w152529874_5913,place_w152529874,بلوار خوردین,colloquial,osm
alias_w152529878_5914,place_w152529878,مطهری شمالی,colloquial,osm
alias_w152529879_5915,place_w152529879,بلوار پونک باختری,old,osm
alias_w152628788_5916,place_w152628788,میدان شهدای باغ فیض,spelling,osm
alias_w152628847_5917,place_w152628847,چهارباغ شرقی,old,osm
alias_w152628882_5919,place_w152628882,بلوار مجاهد کبیر شمالی,spelling,osm
alias_w152829207_5920,place_w152829207,آریامهر,old,osm
alias_w152829207_5921,place_w152829207,خیابان شهید فاطمی,colloquial,osm
alias_w153587389_5922,place_w153587389,خرمشهر,old,osm
alias_w154501709_5923,place_w154501709,خیابان احمدی,old,osm
alias_w154535745_5924,place_w154535745,بلوار صنایع فولاد,colloquial,osm
alias_w154535829_5925,place_w154535829,پل سوم,colloquial,osm
alias_w154544521_5926,place_w154544521,الغدیر,colloquial,osm
alias_w154549817_5927,place_w154549817,مبدان پلیس,colloquial,osm
alias_w154723824_5928,place_w154723824,خیام ۱,colloquial,osm
alias_w154723914_5929,place_w154723914,خیابان فردوسی,spelling,osm
alias_w154724022_5930,place_w154724022,بلوارمعلم,colloquial,osm
alias_w155246758_5931,place_w155246758,خیابان جمهوری اسلامی جنوبی,colloquial,osm
alias_w155246766_5932,place_w155246766,میدان شهید سارانی,colloquial,osm
alias_w155246826_5933,place_w155246826,بلوار اقیانوس,colloquial,osm
alias_w155274331_5934,place_w155274331,خیابان شهید قدیر جلیل زادگان,old,osm
alias_w155274331_5935,place_w155274331,کوچه انقلاب ۱۸,colloquial,osm
alias_w155274331_5936,place_w155274331,کوچه قاسمیه,colloquial,osm
alias_w155274331_5937,place_w155274331,خیابان استاد انور,colloquial,osm
alias_w155274341_5938,place_w155274341,خیابان شهید خدایاری,colloquial,osm
alias_w155274342_5939,place_w155274342,خیابان شهید خدایاری,colloquial,osm
alias_w155274343_5940,place_w155274343,خیابان شهید خدایاری,colloquial,osm
alias_w155706572_5941,place_w155706572,گلستان چهارم,colloquial,osm
alias_w155707133_5942,place_w155707133,شعبانلو,colloquial,osm
alias_w155707437_5943,place_w155707437,خیابان کیوان,old,osm
alias_w155707486_5944,place_w155707486,خیابان اقدسیه,colloquial,osm
alias_w155785975_5945,place_w155785975,پل شهید درویش,colloquial,osm
alias_w157524177_5946,place_w157524177,شهید دوم,colloquial,osm
alias_w157524194_5947,place_w157524194,جاده شن‌شویی,colloquial,osm
alias_w157660806_5948,place_w157660806,پروفسور مجید سمیعی,colloquial,osm
alias_w157660811_5949,place_w157660811,بلوار لاکان,colloquial,osm
alias_w157876336_5950,place_w157876336,هدف,colloquial,osm
alias_w157876558_5951,place_w157876558,عبود اصلاحی,colloquial,osm
alias_w157934984_5952,place_w157934984,استاد نجات الهی,colloquial,osm
alias_w157934984_5953,place_w157934984,خیابان ویلا,colloquial,osm
alias_w157934987_5954,place_w157934987,ثریا,old,osm
alias_w158245943_5955,place_w158245943,پل دوم,colloquial,osm
alias_w158255290_5956,place_w158255290,پاسداران,colloquial,osm
alias_w158264268_5957,place_w158264268,سجاد,colloquial,osm
alias_w158289646_5958,place_w158289646,میدان راه آهن,colloquial,osm
alias_w158334473_5959,place_w158334473,ایرانپارس,old,osm
alias_w158346747_5960,place_w158346747,بلوار ۳۵ متری آبشار,old,osm
alias_w158346795_5962,place_w158346795,بلوار کاج,colloquial,osm
alias_w158346796_5963,place_w158346796,بلوار کاج,colloquial,osm
alias_w158528734_5964,place_w158528734,سوهانک,colloquial,osm
alias_w158528814_5965,place_w158528814,خیابان اقدسیه,old,osm
alias_w158529318_5967,place_w158529318,نارنجستان هفتم,old,osm
alias_w159508508_5968,place_w159508508,میدان هفت برادران,colloquial,osm
alias_w159554887_5969,place_w159554887,میدان اول,colloquial,osm
alias_w160093635_5970,place_w160093635,قنات,colloquial,osm
alias_w160101953_5971,place_w160101953,پل شهید پورشیانی,colloquial,osm
alias_w160101979_5972,place_w160101979,بزرگراه ۱۰۰,old,osm
alias_w160102061_5973,place_w160102061,بیست و سوم,colloquial,osm
alias_w160102216_5974,place_w160102216,احمد مقدس,colloquial,osm
alias_w160106987_5975,place_w160106987,پیک دانش,colloquial,osm
alias_w160107043_5976,place_w160107043,بلوار پیام,colloquial,osm
alias_w160107044_5977,place_w160107044,بلوار پیام,colloquial,osm
alias_w160107070_5978,place_w160107070,شقایق,old,osm
alias_w160464448_5979,place_w160464448,بزرگراه دوگل,old,osm
alias_w160464470_5980,place_w160464470,سعدآباد,old,osm
alias_w160486667_5982,place_w160486667,مجیدیه شمالی,old,osm
alias_w160486676_5985,place_w160486676,مجیدیه شمالی,old,osm
alias_w160722218_5988,place_w160722218,خیابان کامرانیه,old,osm
alias_w160722218_5989,place_w160722218,کامرانیه جنوبی,colloquial,osm
alias_w160722219_5990,place_w160722219,کامرانیه,old,osm
alias_w160722219_5991,place_w160722219,کامرانیه شمالی,colloquial,osm
alias_w160722221_5992,place_w160722221,میدان ندا,spelling,osm
alias_w160722237_5993,place_w160722237,بلوار شهید اندرزگو,spelling,osm
alias_w161072044_5994,place_w161072044,کریمخان,colloquial,osm
alias_w161072045_5995,place_w161072045,کریمخان,colloquial,osm
alias_w161072054_5996,place_w161072054,نادرشاه,old,osm
alias_w161072223_5997,place_w161072223,میدان شعاع,old,osm
alias_w162009860_5998,place_w162009860,شیخ فضل الله نوری,colloquial,osm
alias_w162010108_5999,place_w162010108,تیر انداز,colloquial,osm
alias_w162110869_6000,place_w162110869,میدان امام علی,colloquial,osm
alias_w162110886_6001,place_w162110886,انقلاب اسلامی,colloquial,osm
alias_w162110980_6002,place_w162110980,باغ فردوس,old,osm
alias_w162110998_6003,place_w162110998,بلوار سفیر امید,colloquial,osm
alias_w162110999_6004,place_w162110999,علم و صنعت,colloquial,osm
alias_w162205202_6005,place_w162205202,ابریشم,colloquial,osm
alias_w162205362_6006,place_w162205362,یگان ویژه,colloquial,osm
alias_w162205395_6007,place_w162205395,بلوار شهید مصطفی فدایی,colloquial,osm
alias_w162205420_6008,place_w162205420,بلوار شهید مصطفی فدایی,colloquial,osm
alias_w162316666_6009,place_w162316666,بزرگراه رسالت,old,osm
alias_w162316972_6010,place_w162316972,بزرگراه رسالت,old,osm
alias_w162653778_6011,place_w162653778,بزرگراه شاهین دژ - میاندوآب,colloquial,osm
alias_w163684410_6012,place_w163684410,میدان اتحاد,colloquial,osm
alias_w163684425_6013,place_w163684425,میدان صلاح الدین ایوبی,colloquial,osm
alias_w164595003_6014,place_w164595003,دبستان,old,osm
alias_w164595008_6017,place_w164595008,بزرگراه داریوش,old,osm
alias_w164595009_6018,place_w164595009,بزرگراه داریوش,old,osm
alias_w164595125_6019,place_w164595125,شیرین,old,osm
alias_w164595228_6021,place_w164595228,امیر اتابک,old,osm
alias_w164814815_6023,place_w164814815,بلوار حیدری,spelling,osm
alias_w164913852_6024,place_w164913852,خیابان اصلی رجائی شهر,colloquial,osm
alias_w164913856_6025,place_w164913856,سی و پنج متری,colloquial,osm
alias_w164914103_6026,place_w164914103,حجازی,colloquial,osm
alias_w164958837_6027,place_w164958837,خیابان قزوین,old,osm
alias_w164958837_6028,place_w164958837,قزوین,colloquial,osm
alias_w166960337_6029,place_w166960337,بلوار دشتبان زاده,colloquial,osm
alias_w167292150_6030,place_w167292150,سبزه میدان,old,osm
alias_w167292150_6031,place_w167292150,میدان شهرداری,colloquial,osm
alias_w167375657_6032,place_w167375657,خیابان دانشگاه,old,osm
alias_w167596498_6033,place_w167596498,حجت الاسلام ابوترابی,colloquial,osm
alias_w167651048_6034,place_w167651048,دوازده متری ملک,colloquial,osm
alias_w167691216_6035,place_w167691216,سی و پنج متری,colloquial,osm
alias_w168057372_6036,place_w168057372,مرکز,old,osm
alias_w168057380_6037,place_w168057380,سلماس,colloquial,osm
alias_w168057400_6038,place_w168057400,دانش,colloquial,osm
alias_w168057402_6039,place_w168057402,خیابان امام,old,osm
alias_w168549371_6040,place_w168549371,رجائی شهر,colloquial,osm
alias_w168549373_6041,place_w168549373,قزوین,colloquial,osm
alias_w168549376_6042,place_w168549376,بلوار کوروش,old,osm
alias_w168549376_6043,place_w168549376,بلوار آیت‌الله طالقانی جنوبی,spelling,osm
alias_w168549387_6044,place_w168549387,غزال,colloquial,osm
alias_w168549493_6045,place_w168549493,شکری,spelling,osm
alias_w168549617_6046,place_w168549617,هفتم جواد آباد,colloquial,osm
alias_w168586888_6047,place_w168586888,پیروزی,colloquial,osm
alias_w168683534_6048,place_w168683534,رشتیان,colloquial,osm
alias_w168683540_6049,place_w168683540,حاجی‌آباد,colloquial,osm
alias_w169482652_6050,place_w169482652,خوش اخلاق,colloquial,osm
alias_w169482881_6051,place_w169482881,کتبی,colloquial,osm
alias_w169482981_6052,place_w169482981,بلوار شیراز,colloquial,osm
alias_w169483095_6053,place_w169483095,فیض,colloquial,osm
alias_w170571987_6054,place_w170571987,پل سوم,colloquial,osm
alias_w170571990_6055,place_w170571990,خیابان شهرداری,colloquial,osm
alias_w170572061_6056,place_w170572061,فلکه آمل,colloquial,osm
alias_w170572062_6057,place_w170572062,بلوار حضرت معصومه(س),colloquial,osm
alias_w171350433_6058,place_w171350433,شهید دکتر قاسمی,colloquial,osm
alias_w171350816_6059,place_w171350816,۱۳ شرقی,colloquial,osm
alias_w171533829_6060,place_w171533829,مجدم,colloquial,osm
alias_w171533865_6061,place_w171533865,میدان زندان,colloquial,osm
alias_w171534064_6062,place_w171534064,میدان شهید سردار محمدرضا علیخانی,colloquial,osm
alias_w171543278_6063,place_w171543278,یوسفی,colloquial,osm
alias_w173451027_6064,place_w173451027,خیابان شهید یزدی,colloquial,osm
alias_w173699558_6065,place_w173699558,خیابان ١٧ شهریور جدید,spelling,osm
alias_w173699560_6066,place_w173699560,شهناز,old,osm
alias_w174845593_6067,place_w174845593,آناتول فرانس,old,osm
alias_w174859164_6068,place_w174859164,ساعات قاباغی,spelling,osm
alias_w174859232_6069,place_w174859232,چهارراه لاله,colloquial,osm
alias_w174859239_6070,place_w174859239,خیابان ١٧ شهریور جدید,spelling,osm
alias_w175010988_6071,place_w175010988,میدان آموزش و پرورش,colloquial,osm
alias_w175073985_6072,place_w175073985,گاراژ پهلوان,colloquial,osm
alias_w175074080_6073,place_w175074080,بلوار زنده یاد علی پیرمرادی,colloquial,osm
alias_w175074095_6074,place_w175074095,بلوار تختی,colloquial,osm
alias_w175074113_6075,place_w175074113,میدان مقاومت,colloquial,osm
alias_w175074113_6076,place_w175074113,میدان شهید سپهبد حاج قاسم سلیمانی,colloquial,osm
alias_w175074129_6077,place_w175074129,میدان نور,colloquial,osm
alias_w175074141_6078,place_w175074141,هیراد خان,colloquial,osm
alias_w175074146_6079,place_w175074146,میدان گلستان,colloquial,osm
alias_w175074249_6080,place_w175074249,میدان قدس,colloquial,osm
alias_w175162360_6081,place_w175162360,شهید رزقیان,colloquial,osm
alias_w175162371_6082,place_w175162371,شهید رزقیان,colloquial,osm
alias_w175162395_6083,place_w175162395,بلوار 29 بهمن,spelling,osm
alias_w175246143_6084,place_w175246143,علی آباد,colloquial,osm
alias_w175352662_6085,place_w175352662,بلوار شهید قاسم سلیمانی,colloquial,osm
alias_w175473863_6086,place_w175473863,۱۲ متری فرامرزی,colloquial,osm
alias_w175474131_6087,place_w175474131,جمهوری شمالی,colloquial,osm
alias_w175580948_6088,place_w175580948,بزرگراه اوز - گراش,spelling,osm
alias_w175581103_6089,place_w175581103,بلوار شیخ احمد انصاری,colloquial,osm
alias_w175598730_6090,place_w175598730,گاز,colloquial,osm
alias_w175668774_6091,place_w175668774,گلستان,colloquial,osm
alias_w175672505_6092,place_w175672505,بلوار وکیل,old,osm
alias_w175672630_6093,place_w175672630,گوموش قیه,colloquial,osm
alias_w175673904_6094,place_w175673904,خیابان حزب الله,colloquial,osm
alias_w175681019_6095,place_w175681019,چای کنار آزادی,colloquial,osm
alias_w175681028_6096,place_w175681028,چای کنار آزادی,colloquial,osm
alias_w175770848_6097,place_w175770848,میدان شهیاد,old,osm
alias_w175770848_6098,place_w175770848,میدان آزادی,spelling,osm
alias_w175770904_6099,place_w175770904,جناح,colloquial,osm
alias_w175770927_6100,place_w175770927,بزرگراه شهیاد,old,osm
alias_w175770930_6101,place_w175770930,بزرگراه شهیاد,old,osm
alias_w175813467_6102,place_w175813467,دزاشیب,old,osm
alias_w175815528_6103,place_w175815528,نیایش,colloquial,osm
alias_w175818344_6104,place_w175818344,پهلوی,old,osm
alias_w175818344_6105,place_w175818344,ولیعصر,colloquial,osm
alias_w175866864_6106,place_w175866864,پل شهید حاجی,colloquial,osm
alias_w175866868_6107,place_w175866868,پل شهید حاجی,colloquial,osm
alias_w175868084_6108,place_w175868084,پالیزی,colloquial,osm
alias_w175875198_6109,place_w175875198,سهیل,old,osm
alias_w175875441_6111,place_w175875441,ایمان,colloquial,osm
alias_w175898544_6112,place_w175898544,گلگشت,colloquial,osm
alias_w175898550_6113,place_w175898550,امین,colloquial,osm
alias_w176386320_6114,place_w176386320,شقایق,colloquial,osm
alias_w176390759_6115,place_w176390759,جوانه,colloquial,osm
alias_w176391129_6116,place_w176391129,میدان دردشت,old,osm
alias_w176478151_6117,place_w176478151,علیزاده,colloquial,osm
alias_w176552425_6118,place_w176552425,دروازه تهران,colloquial,osm
alias_w176563717_6119,place_w176563717,جهاد سازندگی,colloquial,osm
alias_w176563717_6120,place_w176563717,هپکو,colloquial,osm
alias_w176563722_6121,place_w176563722,جهاد سازندگی,colloquial,osm
alias_w176563722_6122,place_w176563722,هپکو,colloquial,osm
alias_w176589779_6123,place_w176589779,کمربندی شمالی اراک,colloquial,osm
alias_w176646870_6124,place_w176646870,میدان طوس,colloquial,osm
alias_w176694860_6125,place_w176694860,بلوار خلیج فارس,colloquial,osm
alias_w176694869_6126,place_w176694869,میدان سردشت,colloquial,osm
alias_w176786547_6127,place_w176786547,بلوار شهید سلیمانی,colloquial,osm
alias_w176851170_6128,place_w176851170,بلوار غدیر,colloquial,osm
alias_w176873758_6129,place_w176873758,میدان حر,colloquial,osm
alias_w176979629_6130,place_w176979629,بلوار صیادان,colloquial,osm
alias_w176979629_6131,place_w176979629,برگ سبز,colloquial,osm
alias_w177150751_6133,place_w177150751,بلوار شهید صدوقی,colloquial,osm
alias_w177157119_6134,place_w177157119,آق تپه,colloquial,osm
alias_w177571779_6135,place_w177571779,سامت,colloquial,osm
alias_w177576590_6136,place_w177576590,حکمت ۱۲,colloquial,osm
alias_w177592818_6137,place_w177592818,اکباتان,colloquial,osm
alias_w177810125_6138,place_w177810125,راه انزاب,colloquial,osm
alias_w177810125_6139,place_w177810125,خیابان شهید مبارکی,colloquial,osm
alias_w177810129_6140,place_w177810129,خیابان مهر,colloquial,osm
alias_w177867653_6141,place_w177867653,میدان کوروش,old,osm
alias_w177867669_6142,place_w177867669,میدان بهشت,colloquial,osm
alias_w177867674_6143,place_w177867674,میدان یادبود شهدای شیمیایی,colloquial,osm
alias_w177867674_6144,place_w177867674,میدان یادبود,colloquial,osm
alias_w177867683_6145,place_w177867683,میدان دانشگاه,old,osm
alias_w177867683_6146,place_w177867683,میدان آیت اله مدرس,colloquial,osm
alias_w177867688_6147,place_w177867688,بلوار مدرس,old,osm
alias_w177867701_6148,place_w177867701,میدان کشاورز,old,osm
alias_w177867716_6149,place_w177867716,میدان راهنمایی,colloquial,osm
alias_w177867746_6150,place_w177867746,میدان مجسمه,old,osm
alias_w177867750_6151,place_w177867750,گلسرخی شمالی,old,osm
alias_w177867757_6152,place_w177867757,رضا شاه,old,osm
alias_w177867769_6153,place_w177867769,نظامی گنجوی,old,osm
alias_w177908894_6154,place_w177908894,میدان زاگرس,old,osm
alias_w177908906_6155,place_w177908906,بهار,old,osm
alias_w177908929_6156,place_w177908929,بلوار شهرداری,colloquial,osm
alias_w177909219_6157,place_w177909219,میدان امامزاده عبدالله,colloquial,osm
alias_w177909226_6158,place_w177909226,آیت الله گنبدی,colloquial,osm
alias_w177955465_6159,place_w177955465,کنارگذر فتح,colloquial,osm
alias_w177998127_6160,place_w177998127,پیر مراد,colloquial,osm
alias_w177998127_6161,place_w177998127,بلوار پیرمراد,spelling,osm
alias_w178039573_6162,place_w178039573,بلوار سربازان گمنام,colloquial,osm
alias_w178143767_6163,place_w178143767,جانبازان,colloquial,osm
alias_w178329192_6164,place_w178329192,میدان احمدآباد,colloquial,osm
alias_w178353317_6165,place_w178353317,خیابان طالقانی,spelling,osm
alias_w178660909_6166,place_w178660909,بلوار آیت الله هاشمی رفسنجانی,old,osm
alias_w178664667_6167,place_w178664667,میدان کوهنورد,colloquial,osm
alias_w178702079_6168,place_w178702079,میدان علیمردان خان بختیاری,colloquial,osm
alias_w178702082_6169,place_w178702082,میدان بختیاری,colloquial,osm
alias_w178702086_6170,place_w178702086,جاده کولرشاپ/سرمسجد/ جی تایپ/چهاربیشه,colloquial,osm
alias_w178702089_6171,place_w178702089,بلوار نفتک,colloquial,osm
alias_w178702089_6172,place_w178702089,بلوار شهيد مرتضی حسین پور,colloquial,osm
alias_w178702091_6173,place_w178702091,بلوار نفتک,colloquial,osm
alias_w178702091_6174,place_w178702091,بلوار شهيد مرتضی حسین پور,colloquial,osm
alias_w178702110_6175,place_w178702110,میدان شهید بهنام محمدی,colloquial,osm
alias_w178710199_6176,place_w178710199,سپند,colloquial,osm
alias_w178718587_6177,place_w178718587,کوشش,colloquial,osm
alias_w178762530_6178,place_w178762530,خیابان دانش,spelling,osm
alias_w178827394_6179,place_w178827394,بیمه سوم,old,osm
alias_w179052261_6180,place_w179052261,جاده اندیمشک - پاعلم - پلدختر,colloquial,osm
alias_w179052314_6181,place_w179052314,۲۲ بهمن,colloquial,osm
alias_w179112416_6182,place_w179112416,بلوار سفیر امید,colloquial,osm
alias_w179379157_6183,place_w179379157,میدان انقلاب,colloquial,osm
alias_w179457196_6184,place_w179457196,جاده کشتارگاه,colloquial,osm
alias_w179544227_6185,place_w179544227,خیابان شهرک شهید سلطانی,colloquial,osm
alias_w179544248_6186,place_w179544248,میدان بسیج,colloquial,osm
alias_w179544260_6187,place_w179544260,بلوار شهرداری,colloquial,osm
alias_w180131706_6188,place_w180131706,رضوان,old,osm
alias_w180168876_6189,place_w180168876,بلوار ولیعصر,spelling,osm
alias_w180313361_6190,place_w180313361,بزرگراه شهدای صفه,colloquial,osm
alias_w180338310_6191,place_w180338310,بلوار سازمان آب,colloquial,osm
alias_w180338310_6192,place_w180338310,بلوار شهید مجتبی خدامی,colloquial,osm
alias_w180338641_6193,place_w180338641,جاده مال قائد,colloquial,osm
alias_w180375912_6194,place_w180375912,میدان دریاچه,colloquial,osm
alias_w180381189_6195,place_w180381189,کار آفرینی,colloquial,osm
alias_w180474644_6196,place_w180474644,بلوار شهید حسین فهمیده,colloquial,osm
alias_w180474815_6197,place_w180474815,معزالسلطان,old,osm
alias_w180474816_6198,place_w180474816,دروازه قزوین,old,osm
alias_w180517550_6199,place_w180517550,تختی ۴۳,colloquial,osm
alias_w180564254_6200,place_w180564254,بلوار شهیدان ستوده,colloquial,osm
alias_w180564601_6201,place_w180564601,میدان الغدیر,colloquial,osm
alias_w180565684_6202,place_w180565684,فلکه فین,colloquial,osm
alias_w180565690_6203,place_w180565690,خیابان ملامحسن فیض کاشانی,colloquial,osm
alias_w180565696_6204,place_w180565696,خیابان محتشم کاشانی,colloquial,osm
alias_w180565711_6205,place_w180565711,خیابان شهید رجایی,colloquial,osm
alias_w180567888_6206,place_w180567888,خیابان راه آهن,colloquial,osm
alias_w180626194_6207,place_w180626194,بزرگراه شهید سهراب نوروزی,colloquial,osm
alias_w180707387_6208,place_w180707387,میدان آصف,old,osm
alias_w181200694_6209,place_w181200694,میدان شهیدان ستونه,colloquial,osm
alias_w181200695_6210,place_w181200695,بلوارشهیدان عبدالله ومرتضی پوست کن,colloquial,osm
alias_w181200745_6211,place_w181200745,میدان بید بلند,colloquial,osm
alias_w181200803_6212,place_w181200803,میدان تختی,colloquial,osm
alias_w181200804_6213,place_w181200804,بلوار شهید غلامرضا مظفری,colloquial,osm
alias_w181200810_6214,place_w181200810,میدان زیدون,colloquial,osm
alias_w181200820_6215,place_w181200820,میدان لاله,colloquial,osm
alias_w181200825_6216,place_w181200825,میدان دانشگاه - میدان ساعت,colloquial,osm
alias_w181274361_6217,place_w181274361,میدان تامین اجتماعی,colloquial,osm
alias_w181274362_6218,place_w181274362,۶۰ متری,colloquial,osm
alias_w181306664_6219,place_w181306664,میدان چمنک,colloquial,osm
alias_w181306683_6220,place_w181306683,میدان شهید جنت شعار,colloquial,osm
alias_w181493991_6221,place_w181493991,میدان ساعت,colloquial,osm
alias_w181494001_6222,place_w181494001,شهروند,colloquial,osm
alias_w181750218_6223,place_w181750218,بابا علیشاه,old,osm
alias_w181772628_6224,place_w181772628,مصلی,colloquial,osm
alias_w182084006_6225,place_w182084006,سی‌متری,colloquial,osm
alias_w182372882_6226,place_w182372882,قربانی,colloquial,osm
alias_w182460594_6227,place_w182460594,بلوار شهید چمران,colloquial,osm
alias_w182514169_6228,place_w182514169,سلمان فارسی 6,colloquial,osm
alias_w182515300_6229,place_w182515300,بلوار 60 متری,colloquial,osm
alias_w182572059_6230,place_w182572059,ساحلی غربی,colloquial,osm
alias_w182590072_6231,place_w182590072,کەمەربەنی هوار,colloquial,osm
alias_w182590073_6232,place_w182590073,کەمەربەنی هوار,colloquial,osm
alias_w182590076_6233,place_w182590076,آیت الله کاظمی,colloquial,osm
alias_w182603151_6234,place_w182603151,بلوار طاق بستان,colloquial,osm
alias_w182603152_6235,place_w182603152,بلوار طاق بستان,colloquial,osm
alias_w182603155_6236,place_w182603155,بلوار طاقبستان,colloquial,osm
alias_w182603155_6237,place_w182603155,بلوار طاق بستان,colloquial,osm
alias_w182603156_6238,place_w182603156,بلوار طاقبستان,colloquial,osm
alias_w182603156_6239,place_w182603156,بلوار طاق بستان,colloquial,osm
alias_w182618756_6240,place_w182618756,بزرگراه راه کربلا,spelling,osm
alias_w182618780_6241,place_w182618780,بزرگراه کمربندی,old,osm
alias_w182618780_6243,place_w182618780,بزرگراه امام حسین,spelling,osm
alias_w182618796_6244,place_w182618796,میدان تاجگذاری,old,osm
alias_w182618816_6246,place_w182618816,خیابان صابونی,colloquial,osm
alias_w182618840_6248,place_w182618840,میدان کوروش,old,osm
alias_w182618840_6249,place_w182618840,گاراژ,colloquial,osm
alias_w182618840_6250,place_w182618840,گاراج,colloquial,osm
alias_w182618877_6251,place_w182618877,بلوار طاق بستان,colloquial,osm
alias_w182670196_6252,place_w182670196,خیابان کسری,old,osm
alias_w182670199_6254,place_w182670199,میدان شاه,old,osm
alias_w182670201_6255,place_w182670201,خیابان فردوسی,old,osm
alias_w182670202_6257,place_w182670202,میدان ۲۸ مرداد,old,osm
alias_w182670202_6258,place_w182670202,میدان مصدق,colloquial,osm
alias_w182670203_6259,place_w182670203,خیابان شاه,old,osm
alias_w182670203_6260,place_w182670203,خیابان دبیر اعظم,colloquial,osm
alias_w182670203_6261,place_w182670203,خیابان مصدق,colloquial,osm
alias_w182670205_6262,place_w182670205,میدان ششم بهمن,old,osm
alias_w182670205_6263,place_w182670205,میدان شهرداری سابق,colloquial,osm
alias_w182670205_6264,place_w182670205,میدان انقلاب اسلامی,spelling,osm
alias_w182670206_6265,place_w182670206,خیابان سپه,old,osm
alias_w182670220_6266,place_w182670220,بزرگراه کمربندی,old,osm
alias_w182670220_6267,place_w182670220,بزرگراه امام حسین,spelling,osm
alias_w182670221_6268,place_w182670221,بزرگراه کمربندی,old,osm
alias_w182670221_6269,place_w182670221,بزرگراه امام حسین,spelling,osm
alias_w182670223_6270,place_w182670223,بزرگراه کمربندی,old,osm
alias_w182670223_6272,place_w182670223,بزرگراه امام حسین,spelling,osm
alias_w182670227_6273,place_w182670227,بزرگراه امام حسین,spelling,osm
alias_w182670230_6274,place_w182670230,بزرگراه امام حسین,spelling,osm
alias_w182682284_6275,place_w182682284,خیابان کوروش,old,osm
alias_w182682284_6276,place_w182682284,چهل متری سیروس,colloquial,osm
alias_w182682299_6277,place_w182682299,میدان سنجابی,colloquial,osm
alias_w182682332_6278,place_w182682332,خیابان سنجابی,old,osm
alias_w182682376_6280,place_w182682376,سیده فاطمه,colloquial,osm
alias_w182682382_6282,place_w182682382,خیابان کوهساری,colloquial,osm
alias_w182696787_6283,place_w182696787,بلوار گذرنامه,old,osm
alias_w182696815_6285,place_w182696815,خیابان برق,old,osm
alias_w182696832_6286,place_w182696832,خیابان رشید یاسمی,old,osm
alias_w182696839_6287,place_w182696839,میدان وزیری,colloquial,osm
alias_w182696849_6288,place_w182696849,خیابان رشید یاسمی,old,osm
alias_w182696849_6289,place_w182696849,خیابان رشیدی,colloquial,osm
alias_w182696934_6290,place_w182696934,میدان آقا شیخ هادی,colloquial,osm
alias_w182696936_6291,place_w182696936,میدان شهناز,old,osm
alias_w182696937_6293,place_w182696937,خیابان شهناز,old,osm
alias_w182696937_6294,place_w182696937,خیابان برزه دماغ,colloquial,osm
alias_w182696937_6295,place_w182696937,برزه دماغ,spelling,osm
alias_w182696940_6296,place_w182696940,خیابان باریکه,old,osm
alias_w182701791_6297,place_w182701791,میدان سپاهیان انقلاب,old,osm
alias_w182701791_6298,place_w182701791,میدان جوانشیر,colloquial,osm
alias_w182701810_6299,place_w182701810,خیابان شیروخورشید,old,osm
alias_w182701810_6300,place_w182701810,خیابان شهید مدنی,colloquial,osm
alias_w182701811_6301,place_w182701811,میدان فاطمیه,old,osm
alias_w182701811_6302,place_w182701811,میدان فاطمی,colloquial,osm
alias_w182701811_6303,place_w182701811,میدان رفعتیه,colloquial,osm
alias_w182701812_6304,place_w182701812,خیابان فرح,old,osm
alias_w182701814_6305,place_w182701814,خیابان ذوالریاستین,old,osm
alias_w182701816_6306,place_w182701816,پرورشگاه,old,osm
alias_w182701816_6307,place_w182701816,یداللهی,colloquial,osm
alias_w182701821_6308,place_w182701821,بلوار جام جم,colloquial,osm
alias_w182834290_6309,place_w182834290,خیابان نطنز,colloquial,osm
alias_w182933429_6310,place_w182933429,مردوخ,colloquial,osm
alias_w182933483_6311,place_w182933483,میدان لشکر,colloquial,osm
alias_w182933486_6312,place_w182933486,بلوار چمران,colloquial,osm
alias_w182933487_6313,place_w182933487,بلوار چمران,colloquial,osm
alias_w182933491_6314,place_w182933491,میدان غفور,colloquial,osm
alias_w182933499_6315,place_w182933499,خسرو آباد,colloquial,osm
alias_w182933527_6316,place_w182933527,خیابان وکیل,colloquial,osm
alias_w182933550_6317,place_w182933550,شاپور,old,osm
alias_w182933553_6318,place_w182933553,سیروس,colloquial,osm
alias_w182933615_6319,place_w182933615,میدان فیض آباد,colloquial,osm
alias_w182933654_6320,place_w182933654,ولیعهد,colloquial,osm
alias_w183003245_6321,place_w183003245,پل حاجی,colloquial,osm
alias_w183060575_6322,place_w183060575,رسالت,colloquial,osm
alias_w183190964_6323,place_w183190964,میدان هفتون,colloquial,osm
alias_w183190965_6324,place_w183190965,نسیم,colloquial,osm
alias_w183190969_6325,place_w183190969,نسیم,colloquial,osm
alias_w183216783_6326,place_w183216783,پل سرهنگ,colloquial,osm
alias_w183365290_6327,place_w183365290,مسجد حکیم,colloquial,osm
alias_w183372906_6328,place_w183372906,ارسنجان - سعادت شهر,colloquial,osm
alias_w183414736_6329,place_w183414736,۲۴ متری,colloquial,osm
alias_w183427632_6330,place_w183427632,مدرس قدیم,colloquial,osm
alias_w183502561_6331,place_w183502561,کشاورز,colloquial,osm
alias_w183502589_6332,place_w183502589,میدان شهدای ورزشکار,colloquial,osm
alias_w183580935_6333,place_w183580935,فلکه جوان,colloquial,osm
alias_w183641751_6334,place_w183641751,پل شهید قربانعلی عرب,colloquial,osm
alias_w183657748_6335,place_w183657748,سه پله,colloquial,osm
alias_w183657756_6336,place_w183657756,زیتون,colloquial,osm
alias_w183657762_6337,place_w183657762,سه پله,colloquial,osm
alias_w184197245_6338,place_w184197245,پریشن,colloquial,osm
alias_w184492568_6339,place_w184492568,بلوار فروردین جنوبی,colloquial,osm
alias_w184492585_6340,place_w184492585,میدان شهدای خدمت,colloquial,osm
alias_w184558507_6341,place_w184558507,سلطنت آباد,old,osm
alias_w184558507_6342,place_w184558507,Pasdaran Avenue,colloquial,osm
alias_w185747158_6343,place_w185747158,میدان وثوقی,spelling,osm
alias_w186022798_6344,place_w186022798,خیابان شهید باکری,colloquial,osm
alias_w186750992_6345,place_w186750992,میدان فرهنگیان,colloquial,osm
alias_w188138739_6346,place_w188138739,بلوار نماز,colloquial,osm
alias_w189056939_6347,place_w189056939,فلکه بانک ملی,colloquial,osm
alias_w189100675_6348,place_w189100675,میدان کوره خانه,colloquial,osm
alias_w189100678_6349,place_w189100678,میدان معلم,colloquial,osm
alias_w189100735_6350,place_w189100735,میدان گاز,colloquial,osm
alias_w189112690_6351,place_w189112690,خیابان تپلی باغ,old,osm
alias_w189112749_6352,place_w189112749,آیت الله مدرس,colloquial,osm
alias_w189112754_6353,place_w189112754,آیت الله مجتهد حائری,colloquial,osm
alias_w189112762_6354,place_w189112762,شهید ایت اله طالقانی,colloquial,osm
alias_w189116776_6355,place_w189116776,شانزده متری غربی,colloquial,osm
alias_w189127206_6356,place_w189127206,بلوار امیرکبیر,colloquial,osm
alias_w190005168_6357,place_w190005168,بلوار شهید تیموری,colloquial,osm
alias_w190005839_6358,place_w190005839,بلوار سعدی,old,osm
alias_w190005839_6359,place_w190005839,بلوار شهید قاسم سلیمانی,colloquial,osm
alias_w191059908_6360,place_w191059908,بلوار فاتح,colloquial,osm
alias_w191352069_6361,place_w191352069,حجاب ۵۸,old,osm
alias_w191352081_6362,place_w191352081,حجاب ۷۵,old,osm
alias_w191352085_6363,place_w191352085,حجاب ۸۵,old,osm
alias_w191579025_6364,place_w191579025,اسدی,old,osm
alias_w191582821_6365,place_w191582821,بزرگراه شاهنشاهی,old,osm
alias_w191582827_6366,place_w191582827,بزرگراه شاهنشاهی,old,osm
alias_w191674093_6367,place_w191674093,دستور,old,osm
alias_w191674093_6368,place_w191674093,علی محمدی,colloquial,osm
alias_w191674093_6369,place_w191674093,نظامی,colloquial,osm
alias_w191891830_6370,place_w191891830,خواجه نظام الملک,old,osm
alias_w191941907_6372,place_w191941907,ژاله,old,osm
alias_w191941907_6373,place_w191941907,بسیج,colloquial,osm
alias_w191941911_6374,place_w191941911,شهید علی رنجبر,colloquial,osm
alias_w191973898_6375,place_w191973898,خیابان ینگه‌قلعه,colloquial,osm
alias_w192147960_6376,place_w192147960,میدان دادگستری,colloquial,osm
alias_w192147982_6377,place_w192147982,میدان دادگستری,colloquial,osm
alias_w192147984_6378,place_w192147984,میدان دادگستری,colloquial,osm
alias_w192148007_6379,place_w192148007,میدان دادگستری,colloquial,osm
alias_w192584631_6380,place_w192584631,کنارگذر فتح,colloquial,osm
alias_w193015782_6381,place_w193015782,امین الملک,colloquial,osm
alias_w193193196_6382,place_w193193196,بزرگراه آیت الله سعیدی,spelling,osm
alias_w193439356_6383,place_w193439356,رشید,colloquial,osm
alias_w193439356_6384,place_w193439356,۱۱۵,colloquial,osm
alias_w193452528_6385,place_w193452528,۲۱۲ غربی,colloquial,osm
alias_w193455291_6386,place_w193455291,بلوار پروین,old,osm
alias_w193832488_6388,place_w193832488,۲۱۲ شرقی,colloquial,osm
alias_w193839567_6389,place_w193839567,خاک سفید,old,osm
alias_w193839567_6390,place_w193839567,امین,colloquial,osm
alias_w193847287_6391,place_w193847287,احسان,old,osm
alias_w194177994_6392,place_w194177994,بابا رکن الدین,colloquial,osm
alias_w194380936_6393,place_w194380936,دکتر جلالی,colloquial,osm
alias_w194400732_6394,place_w194400732,پل ششم,colloquial,osm
alias_w194541764_6395,place_w194541764,جابر,colloquial,osm
alias_w194675996_6396,place_w194675996,میدان نگهبانی,old,osm
alias_w194675996_6397,place_w194675996,میدان شهدای قانا,colloquial,osm
alias_w195029831_6398,place_w195029831,امام رضا ۶۴,colloquial,osm
alias_w195521534_6399,place_w195521534,بصیر,old,osm
alias_w195521581_6400,place_w195521581,مسیل جاجرود,old,osm
alias_w195983012_6401,place_w195983012,میثم البرز,colloquial,osm
alias_w195983021_6402,place_w195983021,زیرگذر امام علی,colloquial,osm
alias_w196173758_6403,place_w196173758,کبودوال,colloquial,osm
alias_w196173878_6404,place_w196173878,سی متری شمالی,colloquial,osm
alias_w196173881_6405,place_w196173881,هنرستان,old,osm
alias_w196173899_6406,place_w196173899,صبا۵,colloquial,osm
alias_w196173927_6407,place_w196173927,۳۰ صبا,colloquial,osm
alias_w196195567_6408,place_w196195567,حافظ ۲۱,colloquial,osm
alias_w196217041_6409,place_w196217041,پل کابلی,old,osm
alias_w196217058_6411,place_w196217058,پل کابلی,old,osm
alias_w196503349_6413,place_w196503349,آخر طالقانی,colloquial,osm
alias_w196503372_6414,place_w196503372,بزرگراه نیایش(روگذر آخر مارالان),old,osm
alias_w196503375_6415,place_w196503375,بزرگراه نیایش,old,osm
alias_w196574004_6416,place_w196574004,بلوار استقلال,colloquial,osm
alias_w196794924_6417,place_w196794924,میدان استادیوم,colloquial,osm
alias_w196794929_6418,place_w196794929,میدان شهید شریف,colloquial,osm
alias_w196924479_6419,place_w196924479,میدان بار,colloquial,osm
alias_w196924483_6420,place_w196924483,میدان شهید حیدری,colloquial,osm
alias_w197187752_6421,place_w197187752,شهید یاسینی,colloquial,osm
alias_w197187754_6422,place_w197187754,بلوار فرودگاه - بلوار شهید عارف کایدخورده,colloquial,osm
alias_w197187765_6423,place_w197187765,میدان ظفر,colloquial,osm
alias_w197187776_6424,place_w197187776,پل جهان آرا,colloquial,osm
alias_w197187784_6425,place_w197187784,میدان اردیبهشت,colloquial,osm
alias_w197781335_6426,place_w197781335,بلوار بریانک شرقی,spelling,osm
alias_w197806779_6427,place_w197806779,کمربندی,colloquial,osm
alias_w197806788_6428,place_w197806788,حضرت علی اکبر,colloquial,osm
alias_w197851193_6429,place_w197851193,فدائیان اسلام,old,osm
alias_w197920435_6430,place_w197920435,کشاورزی,old,osm
alias_w197957506_6431,place_w197957506,اتوبان زرین شهر-اصفهان,colloquial,osm
alias_w197970308_6432,place_w197970308,زیرگذر گلستان شهدا,colloquial,osm
alias_w198101166_6433,place_w198101166,میدان عشرت آباد,old,osm
alias_w198564377_6435,place_w198564377,شهرزاد,old,osm
alias_w198564377_6436,place_w198564377,بروجردی,colloquial,osm
alias_w198810505_6438,place_w198810505,Movahedi,colloquial,osm
alias_w198948347_6439,place_w198948347,کمربندی,colloquial,osm
alias_w198953507_6440,place_w198953507,۴۵ متری,colloquial,osm
alias_w198990397_6441,place_w198990397,هشتصد دستگاه,colloquial,osm
alias_w198990403_6442,place_w198990403,میدان فرمانداری,colloquial,osm
alias_w198990407_6443,place_w198990407,۶۰ متری,colloquial,osm
alias_w199096575_6444,place_w199096575,شهید سلیمانی,colloquial,osm
alias_w199096581_6445,place_w199096581,شهید سلیمانی,colloquial,osm
alias_w199112994_6446,place_w199112994,کمربندی عیش آباد,colloquial,osm
alias_w199113027_6447,place_w199113027,کمربندی مهداب,colloquial,osm
alias_w199113053_6448,place_w199113053,خیابان شیخ ها,colloquial,osm
alias_w199113129_6449,place_w199113129,کمربندی دشتو,colloquial,osm
alias_w199129301_6450,place_w199129301,فلکه گل,colloquial,osm
alias_w199131499_6451,place_w199131499,میدان زندان,colloquial,osm
alias_w199131514_6452,place_w199131514,میدان هه لو,colloquial,osm
alias_w199151863_6453,place_w199151863,کوثر,colloquial,osm
alias_w199212592_6454,place_w199212592,کمربندی,colloquial,osm
alias_w199212597_6455,place_w199212597,کمربندی,colloquial,osm
alias_w199212613_6456,place_w199212613,سیلو,colloquial,osm
alias_w199496087_6457,place_w199496087,بلوار خرم رودی,colloquial,osm
alias_w199496192_6458,place_w199496192,میدان چالیمار,colloquial,osm
alias_w199562410_6459,place_w199562410,میدان آزادی,colloquial,osm
alias_w199575845_6460,place_w199575845,بزرگراه خلیج فارس,colloquial,osm
alias_w199575845_6461,place_w199575845,کمربندی جنوبی,colloquial,osm
alias_w199584352_6462,place_w199584352,اردیبهشت,colloquial,osm
alias_w199584352_6463,place_w199584352,بلوار شهید نیکو عمل,spelling,osm
alias_w199584352_6464,place_w199584352,افسریه چهارم,colloquial,osm
alias_w199732265_6465,place_w199732265,میدان گلستان,colloquial,osm
alias_w199801376_6466,place_w199801376,میدان دا,colloquial,osm
alias_w199801388_6467,place_w199801388,شهید اسماعیل غلامی یاراحمدی,colloquial,osm
alias_w199893165_6468,place_w199893165,فلکه عنکبوت,colloquial,osm
alias_w199910423_6469,place_w199910423,علی ایمانی نصب,colloquial,osm
alias_w200069959_6470,place_w200069959,بزرگراه جهرم - شیراز,colloquial,osm
alias_w200069961_6471,place_w200069961,انقلاب,colloquial,osm
alias_w200069962_6472,place_w200069962,علامه خفری,colloquial,osm
alias_w200069963_6473,place_w200069963,علامه خفری,colloquial,osm
alias_w200076344_6474,place_w200076344,میدان شهید فسایی,colloquial,osm
alias_w200088090_6475,place_w200088090,کمربندی,colloquial,osm
alias_w200197587_6476,place_w200197587,شهرزاد شمالی,colloquial,osm
alias_w200341899_6477,place_w200341899,آزادی,colloquial,osm
alias_w200341912_6478,place_w200341912,فلکه شهرداری,colloquial,osm
alias_w200341931_6479,place_w200341931,آزادی,colloquial,osm
alias_w200341978_6480,place_w200341978,بلوار بسیج,old,osm
alias_w200444333_6481,place_w200444333,میدان شهرداری,colloquial,osm
alias_w200444334_6482,place_w200444334,بلوار آرامگاه,spelling,osm
alias_w200444335_6483,place_w200444335,بلوار آرامگاه,spelling,osm
alias_w200454244_6484,place_w200454244,رزم آرا,old,osm
alias_w200454244_6485,place_w200454244,فدائیان اسلام,colloquial,osm
alias_w200454247_6486,place_w200454247,عروجی,colloquial,osm
alias_w200454249_6487,place_w200454249,عروجی,colloquial,osm
alias_w200481922_6488,place_w200481922,خیابان سی متری,colloquial,osm
alias_w200482019_6489,place_w200482019,جاده قدیم کرج,old,osm
alias_w200482019_6490,place_w200482019,بزرگراه فتح,colloquial,osm
alias_w200490817_6491,place_w200490817,بلوار هفده شهریور,colloquial,osm
alias_w200490827_6492,place_w200490827,کنارگذر فتح,colloquial,osm
alias_w200490852_6493,place_w200490852,جاده قدیم کرج,old,osm
alias_w200490852_6494,place_w200490852,بزرگراه فتح,colloquial,osm
alias_w200490856_6495,place_w200490856,جاده قدیم کرج,old,osm
alias_w200490856_6496,place_w200490856,بزرگراه فتح,colloquial,osm
alias_w200523181_6497,place_w200523181,بلوار استقلال,colloquial,osm
alias_w200523186_6498,place_w200523186,کارگر,colloquial,osm
alias_w200605729_6499,place_w200605729,شیر و خورشید,old,osm
alias_w200606259_6500,place_w200606259,شیروخورشید,old,osm
alias_w200714172_6501,place_w200714172,مغان,colloquial,osm
alias_w200828779_6502,place_w200828779,بلوار توحید شرقی,colloquial,osm
alias_w200856655_6503,place_w200856655,بلوار طالقانی,colloquial,osm
alias_w200911135_6504,place_w200911135,میدان کمال آباد,colloquial,osm
alias_w200911177_6505,place_w200911177,خیابان خیام,spelling,osm
alias_w200926445_6506,place_w200926445,بلوار امام رضا,colloquial,osm
alias_w200926459_6507,place_w200926459,میدان شهید خلعتبری,colloquial,osm
alias_w200944638_6508,place_w200944638,هشت متری,colloquial,osm
alias_w201120025_6509,place_w201120025,بلوار دادگستری,colloquial,osm
alias_w201198310_6510,place_w201198310,میدان سیدالشهدا,colloquial,osm
alias_w201198331_6511,place_w201198331,جاده شوراب,colloquial,osm
alias_w201198375_6512,place_w201198375,میدان قمسال,colloquial,osm
alias_w201198400_6513,place_w201198400,میدان معلم,colloquial,osm
alias_w201237817_6514,place_w201237817,اندیشه,colloquial,osm
alias_w201252717_6515,place_w201252717,خیابان عطار,colloquial,osm
alias_w201252726_6516,place_w201252726,کارگر,colloquial,osm
alias_w201252753_6517,place_w201252753,نصر,colloquial,osm
alias_w201295294_6518,place_w201295294,قنات,old,osm
alias_w201346757_6519,place_w201346757,بلوار شهید قاسم سلیمانی,colloquial,osm
alias_w201419407_6520,place_w201419407,بلادشاپور,colloquial,osm
alias_w201419416_6521,place_w201419416,کمربندی صدا سیما,old,osm
alias_w201419416_6522,place_w201419416,بلوار سردار سلیمانی,colloquial,osm
alias_w202033574_6523,place_w202033574,۱۰ متری,colloquial,osm
alias_w202256451_6524,place_w202256451,فرهنگ,colloquial,osm
alias_w202285724_6525,place_w202285724,۲۴ متری گلباد,colloquial,osm
alias_w202286320_6526,place_w202286320,میدان امام خمینی,colloquial,osm
alias_w202518710_6527,place_w202518710,بلوار وکیل,old,osm
alias_w202523098_6528,place_w202523098,آبرسانی,colloquial,osm
alias_w202523102_6529,place_w202523102,آبرسانی,colloquial,osm
alias_w202529094_6530,place_w202529094,فلکه چه کنم,colloquial,osm
alias_w202529099_6531,place_w202529099,بلوار ملاصدرا,old,osm
alias_w202529099_6532,place_w202529099,کمربندی,colloquial,osm
alias_w202529102_6533,place_w202529102,کمربندی,colloquial,osm
alias_w202529163_6534,place_w202529163,بلوار حاج تفضلی,colloquial,osm
alias_w202596471_6535,place_w202596471,۱۶ متری اول,colloquial,osm
alias_w202596477_6536,place_w202596477,شهیدان موسوی,colloquial,osm
alias_w202596480_6537,place_w202596480,میدان آذربایجان,colloquial,osm
alias_w202627918_6538,place_w202627918,Baharestan,spelling,osm
alias_w202627921_6539,place_w202627921,Sarhadi,spelling,osm
alias_w202628810_6540,place_w202628810,Asef,spelling,osm
alias_w202628813_6541,place_w202628813,Shariati,spelling,osm
alias_w202628815_6542,place_w202628815,Shahid Rajaee,spelling,osm
alias_w202628819_6543,place_w202628819,22th Bahman,spelling,osm
alias_w202650296_6544,place_w202650296,میدان فرح بخش,old,osm
alias_w202650296_6545,place_w202650296,میدان سلماس,spelling,osm
alias_w202672144_6546,place_w202672144,بلوار خلیج فارس,colloquial,osm
alias_w202763685_6547,place_w202763685,Azadi,spelling,osm
alias_w202763687_6548,place_w202763687,Danesh,spelling,osm
alias_w202763691_6549,place_w202763691,West Sahel,spelling,osm
alias_w202766891_6550,place_w202766891,Harir,spelling,osm
alias_w202813263_6551,place_w202813263,بلوار پناهپوری,colloquial,osm
alias_w202896177_6552,place_w202896177,میدان مادر,colloquial,osm
alias_w203027428_6553,place_w203027428,بلوار ولایت,colloquial,osm
alias_w203027433_6554,place_w203027433,بلوار ولایت,colloquial,osm
alias_w203027457_6555,place_w203027457,میدان معلم,colloquial,osm
alias_w203027474_6556,place_w203027474,بلوار شهید کسائیان,colloquial,osm
alias_w203027478_6557,place_w203027478,بلوار شهید کسائیان,colloquial,osm
alias_w203206905_6558,place_w203206905,طالقانی هفدهم,colloquial,osm
alias_w203212204_6559,place_w203212204,بزرگراه ولی عصر,old,osm
alias_w203212205_6560,place_w203212205,بزرگراه دفاع مقدس,colloquial,osm
alias_w203327099_6561,place_w203327099,شیوه برایم,old,osm
alias_w203327424_6562,place_w203327424,بلوار مهر,colloquial,osm
alias_w203330509_6563,place_w203330509,فرزاد طاهری,colloquial,osm
alias_w203343774_6564,place_w203343774,بلوار آزادی,colloquial,osm
alias_w203344012_6565,place_w203344012,میدان شهید سلیمانی,colloquial,osm
alias_w203365153_6566,place_w203365153,شلمچه,colloquial,osm
alias_w203365162_6567,place_w203365162,خیابان اروند ساحلی,spelling,osm
alias_w203368195_6568,place_w203368195,خیابان اروسیه,colloquial,osm
alias_w203413683_6569,place_w203413683,خیابان ویس القرنی,colloquial,osm
alias_w203413696_6570,place_w203413696,دولتانچک,old,osm
alias_w203413696_6571,place_w203413696,پلیس انقلاب,colloquial,osm
alias_w203479034_6572,place_w203479034,میدان راهیان نور,colloquial,osm
alias_w203482425_6573,place_w203482425,پاسداران,colloquial,osm
alias_w203484151_6574,place_w203484151,بلوار هفت تیر,colloquial,osm
alias_w204126966_6575,place_w204126966,چاسبی,colloquial,osm
alias_w204130717_6576,place_w204130717,حکیم جرجانی,colloquial,osm
alias_w204135157_6577,place_w204135157,کوثر شرقی,colloquial,osm
alias_w204383869_6578,place_w204383869,ذغال چال,colloquial,osm
alias_w204384005_6579,place_w204384005,میدان دانشجو,colloquial,osm
alias_w204384080_6580,place_w204384080,بلوار اصناف,colloquial,osm
alias_w204506375_6581,place_w204506375,بزرگراه نیاوران,old,osm
alias_w204506375_6582,place_w204506375,بزرگراه صیاد شیرازی,spelling,osm
alias_w204842933_6583,place_w204842933,فلکه ارتش,colloquial,osm
alias_w204883848_6584,place_w204883848,وزرا,old,osm
alias_w205057347_6585,place_w205057347,مازیار,colloquial,osm
alias_w205615285_6586,place_w205615285,بلوار ابن سینا,old,osm
alias_w205679193_6587,place_w205679193,بلوار شهید حسین عباسی,colloquial,osm
alias_w205681751_6588,place_w205681751,بلوار شهرداری,colloquial,osm
alias_w205685908_6589,place_w205685908,فلکه سردار ملی,colloquial,osm
alias_w205864724_6590,place_w205864724,کوچه رحیمی,old,osm
alias_w205890433_6591,place_w205890433,میدان ایالت,colloquial,osm
alias_w205900876_6592,place_w205900876,بلوار رجایی,spelling,osm
alias_w205900909_6593,place_w205900909,میدان استقلال,colloquial,osm
alias_w205900933_6594,place_w205900933,میدان گمرک,colloquial,osm
alias_w205901035_6595,place_w205901035,بلوار ژئوپارک,colloquial,osm
alias_w205901037_6596,place_w205901037,بلوار خلیج فارس,spelling,osm
alias_w205901049_6597,place_w205901049,میدان ولایت,spelling,osm
alias_w205976615_6598,place_w205976615,میدان گول اوستی,colloquial,osm
alias_w205981319_6599,place_w205981319,حجه الاسلام حسنی,colloquial,osm
alias_w206104557_6600,place_w206104557,خبرنگار,colloquial,osm
alias_w206840559_6601,place_w206840559,بنیاد شهید,colloquial,osm
alias_w206935565_6602,place_w206935565,خیابان نیاوران,old,osm
alias_w206943865_6604,place_w206943865,بوعلی,old,osm
alias_w206952569_6606,place_w206952569,خیابان تاج,old,osm
alias_w206969271_6607,place_w206969271,سه راه امین,colloquial,osm
alias_w207024437_6608,place_w207024437,بلوار امام جعفر صادق,colloquial,osm
alias_w207066170_6609,place_w207066170,امام خمینی 29,colloquial,osm
alias_w207066172_6610,place_w207066172,مهدی 35,colloquial,osm
alias_w207069174_6611,place_w207069174,بلوار سلیمان خاطر,colloquial,osm
alias_w207834446_6612,place_w207834446,اندیشه,colloquial,osm
alias_w207856666_6613,place_w207856666,دهخدا,colloquial,osm
alias_w208096058_6614,place_w208096058,مهریز,old,osm
alias_w208136512_6615,place_w208136512,بولوار حکمت,colloquial,osm
alias_w208200902_6616,place_w208200902,روشنایی,colloquial,osm
alias_w208701743_6617,place_w208701743,برق,colloquial,osm
alias_w208789583_6618,place_w208789583,بیست و پنج متری شکوفه,colloquial,osm
alias_w208789682_6619,place_w208789682,سراج,old,osm
alias_w208789734_6620,place_w208789734,دویست وچهل و چهار شرقی,colloquial,osm
alias_w208834835_6621,place_w208834835,Hengam Blvd,old,osm
alias_w208834877_6622,place_w208834877,شمیران نو,colloquial,osm
alias_w209018401_6623,place_w209018401,پویش,colloquial,osm
alias_w209018585_6624,place_w209018585,پهلوی,old,osm
alias_w209019126_6625,place_w209019126,شریعت ۱۱,colloquial,osm
alias_w209019204_6626,place_w209019204,کوچه بهار,colloquial,osm
alias_w209019234_6627,place_w209019234,شریعت 10,colloquial,osm
alias_w209700144_6628,place_w209700144,فرحبخش شرقی,colloquial,osm
alias_w209723357_6629,place_w209723357,شیرازی ۲۴,colloquial,osm
alias_w209779052_6630,place_w209779052,میدان نیایش,colloquial,osm
alias_w209779072_6631,place_w209779072,شهید عزیز غلامی,colloquial,osm
alias_w210190052_6632,place_w210190052,اندیشه ۶,colloquial,osm
alias_w210304097_6633,place_w210304097,شاهرضا,old,osm
alias_w210304098_6634,place_w210304098,شاهرضا,old,osm
alias_w210304099_6635,place_w210304099,شاهرضا,old,osm
alias_w210304102_6636,place_w210304102,شاهرضا,old,osm
alias_w210304103_6637,place_w210304103,شاهرضا,old,osm
alias_w210304165_6638,place_w210304165,لختی,old,osm
alias_w210304194_6639,place_w210304194,اکبرآباد,old,osm
alias_w210304194_6640,place_w210304194,هوشیار,colloquial,osm
alias_w210304197_6641,place_w210304197,پل چوبی,old,osm
alias_w210547593_6643,place_w210547593,بلوار ادیب,old,osm
alias_w210547594_6644,place_w210547594,بلوار ادیب,old,osm
alias_w210941081_6645,place_w210941081,پیرسرا,colloquial,osm
alias_w210942877_6646,place_w210942877,خیابان سام,colloquial,osm
alias_w210943400_6647,place_w210943400,Mellat,colloquial,osm
alias_w211193811_6648,place_w211193811,میدان آزادی,colloquial,osm
alias_w211193820_6649,place_w211193820,میدان شهید چمران,colloquial,osm
alias_w211193947_6650,place_w211193947,بزرگراه شهربابک - هرات,spelling,osm
alias_w211765914_6651,place_w211765914,ده متری,colloquial,osm
alias_w211765932_6652,place_w211765932,سهروردی,colloquial,osm
alias_w211957628_6653,place_w211957628,میدان دانشگاه,colloquial,osm
alias_w211991394_6654,place_w211991394,فلکه گاز,colloquial,osm
alias_w212023815_6655,place_w212023815,میدان شهرداری,colloquial,osm
alias_w212023816_6656,place_w212023816,بلوار بهشتی,colloquial,osm
alias_w212271709_6657,place_w212271709,منگر,colloquial,osm
alias_w212300879_6658,place_w212300879,قهرمان - محمد رحیم مسکین,colloquial,osm
alias_w212301095_6659,place_w212301095,پشت باغ بهشت,colloquial,osm
alias_w212301413_6660,place_w212301413,ادهم همدانی,colloquial,osm
alias_w212301578_6661,place_w212301578,هدایت,colloquial,osm
alias_w212320655_6662,place_w212320655,انقلاب,colloquial,osm
alias_w212701599_6663,place_w212701599,دانشجو,colloquial,osm
alias_w214368869_6664,place_w214368869,فلکه طوطی,colloquial,osm
alias_w214368872_6665,place_w214368872,فلکه الله,colloquial,osm
alias_w214369260_6666,place_w214369260,جهاد,colloquial,osm
alias_w215471353_6667,place_w215471353,میدان بهار,old,osm
alias_w215471436_6668,place_w215471436,فضل,colloquial,osm
alias_w215643985_6669,place_w215643985,۴۵ متری گلشهر,spelling,osm
alias_w216387218_6670,place_w216387218,جاده یحیی آباد,colloquial,osm
alias_w216883999_6671,place_w216883999,میدان انقلاب,colloquial,osm
alias_w216884002_6672,place_w216884002,دره تخت - کمندان,colloquial,osm
alias_w216884011_6673,place_w216884011,میدان آزادگان,colloquial,osm
alias_w216894276_6674,place_w216894276,میدان آزادگان,colloquial,osm
alias_w216944934_6675,place_w216944934,پرتو,colloquial,osm
alias_w217399799_6676,place_w217399799,نخل,colloquial,osm
alias_w217585168_6677,place_w217585168,فرهمند,spelling,osm
alias_w217651879_6678,place_w217651879,آزادی۳۱,spelling,osm
alias_w217958938_6679,place_w217958938,میدان گلزار شهدا,colloquial,osm
alias_w218852514_6680,place_w218852514,بوعلی,colloquial,osm
alias_w219616483_6681,place_w219616483,میدان سوم خرداد,colloquial,osm
alias_w219693436_6682,place_w219693436,خیابان شهرام طلوعی,colloquial,osm
alias_w219703098_6683,place_w219703098,فلکه شهرداری,colloquial,osm
alias_w220110689_6684,place_w220110689,طالقانی,colloquial,osm
alias_w220110705_6685,place_w220110705,میدان گلدان,colloquial,osm
alias_w220554904_6686,place_w220554904,خیابان تربیت,spelling,osm
alias_w220555361_6687,place_w220555361,خیابان ولایت,spelling,osm
alias_w220699515_6688,place_w220699515,خیابان خواجه ربیع,old,osm
alias_w220881722_6689,place_w220881722,بلوار جشنواره,colloquial,osm
alias_w220881925_6690,place_w220881925,تسلیحات,colloquial,osm
alias_w220881931_6691,place_w220881931,شیرمرد,old,osm
alias_w220881931_6692,place_w220881931,سهیلیان,colloquial,osm
alias_w221653662_6693,place_w221653662,ترمینال,colloquial,osm
alias_w221799789_6694,place_w221799789,خیابان اوقاف,colloquial,osm
alias_w221962520_6695,place_w221962520,بلوار 60 متری,colloquial,osm
alias_w221964534_6696,place_w221964534,بلوار مدیریت دولتی,colloquial,osm
alias_w221964539_6697,place_w221964539,بلوار مدیریت دولتی,colloquial,osm
alias_w222173436_6698,place_w222173436,شهدای ۱۷,colloquial,osm
alias_w222251571_6699,place_w222251571,میدان کیو,colloquial,osm
alias_w222758838_6700,place_w222758838,خیابان تهران نو,old,osm
alias_w222758838_6701,place_w222758838,خیابان دماوند,spelling,osm
alias_w222758844_6702,place_w222758844,بهرامی,old,osm
alias_w222758850_6703,place_w222758850,فرح آباد,old,osm
alias_w222758851_6704,place_w222758851,فرح آباد,old,osm
alias_w222758855_6705,place_w222758855,فرح جنوبی,old,osm
alias_w222758873_6706,place_w222758873,طاووسی,old,osm
alias_w222758956_6707,place_w222758956,بهرامی,old,osm
alias_w222758965_6708,place_w222758965,چهارده متری لشکر,colloquial,osm
alias_w222850161_6709,place_w222850161,خیابان خزانه,colloquial,osm
alias_w222850163_6711,place_w222850163,رزم آرا,old,osm
alias_w222850163_6712,place_w222850163,فدائیان اسلام,colloquial,osm
alias_w223256212_6713,place_w223256212,خیابان دوازده برجی,colloquial,osm
alias_w223259418_6714,place_w223259418,پل صفوی,colloquial,osm
alias_w223261710_6715,place_w223261710,ساحلی غربی,colloquial,osm
alias_w223758662_6716,place_w223758662,میدان علامه محمد تقی ایوانکی,colloquial,osm
alias_w223758726_6717,place_w223758726,خیابان استخر,colloquial,osm
alias_w223807020_6718,place_w223807020,فرامه,old,osm
alias_w224142111_6719,place_w224142111,ولیعصر,colloquial,osm
alias_w224142120_6720,place_w224142120,الغدیر,colloquial,osm
alias_w224142169_6721,place_w224142169,راه آهن,colloquial,osm
alias_w224142207_6722,place_w224142207,برادران حسینی,colloquial,osm
alias_w224142240_6723,place_w224142240,15 خرداد,colloquial,osm
alias_w224142344_6724,place_w224142344,45متری,colloquial,osm
alias_w224715929_6725,place_w224715929,خیابان نیاوران,old,osm
alias_w224715950_6727,place_w224715950,خیابان دارآباد,old,osm
alias_w224715974_6729,place_w224715974,خیابان دارآباد,old,osm
alias_w225691413_6731,place_w225691413,کوچه برنجی,old,osm
alias_w226130194_6732,place_w226130194,میدان خلیج فارس,colloquial,osm
alias_w226435674_6733,place_w226435674,ولیعصر ۱۲,colloquial,osm
alias_w228932239_6734,place_w228932239,دو چنار,old,osm
alias_w229069109_6735,place_w229069109,خیابان ساری,colloquial,osm
alias_w229292463_6736,place_w229292463,نسیم 8,colloquial,osm
alias_w229292563_6737,place_w229292563,نسیم 44,colloquial,osm
alias_w229292563_6738,place_w229292563,علامه شیخ محمد دشتی,colloquial,osm
alias_w229292652_6739,place_w229292652,دریا 4,colloquial,osm
alias_w229292737_6740,place_w229292737,شالیزار,colloquial,osm
alias_w229292741_6741,place_w229292741,میدان هاشمی زاده,colloquial,osm
alias_w229418958_6742,place_w229418958,میدان آیت الله کریمی,colloquial,osm
alias_w229591365_6743,place_w229591365,بارو,old,osm
alias_w229603291_6744,place_w229603291,خیابان فخرآباد,old,osm
alias_w229645086_6745,place_w229645086,خیابان قصر,old,osm
alias_w229645086_6746,place_w229645086,عباس آباد,colloquial,osm
alias_w229683737_6747,place_w229683737,بلوار سیزده آبان,old,osm
alias_w229709509_6748,place_w229709509,جاده شهرکیان - بهرام آباد,colloquial,osm
alias_w229720786_6749,place_w229720786,عرفان ۵,old,osm
alias_w229822642_6750,place_w229822642,میدان شهدا,colloquial,osm
alias_w229825496_6751,place_w229825496,میدان امام حسن مجتبی,colloquial,osm
alias_w229825521_6752,place_w229825521,میدان وحدت,colloquial,osm
alias_w229864435_6753,place_w229864435,میدان فرمانداری,colloquial,osm
alias_w230898673_6754,place_w230898673,شهید خوشخویی,colloquial,osm
alias_w231344874_6755,place_w231344874,میدان پیروزی,colloquial,osm
alias_w231373642_6756,place_w231373642,حمام سبزواری,colloquial,osm
alias_w231373644_6757,place_w231373644,فروردین,colloquial,osm
alias_w231373646_6758,place_w231373646,فلکه ژاندارمری,colloquial,osm
alias_w231385940_6759,place_w231385940,چهل و پنج متری,colloquial,osm
alias_w231464242_6760,place_w231464242,بلوار شهید سلیمانی,colloquial,osm
alias_w231464256_6761,place_w231464256,اصغر یوسفیان,old,osm
alias_w231501777_6762,place_w231501777,لوار کازینو,old,osm
alias_w231759091_6763,place_w231759091,میدان انقلاب,colloquial,osm
alias_w231759099_6764,place_w231759099,شهیدان طیار و هلاکو,spelling,osm
alias_w231800992_6765,place_w231800992,کاروان,colloquial,osm
alias_w231849297_6766,place_w231849297,فلکه ترمینال,spelling,osm
alias_w231849300_6767,place_w231849300,۱۷ شهریور غربی,colloquial,osm
alias_w231849308_6768,place_w231849308,شریعتی غربی,spelling,osm
alias_w231849311_6769,place_w231849311,خالد نبی,spelling,osm
alias_w231849315_6770,place_w231849315,شریعتی شرقی,spelling,osm
alias_w231849333_6771,place_w231849333,فرودگاه,spelling,osm
alias_w231849336_6772,place_w231849336,جنگلبان,colloquial,osm
alias_w232704598_6773,place_w232704598,فرعی ۲۴ - برهان,colloquial,osm
alias_w232704598_6774,place_w232704598,شهید بیغم,colloquial,osm
alias_w232817171_6775,place_w232817171,سیرجان - کرمان,colloquial,osm
alias_w233503130_6776,place_w233503130,زمرد,old,osm
alias_w233784988_6777,place_w233784988,بلوار توحید غربی,colloquial,osm
alias_w233785029_6778,place_w233785029,میدان مصلی,colloquial,osm
alias_w233785151_6779,place_w233785151,بلوار شهید چائی پز,colloquial,osm
alias_w233785282_6780,place_w233785282,بلوار شهید چائی پز,colloquial,osm
alias_w233785294_6781,place_w233785294,بسیج,colloquial,osm
alias_w233785316_6782,place_w233785316,میدان عاقلیه,colloquial,osm
alias_w233785454_6783,place_w233785454,حافظ,colloquial,osm
alias_w233785557_6784,place_w233785557,ارم,colloquial,osm
alias_w233785605_6785,place_w233785605,میدان قرقاول,colloquial,osm
alias_w233841051_6786,place_w233841051,بلوار جمهوری اسلامی,colloquial,osm
alias_w233905512_6787,place_w233905512,هجرت,spelling,osm
alias_w233924009_6788,place_w233924009,جاده ائل گولی - جاده شاهگلی - شهید باکری,spelling,osm
alias_w234728728_6789,place_w234728728,خیابان افضل,colloquial,osm
alias_w234728728_6790,place_w234728728,خیابان استاد رضا عباسی,spelling,osm
alias_w234728743_6791,place_w234728743,میدان سنگ,colloquial,osm
alias_w234729184_6792,place_w234729184,آیت الله مصطفوی,colloquial,osm
alias_w234729187_6793,place_w234729187,منتظری,colloquial,osm
alias_w234730035_6794,place_w234730035,بلوکی نژاد,colloquial,osm
alias_w234879328_6795,place_w234879328,بلوار ۲۲ بهمن,spelling,osm
alias_w235008213_6796,place_w235008213,16متری فرهنگیان,colloquial,osm
alias_w235304091_6797,place_w235304091,نرگس ۱۵,colloquial,osm
alias_w235314402_6798,place_w235314402,شهید زاده,colloquial,osm
alias_w235352930_6799,place_w235352930,فرشید صالح عربانی,colloquial,osm
alias_w236119827_6800,place_w236119827,میدان فجر,colloquial,osm
alias_w236131806_6801,place_w236131806,کوی رسالت,colloquial,osm
alias_w236455043_6802,place_w236455043,میدان جمهوری,colloquial,osm
alias_w236719831_6803,place_w236719831,اسد گولی,colloquial,osm
alias_w236976763_6804,place_w236976763,میدان ثارالله,colloquial,osm
alias_w237103212_6805,place_w237103212,رضوان,colloquial,osm
alias_w237268506_6806,place_w237268506,رضوان ۴,colloquial,osm
alias_w237521416_6807,place_w237521416,بلوار کوهستان,colloquial,osm
alias_w237666378_6808,place_w237666378,یوسف آباد,colloquial,osm
alias_w237666381_6809,place_w237666381,بزرگراه چایکنار,colloquial,osm
alias_w237666453_6810,place_w237666453,پل هفت تیر,old,osm
alias_w237901943_6811,place_w237901943,بلوار بهشتی,colloquial,osm
alias_w238050013_6812,place_w238050013,ابوذر,colloquial,osm
alias_w238163748_6813,place_w238163748,ابوذر,colloquial,osm
alias_w238302743_6814,place_w238302743,منصور,old,osm
alias_w238312763_6815,place_w238312763,شهید علی مقدم,colloquial,osm
alias_w238636421_6816,place_w238636421,گجیل,colloquial,osm
alias_w238911242_6817,place_w238911242,پل خشتی,colloquial,osm
alias_w239004318_6818,place_w239004318,دوه چی,colloquial,osm
alias_w239457687_6819,place_w239457687,بنافتی زاده 1,colloquial,osm
alias_w239463489_6820,place_w239463489,علامه جعفری 12,colloquial,osm
alias_w239467965_6821,place_w239467965,امام خمینی 64,colloquial,osm
alias_w239595485_6822,place_w239595485,میدان پاسگاه,colloquial,osm
alias_w239602856_6823,place_w239602856,بلوار نصر,spelling,osm
alias_w239639127_6824,place_w239639127,احمدی غربی,old,osm
alias_w239639127_6825,place_w239639127,خیابان شهید مطهری غربی,spelling,osm
alias_w239653625_6826,place_w239653625,بولوار هوشنگ مرادی کرمانی,colloquial,osm
alias_w239653636_6827,place_w239653636,بلوار امام حسن مجتبی,spelling,osm
alias_w239854501_6828,place_w239854501,بلوار ایثار,colloquial,osm
alias_w240042538_6829,place_w240042538,شهید لطفی نژاد,colloquial,osm
alias_w240136065_6830,place_w240136065,یخسازی,colloquial,osm
alias_w240136066_6831,place_w240136066,یخسازی,colloquial,osm
alias_w240136078_6832,place_w240136078,سردار جنگل,old,osm
alias_w240136079_6833,place_w240136079,سردار جنگل,old,osm
alias_w240136099_6834,place_w240136099,بیستون,colloquial,osm
alias_w240136100_6835,place_w240136100,بیستون,colloquial,osm
alias_w240136105_6836,place_w240136105,پرستار,colloquial,osm
alias_w240136106_6837,place_w240136106,رزمندگان اسلام,colloquial,osm
alias_w240136126_6838,place_w240136126,پل عراق,colloquial,osm
alias_w240136130_6839,place_w240136130,پرستار ۴,colloquial,osm
alias_w240136199_6840,place_w240136199,میدان بسیج,colloquial,osm
alias_w240858796_6841,place_w240858796,استاد مشفق کاشانی,colloquial,osm
alias_w240883679_6842,place_w240883679,سی متری جی,colloquial,osm
alias_w240899473_6843,place_w240899473,یاس,colloquial,osm
alias_w241521125_6844,place_w241521125,انزلی - خمام,colloquial,osm
alias_w241691534_6845,place_w241691534,بلوار شهید نواب صفوی,spelling,osm
alias_w241691542_6846,place_w241691542,بلوار آیت الله نجفی,spelling,osm
alias_w241691544_6847,place_w241691544,بلوار اطبا,colloquial,osm
alias_w241691544_6848,place_w241691544,بلوار بندر,spelling,osm
alias_w241691557_6849,place_w241691557,بلوار اطبا,colloquial,osm
alias_w241691557_6850,place_w241691557,بلوار بندر,spelling,osm
alias_w241691639_6851,place_w241691639,پل پیل علی باغ,old,osm
alias_w241691647_6852,place_w241691647,پل پیل علی باغ,old,osm
alias_w241691674_6853,place_w241691674,میدان نخل,colloquial,osm
alias_w241691674_6854,place_w241691674,میدان علیرضا فومنی,spelling,osm
alias_w241691675_6855,place_w241691675,میدان شهید خدادادی,spelling,osm
alias_w241691676_6856,place_w241691676,میدان شهدای ۲۳ مهر,spelling,osm
alias_w241691677_6857,place_w241691677,میدان ناجی,spelling,osm
alias_w241691682_6858,place_w241691682,آذربایجان,old,osm
alias_w241691702_6859,place_w241691702,شهدای شمالی,colloquial,osm
alias_w241691747_6860,place_w241691747,ورزش,colloquial,osm
alias_w241691751_6861,place_w241691751,بلوار آیت الله نجفی,spelling,osm
alias_w241691764_6862,place_w241691764,بلوار شهید نواب صفوی,spelling,osm
alias_w241691773_6863,place_w241691773,بلوار امام رضا,spelling,osm
alias_w241691800_6864,place_w241691800,بلوار امام رضا,spelling,osm
alias_w241691812_6865,place_w241691812,خلخال,colloquial,osm
alias_w241691821_6866,place_w241691821,تهران,colloquial,osm
alias_w241691833_6867,place_w241691833,خیابان همایون,colloquial,osm
alias_w241691838_6868,place_w241691838,شهدای جنوبی,colloquial,osm
alias_w241691839_6869,place_w241691839,شهدای جنوبی,colloquial,osm
alias_w241708555_6870,place_w241708555,خیابان حسینی,colloquial,osm
alias_w241751335_6871,place_w241751335,میدان شهید ابومهدی المهندس,colloquial,osm
alias_w241932706_6872,place_w241932706,میدان کشاورز,colloquial,osm
alias_w241991870_6873,place_w241991870,بلوار خوارزمی,colloquial,osm
alias_w242648477_6874,place_w242648477,بزرگراه شهید نجاتی,colloquial,osm
alias_w242696031_6875,place_w242696031,دکتر مزارعی,colloquial,osm
alias_w242699861_6876,place_w242699861,35 متری لاله,colloquial,osm
alias_w242822063_6877,place_w242822063,شقایق,colloquial,osm
alias_w242948839_6878,place_w242948839,قدس,colloquial,osm
alias_w242949010_6879,place_w242949010,بلوار جهاد,colloquial,osm
alias_w243244833_6880,place_w243244833,خاقانی,colloquial,osm
alias_w243245049_6881,place_w243245049,آزادی شرقی,colloquial,osm
alias_w243245399_6882,place_w243245399,یاس ۳۱,spelling,osm
alias_w243245404_6883,place_w243245404,یاس ۲۹,spelling,osm
alias_w243245751_6884,place_w243245751,تلار ۱۶,colloquial,osm
alias_w243245785_6885,place_w243245785,خیابان شانزده متری,colloquial,osm
alias_w243245824_6886,place_w243245824,دانش,colloquial,osm
alias_w243245881_6887,place_w243245881,خزر۲۱,colloquial,osm
alias_w243245916_6888,place_w243245916,شهید جاندل,colloquial,osm
alias_w243378381_6889,place_w243378381,اردیبهشت,colloquial,osm
alias_w243378381_6890,place_w243378381,بلوار خاتم الانبیا,spelling,osm
alias_w243378381_6891,place_w243378381,افسریه چهارم,colloquial,osm
alias_w243404879_6892,place_w243404879,تاکسیرانی,colloquial,osm
alias_w243598872_6893,place_w243598872,شانزده متری دوم,colloquial,osm
alias_w243726643_6894,place_w243726643,گذر افراکتی,colloquial,osm
alias_w244078756_6895,place_w244078756,بلوار عاشورا,colloquial,osm
alias_w244078783_6896,place_w244078783,بلوار عاشورا,colloquial,osm
alias_w244111687_6897,place_w244111687,یاس ۳۷ مهمانسرا,colloquial,osm
alias_w244111821_6898,place_w244111821,ایثار ۲۶ شهید زارع,colloquial,osm
alias_w244111853_6899,place_w244111853,مهمانسرا ١٠,old,osm
alias_w244111853_6900,place_w244111853,گذر چشمه,colloquial,osm
alias_w244397346_6901,place_w244397346,نیروی هوایی,colloquial,osm
alias_w244397353_6902,place_w244397353,کوی شهید رجایی,colloquial,osm
alias_w244404418_6903,place_w244404418,شیرازی غربی,colloquial,osm
alias_w244404547_6904,place_w244404547,امام رضا,colloquial,osm
alias_w244718989_6905,place_w244718989,شهروند,colloquial,osm
alias_w244873012_6906,place_w244873012,خیرین مدرسه ساز,colloquial,osm
alias_w244986567_6907,place_w244986567,کوی ۱۰متری شمس آباد,colloquial,osm
alias_w245213904_6908,place_w245213904,کمربندی الیگودرز,colloquial,osm
alias_w245213915_6909,place_w245213915,کمربندی الیگودرز,colloquial,osm
alias_w245368945_6910,place_w245368945,میدان فرمانداری,old,osm
alias_w245544687_6911,place_w245544687,سید زرین نوا,colloquial,osm
alias_w246119309_6912,place_w246119309,بزرگراه باسمنج,colloquial,osm
alias_w246121279_6913,place_w246121279,بزرگراه باسمنج,colloquial,osm
alias_w246279130_6914,place_w246279130,بلوار شهید سید نورخدا موسوی,colloquial,osm
alias_w246279131_6915,place_w246279131,بلوار شهید سید نورخدا موسوی,colloquial,osm
alias_w246282010_6916,place_w246282010,خیابان کاوه,colloquial,osm
alias_w247061612_6917,place_w247061612,امام خمینی,colloquial,osm
alias_w247102272_6918,place_w247102272,گاراژ قدیم,colloquial,osm
alias_w247102281_6919,place_w247102281,صفری,colloquial,osm
alias_w247546681_6920,place_w247546681,آرامگاه,colloquial,osm
alias_w247546706_6921,place_w247546706,خیابان سی متری,old,osm
alias_w247546706_6922,place_w247546706,بلوار نارنج باغ,colloquial,osm
alias_w247646939_6923,place_w247646939,میدان 15 خرداد,colloquial,osm
alias_w247857542_6924,place_w247857542,پل توانیر,colloquial,osm
alias_w247977986_6925,place_w247977986,ژاندارمری,old,osm
alias_w247989552_6926,place_w247989552,ژاندارمری,old,osm
alias_w248182602_6927,place_w248182602,ژاندارمری,old,osm
alias_w248182605_6928,place_w248182605,آلاله,colloquial,osm
alias_w248481280_6929,place_w248481280,مدرس,colloquial,osm
alias_w248481292_6930,place_w248481292,بهار,colloquial,osm
alias_w248639437_6931,place_w248639437,بسیج مستضعفین,old,osm
alias_w248639437_6932,place_w248639437,بلوارگریاشان,colloquial,osm
alias_w248639472_6933,place_w248639472,بلوار کامکار,spelling,osm
alias_w248716077_6934,place_w248716077,میدان خیرین مدرسه ساز,colloquial,osm
alias_w248808024_6935,place_w248808024,خیابان قمر بنی هاشم,colloquial,osm
alias_w248844009_6936,place_w248844009,بلوار سی متری قائم,colloquial,osm
alias_w248855323_6937,place_w248855323,میدان سالاریه,colloquial,osm
alias_w248855326_6938,place_w248855326,سالاریه,colloquial,osm
alias_w248922943_6939,place_w248922943,ساحلی,colloquial,osm
alias_w248922947_6940,place_w248922947,ساحلی,colloquial,osm
alias_w248941205_6941,place_w248941205,بلوار زائر,old,osm
alias_w248941206_6942,place_w248941206,بلوار زائر,old,osm
alias_w248941206_6943,place_w248941206,رودخانه,colloquial,osm
alias_w248941219_6944,place_w248941219,بلوار زائر,old,osm
alias_w248941219_6945,place_w248941219,رودخانه,colloquial,osm
alias_w248941222_6946,place_w248941222,بلوار زائر,old,osm
alias_w248941238_6947,place_w248941238,خیابان ساحلی,colloquial,osm
alias_w248949280_6948,place_w248949280,سالاریه,colloquial,osm
alias_w248949280_6949,place_w248949280,بلوار شهید مهدی گلزار,colloquial,osm
alias_w248949292_6950,place_w248949292,میدان صفائیه,colloquial,osm
alias_w248949295_6951,place_w248949295,خیابان انقلاب,colloquial,osm
alias_w248950416_6952,place_w248950416,میدان دورشهر,colloquial,osm
alias_w248950852_6953,place_w248950852,عدالت,colloquial,osm
alias_w249062994_6954,place_w249062994,سی متری کیوانفر,colloquial,osm
alias_w249088303_6955,place_w249088303,خیابان قاضی طباطبایی,colloquial,osm
alias_w249088306_6956,place_w249088306,خیابان قاضی طباطبایی,colloquial,osm
alias_w249088360_6957,place_w249088360,فلسطین,colloquial,osm
alias_w249088393_6958,place_w249088393,فلکه انصار,old,osm
alias_w249266868_6959,place_w249266868,حضرت معصومه 24,colloquial,osm
alias_w249400482_6960,place_w249400482,بلوار سردار شهید حاج اکبر خردپیشه شیرازی,colloquial,osm
alias_w249474609_6961,place_w249474609,طالقانی,old,osm
alias_w249740619_6962,place_w249740619,میدان کمربندی,colloquial,osm
alias_w249755958_6963,place_w249755958,نور غربی,colloquial,osm
alias_w249923047_6964,place_w249923047,بیست متری زاد,colloquial,osm
alias_w249923047_6965,place_w249923047,خیابان زاد,colloquial,osm
alias_w250552896_6966,place_w250552896,کارگر,colloquial,osm
alias_w250552896_6967,place_w250552896,خیابان ساری,colloquial,osm
alias_w250700635_6968,place_w250700635,چهل و پنج متری عمار یاسر,colloquial,osm
alias_w250736849_6969,place_w250736849,شاپور,old,osm
alias_w250933849_6970,place_w250933849,ژاندارمری,old,osm
alias_w251020748_6971,place_w251020748,Chaksar street,colloquial,osm
alias_w251021082_6972,place_w251021082,میدان چاکسر,old,osm
alias_w251021082_6973,place_w251021082,میدان شهید فهمیده,colloquial,osm
alias_w251247001_6974,place_w251247001,پل فلزی,colloquial,osm
alias_w251313833_6975,place_w251313833,خیابان وکیل,colloquial,osm
alias_w251411997_6976,place_w251411997,حضرت ابوالفضل 8,colloquial,osm
alias_w251701771_6977,place_w251701771,پل شهید افشین آذر,colloquial,osm
alias_w251833446_6978,place_w251833446,بیست و چهار متری حمام,old,osm
alias_w251833446_6979,place_w251833446,حضرت معصومه 17,colloquial,osm
alias_w251846890_6980,place_w251846890,گلستان ۵۶,spelling,osm
alias_w251889402_6981,place_w251889402,شهید اقبال آدمی,colloquial,osm
alias_w251892862_6982,place_w251892862,خیابان وکیل,colloquial,osm
alias_w252233020_6983,place_w252233020,جاده حسن آباد,colloquial,osm
alias_w252398522_6984,place_w252398522,دولتی مقدم 6,colloquial,osm
alias_w252555847_6985,place_w252555847,بلوار مهارت,old,osm
alias_w252555847_6986,place_w252555847,بزرگراه شهید آنجفی,colloquial,osm
alias_w252636870_6987,place_w252636870,Behesht St,colloquial,osm
alias_w252660636_6988,place_w252660636,خیابان خردمند,colloquial,osm
alias_w252676544_6989,place_w252676544,کمربندی جنوبی,colloquial,osm
alias_w252689324_6990,place_w252689324,کمربندی شمالی اراک,colloquial,osm
alias_w252689326_6991,place_w252689326,کمربندی شمالی اراک,colloquial,osm
alias_w252772357_6992,place_w252772357,میدان طبيعت,colloquial,osm
alias_w252963544_6993,place_w252963544,کنارگذر فتح,colloquial,osm
alias_w252963546_6994,place_w252963546,جاده قدیم کرج,old,osm
alias_w252963546_6995,place_w252963546,بزرگراه فتح,colloquial,osm
alias_w252963548_6996,place_w252963548,جاده قدیم کرج,old,osm
alias_w252963548_6997,place_w252963548,بزرگراه فتح,colloquial,osm
alias_w252975894_6998,place_w252975894,جاده ساوه,colloquial,osm
alias_w253085184_6999,place_w253085184,جوانه,colloquial,osm
alias_w253085185_7000,place_w253085185,بزرگراه شهیاد,old,osm
alias_w253086939_7001,place_w253086939,ورزش,colloquial,osm
alias_w253234391_7002,place_w253234391,هدایتکار,colloquial,osm
alias_w253559242_7003,place_w253559242,شهیده حسنی سعدی,colloquial,osm
alias_w253569983_7004,place_w253569983,بلوار غدیر 4,colloquial,osm
alias_w253923293_7005,place_w253923293,میدان وحدت,colloquial,osm
alias_w254299756_7006,place_w254299756,کوچه ۱۵ خلیج فارس,colloquial,osm
alias_w254309423_7007,place_w254309423,فهمیده,colloquial,osm
alias_w254610979_7008,place_w254610979,بلوار آیت ا.. میرغنی زاده,colloquial,osm
alias_w254612048_7009,place_w254612048,خیابان آتشنشانی,colloquial,osm
alias_w254675957_7010,place_w254675957,شهید چمران 12,colloquial,osm
alias_w254676144_7011,place_w254676144,شهید چمران 10,colloquial,osm
alias_w256057462_7012,place_w256057462,فلکه فرمانداری,colloquial,osm
alias_w256057464_7013,place_w256057464,میدان علم و فن آوری,colloquial,osm
alias_w256099072_7014,place_w256099072,فلکه احمدی,colloquial,osm
alias_w256177736_7015,place_w256177736,چهل متری اول,colloquial,osm
alias_w256177752_7016,place_w256177752,چهل متری دوم,colloquial,osm
alias_w256320426_7017,place_w256320426,امام خمینی ۶,colloquial,osm
alias_w256399336_7018,place_w256399336,جاده باقرآباد,colloquial,osm
alias_w256685381_7019,place_w256685381,کارگر 24,colloquial,osm
alias_w256685381_7020,place_w256685381,30 متری موسی بن جعفر,colloquial,osm
alias_w256685396_7021,place_w256685396,شهید حاجی زاده ۱۹,colloquial,osm
alias_w256806061_7022,place_w256806061,بلوار امام رضا (ع),colloquial,osm
alias_w256806061_7023,place_w256806061,بلوار عمان سامانی,spelling,osm
alias_w256881048_7024,place_w256881048,صیاد شیرازی,old,osm
alias_w256883777_7025,place_w256883777,بلوار فجر,colloquial,osm
alias_w256884636_7026,place_w256884636,چهل متری,colloquial,osm
alias_w256886263_7027,place_w256886263,چهل متری اول,colloquial,osm
alias_w256888256_7028,place_w256888256,خیابان خسروپرویز,old,osm
alias_w256888256_7029,place_w256888256,خیابان اربابی,colloquial,osm
alias_w256936800_7030,place_w256936800,فیاض بخش,colloquial,osm
alias_w256936806_7031,place_w256936806,۲۴ متری,colloquial,osm
alias_w256941677_7032,place_w256941677,ایستگاه,colloquial,osm
alias_w257055601_7033,place_w257055601,ورزش,colloquial,osm
alias_w257104207_7034,place_w257104207,باغ زندان,colloquial,osm
alias_w257108205_7035,place_w257108205,خیابان یغما,old,osm
alias_w257108205_7036,place_w257108205,رحمان‌پور,colloquial,osm
alias_w257108205_7037,place_w257108205,کوچه ثبت,colloquial,osm
alias_w257108208_7038,place_w257108208,خیابان یغما,old,osm
alias_w257108208_7039,place_w257108208,رحمان‌پور,colloquial,osm
alias_w257108208_7040,place_w257108208,کوچه ثبت,colloquial,osm
alias_w257112453_7041,place_w257112453,میدان قبرآقا,colloquial,osm
alias_w257113360_7042,place_w257113360,خیابان ده مجنون,colloquial,osm
alias_w257113361_7043,place_w257113361,خیابان خسروپرویز,old,osm
alias_w257113361_7044,place_w257113361,خیابان اربابی,colloquial,osm
alias_w257113363_7045,place_w257113363,خیابان کوروش,old,osm
alias_w257113363_7046,place_w257113363,چهل متری سیروس,colloquial,osm
alias_w257113698_7047,place_w257113698,خیابان سیروس,old,osm
alias_w257118119_7048,place_w257118119,بلوار اس,colloquial,osm
alias_w257125156_7049,place_w257125156,بلوار پورابراهیمی,colloquial,osm
alias_w257254689_7050,place_w257254689,خیابان مفتح شمالی,colloquial,osm
alias_w257334206_7051,place_w257334206,18 متری بشارت,colloquial,osm
alias_w257351689_7052,place_w257351689,17 متری کشمیری,colloquial,osm
alias_w257351694_7053,place_w257351694,بلوار فرهنگیان فاز دو,colloquial,osm
alias_w257351695_7054,place_w257351695,بلوار فرهنگیان فاز دو,colloquial,osm
alias_w257445066_7055,place_w257445066,جوادالائمه,colloquial,osm
alias_w257445092_7056,place_w257445092,12 متری امام,colloquial,osm
alias_w257445093_7057,place_w257445093,عباس اباد,colloquial,osm
alias_w257452146_7058,place_w257452146,دکتر زرینکوب,colloquial,osm
alias_w257505472_7059,place_w257505472,بلوار شرقی,colloquial,osm
alias_w257531917_7060,place_w257531917,آق تپه,colloquial,osm
alias_w257531923_7061,place_w257531923,خیابان مسجد,colloquial,osm
alias_w257531935_7062,place_w257531935,آق تپه,colloquial,osm
alias_w257531952_7063,place_w257531952,حسین آباد,colloquial,osm
alias_w257534833_7064,place_w257534833,بولوار شهاب,colloquial,osm
alias_w257772631_7065,place_w257772631,بلوار امیرالمومنین,colloquial,osm
alias_w257836258_7066,place_w257836258,میدان مجیدیه,colloquial,osm
alias_w257836306_7067,place_w257836306,زاویه,colloquial,osm
alias_w258251423_7068,place_w258251423,سبلان جنوبي,colloquial,osm
alias_w258251423_7069,place_w258251423,شهیدان رضا و محسن رضی,colloquial,osm
alias_w258430629_7070,place_w258430629,صالح نیا,old,osm
alias_w258679715_7071,place_w258679715,هلال احمر,colloquial,osm
alias_w258707331_7072,place_w258707331,سعادت ۱۰,colloquial,osm
alias_w258798291_7073,place_w258798291,خیابان سیلو,old,osm
alias_w258799890_7075,place_w258799890,میدان کیانشهر,colloquial,osm
alias_w258799890_7076,place_w258799890,میدان اول کیانشهر,spelling,osm
alias_w258802296_7077,place_w258802296,میدان دوم کیانشهر,spelling,osm
alias_w258822497_7078,place_w258822497,خیابان کسری,old,osm
alias_w258869010_7080,place_w258869010,شبنم ۱۴,colloquial,osm
alias_w258942680_7081,place_w258942680,مدرس 9,colloquial,osm
alias_w259020341_7082,place_w259020341,وحدت ۲۱,colloquial,osm
alias_w259158296_7083,place_w259158296,نواب صفوی,colloquial,osm
alias_w259278366_7084,place_w259278366,دروازه ری,colloquial,osm
alias_w259503006_7085,place_w259503006,توحید ۴۴,colloquial,osm
alias_w259511151_7086,place_w259511151,بلندیان,colloquial,osm
alias_w259528968_7087,place_w259528968,خیابان خسروپرویز,old,osm
alias_w259542906_7088,place_w259542906,دروازه ملک آباد,colloquial,osm
alias_w259544849_7089,place_w259544849,کوچه میدان کهنه,old,osm
alias_w259553999_7090,place_w259553999,خیابان شهید بهشتی,colloquial,osm
alias_w259554000_7091,place_w259554000,آزادی ۱۶,colloquial,osm
alias_w259651521_7092,place_w259651521,خیابان جوانشیر,old,osm
alias_w259723243_7094,place_w259723243,خیابان ابراهیم آباد,old,osm
alias_w259723608_7095,place_w259723608,خیابان امیری,old,osm
alias_w259723609_7096,place_w259723609,خیابان امیرآباد,old,osm
alias_w259723609_7097,place_w259723609,کوچه لکها,colloquial,osm
alias_w259725855_7098,place_w259725855,اتحاد اسلامی,colloquial,osm
alias_w259725855_7099,place_w259725855,جمع خانه,colloquial,osm
alias_w259777936_7100,place_w259777936,بلوار مریم,colloquial,osm
alias_w259938672_7101,place_w259938672,سردار باقری,colloquial,osm
alias_w260068047_7102,place_w260068047,طالقانی,old,osm
alias_w260183353_7103,place_w260183353,میدان قرآن,colloquial,osm
alias_w260202956_7104,place_w260202956,بلوار ارم,colloquial,osm
alias_w260202970_7105,place_w260202970,شهید آزموده,colloquial,osm
alias_w260202981_7106,place_w260202981,برق بالا,colloquial,osm
alias_w260202985_7107,place_w260202985,۲۴ متری عظیمی,colloquial,osm
alias_w260222059_7108,place_w260222059,هەڵەبجە,colloquial,osm
alias_w260222061_7109,place_w260222061,سلێمانی,colloquial,osm
alias_w260222071_7110,place_w260222071,فەلەکەی چۆمان,colloquial,osm
alias_w260222090_7111,place_w260222090,خیابان خانەقین,colloquial,osm
alias_w260285732_7112,place_w260285732,بەغداد,colloquial,osm
alias_w260285733_7113,place_w260285733,بەغداد,colloquial,osm
alias_w260822249_7114,place_w260822249,گلزار ۴,colloquial,osm
alias_w260860152_7115,place_w260860152,حضرت معصومه 13,colloquial,osm
alias_w260863387_7116,place_w260863387,ناصر دیوان - 25,colloquial,osm
alias_w260863410_7117,place_w260863410,دل آذر 21,colloquial,osm
alias_w261143524_7118,place_w261143524,قرنی 14,colloquial,osm
alias_w261143596_7119,place_w261143596,خیابان مفتح جنوبی,colloquial,osm
alias_w261143596_7120,place_w261143596,سی متری مفتح جنوبی,colloquial,osm
alias_w261949385_7121,place_w261949385,سلطانی,colloquial,osm
alias_w262058329_7122,place_w262058329,حهوت کانی,old,osm
alias_w262058329_7123,place_w262058329,هفت چشمه,colloquial,osm
alias_w262376521_7124,place_w262376521,۲۴ متری خیام,colloquial,osm
alias_w262539162_7125,place_w262539162,ولایت ۳۹,colloquial,osm
alias_w262539163_7126,place_w262539163,هفتاد دستگاه,colloquial,osm
alias_w262539166_7127,place_w262539166,باغ بهشت,colloquial,osm
alias_w262539172_7128,place_w262539172,شهید بهادر ایزدی,colloquial,osm
alias_w263437135_7129,place_w263437135,دادبین۲۶,colloquial,osm
alias_w263994470_7130,place_w263994470,میدان سفیر امید,colloquial,osm
alias_w263999192_7131,place_w263999192,حافظ,colloquial,osm
alias_w264529698_7132,place_w264529698,غدیر,colloquial,osm
alias_w264530614_7133,place_w264530614,میدان فرمانداری,colloquial,osm
alias_w264530624_7134,place_w264530624,شهید منوچهر سعیدی,colloquial,osm
alias_w264572681_7135,place_w264572681,نوفل,colloquial,osm
alias_w264626403_7136,place_w264626403,گلها,colloquial,osm
alias_w264871306_7137,place_w264871306,سفیددار,colloquial,osm
alias_w265232309_7138,place_w265232309,امان الله ماندگاری,colloquial,osm
alias_w265232323_7139,place_w265232323,اتوبوس رانی شمالی,colloquial,osm
alias_w265232324_7140,place_w265232324,ایرانیت,colloquial,osm
alias_w265232333_7141,place_w265232333,فردوس,colloquial,osm
alias_w265312066_7142,place_w265312066,بلوار رسول اکرم,colloquial,osm
alias_w265312872_7143,place_w265312872,بلوار امام علی,colloquial,osm
alias_w265694356_7144,place_w265694356,بلوار امام رضا,colloquial,osm
alias_w265753108_7145,place_w265753108,سمیه 1,colloquial,osm
alias_w266177049_7146,place_w266177049,بلوار شهدا,colloquial,osm
alias_w266284262_7147,place_w266284262,‫بلوار شورا,spelling,osm
alias_w266287751_7148,place_w266287751,خیابان قزوین,colloquial,osm
alias_w266287754_7149,place_w266287754,رجایی,colloquial,osm
alias_w266296174_7150,place_w266296174,فیاض بخشی,spelling,osm
alias_w266326997_7151,place_w266326997,آنام,old,osm
alias_w266418974_7152,place_w266418974,شهریاران,colloquial,osm
alias_w266423254_7153,place_w266423254,بلوار میرزا کوچک خان,colloquial,osm
alias_w266522082_7154,place_w266522082,نوآور ۴,colloquial,osm
alias_w266522481_7155,place_w266522481,گلستان,colloquial,osm
alias_w266526888_7156,place_w266526888,گلستان,colloquial,osm
alias_w266526892_7157,place_w266526892,نوآور 12,colloquial,osm
alias_w266531945_7158,place_w266531945,بلوار شهید حامد کوچک زاده,colloquial,osm
alias_w266533571_7159,place_w266533571,مهر سی و چهار,colloquial,osm
alias_w266574704_7160,place_w266574704,مهر ۸۰,colloquial,osm
alias_w266577996_7161,place_w266577996,پورسینا,colloquial,osm
alias_w266669328_7162,place_w266669328,کسری,colloquial,osm
alias_w266674307_7163,place_w266674307,گذر فرخ,old,osm
alias_w267237065_7164,place_w267237065,میدان ولیعصر,colloquial,osm
alias_w267976292_7165,place_w267976292,نواب صفوی 20,colloquial,osm
alias_w267976295_7166,place_w267976295,نواب صفوی 16,colloquial,osm
alias_w268235795_7167,place_w268235795,لب آب,old,osm
alias_w268235795_7168,place_w268235795,میدان زرجوب,colloquial,osm
alias_w270510278_7169,place_w270510278,پست خانه,colloquial,osm
alias_w270897696_7170,place_w270897696,میدان نمک صالح,colloquial,osm
alias_w271727143_7171,place_w271727143,امیرکبیر,colloquial,osm
alias_w272102693_7172,place_w272102693,مخابرات,colloquial,osm
alias_w272220720_7173,place_w272220720,مدرس 1,colloquial,osm
alias_w272220721_7174,place_w272220721,مدرس 3,colloquial,osm
alias_w272551189_7175,place_w272551189,میرابوالقاسمی,colloquial,osm
alias_w272609885_7176,place_w272609885,پارک وی,old,osm
alias_w273431108_7177,place_w273431108,برق,colloquial,osm
alias_w273451019_7178,place_w273451019,دانشکده,colloquial,osm
alias_w273451021_7179,place_w273451021,دانشکده,colloquial,osm
alias_w273451023_7180,place_w273451023,دانشکده,colloquial,osm
alias_w273451029_7181,place_w273451029,دانشکده,colloquial,osm
alias_w273451065_7182,place_w273451065,بلوار هشت شهریور,colloquial,osm
alias_w273451119_7183,place_w273451119,استاد برزگر,colloquial,osm
alias_w273451121_7184,place_w273451121,برق,colloquial,osm
alias_w273451125_7185,place_w273451125,برق,colloquial,osm
alias_w274310471_7186,place_w274310471,بلوار ساحلی,colloquial,osm
alias_w275301742_7187,place_w275301742,شهید عطار سیار,colloquial,osm
alias_w275638119_7188,place_w275638119,نظام آباد,old,osm
alias_w275659390_7190,place_w275659390,نارمک,old,osm
alias_w278563469_7191,place_w278563469,لاله,colloquial,osm
alias_w278585051_7192,place_w278585051,وکیلی,colloquial,osm
alias_w279116119_7193,place_w279116119,خیابان شبکه,colloquial,osm
alias_w279948375_7194,place_w279948375,خیابان عصار,colloquial,osm
alias_w279951238_7195,place_w279951238,خیابان فسارود,colloquial,osm
alias_w279951795_7196,place_w279951795,خیابان شهرداری,colloquial,osm
alias_w279952610_7197,place_w279952610,خیابان امامزاده,colloquial,osm
alias_w280006879_7198,place_w280006879,نظام آباد,old,osm
alias_w280178702_7200,place_w280178702,بلوار کشاورز,colloquial,osm
alias_w280180455_7201,place_w280180455,خیابان نشاط,colloquial,osm
alias_w280185649_7202,place_w280185649,فلکه گاز,colloquial,osm
alias_w280186272_7203,place_w280186272,فلکه سپاه,colloquial,osm
alias_w280186460_7204,place_w280186460,فلسطین 21,colloquial,osm
alias_w280186462_7205,place_w280186462,خیابان گلزار,colloquial,osm
alias_w280186463_7206,place_w280186463,خیابان گلزار,colloquial,osm
alias_w280673398_7207,place_w280673398,بیست متری امام,colloquial,osm
alias_w281131265_7208,place_w281131265,کوی دکتر سنگ,colloquial,osm
alias_w281131268_7209,place_w281131268,پیام نور ۱۲,colloquial,osm
alias_w281349483_7210,place_w281349483,بلوار شهید صیاد شیرازی غربی,old,osm
alias_w281349484_7211,place_w281349484,بلوار شهید صیاد شیرازی غربی,old,osm
alias_w281389310_7212,place_w281389310,آیت الله صدوقی,colloquial,osm
alias_w281389311_7213,place_w281389311,شهید مفتح,colloquial,osm
alias_w281389644_7214,place_w281389644,آیت الله دستغیب,colloquial,osm
alias_w281845692_7215,place_w281845692,بیست متری اول,colloquial,osm
alias_w281845713_7216,place_w281845713,سروناز,old,osm
alias_w282713947_7217,place_w282713947,سرو آزاد,old,osm
alias_w282922759_7218,place_w282922759,بلوار شهید حسین مولوی,colloquial,osm
alias_w282931810_7219,place_w282931810,بلوار شهید محمدحسین نواب,colloquial,osm
alias_w282933905_7220,place_w282933905,بلوار شهید احمد کوچکی,colloquial,osm
alias_w282933949_7221,place_w282933949,شهیدان واعظی دهنوی 2,colloquial,osm
alias_w283545997_7222,place_w283545997,پل فلزی ارجمان,colloquial,osm
alias_w283621758_7223,place_w283621758,دهنه پیرسرا,colloquial,osm
alias_w283681479_7224,place_w283681479,بلوار خرمشهر,spelling,osm
alias_w284249093_7225,place_w284249093,سیزدهم,old,osm
alias_w284249093_7226,place_w284249093,سی و هفتم شرقی قریشی,colloquial,osm
alias_w284282275_7227,place_w284282275,سوم قدیم,old,osm
alias_w284282292_7228,place_w284282292,یازدهم شرقی,old,osm
alias_w284282332_7229,place_w284282332,شهید اکبری,colloquial,osm
alias_w284282375_7230,place_w284282375,عطایی,colloquial,osm
alias_w284291683_7231,place_w284291683,فلکه سوم فردیس,colloquial,osm
alias_w284291683_7232,place_w284291683,فلکه سوم,colloquial,osm
alias_w284291687_7233,place_w284291687,فلکه چهارم فردیس,colloquial,osm
alias_w284291687_7234,place_w284291687,فلکه چهارم,colloquial,osm
alias_w284386542_7235,place_w284386542,درب دوم,old,osm
alias_w284567977_7237,place_w284567977,بلوار مهرآباد,colloquial,osm
alias_w284786529_7238,place_w284786529,داریوش، محمودیه (قاجار),old,osm
alias_w285003850_7239,place_w285003850,بلوار طالقانی,colloquial,osm
alias_w285175293_7240,place_w285175293,۱۷ شهریور 18,colloquial,osm
alias_w285177456_7241,place_w285177456,بلوار مهرآباد,colloquial,osm
alias_w285245300_7242,place_w285245300,میدان سنگی,colloquial,osm
alias_w285338567_7243,place_w285338567,شورا,colloquial,osm
alias_w285338601_7244,place_w285338601,مدرس,spelling,osm
alias_w285651420_7245,place_w285651420,پل مدیران,colloquial,osm
alias_w285651421_7246,place_w285651421,پل مدیران,colloquial,osm
alias_w285751088_7247,place_w285751088,صراط,colloquial,osm
alias_w285959938_7248,place_w285959938,شهدای ماسور,colloquial,osm
alias_w286301198_7249,place_w286301198,میدان آفتابگردان,colloquial,osm
alias_w286306298_7250,place_w286306298,بلوار فلسطین,colloquial,osm
alias_w286610125_7251,place_w286610125,شقایق,colloquial,osm
alias_w287081987_7252,place_w287081987,۱۲ متری سرداران,colloquial,osm
alias_w287116947_7253,place_w287116947,کوکب,old,osm
alias_w287141530_7254,place_w287141530,شهید انصاری,colloquial,osm
alias_w287799802_7255,place_w287799802,میدان مهدیه غربی,colloquial,osm
alias_w287857703_7256,place_w287857703,محمدیه,colloquial,osm
alias_w287898470_7257,place_w287898470,دار آباد,colloquial,osm
alias_w288063875_7258,place_w288063875,بزرگراه خاوران,colloquial,osm
alias_w288065558_7259,place_w288065558,جاده ابرکوه- مهردشت,colloquial,osm
alias_w288276466_7260,place_w288276466,درب دوم,colloquial,osm
alias_w289004518_7261,place_w289004518,جاده تهران,colloquial,osm
alias_w289363662_7262,place_w289363662,بهار 9,colloquial,osm
alias_w289412514_7263,place_w289412514,۲۰ متری گاز,colloquial,osm
alias_w289570303_7264,place_w289570303,فلکه مثلث,colloquial,osm
alias_w289937287_7265,place_w289937287,پل برق باهنر,colloquial,osm
alias_w289986684_7266,place_w289986684,بلوار تعاون,colloquial,osm
alias_w291423692_7267,place_w291423692,احمدآباد,colloquial,osm
alias_w291454367_7268,place_w291454367,معلم,colloquial,osm
alias_w291574298_7269,place_w291574298,بیست و سوم,colloquial,osm
alias_w291999270_7270,place_w291999270,بلوار زیباشهر,colloquial,osm
alias_w292155830_7271,place_w292155830,کوچه حصار,colloquial,osm
alias_w292464797_7272,place_w292464797,دشتی 86,colloquial,osm
alias_w292468460_7273,place_w292468460,خیابان دکتر اسلامی ندوشن,colloquial,osm
alias_w292550244_7274,place_w292550244,تربیت ۲۷,colloquial,osm
alias_w292550247_7275,place_w292550247,امام رضا شرقی دوازدهم,colloquial,osm
alias_w292550295_7276,place_w292550295,امام رضا شرقی دهم,colloquial,osm
alias_w292656917_7277,place_w292656917,رودکي شمالي,colloquial,osm
alias_w292716680_7278,place_w292716680,شهیدان خلیفه,colloquial,osm
alias_w292928495_7279,place_w292928495,میدان یادبود,colloquial,osm
alias_w292928497_7280,place_w292928497,پل قاسمی,spelling,osm
alias_w294068573_7281,place_w294068573,بلوار موج,colloquial,osm
alias_w294068584_7282,place_w294068584,بلوار صدف,old,osm
alias_w294068590_7283,place_w294068590,بلوار کاشان,old,osm
alias_w294068637_7284,place_w294068637,بلوار کاشان,old,osm
alias_w294068718_7285,place_w294068718,امیری صنعت,colloquial,osm
alias_w294068747_7286,place_w294068747,ارغوان,colloquial,osm
alias_w294402084_7287,place_w294402084,جاده تفریجان,colloquial,osm
alias_w294477521_7288,place_w294477521,خیابان انبار سیمان,colloquial,osm
alias_w294565358_7289,place_w294565358,بلوار زائر,old,osm
alias_w294571331_7290,place_w294571331,بلوار شرافت,colloquial,osm
alias_w294746494_7291,place_w294746494,علی آباد,old,osm
alias_w295416187_7292,place_w295416187,تعاون,colloquial,osm
alias_w295416742_7293,place_w295416742,پژوهش,colloquial,osm
alias_w295566096_7294,place_w295566096,ملک فام,colloquial,osm
alias_w295626459_7295,place_w295626459,میانه - هشترود,colloquial,osm
alias_w295677530_7296,place_w295677530,شیشه بری,colloquial,osm
alias_w295874563_7297,place_w295874563,فلکه قادرآباد,colloquial,osm
alias_w295874564_7298,place_w295874564,معدن,colloquial,osm
alias_w295912223_7299,place_w295912223,خیابان دهخدا,colloquial,osm
alias_w296235440_7300,place_w296235440,بلوار قدس,old,osm
alias_w296684845_7301,place_w296684845,خیابان میراخوری,colloquial,osm
alias_w296715411_7302,place_w296715411,امام علی ۱۸,colloquial,osm
alias_w296740393_7303,place_w296740393,بلوار نیلوفر,colloquial,osm
alias_w296783517_7304,place_w296783517,شهید بهرام بالایی,colloquial,osm
alias_w296783527_7305,place_w296783527,خیابان شیرین,colloquial,osm
alias_w296785060_7306,place_w296785060,کوچه تعزیرات,colloquial,osm
alias_w296785064_7308,place_w296785064,خیابان نهم,colloquial,osm
alias_w296785065_7309,place_w296785065,خیابان سوم,colloquial,osm
alias_w296785107_7310,place_w296785107,بلوار سی متری سوم,colloquial,osm
alias_w296826535_7311,place_w296826535,خیابان دولتشاهی,old,osm
alias_w296835768_7312,place_w296835768,چهل و پنج متری عمار یاسر,colloquial,osm
alias_w296836359_7313,place_w296836359,آذر,colloquial,osm
alias_w297158680_7314,place_w297158680,پل حاج محمد تقی,colloquial,osm
alias_w297160345_7315,place_w297160345,شهید مجید عبدالملکی,colloquial,osm
alias_w297170100_7316,place_w297170100,کشاورز,old,osm
alias_w297170100_7317,place_w297170100,۱۶ متری اول فرهنگیان,colloquial,osm
alias_w297241412_7318,place_w297241412,خیابان خوانقاه,old,osm
alias_w297243958_7319,place_w297243958,در طویله توپخانه,colloquial,osm
alias_w297379917_7320,place_w297379917,لاله,old,osm
alias_w297379919_7321,place_w297379919,ارغوان,colloquial,osm
alias_w297379926_7322,place_w297379926,شقایق,old,osm
alias_w297379926_7323,place_w297379926,خانه سازی,colloquial,osm
alias_w297581727_7324,place_w297581727,بلوار شهید علیرضا خیامی,colloquial,osm
alias_w297581729_7325,place_w297581729,محله غربتی ها,colloquial,osm
alias_w297752167_7326,place_w297752167,معلم سوم,colloquial,osm
alias_w297778026_7327,place_w297778026,اندیشه ۴۳,colloquial,osm
alias_w297810455_7328,place_w297810455,جاده قدیم زیدی,colloquial,osm
alias_w297818576_7329,place_w297818576,میدان فلسطین,colloquial,osm
alias_w297888607_7330,place_w297888607,پل روگذر مادر,colloquial,osm
alias_w298205312_7331,place_w298205312,بلوار شهیدان مکاری,colloquial,osm
alias_w298212937_7332,place_w298212937,کاشان - نوش آباد,colloquial,osm
alias_w298212945_7333,place_w298212945,بلوار شهید رئیسی,colloquial,osm
alias_w298332024_7334,place_w298332024,دروازه اصفهان,colloquial,osm
alias_w298617397_7335,place_w298617397,بلوار شهید فخری زاده,colloquial,osm
alias_w298832647_7336,place_w298832647,بلوار قاسمی,colloquial,osm
alias_w298839367_7337,place_w298839367,مرتضی محمدی,colloquial,osm
alias_w299269477_7338,place_w299269477,شهرک امام خمینی,colloquial,osm
alias_w299310774_7339,place_w299310774,پل روگذر میدان میثم,colloquial,osm
alias_w299358559_7340,place_w299358559,میدان شهریاری,colloquial,osm
alias_w299387658_7341,place_w299387658,فلکه زمزم,colloquial,osm
alias_w299393356_7342,place_w299393356,میدان معراج,colloquial,osm
alias_w299393513_7343,place_w299393513,باغشمال جدید,colloquial,osm
alias_w299445869_7344,place_w299445869,کرشته,old,osm
alias_w299520160_7345,place_w299520160,خیابان قدوسی,colloquial,osm
alias_w299522494_7346,place_w299522494,شهید علی احمد کریم زاده,colloquial,osm
alias_w299547954_7347,place_w299547954,ماهان,old,osm
alias_w299758433_7348,place_w299758433,خیابان روشنایی,colloquial,osm
alias_w300164848_7349,place_w300164848,24 متری استاد شهریار,colloquial,osm
alias_w300166457_7350,place_w300166457,بهارستان,old,osm
alias_w300227982_7351,place_w300227982,قوزی میدانی,colloquial,osm
alias_w300398341_7352,place_w300398341,خیابان ساحلی,colloquial,osm
alias_w300398355_7353,place_w300398355,کمربندی شمالی,colloquial,osm
alias_w300526385_7354,place_w300526385,خیابان برق,colloquial,osm
alias_w300528217_7355,place_w300528217,میدان زعفرانیه,colloquial,osm
alias_w300550888_7356,place_w300550888,میدان فلسطین,colloquial,osm
alias_w300588522_7357,place_w300588522,میدان شاه گلی,old,osm
alias_w300588522_7358,place_w300588522,میدان ائل گولی,colloquial,osm
alias_w300670016_7359,place_w300670016,جاده اولادقباد,colloquial,osm
alias_w300782542_7360,place_w300782542,شهید حمید سوری,colloquial,osm
alias_w300782544_7361,place_w300782544,شهید مدرس,colloquial,osm
alias_w300782569_7362,place_w300782569,شهید بهشتی,colloquial,osm
alias_w300921231_7363,place_w300921231,دخانیات 2,colloquial,osm
alias_w300959205_7364,place_w300959205,میدان ائل گولی,colloquial,osm
alias_w300966344_7365,place_w300966344,خیابان گلها,colloquial,osm
alias_w301157210_7366,place_w301157210,کاشان چی,colloquial,osm
alias_w301157218_7367,place_w301157218,شهید چکبر,colloquial,osm
alias_w301165455_7368,place_w301165455,میدان اندیشه,colloquial,osm
alias_w301165457_7369,place_w301165457,بلوار بحرین,old,osm
alias_w301165462_7370,place_w301165462,بلوار بحرین,old,osm
alias_w301165469_7371,place_w301165469,میدان شهید کریم بازگیر,colloquial,osm
alias_w301225285_7372,place_w301225285,میدان شهرداری,colloquial,osm
alias_w301225286_7373,place_w301225286,ابوطالب,colloquial,osm
alias_w301651337_7374,place_w301651337,رفاه ۱۸,colloquial,osm
alias_w301661394_7375,place_w301661394,کوی 12,colloquial,osm
alias_w301661397_7376,place_w301661397,پشت مسجد شاه,colloquial,osm
alias_w301691565_7377,place_w301691565,بلوار شورا,old,osm
alias_w301693678_7378,place_w301693678,جاده اقلید - صفاشهر,colloquial,osm
alias_w301693712_7379,place_w301693712,صفاشهر - اقلید,colloquial,osm
alias_w301698294_7380,place_w301698294,بلوار مرکزی شهرک مریم,colloquial,osm
alias_w301753132_7381,place_w301753132,مجاهد,colloquial,osm
alias_w301990040_7382,place_w301990040,صفا,old,osm
alias_w302015572_7384,place_w302015572,خیابان هشت بنگله,colloquial,osm
alias_w302015573_7385,place_w302015573,پل هشت بنگله,colloquial,osm
alias_w302016157_7386,place_w302016157,شهید اکبر قاسمی پور,colloquial,osm
alias_w302022810_7387,place_w302022810,خیابان شهید اوسانوس,colloquial,osm
alias_w302521670_7388,place_w302521670,خیابان رسول الله,colloquial,osm
alias_w302668889_7389,place_w302668889,میدان معین آباد,colloquial,osm
alias_w302747381_7390,place_w302747381,بلوارفرمانده شهید محمود ریاحی,colloquial,osm
alias_w302749650_7391,place_w302749650,شهید سید ابراهیم رییسی,colloquial,osm
alias_w302891991_7392,place_w302891991,بلوار کشاورز,colloquial,osm
alias_w302933106_7393,place_w302933106,جاده مهرآباد - قلعه قاسم,colloquial,osm
alias_w302946379_7394,place_w302946379,فرودگاه,colloquial,osm
alias_w302946500_7395,place_w302946500,فرودگاه,colloquial,osm
alias_w302965639_7396,place_w302965639,شهید رستمخانی,colloquial,osm
alias_w302969370_7397,place_w302969370,شهید سید کمال میرصدری,colloquial,osm
alias_w302970583_7398,place_w302970583,خیابان فرودگاه,colloquial,osm
alias_w302971227_7399,place_w302971227,هفده شهریور قدیم,old,osm
alias_w302971853_7400,place_w302971853,آیت الله مجتهدی زنجانی,colloquial,osm
alias_w302972448_7401,place_w302972448,میدان شهریار,colloquial,osm
alias_w302992881_7402,place_w302992881,میدان ۲۲ بهمن,colloquial,osm
alias_w303013378_7403,place_w303013378,ولیخان,colloquial,osm
alias_w303218070_7404,place_w303218070,شهید زرافشان - نسیم شرق,colloquial,osm
alias_w303282556_7405,place_w303282556,بلوار زائر,old,osm
alias_w303506747_7406,place_w303506747,خیابان ساحلی,colloquial,osm
alias_w303868872_7407,place_w303868872,حق وردی,colloquial,osm
alias_w303869090_7408,place_w303869090,میدان شهیدان خالقی پور,colloquial,osm
alias_w303869093_7409,place_w303869093,شهید شیبت الحمد بیگدلی,colloquial,osm
alias_w303869389_7410,place_w303869389,بلوار فاتح,colloquial,osm
alias_w303870329_7411,place_w303870329,آزادی,colloquial,osm
alias_w303998273_7412,place_w303998273,پنجم غربی,colloquial,osm
alias_w303998416_7413,place_w303998416,شهید رسول قره جلو,colloquial,osm
alias_w304060448_7414,place_w304060448,عرفان,colloquial,osm
alias_w304060459_7415,place_w304060459,پاستور شرقی - شهید ابوالمهدی المهندس,colloquial,osm
alias_w304199189_7416,place_w304199189,پاسداران,colloquial,osm
alias_w304295664_7417,place_w304295664,میدان شهدا,colloquial,osm
alias_w304295665_7418,place_w304295665,زهراوی,colloquial,osm
alias_w304609915_7419,place_w304609915,بازار,colloquial,osm
alias_w304686084_7420,place_w304686084,شهید شاهرخ پرهون,colloquial,osm
alias_w304738374_7421,place_w304738374,دلیجه,colloquial,osm
alias_w304739496_7422,place_w304739496,ارکین هفدهم,spelling,osm
alias_w304739687_7423,place_w304739687,خزانه,colloquial,osm
alias_w304760020_7424,place_w304760020,ششم شرقی,colloquial,osm
alias_w304760022_7425,place_w304760022,شهید اکبر سعادتی خمسه,colloquial,osm
alias_w304777079_7426,place_w304777079,گلستان,colloquial,osm
alias_w304794514_7427,place_w304794514,بلوار میرزا ماذون,colloquial,osm
alias_w304809941_7428,place_w304809941,جهانگیری,colloquial,osm
alias_w304832450_7429,place_w304832450,فضیلت 22,colloquial,osm
alias_w305031801_7430,place_w305031801,بلوار گلستان,colloquial,osm
alias_w305034177_7431,place_w305034177,بلوار بهشت,colloquial,osm
alias_w305036526_7432,place_w305036526,سلیمان صباحی,colloquial,osm
alias_w305036528_7433,place_w305036528,سلمان فارسی,colloquial,osm
alias_w305091581_7434,place_w305091581,خیابان ساحلی,colloquial,osm
alias_w305091583_7435,place_w305091583,خیابان ساحلی,colloquial,osm
alias_w305288302_7436,place_w305288302,میدان جانبازان,colloquial,osm
alias_w305289479_7437,place_w305289479,آیت الله صدر,colloquial,osm
alias_w305290991_7438,place_w305290991,بلوار کشاورز,old,osm
alias_w305293393_7439,place_w305293393,بلوار ولایت,colloquial,osm
alias_w305882642_7440,place_w305882642,لاله,old,osm
alias_w306035572_7441,place_w306035572,بلوار حاج احمد متوسلیان,colloquial,osm
alias_w306117219_7442,place_w306117219,شهدای منا,colloquial,osm
alias_w306150024_7443,place_w306150024,شهید رسول عباسی,colloquial,osm
alias_w306193191_7444,place_w306193191,بلوار آزادی,old,osm
alias_w306237155_7445,place_w306237155,فرهنگ,colloquial,osm
alias_w306237170_7446,place_w306237170,بلوار آزادگان,colloquial,osm
alias_w306237196_7447,place_w306237196,هویدا,old,osm
alias_w306248020_7448,place_w306248020,اتوبان تهران کرج,old,osm
alias_w306248021_7449,place_w306248021,اتوبان تهران کرج,old,osm
alias_w306365061_7450,place_w306365061,میدان ابومسلم خراسانی,colloquial,osm
alias_w306373314_7451,place_w306373314,خیابان فرودگاه,colloquial,osm
alias_w306460235_7452,place_w306460235,بلوار مهر,colloquial,osm
alias_w306626876_7453,place_w306626876,باغ بنفشه,colloquial,osm
alias_w306626876_7454,place_w306626876,شهید محمد روستایی,colloquial,osm
alias_w306629561_7455,place_w306629561,۶۱ متری دوم,colloquial,osm
alias_w306629639_7456,place_w306629639,کارخانه,colloquial,osm
alias_w306705816_7457,place_w306705816,شفیع زاده,colloquial,osm
alias_w306777551_7458,place_w306777551,بانوان شهیده,colloquial,osm
alias_w306778220_7459,place_w306778220,میدان شکیبا,colloquial,osm
alias_w306778519_7460,place_w306778519,مشتاقان,colloquial,osm
alias_w306779119_7461,place_w306779119,خیابان ده متری,colloquial,osm
alias_w306846450_7462,place_w306846450,خیابان گازرگاه - میثاق,colloquial,osm
alias_w307094906_7463,place_w307094906,کوی همت آباد,colloquial,osm
alias_w307094907_7464,place_w307094907,کوی همت آباد,colloquial,osm
alias_w307237306_7465,place_w307237306,علوی,colloquial,osm
alias_w307406349_7466,place_w307406349,گلستان,colloquial,osm
alias_w307609648_7467,place_w307609648,شصت و یکم,colloquial,osm
alias_w307656264_7468,place_w307656264,بلوار استقلال,colloquial,osm
alias_w307656305_7469,place_w307656305,نیلوفر,colloquial,osm
alias_w307751896_7470,place_w307751896,سه راه قدس - سه راه ابوذر,colloquial,osm
alias_w307769151_7471,place_w307769151,بیات,old,osm
alias_w308028625_7472,place_w308028625,پورمحسن,colloquial,osm
alias_w308028946_7473,place_w308028946,بیاتانی,colloquial,osm
alias_w308029719_7474,place_w308029719,میدان شریعتی,old,osm
alias_w308087739_7475,place_w308087739,جاده ملارد,old,osm
alias_w308096620_7476,place_w308096620,50,colloquial,osm
alias_w308140822_7477,place_w308140822,بلوار زائر,old,osm
alias_w308214010_7478,place_w308214010,شهدای نیروی انتظامی,colloquial,osm
alias_w308247649_7479,place_w308247649,شهید احمدنژاد,colloquial,osm
alias_w308335393_7480,place_w308335393,رودکی,colloquial,osm
alias_w308335399_7481,place_w308335399,حقانی,colloquial,osm
alias_w308335399_7482,place_w308335399,شهید عمران خانلری,colloquial,osm
alias_w308335401_7483,place_w308335401,رودکی,colloquial,osm
alias_w308341057_7484,place_w308341057,بولوار شهدا,old,osm
alias_w308341057_7485,place_w308341057,بولوار شهید قاسم سلیمانی,colloquial,osm
alias_w308341184_7486,place_w308341184,سی متری آیت الله غفاری,colloquial,osm
alias_w308346648_7487,place_w308346648,تره بار,old,osm
alias_w308796843_7488,place_w308796843,وحدت اسلامی,colloquial,osm
alias_w308942539_7489,place_w308942539,بلوار امیرکبیر,colloquial,osm
alias_w309061120_7490,place_w309061120,خیابان باباطاهر,spelling,osm
alias_w309092258_7491,place_w309092258,جوان,colloquial,osm
alias_w309092260_7492,place_w309092260,گاز,colloquial,osm
alias_w309092270_7493,place_w309092270,مادی شاه پسند,colloquial,osm
alias_w309094949_7494,place_w309094949,درختی,colloquial,osm
alias_w309103138_7495,place_w309103138,بلوار پروین,old,osm
alias_w309124946_7497,place_w309124946,سعدی,colloquial,osm
alias_w309126460_7498,place_w309126460,نیر اصفهانی,old,osm
alias_w309369747_7499,place_w309369747,میدان فوزیه,old,osm
alias_w309369747_7500,place_w309369747,میدان امام حسین,spelling,osm
alias_w309399890_7501,place_w309399890,مطهری جنوبی,colloquial,osm
alias_w309448353_7502,place_w309448353,شهید رجائی,old,osm
alias_w309450192_7503,place_w309450192,خیرین مدرسه ساز,colloquial,osm
alias_w309559690_7504,place_w309559690,کمربندی شمالی,colloquial,osm
alias_w309572264_7505,place_w309572264,شیمیایی,colloquial,osm
alias_w309640883_7506,place_w309640883,فرمانداری,colloquial,osm
alias_w309651626_7507,place_w309651626,شهدا,colloquial,osm
alias_w309866163_7508,place_w309866163,بلوار بهاران,colloquial,osm
alias_w309932727_7509,place_w309932727,شهید حمیدرضا همتی,colloquial,osm
alias_w309956444_7510,place_w309956444,دانشگاه,colloquial,osm
alias_w309973739_7511,place_w309973739,یادگار امام,colloquial,osm
alias_w309973741_7512,place_w309973741,حجت الاسلام جوادی,colloquial,osm
alias_w309973743_7513,place_w309973743,محله ب 5,colloquial,osm
alias_w309982723_7514,place_w309982723,گذر محمد کسی سومار,colloquial,osm
alias_w309982725_7515,place_w309982725,گذر شهدای درویشی,colloquial,osm
alias_w310007688_7516,place_w310007688,ده متری امام صادق,colloquial,osm
alias_w310019572_7517,place_w310019572,خیابان شاه بختی,old,osm
alias_w310067193_7518,place_w310067193,یادگار امام,colloquial,osm
alias_w310067203_7519,place_w310067203,پرویز ماضی,colloquial,osm
alias_w310082461_7520,place_w310082461,خیابان دستغیب,colloquial,osm
alias_w310082465_7521,place_w310082465,خیابان اهل بیت,colloquial,osm
alias_w310082470_7522,place_w310082470,بلوار سیب,colloquial,osm
alias_w310142650_7523,place_w310142650,نبوت,colloquial,osm
alias_w310221186_7524,place_w310221186,دوازده متری انقلاب,colloquial,osm
alias_w310236331_7525,place_w310236331,آب و فاضلاب,old,osm
alias_w310391024_7526,place_w310391024,دهم فروردین,colloquial,osm
alias_w310391024_7527,place_w310391024,بلوار دهم فروردین,colloquial,osm
alias_w310424816_7528,place_w310424816,نوبهار,colloquial,osm
alias_w310433655_7529,place_w310433655,سی و پنج متری,colloquial,osm
alias_w310439652_7530,place_w310439652,چهل و پنج متری کاج,spelling,osm
alias_w310445803_7531,place_w310445803,پارک,colloquial,osm
alias_w310462098_7532,place_w310462098,جهرم,colloquial,osm
alias_w310525885_7533,place_w310525885,شهید عیوضی,colloquial,osm
alias_w310536470_7534,place_w310536470,بهداری,old,osm
alias_w310539889_7535,place_w310539889,گاز,colloquial,osm
alias_w310891440_7536,place_w310891440,امام حسین,colloquial,osm
alias_w310965721_7537,place_w310965721,خیابان شاه بختی,old,osm
alias_w310996969_7538,place_w310996969,سردار شهید مهدی عشوریون,colloquial,osm
alias_w311116730_7539,place_w311116730,بلوار مقامی,spelling,osm
alias_w311119519_7540,place_w311119519,پارک,colloquial,osm
alias_w311127037_7541,place_w311127037,شقایق,colloquial,osm
alias_w311168591_7542,place_w311168591,خیابان شهرداری,colloquial,osm
alias_w311169740_7543,place_w311169740,میدان آزادگان,colloquial,osm
alias_w311369766_7544,place_w311369766,۱۰ متری ۱۴ معصوم,colloquial,osm
alias_w311466297_7545,place_w311466297,چهارراه امام خمینی (ره),colloquial,osm
alias_w311466299_7546,place_w311466299,مراغه,colloquial,osm
alias_w311515940_7547,place_w311515940,خیابان دانش,colloquial,osm
alias_w311737188_7548,place_w311737188,بولوار سپاه پاسداران,colloquial,osm
alias_w311741537_7549,place_w311741537,ملک الشعرای بهار,colloquial,osm
alias_w311970770_7550,place_w311970770,بلوار گلها,colloquial,osm
alias_w311980971_7551,place_w311980971,ورزش,colloquial,osm
alias_w312104834_7552,place_w312104834,علی قلی آقا,colloquial,osm
alias_w312120287_7553,place_w312120287,بکایی,colloquial,osm
alias_w312158053_7554,place_w312158053,هفتم شمالی,colloquial,osm
alias_w312182261_7555,place_w312182261,خیابان استاد منزوی,colloquial,osm
alias_w312244578_7556,place_w312244578,طالقانی,colloquial,osm
alias_w312249697_7557,place_w312249697,سراب,colloquial,osm
alias_w312272130_7558,place_w312272130,جاده فرگاز,colloquial,osm
alias_w312275125_7559,place_w312275125,شهید مرتضی مسیب زاده,colloquial,osm
alias_w312303736_7560,place_w312303736,بلوار شهید صدوقی,colloquial,osm
alias_w312303740_7561,place_w312303740,بلوار بنفشه غربی,colloquial,osm
alias_w312527906_7562,place_w312527906,بلوار بهشتی,colloquial,osm
alias_w312529409_7563,place_w312529409,بلوار شورا,colloquial,osm
alias_w312530965_7564,place_w312530965,سوم,colloquial,osm
alias_w312530967_7565,place_w312530967,امام رضا,colloquial,osm
alias_w312531067_7566,place_w312531067,شهید یاری نسب,colloquial,osm
alias_w312661179_7567,place_w312661179,هرمز,colloquial,osm
alias_w312674899_7568,place_w312674899,بلوار ولیعصر عج,colloquial,osm
alias_w312676697_7569,place_w312676697,۲۵ متری بهار,spelling,osm
alias_w312676700_7570,place_w312676700,۲۵ متری بهار,spelling,osm
alias_w312678884_7571,place_w312678884,قلمستان,colloquial,osm
alias_w312747597_7572,place_w312747597,مجیدیه شمالی,old,osm
alias_w313240854_7575,place_w313240854,پنجم,colloquial,osm
alias_w314038593_7576,place_w314038593,سیندخت شمالی,colloquial,osm
alias_w314264874_7577,place_w314264874,صحرائیان ۳,colloquial,osm
alias_w314482976_7578,place_w314482976,بلوار ۲۲ بهمن جنوبی,colloquial,osm
alias_w315170004_7579,place_w315170004,عرفان,old,osm
alias_w315266928_7580,place_w315266928,مفتح,colloquial,osm
alias_w315280574_7581,place_w315280574,خیابان علامه طباطبایی,colloquial,osm
alias_w315690182_7582,place_w315690182,نماز,old,osm
alias_w315825857_7583,place_w315825857,دادگستری,old,osm
alias_w316257359_7584,place_w316257359,شهدای اصناف,colloquial,osm
alias_w316257374_7585,place_w316257374,ایرانپور,colloquial,osm
alias_w316542844_7586,place_w316542844,میدان بعثت,colloquial,osm
alias_w316597517_7587,place_w316597517,سعیدآباد,colloquial,osm
alias_w317311202_7588,place_w317311202,جاده قدیم تهران - ساوه,colloquial,osm
alias_w317395202_7589,place_w317395202,بلوار شهید قاسم سلیمانی,colloquial,osm
alias_w317489185_7590,place_w317489185,ملت,colloquial,osm
alias_w317507781_7591,place_w317507781,نماز,colloquial,osm
alias_w317530138_7592,place_w317530138,بلوار شورا,colloquial,osm
alias_w317764716_7593,place_w317764716,میلاد ۱۹,colloquial,osm
alias_w317837617_7594,place_w317837617,اهل بیت 17,colloquial,osm
alias_w318350833_7595,place_w318350833,میدان حافظ,colloquial,osm
alias_w318350837_7596,place_w318350837,۲۴ متری,old,osm
alias_w318350837_7597,place_w318350837,۲۴ متری چمران,colloquial,osm
alias_w318509619_7598,place_w318509619,رودکی,colloquial,osm
alias_w318520069_7599,place_w318520069,فتح,colloquial,osm
alias_w318731887_7600,place_w318731887,خیابان سلطان محراب,colloquial,osm
alias_w318731887_7601,place_w318731887,خیابان شهیدان نیک پور,colloquial,osm
alias_w318927608_7602,place_w318927608,ملت,colloquial,osm
alias_w318988465_7603,place_w318988465,میدان بنیاد,spelling,osm
alias_w319090665_7604,place_w319090665,کوچه بارو,old,osm
alias_w319229598_7605,place_w319229598,بیست و پنج متری جوادیه,colloquial,osm
alias_w319229599_7606,place_w319229599,بیست و پنج متری جوادیه,colloquial,osm
alias_w319231303_7607,place_w319231303,پیروزی,old,osm
alias_w319233750_7608,place_w319233750,پانزده متری اول جوادیه,colloquial,osm
alias_w319386928_7609,place_w319386928,شهید انصاری,colloquial,osm
alias_w319537761_7610,place_w319537761,خیابان دانشگاه ازاد,colloquial,osm
alias_w319537770_7611,place_w319537770,بلوار شهدای هسته ای,colloquial,osm
alias_w319785613_7612,place_w319785613,شریف,colloquial,osm
alias_w319791658_7613,place_w319791658,بلوار تشریفات,colloquial,osm
alias_w319855150_7614,place_w319855150,میدان جهاد,colloquial,osm
alias_w320186940_7615,place_w320186940,مدرسه,colloquial,osm
alias_w320364638_7616,place_w320364638,خیابان همدان,spelling,osm
alias_w320553666_7617,place_w320553666,عارف قزوینی,colloquial,osm
alias_w320742844_7618,place_w320742844,میدان فضای سبز,colloquial,osm
alias_w320742848_7619,place_w320742848,امام رضا 5,colloquial,osm
alias_w320864144_7620,place_w320864144,ارشاد اسلامی,colloquial,osm
alias_w320877099_7621,place_w320877099,میرداماد,colloquial,osm
alias_w320979841_7622,place_w320979841,دودانگه,old,osm
alias_w320981489_7623,place_w320981489,ثریا,old,osm
alias_w320981493_7624,place_w320981493,ثریا,old,osm
alias_w320981496_7625,place_w320981496,بلوار دانشگاه شمالی,old,osm
alias_w320983209_7626,place_w320983209,ثریا,old,osm
alias_w320983215_7627,place_w320983215,جاده دانشگاه آزاد -  ونایی,colloquial,osm
alias_w320993583_7628,place_w320993583,شهرداری,colloquial,osm
alias_w321034827_7629,place_w321034827,میدان مثلثی,colloquial,osm
alias_w321083835_7630,place_w321083835,افروز,old,osm
alias_w321085358_7631,place_w321085358,خیابان شهید حاجی محمدی,colloquial,osm
alias_w321086576_7632,place_w321086576,کوچه شهید باهنر,colloquial,osm
alias_w321167986_7633,place_w321167986,فتاح غربی,colloquial,osm
alias_w321282147_7634,place_w321282147,خیابان سلمان فارسی,spelling,osm
alias_w321449260_7635,place_w321449260,برادران ثابت نیا,colloquial,osm
alias_w321449267_7636,place_w321449267,نیلوفر,old,osm
alias_w321492916_7637,place_w321492916,خیابان قزوین,old,osm
alias_w321492916_7638,place_w321492916,قزوین,colloquial,osm
alias_w321503896_7639,place_w321503896,لاله,spelling,osm
alias_w321503904_7640,place_w321503904,شهدای رضوانیه,spelling,osm
alias_w321533647_7641,place_w321533647,مهاجرین,old,osm
alias_w321774729_7642,place_w321774729,فاز چهار سهند,colloquial,osm
alias_w321774729_7643,place_w321774729,بلوار سردار سلیمانی,colloquial,osm
alias_w321808992_7644,place_w321808992,عماد,colloquial,osm
alias_w321809002_7645,place_w321809002,آزادگان 47,colloquial,osm
alias_w321810089_7646,place_w321810089,صحرا 22,colloquial,osm
alias_w321864304_7647,place_w321864304,برج عسگر,colloquial,osm
alias_w321973040_7648,place_w321973040,شهید سانی خانی,colloquial,osm
alias_w321974058_7649,place_w321974058,منتظری,old,osm
alias_w322213345_7650,place_w322213345,نسترن,colloquial,osm
alias_w322213349_7651,place_w322213349,بلوار شورا,old,osm
alias_w322431139_7652,place_w322431139,لاله,colloquial,osm
alias_w322523013_7653,place_w322523013,میدان هادی,colloquial,osm
alias_w322818694_7654,place_w322818694,سی متری فوتبال,colloquial,osm
alias_w322820540_7655,place_w322820540,خیابان سی متری,colloquial,osm
alias_w322820541_7656,place_w322820541,خیابان سی متری,colloquial,osm
alias_w322892301_7657,place_w322892301,جاده بندر شیرینو,colloquial,osm
alias_w323014934_7658,place_w323014934,خیابان دارو پخش,old,osm
alias_w323014934_7659,place_w323014934,خیابان شهید نونهال,colloquial,osm
alias_w323065228_7660,place_w323065228,بلال ۳,spelling,osm
alias_w323262372_7661,place_w323262372,بولوار شهدا,old,osm
alias_w323262372_7662,place_w323262372,بولوار شهید قاسم سلیمانی,colloquial,osm
alias_w323262374_7663,place_w323262374,بولوار شهدا,old,osm
alias_w323262374_7664,place_w323262374,بولوار شهید قاسم سلیمانی,colloquial,osm
alias_w323262375_7665,place_w323262375,نهضت,colloquial,osm
alias_w323262375_7666,place_w323262375,خیابان شهید برزگر,colloquial,osm
alias_w323378887_7667,place_w323378887,آراسته,colloquial,osm
alias_w323509060_7668,place_w323509060,اکبرآباد,colloquial,osm
alias_w323743827_7669,place_w323743827,میدان سرقنات,old,osm
alias_w323743831_7670,place_w323743831,شهید قاسم سلیمانی,colloquial,osm
alias_w323743835_7671,place_w323743835,بلوار شورا شمالی,colloquial,osm
alias_w323743835_7672,place_w323743835,شورا بالا,colloquial,osm
alias_w323743836_7673,place_w323743836,بلوار شهدای گمنام,colloquial,osm
alias_w323744352_7674,place_w323744352,ساحل جنوبی,old,osm
alias_w323744352_7675,place_w323744352,خیابان شهید پوستی,colloquial,osm
alias_w323826368_7676,place_w323826368,شیرودی دوم,colloquial,osm
alias_w323870138_7677,place_w323870138,سی متری میقان,colloquial,osm
alias_w324062568_7678,place_w324062568,شهید سلامت مهدی ممبینی,colloquial,osm
alias_w324313128_7679,place_w324313128,پارسا غربی,colloquial,osm
alias_w324498316_7680,place_w324498316,خیابان منظریه,spelling,osm
alias_w324514250_7681,place_w324514250,بلوار صبا,old,osm
alias_w324836628_7682,place_w324836628,پرچم,colloquial,osm
alias_w324836646_7683,place_w324836646,احمدی پور,colloquial,osm
alias_w324984952_7684,place_w324984952,خیابان سرلشکر ظهیرنژاد,colloquial,osm
alias_w325187340_7685,place_w325187340,میدان منبع طبیعی,colloquial,osm
alias_w325213852_7686,place_w325213852,امام زمان,colloquial,osm
alias_w325213856_7687,place_w325213856,میدان اطلس,colloquial,osm
alias_w325372018_7688,place_w325372018,درختی,old,osm
alias_w325448153_7689,place_w325448153,خیابان فرمانفرما,old,osm
alias_w325509746_7690,place_w325509746,سرو گل,colloquial,osm
alias_w325560838_7691,place_w325560838,امینی,colloquial,osm
alias_w325664982_7692,place_w325664982,انوری پایین,colloquial,osm
alias_w325665894_7693,place_w325665894,ثامنی,old,osm
alias_w325701339_7694,place_w325701339,خیابان دانشسرا,old,osm
alias_w325701340_7695,place_w325701340,خیابان شهید بهاء الدین عراقی,colloquial,osm
alias_w325701340_7696,place_w325701340,خیابان خیام,colloquial,osm
alias_w325846364_7697,place_w325846364,۳۵ متری قنات,colloquial,osm
alias_w325846994_7698,place_w325846994,میدان ماشین سازی,colloquial,osm
alias_w325857531_7699,place_w325857531,کمربندی دالایی,colloquial,osm
alias_w325857532_7700,place_w325857532,خیابان امامت شمالی,colloquial,osm
alias_w325857533_7701,place_w325857533,گوشه عظیم,colloquial,osm
alias_w325858758_7702,place_w325858758,امام رضا,colloquial,osm
alias_w325859683_7703,place_w325859683,بلوار منتظری,colloquial,osm
alias_w325863105_7704,place_w325863105,نسترن,old,osm
alias_w325866699_7705,place_w325866699,مقداد,colloquial,osm
alias_w325898231_7706,place_w325898231,خیابان شهید صاحبقران فرد,colloquial,osm
alias_w326181244_7707,place_w326181244,چمران,colloquial,osm
alias_w326181244_7708,place_w326181244,خیابان ولی عصر,colloquial,osm
alias_w326204436_7709,place_w326204436,انوری بالا,colloquial,osm
alias_w326204928_7710,place_w326204928,شهید سید داوود هاشمی,colloquial,osm
alias_w326405151_7711,place_w326405151,دهم فروردین,colloquial,osm
alias_w326405151_7712,place_w326405151,بلوار دهم فروردین,colloquial,osm
alias_w326482854_7713,place_w326482854,میدان سکه,colloquial,osm
alias_w326493154_7714,place_w326493154,بلوار بسیج,colloquial,osm
alias_w326669346_7715,place_w326669346,خیابان بوستان,colloquial,osm
alias_w326896403_7716,place_w326896403,سعدآباد,colloquial,osm
alias_w327132861_7717,place_w327132861,جاده نظرآباد-نجم آباد,colloquial,osm
alias_w327260156_7718,place_w327260156,نمک‌کوهی‌ها,colloquial,osm
alias_w327363404_7719,place_w327363404,کوچه وحدت ۸,colloquial,osm
alias_w327365138_7720,place_w327365138,کوچه شهید آل طه,colloquial,osm
alias_w327449388_7721,place_w327449388,پانزده خرداد,colloquial,osm
alias_w327729735_7722,place_w327729735,میدان لاله,colloquial,osm
alias_w327939811_7723,place_w327939811,شهید نیک نژاد,colloquial,osm
alias_w328005441_7724,place_w328005441,دارالسلام,old,osm
alias_w328005441_7725,place_w328005441,خیابان بهشت رضا,colloquial,osm
alias_w328350758_7726,place_w328350758,سه راه ارامنه,colloquial,osm
alias_w328599159_7727,place_w328599159,رضوان مدنی,colloquial,osm
alias_w328599160_7728,place_w328599160,رضوان مدنی,colloquial,osm
alias_w328978968_7729,place_w328978968,خیابان صابونی,colloquial,osm
alias_w329069017_7731,place_w329069017,بلوار ارشاد,colloquial,osm
alias_w329069017_7732,place_w329069017,بلوار رضا نظری,spelling,osm
alias_w329070165_7733,place_w329070165,شهید نعمت اله کریمی,colloquial,osm
alias_w329122973_7734,place_w329122973,جاده ائل گولی - جاده شاهگلی - شهید باکری,spelling,osm
alias_w329179228_7735,place_w329179228,خیابان سرچشمه وکیل آقا,colloquial,osm
alias_w329179229_7736,place_w329179229,خیابان مظهرعلیشاه,old,osm
alias_w329324104_7737,place_w329324104,مجاهد,colloquial,osm
alias_w329358213_7738,place_w329358213,فلکه ساعت,colloquial,osm
alias_w329358775_7739,place_w329358775,میدان زنبق,colloquial,osm
alias_w329422022_7740,place_w329422022,کوچه اعظمی,old,osm
alias_w329422023_7741,place_w329422023,دبیراعظم,colloquial,osm
alias_w329832002_7742,place_w329832002,بزرگراه کمربندی,old,osm
alias_w329832002_7744,place_w329832002,بزرگراه امام حسین,spelling,osm
alias_w330165323_7745,place_w330165323,مصدق,old,osm
alias_w330270926_7746,place_w330270926,میدان همبستگی,colloquial,osm
alias_w330270926_7747,place_w330270926,میدان چهار شاخ,spelling,osm
alias_w330338846_7748,place_w330338846,عمارت,colloquial,osm
alias_w330345122_7749,place_w330345122,خیابان اقدسیه,old,osm
alias_w330403527_7751,place_w330403527,رودبار غربی,old,osm
alias_w330403535_7752,place_w330403535,دکتر نوربخش,colloquial,osm
alias_w330440855_7753,place_w330440855,پیراسته,old,osm
alias_w330440856_7754,place_w330440856,پیراسته,old,osm
alias_w330440857_7755,place_w330440857,پیراسته,old,osm
alias_w330440860_7756,place_w330440860,تابناک,old,osm
alias_w330606829_7758,place_w330606829,استانبول,old,osm
alias_w330628704_7759,place_w330628704,ژاله,old,osm
alias_w330642525_7761,place_w330642525,قلعه مرغی,old,osm
alias_w330713507_7763,place_w330713507,خیابان برزیل,colloquial,osm
alias_w330778690_7764,place_w330778690,دانشور,old,osm
alias_w330920957_7765,place_w330920957,شاهین شمالی,old,osm
alias_w330920957_7766,place_w330920957,بلوار شهید کبیری طامه,spelling,osm
alias_w330982502_7767,place_w330982502,جهرم,colloquial,osm
alias_w331197247_7768,place_w331197247,کوزه,colloquial,osm
alias_w331201938_7769,place_w331201938,جوی گاردر,colloquial,osm
alias_w331221490_7770,place_w331221490,جاده قدیم کرج,old,osm
alias_w331221490_7771,place_w331221490,بزرگراه فتح,colloquial,osm
alias_w331305379_7772,place_w331305379,پل سرداران,colloquial,osm
alias_w331535134_7773,place_w331535134,اندیشه شمالی,colloquial,osm
alias_w332233110_7774,place_w332233110,راهزان,colloquial,osm
alias_w332305240_7775,place_w332305240,شهناز,colloquial,osm
alias_w332339008_7776,place_w332339008,بیژن,old,osm
alias_w332339009_7777,place_w332339009,بیژن,old,osm
alias_w332363949_7778,place_w332363949,رنگرزها,colloquial,osm
alias_w332437879_7779,place_w332437879,ناصریه,old,osm
alias_w332720720_7780,place_w332720720,ارشاد,colloquial,osm
alias_w332725263_7781,place_w332725263,میدان شهید نجفی,colloquial,osm
alias_w333015313_7782,place_w333015313,کوچه مدرسه سما,colloquial,osm
alias_w333017357_7783,place_w333017357,شهید رحیمی,colloquial,osm
alias_w333104582_7784,place_w333104582,رنگ فروش ها,colloquial,osm
alias_w333113504_7785,place_w333113504,قره داشلی,colloquial,osm
alias_w333436383_7786,place_w333436383,کودکان غزه,old,osm
alias_w333436383_7787,place_w333436383,بلوار شهرزاد,spelling,osm
alias_w333475566_7788,place_w333475566,دستور شمالی,old,osm
alias_w334640959_7789,place_w334640959,گلها,old,osm
alias_w334834049_7790,place_w334834049,ولایت ۳۲,colloquial,osm
alias_w334996758_7791,place_w334996758,استاد مراد دوردی قاضی,colloquial,osm
alias_w335020527_7792,place_w335020527,خیابان سردادور,old,osm
alias_w335244254_7793,place_w335244254,سیروس,old,osm
alias_w335882983_7795,place_w335882983,یوسف آباد,old,osm
alias_w335907315_7797,place_w335907315,شاهین جنوبی,old,osm
alias_w335907315_7798,place_w335907315,بلوار شهید مصطفی پژوهنده,spelling,osm
alias_w336048050_7799,place_w336048050,سبکرو,colloquial,osm
alias_w336214904_7800,place_w336214904,خیابان دارآباد,old,osm
alias_w336222365_7802,place_w336222365,خیابان دارآباد,old,osm
alias_w336269368_7804,place_w336269368,شاپور,old,osm
alias_w336269368_7805,place_w336269368,شاهپور,colloquial,osm
alias_w336269371_7807,place_w336269371,شاپور,old,osm
alias_w336269371_7808,place_w336269371,شاهپور,colloquial,osm
alias_w336299166_7809,place_w336299166,بلوار تخت جمشید,colloquial,osm
alias_w336303068_7810,place_w336303068,بلوار امام رضا,spelling,osm
alias_w336305855_7811,place_w336305855,میدان عاشورا,spelling,osm
alias_w336607863_7812,place_w336607863,میدان فاطمه رشیدی,colloquial,osm
alias_w336607864_7813,place_w336607864,میدان غزل,colloquial,osm
alias_w336816344_7814,place_w336816344,بزرگراه آزادگان,colloquial,osm
alias_w336844023_7815,place_w336844023,میدان شهید محمدی,colloquial,osm
alias_w336878139_7816,place_w336878139,درب گاراژ,colloquial,osm
alias_w336904384_7817,place_w336904384,عدالت - انسجام,colloquial,osm
alias_w337037344_7818,place_w337037344,یاس ۱۱ شمالی,colloquial,osm
alias_w337045597_7819,place_w337045597,بلوار لاله غربی,old,osm
alias_w337045597_7820,place_w337045597,بلوار شهید کبیرزاده,spelling,osm
alias_w337046129_7821,place_w337046129,میدان آزادگان,colloquial,osm
alias_w337583102_7822,place_w337583102,خیابان یخچال,colloquial,osm
alias_w338083753_7823,place_w338083753,سادات,colloquial,osm
alias_w338101903_7824,place_w338101903,دانش ۲۶,colloquial,osm
alias_w338101904_7825,place_w338101904,تعاونی شیشه,colloquial,osm
alias_w338102553_7826,place_w338102553,خیابان شهید جلیل مومنی,colloquial,osm
alias_w338104580_7827,place_w338104580,بلوار بوستان,old,osm
alias_w338105087_7829,place_w338105087,زاویه,colloquial,osm
alias_w338105089_7830,place_w338105089,زاویه,colloquial,osm
alias_w338109695_7831,place_w338109695,شمشاد ۳,colloquial,osm
alias_w338113952_7832,place_w338113952,خیابان شهید فاطمی,colloquial,osm
alias_w338119347_7833,place_w338119347,فاز ۲,colloquial,osm
alias_w338254745_7834,place_w338254745,دیانت ۱۹,colloquial,osm
alias_w338274355_7835,place_w338274355,پیام پنجم,colloquial,osm
alias_w338285572_7836,place_w338285572,پیروزی,old,osm
alias_w338287302_7837,place_w338287302,ذوالفقار ۴۶,colloquial,osm
alias_w338355527_7838,place_w338355527,میدان استاندارد,spelling,osm
alias_w338481016_7839,place_w338481016,بلوار بهاران,colloquial,osm
alias_w338990326_7840,place_w338990326,حاج حاتم,colloquial,osm
alias_w339091413_7841,place_w339091413,شهید اندرزگو,colloquial,osm
alias_w339119088_7842,place_w339119088,نهال 28,colloquial,osm
alias_w339188900_7843,place_w339188900,میدان شهدای آتش نشان,spelling,osm
alias_w339298218_7844,place_w339298218,بلوار فاطمیه,colloquial,osm
alias_w339542515_7845,place_w339542515,میدان ورزش,colloquial,osm
alias_w339594153_7846,place_w339594153,خیابان بنیاد شهید,colloquial,osm
alias_w339888829_7847,place_w339888829,معراج 40,colloquial,osm
alias_w339889151_7848,place_w339889151,معراج 42,colloquial,osm
alias_w339889213_7849,place_w339889213,معراج ۴۶,colloquial,osm
alias_w340384803_7850,place_w340384803,خیامی 3,colloquial,osm
alias_w340393919_7851,place_w340393919,کاویان ۶,colloquial,osm
alias_w340587552_7852,place_w340587552,خیابان شهید صنعت کار,colloquial,osm
alias_w340587553_7853,place_w340587553,نگین ششم,colloquial,osm
alias_w340587564_7854,place_w340587564,دانش ۲۳,colloquial,osm
alias_w341367170_7855,place_w341367170,خیابان بخشداری,colloquial,osm
alias_w341697615_7856,place_w341697615,بلوار بسیج,colloquial,osm
alias_w342007638_7857,place_w342007638,کمربندی شمالی اراک,colloquial,osm
alias_w342009918_7858,place_w342009918,بزرگراه شهید آنجفی,colloquial,osm
alias_w342009919_7859,place_w342009919,بزرگراه شهید آنجفی,colloquial,osm
alias_w343887346_7860,place_w343887346,محیط زیست,old,osm
alias_w344354165_7861,place_w344354165,میدان اسب,colloquial,osm
alias_w347326322_7862,place_w347326322,ژاندارمری,old,osm
alias_w347455933_7863,place_w347455933,هلال احمر-شهید رنجبر,colloquial,osm
alias_w348453903_7864,place_w348453903,تالار پارچه,colloquial,osm
alias_w350153314_7865,place_w350153314,میدان سلام,colloquial,osm
alias_w351493645_7866,place_w351493645,نواب صفوی ۸,spelling,osm
alias_w351880653_7867,place_w351880653,ژاله,colloquial,osm
alias_w351919879_7868,place_w351919879,عباسی,old,osm
alias_w351919882_7869,place_w351919882,عباسی,old,osm
alias_w351933780_7870,place_w351933780,گرگان,old,osm
alias_w352270482_7872,place_w352270482,Etemadiye street,colloquial,osm
alias_w352388924_7873,place_w352388924,طبرسی,old,osm
alias_w352388927_7874,place_w352388927,بلوار امام جواد,colloquial,osm
alias_w352582236_7875,place_w352582236,شهید نبی لو 1,colloquial,osm
alias_w352585128_7876,place_w352585128,شهید نبی لو 3,colloquial,osm
alias_w352724767_7877,place_w352724767,قاصدک ۵,colloquial,osm
alias_w353501828_7878,place_w353501828,پل سوم,colloquial,osm
alias_w354322388_7879,place_w354322388,استاد بهزاد ۱۰,colloquial,osm
alias_w355154531_7880,place_w355154531,خیابان تهران,old,osm
alias_w355963800_7881,place_w355963800,بلوار کوهک,old,osm
alias_w355963800_7882,place_w355963800,بلوار علیمرادی,colloquial,osm
alias_w355985858_7883,place_w355985858,میدان امام خمینی,colloquial,osm
alias_w356373418_7884,place_w356373418,سنگینی,colloquial,osm
alias_w356373419_7885,place_w356373419,سنگینی,colloquial,osm
alias_w356747285_7886,place_w356747285,میدان پرستار,old,osm
alias_w356747285_7887,place_w356747285,میدان حضرت زینب,colloquial,osm
alias_w356766233_7888,place_w356766233,اتوبان تهران کرج,old,osm
alias_w356776751_7889,place_w356776751,افسریه,old,osm
alias_w357485969_7891,place_w357485969,۲۲ بهمن ۴,colloquial,osm
alias_w357515220_7892,place_w357515220,بلوار غیور اصلی,old,osm
alias_w357521213_7893,place_w357521213,هجده متری فجر,colloquial,osm
alias_w358306245_7894,place_w358306245,بلوار ملت,colloquial,osm
alias_w358306248_7895,place_w358306248,بلوار ملت,colloquial,osm
alias_w358741188_7896,place_w358741188,بلوار مهارت,old,osm
alias_w358741188_7897,place_w358741188,بزرگراه شهید آنجفی,colloquial,osm
alias_w358741191_7898,place_w358741191,بزرگراه شهید آنجفی,colloquial,osm
alias_w359886106_7899,place_w359886106,۲۴ متری فرهنگیان,old,osm
alias_w360130610_7901,place_w360130610,بلوار نیایش,colloquial,osm
alias_w360680849_7902,place_w360680849,قره داغی,colloquial,osm
alias_w361270146_7903,place_w361270146,خیابان توحید تهرانپارس,old,osm
alias_w361719221_7904,place_w361719221,باغ ملی,old,osm
alias_w362091832_7905,place_w362091832,بلوار امام علی,colloquial,osm
alias_w362476308_7906,place_w362476308,خیابان فرمانداری,old,osm
alias_w363645005_7907,place_w363645005,میدان امام صادق,colloquial,osm
alias_w364251679_7908,place_w364251679,لختی,old,osm
alias_w364472124_7909,place_w364472124,خیابان زمرد,colloquial,osm
alias_w364563556_7910,place_w364563556,طلوع ۷,colloquial,osm
alias_w364564098_7911,place_w364564098,آذربایجان,colloquial,osm
alias_w364837180_7912,place_w364837180,سرچشمه 8,colloquial,osm
alias_w364837191_7913,place_w364837191,ادهمی 11,colloquial,osm
alias_w364837194_7914,place_w364837194,شهید محمدرضا فتحی,colloquial,osm
alias_w365632000_7915,place_w365632000,بزرگراه رسالت جنوبی,old,osm
alias_w365632000_7916,place_w365632000,بزرگراه شهید قاسم سلیمانی,colloquial,osm
alias_w366083286_7917,place_w366083286,بلوار ساحلی,colloquial,osm
alias_w367395421_7918,place_w367395421,میدان فنی حرفه ای,colloquial,osm
alias_w368242073_7919,place_w368242073,فردوسی,colloquial,osm
alias_w368242076_7920,place_w368242076,فلکه معلم,colloquial,osm
alias_w368245104_7921,place_w368245104,امید,colloquial,osm
alias_w368245105_7922,place_w368245105,اشرفی اصفهانی,colloquial,osm
alias_w368267166_7923,place_w368267166,بزرگراه سپهبد شهید حاج قاسم سلیمانی,colloquial,osm
alias_w368388755_7924,place_w368388755,شمشاد 8,colloquial,osm
alias_w368446733_7925,place_w368446733,بلوار فرهنگیان,colloquial,osm
alias_w368557277_7926,place_w368557277,بلوار خلیج فارس,colloquial,osm
alias_w368888724_7927,place_w368888724,وقف,colloquial,osm
alias_w369425639_7928,place_w369425639,بلوار بیست و دو بهمن,colloquial,osm
alias_w369426262_7929,place_w369426262,سلمان فارسی,colloquial,osm
alias_w369586089_7930,place_w369586089,فلکه سونا,spelling,osm
alias_w369662337_7931,place_w369662337,پل روگذر سرلشکر شهید ضیاءالدین ذاکر,old,osm
alias_w369662337_7932,place_w369662337,پل شهید رئیسی,colloquial,osm
alias_w370158630_7933,place_w370158630,بلوار خفرک,colloquial,osm
alias_w370277488_7934,place_w370277488,نماز,colloquial,osm
alias_w370297126_7935,place_w370297126,شهید داوود واعظ,colloquial,osm
alias_w370688287_7936,place_w370688287,مەلا مستەفای بارزان,colloquial,osm
alias_w370747293_7937,place_w370747293,هشت متری مطهری,colloquial,osm
alias_w370757567_7938,place_w370757567,بیمه یکم,colloquial,osm
alias_w370934151_7939,place_w370934151,چای کنار,colloquial,osm
alias_w370935126_7940,place_w370935126,شهید کلانتری,colloquial,osm
alias_w370962666_7941,place_w370962666,باکری ۹,colloquial,osm
alias_w370962667_7942,place_w370962667,کوی امام حسین,colloquial,osm
alias_w371068708_7943,place_w371068708,میدان مخابرات,colloquial,osm
alias_w371069428_7944,place_w371069428,دانش,colloquial,osm
alias_w371079905_7945,place_w371079905,۳۰ متری,colloquial,osm
alias_w371079922_7946,place_w371079922,۲۴ متری,colloquial,osm
alias_w371570810_7947,place_w371570810,جاده مرند- ایواوغلی,spelling,osm
alias_w371757148_7948,place_w371757148,خیابان خواجه ربیع,old,osm
alias_w371898789_7949,place_w371898789,ابوذر,colloquial,osm
alias_w371953490_7950,place_w371953490,خیابان شهید اصغرزاده,colloquial,osm
alias_w372440858_7951,place_w372440858,ابراهیم آباد,colloquial,osm
alias_w372725102_7952,place_w372725102,میدان شیخ الشعرا استاد کریمی مراغه ای,colloquial,osm
alias_w372787350_7953,place_w372787350,فلکه گل,colloquial,osm
alias_w372919447_7954,place_w372919447,اسلام آباد,colloquial,osm
alias_w373028414_7955,place_w373028414,کوی مهر,colloquial,osm
alias_w373357008_7956,place_w373357008,میدان امام حسین,colloquial,osm
alias_w373489092_7957,place_w373489092,بهداری کوی لاله,colloquial,osm
alias_w374028033_7958,place_w374028033,بهرامی,colloquial,osm
alias_w374048732_7959,place_w374048732,آزادگان,colloquial,osm
alias_w374182310_7960,place_w374182310,میدان ۹ دی,colloquial,osm
alias_w374233549_7961,place_w374233549,۶,colloquial,osm
alias_w374236922_7962,place_w374236922,چمران,colloquial,osm
alias_w374243377_7963,place_w374243377,محله دهنو,colloquial,osm
alias_w374243381_7964,place_w374243381,بهداری,colloquial,osm
alias_w374245441_7965,place_w374245441,شهید محمدعلی حقیقی,colloquial,osm
alias_w374248886_7966,place_w374248886,حدیث ۸,colloquial,osm
alias_w374253258_7967,place_w374253258,میدان شهیدان فتحی,colloquial,osm
alias_w374369202_7968,place_w374369202,پارس فاستون,colloquial,osm
alias_w374369223_7969,place_w374369223,پارس فاستون,colloquial,osm
alias_w374389140_7970,place_w374389140,یاداوران,colloquial,osm
alias_w374389177_7971,place_w374389177,جاده امام جعفرصادق(ع),colloquial,osm
alias_w374496050_7972,place_w374496050,بلوار خوارزمی,colloquial,osm
alias_w374610121_7973,place_w374610121,امام حسین,colloquial,osm
alias_w374615512_7974,place_w374615512,کوی مکائیل قنوی,colloquial,osm
alias_w374650164_7975,place_w374650164,اخلاص,colloquial,osm
alias_w374656016_7976,place_w374656016,جاده شهرک نصر,colloquial,osm
alias_w374842249_7977,place_w374842249,بلوار کاج,colloquial,osm
alias_w375186184_7978,place_w375186184,تونل حرم مطهر,colloquial,osm
alias_w375334040_7979,place_w375334040,بهاران 2,colloquial,osm
alias_w375335753_7980,place_w375335753,نور,old,osm
alias_w375335758_7981,place_w375335758,زاینده رود,colloquial,osm
alias_w375335768_7982,place_w375335768,خرم شرقی,colloquial,osm
alias_w375345651_7983,place_w375345651,دوازده متری صنعت,colloquial,osm
alias_w375541230_7984,place_w375541230,بزرگراه دوگل,old,osm
alias_w375640264_7985,place_w375640264,فلکه امام,colloquial,osm
alias_w375893345_7986,place_w375893345,جاده خزرآباد - ساری,colloquial,osm
alias_w375908336_7987,place_w375908336,قره باغی زاده,colloquial,osm
alias_w376344087_7988,place_w376344087,آزادی شمالی ۴ - شهید قاسم سلیمانی ۱۲,colloquial,osm
alias_w377031607_7989,place_w377031607,شهید مزار پودینه,colloquial,osm
alias_w377064986_7990,place_w377064986,لکزایی ۴,colloquial,osm
alias_w377129642_7991,place_w377129642,باغستان,colloquial,osm
alias_w377129642_7992,place_w377129642,بلوار امام خمینی,spelling,osm
alias_w377295728_7993,place_w377295728,میدان غیاثی,old,osm
alias_w377337116_7994,place_w377337116,شاهد,colloquial,osm
alias_w377576567_7995,place_w377576567,خیابان خواجه ربیع,old,osm
alias_w377744413_7996,place_w377744413,گلبرگ غربی,colloquial,osm
alias_w377744414_7997,place_w377744414,بختیاری,colloquial,osm
alias_w377997984_7998,place_w377997984,بزرگراه ۱۰۰,old,osm
alias_w377997986_7999,place_w377997986,بزرگراه ۱۰۰,old,osm
alias_w378353413_8000,place_w378353413,بلوار آفریقا,colloquial,osm
alias_w378353413_8001,place_w378353413,خیابان جردن,colloquial,osm
alias_w378353420_8002,place_w378353420,نفت جنوبی,old,osm
alias_w378388457_8003,place_w378388457,بلوار هلال احمر,old,osm
alias_w378388457_8004,place_w378388457,خیابان دکتر شهید سیدحسین فاطمی,colloquial,osm
alias_w378388457_8005,place_w378388457,خیابان شهید فاطمی,colloquial,osm
alias_w378577794_8006,place_w378577794,شاپور,old,osm
alias_w378577794_8007,place_w378577794,شاهپور,colloquial,osm
alias_w378629442_8009,place_w378629442,کوچه آبیاری,colloquial,osm
alias_w378629443_8010,place_w378629443,کوچه بزبند,colloquial,osm
alias_w378666630_8011,place_w378666630,حسین مرادی,old,osm
alias_w378719388_8012,place_w378719388,۲۰متری ولی عصر,colloquial,osm
alias_w378862969_8013,place_w378862969,شهیدمحمدزمان بیکی,colloquial,osm
alias_w378866034_8014,place_w378866034,کوی ایثار,colloquial,osm
alias_w379037012_8015,place_w379037012,معلم,colloquial,osm
alias_w379075073_8016,place_w379075073,میدان ساعت,colloquial,osm
alias_w379359789_8017,place_w379359789,بزرگراه شهید سلیمانی,colloquial,osm
alias_w379709501_8018,place_w379709501,میدان وزیری,spelling,osm
alias_w379778003_8019,place_w379778003,بلوار ساحلی,colloquial,osm
alias_w379779017_8020,place_w379779017,امام حسین,colloquial,osm
alias_w379879502_8021,place_w379879502,مهارت,colloquial,osm
alias_w379939342_8022,place_w379939342,میدان شهرک,colloquial,osm
alias_w379963333_8023,place_w379963333,کشتارگاه,colloquial,osm
alias_w380240519_8024,place_w380240519,شاهرضا,old,osm
alias_w380240716_8025,place_w380240716,تخت جمشید,old,osm
alias_w380240717_8026,place_w380240717,پهلوی,old,osm
alias_w380240717_8027,place_w380240717,مصدق,colloquial,osm
alias_w380241741_8028,place_w380241741,سازمان آب,colloquial,osm
alias_w380257228_8029,place_w380257228,شهید علی مختاری,colloquial,osm
alias_w380283412_8030,place_w380283412,شهید بهرام صفرزاده,colloquial,osm
alias_w380300560_8031,place_w380300560,پل ۱۹ مهر,colloquial,osm
alias_w380377833_8032,place_w380377833,میدان انقلاب,colloquial,osm
alias_w380542015_8033,place_w380542015,بلوار آیت ا.. میرغنی زاده,colloquial,osm
alias_w380882899_8034,place_w380882899,حریم راه‌آهن,colloquial,osm
alias_w380882900_8035,place_w380882900,حریم راه‌آهن,colloquial,osm
alias_w380914744_8036,place_w380914744,نطنج,old,osm
alias_w380927956_8037,place_w380927956,طبیعت,colloquial,osm
alias_w380992196_8038,place_w380992196,طالقانی,colloquial,osm
alias_w381021414_8039,place_w381021414,فرحزاد,old,osm
alias_w381425829_8040,place_w381425829,بلوار میعاد,old,osm
alias_w381465352_8041,place_w381465352,صیاد,colloquial,osm
alias_w381816023_8042,place_w381816023,زایشگاه,old,osm
alias_w382134121_8043,place_w382134121,بلوار الیزابت دوم,old,osm
alias_w382134122_8044,place_w382134122,امیرآباد,old,osm
alias_w382257127_8045,place_w382257127,عسگرخان,old,osm
alias_w382257127_8046,place_w382257127,خیابان شهید محمد خمسه لویی,colloquial,osm
alias_w382276313_8047,place_w382276313,جهان پهلوان تختی,colloquial,osm
alias_w382389764_8048,place_w382389764,بلوار زائر,old,osm
alias_w382402464_8049,place_w382402464,فلکه تقی آباد,old,osm
alias_w382402467_8050,place_w382402467,فلکه تقی آباد,old,osm
alias_w382759594_8051,place_w382759594,شهید علی رنجبر,colloquial,osm
alias_w382854620_8052,place_w382854620,چراغ برق,old,osm
alias_w382854819_8054,place_w382854819,چراغ برق,old,osm
alias_w382908578_8056,place_w382908578,سی متری طلاب,colloquial,osm
alias_w382926242_8057,place_w382926242,سی متری طلاب,colloquial,osm
alias_w382935013_8058,place_w382935013,امام رضا هشتم,colloquial,osm
alias_w383029400_8059,place_w383029400,Malek-Abad Square,colloquial,osm
alias_w383029401_8060,place_w383029401,Malek-Abad Square,colloquial,osm
alias_w383051962_8061,place_w383051962,خیابان خواجه ربیع,old,osm
alias_w383533223_8062,place_w383533223,جاده آسیایی,colloquial,osm
alias_w383533225_8063,place_w383533225,جاده آسیایی,colloquial,osm
alias_w383533233_8064,place_w383533233,میدان تلویزیون,colloquial,osm
alias_w383533241_8065,place_w383533241,میدان تلویزیون,colloquial,osm
alias_w383533329_8066,place_w383533329,فلکه گاراژدارها,colloquial,osm
alias_w383941691_8067,place_w383941691,بولوار شهید میرزایی,colloquial,osm
alias_w383941692_8068,place_w383941692,بولوار شهید میرزایی,colloquial,osm
alias_w384139881_8069,place_w384139881,آبان جنوبى,old,osm
alias_w384592737_8070,place_w384592737,میدان امام هادی,colloquial,osm
alias_w384615458_8071,place_w384615458,میدان شهید سلیمانی,colloquial,osm
alias_w384655746_8072,place_w384655746,اوج,colloquial,osm
alias_w384661772_8073,place_w384661772,سردخانه,spelling,osm
alias_w384661773_8074,place_w384661773,ناصربهایی,colloquial,osm
alias_w384791310_8075,place_w384791310,میرزایی,spelling,osm
alias_w384806012_8076,place_w384806012,فرحزاد,old,osm
alias_w384806111_8077,place_w384806111,نسترن,colloquial,osm
alias_w384834289_8078,place_w384834289,بلوار مریم,colloquial,osm
alias_w384836890_8079,place_w384836890,بلوار مرزبان,colloquial,osm
alias_w384866865_8080,place_w384866865,خیابان دارآباد,old,osm
alias_w384866893_8082,place_w384866893,جمال آباد,old,osm
alias_w384866895_8083,place_w384866895,میدان خیبر,colloquial,osm
alias_w384866895_8084,place_w384866895,میدان شهدای جمال آباد,spelling,osm
alias_w384948702_8085,place_w384948702,پل مهرشهر,spelling,osm
alias_w384958327_8086,place_w384958327,خیابان خواجه ربیع,old,osm
alias_w384968522_8087,place_w384968522,میدان استقلال,colloquial,osm
alias_w385201097_8088,place_w385201097,کاج,colloquial,osm
alias_w385398574_8089,place_w385398574,مهاباد,colloquial,osm
alias_w385405027_8090,place_w385405027,میدان حضرت مهدی,colloquial,osm
alias_w385405381_8091,place_w385405381,وحدت شمالی,colloquial,osm
alias_w385422483_8092,place_w385422483,بولوار شفا,old,osm
alias_w385422483_8093,place_w385422483,بابارجب,colloquial,osm
alias_w385543546_8094,place_w385543546,گل مراد,colloquial,osm
alias_w385577461_8095,place_w385577461,کوی 5,colloquial,osm
alias_w385789621_8096,place_w385789621,خیابان شهید برزگر,colloquial,osm
alias_w385803915_8097,place_w385803915,عطار 7,colloquial,osm
alias_w386290919_8098,place_w386290919,بلوار آزادی (خیابان اصلی گوهردشت),colloquial,osm
alias_w386293132_8099,place_w386293132,شهیده سارا گل شیروانی,colloquial,osm
alias_w386464792_8100,place_w386464792,نظام آباد,old,osm
alias_w386743606_8102,place_w386743606,محمد سرکارگر,colloquial,osm
alias_w386743612_8103,place_w386743612,۱۴۲,colloquial,osm
alias_w386748586_8104,place_w386748586,یاس شرقی,colloquial,osm
alias_w387125543_8105,place_w387125543,سی و هشتم,colloquial,osm
alias_w387288681_8106,place_w387288681,چهارم غربی,spelling,osm
alias_w387288685_8107,place_w387288685,شهید ابوالحسنی,colloquial,osm
alias_w387310482_8108,place_w387310482,خیابان سپه,old,osm
alias_w387310482_8109,place_w387310482,خیابان امام خمینی,spelling,osm
alias_w387318254_8110,place_w387318254,سپاس,colloquial,osm
alias_w387679046_8111,place_w387679046,سی و یکم غربی قریشی,colloquial,osm
alias_w387711916_8112,place_w387711916,بزرگراه خلیج فارس,colloquial,osm
alias_w387711916_8113,place_w387711916,کمربندی جنوبی,colloquial,osm
alias_w387875538_8114,place_w387875538,بلوار پمپ گاز,colloquial,osm
alias_w387994567_8115,place_w387994567,فلکه راه آهن,old,osm
alias_w387994567_8116,place_w387994567,فلکه ترمینال,colloquial,osm
alias_w388933327_8117,place_w388933327,خیابان هشت متری سوم,colloquial,osm
alias_w389099202_8118,place_w389099202,سواران 25,colloquial,osm
alias_w389150093_8119,place_w389150093,نسیم ششم,colloquial,osm
alias_w389150101_8120,place_w389150101,طلوع,colloquial,osm
alias_w389151305_8121,place_w389151305,نسیم نهم,old,osm
alias_w389151307_8122,place_w389151307,طلوع دوم,colloquial,osm
alias_w389323088_8123,place_w389323088,بلوار کاج,colloquial,osm
alias_w389374376_8124,place_w389374376,خیابان شهید فهیمی-توحید 19,colloquial,osm
alias_w389438400_8125,place_w389438400,سی متری کیوانفر,colloquial,osm
alias_w389488472_8126,place_w389488472,شاعری,colloquial,osm
alias_w389490928_8127,place_w389490928,نورد,colloquial,osm
alias_w389491616_8128,place_w389491616,بلوار هفده شهریور,colloquial,osm
alias_w389504648_8129,place_w389504648,توس,colloquial,osm
alias_w389504651_8130,place_w389504651,توس,colloquial,osm
alias_w389504722_8131,place_w389504722,بولوار سازمان آب,colloquial,osm
alias_w389504723_8132,place_w389504723,بولوار سازمان آب,colloquial,osm
alias_w389581371_8133,place_w389581371,خیابان جهاد,colloquial,osm
alias_w389581451_8134,place_w389581451,میدان پنجراه,colloquial,osm
alias_w390112169_8135,place_w390112169,چهارم,colloquial,osm
alias_w390112170_8136,place_w390112170,چهارم,colloquial,osm
alias_w390941965_8137,place_w390941965,ملایری,colloquial,osm
alias_w390941966_8138,place_w390941966,ملایری,colloquial,osm
alias_w390946130_8139,place_w390946130,ارج,old,osm
alias_w390946151_8140,place_w390946151,ارج,old,osm
alias_w391134584_8141,place_w391134584,شهناز,old,osm
alias_w391706476_8142,place_w391706476,بلوار بهاران,colloquial,osm
alias_w391965700_8143,place_w391965700,مصلی,colloquial,osm
alias_w391992737_8144,place_w391992737,سپهسالار,colloquial,osm
alias_w392106223_8145,place_w392106223,قایم,colloquial,osm
alias_w392146161_8146,place_w392146161,جاده باغ شهر هفته,colloquial,osm
alias_w392174775_8147,place_w392174775,سید حسن نصرالله,colloquial,osm
alias_w392407267_8148,place_w392407267,دکتر شیخ,old,osm
alias_w392407267_8149,place_w392407267,طاهری,colloquial,osm
alias_w392412629_8150,place_w392412629,درختی,colloquial,osm
alias_w392412660_8151,place_w392412660,سبلان,colloquial,osm
alias_w393307368_8152,place_w393307368,خواجه نظام الملک,old,osm
alias_w393358830_8154,place_w393358830,بلوار سردار شهید حاج اکبر خردپیشه شیرازی,colloquial,osm
alias_w393375069_8155,place_w393375069,دروازه ری,colloquial,osm
alias_w393375077_8156,place_w393375077,روحانی 31,colloquial,osm
alias_w393571164_8157,place_w393571164,صارمیه,colloquial,osm
alias_w393931872_8158,place_w393931872,رباط ۱,colloquial,osm
alias_w394253536_8159,place_w394253536,میر,colloquial,osm
alias_w394272170_8160,place_w394272170,ارغوانیه جنوبی,colloquial,osm
alias_w394500615_8161,place_w394500615,مسیل باختر,colloquial,osm
alias_w394765361_8162,place_w394765361,شاپور قدیم,colloquial,osm
alias_w394766129_8163,place_w394766129,دقیقی,colloquial,osm
alias_w394766130_8164,place_w394766130,دقیقی,old,osm
alias_w394780743_8165,place_w394780743,رهنان,colloquial,osm
alias_w394780745_8166,place_w394780745,رهنان,colloquial,osm
alias_w394805756_8167,place_w394805756,باهنر شمالی,colloquial,osm
alias_w395480428_8168,place_w395480428,سیلابی,colloquial,osm
alias_w395621625_8169,place_w395621625,فروغ,colloquial,osm
alias_w395788367_8170,place_w395788367,ابراهیم آباد,colloquial,osm
alias_w396221561_8171,place_w396221561,بلوار خوردین,colloquial,osm
alias_w396360810_8172,place_w396360810,شهید جمشید میرزاده پاریزه,colloquial,osm
alias_w396666683_8173,place_w396666683,Hengam Blvd,old,osm
alias_w396826968_8174,place_w396826968,مسیل باختر,old,osm
alias_w396857261_8175,place_w396857261,مدرسه موسوی,colloquial,osm
alias_w397020780_8176,place_w397020780,بهشتی 7,colloquial,osm
alias_w397472027_8177,place_w397472027,شهید نی,old,osm
alias_w397472027_8178,place_w397472027,خیابان شهید فاطمی,colloquial,osm
alias_w398042587_8179,place_w398042587,بلوار شهید علی آخوندی,colloquial,osm
alias_w398069843_8180,place_w398069843,خیابان شهید رجائی,old,osm
alias_w398069843_8181,place_w398069843,خیابان خورشید,colloquial,osm
alias_w398236143_8182,place_w398236143,امام علی,colloquial,osm
alias_w398256244_8183,place_w398256244,بزرگراه دوگل,old,osm
alias_w398347168_8184,place_w398347168,میدان معراج,colloquial,osm
alias_w398397870_8185,place_w398397870,خیابان چالوس,colloquial,osm
alias_w398398135_8186,place_w398398135,خیابان چالوس,colloquial,osm
alias_w398462601_8187,place_w398462601,بلوار اندیشه,colloquial,osm
alias_w398794820_8188,place_w398794820,سبزه میدان,colloquial,osm
alias_w399098267_8189,place_w399098267,همت 17,colloquial,osm
alias_w399098273_8190,place_w399098273,همت 13 - گلشن 14,colloquial,osm
alias_w399192248_8191,place_w399192248,بزرگراه شاهین دژ - میاندوآب,colloquial,osm
alias_w399412550_8192,place_w399412550,امام رضا,colloquial,osm
alias_w399433711_8193,place_w399433711,فلکه خروس,colloquial,osm
alias_w399575468_8194,place_w399575468,شهید موحدی,colloquial,osm
alias_w399609715_8195,place_w399609715,ورزش,colloquial,osm
alias_w399642813_8196,place_w399642813,کمربندی محله کهویه,colloquial,osm
alias_w399648445_8197,place_w399648445,امامزاده,colloquial,osm
alias_w400015025_8198,place_w400015025,بزرگراه آزادگان,old,osm
alias_w400015026_8199,place_w400015026,بزرگراه آزادگان,old,osm
alias_w400015031_8200,place_w400015031,بزرگراه آزادگان,old,osm
alias_w400015032_8201,place_w400015032,بزرگراه آزادگان,old,osm
alias_w400244588_8202,place_w400244588,خیابان نور,colloquial,osm
alias_w400257060_8203,place_w400257060,میدان کاکتوس,colloquial,osm
alias_w400399115_8204,place_w400399115,لاله,colloquial,osm
alias_w400460167_8205,place_w400460167,بیستون,colloquial,osm
alias_w400591385_8206,place_w400591385,خیابان فضیلت,spelling,osm
alias_w400918357_8207,place_w400918357,مرتضی شریفی,colloquial,osm
alias_w400922000_8208,place_w400922000,زاینده رود,colloquial,osm
alias_w401140156_8209,place_w401140156,لوکوموتیو سازی,colloquial,osm
alias_w401734415_8210,place_w401734415,میدان بولود قره چور لو,colloquial,osm
alias_w401783295_8211,place_w401783295,آیت الله صدوقی,colloquial,osm
alias_w401797527_8212,place_w401797527,آیت الله صدوقی,colloquial,osm
alias_w401832903_8213,place_w401832903,مشیری,colloquial,osm
alias_w401909868_8214,place_w401909868,جاده پارک معلم,colloquial,osm
alias_w401913775_8215,place_w401913775,شهید خسرو رسولی دوه بوینی,colloquial,osm
alias_w402521692_8216,place_w402521692,بایگان,colloquial,osm
alias_w403225893_8217,place_w403225893,همایون,colloquial,osm
alias_w404132942_8218,place_w404132942,سیروس,colloquial,osm
alias_w405266662_8219,place_w405266662,کنارگذر فتح,colloquial,osm
alias_w405266668_8220,place_w405266668,جاده قدیم کرج,old,osm
alias_w405266668_8221,place_w405266668,بزرگراه فتح,colloquial,osm
alias_w405873669_8222,place_w405873669,میدان عامریه,colloquial,osm
alias_w405873678_8223,place_w405873678,شعبه نفت,colloquial,osm
alias_w405962832_8224,place_w405962832,بلوار ۱۲ فروردین,colloquial,osm
alias_w405966481_8225,place_w405966481,خیابان عقیل,old,osm
alias_w406000325_8226,place_w406000325,بلوار بوستان,old,osm
alias_w406007750_8228,place_w406007750,خیابان تهران نو,old,osm
alias_w406007750_8229,place_w406007750,خیابان دماوند,spelling,osm
alias_w406361714_8230,place_w406361714,جهرم,colloquial,osm
alias_w406405418_8231,place_w406405418,کمربندی چالوس,colloquial,osm
alias_w406459373_8232,place_w406459373,بزرگراه دوگل,old,osm
alias_w406503720_8233,place_w406503720,سبزه میدان,colloquial,osm
alias_w406505169_8234,place_w406505169,بلوار عطا احمدی,spelling,osm
alias_w406665438_8235,place_w406665438,میدان جهانگانی,colloquial,osm
alias_w406665438_8236,place_w406665438,میدان شهید رجبی مقدم,spelling,osm
alias_w406674269_8237,place_w406674269,ولیعصر,colloquial,osm
alias_w406681022_8238,place_w406681022,جاده پارچین,colloquial,osm
alias_w406802773_8239,place_w406802773,خیابان تاج,old,osm
alias_w408021461_8240,place_w408021461,بلوار شهید رئیسی,colloquial,osm
alias_w408446768_8241,place_w408446768,جاده باراجین,spelling,osm
alias_w408725115_8242,place_w408725115,بلوار ابوترابی,colloquial,osm
alias_w408860261_8243,place_w408860261,میدان گز,colloquial,osm
alias_w408870717_8244,place_w408870717,خیابان قصر,old,osm
alias_w408870717_8245,place_w408870717,عباس آباد,colloquial,osm
alias_w409236772_8246,place_w409236772,کنار گذر پاسداران,colloquial,osm
alias_w409476813_8247,place_w409476813,شهید قرنی ۶,colloquial,osm
alias_w410097665_8248,place_w410097665,شصت و چهارم,colloquial,osm
alias_w410335288_8249,place_w410335288,شاکر ۱۰,colloquial,osm
alias_w410356252_8250,place_w410356252,کمربندی,old,osm
alias_w410714675_8251,place_w410714675,۱۹۶ غربی,old,osm
alias_w410714678_8252,place_w410714678,۱۹۶ غربی,old,osm
alias_w410888085_8253,place_w410888085,برق فشار قوی,colloquial,osm
alias_w410888086_8254,place_w410888086,درویشیه,colloquial,osm
alias_w411807884_8255,place_w411807884,فرحبخش غربی,colloquial,osm
alias_w413068477_8256,place_w413068477,سرچاه قدیم,colloquial,osm
alias_w413306765_8257,place_w413306765,شهید آقا بزرگ رضا پور,colloquial,osm
alias_w414093006_8258,place_w414093006,خیابان بهداشت,colloquial,osm
alias_w414656230_8259,place_w414656230,اشرفی,colloquial,osm
alias_w415456115_8260,place_w415456115,میدان شهریار,spelling,osm
alias_w415542685_8261,place_w415542685,دانشسرا,colloquial,osm
alias_w416225423_8262,place_w416225423,اردشیر بابکان,old,osm
alias_w416322475_8263,place_w416322475,کامرانیه,old,osm
alias_w416458181_8265,place_w416458181,میدان شهید عوضزاده,colloquial,osm
alias_w416458184_8266,place_w416458184,خیابان شهید سیدفاطمی,colloquial,osm
alias_w416458189_8267,place_w416458189,خیابان شهید حاتمی,colloquial,osm
alias_w416529541_8268,place_w416529541,میدان لک لک,colloquial,osm
alias_w416631628_8269,place_w416631628,امام حسین ۱۱,colloquial,osm
alias_w417501630_8270,place_w417501630,۱۲ متری ناصر رحیمی,colloquial,osm
alias_w417504433_8271,place_w417504433,شهید رسول حیدری,colloquial,osm
alias_w418301939_8272,place_w418301939,فاطمیه,colloquial,osm
alias_w418515826_8273,place_w418515826,درختی,old,osm
alias_w419818210_8274,place_w419818210,دهم دشت مزار,colloquial,osm
alias_w420020412_8275,place_w420020412,میدان ابومسلم خراسانی,colloquial,osm
alias_w420510008_8276,place_w420510008,خیابان قزوین,old,osm
alias_w420510008_8277,place_w420510008,قزوین,colloquial,osm
alias_w420510848_8278,place_w420510848,گلستان,colloquial,osm
alias_w421000867_8280,place_w421000867,خیابان شهید معادی,colloquial,osm
alias_w421242718_8281,place_w421242718,گذر شهید محمد رضا آسترکی,colloquial,osm
alias_w421242721_8282,place_w421242721,گذر شهید آیت الله غفاری,colloquial,osm
alias_w421481358_8283,place_w421481358,شقایق,colloquial,osm
alias_w421746682_8284,place_w421746682,خیابان ۶۰ متری,colloquial,osm
alias_w421749419_8285,place_w421749419,خیابان مسکن مهر,colloquial,osm
alias_w421750093_8286,place_w421750093,شهید محفوظی,colloquial,osm
alias_w421837509_8287,place_w421837509,طالقانی,spelling,osm
alias_w421837521_8288,place_w421837521,پانزده خرداد,colloquial,osm
alias_w421847806_8289,place_w421847806,زرناسی,colloquial,osm
alias_w421930681_8290,place_w421930681,میدان هواشناسی,colloquial,osm
alias_w422023316_8291,place_w422023316,نهر فیروزآباد,old,osm
alias_w422023316_8292,place_w422023316,فیروزآباد,colloquial,osm
alias_w422139206_8293,place_w422139206,آیت الله نائینی,colloquial,osm
alias_w422217061_8294,place_w422217061,بزرگراه نجفی رستگار,spelling,osm
alias_w422437677_8295,place_w422437677,خیابان شمیران,old,osm
alias_w422437679_8296,place_w422437679,خیابان شمیران,old,osm
alias_w422443843_8297,place_w422443843,کندی,old,osm
alias_w422771315_8298,place_w422771315,آریانا,old,osm
alias_w422778666_8299,place_w422778666,شهید عرب,colloquial,osm
alias_w422838714_8300,place_w422838714,زمزم,old,osm
alias_w422838714_8301,place_w422838714,رضایی,colloquial,osm
alias_w422897896_8302,place_w422897896,ابوریحان,colloquial,osm
alias_w423321069_8303,place_w423321069,فرهنگ,old,osm
alias_w423491883_8304,place_w423491883,میدان شهید باغبان زاده,colloquial,osm
alias_w423534050_8305,place_w423534050,پزشک,colloquial,osm
alias_w424499818_8306,place_w424499818,کوی شیرین,colloquial,osm
alias_w424755269_8307,place_w424755269,بلوار جشنواره,colloquial,osm
alias_w424851635_8308,place_w424851635,بولوار شهید صیاد شیرازی,colloquial,osm
alias_w424886020_8309,place_w424886020,مشیر فاطمی,old,osm
alias_w425188554_8310,place_w425188554,فلکه موشکی,colloquial,osm
alias_w425354036_8311,place_w425354036,Abali Road,colloquial,osm
alias_w425503915_8312,place_w425503915,بلوار قهرمانان,colloquial,osm
alias_w425503921_8313,place_w425503921,کمربندی شیراز1,spelling,osm
alias_w425702625_8314,place_w425702625,Gholestan,spelling,osm
alias_w426085511_8315,place_w426085511,میدان مادر,spelling,osm
alias_w426180734_8316,place_w426180734,گلشن شرقی,colloquial,osm
alias_w426199184_8317,place_w426199184,وشمگیر,spelling,osm
alias_w426538489_8318,place_w426538489,بلوار معلم,colloquial,osm
alias_w426637094_8319,place_w426637094,نظام آباد,old,osm
alias_w426874157_8321,place_w426874157,نظام آباد,old,osm
alias_w426921851_8323,place_w426921851,امام زاده غربی,spelling,osm
alias_w426957152_8324,place_w426957152,فرح آباد,old,osm
alias_w427180526_8325,place_w427180526,بهار,colloquial,osm
alias_w427188877_8326,place_w427188877,خیابان نیاوران,old,osm
alias_w427252767_8328,place_w427252767,بوذرجمهری,old,osm
alias_w427323583_8329,place_w427323583,جوان,colloquial,osm
alias_w427323587_8330,place_w427323587,میدان هسا,colloquial,osm
alias_w427323588_8331,place_w427323588,پدافند هوایی,colloquial,osm
alias_w427323800_8332,place_w427323800,مادی شاه پسند,colloquial,osm
alias_w427326005_8333,place_w427326005,شهید کمالی,colloquial,osm
alias_w427326006_8334,place_w427326006,سردار کمالی,colloquial,osm
alias_w427326007_8335,place_w427326007,سردار کمالی,colloquial,osm
alias_w427338724_8336,place_w427338724,کوی ۲۰ متری نفت,colloquial,osm
alias_w427340678_8337,place_w427340678,شیخ صدوق,colloquial,osm
alias_w427431133_8338,place_w427431133,شهید ترابی,colloquial,osm
alias_w427761232_8339,place_w427761232,شهنناز,old,osm
alias_w428268805_8340,place_w428268805,میدان کندو,colloquial,osm
alias_w428270927_8341,place_w428270927,امام رضا,colloquial,osm
alias_w428455697_8342,place_w428455697,میدان لاله,old,osm
alias_w428543483_8343,place_w428543483,روزولت,old,osm
alias_w428621114_8344,place_w428621114,کوشک بی بی چه,old,osm
alias_w429430488_8345,place_w429430488,بلوار طلائیه,colloquial,osm
alias_w429430490_8346,place_w429430490,بلوار طلائیه,colloquial,osm
alias_w429430491_8347,place_w429430491,بلوار طلائیه,colloquial,osm
alias_w429526683_8348,place_w429526683,جاده قدیم قره چمن,colloquial,osm
alias_w429596061_8349,place_w429596061,بلوار فرزانگان,colloquial,osm
alias_w429596062_8350,place_w429596062,بلوار هنردار,colloquial,osm
alias_w429907413_8351,place_w429907413,میدان امام خمینی,colloquial,osm
alias_w430003486_8352,place_w430003486,ولیعصر,colloquial,osm
alias_w430006885_8353,place_w430006885,فردوس,colloquial,osm
alias_w430053133_8354,place_w430053133,خیابان امام خمینی,spelling,osm
alias_w430267923_8355,place_w430267923,بلوار ولایت,colloquial,osm
alias_w430677002_8356,place_w430677002,شهدای نیرو هوایی,colloquial,osm
alias_w430819933_8357,place_w430819933,بلوار ولایت,colloquial,osm
alias_w430899864_8358,place_w430899864,خیابان بهشتی,spelling,osm
alias_w431112487_8359,place_w431112487,بلوار طاها میرزاده,colloquial,osm
alias_w431188185_8360,place_w431188185,هجده متری اطلس,colloquial,osm
alias_w431576778_8361,place_w431576778,فلکه ساعت,colloquial,osm
alias_w432304305_8362,place_w432304305,خیابان اتوبوسرانی,colloquial,osm
alias_w432316744_8363,place_w432316744,خیابان عیدی پور سرخابی,colloquial,osm
alias_w432696561_8364,place_w432696561,۱۷ شهریور,colloquial,osm
alias_w432714545_8365,place_w432714545,امام,colloquial,osm
alias_w432735625_8366,place_w432735625,مدرس 10,colloquial,osm
alias_w432850318_8367,place_w432850318,میدان اصفهانی ها,colloquial,osm
alias_w433012376_8368,place_w433012376,پیروزی 17,old,osm
alias_w433770345_8369,place_w433770345,دکتر زرینکوب,colloquial,osm
alias_w434346737_8370,place_w434346737,کوی بهشت,colloquial,osm
alias_w435057938_8371,place_w435057938,خیابان امام خمینی,spelling,osm
alias_w435368714_8372,place_w435368714,دکتر شیخ,old,osm
alias_w435368714_8373,place_w435368714,شهید قرنی ۶,colloquial,osm
alias_w435368719_8374,place_w435368719,شهید قرنی ۶,colloquial,osm
alias_w435523392_8375,place_w435523392,بزرگراه سیراف,colloquial,osm
alias_w435790288_8376,place_w435790288,بوعلی سینا,old,osm
alias_w435935129_8377,place_w435935129,سلسبیل,old,osm
alias_w435935133_8379,place_w435935133,نیایش غربی,colloquial,osm
alias_w436609326_8380,place_w436609326,بلوار صدرا,old,osm
alias_w436609328_8381,place_w436609328,بلوار صدرا,old,osm
alias_w436613694_8382,place_w436613694,میدان مدافعان حرم,colloquial,osm
alias_w436751645_8383,place_w436751645,بیست متری اول,colloquial,osm
alias_w436988335_8384,place_w436988335,انوشیروان دادگر,old,osm
alias_w436988335_8385,place_w436988335,بزرگراه بعثت,colloquial,osm
alias_w436988336_8387,place_w436988336,انوشیروان دادگر,old,osm
alias_w436988336_8388,place_w436988336,بزرگراه بعثت,colloquial,osm
alias_w436988337_8390,place_w436988337,انوشیروان دادگر,old,osm
alias_w436988337_8391,place_w436988337,بزرگراه بعثت,colloquial,osm
alias_w437094343_8393,place_w437094343,ولیعصر,colloquial,osm
alias_w437122110_8394,place_w437122110,سرخس ۳,colloquial,osm
alias_w437461350_8395,place_w437461350,Shahid Quasi Street,spelling,osm
alias_w437534721_8396,place_w437534721,میدان جمهوری اسلامی,colloquial,osm
alias_w437646563_8397,place_w437646563,بلوار امام کاطم,spelling,osm
alias_w437721756_8398,place_w437721756,خواجوی کرمانی,old,osm
alias_w437724231_8399,place_w437724231,بزرگراه خاوران,colloquial,osm
alias_w437724233_8400,place_w437724233,بزرگراه خاوران,colloquial,osm
alias_w438118385_8401,place_w438118385,مدائن,old,osm
alias_w438118385_8402,place_w438118385,بازار دوم,colloquial,osm
alias_w438157307_8403,place_w438157307,شهریار پناه ۱,colloquial,osm
alias_w438176342_8404,place_w438176342,آیری کوچه,old,osm
alias_w438367457_8405,place_w438367457,خیابان استخر,colloquial,osm
alias_w438382142_8406,place_w438382142,بزرگراه نیایش,colloquial,osm
alias_w438548684_8407,place_w438548684,بیست و چهار متری,old,osm
alias_w438832572_8408,place_w438832572,تختی ۷,colloquial,osm
alias_w439002614_8409,place_w439002614,سید جمال الدین اسد آبادی,colloquial,osm
alias_w439065248_8410,place_w439065248,خیابان دولت,old,osm
alias_w439848499_8412,place_w439848499,نیاوران,colloquial,osm
alias_w439852522_8413,place_w439852522,امام علی,colloquial,osm
alias_w439856560_8414,place_w439856560,نظام آباد,old,osm
alias_w439856563_8416,place_w439856563,نظام آباد,old,osm
alias_w439856565_8418,place_w439856565,نظام آباد,old,osm
alias_w439930261_8420,place_w439930261,بلوار امام علی,colloquial,osm
alias_w440160013_8421,place_w440160013,کنارگذر جاده قدیم تهران - قم,colloquial,osm
alias_w440209313_8422,place_w440209313,میدان کتاب,colloquial,osm
alias_w440209320_8423,place_w440209320,بلوار ابن سینا,colloquial,osm
alias_w440292067_8424,place_w440292067,بلوار کاج,colloquial,osm
alias_w440306238_8425,place_w440306238,بلوار ۲۲ بهمن,spelling,osm
alias_w440327679_8426,place_w440327679,بلوار جهان پهلوان ابراهیم جوادی - خط ۴ حصار,colloquial,osm
alias_w440857244_8427,place_w440857244,شهید محمد اعظم,colloquial,osm
alias_w440868771_8428,place_w440868771,خیابان امام خمینی,spelling,osm
alias_w441121411_8429,place_w441121411,مسکن مهر,colloquial,osm
alias_w441750176_8430,place_w441750176,میرزای شیرازی شرقی,old,osm
alias_w441750176_8431,place_w441750176,میرزا کوچک خان جنگلی,colloquial,osm
alias_w441750179_8432,place_w441750179,میرزای شیرازی شرقی,old,osm
alias_w441750179_8433,place_w441750179,میرزا کوچک خان جنگلی,colloquial,osm
alias_w441768713_8434,place_w441768713,پاداد ۱۰,colloquial,osm
alias_w441779667_8435,place_w441779667,بلوار فرودگاه - بلوار شهید عارف کایدخورده,colloquial,osm
alias_w441800556_8436,place_w441800556,پارسا شرقی,colloquial,osm
alias_w442121892_8437,place_w442121892,بلوار مدرس,colloquial,osm
alias_w442444287_8438,place_w442444287,خیابان غزه,colloquial,osm
alias_w442565409_8439,place_w442565409,هزار ۱۴,colloquial,osm
alias_w442706319_8440,place_w442706319,جاده مخصوص کرج,old,osm
alias_w442706321_8441,place_w442706321,جاده مخصوص کرج,old,osm
alias_w442964765_8442,place_w442964765,صداقت ۲۱,colloquial,osm
alias_w442995672_8443,place_w442995672,شهید کنعانی,colloquial,osm
alias_w443023859_8444,place_w443023859,بلوار خرمشهر,spelling,osm
alias_w443151374_8445,place_w443151374,خیابان همایون,colloquial,osm
alias_w443173454_8446,place_w443173454,امیریه شمالی,old,osm
alias_w443189842_8447,place_w443189842,جاده شهرک فرهنگیان,colloquial,osm
alias_w443417791_8448,place_w443417791,بلوار دانشگاه,colloquial,osm
alias_w443532272_8449,place_w443532272,شهید نادری,colloquial,osm
alias_w443566282_8450,place_w443566282,بلوار شهید عبدالله کریمی,colloquial,osm
alias_w443868718_8451,place_w443868718,بلوار پونک باختری,old,osm
alias_w443962009_8452,place_w443962009,بیست متری اول,colloquial,osm
alias_w443984993_8453,place_w443984993,خیابان استاد شاهی,colloquial,osm
alias_w444070888_8454,place_w444070888,میدان نفت,colloquial,osm
alias_w444328055_8455,place_w444328055,میدان نیکخواه,colloquial,osm
alias_w444328056_8456,place_w444328056,بلوار پرورش,colloquial,osm
alias_w444688956_8457,place_w444688956,پل شهید امرایی,colloquial,osm
alias_w444714822_8458,place_w444714822,میدان شاهد,colloquial,osm
alias_w444744960_8459,place_w444744960,فرهنگ شهر,colloquial,osm
alias_w445040343_8460,place_w445040343,بلوار خرم‌آباد,spelling,osm
alias_w445040344_8461,place_w445040344,میدان آرامش,spelling,osm
alias_w445040347_8462,place_w445040347,بلوار نهاوند,spelling,osm
alias_w445129756_8463,place_w445129756,بلوار بعثت,colloquial,osm
alias_w445271537_8464,place_w445271537,موسوی فرد,colloquial,osm
alias_w445287860_8465,place_w445287860,بلوار احمد بیگداشتی فرهنگیان فاز 2,colloquial,osm
alias_w445287860_8466,place_w445287860,بلوار فرهنگیان فاز دو,colloquial,osm
alias_w445345574_8467,place_w445345574,جاده دزفول ، شوشتر,colloquial,osm
alias_w445859302_8468,place_w445859302,بالاگذر فتح المبین (یعقوب لیث),colloquial,osm
alias_w445864487_8469,place_w445864487,عبدالحمید صالح نژاد,colloquial,osm
alias_w446070348_8470,place_w446070348,گلستان ۲,old,osm
alias_w446070354_8471,place_w446070354,گلستان ۴,old,osm
alias_w446192519_8472,place_w446192519,گذر فرخ,old,osm
alias_w446803651_8473,place_w446803651,بلوار تاق وه سان,colloquial,osm
alias_w446846720_8474,place_w446846720,رضوان مدنی,colloquial,osm
alias_w447052028_8475,place_w447052028,خیابان امام خمینی,spelling,osm
alias_w447183474_8476,place_w447183474,شیان,colloquial,osm
alias_w447364448_8477,place_w447364448,فرشچیان,colloquial,osm
alias_w447741898_8478,place_w447741898,استادیوم آزادی,old,osm
alias_w447749292_8479,place_w447749292,فلسطین 10,spelling,osm
alias_w447766175_8480,place_w447766175,باغ مهتابی,colloquial,osm
alias_w447766175_8481,place_w447766175,کتابچی,spelling,osm
alias_w447773115_8482,place_w447773115,بزرگراه ایرانپارس,old,osm
alias_w447773130_8483,place_w447773130,شاهین شمالی,old,osm
alias_w447773130_8484,place_w447773130,بلوار شهید کبیری طامه,spelling,osm
alias_w447781337_8485,place_w447781337,خیابان شهید علی اصغر شاه حمزه,colloquial,osm
alias_w447887376_8486,place_w447887376,اندیشه ۲۳,colloquial,osm
alias_w447887376_8487,place_w447887376,خیابان دکتر غزنوی,colloquial,osm
alias_w448055044_8488,place_w448055044,خیابان گوهری,colloquial,osm
alias_w448206150_8489,place_w448206150,ثریا,old,osm
alias_w448213029_8490,place_w448213029,انقلاب اسلامی,colloquial,osm
alias_w448285857_8491,place_w448285857,فلکه ولیعهد ، درشکه خانه,old,osm
alias_w448314279_8492,place_w448314279,کوی امام خمینی,colloquial,osm
alias_w448437414_8493,place_w448437414,شالچی,colloquial,osm
alias_w448820039_8494,place_w448820039,خیابان شهیاد,old,osm
alias_w448833750_8496,place_w448833750,میدان شهرداری,colloquial,osm
alias_w448901916_8497,place_w448901916,خیابان شمیران,old,osm
alias_w449046122_8498,place_w449046122,انوشه,colloquial,osm
alias_w449069422_8499,place_w449069422,ایران زمین جنوبی,colloquial,osm
alias_w449814467_8500,place_w449814467,سرو,colloquial,osm
alias_w449825595_8501,place_w449825595,زمزم,old,osm
alias_w449825595_8502,place_w449825595,رضایی,colloquial,osm
alias_w450131155_8503,place_w450131155,کوهسار,colloquial,osm
alias_w450307234_8504,place_w450307234,پاسداران,colloquial,osm
alias_w450665573_8505,place_w450665573,خیابان شهناز,old,osm
alias_w450665575_8506,place_w450665575,کوی دولتشاه,old,osm
alias_w450967837_8507,place_w450967837,ماهان,old,osm
alias_w451301949_8508,place_w451301949,کوچه دوازدهم,colloquial,osm
alias_w451731765_8509,place_w451731765,هنگ آموزشی,old,osm
alias_w451787662_8510,place_w451787662,میدان شیرها,colloquial,osm
alias_w451828316_8511,place_w451828316,خیابان تهران نو,old,osm
alias_w451828316_8512,place_w451828316,خیابان دماوند,spelling,osm
alias_w451860612_8513,place_w451860612,کوثر,colloquial,osm
alias_w451972254_8514,place_w451972254,هنگ آموزشی,old,osm
alias_w451993596_8515,place_w451993596,جوانه,colloquial,osm
alias_w452008558_8516,place_w452008558,الغدیر,old,osm
alias_w452030734_8517,place_w452030734,درمانگاه,colloquial,osm
alias_w452072864_8518,place_w452072864,۱۶ متری طالقانی,colloquial,osm
alias_w452824121_8519,place_w452824121,بزرگراه دوگل,old,osm
alias_w452825030_8520,place_w452825030,خیابان اقدسیه,colloquial,osm
alias_w453495497_8521,place_w453495497,بلوار ایثار جنوبی,old,osm
alias_w453547032_8522,place_w453547032,پاسداران,colloquial,osm
alias_w453579552_8523,place_w453579552,میدان ولی عصر,colloquial,osm
alias_w453579552_8524,place_w453579552,میدان استاد محمد بهمن بیگی,colloquial,osm
alias_w454435858_8525,place_w454435858,همت شمالی,old,osm
alias_w454469419_8526,place_w454469419,فاکه کیاشهر,colloquial,osm
alias_w454500993_8527,place_w454500993,آهنچی,old,osm
alias_w454531947_8529,place_w454531947,آنتربوس; اینترپوز,colloquial,osm
alias_w454538247_8530,place_w454538247,کوی کوثر,colloquial,osm
alias_w454541436_8531,place_w454541436,میدان البرز,old,osm
alias_w454558433_8532,place_w454558433,درکی,old,osm
alias_w454606871_8534,place_w454606871,خیابان عباس آباد,old,osm
alias_w454606871_8535,place_w454606871,عباس آباد,colloquial,osm
alias_w454868780_8536,place_w454868780,مقداد,colloquial,osm
alias_w454967354_8537,place_w454967354,فرح شمالی,old,osm
alias_w455158218_8538,place_w455158218,میدان مهر,colloquial,osm
alias_w455158218_8539,place_w455158218,میدان شهدای شادآباد,spelling,osm
alias_w456201384_8540,place_w456201384,جانباز ۱,colloquial,osm
alias_w456215639_8541,place_w456215639,۱۵ متری اول,colloquial,osm
alias_w456427701_8542,place_w456427701,نورد,colloquial,osm
alias_w456458152_8543,place_w456458152,شاهرضا,old,osm
alias_w456458153_8544,place_w456458153,پهلوی,old,osm
alias_w456458153_8545,place_w456458153,ولیعصر,colloquial,osm
alias_w456458153_8546,place_w456458153,مصدق,colloquial,osm
alias_w456458234_8547,place_w456458234,شاهرضا,old,osm
alias_w456615215_8548,place_w456615215,کوی اباذر,colloquial,osm
alias_w457040855_8549,place_w457040855,میدان کارگر,colloquial,osm
alias_w457228078_8550,place_w457228078,بوستان ۱۱,colloquial,osm
alias_w457243155_8551,place_w457243155,نیلوفر یازده,colloquial,osm
alias_w457687294_8552,place_w457687294,محسنی وطنی,colloquial,osm
alias_w457745490_8553,place_w457745490,هفده ام غربی,colloquial,osm
alias_w457763033_8554,place_w457763033,بلوار گلستان چهارم,colloquial,osm
alias_w458090450_8555,place_w458090450,میدان شهدا,colloquial,osm
alias_w458090459_8556,place_w458090459,بهارستان چهارم,colloquial,osm
alias_w458091521_8557,place_w458091521,میدان قهرمان ممی نژاد,colloquial,osm
alias_w458096865_8558,place_w458096865,بلوار جانبازان,colloquial,osm
alias_w458096866_8559,place_w458096866,بلوار جانبازان,colloquial,osm
alias_w458309882_8560,place_w458309882,۱۰ متری اول,old,osm
alias_w458309883_8562,place_w458309883,۱۴ متری,colloquial,osm
alias_w458348329_8563,place_w458348329,غلامی,colloquial,osm
alias_w458432301_8564,place_w458432301,جانبازان,colloquial,osm
alias_w458446817_8565,place_w458446817,شهید سواری,colloquial,osm
alias_w458466450_8566,place_w458466450,میدان تلوری علیا,colloquial,osm
alias_w458499765_8567,place_w458499765,فرهنگیان,colloquial,osm
alias_w458502273_8568,place_w458502273,۲۵متری پارک ملت,colloquial,osm
alias_w458511660_8569,place_w458511660,گلها,colloquial,osm
alias_w458521049_8570,place_w458521049,میدان آقاضیاء الدین,colloquial,osm
alias_w458754947_8571,place_w458754947,بیست و چهار متری بهار,old,osm
alias_w458850239_8572,place_w458850239,کوچه شهید اسدی,colloquial,osm
alias_w459172916_8573,place_w459172916,مسکن مهر,colloquial,osm
alias_w459205101_8574,place_w459205101,گوچه زرگر ها,old,osm
alias_w459431389_8575,place_w459431389,فرح شمالی,old,osm
alias_w459534167_8576,place_w459534167,شهید سید خلیل دستغیب,colloquial,osm
alias_w459778399_8577,place_w459778399,یاس,colloquial,osm
alias_w459792627_8578,place_w459792627,بلوار چهارباغ,colloquial,osm
alias_w459891981_8579,place_w459891981,بلوار سردار شهید سلیمانی,colloquial,osm
alias_w459903809_8580,place_w459903809,میدان طالقانی,spelling,osm
alias_w460063051_8581,place_w460063051,بزرگراه بندر گناوه - بندر دیلم,spelling,osm
alias_w460139152_8582,place_w460139152,بلوار ابریشم,colloquial,osm
alias_w460215371_8583,place_w460215371,راه آهن,colloquial,osm
alias_w460357519_8584,place_w460357519,اردیبهشت,colloquial,osm
alias_w460357519_8585,place_w460357519,بلوار شهید نیکو عمل,spelling,osm
alias_w460357519_8586,place_w460357519,افسریه چهارم,colloquial,osm
alias_w460466999_8587,place_w460466999,کندی,old,osm
alias_w460577451_8588,place_w460577451,کارگر,colloquial,osm
alias_w460621058_8589,place_w460621058,شهدای ۱۲ محرم,colloquial,osm
alias_w460746124_8590,place_w460746124,هشت متری مجد,colloquial,osm
alias_w460960670_8591,place_w460960670,جاده مخصوص کرج,old,osm
alias_w461069259_8592,place_w461069259,میدان راه آهن,colloquial,osm
alias_w461168871_8593,place_w461168871,میدان الغدیر,spelling,osm
alias_w461372758_8594,place_w461372758,جاده قدیم قاسم آباد,colloquial,osm
alias_w461392256_8595,place_w461392256,بلوار امام علی,colloquial,osm
alias_w461392778_8596,place_w461392778,حافظ,old,osm
alias_w461395469_8597,place_w461395469,خیابان قره نی,spelling,osm
alias_w461397480_8598,place_w461397480,استقلال,old,osm
alias_w461443344_8599,place_w461443344,میدان امام رضا,colloquial,osm
alias_w461630464_8600,place_w461630464,هشت متری سلمان,colloquial,osm
alias_w461659777_8601,place_w461659777,شن کش,colloquial,osm
alias_w461669431_8602,place_w461669431,صبا,colloquial,osm
alias_w461670690_8603,place_w461670690,شهید محمد حسن,colloquial,osm
alias_w461725072_8604,place_w461725072,جاده مخصوص کرج,old,osm
alias_w461725073_8605,place_w461725073,جاده مخصوص کرج,old,osm
alias_w461725075_8606,place_w461725075,جاده مخصوص کرج,old,osm
alias_w461738559_8607,place_w461738559,کوچه شهید محسن شاداب,colloquial,osm
alias_w461887504_8608,place_w461887504,ساری کنار,colloquial,osm
alias_w461899397_8609,place_w461899397,روزولت,old,osm
alias_w461961967_8610,place_w461961967,شهنناز,old,osm
alias_w462170482_8611,place_w462170482,خیابان شمیران,old,osm
alias_w462170483_8612,place_w462170483,سهیل,old,osm
alias_w462256601_8613,place_w462256601,نیلوفر,old,osm
alias_w462310586_8615,place_w462310586,رزم آرا,old,osm
alias_w462310586_8616,place_w462310586,فدائیان اسلام,colloquial,osm
alias_w462529868_8617,place_w462529868,میدان شهدای دلازیان,colloquial,osm
alias_w462655957_8618,place_w462655957,میدان مسکن,old,osm
alias_w462939253_8619,place_w462939253,کندور,spelling,osm
alias_w463113656_8620,place_w463113656,وحدت,colloquial,osm
alias_w463273737_8621,place_w463273737,پل شهیدان امینی,colloquial,osm
alias_w463297862_8622,place_w463297862,بلوار قهرمانان,colloquial,osm
alias_w463297863_8623,place_w463297863,بلوار قهرمانان,colloquial,osm
alias_w463297864_8624,place_w463297864,بلوار قهرمانان,colloquial,osm
alias_w463467292_8625,place_w463467292,شهید قاسم سلیمانی,colloquial,osm
alias_w463475534_8626,place_w463475534,خیابان رشید یاسمی,old,osm
alias_w463475534_8627,place_w463475534,خیابان رشیدی,colloquial,osm
alias_w463621350_8628,place_w463621350,میدان شهید پورشریفی,colloquial,osm
alias_w463664503_8629,place_w463664503,افسریه,old,osm
alias_w463730368_8631,place_w463730368,شهید استکی,colloquial,osm
alias_w463744328_8632,place_w463744328,بهمن ۳,colloquial,osm
alias_w463816756_8633,place_w463816756,تیمور,colloquial,osm
alias_w464073160_8634,place_w464073160,نوبخت,old,osm
alias_w464110814_8636,place_w464110814,شهیدان محمدزاده,colloquial,osm
alias_w464193268_8637,place_w464193268,بزرگراه سردار حسین رضایی,colloquial,osm
alias_w464477174_8638,place_w464477174,Nabati,colloquial,osm
alias_w464515877_8639,place_w464515877,جاده ملارد,old,osm
alias_w464515877_8640,place_w464515877,بلوار آزادگان,colloquial,osm
alias_w464562441_8641,place_w464562441,بلوار سرچشمه ها,colloquial,osm
alias_w464580708_8642,place_w464580708,آریامهر,old,osm
alias_w464580708_8643,place_w464580708,خیابان شهید فاطمی,colloquial,osm
alias_w464583155_8644,place_w464583155,خیابان آیزنهاور,old,osm
alias_w464583155_8645,place_w464583155,خیابان آزادی,spelling,osm
alias_w464888502_8646,place_w464888502,امام خمینی ۲۰,colloquial,osm
alias_w464939001_8647,place_w464939001,روگذر افسران,colloquial,osm
alias_w465369405_8648,place_w465369405,شیشه و گاز,colloquial,osm
alias_w465399123_8649,place_w465399123,بیست متری سینما سعدی,old,osm
alias_w465520367_8650,place_w465520367,شمشاد دوم,colloquial,osm
alias_w465837320_8651,place_w465837320,ابرکوه - سور مق,colloquial,osm
alias_w466144435_8652,place_w466144435,آهنگ,colloquial,osm
alias_w466461527_8653,place_w466461527,خیابان شهید محمدتقی صالحی,colloquial,osm
alias_w466640650_8654,place_w466640650,ابوذر,colloquial,osm
alias_w466687728_8655,place_w466687728,بزرگراه شهید سهراب نوروزی,colloquial,osm
alias_w466747322_8656,place_w466747322,امام رضا 17,colloquial,osm
alias_w466980654_8657,place_w466980654,گلها,colloquial,osm
alias_w467030803_8658,place_w467030803,خیابان کوثر,spelling,osm
alias_w467030816_8659,place_w467030816,خیابان دستغیب,spelling,osm
alias_w467092341_8660,place_w467092341,کوشا,colloquial,osm
alias_w467408981_8661,place_w467408981,میدان سروستان,colloquial,osm
alias_w468050256_8662,place_w468050256,میدان محمود مومنی,colloquial,osm
alias_w468464858_8663,place_w468464858,امام زاده شاه زید,colloquial,osm
alias_w468618160_8664,place_w468618160,نفیس,colloquial,osm
alias_w468688340_8665,place_w468688340,آب ۲۵۰,colloquial,osm
alias_w468767881_8666,place_w468767881,محمود ابدی,colloquial,osm
alias_w468767883_8667,place_w468767883,محمود ابدی,colloquial,osm
alias_w469051901_8668,place_w469051901,دهم فروردین,colloquial,osm
alias_w469051901_8669,place_w469051901,بلوار دهم فروردین,colloquial,osm
alias_w469426648_8670,place_w469426648,نیلچیان,spelling,osm
alias_w469770775_8671,place_w469770775,پهلوی,old,osm
alias_w469987246_8672,place_w469987246,مظاهر,old,osm
alias_w471355744_8673,place_w471355744,میدان اعتماد زاده,spelling,osm
alias_w472634479_8674,place_w472634479,شیشه و گاز,old,osm
alias_w472634479_8675,place_w472634479,جنرال استیل,colloquial,osm
alias_w472634490_8676,place_w472634490,جاده قدیم کرج,old,osm
alias_w472634490_8677,place_w472634490,بزرگراه فتح,colloquial,osm
alias_w472761319_8678,place_w472761319,بلوار ۱۲ فروردین,colloquial,osm
alias_w472869441_8679,place_w472869441,میدان دی,old,osm
alias_w472869441_8680,place_w472869441,میدان آریا,colloquial,osm
alias_w473058778_8681,place_w473058778,نخل ۴,colloquial,osm
alias_w473283261_8682,place_w473283261,اسلامی,colloquial,osm
alias_w473283261_8683,place_w473283261,دوازده متری,spelling,osm
alias_w473342784_8684,place_w473342784,رضا عباسی,colloquial,osm
alias_w473536302_8685,place_w473536302,انبار نفت,colloquial,osm
alias_w474431761_8686,place_w474431761,کنارگذر فتح,colloquial,osm
alias_w475238379_8687,place_w475238379,۲۰متری ولی عصر,colloquial,osm
alias_w475246993_8688,place_w475246993,پهلوی,old,osm
alias_w475479761_8689,place_w475479761,خیابان آیزنهاور,old,osm
alias_w475479761_8690,place_w475479761,خیابان آزادی,spelling,osm
alias_w475490909_8691,place_w475490909,خیابان دولت,old,osm
alias_w475503972_8693,place_w475503972,بلوار هنر,colloquial,osm
alias_w475518383_8694,place_w475518383,سیروس,old,osm
alias_w475584520_8696,place_w475584520,نارنجستان هفتم,old,osm
alias_w475670360_8697,place_w475670360,انوشیروان دادگر,old,osm
alias_w475670360_8698,place_w475670360,بزرگراه بعثت,colloquial,osm
alias_w476094977_8700,place_w476094977,بلوار لشکرک,old,osm
alias_w476624906_8701,place_w476624906,باقوشخانه,colloquial,osm
alias_w476942669_8702,place_w476942669,بلوار خلیج فارس,spelling,osm
alias_w477086185_8703,place_w477086185,بزرگراه خاوران,colloquial,osm
alias_w477137326_8704,place_w477137326,خیابان دولت,old,osm
alias_w477330973_8706,place_w477330973,حسین زاده,colloquial,osm
alias_w478059351_8707,place_w478059351,بیست متری اول,colloquial,osm
alias_w478059353_8708,place_w478059353,بیست متری اول,colloquial,osm
alias_w478170531_8709,place_w478170531,غلامرضا خان عزیزی,colloquial,osm
alias_w478480365_8710,place_w478480365,یکم دریان نو,old,osm
alias_w478500768_8711,place_w478500768,خیابان قرنی,spelling,osm
alias_w478500780_8712,place_w478500780,شهاب,old,osm
alias_w478500780_8713,place_w478500780,بلوار شهید مصطفی خمینی,spelling,osm
alias_w478500782_8714,place_w478500782,شهاب,old,osm
alias_w478500782_8715,place_w478500782,بلوار شهید مصطفی خمینی,spelling,osm
alias_w478500785_8716,place_w478500785,خیابان قرنی,spelling,osm
alias_w478500787_8717,place_w478500787,چهارراه احمدی,old,osm
alias_w478500799_8718,place_w478500799,شهاب,old,osm
alias_w478500799_8719,place_w478500799,بلوار مصطفی خمینی,spelling,osm
alias_w478682295_8720,place_w478682295,طالقانی,colloquial,osm
alias_w479220827_8721,place_w479220827,مفتح,colloquial,osm
alias_w479481700_8722,place_w479481700,چیذر,colloquial,osm
alias_w479678792_8723,place_w479678792,گلزار,colloquial,osm
alias_w479931394_8724,place_w479931394,شهید سعیدی زاده,colloquial,osm
alias_w479997084_8725,place_w479997084,۲۴ متری دوم,colloquial,osm
alias_w480091109_8726,place_w480091109,دیانت پور,colloquial,osm
alias_w480091131_8727,place_w480091131,میدان گلدره,colloquial,osm
alias_w480091248_8728,place_w480091248,محراب,colloquial,osm
alias_w480212877_8729,place_w480212877,خیابان هدایت,old,osm
alias_w480212877_8730,place_w480212877,هدایت,colloquial,osm
alias_w480310807_8732,place_w480310807,گلسرخی شمالی,old,osm
alias_w480311843_8733,place_w480311843,حافظ,colloquial,osm
alias_w480311846_8734,place_w480311846,حافظ,colloquial,osm
alias_w480555995_8735,place_w480555995,شهریاری,colloquial,osm
alias_w480688423_8736,place_w480688423,دروازه تهران,colloquial,osm
alias_w480723022_8737,place_w480723022,فلکه احمدآباد,colloquial,osm
alias_w480967747_8738,place_w480967747,رجایی,colloquial,osm
alias_w481008148_8739,place_w481008148,معراج ۴۸,colloquial,osm
alias_w481123903_8740,place_w481123903,وحید شهید سلیمانی,colloquial,osm
alias_w481123903_8741,place_w481123903,وحید شهید,colloquial,osm
alias_w481123907_8742,place_w481123907,بلوار اوستا,old,osm
alias_w481123916_8743,place_w481123916,اداره برقگ,colloquial,osm
alias_w481169638_8744,place_w481169638,جاده ملارد,old,osm
alias_w481170670_8745,place_w481170670,یازدهم قدیم,old,osm
alias_w481171067_8746,place_w481171067,فلکه پنجم,colloquial,osm
alias_w481172237_8747,place_w481172237,اسکندی,colloquial,osm
alias_w481172529_8748,place_w481172529,گلستان ۱۴,old,osm
alias_w481172529_8749,place_w481172529,ارشاد,colloquial,osm
alias_w481404518_8750,place_w481404518,دویست و دوازده شرقی,colloquial,osm
alias_w481533350_8751,place_w481533350,خیابان یکطرفه,colloquial,osm
alias_w481560473_8752,place_w481560473,دانشگاه جنوبی,old,osm
alias_w481560473_8753,place_w481560473,مدرس جنوبی,colloquial,osm
alias_w481995975_8754,place_w481995975,دکتر بهشتی,colloquial,osm
alias_w482232675_8755,place_w482232675,بلوار چالدران,colloquial,osm
alias_w482283664_8756,place_w482283664,خیابان شمیران,old,osm
alias_w482728203_8757,place_w482728203,جاده ملارد,old,osm
alias_w482781395_8758,place_w482781395,میدان الف,colloquial,osm
alias_w482804229_8759,place_w482804229,بزرگراه رسالت,old,osm
alias_w482804230_8760,place_w482804230,بزرگراه رسالت,old,osm
alias_w482853030_8761,place_w482853030,کیان‌آباد,colloquial,osm
alias_w483091889_8762,place_w483091889,خیابان شهید بایزیدی,colloquial,osm
alias_w483207736_8763,place_w483207736,کوزه گری,colloquial,osm
alias_w483374992_8764,place_w483374992,سلسبیل,old,osm
alias_w483374992_8765,place_w483374992,رودکی شمالی,colloquial,osm
alias_w483426522_8767,place_w483426522,کنارگذر بلوار توس,colloquial,osm
alias_w483428815_8768,place_w483428815,مدبر,old,osm
alias_w483907768_8769,place_w483907768,اسفندیاری,colloquial,osm
alias_w483907768_8770,place_w483907768,محمدرضا شکوری,spelling,osm
alias_w484321441_8771,place_w484321441,خیابان نهر فیروزآباد,old,osm
alias_w484554190_8772,place_w484554190,بزرگراه رسالت,old,osm
alias_w484574440_8773,place_w484574440,جاده مشهد - طرقبه,colloquial,osm
alias_w484650163_8774,place_w484650163,فلکه سرداران,spelling,osm
alias_w484689550_8775,place_w484689550,مسیل باختر,old,osm
alias_w484858617_8776,place_w484858617,بلوار ولایت,colloquial,osm
alias_w484876884_8777,place_w484876884,قیصریه,colloquial,osm
alias_w484879159_8778,place_w484879159,بلوار شهید فراست,spelling,osm
alias_w484881445_8779,place_w484881445,۲۴متری مسجد علی ابن ابیطالب,spelling,osm
alias_w484952546_8780,place_w484952546,بلوار لاکان,colloquial,osm
alias_w485048997_8781,place_w485048997,میدان طاووس,colloquial,osm
alias_w485232071_8782,place_w485232071,خاتم 5,colloquial,osm
alias_w485312344_8783,place_w485312344,جرجانی,colloquial,osm
alias_w485345413_8784,place_w485345413,شاه,old,osm
alias_w485478199_8785,place_w485478199,شهید بی غم,colloquial,osm
alias_w485559469_8786,place_w485559469,شاه,old,osm
alias_w485625781_8787,place_w485625781,فرهنگ شرقي,colloquial,osm
alias_w485625782_8788,place_w485625782,فرهنگ غربي,colloquial,osm
alias_w485627553_8789,place_w485627553,بلوار لشکرک,old,osm
alias_w485668457_8790,place_w485668457,کندی,old,osm
alias_w485668461_8791,place_w485668461,خیابان آیزنهاور,old,osm
alias_w485668461_8792,place_w485668461,خیابان آزادی,spelling,osm
alias_w485903880_8793,place_w485903880,میدان خزر,colloquial,osm
alias_w485928171_8794,place_w485928171,جاده امیرکبیر,colloquial,osm
alias_w486144016_8795,place_w486144016,خیابان ششم بهمن,colloquial,osm
alias_w486344319_8796,place_w486344319,نشاط,old,osm
alias_w486555974_8797,place_w486555974,شمس تبریزی,colloquial,osm
alias_w487643018_8798,place_w487643018,گرگان,old,osm
alias_w487670679_8800,place_w487670679,بلوار حیدری,spelling,osm
alias_w487776237_8801,place_w487776237,بلوار ایثار جنوبی,old,osm
alias_w488123261_8802,place_w488123261,میدان فلسطین,colloquial,osm
alias_w488571590_8803,place_w488571590,کوهسار,old,osm
alias_w489212911_8804,place_w489212911,شهید سلیمانی,colloquial,osm
alias_w489212912_8805,place_w489212912,شهید سلیمانی,colloquial,osm
alias_w489438232_8806,place_w489438232,قدغون,old,osm
alias_w489665450_8807,place_w489665450,امیرکبیر,colloquial,osm
alias_w489742572_8808,place_w489742572,نارمک,old,osm
alias_w489742573_8810,place_w489742573,نارمک,old,osm
alias_w489742575_8812,place_w489742575,دکتر آیت,colloquial,osm
alias_w490316482_8813,place_w490316482,بلوار کوروش,old,osm
alias_w490316482_8814,place_w490316482,بلوار آیت‌الله طالقانی شمالی,spelling,osm
alias_w490554857_8815,place_w490554857,میدان فردوسی,spelling,osm
alias_w490845835_8816,place_w490845835,کنارگذر شهید همدانی,colloquial,osm
alias_w490848014_8817,place_w490848014,بلوار بدیع الزمان همدانی,old,osm
alias_w490848014_8818,place_w490848014,بلوار شهید حاجی بابایی,colloquial,osm
alias_w490848017_8819,place_w490848017,تقاطع غیرهمسطح سردار همدانی,colloquial,osm
alias_w490848017_8820,place_w490848017,پل شهید همدانی,colloquial,osm
alias_w490849230_8821,place_w490849230,میدان استاد یاور همدانی,colloquial,osm
alias_w490853675_8822,place_w490853675,تقاطع غیرهمسطح سردار شهید حسن صوفی,colloquial,osm
alias_w491133080_8823,place_w491133080,میصیر قهوه سی,colloquial,osm
alias_w491260778_8824,place_w491260778,میدان بهجت,colloquial,osm
alias_w491326176_8825,place_w491326176,مریم,spelling,osm
alias_w491361262_8826,place_w491361262,راه پیما,old,osm
alias_w491627392_8828,place_w491627392,ارس,colloquial,osm
alias_w491720898_8829,place_w491720898,بوستان سوم,spelling,osm
alias_w492415462_8830,place_w492415462,اما رضا(ع),colloquial,osm
alias_w492567962_8831,place_w492567962,سی و پنج متری,colloquial,osm
alias_w492567965_8832,place_w492567965,خیابان قزوین,old,osm
alias_w492567965_8833,place_w492567965,قزوین,colloquial,osm
alias_w492574414_8834,place_w492574414,خیابان قزوین,old,osm
alias_w492574414_8835,place_w492574414,قزوین,colloquial,osm
alias_w492672471_8836,place_w492672471,گوشه گابله,old,osm
alias_w493022156_8837,place_w493022156,حضرت خدیجه,colloquial,osm
alias_w493022157_8838,place_w493022157,حضرت خدیجه,colloquial,osm
alias_w493157364_8839,place_w493157364,ارگ جنوبی,colloquial,osm
alias_w493402450_8840,place_w493402450,میدان شهرداری,colloquial,osm
alias_w493423981_8841,place_w493423981,گلشن,old,osm
alias_w493424454_8842,place_w493424454,دانشکده کشاورزی,colloquial,osm
alias_w493445223_8843,place_w493445223,لفتون,colloquial,osm
alias_w493685537_8844,place_w493685537,مانی,spelling,osm
alias_w493685540_8845,place_w493685540,فروغی,spelling,osm
alias_w493730874_8846,place_w493730874,سلسبیل,old,osm
alias_w493730877_8848,place_w493730877,سلسبیل,old,osm
alias_w493730877_8849,place_w493730877,رودکی جنوبی,colloquial,osm
alias_w493947228_8851,place_w493947228,رودخانه,colloquial,osm
alias_w493971228_8852,place_w493971228,داور,colloquial,osm
alias_w494552414_8853,place_w494552414,بزرگراه شهید سهراب نوروزی,colloquial,osm
alias_w494731035_8854,place_w494731035,کوثر-شاهین,colloquial,osm
alias_w495006323_8855,place_w495006323,رحیم آباد,colloquial,osm
alias_w495051548_8856,place_w495051548,قلعه مرغی,colloquial,osm
alias_w495618784_8857,place_w495618784,گلمهر,spelling,osm
alias_w495623408_8858,place_w495623408,مصالح فروشان,spelling,osm
alias_w495806558_8859,place_w495806558,میدان سردار شهید سلیمانی,colloquial,osm
alias_w496257713_8860,place_w496257713,هشت بهشت,colloquial,osm
alias_w496270228_8861,place_w496270228,چهل و ششم,colloquial,osm
alias_w496581953_8862,place_w496581953,سرداران,spelling,osm
alias_w497380260_8863,place_w497380260,کوی ۱۴,colloquial,osm
alias_w497571665_8864,place_w497571665,حسین کامران,colloquial,osm
alias_w497584229_8865,place_w497584229,مسیر شمالی پارک جنگلی ناژوان,colloquial,osm
alias_w497647998_8866,place_w497647998,ایران جوجه,colloquial,osm
alias_w498022542_8867,place_w498022542,شهید رضایی,colloquial,osm
alias_w498124322_8868,place_w498124322,خیابان شهید بهشتی,colloquial,osm
alias_w498125904_8869,place_w498125904,خیابان دکتر نایبی,colloquial,osm
alias_w498659691_8870,place_w498659691,بلوار اقاقیا,colloquial,osm
alias_w498680316_8871,place_w498680316,میدان علی ابن ابیطالب,colloquial,osm
alias_w499024926_8872,place_w499024926,خرم,colloquial,osm
alias_w499024927_8873,place_w499024927,خرم,colloquial,osm
alias_w499266797_8874,place_w499266797,سهراب پهلوانی,colloquial,osm
alias_w499558609_8875,place_w499558609,ماهان,old,osm
alias_w500119170_8876,place_w500119170,اصغر نوروزی,colloquial,osm
alias_w500409561_8877,place_w500409561,شهرداری,colloquial,osm
alias_w500710694_8878,place_w500710694,بهارستان,colloquial,osm
alias_w502831624_8879,place_w502831624,بلوار زون ۱,colloquial,osm
alias_w502896082_8880,place_w502896082,شهید سوم,colloquial,osm
alias_w503243555_8881,place_w503243555,یاوران غربی,colloquial,osm
alias_w504163854_8882,place_w504163854,سنبل,old,osm
alias_w504163854_8883,place_w504163854,شهید غلامرضا سلمان پور,colloquial,osm
alias_w504357503_8885,place_w504357503,کوثر شرقی,colloquial,osm
alias_w504651526_8886,place_w504651526,ولایت,colloquial,osm
alias_w504651527_8887,place_w504651527,ولایت,colloquial,osm
alias_w504782617_8888,place_w504782617,میدان بسیج,old,osm
alias_w505051434_8889,place_w505051434,چشمه بزرگ,colloquial,osm
alias_w505340671_8890,place_w505340671,بلوار احمد بیگداشتی فرهنگیان فاز 2,colloquial,osm
alias_w505340671_8891,place_w505340671,بلوار فرهنگیان فاز دو,colloquial,osm
alias_w505622372_8892,place_w505622372,آرمن,colloquial,osm
alias_w506037572_8893,place_w506037572,آفتاب,colloquial,osm
alias_w506394611_8894,place_w506394611,شهید غلامعلی رحیمی,colloquial,osm
alias_w506494285_8895,place_w506494285,بلوار شهید سلگی,colloquial,osm
alias_w507037855_8896,place_w507037855,۲۰ متری نادر,old,osm
alias_w507047467_8897,place_w507047467,فلکه پرواز,old,osm
alias_w507452860_8898,place_w507452860,میدان حافظیه,colloquial,osm
alias_w507634408_8899,place_w507634408,اندیشه,colloquial,osm
alias_w507777415_8900,place_w507777415,گلستان ۱۶,colloquial,osm
alias_w508168761_8901,place_w508168761,احمد نسب,colloquial,osm
alias_w508492473_8902,place_w508492473,پاسداران,colloquial,osm
alias_w508763449_8903,place_w508763449,بیست متری شمیران نو شهداء,colloquial,osm
alias_w508986534_8904,place_w508986534,جاده تهران,colloquial,osm
alias_w509158047_8905,place_w509158047,میدان شمیران نو,colloquial,osm
alias_w509195209_8906,place_w509195209,میدان ابوذر,spelling,osm
alias_w509491493_8907,place_w509491493,بلوار بعثت,colloquial,osm
alias_w509584193_8908,place_w509584193,سلمان فارسی,colloquial,osm
alias_w509680147_8909,place_w509680147,صورتی,colloquial,osm
alias_w509686736_8910,place_w509686736,خیابان شهید خجسته,colloquial,osm
alias_w510390374_8911,place_w510390374,سردار باقری,colloquial,osm
alias_w510534727_8912,place_w510534727,مجیدیه شمالی,old,osm
alias_w510752683_8915,place_w510752683,میر,colloquial,osm
alias_w511470392_8916,place_w511470392,بزرگراه آیت الله کاشانی,old,osm
alias_w511470392_8917,place_w511470392,بلوار آتاتورک,colloquial,osm
alias_w511637156_8918,place_w511637156,میدان وثوق,colloquial,osm
alias_w511717416_8919,place_w511717416,زیرگذر بلوار خلیج فارس,colloquial,osm
alias_w512390914_8920,place_w512390914,کنارگذر شهید همدانی,colloquial,osm
alias_w512885115_8921,place_w512885115,ایرانمهر,old,osm
alias_w512975613_8922,place_w512975613,بلوار امام علی,colloquial,osm
alias_w513345386_8923,place_w513345386,میدان زائران کربلا,old,osm
alias_w514031266_8924,place_w514031266,جوان شیر,colloquial,osm
alias_w514278321_8925,place_w514278321,بلوار آخوندی,spelling,osm
alias_w514488129_8926,place_w514488129,مادی ارزنان,colloquial,osm
alias_w514534894_8927,place_w514534894,بیاتانی,colloquial,osm
alias_w515686666_8928,place_w515686666,میدان تاج قدیم,colloquial,osm
alias_w515815224_8929,place_w515815224,آقائی,colloquial,osm
alias_w515960811_8930,place_w515960811,ورودی قدیم شهر جدید مهستان,colloquial,osm
alias_w516357067_8931,place_w516357067,جاده ساحلی,colloquial,osm
alias_w516712632_8932,place_w516712632,خیابان عفیف آباد کوچه ۶,colloquial,osm
alias_w516968216_8933,place_w516968216,زاینده رود,colloquial,osm
alias_w518326478_8934,place_w518326478,خرم ۱۴,colloquial,osm
alias_w518409940_8935,place_w518409940,شهید اقبال پور,colloquial,osm
alias_w518419101_8936,place_w518419101,درختی,old,osm
alias_w518940570_8937,place_w518940570,پل شهید محمد رضا زرین,spelling,osm
alias_w518944992_8938,place_w518944992,بلوار فردوسی,spelling,osm
alias_w519361978_8939,place_w519361978,بزرگراه سردار شهید قاسم سلیمانی,colloquial,osm
alias_w519395737_8940,place_w519395737,میدان خواجوی کرمانی,spelling,osm
alias_w519489156_8941,place_w519489156,لاله,colloquial,osm
alias_w519718447_8942,place_w519718447,رانیە,colloquial,osm
alias_w519719629_8943,place_w519719629,دهۆک,colloquial,osm
alias_w519719632_8944,place_w519719632,هەولێر,colloquial,osm
alias_w519769027_8945,place_w519769027,بلوار سرباز,spelling,osm
alias_w519771854_8946,place_w519771854,میدان گاندی,spelling,osm
alias_w520139247_8947,place_w520139247,بلوار مهارلو,colloquial,osm
alias_w520614736_8948,place_w520614736,بازرگانی,colloquial,osm
alias_w520645034_8949,place_w520645034,گنجعلیخان,colloquial,osm
alias_w521161313_8950,place_w521161313,میدان چاهداشی,colloquial,osm
alias_w521205830_8951,place_w521205830,شهید اسماعیل غلامی یاراحمدی,colloquial,osm
alias_w521746406_8952,place_w521746406,لاری,colloquial,osm
alias_w521904760_8953,place_w521904760,خاور,colloquial,osm
alias_w522396797_8954,place_w522396797,عسجدی,colloquial,osm
alias_w522435989_8955,place_w522435989,خیابان آزادگان سوم,old,osm
alias_w522463153_8956,place_w522463153,شهید سالاروند,colloquial,osm
alias_w522517324_8957,place_w522517324,مسلم جنوبی ۱۶,colloquial,osm
alias_w522886924_8958,place_w522886924,بلوار کشاورز,spelling,osm
alias_w523284838_8959,place_w523284838,بزرگراه آزادگان,colloquial,osm
alias_w523284841_8960,place_w523284841,افسریه,old,osm
alias_w523623394_8962,place_w523623394,جوانه,colloquial,osm
alias_w523847715_8963,place_w523847715,عمارت,colloquial,osm
alias_w523905860_8964,place_w523905860,بلوار کاشفی,colloquial,osm
alias_w524181184_8965,place_w524181184,شاهپور جدید,colloquial,osm
alias_w524227803_8966,place_w524227803,شصت و سوم امام خمینی ۶۳,colloquial,osm
alias_w524301645_8967,place_w524301645,بلوار شهید چمران,colloquial,osm
alias_w524304772_8968,place_w524304772,بلوار شهید میرزا سلگی,colloquial,osm
alias_w524780857_8969,place_w524780857,انقلاب 26,colloquial,osm
alias_w524823630_8970,place_w524823630,وحدت,colloquial,osm
alias_w524958099_8971,place_w524958099,اویس قرنی,colloquial,osm
alias_w525241983_8972,place_w525241983,پل مهرشهر,spelling,osm
alias_w525678172_8973,place_w525678172,امام خمینی,colloquial,osm
alias_w526058617_8974,place_w526058617,میدان شهدا,spelling,osm
alias_w526068267_8975,place_w526068267,تخت طاووس,old,osm
alias_w526346543_8977,place_w526346543,بلوار سما,spelling,osm
alias_w526538841_8978,place_w526538841,بوستان,colloquial,osm
alias_w526727794_8979,place_w526727794,بلوار مقامی,spelling,osm
alias_w526727795_8980,place_w526727795,بلوار مقامی,spelling,osm
alias_w526753817_8981,place_w526753817,عابدینی نیا,colloquial,osm
alias_w526758577_8982,place_w526758577,اراک,old,osm
alias_w526856540_8983,place_w526856540,شهید مسلم خیزاب,colloquial,osm
alias_w526893615_8984,place_w526893615,وحدت,old,osm
alias_w526893615_8985,place_w526893615,عباس آباد,colloquial,osm
alias_w526936687_8986,place_w526936687,بلوار جانباز,old,osm
alias_w527145615_8987,place_w527145615,فتح المبین ۱,colloquial,osm
alias_w527480980_8988,place_w527480980,شهید مصطفی مردانی,colloquial,osm
alias_w527525260_8989,place_w527525260,همیشه بهار,colloquial,osm
alias_w528064966_8990,place_w528064966,شهید عزت اله مرادی,colloquial,osm
alias_w528335372_8991,place_w528335372,مطهری 44,colloquial,osm
alias_w528422656_8992,place_w528422656,پاسداران ۱۹,colloquial,osm
alias_w528433445_8993,place_w528433445,خیبر ۲۸ - ذوالفقار ۱۹,colloquial,osm
alias_w528653637_8994,place_w528653637,میدان سرچشمه,colloquial,osm
alias_w528718272_8995,place_w528718272,جاده ملارد,old,osm
alias_w528943786_8996,place_w528943786,طالقانی,colloquial,osm
alias_w529509571_8997,place_w529509571,کمربندی جنوبی,colloquial,osm
alias_w529536577_8998,place_w529536577,همت شمالی,old,osm
alias_w529730950_8999,place_w529730950,فرخی ۷,colloquial,osm
alias_w529919124_9000,place_w529919124,اراک,old,osm
alias_w529924434_9001,place_w529924434,شهید ناصر سرپرست,colloquial,osm
alias_w529950824_9002,place_w529950824,ویلاشهر,colloquial,osm
alias_w529998339_9003,place_w529998339,ترمینال,colloquial,osm
alias_w530022103_9004,place_w530022103,زازران به فلاورجان,colloquial,osm
alias_w530022104_9005,place_w530022104,جاده زازران-کوشک,colloquial,osm
alias_w530023429_9006,place_w530023429,شاهکویی,colloquial,osm
alias_w530117744_9007,place_w530117744,میدان اصلی وحیدیه,colloquial,osm
alias_w530311897_9008,place_w530311897,بزرگراه هشت بهشت,colloquial,osm
alias_w530587227_9009,place_w530587227,روبرو هنرستان علم و صنعت,colloquial,osm
alias_w530588296_9010,place_w530588296,جوان,spelling,osm
alias_w530893728_9011,place_w530893728,جاده قدیم کرج,old,osm
alias_w530893728_9012,place_w530893728,بزرگراه فتح,colloquial,osm
alias_w531693764_9013,place_w531693764,خیابان ده مجنون,colloquial,osm
alias_w531783475_9014,place_w531783475,میدان قنات کوثر,old,osm
alias_w532063024_9015,place_w532063024,بزرگراه ۱۰۰,old,osm
alias_w532063026_9016,place_w532063026,بزرگراه شمال عباس آباد,old,osm
alias_w532382926_9017,place_w532382926,پل شریعتی,colloquial,osm
alias_w532382927_9018,place_w532382927,پل شریعتی,colloquial,osm
alias_w532531160_9019,place_w532531160,بلوار محتشم,colloquial,osm
alias_w533059970_9020,place_w533059970,بلوار امام حسین,spelling,osm
alias_w533225509_9021,place_w533225509,مصلی,old,osm
alias_w533331843_9022,place_w533331843,مشیر فاطمی,old,osm
alias_w533425069_9023,place_w533425069,فنس,colloquial,osm
alias_w533472982_9024,place_w533472982,خیابان یاسینی,colloquial,osm
alias_w533650061_9025,place_w533650061,مقداد,colloquial,osm
alias_w533948882_9026,place_w533948882,سلسبیل,old,osm
alias_w533948882_9027,place_w533948882,رودکی جنوبی,colloquial,osm
alias_w534059906_9029,place_w534059906,شهید حسین ابولحسنی,colloquial,osm
alias_w534093731_9030,place_w534093731,بلوار ولیعصر عج,colloquial,osm
alias_w534304989_9031,place_w534304989,میدان وحدت,colloquial,osm
alias_w534791357_9032,place_w534791357,جاده چمخاله,colloquial,osm
alias_w534826523_9033,place_w534826523,پل ارجستان,old,osm
alias_w534826523_9035,place_w534826523,پل شهید قهرمانی,colloquial,osm
alias_w534826524_9036,place_w534826524,خیابان شهید باهنر,colloquial,osm
alias_w534826525_9037,place_w534826525,پل ارجستان,old,osm
alias_w534826525_9039,place_w534826525,پل شهید قهرمانی,colloquial,osm
alias_w535532498_9040,place_w535532498,سروش,colloquial,osm
alias_w536091007_9041,place_w536091007,یگان ویژه,colloquial,osm
alias_w536297223_9042,place_w536297223,مساوات,colloquial,osm
alias_w536297382_9043,place_w536297382,شکیبا,colloquial,osm
alias_w536351934_9044,place_w536351934,بلوار کوه نور,colloquial,osm
alias_w536448705_9045,place_w536448705,قدس پانزدهم,colloquial,osm
alias_w536965481_9046,place_w536965481,عمر قدم,colloquial,osm
alias_w537174345_9047,place_w537174345,آق تپه,colloquial,osm
alias_w537768625_9048,place_w537768625,شهید داوودی,colloquial,osm
alias_w537771207_9049,place_w537771207,مهمانسرا ١٢,old,osm
alias_w537785878_9050,place_w537785878,برق,colloquial,osm
alias_w537804377_9051,place_w537804377,افسریه چهارم,colloquial,osm
alias_w538186494_9052,place_w538186494,رحیل ۵,colloquial,osm
alias_w538250880_9053,place_w538250880,میدان ساعت,colloquial,osm
alias_w538492635_9054,place_w538492635,شیمیایی,colloquial,osm
alias_w538594433_9055,place_w538594433,مسیل باختر,colloquial,osm
alias_w538776020_9056,place_w538776020,بلوار نیک بخش,spelling,osm
alias_w539276852_9057,place_w539276852,میدان عبدل‌آباد,spelling,osm
alias_w539381537_9058,place_w539381537,ساقدوش,old,osm
alias_w539955556_9059,place_w539955556,خیابان فاطمیه,colloquial,osm
alias_w540477680_9060,place_w540477680,آفتاب,colloquial,osm
alias_w540477697_9061,place_w540477697,میدان هلکوپتر,old,osm
alias_w540477697_9063,place_w540477697,میدان شهید چله دوان,colloquial,osm
alias_w541024820_9064,place_w541024820,میدان محسنی,old,osm
alias_w541359424_9065,place_w541359424,بلوار خلیج فارس,colloquial,osm
alias_w541653269_9066,place_w541653269,میدان امام شافعی,colloquial,osm
alias_w541785139_9067,place_w541785139,خیابان شفا,colloquial,osm
alias_w541820582_9068,place_w541820582,بزرگراه امام رضا (ع),old,osm
alias_w541820583_9069,place_w541820583,جاده نیار,colloquial,osm
alias_w541829381_9070,place_w541829381,ایرانشهر,colloquial,osm
alias_w541920081_9071,place_w541920081,میدان فانوس,colloquial,osm
alias_w541928332_9072,place_w541928332,۲۲ بهمن شمالی ۱۵,colloquial,osm
alias_w542288197_9073,place_w542288197,خیابان دارایی,colloquial,osm
alias_w542327056_9074,place_w542327056,خروجی به صنایع جنوب,old,osm
alias_w542387163_9075,place_w542387163,هجرت,colloquial,osm
alias_w542885142_9076,place_w542885142,خیابان شهید مفتح,colloquial,osm
alias_w542885142_9077,place_w542885142,خیابان سراب,colloquial,osm
alias_w542909512_9078,place_w542909512,ذاکری۲,colloquial,osm
alias_w544701768_9079,place_w544701768,مدآقاسیا,colloquial,osm
alias_w544737357_9080,place_w544737357,سیدی,old,osm
alias_w544983896_9081,place_w544983896,بهار,colloquial,osm
alias_w545232920_9082,place_w545232920,بلوار بنفشه,colloquial,osm
alias_w545315357_9083,place_w545315357,میدان جهاد,old,osm
alias_w545427057_9084,place_w545427057,بلوار هنردار,colloquial,osm
alias_w545499960_9085,place_w545499960,میدان قصبه شهر,colloquial,osm
alias_w545520488_9086,place_w545520488,مطهری,colloquial,osm
alias_w545520540_9087,place_w545520540,صدوقی,colloquial,osm
alias_w545524952_9088,place_w545524952,میدان صنعت,colloquial,osm
alias_w545742485_9089,place_w545742485,فرهنگ شهر,colloquial,osm
alias_w546860889_9090,place_w546860889,تابش,old,osm
alias_w546860889_9091,place_w546860889,روحانی,colloquial,osm
alias_w547433946_9092,place_w547433946,جاده مخصوص کرج,old,osm
alias_w547556965_9093,place_w547556965,بزرگراه امام رضا (ع),old,osm
alias_w547766609_9094,place_w547766609,میدان سردار اسعد,colloquial,osm
alias_w548077816_9095,place_w548077816,فارابی,old,osm
alias_w548097751_9096,place_w548097751,۱۲ متری,colloquial,osm
alias_w548097754_9097,place_w548097754,شهدای عشایر,colloquial,osm
alias_w548225395_9098,place_w548225395,آرین,colloquial,osm
alias_w548516607_9099,place_w548516607,۲۰ متری,colloquial,osm
alias_w548668677_9100,place_w548668677,مرشدی ۵,colloquial,osm
alias_w548916559_9101,place_w548916559,بلوار شهدای مدافع حرم,colloquial,osm
alias_w549725750_9102,place_w549725750,بزرگراه شهید سهراب نوروزی,colloquial,osm
alias_w549725760_9103,place_w549725760,بزرگراه شهید سهراب نوروزی,colloquial,osm
alias_w549774331_9104,place_w549774331,نصیری,colloquial,osm
alias_w549918895_9105,place_w549918895,کشتارگاه,old,osm
alias_w549918897_9106,place_w549918897,بیست متری خیبر جنوبی,colloquial,osm
alias_w550208431_9107,place_w550208431,کمربندی عیش آباد,colloquial,osm
alias_w550390165_9108,place_w550390165,توانیر,old,osm
alias_w550426381_9110,place_w550426381,دروازه تهران,colloquial,osm
alias_w550852475_9111,place_w550852475,مهارت,colloquial,osm
alias_w551057412_9112,place_w551057412,سجادیه دوم,colloquial,osm
alias_w551475149_9113,place_w551475149,۱۷ شهریور,colloquial,osm
alias_w551684076_9114,place_w551684076,بوستان,colloquial,osm
alias_w551726098_9115,place_w551726098,نسترن,old,osm
alias_w552183508_9116,place_w552183508,تو باغی,colloquial,osm
alias_w552183508_9117,place_w552183508,شهید یاسین عالی شوندی,colloquial,osm
alias_w552452187_9118,place_w552452187,بردو,colloquial,osm
alias_w552560657_9119,place_w552560657,میدان شیشه ای,colloquial,osm
alias_w552595298_9120,place_w552595298,شهید بهمنیار زائری,colloquial,osm
alias_w552619769_9121,place_w552619769,بلوار غربی ورزشگاه آزادی,colloquial,osm
alias_w552619769_9122,place_w552619769,بلوار علی دایی,spelling,osm
alias_w552682421_9123,place_w552682421,سعید آباد,colloquial,osm
alias_w552840764_9124,place_w552840764,خیابان شمیران,old,osm
alias_w553439978_9125,place_w553439978,میدان شهید حسن شرافتی,old,osm
alias_w554049225_9126,place_w554049225,میدان شهید منا سید محمدحسین شفیعی,colloquial,osm
alias_w554189491_9127,place_w554189491,خیابان آیت الله طالقانی,spelling,osm
alias_w554494554_9128,place_w554494554,ماهان,old,osm
alias_w554709700_9129,place_w554709700,شن کش,colloquial,osm
alias_w554920075_9130,place_w554920075,بزرگراه صیاد شیرازی,spelling,osm
alias_w555380126_9131,place_w555380126,عباس شفیعی,colloquial,osm
alias_w555911688_9132,place_w555911688,شهید آزموده,colloquial,osm
alias_w555949173_9133,place_w555949173,آهن فروش ها,colloquial,osm
alias_w556417504_9134,place_w556417504,ملاصدرا 16,colloquial,osm
alias_w556680494_9135,place_w556680494,جاده قدیم تهران - قم,colloquial,osm
alias_w556844316_9136,place_w556844316,شهید محمود کاوه,colloquial,osm
alias_w556854404_9137,place_w556854404,بلوار غیور اصلی,old,osm
alias_w557106067_9138,place_w557106067,بلوار حافظ,colloquial,osm
alias_w557127747_9139,place_w557127747,میدان شهید کمالی,old,osm
alias_w557149675_9140,place_w557149675,حافظ ۱,colloquial,osm
alias_w557297237_9141,place_w557297237,میدان عرفان,colloquial,osm
alias_w558856576_9142,place_w558856576,مجدیه,colloquial,osm
alias_w558930367_9143,place_w558930367,گلها,colloquial,osm
alias_w559006052_9144,place_w559006052,میدان گرشاسبی,spelling,osm
alias_w559250424_9145,place_w559250424,امیری صنعت,colloquial,osm
alias_w559476376_9146,place_w559476376,توکلی,old,osm
alias_w559476379_9147,place_w559476379,میدان خسروی,colloquial,osm
alias_w559561735_9148,place_w559561735,استاد ناصر فراهانی,colloquial,osm
alias_w560474327_9149,place_w560474327,خیابان شمیران,old,osm
alias_w560580612_9150,place_w560580612,بلوار سعدی غربی,old,osm
alias_w561010763_9151,place_w561010763,شورا,colloquial,osm
alias_w561284301_9152,place_w561284301,خیابان قصر,old,osm
alias_w561284301_9153,place_w561284301,عباس آباد,colloquial,osm
alias_w561510696_9154,place_w561510696,بزرگراه نجفی رستگار,spelling,osm
alias_w561967313_9155,place_w561967313,دانشگاه,colloquial,osm
alias_w562376361_9156,place_w562376361,نصرت شرقی,colloquial,osm
alias_w562398100_9157,place_w562398100,۳,colloquial,osm
alias_w562494524_9158,place_w562494524,شهید کیوانفر 3,colloquial,osm
alias_w563243675_9159,place_w563243675,۲۴۵,colloquial,osm
alias_w563645277_9160,place_w563645277,بلوار اعتمادیه شرقی,colloquial,osm
alias_w563645277_9161,place_w563645277,بلوار سرتیپ امیرمحمد جوادی,colloquial,osm
alias_w563935855_9162,place_w563935855,شاپور,old,osm
alias_w564330106_9163,place_w564330106,حصار,colloquial,osm
alias_w565264033_9164,place_w565264033,گرگان,old,osm
alias_w565309778_9166,place_w565309778,کمربندی شمالی اراک,colloquial,osm
alias_w565309784_9167,place_w565309784,کمربندی شمالی اراک,colloquial,osm
alias_w565309796_9168,place_w565309796,کمربندی شمالی اراک,colloquial,osm
alias_w566103955_9169,place_w566103955,فضل,colloquial,osm
alias_w566196924_9170,place_w566196924,بوشهر - شیراز,colloquial,osm
alias_w566662558_9171,place_w566662558,بلوار کوروش,old,osm
alias_w566662558_9172,place_w566662558,بلوار آیت‌الله طالقانی شمالی,spelling,osm
alias_w566662559_9173,place_w566662559,بلوار کوروش,old,osm
alias_w566662559_9174,place_w566662559,بلوار آیت‌الله طالقانی شمالی,spelling,osm
alias_w567093448_9175,place_w567093448,خیابان قائم,spelling,osm
alias_w568147179_9176,place_w568147179,جاده فسا,colloquial,osm
alias_w568197940_9177,place_w568197940,خیابان شهید خجسته,colloquial,osm
alias_w568198032_9178,place_w568198032,آزاد غربی,colloquial,osm
alias_w569414623_9179,place_w569414623,کمربندی جنوبی,colloquial,osm
alias_w569414632_9180,place_w569414632,میدان سلام,colloquial,osm
alias_w570453650_9181,place_w570453650,فلکه ژاندارمری,old,osm
alias_w570453650_9182,place_w570453650,میدان قرنی,colloquial,osm
alias_w570531100_9183,place_w570531100,بولوار حکمت,colloquial,osm
alias_w570548311_9184,place_w570548311,جواد الائمه 46,colloquial,osm
alias_w570834611_9185,place_w570834611,بلوار زائر,old,osm
alias_w571031619_9186,place_w571031619,میدان کشتارگاه,colloquial,osm
alias_w572763107_9187,place_w572763107,بلوار زائر,old,osm
alias_w573024156_9188,place_w573024156,بلوار هنردار,colloquial,osm
alias_w573605935_9189,place_w573605935,مولوی,colloquial,osm
alias_w573870149_9190,place_w573870149,دکتر شیخ,old,osm
alias_w573870149_9191,place_w573870149,شهید قرنی ۶,colloquial,osm
alias_w574406185_9192,place_w574406185,بزرگراه امام رضا (ع),old,osm
alias_w574406205_9193,place_w574406205,بزرگراه امام رضا (ع),old,osm
alias_w574406211_9194,place_w574406211,بزرگراه امام رضا (ع),old,osm
alias_w575110826_9195,place_w575110826,کـــنـــارگـــذر فــــــرودگـــاه,colloquial,osm
alias_w575273060_9196,place_w575273060,خیابان خورشید,old,osm
alias_w575534994_9197,place_w575534994,باهنر,old,osm
alias_w575912330_9198,place_w575912330,ساحلی غربی,colloquial,osm
alias_w579966558_9199,place_w579966558,میدان مسلم,colloquial,osm
alias_w581453066_9200,place_w581453066,آسیاب قوامی,colloquial,osm
alias_w582058835_9201,place_w582058835,ساسان,old,osm
alias_w583022628_9202,place_w583022628,خیابان ۲۴ متری دانشگاه,colloquial,osm
alias_w584373807_9203,place_w584373807,بلوار پاسارگاد شرقی,colloquial,osm
alias_w584376828_9204,place_w584376828,سوزنی,old,osm
alias_w585035195_9205,place_w585035195,تعویض پلاک,colloquial,osm
alias_w585190803_9206,place_w585190803,فرح,colloquial,osm
alias_w585423182_9207,place_w585423182,شهناز,old,osm
alias_w585638539_9209,place_w585638539,امام رضا۳,colloquial,osm
alias_w585944049_9210,place_w585944049,بزرگراه نجفی رستگار,spelling,osm
alias_w585958226_9211,place_w585958226,کمربندی قدیم فردوس,old,osm
alias_w586007945_9212,place_w586007945,جاده شکراب,colloquial,osm
alias_w586283379_9213,place_w586283379,شفاهی,colloquial,osm
alias_w587280453_9214,place_w587280453,بلوار شهید عنایت الله رحمتی,colloquial,osm
alias_w587456281_9215,place_w587456281,بلوار جانبازان,colloquial,osm
alias_w587534450_9216,place_w587534450,شیراز خیابان جانبازان(پودنک ) خیابان شهید امامی,spelling,osm
alias_w587741136_9217,place_w587741136,معالی ٱباد,old,osm
alias_w587741136_9219,place_w587741136,معالی آباد,colloquial,osm
alias_w588874821_9220,place_w588874821,ثامنی,old,osm
alias_w588874821_9221,place_w588874821,۲۷ متری مخابرات,colloquial,osm
alias_w589687277_9222,place_w589687277,درباری,spelling,osm
alias_w590175938_9223,place_w590175938,بولوار شهدای شهرک سعدی,colloquial,osm
alias_w590545192_9224,place_w590545192,بزرگراه امام رضا (ع),old,osm
alias_w591020095_9225,place_w591020095,یاس,colloquial,osm
alias_w591322515_9226,place_w591322515,شهید لاجوردی,colloquial,osm
alias_w591549614_9227,place_w591549614,سپهسالار,colloquial,osm
alias_w591709288_9228,place_w591709288,فلکه مورد آبی- هفت تیر,colloquial,osm
alias_w593104075_9229,place_w593104075,هلستان شمالی,colloquial,osm
alias_w593387721_9230,place_w593387721,سهل آباد 30,colloquial,osm
alias_w593400586_9231,place_w593400586,سعدی 4,colloquial,osm
alias_w593465372_9232,place_w593465372,بزرگراه شهید قاسم سلیمانی,colloquial,osm
alias_w593508956_9233,place_w593508956,خیابان خوانقاه,old,osm
alias_w593508958_9234,place_w593508958,خیابان خوانقاه,old,osm
alias_w593731713_9235,place_w593731713,سعدی,colloquial,osm
alias_w593731713_9236,place_w593731713,شهید نادر مهدوی,colloquial,osm
alias_w594153223_9237,place_w594153223,۴۷,colloquial,osm
alias_w594277404_9238,place_w594277404,بهرامی,old,osm
alias_w594568919_9239,place_w594568919,فردوسی۵,colloquial,osm
alias_w594603489_9240,place_w594603489,خین عرب,old,osm
alias_w594603507_9241,place_w594603507,خین عرب,old,osm
alias_w594663192_9242,place_w594663192,طاولی,colloquial,osm
alias_w594888677_9243,place_w594888677,سیاوش,old,osm
alias_w595193630_9244,place_w595193630,رضایی۱۴,colloquial,osm
alias_w595194699_9245,place_w595194699,۲۰,colloquial,osm
alias_w595750432_9246,place_w595750432,سردار جنگل,colloquial,osm
alias_w595840788_9247,place_w595840788,فردوس ۱,colloquial,osm
alias_w595998173_9248,place_w595998173,پامچال,colloquial,osm
alias_w596409838_9249,place_w596409838,۱۸ متری گلها,colloquial,osm
alias_w596790460_9250,place_w596790460,دلاوران ۶,colloquial,osm
alias_w597148618_9251,place_w597148618,رسالت,colloquial,osm
alias_w597161275_9252,place_w597161275,لادن,colloquial,osm
alias_w597214949_9253,place_w597214949,بلوار مهرآباد,colloquial,osm
alias_w597239429_9254,place_w597239429,سلامت,colloquial,osm
alias_w597263426_9255,place_w597263426,گلزار,colloquial,osm
alias_w597388546_9256,place_w597388546,اطلسی ۲۵,colloquial,osm
alias_w597388549_9257,place_w597388549,اطلسی ۲۴,colloquial,osm
alias_w597410988_9258,place_w597410988,بلوار قدیمی زرند,colloquial,osm
alias_w597444582_9259,place_w597444582,دورشهر,colloquial,osm
alias_w597706797_9260,place_w597706797,مطهری,colloquial,osm
alias_w597889261_9261,place_w597889261,یحیوی,colloquial,osm
alias_w597954008_9262,place_w597954008,علي شريعتي,colloquial,osm
alias_w598297097_9263,place_w598297097,بشارت ۹,colloquial,osm
alias_w598371036_9264,place_w598371036,معلم,colloquial,osm
alias_w598464923_9265,place_w598464923,کوی امام خمینی,colloquial,osm
alias_w598524990_9266,place_w598524990,کشتارگاه,old,osm
alias_w599322059_9267,place_w599322059,شکوفه,old,osm
alias_w599391147_9268,place_w599391147,بلوار شهید طهرانی مقدم,colloquial,osm
alias_w599442724_9269,place_w599442724,بلوار سوم خرداد,colloquial,osm
alias_w599751700_9270,place_w599751700,سوم شرقی,colloquial,osm
alias_w600067220_9271,place_w600067220,پل پور درویش,colloquial,osm
alias_w600067220_9272,place_w600067220,پل پوردرویش,colloquial,osm
alias_w600991243_9273,place_w600991243,جمال الدین اسد آبادی,colloquial,osm
alias_w601107485_9274,place_w601107485,بلوار توحید شرقی,colloquial,osm
alias_w601455504_9275,place_w601455504,بلوار پزشک,colloquial,osm
alias_w601839904_9276,place_w601839904,فرحبخش غربی,colloquial,osm
alias_w601907551_9277,place_w601907551,گوشه گابله,old,osm
alias_w602043244_9278,place_w602043244,مختاری,colloquial,osm
alias_w602043247_9279,place_w602043247,حق وردی,colloquial,osm
alias_w602043249_9280,place_w602043249,حق وردی,colloquial,osm
alias_w602241075_9281,place_w602241075,بلوار آزادی,colloquial,osm
alias_w603152787_9282,place_w603152787,خیابان شهید معادی,colloquial,osm
alias_w603753196_9283,place_w603753196,کوچه حاج نجف,colloquial,osm
alias_w605206605_9284,place_w605206605,پارکینگ بیست و دوم,colloquial,osm
alias_w605985977_9285,place_w605985977,اطلسی ۱۰,colloquial,osm
alias_w606370794_9286,place_w606370794,قائم ۲۵,colloquial,osm
alias_w606382222_9287,place_w606382222,گلستان,colloquial,osm
alias_w606817397_9288,place_w606817397,میدان والفجر,spelling,osm
alias_w606818927_9289,place_w606818927,میدان بهزیستی,spelling,osm
alias_w607020683_9290,place_w607020683,بلوار ملت,colloquial,osm
alias_w607020684_9291,place_w607020684,بلوار ملت,colloquial,osm
alias_w607264332_9292,place_w607264332,هشت متری قاضیانی,colloquial,osm
alias_w607723152_9293,place_w607723152,گود خزینه,colloquial,osm
alias_w607730007_9294,place_w607730007,خیابان نیاوران,old,osm
alias_w607730008_9296,place_w607730008,کامرانیه,old,osm
alias_w607730008_9297,place_w607730008,کامرانیه شمالی,colloquial,osm
alias_w608686214_9298,place_w608686214,ناصربهایی,colloquial,osm
alias_w609179395_9299,place_w609179395,گذر افراقلم,colloquial,osm
alias_w609504516_9300,place_w609504516,بلوار شهرداری,old,osm
alias_w609874193_9301,place_w609874193,امیرکبیر,colloquial,osm
alias_w609876473_9302,place_w609876473,شهید سلطانی,colloquial,osm
alias_w609958172_9303,place_w609958172,خیابان شهدای صنعت آب و برق,old,osm
alias_w609958172_9304,place_w609958172,خیابان شهدای آب,colloquial,osm
alias_w609958180_9305,place_w609958180,خیابان شهید مطهری,colloquial,osm
alias_w611121853_9306,place_w611121853,بزرگراه شهید نجاتی,colloquial,osm
alias_w611606927_9307,place_w611606927,بولوار شهدا,old,osm
alias_w611606927_9308,place_w611606927,بولوار شهید قاسم سلیمانی,colloquial,osm
alias_w612264343_9309,place_w612264343,محبی ۲۴,colloquial,osm
alias_w612954336_9310,place_w612954336,ذوالفقار,colloquial,osm
alias_w613360903_9311,place_w613360903,بلوار خلیج فارس,colloquial,osm
alias_w613656265_9312,place_w613656265,خیابان شهید سرتیپ نامجو,colloquial,osm
alias_w613945157_9313,place_w613945157,بزرگراه امام رضا (ع),old,osm
alias_w614282453_9314,place_w614282453,میدان شهید سولقانی,colloquial,osm
alias_w614445676_9315,place_w614445676,سیدی,old,osm
alias_w614447447_9316,place_w614447447,بابانظر ۲۹,colloquial,osm
alias_w614530719_9317,place_w614530719,بلوار لشکرک,old,osm
alias_w614739181_9318,place_w614739181,میدان دانشگاه,colloquial,osm
alias_w614739181_9319,place_w614739181,میدان آزادی,colloquial,osm
alias_w614959677_9320,place_w614959677,زنبیل آباد,colloquial,osm
alias_w614979865_9321,place_w614979865,نسترن ۷,colloquial,osm
alias_w615823394_9322,place_w615823394,ایستگاه دو,colloquial,osm
alias_w617677484_9323,place_w617677484,آبفا,colloquial,osm
alias_w617783843_9324,place_w617783843,کنارگذر لنگرود,colloquial,osm
alias_w617852724_9325,place_w617852724,میدان پرواز,colloquial,osm
alias_w617930031_9326,place_w617930031,راه پیما,old,osm
alias_w618138612_9328,place_w618138612,بلوار شهید مدرسی (هشتم),colloquial,osm
alias_w619022674_9329,place_w619022674,بلوار مقامی,spelling,osm
alias_w619390314_9330,place_w619390314,شیمیایی,colloquial,osm
alias_w619430749_9331,place_w619430749,میدان برج ساعت,colloquial,osm
alias_w621126381_9332,place_w621126381,صدف,colloquial,osm
alias_w621509229_9333,place_w621509229,روشن پور,colloquial,osm
alias_w621962330_9334,place_w621962330,بلوار بعثت,colloquial,osm
alias_w622707413_9335,place_w622707413,بیست متری,colloquial,osm
alias_w622941143_9336,place_w622941143,سلیمی,colloquial,osm
alias_w623737319_9337,place_w623737319,شهدای امنیت,colloquial,osm
alias_w623828019_9338,place_w623828019,خیابان رسالت,colloquial,osm
alias_w625039606_9339,place_w625039606,لاله,colloquial,osm
alias_w625224964_9340,place_w625224964,معین,colloquial,osm
alias_w625585897_9341,place_w625585897,مصدق کاشانی,colloquial,osm
alias_w625585897_9342,place_w625585897,دکتر مصدق,spelling,osm
alias_w625603938_9343,place_w625603938,سیروس,colloquial,osm
alias_w625705471_9344,place_w625705471,هلستان جنوبی,colloquial,osm
alias_w625968544_9345,place_w625968544,بلوار بهارستان,colloquial,osm
alias_w626012340_9346,place_w626012340,شهید جعفرآبادی,colloquial,osm
alias_w626206854_9347,place_w626206854,سیدهاشم موسوی شجری,colloquial,osm
alias_w626239252_9348,place_w626239252,خیابان چالوس,colloquial,osm
alias_w626333218_9349,place_w626333218,حمام سعدی,colloquial,osm
alias_w627871514_9350,place_w627871514,کوی فرهنگ,colloquial,osm
alias_w628269203_9351,place_w628269203,بلوار بیژن,old,osm
alias_w629008877_9352,place_w629008877,نوفل,colloquial,osm
alias_w629015154_9353,place_w629015154,ادیب 3,colloquial,osm
alias_w629615687_9354,place_w629615687,میدان شهید سرلک,spelling,osm
alias_w629857812_9355,place_w629857812,خیابان مهر,colloquial,osm
alias_w630442722_9356,place_w630442722,پل شهید پیران,colloquial,osm
alias_w630442723_9357,place_w630442723,خیابان دارو پخش,old,osm
alias_w630442723_9358,place_w630442723,خیابان شهید نونهال,colloquial,osm
alias_w631272187_9359,place_w631272187,نواب صفوی ۸,spelling,osm
alias_w632073504_9360,place_w632073504,بهشت ۳,colloquial,osm
alias_w632169136_9361,place_w632169136,پهلوی,old,osm
alias_w632170959_9362,place_w632170959,تیر,old,osm
alias_w632174939_9363,place_w632174939,شاهرضا,old,osm
alias_w632178554_9364,place_w632178554,بولوار ملک الشعرا بهار,colloquial,osm
alias_w632178561_9365,place_w632178561,فلکه برق,colloquial,osm
alias_w632430077_9366,place_w632430077,امام خمینی 12,colloquial,osm
alias_w632446219_9367,place_w632446219,ایرانشهر,colloquial,osm
alias_w632570534_9368,place_w632570534,گذر شهید صدر,colloquial,osm
alias_w633374678_9369,place_w633374678,حسین کامران,colloquial,osm
alias_w633576872_9370,place_w633576872,گلبرگ شرقی,colloquial,osm
alias_w633860708_9371,place_w633860708,خیابان وحدت,colloquial,osm
alias_w633860708_9372,place_w633860708,خیابان شهید فخرزاده,colloquial,osm
alias_w633921818_9373,place_w633921818,میدان ثارالله,colloquial,osm
alias_w634158483_9374,place_w634158483,کوی عین دو,colloquial,osm
alias_w634224770_9375,place_w634224770,میدان باغات,colloquial,osm
alias_w634411425_9376,place_w634411425,گرگان به تهران,colloquial,osm
alias_w634411426_9377,place_w634411426,گرگان به تهران,colloquial,osm
alias_w634411427_9378,place_w634411427,گرگان به تهران,colloquial,osm
alias_w634559037_9379,place_w634559037,خیابان شهید شادمان,colloquial,osm
alias_w635349366_9380,place_w635349366,میدان کارگر,colloquial,osm
alias_w635377737_9381,place_w635377737,پل ابوذر,colloquial,osm
alias_w635377738_9382,place_w635377738,پل ابوذر,colloquial,osm
alias_w635470723_9383,place_w635470723,زاویه,colloquial,osm
alias_w636049332_9384,place_w636049332,علائی,colloquial,osm
alias_w636356231_9385,place_w636356231,بزرگراه شهید آنجفی,colloquial,osm
alias_w637080740_9386,place_w637080740,دشتستان ۴,old,osm
alias_w637189590_9387,place_w637189590,میدان ایزدی,colloquial,osm
alias_w638146647_9388,place_w638146647,بهشت بیست وچهارم,colloquial,osm
alias_w638187172_9389,place_w638187172,میدان صدف,colloquial,osm
alias_w638211436_9390,place_w638211436,جاده جهان آباد,old,osm
alias_w638792987_9391,place_w638792987,بزرگراه شهید آنجفی,colloquial,osm
alias_w639116182_9392,place_w639116182,بولوار ولایت,old,osm
alias_w639357935_9393,place_w639357935,خیابان شهید نوعی اقدم,colloquial,osm
alias_w639357936_9394,place_w639357936,خیابان شهید نوعی اقدم,colloquial,osm
alias_w639379582_9395,place_w639379582,شهدای نجف آباد,colloquial,osm
alias_w639421986_9396,place_w639421986,مصلا,colloquial,osm
alias_w639421992_9397,place_w639421992,کمربندی,colloquial,osm
alias_w640460319_9398,place_w640460319,سه راه طعنه,colloquial,osm
alias_w640510686_9399,place_w640510686,خیابان عمار یاسر,colloquial,osm
alias_w640616267_9400,place_w640616267,کنارگذر فتح,colloquial,osm
alias_w641559591_9401,place_w641559591,بلوار ملاصدرا,old,osm
alias_w642809600_9402,place_w642809600,مندلی,colloquial,osm
alias_w642901129_9403,place_w642901129,شهدا,spelling,osm
alias_w643025256_9404,place_w643025256,نورالشهدا,colloquial,osm
alias_w645523483_9405,place_w645523483,سید مرتضی,colloquial,osm
alias_w645527120_9406,place_w645527120,بزرگراه پیامبر اعظم,spelling,osm
alias_w646965877_9407,place_w646965877,میدان گاز,colloquial,osm
alias_w647519822_9408,place_w647519822,شهید نواب صفوی,colloquial,osm
alias_w648007927_9409,place_w648007927,باغ فامیلی,old,osm
alias_w648007927_9410,place_w648007927,شورا _ باغ فامیلی,colloquial,osm
alias_w648022869_9411,place_w648022869,خیام ۱۳,colloquial,osm
alias_w648167657_9412,place_w648167657,بختیار وهاب زاده,colloquial,osm
alias_w648645008_9413,place_w648645008,آزاد غربی,colloquial,osm
alias_w648815935_9414,place_w648815935,عباس آباد,colloquial,osm
alias_w648815936_9415,place_w648815936,عباس آباد,colloquial,osm
alias_w650386432_9416,place_w650386432,ملک,colloquial,osm
alias_w651651575_9417,place_w651651575,گذر مهران عفت نژاد,colloquial,osm
alias_w651950642_9418,place_w651950642,منوچهری,spelling,osm
alias_w653390200_9419,place_w653390200,کمربندی دشتو,colloquial,osm
alias_w653549569_9420,place_w653549569,چهار راه آق قایه,colloquial,osm
alias_w653549569_9421,place_w653549569,میدان مختوم قلی فراغی,spelling,osm
alias_w653579659_9422,place_w653579659,لاله,colloquial,osm
alias_w653631590_9423,place_w653631590,۸.۳۷,colloquial,osm
alias_w653908836_9424,place_w653908836,خیابان کمربندی,colloquial,osm
alias_w654355351_9425,place_w654355351,جهاد سازندگی,colloquial,osm
alias_w654355351_9426,place_w654355351,هپکو,colloquial,osm
alias_w654371157_9427,place_w654371157,۴۵ متری گلشهر,spelling,osm
alias_w656638087_9428,place_w656638087,مقصود بیک,old,osm
alias_w656957648_9430,place_w656957648,آب ۲۵۰,colloquial,osm
alias_w657758177_9431,place_w657758177,پانزده خرداد ۱۶,colloquial,osm
alias_w659360508_9432,place_w659360508,چهار مردان,colloquial,osm
alias_w659360773_9433,place_w659360773,طالقانی ۸۶,colloquial,osm
alias_w659360774_9434,place_w659360774,انقلاب ۳۴,colloquial,osm
alias_w659688760_9435,place_w659688760,گرگان به تهران,colloquial,osm
alias_w660705168_9436,place_w660705168,یاس ۳۱,spelling,osm
alias_w661814291_9437,place_w661814291,گرگان به تهران,colloquial,osm
alias_w661814292_9438,place_w661814292,گرگان به تهران,colloquial,osm
alias_w663353994_9439,place_w663353994,فنس,colloquial,osm
alias_w663855977_9440,place_w663855977,شیمیایی,colloquial,osm
alias_w664291463_9441,place_w664291463,شهید نظری,colloquial,osm
alias_w664881297_9442,place_w664881297,بلوار گلها,colloquial,osm
alias_w665555513_9443,place_w665555513,بلوار امام رضا,colloquial,osm
alias_w666237006_9444,place_w666237006,تخت جمشید,old,osm
alias_w667259063_9445,place_w667259063,بیست متری شرقی,colloquial,osm
alias_w667791439_9446,place_w667791439,میدان حر,colloquial,osm
alias_w667791451_9447,place_w667791451,خیابان ساحلی,colloquial,osm
alias_w667791456_9448,place_w667791456,خیابان ساحلی,colloquial,osm
alias_w667791467_9449,place_w667791467,میدان رفاه,colloquial,osm
alias_w668348843_9450,place_w668348843,فرانسه,old,osm
alias_w668361981_9451,place_w668361981,میدان فرهنگ,colloquial,osm
alias_w668476900_9452,place_w668476900,بلوار میرزا ماذون,colloquial,osm
alias_w668519416_9453,place_w668519416,شهید پرکار,colloquial,osm
alias_w668993856_9454,place_w668993856,فرهنگیان فاز 2 (هجده متری ),colloquial,osm
alias_w669496720_9455,place_w669496720,قدر جنوبی,colloquial,osm
alias_w669982835_9456,place_w669982835,میدان یاس,old,osm
alias_w669982835_9457,place_w669982835,میدان چای بویین,colloquial,osm
alias_w671021633_9458,place_w671021633,بلوار بیدوخوار,colloquial,osm
alias_w671293083_9459,place_w671293083,جاده راه آهن رشت,colloquial,osm
alias_w671293086_9460,place_w671293086,بلوار میرزا کوچک خان,colloquial,osm
alias_w671507393_9461,place_w671507393,خیابان اسماعیل بیگ,old,osm
alias_w671609235_9463,place_w671609235,آنتربوس; اینترپوز,colloquial,osm
alias_w672171762_9464,place_w672171762,دولتی مقدم ۷- چهارده متری هنرستان,colloquial,osm
alias_w672713234_9465,place_w672713234,احسان,old,osm
alias_w672713241_9466,place_w672713241,چمن آرا,old,osm
alias_w672972832_9467,place_w672972832,صیاد 62,colloquial,osm
alias_w673390321_9468,place_w673390321,شهید مطهری غربی,spelling,osm
alias_w673890298_9469,place_w673890298,مصدق,old,osm
alias_w674085524_9470,place_w674085524,خیابان سپه,old,osm
alias_w674085524_9471,place_w674085524,خیابان امام خمینی,spelling,osm
alias_w674236968_9472,place_w674236968,۳۰ متری دوم,colloquial,osm
alias_w674362965_9473,place_w674362965,رضا نیک,colloquial,osm
alias_w675297557_9474,place_w675297557,خیابان جمهوری اسلامی شمالی,colloquial,osm
alias_w675601164_9475,place_w675601164,کوی رودخانه,old,osm
alias_w675601164_9476,place_w675601164,بلوار شهید مهدی فتوحی اردکانی,colloquial,osm
alias_w676012386_9477,place_w676012386,پروفسور مجید سمیعی,colloquial,osm
alias_w676012388_9478,place_w676012388,پروفسور مجید سمیعی,colloquial,osm
alias_w676476895_9479,place_w676476895,خیابان تهران نو,old,osm
alias_w676476895_9480,place_w676476895,خیابان دماوند,spelling,osm
alias_w676661665_9481,place_w676661665,بلوار غدیر ۲,old,osm
alias_w676719506_9482,place_w676719506,عسجدی,colloquial,osm
alias_w676735559_9483,place_w676735559,خیابان قزوین,old,osm
alias_w676735559_9484,place_w676735559,قزوین,colloquial,osm
alias_w676735560_9486,place_w676735560,خیابان قزوین,old,osm
alias_w676735560_9487,place_w676735560,قزوین,colloquial,osm
alias_w676754112_9488,place_w676754112,میرزا کوچک خان,colloquial,osm
alias_w676772582_9489,place_w676772582,رجائی شهر,colloquial,osm
alias_w677010220_9490,place_w677010220,بهشتی 11,colloquial,osm
alias_w677205060_9491,place_w677205060,فـــــرودگـــــاه,colloquial,osm
alias_w678141827_9492,place_w678141827,بزرگراه نیاوران,old,osm
alias_w678141827_9493,place_w678141827,بزرگراه صیاد شیرازی,spelling,osm
alias_w678881990_9494,place_w678881990,کوی ۲۰ متری نفت,colloquial,osm
alias_w678905158_9495,place_w678905158,شصت‌متری,colloquial,osm
alias_w678923915_9496,place_w678923915,۴۵ متری تکاور,colloquial,osm
alias_w679218526_9497,place_w679218526,فرزاد طاهری,colloquial,osm
alias_w679218531_9498,place_w679218531,فرزاد طاهری,colloquial,osm
alias_w679714192_9499,place_w679714192,رازی,colloquial,osm
alias_w679998450_9500,place_w679998450,شهید علی رنجبر,colloquial,osm
alias_w680054575_9501,place_w680054575,شفا,colloquial,osm
alias_w680131044_9502,place_w680131044,حضرت معصومه 34,colloquial,osm
alias_w680132589_9503,place_w680132589,حضرت معصومه 28,colloquial,osm
alias_w680187460_9504,place_w680187460,حضرت معصومه 26,colloquial,osm
alias_w680438567_9505,place_w680438567,پل سنجان,colloquial,osm
alias_w681300614_9506,place_w681300614,میدان توانیر,old,osm
alias_w681318637_9507,place_w681318637,وزرا,old,osm
alias_w681360467_9508,place_w681360467,بلوار آیت الله هاشمی رفسنجانی,old,osm
alias_w682356101_9509,place_w682356101,تخت طاووس,old,osm
alias_w682644935_9511,place_w682644935,خیابان زاد,colloquial,osm
alias_w683631040_9512,place_w683631040,جاده مرودشت سلطان آباد,colloquial,osm
alias_w683638525_9513,place_w683638525,کوثر ۱۴,colloquial,osm
alias_w683645870_9514,place_w683645870,خلبان شهید احمد توکلی,colloquial,osm
alias_w683843612_9515,place_w683843612,بلوار کاج,spelling,osm
alias_w683884700_9516,place_w683884700,خیابان شمیران,old,osm
alias_w683972239_9517,place_w683972239,بلوار توحید شرقی,colloquial,osm
alias_w683972242_9518,place_w683972242,بلوار توحید شرقی,colloquial,osm
alias_w684021040_9519,place_w684021040,شهید مجید صفار مشهدی,colloquial,osm
alias_w684021040_9520,place_w684021040,10 متری عطار,colloquial,osm
alias_w684074592_9521,place_w684074592,بولوار ولایت,old,osm
alias_w684084138_9522,place_w684084138,تخت جمشید,old,osm
alias_w684145690_9523,place_w684145690,بزرگراه شهیاد,old,osm
alias_w684172595_9524,place_w684172595,رشت - لاهیجان,colloquial,osm
alias_w684212197_9525,place_w684212197,بلوار توحید شرقی,colloquial,osm
alias_w684212199_9526,place_w684212199,بلوار توحید غربی,colloquial,osm
alias_w684255328_9527,place_w684255328,بلوار رسالت,colloquial,osm
alias_w684438440_9528,place_w684438440,مزار شهدا,colloquial,osm
alias_w684762375_9529,place_w684762375,بقراط ۱۳,colloquial,osm
alias_w684781257_9530,place_w684781257,میدان شهید حسین پور,colloquial,osm
alias_w684880731_9531,place_w684880731,پیروزی,spelling,osm
alias_w685045187_9532,place_w685045187,ساقدوش,old,osm
alias_w685194454_9533,place_w685194454,بلوار نورمنش,colloquial,osm
alias_w685398001_9534,place_w685398001,شهید محمد رحیم جمالی,colloquial,osm
alias_w685553667_9535,place_w685553667,افسریه,old,osm
alias_w685659872_9537,place_w685659872,افسریه,old,osm
alias_w685797830_9539,place_w685797830,شهید استاد,colloquial,osm
alias_w686182241_9540,place_w686182241,کنارگذر آزادگان,colloquial,osm
alias_w686182248_9541,place_w686182248,کنارگذر آزادگان,colloquial,osm
alias_w686253391_9542,place_w686253391,امام علی,colloquial,osm
alias_w686262063_9543,place_w686262063,امام علی,colloquial,osm
alias_w686500489_9544,place_w686500489,بزرگراه نیاوران,old,osm
alias_w686500489_9545,place_w686500489,بزرگراه صیاد شیرازی,spelling,osm
alias_w686516028_9546,place_w686516028,بزرگراه نیاوران,old,osm
alias_w686516028_9547,place_w686516028,بزرگراه صیاد شیرازی,spelling,osm
alias_w686519760_9548,place_w686519760,بزرگراه نیاوران,old,osm
alias_w686519760_9549,place_w686519760,بزرگراه صیاد شیرازی,spelling,osm
alias_w686535553_9550,place_w686535553,پل شهید حاجی,colloquial,osm
alias_w686685956_9551,place_w686685956,Hengam Blvd,old,osm
alias_w686832279_9552,place_w686832279,کمربندی علی آباد کتول,colloquial,osm
alias_w686852816_9553,place_w686852816,معالی آباد,colloquial,osm
alias_w687389745_9554,place_w687389745,22 Bahman Street,spelling,osm
alias_w687639840_9555,place_w687639840,اتوبان تهران کرج,old,osm
alias_w687719708_9556,place_w687719708,میدان ساعت,colloquial,osm
alias_w687719709_9557,place_w687719709,میدان ساعت,colloquial,osm
alias_w687725791_9558,place_w687725791,صمدو,colloquial,osm
alias_w687927751_9559,place_w687927751,خیابان نیلوفر,colloquial,osm
alias_w688069794_9560,place_w688069794,کنارگذر آزادگان,colloquial,osm
alias_w688316482_9561,place_w688316482,بلوار شهرداری,old,osm
alias_w688316483_9562,place_w688316483,بلوار شهرداری,old,osm
alias_w688322547_9563,place_w688322547,آذر,colloquial,osm
alias_w688498163_9564,place_w688498163,کوچه سینما,colloquial,osm
alias_w688517974_9565,place_w688517974,بزرگراه رسالت,old,osm
alias_w688534292_9566,place_w688534292,بلوار لشکرک,old,osm
alias_w688534293_9567,place_w688534293,بلوار لشکرک,old,osm
alias_w688534336_9568,place_w688534336,بلوار لشکرک,old,osm
alias_w689001692_9569,place_w689001692,مصدق,colloquial,osm
alias_w689001693_9570,place_w689001693,بزرگراه شمال عباس آباد,old,osm
alias_w689001696_9571,place_w689001696,بزرگراه شمال عباس آباد,old,osm
alias_w689223269_9572,place_w689223269,بزرگراه ایوبی,old,osm
alias_w689233060_9573,place_w689233060,بزرگراه ایوبی,old,osm
alias_w689233071_9574,place_w689233071,بزرگراه ایوبی,old,osm
alias_w689258175_9575,place_w689258175,بزرگراه ایوبی,old,osm
alias_w689337289_9576,place_w689337289,بزرگراه ایوبی,old,osm
alias_w689337831_9577,place_w689337831,خیابان اجتماعی,colloquial,osm
alias_w689412720_9578,place_w689412720,بلوار نورمنش,colloquial,osm
alias_w689442354_9579,place_w689442354,دستور,old,osm
alias_w689442354_9580,place_w689442354,نظامی,colloquial,osm
alias_w689545642_9582,place_w689545642,بزرگراه ۱۰۰,old,osm
alias_w689583770_9583,place_w689583770,بلوار فرزان,colloquial,osm
alias_w689924538_9584,place_w689924538,میدان شهید انوری,spelling,osm
alias_w690076040_9585,place_w690076040,بزرگراه ۱۰۰,old,osm
alias_w690366891_9586,place_w690366891,خیابان شمیران,old,osm
alias_w690712089_9587,place_w690712089,میدان درویشی,colloquial,osm
alias_w690811704_9588,place_w690811704,شهناز,old,osm
alias_w690817641_9589,place_w690817641,بوذرجمهری,old,osm
alias_w690848261_9590,place_w690848261,خیابان کوروش,old,osm
alias_w690848261_9591,place_w690848261,چهل متری سیروس,colloquial,osm
alias_w690911301_9592,place_w690911301,رازی,colloquial,osm
alias_w690914131_9593,place_w690914131,خیابان عطایی,colloquial,osm
alias_w690914133_9594,place_w690914133,خیابان عطایی,colloquial,osm
alias_w690915058_9595,place_w690915058,خیابان والی,old,osm
alias_w690915058_9596,place_w690915058,خیابان شهید یسری,colloquial,osm
alias_w691250926_9597,place_w691250926,محمدرضا رشیدی,colloquial,osm
alias_w691250926_9598,place_w691250926,خیابان اراج,colloquial,osm
alias_w692168455_9599,place_w692168455,مستهلک,colloquial,osm
alias_w692205413_9600,place_w692205413,گلخانه,colloquial,osm
alias_w692205424_9601,place_w692205424,گلخانه,colloquial,osm
alias_w692305392_9602,place_w692305392,بزرگراه رسالت جنوبی,old,osm
alias_w692305392_9603,place_w692305392,بزرگراه قاسم سلیمانی,colloquial,osm
alias_w692365952_9604,place_w692365952,خیابان سپه,old,osm
alias_w692365952_9605,place_w692365952,خیابان امام خمینی,spelling,osm
alias_w692365956_9606,place_w692365956,خیابان سپه,old,osm
alias_w692365956_9607,place_w692365956,خیابان امام خمینی,spelling,osm
alias_w693135953_9608,place_w693135953,میدان شهید مصطفی بهادری,colloquial,osm
alias_w693889212_9609,place_w693889212,پل شریعتی,colloquial,osm
alias_w694034024_9610,place_w694034024,جوان,colloquial,osm
alias_w694034078_9611,place_w694034078,جوان,colloquial,osm
alias_w696214322_9612,place_w696214322,میر,colloquial,osm
alias_w696405489_9613,place_w696405489,پل امام حسن مجتبی,colloquial,osm
alias_w696405490_9614,place_w696405490,پل آنا,colloquial,osm
alias_w696614544_9615,place_w696614544,بلوار غدیر 4,colloquial,osm
alias_w697670881_9616,place_w697670881,میرزای شیرازی,colloquial,osm
alias_w698433146_9617,place_w698433146,خیابان شهید اعلمی,colloquial,osm
alias_w699043400_9618,place_w699043400,مجاهد,colloquial,osm
alias_w699047124_9619,place_w699047124,بیستون,colloquial,osm
alias_w699161376_9620,place_w699161376,حاج سمیع,colloquial,osm
alias_w699588557_9621,place_w699588557,بنفشه,colloquial,osm
alias_w699952795_9622,place_w699952795,جاده مخصوص کرج,old,osm
alias_w699952798_9623,place_w699952798,جاده مخصوص کرج,old,osm
alias_w700023401_9624,place_w700023401,فلکه مجسمه,colloquial,osm
alias_w700060314_9625,place_w700060314,خیابان وحدت,old,osm
alias_w700060314_9627,place_w700060314,خیابان شهید فخرزاده,colloquial,osm
alias_w700074893_9628,place_w700074893,ادهم همدانی,colloquial,osm
alias_w700231398_9629,place_w700231398,بلوار کاج,colloquial,osm
alias_w700260849_9630,place_w700260849,جاده مخصوص کرج,colloquial,osm
alias_w700293537_9631,place_w700293537,رضایی,colloquial,osm
alias_w700361739_9632,place_w700361739,جاده قدیم کرج,old,osm
alias_w700361739_9633,place_w700361739,بزرگراه فتح,colloquial,osm
alias_w700621670_9634,place_w700621670,حکما,colloquial,osm
alias_w700623812_9635,place_w700623812,شهید نادری,colloquial,osm
alias_w700630216_9636,place_w700630216,قدر جنوبی,colloquial,osm
alias_w700741079_9637,place_w700741079,بزرگراه نیایش,colloquial,osm
alias_w700778682_9638,place_w700778682,بلوار جمهوری اسلامی,spelling,osm
alias_w700783851_9639,place_w700783851,آزادگان ۳۹,old,osm
alias_w700973567_9640,place_w700973567,فلکه دوم آریاشهر,old,osm
alias_w700973567_9641,place_w700973567,میدان صادقیه,colloquial,osm
alias_w701057799_9642,place_w701057799,آوینی ۱۶,colloquial,osm
alias_w701135199_9643,place_w701135199,اتوبان تهران کرج,old,osm
alias_w701190406_9644,place_w701190406,اتوبان تهران کرج,old,osm
alias_w701190407_9645,place_w701190407,اتوبان تهران کرج,old,osm
alias_w701718238_9646,place_w701718238,بزرگراه ۱۰۰,old,osm
alias_w701768846_9647,place_w701768846,جوانه,colloquial,osm
alias_w701912775_9648,place_w701912775,بلوار خوارزمی,colloquial,osm
alias_w702006534_9649,place_w702006534,گلستان شرقی,old,osm
alias_w702006553_9650,place_w702006553,بلوار پونک باختری,old,osm
alias_w702006554_9651,place_w702006554,فلامک شمالی,old,osm
alias_w702006555_9652,place_w702006555,بلوار پونک باختری,old,osm
alias_w702596686_9653,place_w702596686,امیر کبیر ۳۶,colloquial,osm
alias_w702903396_9654,place_w702903396,بزرگراه شاهنشاهی,old,osm
alias_w702949794_9655,place_w702949794,بزرگراه کمربندی,old,osm
alias_w702949794_9657,place_w702949794,بزرگراه امام حسین,spelling,osm
alias_w702964253_9658,place_w702964253,قاسمیه,colloquial,osm
alias_w703432442_9659,place_w703432442,فلامک جنوبی,old,osm
alias_w703432452_9660,place_w703432452,فلامک شمالی,old,osm
alias_w703498044_9661,place_w703498044,بزرگراه آیت الله کاشانی,old,osm
alias_w703498044_9662,place_w703498044,بلوار آتاتورک,colloquial,osm
alias_w703516957_9663,place_w703516957,بزرگراه شمال عباس آباد,old,osm
alias_w704242295_9664,place_w704242295,۲۰ متری غلامی,colloquial,osm
alias_w704246419_9665,place_w704246419,بزرگراه شاهنشاهی,old,osm
alias_w704288305_9666,place_w704288305,کمینه 5,colloquial,osm
alias_w704288314_9667,place_w704288314,کمینه 13,colloquial,osm
alias_w704432281_9668,place_w704432281,میدان یاسین,colloquial,osm
alias_w705506553_9669,place_w705506553,تقاطع غیرهمسطح شهید مظاهری,colloquial,osm
alias_w705506556_9670,place_w705506556,تقاطع غیرهمسطح شهید مظاهری,colloquial,osm
alias_w706134222_9671,place_w706134222,میدان آزادی,spelling,osm
alias_w706136004_9672,place_w706136004,بزرگراه شهیاد,old,osm
alias_w706136007_9673,place_w706136007,بزرگراه شهیاد,old,osm
alias_w706136012_9674,place_w706136012,بزرگراه شهیاد,old,osm
alias_w706147996_9675,place_w706147996,شهید اصلانی ۲۹,colloquial,osm
alias_w706148002_9676,place_w706148002,سیدی,old,osm
alias_w706310420_9677,place_w706310420,قوخ,colloquial,osm
alias_w706318637_9678,place_w706318637,میدان دکتر عزیزالله الهی,colloquial,osm
alias_w706363338_9679,place_w706363338,انوشیروان دادگر,old,osm
alias_w706363338_9680,place_w706363338,بزرگراه بعثت,colloquial,osm
alias_w706382668_9682,place_w706382668,بزرگراه شهیاد,old,osm
alias_w706388030_9683,place_w706388030,بزرگراه رسالت,old,osm
alias_w706388042_9684,place_w706388042,مسیل جاجرود,old,osm
alias_w706388049_9685,place_w706388049,میدان اطلاعات,old,osm
alias_w706388049_9686,place_w706388049,میدان سیرت نیا,spelling,osm
alias_w706407241_9687,place_w706407241,میدان غیاثی,old,osm
alias_w706424706_9688,place_w706424706,Hengam Blvd,old,osm
alias_w706645956_9689,place_w706645956,بزرگراه رسالت,old,osm
alias_w706654404_9690,place_w706654404,چراغ برق,old,osm
alias_w706654405_9692,place_w706654405,سیروس,old,osm
alias_w707616978_9694,place_w707616978,بلوار ابوطالب,colloquial,osm
alias_w708001434_9695,place_w708001434,میدان شهرداری,colloquial,osm
alias_w708063757_9696,place_w708063757,بلوار شاداب,colloquial,osm
alias_w708190723_9697,place_w708190723,شهید امیری,colloquial,osm
alias_w711233868_9698,place_w711233868,آذر,colloquial,osm
alias_w711568423_9699,place_w711568423,شهدای مدافع حرم,colloquial,osm
alias_w711570482_9700,place_w711570482,حضرت معصومه 7,colloquial,osm
alias_w711582214_9701,place_w711582214,۱۷ شهریور 15,colloquial,osm
alias_w711617528_9702,place_w711617528,شهدای جعفری,colloquial,osm
alias_w711938510_9703,place_w711938510,شهیدان حسینی,colloquial,osm
alias_w711962036_9704,place_w711962036,دیالمه,colloquial,osm
alias_w712460413_9705,place_w712460413,خیابان شهید تختی,colloquial,osm
alias_w712460414_9706,place_w712460414,خیابان شهید تختی,colloquial,osm
alias_w712463431_9707,place_w712463431,میدان شهرداری,colloquial,osm
alias_w712478982_9708,place_w712478982,خیابان آیزنهاور,old,osm
alias_w712478982_9709,place_w712478982,خیابان آزادی,spelling,osm
alias_w712478986_9710,place_w712478986,بزرگراه شهیاد,old,osm
alias_w712574896_9711,place_w712574896,بولوار ایرج میرزا,old,osm
alias_w712612528_9712,place_w712612528,میدان اعدام,old,osm
alias_w712614657_9713,place_w712614657,امین الملک,colloquial,osm
alias_w712614658_9714,place_w712614658,امین الملک,colloquial,osm
alias_w712653675_9715,place_w712653675,انوشیروان دادگر,old,osm
alias_w712653675_9716,place_w712653675,بزرگراه بعثت,colloquial,osm
alias_w712902411_9718,place_w712902411,بلوار امام خمینی,spelling,osm
alias_w715303255_9719,place_w715303255,سید حسن نصرالله,colloquial,osm
alias_w717126835_9720,place_w717126835,میان گذر,colloquial,osm
alias_w717820513_9721,place_w717820513,خیابان کوروش,old,osm
alias_w717820513_9722,place_w717820513,چهل متری سیروس,colloquial,osm
alias_w717820516_9723,place_w717820516,خیابان کوروش,old,osm
alias_w717820516_9724,place_w717820516,چهل متری سیروس,colloquial,osm
alias_w717900004_9725,place_w717900004,فلسطین,colloquial,osm
alias_w720108726_9727,place_w720108726,میدان شهید دریادارهمتی,colloquial,osm
alias_w721054935_9728,place_w721054935,میدان کتاب و قلم,colloquial,osm
alias_w721868039_9729,place_w721868039,خیابان شهید چمران,colloquial,osm
alias_w723377453_9730,place_w723377453,وحدت,colloquial,osm
alias_w723541742_9731,place_w723541742,میدان آزادی,colloquial,osm
alias_w723583090_9732,place_w723583090,روگذر عفرین,colloquial,osm
alias_w723800581_9733,place_w723800581,بلوار قاسم سلیمانی,colloquial,osm
alias_w724030638_9734,place_w724030638,سعیدآباد,colloquial,osm
alias_w725786307_9735,place_w725786307,نبوت,colloquial,osm
alias_w725786308_9736,place_w725786308,نبوت,colloquial,osm
alias_w728301934_9737,place_w728301934,۱۶ متری اکبرآباد,colloquial,osm
alias_w728756767_9738,place_w728756767,رجایی,colloquial,osm
alias_w729783641_9739,place_w729783641,نکاح,colloquial,osm
alias_w729971760_9740,place_w729971760,فرح,old,osm
alias_w730082754_9741,place_w730082754,میدان پارچین,colloquial,osm
alias_w731799627_9742,place_w731799627,شن کش,colloquial,osm
alias_w732104379_9743,place_w732104379,بولوار شهدا,old,osm
alias_w732104379_9744,place_w732104379,بولوار شهید قاسم سلیمانی,colloquial,osm
alias_w732412816_9745,place_w732412816,قاسم چگنی,colloquial,osm
alias_w732730874_9746,place_w732730874,۳۰ متری سینما سعدی,old,osm
alias_w733011444_9747,place_w733011444,خیابان چالوس,colloquial,osm
alias_w733806142_9748,place_w733806142,بلوار دلاوران,old,osm
alias_w733806142_9749,place_w733806142,بلوار شهید علی شادمانی,spelling,osm
alias_w733806674_9750,place_w733806674,۱۳۵,colloquial,osm
alias_w733806675_9751,place_w733806675,۱۳۵ شرقی,colloquial,osm
alias_w733806676_9752,place_w733806676,۱۳۵ شرقی,colloquial,osm
alias_w734118992_9753,place_w734118992,خاک سفید,old,osm
alias_w734118992_9754,place_w734118992,امین,colloquial,osm
alias_w734605330_9755,place_w734605330,موسی بن جعفر,spelling,osm
alias_w736990578_9756,place_w736990578,میدان هنر,colloquial,osm
alias_w737802549_9757,place_w737802549,چهارده معصوم,colloquial,osm
alias_w737838344_9758,place_w737838344,مهدیس,colloquial,osm
alias_w738471196_9759,place_w738471196,پل شهید رحیمی,colloquial,osm
alias_w739484079_9760,place_w739484079,خیابان دکتر شهید سیدحسین فاطمی,old,osm
alias_w739484080_9761,place_w739484080,دکتر فاطمی,colloquial,osm
alias_w739484220_9762,place_w739484220,بولوار معلم - وکیل آباد ۸۳,old,osm
alias_w739507799_9763,place_w739507799,خیابان اقدسیه,old,osm
alias_w739516497_9765,place_w739516497,شهید بابایی,colloquial,osm
alias_w740145974_9766,place_w740145974,کوچه باسکول,colloquial,osm
alias_w740145975_9767,place_w740145975,کوچه باسکول,colloquial,osm
alias_w740644756_9768,place_w740644756,وحیدیه,old,osm
alias_w740742486_9769,place_w740742486,خیابان توحید تهرانپارس,old,osm
alias_w741170067_9770,place_w741170067,غیاثی‌پور,colloquial,osm
alias_w741596603_9771,place_w741596603,زیرگذرشهیدان خادم سیدشهدا,colloquial,osm
alias_w741834228_9772,place_w741834228,زیرگذر کوی نصر,colloquial,osm
alias_w741850220_9773,place_w741850220,سیروس,old,osm
alias_w742729399_9774,place_w742729399,وحدت اسلامی,colloquial,osm
alias_w744246344_9775,place_w744246344,ارس,colloquial,osm
alias_w744871276_9776,place_w744871276,خیابان شهید شکری,colloquial,osm
alias_w746102964_9777,place_w746102964,بابانظر ۱۱,colloquial,osm
alias_w746531219_9778,place_w746531219,اتوبان تهران کرج,old,osm
alias_w746531220_9779,place_w746531220,اتوبان تهران کرج,old,osm
alias_w747524792_9780,place_w747524792,آیت الله نوری,colloquial,osm
alias_w747919829_9781,place_w747919829,دروازه آستارا,old,osm
alias_w747919829_9782,place_w747919829,میدان علی سرباز,colloquial,osm
alias_w747919830_9783,place_w747919830,میدان ایثار,old,osm
alias_w747919830_9784,place_w747919830,میدان شهید جدی,colloquial,osm
alias_w748912324_9785,place_w748912324,دکتر حشمت,colloquial,osm
alias_w749693046_9786,place_w749693046,خیابان خورشید,old,osm
alias_w749704374_9787,place_w749704374,رسولی,colloquial,osm
alias_w749741173_9788,place_w749741173,بلوط,colloquial,osm
alias_w750404837_9789,place_w750404837,راهزان,colloquial,osm
alias_w750425396_9790,place_w750425396,جهرم,colloquial,osm
alias_w750782315_9791,place_w750782315,رنگرزها,colloquial,osm
alias_w752293618_9792,place_w752293618,پل شهید پیران,colloquial,osm
alias_w752293622_9793,place_w752293622,خیابان دارو پخش,old,osm
alias_w752293622_9794,place_w752293622,خیابان شهید نونهال,colloquial,osm
alias_w752307473_9795,place_w752307473,بلوار علی ابن موسی الرضا علیه السلام,colloquial,osm
alias_w752981512_9796,place_w752981512,کوی قدس,colloquial,osm
alias_w753492242_9797,place_w753492242,حسابی مقدم 9,colloquial,osm
alias_w753927352_9798,place_w753927352,سلماس,colloquial,osm
alias_w754090332_9799,place_w754090332,پل غدیر,colloquial,osm
alias_w754090333_9800,place_w754090333,پل غدیر,colloquial,osm
alias_w755280515_9801,place_w755280515,شکوفه,spelling,osm
alias_w755590650_9802,place_w755590650,کمربندی شمالی,colloquial,osm
alias_w755600753_9803,place_w755600753,قلعه نو,colloquial,osm
alias_w755685698_9804,place_w755685698,خیابان ولی عصر,colloquial,osm
alias_w756175120_9805,place_w756175120,پیک دانش,colloquial,osm
alias_w756480693_9806,place_w756480693,خیابان سی متری,colloquial,osm
alias_w757491022_9807,place_w757491022,شهیدان صانعی موفق,colloquial,osm
alias_w757493821_9808,place_w757493821,زنگیان,colloquial,osm
alias_w758521399_9809,place_w758521399,khalilabad,colloquial,osm
alias_w759655099_9810,place_w759655099,جاده چالکیاسر,colloquial,osm
alias_w759791569_9811,place_w759791569,طالبی,old,osm
alias_w759822704_9812,place_w759822704,شهیدجهانی پور,spelling,osm
alias_w760603852_9813,place_w760603852,خیابان سی متری,colloquial,osm
alias_w760603852_9814,place_w760603852,بولوار آیت الله مروج,colloquial,osm
alias_w760935243_9815,place_w760935243,اردیبهشت,colloquial,osm
alias_w762004009_9816,place_w762004009,خیابان شهید مدرس,colloquial,osm
alias_w762321154_9817,place_w762321154,خیابان شهید باکری,colloquial,osm
alias_w762582828_9818,place_w762582828,بولوار شهدا,old,osm
alias_w762582828_9819,place_w762582828,بولوار شهید قاسم سلیمانی,colloquial,osm
alias_w762582835_9820,place_w762582835,بولوار شهدا,old,osm
alias_w762582835_9821,place_w762582835,بولوار شهید قاسم سلیمانی,colloquial,osm
alias_w763227386_9822,place_w763227386,پل پاکنژاد,colloquial,osm
alias_w763227386_9823,place_w763227386,پل شهید بربری,colloquial,osm
alias_w763227388_9824,place_w763227388,پل پاکنژاد,colloquial,osm
alias_w763227388_9825,place_w763227388,پل شهید بربری,colloquial,osm
alias_w763381308_9826,place_w763381308,سی متری دوم دلواری,colloquial,osm
alias_w763650847_9827,place_w763650847,بلوار شهر کرد,spelling,osm
alias_w764329215_9828,place_w764329215,بلوار عباس ورامینی,colloquial,osm
alias_w764329363_9829,place_w764329363,سعید آباد,colloquial,osm
alias_w764339982_9830,place_w764339982,مظاهر,old,osm
alias_w764351379_9831,place_w764351379,اتابک,old,osm
alias_w764351379_9832,place_w764351379,ذوالفقاری,colloquial,osm
alias_w765169383_9833,place_w765169383,میدان علم و ادب,colloquial,osm
alias_w766422825_9834,place_w766422825,میدان پردیس,colloquial,osm
alias_w767377816_9835,place_w767377816,جهاد سازندگی,colloquial,osm
alias_w767377816_9836,place_w767377816,هپکو,colloquial,osm
alias_w768706626_9837,place_w768706626,جهانگیری,colloquial,osm
alias_w769134867_9838,place_w769134867,آسمان,colloquial,osm
alias_w769451044_9839,place_w769451044,نوزده دی 12,colloquial,osm
alias_w769554418_9840,place_w769554418,مطهری ۳۱,colloquial,osm
alias_w769675540_9841,place_w769675540,تونل استاد معین,colloquial,osm
alias_w769675541_9843,place_w769675541,تونل استاد معین,colloquial,osm
alias_w769939849_9845,place_w769939849,خیابان ولی عصر,colloquial,osm
alias_w769939852_9846,place_w769939852,خیابان ولی عصر,colloquial,osm
alias_w770017952_9847,place_w770017952,آهنگ,colloquial,osm
alias_w770017954_9848,place_w770017954,آهنگ,colloquial,osm
alias_w774964227_9849,place_w774964227,زیرگذر کوی نصر,colloquial,osm
alias_w775386892_9850,place_w775386892,جاده قدیم تهران - ساوه,colloquial,osm
alias_w775524166_9851,place_w775524166,اشرفی,colloquial,osm
alias_w776159622_9852,place_w776159622,امام علی,colloquial,osm
alias_w776310234_9853,place_w776310234,چهارراه احمدی,old,osm
alias_w776439401_9854,place_w776439401,پل سپهبد شهید سلیمانی,colloquial,osm
alias_w776658743_9855,place_w776658743,بلور سازی,old,osm
alias_w777212541_9856,place_w777212541,کاشانی,colloquial,osm
alias_w777220168_9857,place_w777220168,بلوار هشت شهریور,colloquial,osm
alias_w777479461_9858,place_w777479461,تلخداش,colloquial,osm
alias_w777629799_9859,place_w777629799,رزم آرا,old,osm
alias_w777629799_9860,place_w777629799,فدائیان اسلام,colloquial,osm
alias_w777901163_9861,place_w777901163,بلوار جانبازان,colloquial,osm
alias_w777934088_9862,place_w777934088,جابر,colloquial,osm
alias_w778195414_9863,place_w778195414,بولود قاراچوغورلو,colloquial,osm
alias_w779299629_9864,place_w779299629,بزرگراه نجفی رستگار,spelling,osm
alias_w779543368_9865,place_w779543368,خیابان احمدی,old,osm
alias_w780096963_9866,place_w780096963,خیابان توحید تهرانپارس,old,osm
alias_w780303689_9867,place_w780303689,میدان راه و ترابری,colloquial,osm
alias_w783535586_9868,place_w783535586,خیابان شهید برزگر,colloquial,osm
alias_w783610687_9869,place_w783610687,خیابان اقدسیه,old,osm
alias_w783617282_9871,place_w783617282,خیابان نیاوران,old,osm
alias_w783749658_9873,place_w783749658,پهلوی,old,osm
alias_w783749658_9874,place_w783749658,ولیعصر,colloquial,osm
alias_w784147826_9875,place_w784147826,فرمانیه,old,osm
alias_w784234964_9877,place_w784234964,فلکه دوم آریاشهر,old,osm
alias_w784234964_9878,place_w784234964,میدان صادقیه,colloquial,osm
alias_w784379893_9879,place_w784379893,بلوار مصطفی خمینی,spelling,osm
alias_w784380055_9880,place_w784380055,بزرگراه شاهنشاهی,old,osm
alias_w784727647_9881,place_w784727647,خیابان نیاوران,old,osm
alias_w785113616_9883,place_w785113616,میدان دانشجو,colloquial,osm
alias_w785217176_9884,place_w785217176,چهل و یکم امام خمینی ۴۱,colloquial,osm
alias_w785506792_9885,place_w785506792,امداد,colloquial,osm
alias_w785781733_9886,place_w785781733,دانشجو ۱,colloquial,osm
alias_w785819317_9887,place_w785819317,بلوار بهارستان,colloquial,osm
alias_w786353755_9888,place_w786353755,هفده متری ملک,colloquial,osm
alias_w787867213_9889,place_w787867213,جاده حسن آباد,colloquial,osm
alias_w790794809_9890,place_w790794809,بز کوهی,colloquial,osm
alias_w792638156_9891,place_w792638156,پل آنا,colloquial,osm
alias_w793412995_9892,place_w793412995,بلوار طاق بستان,colloquial,osm
alias_w793563208_9893,place_w793563208,پاسداران,colloquial,osm
alias_w799272940_9894,place_w799272940,چمران,colloquial,osm
alias_w800385538_9895,place_w800385538,میدان شهید پورجعفر,colloquial,osm
alias_w802658227_9896,place_w802658227,احمد مقدس,colloquial,osm
alias_w805313153_9897,place_w805313153,عدالت 34,colloquial,osm
alias_w807264731_9898,place_w807264731,شهید اباذری,colloquial,osm
alias_w808080768_9899,place_w808080768,بلوار شورا,colloquial,osm
alias_w809996923_9900,place_w809996923,جاده دولت آباد,colloquial,osm
alias_w812398185_9901,place_w812398185,بلوار امیرکبیر,colloquial,osm
alias_w815388217_9902,place_w815388217,بیست وچهارمتری فرهنگیان,colloquial,osm
alias_w815633425_9903,place_w815633425,بلوار شورا,old,osm
alias_w816365335_9904,place_w816365335,پارک,colloquial,osm
alias_w817707698_9905,place_w817707698,میدان جوانان,old,osm
alias_w818251916_9906,place_w818251916,بلوار ولیعصر,colloquial,osm
alias_w819079382_9907,place_w819079382,بلوار شهید سپهبد سلیمانی,colloquial,osm
alias_w822157455_9908,place_w822157455,تابان,colloquial,osm
alias_w822878083_9909,place_w822878083,بزرگراه اردبیل - سراب - تبریز,colloquial,osm
alias_w822878083_9910,place_w822878083,بزرگراه شهید محمدزاده,colloquial,osm
alias_w824680272_9911,place_w824680272,بلوار شهید اندرزگو,spelling,osm
alias_w826063422_9912,place_w826063422,جاده نورعلی بیگ,colloquial,osm
alias_w827549873_9913,place_w827549873,مهرآباد,colloquial,osm
alias_w828350803_9914,place_w828350803,بلوار شهید عباسپور,colloquial,osm
alias_w828350803_9915,place_w828350803,بلوار بهار,colloquial,osm
alias_w828350803_9916,place_w828350803,بلوار عبدالرضا,spelling,osm
alias_w828404892_9917,place_w828404892,بیمه چهارم,old,osm
alias_w828449388_9919,place_w828449388,بدخشان,old,osm
alias_w829931757_9921,place_w829931757,میدان پینارت,colloquial,osm
alias_w831080388_9922,place_w831080388,خیابان اقدسیه,colloquial,osm
alias_w831712649_9923,place_w831712649,خیابان سعد آباد,old,osm
alias_w831712649_9924,place_w831712649,Sa'ad Abad Street,colloquial,osm
alias_w832859532_9925,place_w832859532,شهدا,colloquial,osm
alias_w832897915_9926,place_w832897915,بزرگراه نیاوران,old,osm
alias_w832897915_9927,place_w832897915,بزرگراه صیاد شیرازی,spelling,osm
alias_w832897917_9928,place_w832897917,بزرگراه نیاوران,old,osm
alias_w832897917_9929,place_w832897917,بزرگراه صیاد شیرازی,spelling,osm
alias_w834293637_9930,place_w834293637,بلوار کاج,colloquial,osm
alias_w834293638_9931,place_w834293638,بلوار صدرا,old,osm
alias_w837621507_9932,place_w837621507,جابر,colloquial,osm
alias_w837621509_9933,place_w837621509,جابر,colloquial,osm
alias_w844145877_9934,place_w844145877,تخت جمشید,old,osm
alias_w845278667_9935,place_w845278667,جاده شن‌شویی,colloquial,osm
alias_w846727335_9936,place_w846727335,بلوار ایثارگران,spelling,osm
alias_w851440548_9937,place_w851440548,جاده ساری به قائمشهر,colloquial,osm
alias_w851576019_9938,place_w851576019,خیابان قزوین,old,osm
alias_w851576019_9939,place_w851576019,قزوین,colloquial,osm
alias_w852349611_9940,place_w852349611,خیابان شهید بدری,colloquial,osm
alias_w854305904_9941,place_w854305904,بولوار شهید صیاد شیرازی,colloquial,osm
alias_w854434043_9942,place_w854434043,Beasat 29 St.,spelling,osm
alias_w854829341_9943,place_w854829341,خیابان انبار سیمان,colloquial,osm
alias_w856437628_9944,place_w856437628,فقیه,colloquial,osm
alias_w857152511_9945,place_w857152511,میدان دادگستری,spelling,osm
alias_w857152512_9946,place_w857152512,بلوار عدالت,spelling,osm
alias_w858927249_9947,place_w858927249,بزرگراه آزادگان,colloquial,osm
alias_w859883768_9948,place_w859883768,رودکی 1,colloquial,osm
alias_w860171066_9949,place_w860171066,شهید مفرد,colloquial,osm
alias_w860315365_9950,place_w860315365,۴۵ متری تکاور,colloquial,osm
alias_w860323229_9951,place_w860323229,خیابان کاویانی,old,osm
alias_w860925360_9952,place_w860925360,بلوار ملاصدرا,old,osm
alias_w860925767_9953,place_w860925767,جاوید,colloquial,osm
alias_w861281288_9954,place_w861281288,بلوار فردوسی شمالی,colloquial,osm
alias_w863693573_9955,place_w863693573,خیابان دکتر نایبی,colloquial,osm
alias_w863802934_9956,place_w863802934,بزرگراه آزادگان,colloquial,osm
alias_w864060417_9957,place_w864060417,میدان ولایت,spelling,osm
alias_w866184074_9958,place_w866184074,میرپور,colloquial,osm
alias_w866904470_9959,place_w866904470,ابهری,old,osm
alias_w867966490_9960,place_w867966490,مهاباد,colloquial,osm
alias_w869118727_9961,place_w869118727,امیرآباد,old,osm
alias_w870251544_9962,place_w870251544,گلبرگ غربی,colloquial,osm
alias_w872126151_9963,place_w872126151,میدان فرهنگ,colloquial,osm
alias_w875690512_9964,place_w875690512,خیابان شمیران,old,osm
alias_w876037154_9965,place_w876037154,خیابان آیزنهاور,old,osm
alias_w876037154_9966,place_w876037154,خیابان آزادی,spelling,osm
alias_w876426570_9967,place_w876426570,بلوار خلیج فارس,colloquial,osm
alias_w877404346_9968,place_w877404346,بلوار آزادی,colloquial,osm
alias_w878240509_9969,place_w878240509,شهید سلیمانی,colloquial,osm
alias_w878240512_9970,place_w878240512,شهید سلیمانی,colloquial,osm
alias_w878613724_9971,place_w878613724,خیابان تهران نو,old,osm
alias_w878613724_9972,place_w878613724,خیابان دماوند,spelling,osm
alias_w878613725_9973,place_w878613725,خیابان تهران نو,old,osm
alias_w878613725_9974,place_w878613725,خیابان دماوند,spelling,osm
alias_w878613731_9975,place_w878613731,خیابان تهران نو,old,osm
alias_w878613731_9976,place_w878613731,خیابان دماوند,spelling,osm
alias_w878613732_9977,place_w878613732,خیابان تهران نو,old,osm
alias_w878613732_9978,place_w878613732,خیابان دماوند,spelling,osm
alias_w878613735_9979,place_w878613735,نارمک,old,osm
alias_w878619623_9980,place_w878619623,بلوار فاطمیه,colloquial,osm
alias_w878874476_9981,place_w878874476,شهید بیات,colloquial,osm
alias_w879268495_9982,place_w879268495,بولوار شارستان رضوی,old,osm
alias_w879777238_9983,place_w879777238,۸.۳۷,colloquial,osm
alias_w881194164_9984,place_w881194164,یکم غربی,spelling,osm
alias_w881275735_9985,place_w881275735,وحدت,colloquial,osm
alias_w881535500_9986,place_w881535500,توکلی,colloquial,osm
alias_w882701917_9987,place_w882701917,بزرگراه شهیاد,old,osm
alias_w884051376_9988,place_w884051376,یکصد و بیست و یکم,colloquial,osm
alias_w884218503_9989,place_w884218503,خیابان آیزنهاور,old,osm
alias_w884218503_9990,place_w884218503,خیابان آزادی,spelling,osm
alias_w884218505_9991,place_w884218505,خیابان آیزنهاور,old,osm
alias_w884218505_9992,place_w884218505,خیابان آزادی,spelling,osm
alias_w884308970_9993,place_w884308970,کنارگذر فتح,colloquial,osm
alias_w884308973_9994,place_w884308973,جاده قدیم کرج,old,osm
alias_w884308973_9995,place_w884308973,بزرگراه فتح,colloquial,osm
alias_w884592775_9996,place_w884592775,سعدی,colloquial,osm
alias_w884648003_9997,place_w884648003,حجت الاسلام ابوترابی,colloquial,osm
alias_w885240715_9998,place_w885240715,پیروزی,spelling,osm
alias_w885240730_9999,place_w885240730,فرح آباد,old,osm
alias_w886378895_10000,place_w886378895,شهید محمودلو,colloquial,osm
alias_w888464139_10001,place_w888464139,جاده کارخانه سیمان,colloquial,osm
alias_w888625337_10002,place_w888625337,بلوار صبا,old,osm
alias_w888625337_10003,place_w888625337,بلوار شهید ایرلو,spelling,osm
alias_w888625338_10004,place_w888625338,خیابان شمیران,old,osm
alias_w888847409_10005,place_w888847409,شهید آزموده,colloquial,osm
alias_w888867198_10006,place_w888867198,میدان شهید احمدرضا حاج رحیمی,colloquial,osm
alias_w889909027_10007,place_w889909027,بزرگراه ایوبی,old,osm
alias_w889909029_10008,place_w889909029,بزرگراه ایوبی,old,osm
alias_w890577570_10009,place_w890577570,بزرگراه رسالت,old,osm
alias_w891984401_10010,place_w891984401,خیابان فسارود,colloquial,osm
alias_w892016282_10011,place_w892016282,بزرگراه ایرانپارس,old,osm
alias_w892016283_10012,place_w892016283,بزرگراه ایرانپارس,old,osm
alias_w892649610_10013,place_w892649610,بلوار تعاون,colloquial,osm
alias_w893596532_10014,place_w893596532,بیست متری خیبر جنوبی,colloquial,osm
alias_w893820208_10015,place_w893820208,بزرگراه ایرانپارس,old,osm
alias_w893820210_10016,place_w893820210,بزرگراه ایرانپارس,old,osm
alias_w893820214_10017,place_w893820214,بزرگراه ایرانپارس,old,osm
alias_w893820220_10018,place_w893820220,بزرگراه نیایش,colloquial,osm
alias_w893820221_10019,place_w893820221,بزرگراه نیایش,colloquial,osm
alias_w893890770_10020,place_w893890770,مسجد حضرت ولیعصر,colloquial,osm
alias_w894010135_10021,place_w894010135,بلوار کاشان,old,osm
alias_w895344753_10022,place_w895344753,فلکه دوم آریاشهر,old,osm
alias_w895344753_10023,place_w895344753,میدان صادقیه,colloquial,osm
alias_w895507892_10024,place_w895507892,بزرگراه شاهنشاهی,old,osm
alias_w895975288_10025,place_w895975288,افسریه,old,osm
alias_w895975292_10027,place_w895975292,میدان هفت حوض,old,osm
alias_w895975292_10028,place_w895975292,میدان نبوت,spelling,osm
alias_w896134557_10029,place_w896134557,افسریه,old,osm
alias_w896254966_10031,place_w896254966,مولوی ۱۳,colloquial,osm
alias_w896291674_10032,place_w896291674,فلکه دوم گلشهر,colloquial,osm
alias_w899094771_10033,place_w899094771,میدان شهید بهشتی,colloquial,osm
alias_w901958875_10034,place_w901958875,بزرگراه خاوران,colloquial,osm
alias_w901981498_10035,place_w901981498,گاز,colloquial,osm
alias_w902253529_10036,place_w902253529,بزرگراه رسالت,old,osm
alias_w906988998_10037,place_w906988998,میدان شهدای پِلَک,colloquial,osm
alias_w910969559_10038,place_w910969559,کوی دادگستری,colloquial,osm
alias_w910969560_10039,place_w910969560,کوی دادگستری,colloquial,osm
alias_w912697028_10040,place_w912697028,فرحبخش شرقی,colloquial,osm
alias_w914036145_10041,place_w914036145,دروازه شیراز,colloquial,osm
alias_w914277436_10042,place_w914277436,مصدق کاشانی,colloquial,osm
alias_w914277437_10043,place_w914277437,دروازه تهران,colloquial,osm
alias_w914342361_10044,place_w914342361,خیابان مهدوی,colloquial,osm
alias_w914451578_10045,place_w914451578,خیابان شهید محمدزاده,colloquial,osm
alias_w914593279_10046,place_w914593279,جاده خاش - سراوان,spelling,osm
alias_w915388771_10047,place_w915388771,میدان شهید زاهدی,colloquial,osm
alias_w915731521_10048,place_w915731521,شصت‌متری,colloquial,osm
alias_w915731522_10049,place_w915731522,شصت‌متری,colloquial,osm
alias_w915740616_10050,place_w915740616,جاده دولت آباد,colloquial,osm
alias_w916000427_10051,place_w916000427,افسریه,old,osm
alias_w916116447_10053,place_w916116447,۲۴ متری دوم-شیخ طوسی شرقی,colloquial,osm
alias_w916116448_10054,place_w916116448,پل سرهنگ,colloquial,osm
alias_w916116451_10055,place_w916116451,میدان هفتون,colloquial,osm
alias_w916116460_10056,place_w916116460,میدان عروج,colloquial,osm
alias_w916528114_10057,place_w916528114,میدان ورزش,old,osm
alias_w916528114_10058,place_w916528114,میدان المپیک,colloquial,osm
alias_w916890201_10059,place_w916890201,شاپور قدیم,colloquial,osm
alias_w916931852_10060,place_w916931852,دروازه تهران,colloquial,osm
alias_w916931865_10061,place_w916931865,فلکه ملک شهر,old,osm
alias_w916931865_10062,place_w916931865,فلکه مطهری,colloquial,osm
alias_w917553525_10063,place_w917553525,میدان عاشورا,colloquial,osm
alias_w918198387_10064,place_w918198387,بزرگراه سردار شهید قاسم سلیمانی,colloquial,osm
alias_w918198396_10065,place_w918198396,فلکه استادیوم,colloquial,osm
alias_w919242715_10066,place_w919242715,حجت الاسلام ابوترابی,colloquial,osm
alias_w920900945_10067,place_w920900945,سیمین,colloquial,osm
alias_w920900953_10068,place_w920900953,بزرگراه خیام,colloquial,osm
alias_w920901002_10069,place_w920901002,رباط ۱,colloquial,osm
alias_w921069304_10070,place_w921069304,فرح آباد,old,osm
alias_w921988657_10071,place_w921988657,میدان رفاه,colloquial,osm
alias_w921988660_10072,place_w921988660,میدان رفاه,colloquial,osm
alias_w922390891_10073,place_w922390891,بزرگراه آیت الله کاشانی,old,osm
alias_w922390891_10074,place_w922390891,بلوار آتاتورک,colloquial,osm
alias_w923395940_10075,place_w923395940,پل شهید قاسم سلیمانی,colloquial,osm
alias_w926497064_10076,place_w926497064,سی متری اول,colloquial,osm
alias_w926497067_10077,place_w926497067,علی ایمانی نصب,colloquial,osm
alias_w930797881_10078,place_w930797881,جوانه,colloquial,osm
alias_w930827963_10079,place_w930827963,جناح,colloquial,osm
alias_w935073512_10080,place_w935073512,طالقانی,colloquial,osm
alias_w937491286_10081,place_w937491286,فومن - رشت,colloquial,osm
alias_w937545616_10082,place_w937545616,منتظری,colloquial,osm
alias_w937545617_10083,place_w937545617,منتظری,colloquial,osm
alias_w938444359_10084,place_w938444359,تونل استاد معین,colloquial,osm
alias_w939250123_10086,place_w939250123,قاهر,colloquial,osm
alias_w939331965_10087,place_w939331965,ارغوان,colloquial,osm
alias_w942010552_10088,place_w942010552,بسیج مستضعفین,old,osm
alias_w942010552_10089,place_w942010552,بلوارگریاشان,colloquial,osm
alias_w942029564_10090,place_w942029564,کوی امام رضا,colloquial,osm
alias_w942338815_10091,place_w942338815,سیدی,old,osm
alias_w943264416_10092,place_w943264416,خیابان شمیران,old,osm
alias_w949030425_10093,place_w949030425,شاطریان,colloquial,osm
alias_w950094009_10094,place_w950094009,میدان تلویزیون,colloquial,osm
alias_w951733385_10095,place_w951733385,بلوار مدرس,colloquial,osm
alias_w952049402_10096,place_w952049402,پردیس دانشگاه,spelling,osm
alias_w954608899_10097,place_w954608899,نارمک,old,osm
alias_w954684305_10099,place_w954684305,مرتضوی,colloquial,osm
alias_w956029007_10100,place_w956029007,نسیم 8,colloquial,osm
alias_w958091371_10101,place_w958091371,بلوار سردار شهید قاسم سلیمانی,colloquial,osm
alias_w958736959_10102,place_w958736959,Malek-Abad Square,colloquial,osm
alias_w958938003_10103,place_w958938003,خیابان خواجه ربیع,old,osm
alias_w960803938_10104,place_w960803938,بزرگراه اردبیل - سراب - تبریز,colloquial,osm
alias_w960803938_10105,place_w960803938,بزرگراه شهید محمدزاده,colloquial,osm
alias_w961468666_10106,place_w961468666,بلوار پاسداران,spelling,osm
alias_w961468667_10107,place_w961468667,بلوار پاسداران,spelling,osm
alias_w962262119_10108,place_w962262119,میدان یادگاران,old,osm
alias_w962304573_10109,place_w962304573,فلکه تقی آباد,old,osm
alias_w962304586_10110,place_w962304586,فلکه برق,colloquial,osm
alias_w962304588_10111,place_w962304588,فلکه برق,colloquial,osm
alias_w963168051_10112,place_w963168051,بلوار قدر شمالی,colloquial,osm
alias_w963231500_10113,place_w963231500,خیابان خاکی,old,osm
alias_w963665373_10114,place_w963665373,بالا خیابان,old,osm
alias_w963665373_10115,place_w963665373,خیابان شیرازی,colloquial,osm
alias_w963712544_10116,place_w963712544,توس,colloquial,osm
alias_w963712548_10117,place_w963712548,بولوار ملک الشعرا بهار,colloquial,osm
alias_w963712550_10118,place_w963712550,بولوار ملک الشعرا بهار,colloquial,osm
alias_w963830803_10119,place_w963830803,میدان طاووس,colloquial,osm
alias_w965193357_10120,place_w965193357,خیابان گل ختمی,old,osm
alias_w965516470_10121,place_w965516470,دارایی,colloquial,osm
alias_w965546872_10122,place_w965546872,شهید محمود نوروززاده بیدگلی,colloquial,osm
alias_w965706336_10123,place_w965706336,میدان هفتم آذر,old,osm
alias_w965706342_10124,place_w965706342,میدان هفتم آذر,old,osm
alias_w966754377_10125,place_w966754377,بولوار آب و برق,old,osm
alias_w966954059_10127,place_w966954059,میدان شهید شهباززاده,colloquial,osm
alias_w969710691_10128,place_w969710691,دهه فجر 23,colloquial,osm
alias_w969854752_10129,place_w969854752,میدان منطقه آزاد,colloquial,osm
alias_w969854753_10130,place_w969854753,میدان فرهنگیان,colloquial,osm
alias_w970275057_10131,place_w970275057,فلکه گاراژدارها,colloquial,osm
alias_w970646419_10132,place_w970646419,سعدی,colloquial,osm
alias_w970831832_10133,place_w970831832,میدان سعدآباد,colloquial,osm
alias_w971338592_10134,place_w971338592,بولوار سازمان آب,colloquial,osm
alias_w971616614_10135,place_w971616614,خیابان تهران نو,old,osm
alias_w971616614_10136,place_w971616614,خیابان دماوند,spelling,osm
alias_w971905096_10137,place_w971905096,جاده شن‌شویی,colloquial,osm
alias_w972263879_10138,place_w972263879,بالا خیابان,old,osm
alias_w972263879_10139,place_w972263879,خیابان شیرازی,colloquial,osm
alias_w973554134_10140,place_w973554134,بلوار مهارت,old,osm
alias_w973554134_10141,place_w973554134,بزرگراه شهید آنجفی,colloquial,osm
alias_w974950991_10142,place_w974950991,فلکه گاراژدارها,colloquial,osm
alias_w975172136_10143,place_w975172136,میدان وثوق,colloquial,osm
alias_w975564172_10144,place_w975564172,خیابان شبستان,colloquial,osm
alias_w976376130_10145,place_w976376130,بزرگراه شهید آنجفی,colloquial,osm
alias_w976382756_10146,place_w976382756,شهید کاوه ۱۷ - کشمیری 44,colloquial,osm
alias_w978041771_10147,place_w978041771,چهل متری,colloquial,osm
alias_w979755748_10148,place_w979755748,کمربندی شمالی اراک,colloquial,osm
alias_w980160260_10149,place_w980160260,شکوفه,colloquial,osm
alias_w981520396_10150,place_w981520396,توس ۵۴,colloquial,osm
alias_w987155173_10151,place_w987155173,کوچه شهید فاطمی,colloquial,osm
alias_w988231231_10152,place_w988231231,پل شهید قاسم سلیمانی,colloquial,osm
alias_w988231233_10153,place_w988231233,پل شهید قاسم سلیمانی,colloquial,osm
alias_w988352447_10154,place_w988352447,شهید بابایی,colloquial,osm
alias_w989284718_10155,place_w989284718,سه راه عیدیانی,colloquial,osm
alias_w989284722_10156,place_w989284722,فلکه ایران,colloquial,osm
alias_w989838963_10157,place_w989838963,جاده کارخانه آسفالت شهرداری,colloquial,osm
alias_w989838963_10158,place_w989838963,جاده شن‌شویی,colloquial,osm
alias_w991651881_10159,place_w991651881,روگذر افسران,colloquial,osm
alias_w991764261_10160,place_w991764261,وثوق,old,osm
alias_w991974232_10162,place_w991974232,خیابان آیزنهاور,old,osm
alias_w991974232_10163,place_w991974232,خیابان آزادی,spelling,osm
alias_w992634917_10164,place_w992634917,بزرگراه شهیاد,old,osm
alias_w995159598_10165,place_w995159598,فرحبخش غربی,colloquial,osm
alias_w995219250_10166,place_w995219250,فضل,colloquial,osm
alias_w995219252_10167,place_w995219252,فضل,colloquial,osm
alias_w995219262_10168,place_w995219262,بلوار ادیب,old,osm
alias_w995219263_10169,place_w995219263,بلوار ادیب,old,osm
alias_w996069880_10170,place_w996069880,حمزه سیدالشهدا 7,colloquial,osm
alias_w996118928_10171,place_w996118928,سی‌متری,colloquial,osm
alias_w996118933_10172,place_w996118933,سی‌متری,colloquial,osm
alias_w997676136_10173,place_w997676136,مطهری,colloquial,osm
alias_w997699182_10174,place_w997699182,سه راه عیدیانی,colloquial,osm
alias_w997836705_10175,place_w997836705,پل سنگی,colloquial,osm
alias_w997964993_10176,place_w997964993,پروانه,colloquial,osm
alias_w999899861_10177,place_w999899861,نایب احمد,colloquial,osm
alias_w1001320598_10178,place_w1001320598,بلوار رستاخیز,colloquial,osm
alias_w1001988293_10179,place_w1001988293,میدان شهربانی,colloquial,osm
alias_w1002589794_10180,place_w1002589794,میدان اکسپورت,colloquial,osm
alias_w1004632592_10181,place_w1004632592,۲۴ متری دوم,colloquial,osm
alias_w1005754405_10182,place_w1005754405,بیست‌متری موسوی,colloquial,osm
alias_w1007569007_10183,place_w1007569007,بلوار شهدای جهاد,colloquial,osm
alias_w1007645248_10184,place_w1007645248,جاده نوروزی,colloquial,osm
alias_w1007841122_10185,place_w1007841122,مازیار,colloquial,osm
alias_w1008039532_10186,place_w1008039532,خیابان چی چست,colloquial,osm
alias_w1009953260_10187,place_w1009953260,دور برگردان پارک کودک,colloquial,osm
alias_w1011378513_10188,place_w1011378513,بزرگراه شهید قاسم سلیمانی,colloquial,osm
alias_w1011989746_10189,place_w1011989746,شهید رستمخانی,colloquial,osm
alias_w1012422604_10190,place_w1012422604,شهید خرم صفا,colloquial,osm
alias_w1013695750_10191,place_w1013695750,بزرگراه مدائن,old,osm
alias_w1015718833_10192,place_w1015718833,شهید مطهری جنوبی,colloquial,osm
alias_w1022298604_10193,place_w1022298604,امام خمینی ۳۶,colloquial,osm
alias_w1022479392_10194,place_w1022479392,خیابان شهیدان باقری زنده‌دل,colloquial,osm
alias_w1024821143_10195,place_w1024821143,سعدآباد,old,osm
alias_w1024957522_10197,place_w1024957522,بیمه دوم,old,osm
alias_w1031959930_10199,place_w1031959930,شهید محمودیان,colloquial,osm
alias_w1031959930_10200,place_w1031959930,گلستان هفتم شمالی,colloquial,osm
alias_w1032501966_10201,place_w1032501966,نظام آباد,old,osm
alias_w1032865670_10203,place_w1032865670,مهستان,old,osm
alias_w1033414526_10204,place_w1033414526,ترییت بدنی,colloquial,osm
alias_w1035973406_10205,place_w1035973406,ابوذر,colloquial,osm
alias_w1036765054_10206,place_w1036765054,یکصد و سی و هفتم,colloquial,osm
alias_w1037470497_10207,place_w1037470497,بلوار آزادگان,colloquial,osm
alias_w1040782262_10208,place_w1040782262,Hengam Blvd,old,osm
alias_w1043093375_10209,place_w1043093375,بلوار فرهنگیان فاز دو,colloquial,osm
alias_w1046359641_10210,place_w1046359641,شهید مزار پودینه,colloquial,osm
alias_w1049554928_10211,place_w1049554928,بزرگراه شهیاد,old,osm
alias_w1051199350_10212,place_w1051199350,بلوار کاج,colloquial,osm
alias_w1051230825_10213,place_w1051230825,نایب احمد,colloquial,osm
alias_w1053017582_10214,place_w1053017582,بزرگراه نیاوران,old,osm
alias_w1053017582_10215,place_w1053017582,بزرگراه صیاد شیرازی,spelling,osm
alias_w1054325401_10216,place_w1054325401,مهر,old,osm
alias_w1056349133_10217,place_w1056349133,فرح شمالی,old,osm
alias_w1056371130_10218,place_w1056371130,صبا ۳۰,old,osm
alias_w1058436987_10219,place_w1058436987,دور برگردان پارک کودک,colloquial,osm
alias_w1058531691_10220,place_w1058531691,کاخ,old,osm
alias_w1060071190_10221,place_w1060071190,خیابان دورشهر,colloquial,osm
alias_w1060219181_10222,place_w1060219181,خیابان دولت,old,osm
alias_w1061964052_10224,place_w1061964052,پهلوی,old,osm
alias_w1064518162_10225,place_w1064518162,مشیری,colloquial,osm
alias_w1065401237_10226,place_w1065401237,افسریه سوم,colloquial,osm
alias_w1065907594_10227,place_w1065907594,فتاح غربی,colloquial,osm
alias_w1065907595_10228,place_w1065907595,فتاح غربی,colloquial,osm
alias_w1067458295_10229,place_w1067458295,خرم ۱۴,colloquial,osm
alias_w1067496753_10230,place_w1067496753,بلوار نیلوفر,colloquial,osm
alias_w1067496756_10231,place_w1067496756,بلوار نیلوفر,colloquial,osm
alias_w1067496760_10232,place_w1067496760,بلوار نیلوفر,colloquial,osm
alias_w1068734716_10233,place_w1068734716,بلوار شهدای هوانیروز,colloquial,osm
alias_w1069468982_10234,place_w1069468982,چهارگل,colloquial,osm
alias_w1070842125_10235,place_w1070842125,خیابان کامرانیه,old,osm
alias_w1070842125_10236,place_w1070842125,کامرانیه جنوبی,colloquial,osm
alias_w1070935975_10237,place_w1070935975,آجودانیه,old,osm
alias_w1071333038_10239,place_w1071333038,چراغ برق,old,osm
alias_w1073514880_10241,place_w1073514880,رسالت ۱۲,colloquial,osm
alias_w1074240860_10242,place_w1074240860,هاشم آباد,colloquial,osm
alias_w1075253869_10243,place_w1075253869,دولت آباد,colloquial,osm
alias_w1075901837_10244,place_w1075901837,شهید مرتضی مسیب زاده,colloquial,osm
alias_w1075957926_10245,place_w1075957926,فاز چهار سهند,colloquial,osm
alias_w1075957926_10246,place_w1075957926,بلوار سردار سلیمانی,colloquial,osm
alias_w1076341179_10247,place_w1076341179,رسول فرجی,colloquial,osm
alias_w1076592573_10248,place_w1076592573,بلوار بهشتی,colloquial,osm
alias_w1077444136_10249,place_w1077444136,خیابان فرمانفرما,old,osm
alias_w1077444136_10250,place_w1077444136,کل‌هواس,spelling,osm
alias_w1079095455_10251,place_w1079095455,فرح آباد 6,colloquial,osm
alias_w1079663143_10252,place_w1079663143,تقی زاده,colloquial,osm
alias_w1079663143_10253,place_w1079663143,شهید بهزاد تقی زاده,colloquial,osm
alias_w1080047998_10254,place_w1080047998,خیابان امام خمینی,spelling,osm
alias_w1080749261_10255,place_w1080749261,زیرگذر گلستان شهدا,colloquial,osm
alias_w1081241607_10256,place_w1081241607,بیست متری حیدرآباد,colloquial,osm
alias_w1082161790_10257,place_w1082161790,سرباز,colloquial,osm
alias_w1082276519_10258,place_w1082276519,کمربندی شمالی اراک,colloquial,osm
alias_w1082647106_10259,place_w1082647106,مهدی ۲۳,colloquial,osm
alias_w1082821601_10260,place_w1082821601,خیابان شهید مدرس,colloquial,osm
alias_w1083708113_10261,place_w1083708113,پل ستارخان,colloquial,osm
alias_w1084369758_10262,place_w1084369758,میدان دانشگاه,colloquial,osm
alias_w1084369761_10263,place_w1084369761,بزرگراه سردار شهید قاسم سلیمانی,colloquial,osm
alias_w1084369775_10264,place_w1084369775,میدان عروج,colloquial,osm
alias_w1084369810_10265,place_w1084369810,سبزه میدان,old,osm
alias_w1084369810_10266,place_w1084369810,میدان قیام,colloquial,osm
alias_w1084369811_10267,place_w1084369811,سبزه میدان,old,osm
alias_w1084369811_10268,place_w1084369811,میدان قیام,colloquial,osm
alias_w1084369827_10269,place_w1084369827,زیرگذر گلستان شهدا,colloquial,osm
alias_w1084673771_10270,place_w1084673771,فلکه جوان,colloquial,osm
alias_w1085003380_10271,place_w1085003380,شهید سپهبد صیاد شیرازی,colloquial,osm
alias_w1085740901_10272,place_w1085740901,فلکه ملک شهر,old,osm
alias_w1085740901_10273,place_w1085740901,فلکه مطهری,colloquial,osm
alias_w1085946068_10274,place_w1085946068,اول,colloquial,osm
alias_w1085959328_10275,place_w1085959328,کمربندی جنوب,colloquial,osm
alias_w1085959330_10276,place_w1085959330,کمربندی جنوب,colloquial,osm
alias_w1086267173_10277,place_w1086267173,فلکه ملک شهر,old,osm
alias_w1086267173_10278,place_w1086267173,فلکه مطهری,colloquial,osm
alias_w1087641185_10279,place_w1087641185,ابوذر غربی ۱۳,colloquial,osm
alias_w1087641186_10280,place_w1087641186,ابوذر غربی ۱۳,colloquial,osm
alias_w1088740746_10281,place_w1088740746,بازارچه شهرک چشمه,colloquial,osm
alias_w1092457292_10282,place_w1092457292,درختی,old,osm
alias_w1093017469_10283,place_w1093017469,اتوبان اصلی کیانشهر,colloquial,osm
alias_w1094045755_10284,place_w1094045755,18 متری نشاط,colloquial,osm
alias_w1095572482_10285,place_w1095572482,جاده کوه خضر به جمکران,colloquial,osm
alias_w1097478373_10286,place_w1097478373,بلوار سعدی غربی,old,osm
alias_w1099428303_10287,place_w1099428303,میدان آبشار,old,osm
alias_w1099614778_10288,place_w1099614778,عدالت,colloquial,osm
alias_w1101478427_10289,place_w1101478427,خیابان ناسیونال,old,osm
alias_w1101651534_10290,place_w1101651534,بلوار ایثار جنوبی,old,osm
alias_w1102306711_10291,place_w1102306711,پل لشکرآباد,colloquial,osm
alias_w1103430929_10292,place_w1103430929,خیابان شهید سیدفاطمی,colloquial,osm
alias_w1105694380_10293,place_w1105694380,شهدای محمدآباد,spelling,osm
alias_w1105762026_10294,place_w1105762026,مدرس 14,colloquial,osm
alias_w1106381295_10295,place_w1106381295,شهدا مکه,spelling,osm
alias_w1106398223_10296,place_w1106398223,شهید محمد حسین فهمیده,colloquial,osm
alias_w1108157821_10297,place_w1108157821,باغشمال جدید,colloquial,osm
alias_w1108157822_10298,place_w1108157822,باغشمال جدید,colloquial,osm
alias_w1111252474_10299,place_w1111252474,بلوار دکتر شریعتی,colloquial,osm
alias_w1112355632_10300,place_w1112355632,بلوار دانشگاه شمالی,old,osm
alias_w1115016791_10301,place_w1115016791,بزرگراه اردبیل - سراب - تبریز,colloquial,osm
alias_w1115016792_10302,place_w1115016792,زیر گذر نیایش,colloquial,osm
alias_w1115016793_10303,place_w1115016793,بزرگراه اردبیل - سراب - تبریز,colloquial,osm
alias_w1116505514_10304,place_w1116505514,طبرسی ۴,colloquial,osm
alias_w1117751080_10305,place_w1117751080,جلفا,colloquial,osm
alias_w1119105439_10306,place_w1119105439,میدان علامه جعفری,colloquial,osm
alias_w1119710621_10307,place_w1119710621,میدان کتابی,old,osm
alias_w1119867741_10308,place_w1119867741,خیابان شهید سیدفاطمی,colloquial,osm
alias_w1122220664_10309,place_w1122220664,میدان پیروزان,old,osm
alias_w1122220664_10310,place_w1122220664,میدان پرسپولیس,spelling,osm
alias_w1124756778_10311,place_w1124756778,میدان آزادگان,colloquial,osm
alias_w1126227111_10312,place_w1126227111,بلوار ولیعصر,colloquial,osm
alias_w1126227112_10313,place_w1126227112,بلوار ولیعصر,colloquial,osm
alias_w1126432774_10314,place_w1126432774,اخلاص,colloquial,osm
alias_w1126733826_10315,place_w1126733826,حاج کمک جعفربای,spelling,osm
alias_w1127432442_10316,place_w1127432442,میدان هفتون,colloquial,osm
alias_w1127484281_10317,place_w1127484281,سبزه میدان,old,osm
alias_w1127484281_10318,place_w1127484281,میدان قیام,colloquial,osm
alias_w1128328343_10319,place_w1128328343,میدان هفتون,colloquial,osm
alias_w1131948180_10320,place_w1131948180,میدان حجت آباد,colloquial,osm
alias_w1133362954_10321,place_w1133362954,رشت - فومن,colloquial,osm
alias_w1133978673_10322,place_w1133978673,هلال احمر,colloquial,osm
alias_w1133978674_10323,place_w1133978674,هلال احمر,colloquial,osm
alias_w1135873250_10324,place_w1135873250,سرو گل,colloquial,osm
alias_w1136373393_10325,place_w1136373393,خیابان صایب تبریزی.پاییز ۷,colloquial,osm
alias_w1136418884_10326,place_w1136418884,امام خمینی 39,colloquial,osm
alias_w1137213970_10327,place_w1137213970,کاشان - نوش آباد,colloquial,osm
alias_w1138237009_10328,place_w1138237009,مطهری,colloquial,osm
alias_w1138237081_10329,place_w1138237081,40 متری,colloquial,osm
alias_w1145226732_10330,place_w1145226732,بلوار جام جم,colloquial,osm
alias_w1145616692_10331,place_w1145616692,جاده خزرآباد - ساری,colloquial,osm
alias_w1146424200_10332,place_w1146424200,جاده قائمشهر به ساری,colloquial,osm
alias_w1146460919_10333,place_w1146460919,میدان پینارت,colloquial,osm
alias_w1147545689_10334,place_w1147545689,میدان شهدای لبنان,colloquial,osm
alias_w1149819798_10335,place_w1149819798,سلماس,colloquial,osm
alias_w1149978736_10336,place_w1149978736,دروازه دولت,colloquial,osm
alias_w1150881582_10338,place_w1150881582,علی اکبر عربی,colloquial,osm
alias_w1157584776_10339,place_w1157584776,حافظ,colloquial,osm
alias_w1157584777_10340,place_w1157584777,حافظ,colloquial,osm
alias_w1162405809_10341,place_w1162405809,کمربندی نه دی,colloquial,osm
alias_w1162438729_10342,place_w1162438729,میدان استاد شهریار,colloquial,osm
alias_w1162544364_10343,place_w1162544364,بزرگراه آزادگان,colloquial,osm
alias_w1163360845_10344,place_w1163360845,بلوار نیروگاه,colloquial,osm
alias_w1163566992_10345,place_w1163566992,آبرسانی,colloquial,osm
alias_w1163566996_10346,place_w1163566996,آبرسانی,colloquial,osm
alias_w1167558750_10347,place_w1167558750,سروش جنگل,colloquial,osm
alias_w1167558750_10348,place_w1167558750,سی متری دوم,colloquial,osm
alias_w1167558752_10349,place_w1167558752,سی متری دوم,colloquial,osm
alias_w1167558755_10350,place_w1167558755,23 رسالت,colloquial,osm
alias_w1167558756_10351,place_w1167558756,سی متری اول,colloquial,osm
alias_w1172500948_10352,place_w1172500948,جاده قدیم کرج,old,osm
alias_w1172500948_10353,place_w1172500948,بزرگراه فتح,colloquial,osm
alias_w1172500952_10354,place_w1172500952,کنارگذر فتح,colloquial,osm
alias_w1175186306_10355,place_w1175186306,رشت - خمام,colloquial,osm
alias_w1175186306_10356,place_w1175186306,بلوار آستراخان,colloquial,osm
alias_w1175186308_10357,place_w1175186308,رشت - خمام,colloquial,osm
alias_w1175186308_10358,place_w1175186308,بلوار آستراخان,colloquial,osm
alias_w1175186692_10359,place_w1175186692,خمام - رشت,colloquial,osm
alias_w1175186692_10360,place_w1175186692,بلوار آستراخان,colloquial,osm
alias_w1175621784_10361,place_w1175621784,کوثر,colloquial,osm
alias_w1177652474_10362,place_w1177652474,جاده کوهک,colloquial,osm
alias_w1177825113_10363,place_w1177825113,استقامت دوم,colloquial,osm
alias_w1177970098_10364,place_w1177970098,قانی کهنه,old,osm
alias_w1180037049_10365,place_w1180037049,کمربندی شمالی اراک,colloquial,osm
alias_w1180375675_10366,place_w1180375675,اسپریس,colloquial,osm
alias_w1180604741_10367,place_w1180604741,بیست متری خیبر شمالی,colloquial,osm
alias_w1181219974_10368,place_w1181219974,مشیر فاطمی,old,osm
alias_w1183963107_10369,place_w1183963107,هشت متری باغ نارنج,colloquial,osm
alias_w1184840947_10370,place_w1184840947,فلکه اول شهران,colloquial,osm
alias_w1184990711_10371,place_w1184990711,دروازه شیراز,colloquial,osm
alias_w1185083465_10372,place_w1185083465,میرزا کوچک خان,colloquial,osm
alias_w1185265143_10373,place_w1185265143,میدان هسا,colloquial,osm
alias_w1185265154_10374,place_w1185265154,سردار کمالی,colloquial,osm
alias_w1185265373_10375,place_w1185265373,خیابان جهان‌پهلوان رضا‌زاده,colloquial,osm
alias_w1187018761_10376,place_w1187018761,قزوین - رشت,colloquial,osm
alias_w1188259794_10377,place_w1188259794,شهدای مظفر,colloquial,osm
alias_w1189607023_10378,place_w1189607023,بلوار آزادگان,colloquial,osm
alias_w1190391380_10379,place_w1190391380,بلوار بولوار,colloquial,osm
alias_w1190391381_10380,place_w1190391381,بلوار روزبهان,colloquial,osm
alias_w1190391383_10381,place_w1190391383,بلوار معلم,colloquial,osm
alias_w1191758152_10382,place_w1191758152,حاجی‌آباد,colloquial,osm
alias_w1191758153_10383,place_w1191758153,حاجی‌آباد,colloquial,osm
alias_w1193131467_10384,place_w1193131467,مشیر فاطمی,old,osm
alias_w1193269967_10385,place_w1193269967,کشاورزی شمالی ۱۴,colloquial,osm
alias_w1193844394_10386,place_w1193844394,فلکه ملک شهر,old,osm
alias_w1193844394_10387,place_w1193844394,فلکه مطهری,colloquial,osm
alias_w1194095684_10388,place_w1194095684,میدان اقدسیه,colloquial,osm
alias_w1194095686_10389,place_w1194095686,میدان اقدسیه,colloquial,osm
alias_w1194209354_10390,place_w1194209354,خيابان رحمت آباد,colloquial,osm
alias_w1194211199_10391,place_w1194211199,رهنان,colloquial,osm
alias_w1194922922_10392,place_w1194922922,بیست متری سعدی,colloquial,osm
alias_w1197430553_10393,place_w1197430553,فرهنگ شهر,colloquial,osm
alias_w1198051521_10394,place_w1198051521,کنارگذر شهید همدانی,colloquial,osm
alias_w1198552422_10395,place_w1198552422,اتوبان تهران کرج,old,osm
alias_w1201024814_10396,place_w1201024814,رشت - قزوین,colloquial,osm
alias_w1202474197_10397,place_w1202474197,بیمارستان,colloquial,osm
alias_w1202784732_10398,place_w1202784732,معالی ٱباد,old,osm
alias_w1202784732_10400,place_w1202784732,معالی آباد,colloquial,osm
alias_w1203102042_10401,place_w1203102042,مزدوری ۱۲,colloquial,osm
alias_w1203269864_10402,place_w1203269864,طالقانی,old,osm
alias_w1203825668_10403,place_w1203825668,شاپور,old,osm
alias_w1203825668_10404,place_w1203825668,شاهپور,colloquial,osm
alias_w1203883347_10406,place_w1203883347,بزرگراه شاهنشاهی,old,osm
alias_w1203883348_10407,place_w1203883348,بزرگراه شاهنشاهی,old,osm
alias_w1203916943_10408,place_w1203916943,میدان اعدام,old,osm
alias_w1203916944_10409,place_w1203916944,میدان اعدام,old,osm
alias_w1205885037_10410,place_w1205885037,بلوار فرح,old,osm
alias_w1206359128_10411,place_w1206359128,خیابان شبهای رنگی,colloquial,osm
alias_w1208243582_10412,place_w1208243582,گذر فرخ,old,osm
alias_w1208421452_10413,place_w1208421452,خیابان عطار,colloquial,osm
alias_w1210720088_10414,place_w1210720088,امام زمان,colloquial,osm
alias_w1212433404_10415,place_w1212433404,خیابان شهید چمران,colloquial,osm
alias_w1213284607_10416,place_w1213284607,یاوران غربی,colloquial,osm
alias_w1214790906_10417,place_w1214790906,بلوار طلائیه,colloquial,osm
alias_w1214790910_10418,place_w1214790910,بلوار طلائیه,colloquial,osm
alias_w1214790912_10419,place_w1214790912,بلوار طلائیه,colloquial,osm
alias_w1215422979_10420,place_w1215422979,اتوبان تهران کرج,old,osm
alias_w1215422980_10421,place_w1215422980,اتوبان تهران کرج,old,osm
alias_w1215422981_10422,place_w1215422981,اتوبان تهران کرج,old,osm
alias_w1215422982_10423,place_w1215422982,اتوبان تهران کرج,old,osm
alias_w1216108027_10424,place_w1216108027,بلوار اطبا,colloquial,osm
alias_w1216108027_10425,place_w1216108027,بلوار بندر,spelling,osm
alias_w1216508575_10426,place_w1216508575,بلوار بهارستان غربی,colloquial,osm
alias_w1217492222_10427,place_w1217492222,بلوار قهرمانان,colloquial,osm
alias_w1217492227_10428,place_w1217492227,همت شمالی,old,osm
alias_w1217509101_10429,place_w1217509101,کمربندی شیراز1,spelling,osm
alias_w1217509130_10430,place_w1217509130,کمربندی شیراز1,spelling,osm
alias_w1218596244_10431,place_w1218596244,زرهی,old,osm
alias_w1219934411_10432,place_w1219934411,کوی کوثر,colloquial,osm
alias_w1219945487_10433,place_w1219945487,کمربندی شیراز1,spelling,osm
alias_w1219945494_10434,place_w1219945494,کمربندی شیراز1,spelling,osm
alias_w1221757400_10435,place_w1221757400,هفده شهریور۱۶,colloquial,osm
alias_w1222707114_10436,place_w1222707114,بلوار بی بی مریم بختیاری,colloquial,osm
alias_w1226989645_10437,place_w1226989645,خیابان تاج,old,osm
alias_w1228020039_10438,place_w1228020039,جاده دولت آباد,colloquial,osm
alias_w1228570974_10439,place_w1228570974,استاد سید مهدی چیتی,old,osm
alias_w1228570974_10440,place_w1228570974,گلسرخ 28,colloquial,osm
alias_w1228570976_10441,place_w1228570976,استاد سید مهدی چیتی,old,osm
alias_w1228570976_10442,place_w1228570976,گلسرخ 28,colloquial,osm
alias_w1228570977_10443,place_w1228570977,استاد سید مهدی چیتی,old,osm
alias_w1228570977_10444,place_w1228570977,گلسرخ 28,colloquial,osm
alias_w1228875387_10445,place_w1228875387,معالی ٱباد,old,osm
alias_w1228875387_10447,place_w1228875387,معالی آباد,colloquial,osm
alias_w1229874761_10448,place_w1229874761,معلم,colloquial,osm
alias_w1230285073_10449,place_w1230285073,دیالمه,colloquial,osm
alias_w1231392410_10450,place_w1231392410,بلوار الیزابت دوم,old,osm
alias_w1232388572_10451,place_w1232388572,تخت طاووس,old,osm
alias_w1232388576_10453,place_w1232388576,روزولت,old,osm
alias_w1233571733_10454,place_w1233571733,عباسی,old,osm
alias_w1234559294_10455,place_w1234559294,مرتضی محمدی,colloquial,osm
alias_w1234572024_10456,place_w1234572024,ساسان,old,osm
alias_w1235867743_10457,place_w1235867743,مهاجرین,old,osm
alias_w1236016129_10458,place_w1236016129,رسالت ۶,colloquial,osm
alias_w1237775164_10459,place_w1237775164,سی متری جی,colloquial,osm
alias_w1239159264_10460,place_w1239159264,شهدای نجف آباد,colloquial,osm
alias_w1239159276_10461,place_w1239159276,خیابان دکتر اسلامی ندوشن,colloquial,osm
alias_w1239560177_10462,place_w1239560177,فجر ۵۸,colloquial,osm
alias_w1239560178_10463,place_w1239560178,شهید صفرعلی طاهری,colloquial,osm
alias_w1240420817_10464,place_w1240420817,بلوار 60 متری,colloquial,osm
alias_w1240420818_10465,place_w1240420818,بلوار 60 متری,colloquial,osm
alias_w1241757874_10466,place_w1241757874,قلعه مرغی,old,osm
alias_w1241937502_10468,place_w1241937502,شاه,old,osm
alias_w1243618469_10469,place_w1243618469,۴۳متری,colloquial,osm
alias_w1244061671_10470,place_w1244061671,بلوار استقلال شمالی,spelling,osm
alias_w1249434103_10471,place_w1249434103,خیابان اسماعیل بیگ,old,osm
alias_w1249470839_10473,place_w1249470839,خیابان والی,old,osm
alias_w1249470839_10474,place_w1249470839,خیابان شهید یسری,colloquial,osm
alias_w1252212178_10475,place_w1252212178,جاده روستای قپچاق,colloquial,osm
alias_w1254832045_10476,place_w1254832045,پل شهید حاجی,colloquial,osm
alias_w1254832046_10477,place_w1254832046,بزرگراه شمال عباس آباد,old,osm
alias_w1255994848_10478,place_w1255994848,آق تپه,colloquial,osm
alias_w1259593388_10479,place_w1259593388,بلوار دانشگاه بین‌المللی امام خمینی,colloquial,osm
alias_w1259641218_10480,place_w1259641218,بلوار موج,colloquial,osm
alias_w1263670280_10481,place_w1263670280,سامت,colloquial,osm
alias_w1265872722_10482,place_w1265872722,مطهری 44,colloquial,osm
alias_w1268951159_10483,place_w1268951159,شهید گلی 4,colloquial,osm
alias_w1270809953_10484,place_w1270809953,طالقانی,colloquial,osm
alias_w1271098781_10485,place_w1271098781,شالیکوبی,colloquial,osm
alias_w1273643787_10486,place_w1273643787,خیابان تهران نو,old,osm
alias_w1273643787_10487,place_w1273643787,خیابان دماوند,spelling,osm
alias_w1274252013_10488,place_w1274252013,خیابان اقدسیه,old,osm
alias_w1274252016_10490,place_w1274252016,خیابان اقدسیه,old,osm
alias_w1274909988_10492,place_w1274909988,میدان الغدیر,spelling,osm
alias_w1275058697_10493,place_w1275058697,سی متری جی,old,osm
alias_w1275320340_10494,place_w1275320340,میدان باغ شاه,old,osm
alias_w1275320346_10495,place_w1275320346,کمالی,colloquial,osm
alias_w1277543135_10496,place_w1277543135,جاده مخصوص کرج,old,osm
alias_w1277543137_10497,place_w1277543137,جاده مخصوص کرج,old,osm
alias_w1278096898_10498,place_w1278096898,خیابان عباس آباد,old,osm
alias_w1278096898_10499,place_w1278096898,عباس آباد,colloquial,osm
alias_w1278176740_10500,place_w1278176740,خیابان تهران نو,old,osm
alias_w1278176740_10501,place_w1278176740,خیابان دماوند,spelling,osm
alias_w1278186083_10502,place_w1278186083,مسیل جاجرود,old,osm
alias_w1278615270_10503,place_w1278615270,میدان ثریا,old,osm
alias_w1278615270_10504,place_w1278615270,میدان گرگان,colloquial,osm
alias_w1278615270_10505,place_w1278615270,میدان موسی نامجو,spelling,osm
alias_w1278718425_10506,place_w1278718425,شهناز,old,osm
alias_w1280385306_10507,place_w1280385306,خیابان وحدت,old,osm
alias_w1280385306_10509,place_w1280385306,خیابان شهید فخرزاده,colloquial,osm
alias_w1280491994_10510,place_w1280491994,سلمان,colloquial,osm
alias_w1280563085_10511,place_w1280563085,خیابان گلها,old,osm
alias_w1280563085_10512,place_w1280563085,خیابان شهرداری,colloquial,osm
alias_w1281380972_10513,place_w1281380972,بلوار شهید سلگی,colloquial,osm
alias_w1281894294_10514,place_w1281894294,بزرگراه مقدم,colloquial,osm
alias_w1282132468_10515,place_w1282132468,Hengam Blvd,old,osm
alias_w1282136211_10516,place_w1282136211,شهدای گل,colloquial,osm
alias_w1282376838_10517,place_w1282376838,خیابان تهران نو,old,osm
alias_w1282376838_10518,place_w1282376838,خیابان دماوند,spelling,osm
alias_w1282376843_10519,place_w1282376843,مسیل باختر,colloquial,osm
alias_w1283209128_10520,place_w1283209128,بلوار بهشتی,colloquial,osm
alias_w1284692045_10521,place_w1284692045,باغشمال جدید,colloquial,osm
alias_w1287313993_10522,place_w1287313993,خیابان سی متری,colloquial,osm
alias_w1287313993_10523,place_w1287313993,بولوار آیت الله مروج,colloquial,osm
alias_w1287387871_10524,place_w1287387871,فیشرآباد,old,osm
alias_w1288953723_10525,place_w1288953723,اتوبان تهران کرج,old,osm
alias_w1288967978_10526,place_w1288967978,بلوار شهدا,old,osm
alias_w1288967978_10527,place_w1288967978,بلوار شهید قاسم سلیمانی,colloquial,osm
alias_w1288967979_10528,place_w1288967979,بلوار شهدا,old,osm
alias_w1288967979_10529,place_w1288967979,بلوار شهید قاسم سلیمانی,colloquial,osm
alias_w1288967980_10530,place_w1288967980,بلوار شهدا,old,osm
alias_w1288967980_10531,place_w1288967980,بلوار شهید قاسم سلیمانی,colloquial,osm
alias_w1289407125_10532,place_w1289407125,بهار شرقی,old,osm
alias_w1289571624_10533,place_w1289571624,بزرگراه شمال عباس آباد,old,osm
alias_w1290054157_10534,place_w1290054157,سراج,old,osm
alias_w1290462866_10535,place_w1290462866,آریانا,old,osm
alias_w1290847112_10536,place_w1290847112,اتوبان تهران کرج,old,osm
alias_w1290852060_10537,place_w1290852060,بلوار ۳۵ متری آبشار,old,osm
alias_w1293103420_10539,place_w1293103420,بزرگراه شمال عباس آباد,old,osm
alias_w1294946990_10540,place_w1294946990,بزرگراه نیایش,colloquial,osm
alias_w1295018927_10541,place_w1295018927,مجدم,colloquial,osm
alias_w1298081574_10542,place_w1298081574,زیر گذر نیایش,colloquial,osm
alias_w1300151359_10543,place_w1300151359,نواب صفوی 20,colloquial,osm
alias_w1300519749_10544,place_w1300519749,پل روگذر سرلشکر شهید ضیاءالدین ذاکر,old,osm
alias_w1300519749_10545,place_w1300519749,پل شهید رئیسی,colloquial,osm
alias_w1301278884_10546,place_w1301278884,خیابان دکتر نایبی,colloquial,osm
alias_w1302377289_10547,place_w1302377289,رجائی شهر,colloquial,osm
alias_w1304608503_10548,place_w1304608503,بلوار کوهک,colloquial,osm
alias_w1305995786_10549,place_w1305995786,بلوار شهید نواب صفوی,spelling,osm
alias_w1308759833_10550,place_w1308759833,خمام - رشت,colloquial,osm
alias_w1308759833_10551,place_w1308759833,بلوار آستراخان,colloquial,osm
alias_w1308982277_10552,place_w1308982277,۳۰متری امامشهر,colloquial,osm
alias_w1311193543_10553,place_w1311193543,خیابان شهید باکری,colloquial,osm
alias_w1314590161_10554,place_w1314590161,بولوار شارستان رضوی,old,osm
alias_w1314630900_10555,place_w1314630900,مصدق,colloquial,osm
alias_w1315123662_10556,place_w1315123662,میدان وارش,colloquial,osm
alias_w1315471818_10557,place_w1315471818,بلوار باباجانیان,colloquial,osm
alias_w1315486808_10558,place_w1315486808,مهر جنوبی,colloquial,osm
alias_w1318337697_10559,place_w1318337697,میدان آبای,spelling,osm
alias_w1319561279_10560,place_w1319561279,قائمشهر - جویبار,colloquial,osm
alias_w1322159483_10561,place_w1322159483,فرشچیان,colloquial,osm
alias_w1326193575_10562,place_w1326193575,شاکر ۱۰,colloquial,osm
alias_w1327449266_10563,place_w1327449266,منوچهرزنگنه- جاده بنه سهراب,colloquial,osm
alias_w1330842140_10564,place_w1330842140,میدان پردیس,colloquial,osm
alias_w1330860946_10565,place_w1330860946,بلوار ملت,colloquial,osm
alias_w1330896992_10566,place_w1330896992,یکصد و سی و هفتم,colloquial,osm
alias_w1332827876_10567,place_w1332827876,بلوار انقلاب اسلامی,colloquial,osm
alias_w1332827876_10568,place_w1332827876,بلوار علامه مطهری,colloquial,osm
alias_w1333215913_10569,place_w1333215913,کنارگذر آزادگان,colloquial,osm
alias_w1333444218_10570,place_w1333444218,جاده شهرکیان - بهرام آباد,colloquial,osm
alias_w1336656056_10571,place_w1336656056,دوراه همدان,old,osm
alias_w1337981698_10572,place_w1337981698,حجاب 2,old,osm
alias_w1348671675_10573,place_w1348671675,خیابان مثنوی,colloquial,osm
alias_w1350634711_10574,place_w1350634711,آب ۲۵۰,colloquial,osm
alias_w1355281124_10575,place_w1355281124,چهارم غربی,spelling,osm
alias_w1374804940_10576,place_w1374804940,چهارراه دولت,colloquial,osm
alias_w1376095084_10577,place_w1376095084,عشایری,colloquial,osm
alias_w1376400106_10578,place_w1376400106,میدان عشرت آباد,old,osm
alias_w1382308201_10580,place_w1382308201,بلوار اوشان,colloquial,osm
alias_w1386677286_10581,place_w1386677286,پیروزی ۴,colloquial,osm
alias_w1389812123_10582,place_w1389812123,فرح آباد,old,osm
alias_w1390810221_10583,place_w1390810221,۳۰ متری سینما سعدی,old,osm
alias_w1391845568_10584,place_w1391845568,مسیر عیدگاه,colloquial,osm
alias_w1394102297_10585,place_w1394102297,میدان نصر,colloquial,osm
alias_w1395681610_10586,place_w1395681610,فلکه ساعت,colloquial,osm
alias_w1395789555_10587,place_w1395789555,اتوبان فرودگاه,colloquial,osm
alias_w1395789557_10588,place_w1395789557,اتوبان فرودگاه,colloquial,osm
alias_w1415133028_10589,place_w1415133028,جاده رشت - لاکان,colloquial,osm
alias_w1415133028_10590,place_w1415133028,پروفسور مجید سمیعی,colloquial,osm
alias_w1418050851_10591,place_w1418050851,کاخ,old,osm
alias_w1418114594_10592,place_w1418114594,بلوار پاسارگاد شرقی,colloquial,osm
alias_w1419914103_10593,place_w1419914103,میدان امام علی (ع),spelling,osm
alias_w1420032185_10594,place_w1420032185,شهدای روح آباد,colloquial,osm
alias_w1421556131_10595,place_w1421556131,زیرگذر مولوی,spelling,osm
alias_w1431101874_10596,place_w1431101874,جاده گشت - دشتو - بندران,spelling,osm
alias_w1435838340_10597,place_w1435838340,میدان شهدا,colloquial,osm
alias_w1435838341_10598,place_w1435838341,فلکه ستاد، حوض فلکه، فلکه ساعت، فلکه شاه,old,osm
alias_w1435838341_10599,place_w1435838341,میدان ستاد,colloquial,osm
alias_w1435838342_10600,place_w1435838342,فلکه ستاد، حوض فلکه، فلکه ساعت، فلکه شاه,old,osm
alias_w1435838342_10601,place_w1435838342,میدان ستاد,colloquial,osm
alias_w1435839167_10602,place_w1435839167,بلوار پرتو,colloquial,osm
alias_w1436123962_10603,place_w1436123962,فلکه ستاد، حوض فلکه، فلکه ساعت، فلکه شاه,old,osm
alias_w1436123962_10604,place_w1436123962,میدان ستاد,colloquial,osm
alias_w1437126917_10605,place_w1437126917,میدان فوزیه,old,osm
alias_w1443200465_10606,place_w1443200465,گلگشت,colloquial,osm
alias_w1443434421_10607,place_w1443434421,جاده تمبی,colloquial,osm
alias_w1444572815_10608,place_w1444572815,تربیت 14,colloquial,osm
alias_w1445755218_10609,place_w1445755218,بزرگراه رسالت,old,osm
alias_w1447974388_10610,place_w1447974388,خیابان سی متری,colloquial,osm
alias_w1451099090_10611,place_w1451099090,جاده مخصوص کرج,colloquial,osm
alias_w1451099091_10612,place_w1451099091,جاده مخصوص کرج,colloquial,osm
alias_w1451156635_10613,place_w1451156635,کنف کار,colloquial,osm
alias_w1456894154_10614,place_w1456894154,بولوار ولایت,old,osm
alias_w1457901967_10615,place_w1457901967,شیرخدا,colloquial,osm
alias_w1473345560_10616,place_w1473345560,خیابان شهید فرقان بین,colloquial,osm
alias_w1474846397_10617,place_w1474846397,کوچه سوم,colloquial,osm
alias_w1474875553_10618,place_w1474875553,میدان رازی,colloquial,osm
alias_w1479148867_10619,place_w1479148867,خیابان شهید شادمان,colloquial,osm
alias_w1523606501_10620,place_w1523606501,خیابان آیین,spelling,osm
alias_w1524581466_10621,place_w1524581466,ذکاء الملک,old,osm
alias_w1525136096_10622,place_w1525136096,بلوار کشاورز,spelling,osm
alias_w1527558136_10623,place_w1527558136,بلوار شهید نصراله کلاهچی,colloquial,osm
alias_w1529160116_10624,place_w1529160116,بلوار هجرت,spelling,osm
alias_w1530216686_10625,place_w1530216686,بلوار کرج,colloquial,osm
alias_w1530289149_10626,place_w1530289149,خیابان شهید سعید خانعلی,colloquial,osm
alias_w1535006445_10627,place_w1535006445,طلوع ۷,colloquial,osm
alias_w1537113322_10628,place_w1537113322,فلکه اول شهران,colloquial,osm
alias_w1537550186_10629,place_w1537550186,بزرگراه شمال عباس آباد,old,osm
alias_w1537673812_10630,place_w1537673812,خیابان دفتر,spelling,osm
alias_w1537885990_10631,place_w1537885990,جناح,colloquial,osm
alias_w1540161400_10632,place_w1540161400,بلوار حافظ,colloquial,osm
alias_w1540829279_10633,place_w1540829279,بزرگراه شاهنشاهی,old,osm
alias_w1540956381_10634,place_w1540956381,ساسان,old,osm
alias_w1543181083_10635,place_w1543181083,بزرگراه شهیاد,old,osm
alias_w1543181087_10636,place_w1543181087,میدان حق شناس,colloquial,osm
alias_w1544508600_10637,place_w1544508600,مصدق,old,osm
alias_w1544782134_10638,place_w1544782134,شیروخورشید,old,osm
alias_w1545018748_10639,place_w1545018748,مسیل باختر,old,osm
alias_w1545018749_10640,place_w1545018749,مسیل باختر,old,osm
alias_w1545018751_10641,place_w1545018751,بزرگراه رسالت,old,osm
alias_w1545018752_10642,place_w1545018752,بزرگراه رسالت,old,osm
alias_w1545018754_10643,place_w1545018754,بزرگراه نیاوران,old,osm
alias_w1545018754_10644,place_w1545018754,بزرگراه صیاد شیرازی,spelling,osm
alias_w1545048237_10645,place_w1545048237,بزرگراه بهشت زهرا,old,osm
alias_w1545095402_10646,place_w1545095402,میدان فوزیه,old,osm
alias_w1545964526_10647,place_w1545964526,بزرگراه مدائن,old,osm
alias_w1546396425_10648,place_w1546396425,زعفرانیه,old,osm
alias_w1546912609_10650,place_w1546912609,بلوار شهید حاجی بابایی,colloquial,osm
alias_w1547038869_10651,place_w1547038869,میدان اعدام,old,osm
alias_w1547511595_10652,place_w1547511595,خیابان قزوین,old,osm
alias_w1547511595_10653,place_w1547511595,قزوین,colloquial,osm
alias_w1547511598_10654,place_w1547511598,خیابان قزوین,old,osm
alias_w1547511598_10655,place_w1547511598,قزوین,colloquial,osm
alias_w1547511606_10656,place_w1547511606,خیابان قزوین,old,osm
alias_w1547511606_10657,place_w1547511606,قزوین,colloquial,osm
alias_w1547656462_10658,place_w1547656462,فرحزاد,old,osm
alias_w1547767770_10659,place_w1547767770,۱۵ متری دوم,colloquial,osm
alias_w1547770054_10660,place_w1547770054,میدان امام هادی,spelling,osm
alias_w1547770055_10661,place_w1547770055,میدان امام هادی,spelling,osm
alias_w1548519980_10662,place_w1548519980,شاپور,old,osm
alias_w1548519980_10663,place_w1548519980,شاهپور,colloquial,osm
alias_w1549866150_10665,place_w1549866150,خیابان نهر فیروزآباد,old,osm
alias_w1552516307_10666,place_w1552516307,بلوار شهید فخری زاده,colloquial,osm
alias_w1552516308_10667,place_w1552516308,بلوار شهید فخری زاده,colloquial,osm
alias_w1554815994_10668,place_w1554815994,میدان بهشت,spelling,osm
alias_w1554829253_10669,place_w1554829253,بزرگراه ایوبی,old,osm
alias_r16118739_10670,place_r16118739,صوفیان;سوفیان,colloquial,osm
alias_r16141105_10671,place_r16141105,آپادانا,old,osm
alias_r17340930_10672,place_r17340930,خانا,old,osm
alias_r17133261_10673,place_r17133261,علمده,colloquial,osm
alias_r16551980_10675,place_r16551980,چه چکر,colloquial,osm
alias_r18985268_10676,place_r18985268,گُمِش تَپِّه,old,osm
alias_r17341329_10677,place_r17341329,هشتپر تالش,spelling,osm
alias_r17341134_10678,place_r17341134,Tayyebat,colloquial,osm
alias_r8833667_10679,place_r8833667,کوی کوکاکولا,old,osm
alias_r8810561_10680,place_r8810561,میثم,colloquial,osm
alias_r11173638_10681,place_r11173638,Dehbid,old,osm
alias_w58719834_10682,place_w58719834,کرد کوی,spelling,osm
alias_r8833664_10683,place_r8833664,شهرک نیروی هوایی,old,osm
alias_r18161690_10684,place_r18161690,امیرشهر,colloquial,osm
alias_r17351934_10685,place_r17351934,شهسوار,old,osm
alias_r9473587_10686,place_r9473587,دشت میشان,old,osm
alias_r9473587_10687,place_r9473587,خفاجیه,colloquial,osm
alias_w1092588105_10688,place_w1092588105,دزآب,old,osm
alias_r6556713_10689,place_r6556713,بستان‌آباد,spelling,osm
alias_r11169804_10690,place_r11169804,سپیدان,colloquial,osm
alias_r6557105_10691,place_r6557105,آریاشهر,old,osm
alias_r14456858_10697,place_r14456858,گاوگان,old,osm
alias_r14456858_10698,place_r14456858,گوگن,colloquial,osm
alias_w1230391223_10700,place_w1230391223,یاسریه,colloquial,osm
alias_r14074881_10701,place_r14074881,سرده ری,colloquial,osm
alias_r17341093_10702,place_r17341093,مهریوان,colloquial,osm
alias_r16494059_10703,place_r16494059,ترکمنچای,colloquial,osm
alias_r17354379_10705,place_r17354379,آفی,spelling,osm
alias_r16012955_10707,place_r16012955,قلقوچان,colloquial,osm
alias_r17351599_10708,place_r17351599,Chaloos,colloquial,osm
alias_r6793841_10709,place_r6793841,شهرک,old,osm
alias_r9531835_10710,place_r9531835,اُردکَرد - بَروگرد,old,osm
alias_r17560880_10712,place_r17560880,شکرانه,colloquial,osm
alias_r8678261_10713,place_r8678261,Dehkadeh,old,osm
alias_r13220651_10714,place_r13220651,هیدوچ,colloquial,osm
alias_r17140317_10715,place_r17140317,خسیل,colloquial,osm
alias_r15514972_10716,place_r15514972,ایسبلان,colloquial,osm
alias_r19021082_10717,place_r19021082,کوپیچ سفلی,spelling,osm
alias_w302990047_10718,place_w302990047,بانوره,colloquial,osm
alias_r16952584_10719,place_r16952584,بئره,colloquial,osm
alias_r19582399_10720,place_r19582399,آستاری,colloquial,osm
alias_r9483676_10721,place_r9483676,پیسندیز,colloquial,osm
alias_r16024308_10722,place_r16024308,سرین دیزه,colloquial,osm
alias_r19575701_10723,place_r19575701,خاصاوان,colloquial,osm
alias_r17468817_10724,place_r17468817,غلین;کولیان;قلیان;گلخیران;گل خیزان,colloquial,osm
alias_r16097352_10725,place_r16097352,کار;قاو,colloquial,osm
alias_r16948911_10726,place_r16948911,Shorih,spelling,osm
alias_r17152626_10727,place_r17152626,Sarna;سارنا,colloquial,osm
alias_r12967294_10728,place_r12967294,مردآباد,old,osm
alias_r12981906_10729,place_r12981906,خاتون لر,colloquial,osm
alias_r16175809_10730,place_r16175809,مرزیگران; مرزگران,colloquial,osm
alias_r18016692_10731,place_r18016692,مشعل دار,colloquial,osm
alias_r17443079_10734,place_r17443079,چغاکری,colloquial,osm
alias_r18337303_10735,place_r18337303,میر آباد,spelling,osm
alias_r8689083_10736,place_r8689083,پیله بازار,colloquial,osm
alias_r20028773_10737,place_r20028773,بیانچو;باینچوب;بین چب,colloquial,osm
alias_r17416077_10738,place_r17416077,Qareh Bolagh-e Mafi;Mu`afi;Qareh Bolagh;Mo`afi,colloquial,osm
alias_r14520442_10739,place_r14520442,Rashid `Abbast;Rashid `Abbasi,colloquial,osm
alias_r16665856_10740,place_r16665856,Rikhak-e Bala,colloquial,osm
alias_r17560814_10741,place_r17560814,Barfabad-e `Olya,colloquial,osm
alias_r17509582_10742,place_r17509582,Lor;Lurail;Lord,colloquial,osm
alias_r16680740_10743,place_r16680740,Wanai;Vani,colloquial,osm
alias_r21112244_10744,place_r21112244,Hajji `Aziz-e Cheshmeh Sefid,colloquial,osm
alias_r16313436_10745,place_r16313436,Jameh Shuran-e Pa'in,colloquial,osm
alias_r15770772_10746,place_r15770772,Lur-i-Zengeneh;Qomesheh-ye Lor Zangeneh,colloquial,osm
alias_r17477845_10747,place_r17477845,Sarab Khoshkeh-ye `Olya,colloquial,osm
alias_r18985460_10748,place_r18985460,Gholam `Ali Beyk,colloquial,osm
alias_r17313287_10749,place_r17313287,Kur Bolagh-e Sofla,colloquial,osm
alias_r18292984_10750,place_r18292984,Karaagach;Qareh Aghaj;Qara Agach;Ghareh Aghaj;Qareh Aqach,colloquial,osm
alias_r16421556_10751,place_r16421556,شاخمار,colloquial,osm
alias_r15824734_10752,place_r15824734,چمبر غربال,old,osm
alias_r17034673_10753,place_r17034673,حسن کندی هشترود,colloquial,osm
alias_r17034673_10754,place_r17034673,چای حسن کندی,colloquial,osm
alias_r14989710_10755,place_r14989710,چارده,colloquial,osm
alias_r18504390_10756,place_r18504390,فارسین,colloquial,osm
alias_r9167413_10758,place_r9167413,شهرک بیمه,colloquial,osm
alias_r9039129_10759,place_r9039129,فاز دو سابق مارلیک,spelling,osm
alias_r16094133_10762,place_r16094133,اندی کلا,colloquial,osm
alias_r19996115_10763,place_r19996115,طبق ده,colloquial,osm
alias_r17493121_10764,place_r17493121,ولاشید,colloquial,osm
alias_r6827302_10765,place_r6827302,زانیان,old,osm
alias_r17923649_10766,place_r17923649,بژدن,colloquial,osm
alias_r14484433_10768,place_r14484433,Gorjī 'Olyā,colloquial,osm
alias_r13103317_10769,place_r13103317,جهاد آباد,colloquial,osm
alias_r13968224_10771,place_r13968224,خانه‌های چهارشنبه (شیردل),colloquial,osm
alias_r11327408_10775,place_r11327408,مسکن مهر اقلید,colloquial,osm
alias_r9129996_10776,place_r9129996,جزیره هنگام,colloquial,osm
alias_r9996843_10777,place_r9996843,اونار,colloquial,osm
alias_r9990864_10778,place_r9990864,ارزنه,colloquial,osm
alias_r13041048_10779,place_r13041048,علویه,colloquial,osm
alias_r9990845_10780,place_r9990845,زراعی,colloquial,osm
alias_r10033185_10781,place_r10033185,فتح آباد سلفی,colloquial,osm
alias_r9990854_10782,place_r9990854,گشک,colloquial,osm
alias_r10226930_10783,place_r10226930,کوشکک,colloquial,osm
alias_r12953491_10784,place_r12953491,گلخون,colloquial,osm
alias_r12268678_10789,place_r12268678,خروسی جنوبی,colloquial,osm
alias_r17145168_10790,place_r17145168,شهرک بابک,colloquial,osm
alias_r16511870_10791,place_r16511870,شهرک سکوند,colloquial,osm
alias_r18673630_10793,place_r18673630,جعفرآباد,old,osm
alias_r17231279_10794,place_r17231279,تخت پولاد,colloquial,osm
alias_r16717978_10795,place_r16717978,کوی رسالت,colloquial,osm
alias_r17231959_10796,place_r17231959,جنیران,colloquial,osm
alias_r8678037_10797,place_r8678037,شهرک صنعتی محمود آباد,colloquial,osm
alias_r17040247_10798,place_r17040247,شهرک ماشین سازی,colloquial,osm
alias_r9167429_10799,place_r9167429,قصر فیروزه دو,colloquial,osm
alias_r16340479_10800,place_r16340479,چوئبده,colloquial,osm
alias_r8677098_10802,place_r8677098,بهار آباد,colloquial,osm
alias_r8321596_10807,place_r8321596,Eshraghi,colloquial,osm
alias_r8321823_10808,place_r8321823,سرو,colloquial,osm
alias_r8321858_10810,place_r8321858,گلابدره,colloquial,osm
alias_r8321722_10812,place_r8321722,شهرک اکباتان,spelling,osm
alias_r8321579_10813,place_r8321579,۴۰۰ دستگاه,colloquial,osm
alias_r9167430_10817,place_r9167430,قصر فیروزه یک,colloquial,osm
alias_r8940877_10818,place_r8940877,رایانی,old,osm
alias_r8670497_10819,place_r8670497,امین,colloquial,osm
alias_r8672111_10820,place_r8672111,حضرت پور,colloquial,osm
alias_r8672302_10821,place_r8672302,سنگی,colloquial,osm
alias_r8672639_10822,place_r8672639,رودکی,colloquial,osm
alias_r8677743_10823,place_r8677743,میدان امام حسین,old,osm
alias_r8677301_10824,place_r8677301,باهنر,colloquial,osm
alias_r8673291_10825,place_r8673291,سپاه,colloquial,osm
alias_r8677464_10826,place_r8677464,مولوی,colloquial,osm
alias_r8677518_10827,place_r8677518,ایشیق تپه,colloquial,osm
alias_w624701638_10828,place_w624701638,کوی ستایش (تپه العطش),colloquial,osm
alias_r8678065_10829,place_r8678065,درستکار,colloquial,osm
alias_r18008547_10830,place_r18008547,kooye mahdis,spelling,osm
alias_r8678531_10831,place_r8678531,kooye tolab,spelling,osm
alias_r8678544_10832,place_r8678544,padadshahr,spelling,osm
alias_r8678810_10833,place_r8678810,kooye janbazan,spelling,osm
alias_r8678569_10834,place_r8678569,ziba shahr,spelling,osm
alias_r8679533_10835,place_r8679533,yousefi,spelling,osm
alias_r8681772_10836,place_r8681772,صمدزاده,colloquial,osm
alias_r8681836_10838,place_r8681836,پرورش,colloquial,osm
alias_r8682554_10840,place_r8682554,حکیم نظامی,colloquial,osm
alias_r8682896_10841,place_r8682896,سبزه میدان,colloquial,osm
alias_r8686429_10842,place_r8686429,کارگر,spelling,osm
alias_r8959323_10843,place_r8959323,تنگک رستمی,colloquial,osm
alias_r8959324_10844,place_r8959324,تنگک زنگنه,colloquial,osm
alias_r8687933_10845,place_r8687933,shahrak razmandegan,spelling,osm
alias_r8687955_10846,place_r8687955,بروجردی,colloquial,osm
alias_r8688128_10847,place_r8688128,امام,colloquial,osm
alias_r8688400_10848,place_r8688400,baghe sheykh,spelling,osm
alias_r14129927_10849,place_r14129927,ینگه امام,colloquial,osm
alias_r14129927_10850,place_r14129927,ینگه مام,colloquial,osm
alias_r19059693_10851,place_r19059693,مسکن مهر اندیشه,colloquial,osm
alias_r8321770_10852,place_r8321770,شهرک آزادشهر,colloquial,osm
alias_r8321770_10853,place_r8321770,شهرک آزاد شهر,colloquial,osm
alias_r8684175_10855,place_r8684175,منصور افشار,colloquial,osm
alias_r15676627_10856,place_r15676627,گاومیش آباد,colloquial,osm
alias_r16203130_10858,place_r16203130,مرجقل,colloquial,osm
alias_r11042054_10866,place_r11042054,۰۵۵,colloquial,osm
alias_r11042064_10881,place_r11042064,۰۲۳,colloquial,osm
alias_r11022765_10882,place_r11022765,۰۰۸,colloquial,osm
alias_r11038738_10892,place_r11038738,۰۱۵,colloquial,osm
alias_r10054179_10893,place_r10054179,محله ۱۰۰,colloquial,osm
alias_r10741846_10912,place_r10741846,۰۴۷,colloquial,osm
alias_r11022903_10958,place_r11022903,۱۳۷,colloquial,osm
alias_r14354386_10975,place_r14354386,هک آباد,colloquial,osm
alias_r12657436_10976,place_r12657436,شهرک ولیعصر,colloquial,osm
alias_r17232169_10977,place_r17232169,امیرحمزه,colloquial,osm
alias_r16234661_10978,place_r16234661,ده سرحدی,colloquial,osm
alias_r11022763_10981,place_r11022763,بُلوردی,old,osm
alias_r11042112_10982,place_r11042112,۱۰۷,colloquial,osm
alias_r17341153_10983,place_r17341153,آذران,colloquial,osm
alias_r17337283_10985,place_r17337283,کوی کارمندان شرکت نفت,colloquial,osm
alias_r11789925_10986,place_r11789925,کوی صنعتی,colloquial,osm
alias_r16813534_10988,place_r16813534,مسکن مهر صادقیه,colloquial,osm
alias_r8677094_10989,place_r8677094,خرمدشت,colloquial,osm
alias_r15921318_10990,place_r15921318,چهل هکتار,spelling,osm
alias_r16201872_10991,place_r16201872,شهرک خبرنگاران,colloquial,osm
alias_r15961173_10992,place_r15961173,"باغستان فردوس, بهشت آباد,تون",old,osm
alias_r15999577_10993,place_r15999577,باغستان علیا,colloquial,osm
alias_r15924287_10994,place_r15924287,مسکن مهر جنوب هادیشهر,colloquial,osm
alias_r17540653_10996,place_r17540653,شهرک امام سجاد,colloquial,osm
alias_r8321804_10997,place_r8321804,وثوق,old,osm
alias_r8321804_10998,place_r8321804,امامت,spelling,osm
alias_r8321609_10999,place_r8321609,غیاثی,old,osm
alias_r9167433_11000,place_r9167433,میدان آریامهر,old,osm
alias_r9167433_11001,place_r9167433,میدان پورسینا,colloquial,osm
alias_r9167433_11002,place_r9167433,میدان فاطمی,colloquial,osm
alias_r11038733_11003,place_r11038733,میدان شهدا,colloquial,osm
alias_r8785946_11004,place_r8785946,Malek-Abad Square,colloquial,osm
alias_r8796698_11007,place_r8796698,عبادی ۷۳,colloquial,osm
alias_r11009424_11008,place_r11009424,عبدالمطلب ۱۵,colloquial,osm
alias_r8672510_11009,place_r8672510,بلوار آزادگان,spelling,osm
alias_r8834227_11011,place_r8834227,طبرسی ۱۰,colloquial,osm
alias_r8321649_11013,place_r8321649,آپادانا,colloquial,osm
alias_r8677919_11014,place_r8677919,دارایی,colloquial,osm
alias_r11009418_11020,place_r11009418,رسالت 64,old,osm
alias_r8677019_11021,place_r8677019,خیابان مارپیچ,colloquial,osm
alias_r8321835_11022,place_r8321835,ششم بهمن,old,osm
alias_r8321804_11026,place_r8321804,میدان وثوق,old,osm
alias_r11042054_11027,place_r11042054,ولیعهد,old,osm
alias_r8321665_11028,place_r8321665,کندی,old,osm
alias_r8681783_11029,place_r8681783,میدان مجسمه,old,osm
alias_r8785942_11030,place_r8785942,احمد آباد ۲۳,colloquial,osm
alias_r8682076_11031,place_r8682076,مصطفی خمینی,colloquial,osm
alias_r8688623_11032,place_r8688623,امام خمینی 46,colloquial,osm
alias_r11042059_11033,place_r11042059,شش بهمن,old,osm
alias_r8682092_11034,place_r8682092,ایستگاه,colloquial,osm
alias_r9404070_11035,place_r9404070,سی متری شهرک امام حسین,colloquial,osm
alias_r8677878_11036,place_r8677878,چمران,colloquial,osm
alias_r8688612_11039,place_r8688612,امداد,colloquial,osm
alias_r8321870_11041,place_r8321870,میدان ازگل,spelling,osm
alias_r8669593_11042,place_r8669593,آبادانی مسکن,colloquial,osm
alias_r12691844_11047,place_r12691844,فلکه برازنده,colloquial,osm
alias_r8321590_11048,place_r8321590,خیابان عین‌الدوله,old,osm
alias_r8321590_11049,place_r8321590,خیابان ایران,spelling,osm
alias_r15574285_11050,place_r15574285,بلوار چالیمار,colloquial,osm
alias_r8683971_11052,place_r8683971,نصرت,colloquial,osm
alias_r8672335_11053,place_r8672335,بلوار شهیدان محبی,colloquial,osm
alias_r8677056_11054,place_r8677056,منتظری,colloquial,osm
alias_r8672924_11055,place_r8672924,قه‌فه قاباغی,old,osm
alias_r8672924_11056,place_r8672924,قه فه قاباغی,colloquial,osm
alias_r8678258_11057,place_r8678258,بلوار آزادی,colloquial,osm
alias_r8688614_11059,place_r8688614,بلوار پاسداران,spelling,osm
alias_r8681926_11061,place_r8681926,بلوار ساحل قو,spelling,osm
alias_r8682073_11063,place_r8682073,بلوار معلم,spelling,osm
alias_r8682702_11065,place_r8682702,میدان گمرک,spelling,osm
alias_r8689096_11066,place_r8689096,میدان سجودی معرفت,colloquial,osm
alias_r8689096_11067,place_r8689096,میدان پرستار,spelling,osm
alias_r8677397_11068,place_r8677397,شیلان ۲,colloquial,osm
alias_r8858608_11069,place_r8858608,عدالت,colloquial,osm
alias_r8700245_11070,place_r8700245,میدان دوم کارمندان,colloquial,osm
alias_r8700245_11071,place_r8700245,شهید سلیمان حسینی,colloquial,osm
alias_r8842304_11073,place_r8842304,حضرت معصومه ۳,colloquial,osm
alias_r8673292_11074,place_r8673292,میثم البرز,colloquial,osm
alias_r8321864_11075,place_r8321864,شهدای گل,colloquial,osm
alias_r16026869_11076,place_r16026869,کوی کارکنان دولت,colloquial,osm
alias_r8688414_11078,place_r8688414,عاصی زاده 9,colloquial,osm
alias_r16751664_11079,place_r16751664,بلوار قاسمی,colloquial,osm
alias_r8666580_11083,place_r8666580,دانش,colloquial,osm
alias_r8682115_11084,place_r8682115,حسن وظیفه شناس جوان,colloquial,osm
alias_r8681838_11085,place_r8681838,شهدای امنیت,colloquial,osm
alias_r8321866_11088,place_r8321866,خیابان دارآباد,colloquial,osm
alias_r8321647_11089,place_r8321647,شیروخورشید,old,osm
alias_r8677242_11091,place_r8677242,عمر محله,old,osm
alias_r8688332_11093,place_r8688332,عاصم زنجانی,colloquial,osm
alias_r8682526_11094,place_r8682526,میدان امام خمینی,colloquial,osm
alias_r8768686_11096,place_r8768686,جنگلبان,colloquial,osm
alias_r14442545_11097,place_r14442545,شهید دکتر مفتح,colloquial,osm
alias_r8674726_11098,place_r8674726,کمربندی غربی,colloquial,osm
alias_r11789880_11102,place_r11789880,سی متری آیت الله غفاری,colloquial,osm
alias_r16120565_11106,place_r16120565,گلستان,colloquial,osm
alias_r8321741_11107,place_r8321741,میدان بریانک,spelling,osm
alias_r8321749_11111,place_r8321749,بزرگراه خاوران,colloquial,osm
alias_r8321778_11113,place_r8321778,پرواز,colloquial,osm
alias_r10053402_11115,place_r10053402,زرهی,old,osm
alias_r8682802_11117,place_r8682802,جاده باراجین,spelling,osm
alias_r8321870_11119,place_r8321870,هاشم ازگلی,colloquial,osm
alias_r8682919_11121,place_r8682919,میدان رفاه,colloquial,osm
alias_r8677252_11122,place_r8677252,انوش,colloquial,osm
alias_r10054860_11126,place_r10054860,فرهنگ شهر,colloquial,osm
alias_r10054858_11127,place_r10054858,همت جنوبی,old,osm
alias_r8689121_11131,place_r8689121,لقمان,colloquial,osm
alias_r8321710_11134,place_r8321710,بلوار سیزده آبان,old,osm
alias_r17394220_11139,place_r17394220,جاده اجبارکلا,colloquial,osm
alias_r8688370_11141,place_r8688370,خیابان سلیمی,colloquial,osm
alias_r8677499_11150,place_r8677499,دروازه ری,colloquial,osm
alias_r8810554_11151,place_r8810554,طبرسی ۴۳,colloquial,osm
alias_r8321734_11153,place_r8321734,علاء الدوله,old,osm
alias_r8644876_11156,place_r8644876,ولیعصر 6,colloquial,osm
alias_r8682078_11159,place_r8682078,فـــــرودگـــــاه,colloquial,osm
alias_r8678144_11160,place_r8678144,بیستون,colloquial,osm
alias_r8810558_11162,place_r8810558,بابانظر ۱۹,colloquial,osm
alias_r8321786_11163,place_r8321786,فرح آباد,old,osm
alias_r8321688_11164,place_r8321688,خیابان تاج,old,osm
alias_r16347999_11178,place_r16347999,میدان امامزاده عباس علیه السلام,colloquial,osm
alias_r8321845_11181,place_r8321845,سر پل تجریش,old,osm
alias_r8677919_11193,place_r8677919,خیابان دارایی,colloquial,osm
alias_r16623365_11213,place_r16623365,خیابان امام,colloquial,osm
alias_r8693349_11218,place_r8693349,وحدت,colloquial,osm
alias_r8321743_11251,place_r8321743,میدان باغ شاه,old,osm
alias_r8796699_11310,place_r8796699,ایستگاه راه آهن شهید رئیسی مشهد,transit,osm
alias_r8824871_11311,place_r8824871,میدان امام رضا,square,osm
alias_r14051776_11312,place_r14051776,ایستگاه راه آهن ورامین,transit,osm
alias_r6792037_11313,place_r6792037,ایستگاه راه آهن قزوین,transit,osm
alias_r12691862_11314,place_r12691862,پایانه باغ قوشخانه,transit,osm
alias_r16713340_11315,place_r16713340,دروازه تهران,transit,osm
alias_r8321833_11316,place_r8321833,شهید همت,transit,osm
alias_r8788798_11317,place_r8788798,میدان جانباز,square,osm
alias_r17349222_11318,place_r17349222,ایستگاه راه آهن نکا,transit,osm
alias_r16027969_11319,place_r16027969,ایستگاه راه آهن بندر گز,transit,osm
alias_r6662674_11320,place_r6662674,ایستگاه راه آهن ساری,transit,osm
alias_r6557021_11321,place_r6557021,گرمدشت,transit,osm
alias_r6566414_11322,place_r6566414,میاندشت,transit,osm
alias_r6558865_11323,place_r6558865,میدان خارک,square,osm
alias_r17351849_11324,place_r17351849,ایستگاه راه آهن ازنا,transit,osm
alias_r8681888_11325,place_r8681888,جمکران,transit,osm
alias_r8199755_11326,place_r8199755,میدان سیدالشهدا,square,osm
alias_r10385293_11327,place_r10385293,ایستگاه راه آهن بافق,transit,osm
alias_r8321853_11328,place_r8321853,پایانه دستواره,transit,osm
alias_r8199755_11329,place_r8199755,میدان امام سجاد,square,osm
alias_r15574182_11330,place_r15574182,ایستگاه راه آهن مراغه,transit,osm
alias_r20190193_11331,place_r20190193,میدان آزادی (دروازه شیراز),transit,osm
alias_r11138900_11332,place_r11138900,ترمینال مسافربری جهرم,transit,osm
alias_r8321842_11333,place_r8321842,قلهک,transit,osm
alias_r8321587_11334,place_r8321587,ایستگاه مترو ابن سینا,transit,osm
alias_r8199755_11335,place_r8199755,میدان دانشگاه آزاد اسلامی,square,osm
alias_r8199755_11336,place_r8199755,میدان شهدا,square,osm
alias_r8199755_11337,place_r8199755,میدان امام خمینی,square,osm
alias_r8199755_11338,place_r8199755,میدان امام حسین,square,osm
alias_r8199755_11339,place_r8199755,میدان شهید سلیمانی,square,osm
alias_r8199755_11340,place_r8199755,میدان آزادی,square,osm
alias_r8199755_11341,place_r8199755,میدان اول مدرس,square,osm
alias_r8199755_11342,place_r8199755,میدان هفت تیر,square,osm
alias_r8321644_11343,place_r8321644,پایانه بوتان,transit,osm
alias_r8669623_11344,place_r8669623,پارک سوار ناصر خسرو سازمان اتوبوسرانی سنندج,transit,osm
alias_r8842301_11345,place_r8842301,پایانه خط واحد نبوت,transit,osm
alias_r11328840_11346,place_r11328840,میدان استاندارد,square,osm
alias_r17341583_11347,place_r17341583,ترمینال گچساران,transit,osm
alias_r8678191_11348,place_r8678191,فلکه ساعت,square,osm
alias_r8687645_11349,place_r8687645,میدان قائم,square,osm
alias_r15436558_11350,place_r15436558,ترمینال غرب,transit,osm
alias_r12002059_11351,place_r12002059,پایانه بزرگ مسافربری ملایر,transit,osm
alias_r9497220_11352,place_r9497220,ترمینال,transit,osm
alias_r12953126_11353,place_r12953126,ترمینال ابرکوه,transit,osm
alias_r8812048_11354,place_r8812048,ترمینال مسافربری تعاونی ۴,transit,osm
alias_r11328840_11355,place_r11328840,میدان سلامت,square,osm
alias_r8741480_11356,place_r8741480,رابط ملکی,transit,osm
alias_r17341501_11357,place_r17341501,میدان پنجم اردیبهشت,square,osm
alias_r8199755_11358,place_r8199755,میدان ولیعصر,square,osm
alias_r9388169_11359,place_r9388169,ترمینال شرکت مسافربری اسکو سفر,transit,osm
alias_r17099126_11360,place_r17099126,ترمینال ارومیه ، مهاباد ، نقده,transit,osm
alias_r17340836_11361,place_r17340836,ترمینال بین روستاهای سلماس,transit,osm
alias_r8321789_11362,place_r8321789,شهید قدوسی,transit,osm
alias_r8321849_11363,place_r8321849,میدان هروی,transit,osm
alias_r8321800_11364,place_r8321800,سهروردی,transit,osm
alias_r8321836_11365,place_r8321836,خواجه عبدالله انصاری,transit,osm
alias_r8321637_11366,place_r8321637,ایستگاه مترو هلال احمر,transit,osm
alias_r8681917_11367,place_r8681917,پایانه میدان همافر,transit,osm
alias_r9959271_11368,place_r9959271,تعاونی ۱۷,transit,osm
alias_r6564175_11369,place_r6564175,میدان بسیج,square,osm
alias_r13103318_11370,place_r13103318,میدان کلپورگان,square,osm
alias_r17231277_11371,place_r17231277,ایستگاه مترو شریعتی,transit,osm
alias_r12383816_11372,place_r12383816,ایستگاه مترو کارگر,transit,osm
alias_r12383816_11373,place_r12383816,ایستگاه مترو کوی امام,transit,osm
alias_r20190192_11374,place_r20190192,ایستگاه مترو دانشگاه,transit,osm
alias_r17193717_11375,place_r17193717,پایانه اتوبوس شهید سلطانی,transit,osm
alias_r6557105_11376,place_r6557105,ترمینال مینی بوس رانی فولادشهر,transit,osm
alias_r8900220_11377,place_r8900220,پایانه مرکزی اتوبوس,transit,osm
alias_r6639261_11378,place_r6639261,ایستگاه اتوبوس,transit,osm
alias_r17349746_11379,place_r17349746,چهار راه کبوتر,square,osm
alias_r8321819_11380,place_r8321819,پایانه میدان صنعت,transit,osm
alias_r14037178_11381,place_r14037178,پایانه مسافربری فدک,transit,osm
alias_r17353299_11382,place_r17353299,میدان مسجد جامع,square,osm
alias_r14060815_11383,place_r14060815,پایانه تاکسیرانی,transit,osm
alias_r15955463_11384,place_r15955463,فاز ۳ مسکن مهر,square,osm
alias_r17341402_11385,place_r17341402,ایستگاه گمیشان و سیمین شهر,transit,osm
alias_r17341402_11386,place_r17341402,ایستگاه گنبدکاووس و آق قلا,transit,osm
alias_r8321708_11387,place_r8321708,پایانه ارم سبز,transit,osm
alias_r8818635_11388,place_r8818635,ایستگاه راه آهن کرمان,transit,osm
alias_r8677392_11389,place_r8677392,پایانه اتوبوس مجتمع ادارات نواب,transit,osm
alias_r8672220_11390,place_r8672220,ایستگاه نوبهار,transit,osm
alias_r8321805_11391,place_r8321805,پایانه شهید اسلام پناه,transit,osm
alias_r8321704_11392,place_r8321704,تله کابین ارم,transit,osm
alias_r6606071_11393,place_r6606071,فرهنگسرای اشراق,transit,osm
alias_r8677344_11394,place_r8677344,ایستگاه دانشگاه، مسکن مهر,transit,osm
alias_r16464461_11395,place_r16464461,میدان بسیج,square,osm
alias_r8321591_11396,place_r8321591,پانزده خرداد,transit,osm
alias_r17228073_11397,place_r17228073,پایانه بابلدشت,transit,osm
alias_r14037178_11398,place_r14037178,پارکینگ اتوبوس های قم تهران,transit,osm
alias_r8677090_11399,place_r8677090,پایانه اتوبوس های درون شهری آزادگان,transit,osm
alias_r8681906_11400,place_r8681906,پایانه مسافربری دانشگاه بین المللی امام خمینی,transit,osm
alias_r8677090_11401,place_r8677090,میدان مینودر,square,osm
alias_r8672124_11402,place_r8672124,ایستگاه اتوبوس,transit,osm
alias_r21291323_11403,place_r21291323,میدان صداقت حکیمیه,transit,osm
alias_r9125908_11404,place_r9125908,ترمینال مسافربری دزفول,transit,osm
alias_r16711478_11405,place_r16711478,ایستگاه اتوبوس های بین شهری محمدیه,transit,osm
alias_r11334207_11406,place_r11334207,میدان ولایت,square,osm
alias_r10055178_11407,place_r10055178,ترمینال مسافربری امیرکبیر,transit,osm
alias_r8694821_11408,place_r8694821,کارخانه قند,transit,osm
alias_r8694723_11409,place_r8694723,کارخانه قند,transit,osm
alias_r8684963_11410,place_r8684963,کارخانه قند,transit,osm
alias_r8684963_11411,place_r8684963,شهید فهمیده,transit,osm
alias_r8321833_11412,place_r8321833,پایانه حقانی,transit,osm
alias_r16717498_11413,place_r16717498,میدان امام حسین (دروازه دولت),transit,osm
alias_r11142434_11414,place_r11142434,پایانه بین شهری,transit,osm
alias_r8688368_11415,place_r8688368,پایانه اتوبوس های درون شهری,transit,osm
alias_r8677664_11416,place_r8677664,ایستگاه اتوبوس,transit,osm
alias_r8321869_11417,place_r8321869,پایانه لاله - سامانه ۶ و ۹ تندرو,transit,osm
alias_r16713339_11418,place_r16713339,میدان امام حسین (دروازه دولت),transit,osm
alias_r13487045_11419,place_r13487045,میدان انقلاب,transit,osm
alias_r16718872_11420,place_r16718872,چهارراه توحید,transit,osm
alias_r16713341_11421,place_r16713341,پشت بارو,transit,osm
alias_r8687580_11422,place_r8687580,پایانه مسافربری غرب,transit,osm
alias_r10397212_11423,place_r10397212,سبزه میدان,square,osm
alias_r9080271_11424,place_r9080271,ترمینال مسافربری آسیاسفر,transit,osm
alias_r12387178_11425,place_r12387178,پایانه قهدریجان,transit,osm
alias_r21291323_11426,place_r21291323,پایانه افق,transit,osm
alias_r12946521_11427,place_r12946521,ترمینال شماره ۲ اتوبوس شهری,transit,osm
alias_r11332266_11428,place_r11332266,میدان عاشورا,square,osm
alias_r6557252_11429,place_r6557252,ایستگاه اتوبوس قائمیه_آذری,transit,osm
alias_r6557252_11430,place_r6557252,ایستگاه اتوبوس اسلامشهر,transit,osm
alias_r8673317_11431,place_r8673317,ترمینال فاز یک اندیشه,transit,osm
alias_r8321732_11432,place_r8321732,پایانه اتوبوسرانی نعمت آباد,transit,osm
alias_r8321810_11433,place_r8321810,فلکه چایچی,square,osm
alias_r8808821_11434,place_r8808821,میدان ابوالفضل,square,osm
alias_w289166284_11435,place_w289166284,ترمینال مسافربری,transit,osm
alias_r8808822_11436,place_r8808822,ترمینال اتوبوس شماره ۱۶,transit,osm
alias_r8808822_11437,place_r8808822,میدان مادر,square,osm
alias_r20192714_11438,place_r20192714,کرج,transit,osm
alias_r17232171_11439,place_r17232171,ایستگاه تله سیژ,transit,osm
alias_r12967098_11441,place_r12967098,ایستگاه قطار کرج,transit,osm
alias_r8321561_11442,place_r8321561,پایانه کوهسار,transit,osm
alias_r8199755_11443,place_r8199755,میدان شهید کلاهدوز,square,osm
alias_w624314415_11444,place_w624314415,فلکه بزرگ ولیعصر,square,osm
alias_r16702902_11445,place_r16702902,میدان طاق,square,osm
alias_r8321719_11446,place_r8321719,پایانه میدان شادآباد,transit,osm
alias_r7318873_11447,place_r7318873,پایانه اتوبوس شهری,transit,osm
alias_r12002059_11448,place_r12002059,شرکت اتوبوس رانی ملایر,transit,osm
alias_r13895268_11449,place_r13895268,نیک پسندی,transit,osm
alias_r14126410_11450,place_r14126410,تپه سفید,transit,osm
alias_r13074792_11451,place_r13074792,ایستگاه راه آهن پرندک,transit,osm
alias_r11342466_11452,place_r11342466,ایستگاه راه آهن شازند,transit,osm
alias_r8666277_11453,place_r8666277,ایستگاه شهدا,transit,osm
alias_r8321786_11454,place_r8321786,پایانه براری,transit,osm
alias_r8682008_11455,place_r8682008,ایستگاه اتوبوس مارلیک,transit,osm
alias_r16464041_11456,place_r16464041,میدان کارگر,square,osm
alias_r16464041_11457,place_r16464041,میدان فلسطین,square,osm
alias_r16464041_11458,place_r16464041,میدان ۱۵ خرداد,square,osm
alias_r8681393_11459,place_r8681393,۱۵۴-۱۱۹,transit,osm
alias_r6564175_11460,place_r6564175,۱۵۴-۱۱۹,transit,osm
alias_r6564175_11461,place_r6564175,۱۱۹-۱۵۴,transit,osm
alias_r8681393_11464,place_r8681393,۱۱۹-۱۵۴,transit,osm
alias_r8681421_11465,place_r8681421,۱۱۹-۱۵۴,transit,osm
alias_r8665482_11466,place_r8665482,۱۱۹,transit,osm
alias_w624902082_11467,place_w624902082,۱۱۹,transit,osm
alias_r9473587_11468,place_r9473587,ایستگاه اهواز,transit,osm
alias_r8321591_11469,place_r8321591,مولوى,transit,osm
alias_r8321752_11470,place_r8321752,شوش,transit,osm
alias_r16702961_11471,place_r16702961,پایانه مسافربری,transit,osm
alias_r14711716_11472,place_r14711716,میدان جانبازان,square,osm
alias_r8855357_11473,place_r8855357,ایستگاه جمکران,transit,osm
alias_w624185595_11474,place_w624185595,ایستگاه ۱۴۳,transit,osm
alias_r8682092_11475,place_r8682092,پایانه منوچهری,transit,osm
alias_r8682091_11476,place_r8682091,ترمینال اتوبوس بندرانزلی,transit,osm
alias_r8688366_11477,place_r8688366,ایستگاه تاکسی,transit,osm
alias_r8824866_11478,place_r8824866,ایستگاه اتوبوس,transit,osm
alias_r8321780_11479,place_r8321780,پایانه مترو ایران خودرو,transit,osm
alias_r8688189_11480,place_r8688189,ایستگاه,transit,osm
alias_r8688351_11481,place_r8688351,ایستگاه اتوبوس,transit,osm
alias_r8687999_11482,place_r8687999,ایستگاه اتوبوس,transit,osm
alias_r9167400_11483,place_r9167400,پایانه شهرک شهرداری,transit,osm
alias_r8687976_11484,place_r8687976,ایستگاه اتوبوس,transit,osm
alias_r7318873_11485,place_r7318873,پایانه شهری معلم,transit,osm
alias_r8858622_11486,place_r8858622,ایستگاه,transit,osm
alias_r8858615_11487,place_r8858615,ایستگاه,transit,osm
alias_r8824643_11488,place_r8824643,ایستگاه مترو غدیر,transit,osm
alias_r20192692_11489,place_r20192692,ایستگاه مترو خیام,transit,osm
alias_r20192692_11490,place_r20192692,ایستگاه مترو امام رضا,transit,osm
alias_r20190677_11491,place_r20190677,ایستگاه مترو سهند,transit,osm
alias_r6564175_11492,place_r6564175,ایستگاه مترو ائل‌گلی,transit,osm
alias_w1475502072_11493,place_w1475502072,ایستگاه مترو ۲۹ بهمن,transit,osm
alias_w624355033_11494,place_w624355033,ایستگاه مترو استاد شهریار,transit,osm
alias_r10054992_11495,place_r10054992,ایستگاه مترو احسان,transit,osm
alias_r10054981_11496,place_r10054981,ایستگاه مترو دکتر شریعتی,transit,osm
alias_r10054981_11497,place_r10054981,ایستگاه مترو میرزای شیرازی,transit,osm
alias_r11042055_11498,place_r11042055,ایستگاه مترو شهید مطهری,transit,osm
alias_r11042053_11499,place_r11042053,ایستگاه مترو شهید آوینی,transit,osm
alias_r11042059_11500,place_r11042059,ایستگاه مترو نمازی,transit,osm
alias_r10053769_11501,place_r10053769,ایستگاه مترو امام حسین,transit,osm
alias_r17231558_11502,place_r17231558,ایستگاه مترو شهید باهنر,transit,osm
alias_r17231561_11503,place_r17231561,ایستگاه مترو شهید چمران,transit,osm
alias_r12383192_11504,place_r12383192,ایستگاه مترو کاوه,transit,osm
alias_r10374718_11505,place_r10374718,ایستگاه مترو پارک ملت,transit,osm
alias_r8833847_11506,place_r8833847,ایستگاه مترو کوثر,transit,osm
alias_r8833843_11507,place_r8833843,ایستگاه مترو سید رضی,transit,osm
alias_r8833843_11508,place_r8833843,ایستگاه مترو دانش آموز,transit,osm
alias_r8833842_11509,place_r8833842,ایستگاه مترو هفت تیر,transit,osm
alias_r8833840_11510,place_r8833840,ایستگاه مترو صدف,transit,osm
alias_r11009421_11511,place_r11009421,ایستگاه مترو صیاد شیرازی,transit,osm
alias_r8833659_11512,place_r8833659,ایستگاه مترو اقبال لاهوری,transit,osm
alias_r8833839_11513,place_r8833839,ایستگاه مترو نمایشگاه,transit,osm
alias_r10374719_11514,place_r10374719,ایستگاه مترو کوهستان پارک,transit,osm
alias_r10374719_11515,place_r10374719,ایستگاه مترو وکیل آباد,transit,osm
alias_r8689445_11516,place_r8689445,ایستگاه سوسنگرد و حمیدیه - مینی بوس و تاکسی,transit,osm
alias_r12382668_11517,place_r12382668,ایستگاه مترو گلستان,transit,osm
alias_r12382668_11518,place_r12382668,ایستگاه مترو بهارستان,transit,osm
alias_r17228073_11519,place_r17228073,ایستگاه مترو شهدا,transit,osm
alias_r16713339_11520,place_r16713339,ایستگاه مترو تختی,transit,osm
alias_r16717498_11521,place_r16717498,ایستگاه مترو امام حسین,transit,osm
alias_r16717711_11522,place_r16717711,ایستگاه مترو انقلاب,transit,osm
alias_r8321748_11523,place_r8321748,خیام,transit,osm
alias_r8321580_11524,place_r8321580,ایستگاه مترو نبرد,transit,osm
alias_r8321670_11525,place_r8321670,میدان انقلاب اسلامی,transit,osm
alias_r8321676_11526,place_r8321676,تئاتر شهر,transit,osm
alias_r8321786_11527,place_r8321786,ایستگاه مترو نیرو هوایی,transit,osm
alias_r10235671_11528,place_r10235671,ایستگاه مترو شهدا,transit,osm
alias_r11009425_11529,place_r11009425,ایستگاه مترو آزادی,transit,osm
alias_r8833668_11530,place_r8833668,ایستگاه مترو خیام,transit,osm
alias_r8785942_11531,place_r8785942,ایستگاه مترو فلسطین,transit,osm
alias_r8785945_11532,place_r8785945,ایستگاه مترو قائم,transit,osm
alias_r8824871_11533,place_r8824871,ایستگاه مترو شریعتی,transit,osm
alias_r8824871_11534,place_r8824871,ایستگاه مترو امام خمینی,transit,osm
alias_r8824646_11535,place_r8824646,ایستگاه مترو بسیج,transit,osm
alias_r8824642_11536,place_r8824642,ایستگاه مترو هفده شهریور,transit,osm
alias_r8824642_11537,place_r8824642,ایستگاه مترو پروین اعتصامی,transit,osm
alias_r10374412_11538,place_r10374412,ایستگاه مترو فرودگاه,transit,osm
alias_r8321867_11539,place_r8321867,شهید محلاتی,transit,osm
alias_r8321869_11540,place_r8321869,قائم,transit,osm
alias_r8321872_11541,place_r8321872,شهیدان باقری,transit,osm
alias_r8321881_11542,place_r8321881,فرهنگسرا,transit,osm
alias_r9167438_11543,place_r9167438,تهرانپارس,transit,osm
alias_r10054123_11544,place_r10054123,ایستگاه مترو شهید دستغیب,transit,osm
alias_r8321737_11545,place_r8321737,ایستگاه مترو شهید نواب صفوی,transit,osm
alias_r9167416_11546,place_r9167416,ایستگاه مترو رودکی,transit,osm
alias_r8321732_11547,place_r8321732,نعمت آباد,transit,osm
alias_r8321731_11548,place_r8321731,آزادگان,transit,osm
alias_w623995653_11549,place_w623995653,ایستگاه مترو چهار راه منصور-بهشتی,transit,osm
alias_r8682755_11550,place_r8682755,ایستگاه,transit,osm
alias_r8810561_11551,place_r8810561,ایستگاه مترو ولایت,transit,osm
alias_r8682173_11552,place_r8682173,ایستگاه ویژه میدان مالا,transit,osm
alias_r8689073_11553,place_r8689073,پایانه مسافربری غرب شهرستان انزلی,transit,osm
alias_r16718841_11554,place_r16718841,ایستگاه مترو سی و سه پل,transit,osm
alias_r8688979_11555,place_r8688979,ایستگاه اتوبوس,transit,osm
alias_r12980719_11556,place_r12980719,ایستگاه اتوبوس نسیم‌شهر-آزادی,transit,osm
alias_r12980719_11557,place_r12980719,ایستگاه اتوبوس نسیم‌شهر - زمزم,transit,osm
alias_r8321673_11558,place_r8321673,شهدای هفتم تیر,transit,osm
alias_r8321759_11559,place_r8321759,علی آباد,transit,osm
alias_r8321721_11560,place_r8321721,بیمه,transit,osm
alias_r8321665_11561,place_r8321665,شادمان,transit,osm
alias_r8321721_11562,place_r8321721,میدان آزادی,transit,osm
alias_r8321734_11563,place_r8321734,امام خمینی(ره),transit,osm
alias_r8682702_11564,place_r8682702,پایانه مسافری دریایی بین المللی,transit,osm
alias_r8321734_11565,place_r8321734,دروازه دولت,transit,osm
alias_r12946569_11566,place_r12946569,سه راه بیست و دو بهمن,transit,osm
alias_r6564175_11567,place_r6564175,ایستگاه مترو ابرسان,transit,osm
alias_w1475502072_11568,place_w1475502072,ایستگاه مترو دانشگاه,transit,osm
alias_r8666277_11569,place_r8666277,ایستگاه مترو میدان ساعت,transit,osm
alias_r8321685_11570,place_r8321685,دانشگاه تربیت مدرس,transit,osm
alias_r8321741_11571,place_r8321741,ایستگاه مترو کمیل,transit,osm
alias_r11789855_11572,place_r11789855,پایانه عمار یاسر,transit,osm
alias_r14129929_11573,place_r14129929,ایستگاه مترو شهید قاسم سلیمانی,transit,osm
alias_r6564175_11575,place_r6564175,ایستگاه اتوبوس میدان ونک ۱۱۹-۱۵۴,transit,osm
alias_r6564175_11576,place_r6564175,خط ۱۵۴,transit,osm
alias_r8321706_11577,place_r8321706,پایانه اتوبوس صادقیه,transit,osm
alias_r8199755_11578,place_r8199755,پایانه اتوبوسرانی ابوذر,transit,osm
alias_r8199755_11579,place_r8199755,میدان ابن حسام,square,osm
alias_r8199755_11580,place_r8199755,میدان آدینه,square,osm
alias_r17341189_11581,place_r17341189,ایستگاه راه آهن ماهشهر,transit,osm
alias_r9404071_11582,place_r9404071,ترمینال یاسوج,transit,osm
alias_r16776135_11583,place_r16776135,ترمینال قدس,transit,osm
alias_r8833775_11584,place_r8833775,میدان عفاف,square,osm
alias_r8683102_11585,place_r8683102,میدان مشک انصاریه,square,osm
alias_r11327404_11586,place_r11327404,میدان امام حسین,square,osm
alias_r11174641_11587,place_r11174641,میدان قرآن,square,osm
alias_r16776135_11588,place_r16776135,ترمینال امیدیه,transit,osm
alias_r11167301_11589,place_r11167301,پایانه مسافربری,transit,osm
alias_r17231281_11590,place_r17231281,ایستگاه اتوبوس,transit,osm
alias_r8808854_11591,place_r8808854,ترمینال مسافربری رفسنجان,transit,osm
alias_r9125908_11592,place_r9125908,میدان ۹ دی,square,osm
alias_w624212884_11593,place_w624212884,مسیر ۱۵۹-نگین پارک,transit,osm
alias_r15794147_11594,place_r15794147,ایستگاه اتوبوس,transit,osm
alias_r12383794_11595,place_r12383794,ایستگاه راه آهن اصفهان,transit,osm
alias_w625151102_11596,place_w625151102,ایستگاه اتوبوس عباس آباد,transit,osm
alias_r8682921_11597,place_r8682921,پایانه مسافربری اردبیل,transit,osm
alias_r20190417_11598,place_r20190417,ترمینال اتوبوس گلشهر,transit,osm
alias_r8321800_11599,place_r8321800,شهید بهشتی,transit,osm
alias_r16464038_11600,place_r16464038,ترمینال,transit,osm
alias_r20192564_11601,place_r20192564,میدان پروین اعتصامی,square,osm
alias_r11789917_11602,place_r11789917,پایانه اتوبوس رانی,transit,osm
alias_r16720415_11603,place_r16720415,ترمینال مسافربری ابهر,transit,osm
alias_r20190417_11604,place_r20190417,ایستگاه مترو گلشهر,transit,osm
alias_r8321707_11605,place_r8321707,ارم سبز,transit,osm
alias_r8321796_11606,place_r8321796,ایستگاه مترو وردآورد,transit,osm
alias_r8321768_11607,place_r8321768,ایستگاه مترو ورزشگاه آزادی,transit,osm
alias_r8321769_11608,place_r8321769,ایستگاه مترو چیتگر,transit,osm
alias_r8321780_11609,place_r8321780,ایستگاه مترو ایران خودرو,transit,osm
alias_r8321706_11610,place_r8321706,صادقیه,transit,osm
alias_r6564175_11611,place_r6564175,۱۵۴,transit,osm
alias_w624912174_11612,place_w624912174,۱۱۹-۱۵۴,transit,osm
alias_r12967098_11613,place_r12967098,ایستگاه مترو محمد شهر,transit,osm
alias_r20192733_11614,place_r20192733,ایستگاه مترو کرج,transit,osm
alias_r20190200_11615,place_r20190200,میدان کاوه,square,osm
alias_r8670268_11616,place_r8670268,میدان مطهری,square,osm
alias_w521108621_11617,place_w521108621,میدان موسوی,square,osm
alias_r6606071_11618,place_r6606071,ایستگاه دانشگاه ازاد خمینی شهر,transit,osm
alias_r8321732_11619,place_r8321732,مترو آزادگان,transit,osm
alias_w521108621_11620,place_w521108621,میدان صالحی,square,osm
alias_r17341437_11621,place_r17341437,ترمینال کهنوج,transit,osm
alias_r21293267_11622,place_r21293267,پایانه شهرک وصال,transit,osm
alias_r8687587_11623,place_r8687587,مجتمع لاکانشهر,square,osm
alias_r8682053_11624,place_r8682053,ایستگاه راه آهن یزد,transit,osm
alias_r8199755_11625,place_r8199755,میدان مرجان,square,osm
alias_r6557252_11626,place_r6557252,ترمینال اسلامشهر,transit,osm
alias_r9167423_11627,place_r9167423,پایانه شهید سروری,transit,osm
alias_r8321764_11628,place_r8321764,شرکت واحد اتوبوسرانی تهران و حومه (منطقه ۳),transit,osm
alias_r20194083_11629,place_r20194083,ترمینال مسافربری سنندج,transit,osm
alias_r8199755_11630,place_r8199755,میدان هاشمی رفسنجانی,square,osm
alias_r8321598_11631,place_r8321598,پایانه اتوبوس خاوران,transit,osm
alias_r8321598_11632,place_r8321598,ترمینال ورامین افسریه اسلامشهر,transit,osm
alias_r8321602_11633,place_r8321602,پایانه اتوبوس معین,transit,osm
alias_r12977789_11634,place_r12977789,میدان آزادی,square,osm
alias_r6558865_11635,place_r6558865,میدان لاوان,square,osm
alias_r8199755_11636,place_r8199755,میدان فلسطین,square,osm
alias_r8199755_11637,place_r8199755,میدان ولایت,square,osm
alias_r8199755_11638,place_r8199755,میدان امام جعفر صادق,square,osm
alias_r8812048_11639,place_r8812048,میدان آیت‌الله خامنه‌ای,square,osm
alias_r8199755_11640,place_r8199755,میدان بنی هاشم,square,osm
alias_r8199755_11641,place_r8199755,میدان جواد الائمه,square,osm
alias_r14039646_11642,place_r14039646,انتهای باقر شهر,transit,osm
alias_r8321771_11643,place_r8321771,پایانه شهرک شهید باقری,transit,osm
alias_r9167402_11644,place_r9167402,پایانه شهرک دریا,transit,osm
alias_r9167537_11645,place_r9167537,میدان حر,square,osm
alias_r8199755_11646,place_r8199755,میدان جماران,square,osm
alias_r10374412_11647,place_r10374412,ایستگاه مترو بوستان ریحانه,transit,osm
alias_r8785944_11648,place_r8785944,ایستگاه مترو طالقانی,transit,osm
alias_r6662674_11649,place_r6662674,ترمینال مازندران سمنان,transit,osm
alias_r8199755_11650,place_r8199755,میدان موسی بن جعفر,square,osm
alias_r8683098_11651,place_r8683098,پایانه مسافربری سیاحت,transit,osm
alias_r8678538_11652,place_r8678538,سازمان اتوبوسرانی شرکت ملی مناطق نفت خیز جنوب,transit,osm
alias_r8688873_11653,place_r8688873,پایانه اتوبوس درون شهری غدیر,transit,osm
alias_r6557021_11654,place_r6557021,شلمچه,transit,osm
alias_r8683098_11655,place_r8683098,ایستگاه راه آهن اهواز,transit,osm
alias_r15681809_11656,place_r15681809,میدان امام خمینی (ره),square,osm
alias_r8672824_11657,place_r8672824,میدان انقلاب,square,osm
alias_r17351599_11658,place_r17351599,ترمینال چالوس,transit,osm
alias_r8836223_11659,place_r8836223,ترمینال ، سواری شرکت ماندگار,transit,osm
alias_r14711716_11660,place_r14711716,ایستگاه راه آهن اندیمشک,transit,osm
alias_r8836223_11661,place_r8836223,ترمینال روستایی سیفالی,transit,osm
alias_r8836223_11662,place_r8836223,ترمینال شرکت جمال سیر,transit,osm
alias_r8677190_11663,place_r8677190,صدف,square,osm
alias_r8676951_11664,place_r8676951,شهید حسین دهقانی,square,osm
alias_r6557105_11665,place_r6557105,میدان انتظار,square,osm
alias_r12980721_11666,place_r12980721,ترمینال مسافربری فرد گلستان,transit,osm
alias_r6564175_11667,place_r6564175,میدان ونک,square,osm
alias_r6557105_11668,place_r6557105,سه راه پلیس,square,osm
alias_r6566540_11669,place_r6566540,ایستگاه راه آهن رشت,transit,osm
alias_r12268677_11670,place_r12268677,ترمینال مسافربری به اهواز,transit,osm
alias_r8321606_11671,place_r8321606,انتها هفده شهریور,transit,osm
alias_r9167537_11672,place_r9167537,ترمینال مسافربری آمل,transit,osm
alias_r8682927_11673,place_r8682927,ایستگاه مینی بوس لاهیجان به رشت,transit,osm
alias_r8682927_11674,place_r8682927,ایستگاه سواری لاهیجان به رشت،تهران,transit,osm
alias_r8682927_11675,place_r8682927,ایستگاه سواری لاهیجان به سیاهکل و دیلمان,transit,osm
alias_r6558176_11676,place_r6558176,ایستگاه قطار تخت جمشید,transit,osm
alias_r8321777_11677,place_r8321777,کیانشهر,transit,osm
alias_r16776135_11678,place_r16776135,ایستگاه آغاجاری,transit,osm
alias_r8321769_11679,place_r8321769,پایانه مترو چیتگر,transit,osm
alias_r8321746_11680,place_r8321746,پایانه اتوبوسرانی شهید دکتر محمدعلی فیاض‌بخش,transit,osm
alias_r6557105_11681,place_r6557105,ایستگاه شهرکرد,transit,osm
alias_r6557105_11682,place_r6557105,ایستگاه فلاورجان,transit,osm
alias_r6557105_11683,place_r6557105,ایستگاه زرین شهر,transit,osm
alias_r8321796_11684,place_r8321796,پایانه مترو وردآورد,transit,osm
alias_r8321781_11685,place_r8321781,پایانه استقلال,transit,osm
alias_r8321864_11686,place_r8321864,پایانه رسالت,transit,osm
alias_r8321867_11687,place_r8321867,پایانه اتوبوس مینی ستی,transit,osm
alias_r9068031_11688,place_r9068031,فلکه هیات سه نفره,square,osm
alias_r8199755_11689,place_r8199755,میدان نعلبکی,square,osm
alias_r8199755_11690,place_r8199755,ایستگاه اتوبوس آزادی,transit,osm
alias_r8199755_11691,place_r8199755,میدان شهید آیت الله رئیسی,square,osm
alias_r16309186_11692,place_r16309186,ترمینال کوزران,transit,osm
alias_r8818635_11693,place_r8818635,پایانه مسافربری آدینه کرمان,transit,osm
alias_r8199755_11694,place_r8199755,میدان سپیده کاشانی,square,osm
alias_r8199755_11695,place_r8199755,میدان خبرنگار,square,osm
alias_r12946420_11696,place_r12946420,ایستگاه ۳,transit,osm
alias_r8199755_11697,place_r8199755,میدان شهید آوینی,square,osm
alias_r8199755_11698,place_r8199755,میدان استقلال,square,osm
alias_r8199755_11699,place_r8199755,میدان قائم,square,osm
alias_r8199755_11700,place_r8199755,میدان فاطمیه,square,osm
alias_r8199755_11701,place_r8199755,میدان بهجت,square,osm
alias_r8199755_11702,place_r8199755,میدان همت,square,osm
alias_r8199755_11703,place_r8199755,میدان شهید ناصری,square,osm
alias_r8199755_11704,place_r8199755,میدان فرهنگ,square,osm
alias_r8212055_11705,place_r8212055,میدان ۱۷ شهریور,square,osm
alias_r9167537_11706,place_r9167537,میدان علویان,square,osm
alias_r8886561_11707,place_r8886561,ترمینال مسافر بری شهربابک,transit,osm
alias_r8199755_11708,place_r8199755,میدان مادر,square,osm
alias_r8199755_11709,place_r8199755,میدان سپاه,square,osm
alias_r6758970_11710,place_r6758970,ایستگاه اتوبوس,transit,osm
alias_r16464041_11712,place_r16464041,میدان عدالت,square,osm
alias_r16464041_11713,place_r16464041,حجت ابن حسن,square,osm
alias_r16464041_11714,place_r16464041,میدان شهید محمدی,square,osm
alias_r16464041_11715,place_r16464041,میدان ولیعصر,square,osm
alias_r16464041_11716,place_r16464041,میدان امیرکبیر,square,osm
alias_r16464041_11717,place_r16464041,میدان شهید فهمیده,square,osm
alias_r16464041_11718,place_r16464041,میدان پاسداران,square,osm
alias_r8683187_11719,place_r8683187,میدان وحیدیه,square,osm
alias_r8688668_11720,place_r8688668,ایستگاه اتوبوس اشتراکی,transit,osm
alias_r8321848_11721,place_r8321848,میدان نیلی,square,osm
alias_r8672789_11722,place_r8672789,ایستگاه اتوبوس نمین,transit,osm
alias_r8321835_11723,place_r8321835,میدان نجم آبادی,square,osm
alias_r8197616_11724,place_r8197616,میدان امام حسین,square,osm
alias_r20216200_11725,place_r20216200,میدان مسکن,square,osm
alias_r8653466_11726,place_r8653466,ایستگاه مترو میدان قطب,transit,osm
alias_r16141105_11727,place_r16141105,ایستگاه ۷,transit,osm
alias_r15681852_11728,place_r15681852,تیرنگ,transit,osm
alias_r15681852_11729,place_r15681852,ساری-گرگان,transit,osm
alias_r8321711_11730,place_r8321711,پایانه خانی آباد نو,transit,osm
alias_r8687565_11731,place_r8687565,میدان محمدیه,square,osm
alias_r8677048_11732,place_r8677048,میدان پلیس,square,osm
alias_r8321763_11733,place_r8321763,شهدای دولت آباد,transit,osm
alias_r8321587_11734,place_r8321587,ایستگاه مترو میدان شهدا,transit,osm
alias_w212301637_11735,place_w212301637,ایستگاه اتوبوس,transit,osm
alias_r10385293_11736,place_r10385293,میدان ابوالفضل,square,osm
alias_r17341491_11737,place_r17341491,اسدآبادي,square,osm
alias_r16230551_11738,place_r16230551,پایانه مسافربری رامسر,transit,osm
alias_r9242755_11739,place_r9242755,میدان نیایش,square,osm
alias_r9242755_11740,place_r9242755,میدان یاس,square,osm
alias_r8679405_11741,place_r8679405,ایستگاه اتوبوس دانشگاه گیلان,transit,osm
alias_r8684232_11742,place_r8684232,ایستگاه اتوبوس,transit,osm
alias_r9167425_11743,place_r9167425,ایستگاه مترو بعثت,transit,osm
alias_r6762800_11744,place_r6762800,ایستگاه سواری لفوت ماشک,transit,osm
alias_r8683168_11745,place_r8683168,پایانه جواد الائمه,transit,osm
alias_r15574182_11746,place_r15574182,سه راهی کوره خانه,square,osm
alias_r15574182_11747,place_r15574182,میدان عبدالقادر مراغه ای,square,osm
alias_r15574182_11748,place_r15574182,میدان استاد کریمی,square,osm
alias_r15574182_11749,place_r15574182,میدان پروین اعتصامی,square,osm
alias_r15574182_11750,place_r15574182,میدان الغدیر,square,osm
alias_r8900220_11751,place_r8900220,ایستگاه راه آهن کاشان,transit,osm
alias_r17133257_11752,place_r17133257,ترمینال اتوبوس رانی محمدی,transit,osm
alias_r8321844_11753,place_r8321844,پایانه افشار,transit,osm
alias_r17133261_11754,place_r17133261,ترمینال مسافربری رویان,transit,osm
alias_r17351822_11755,place_r17351822,میدان آزادگان,square,osm
alias_r17351822_11756,place_r17351822,میدان حضرت معصومه,square,osm
alias_r17351822_11757,place_r17351822,میدان قنبرچشمه,square,osm
alias_r8199755_11758,place_r8199755,میدان شهدای منا,square,osm
alias_r8683098_11759,place_r8683098,محطة شاحنات نقل VIP,transit,osm
alias_r11021484_11760,place_r11021484,ایستگاه مترو رازی,transit,osm
alias_r11532828_11761,place_r11532828,ترمینال قاسملو,transit,osm
alias_r11139560_11762,place_r11139560,میدان زنده یاد محمدعلی حیاتی,square,osm
alias_r8197616_11763,place_r8197616,میدان سرداران شهید,square,osm
alias_r8818644_11764,place_r8818644,میدان پژوهش,square,osm
alias_r8321748_11765,place_r8321748,ایستگاه مترو میدان محمدیه,transit,osm
alias_r14126053_11766,place_r14126053,ترمینال مسافربری نایین,transit,osm
alias_r14132426_11767,place_r14132426,ترمینال گرمسار,transit,osm
alias_r8812048_11768,place_r8812048,ترمینال مسافربری تعاونی ۱۳,transit,osm
alias_r6606071_11769,place_r6606071,ایستگاه اتوبوس رازی,transit,osm
alias_r8253049_11770,place_r8253049,گونی بافی,transit,osm
alias_r6800953_11771,place_r6800953,ترمینال لردگان,transit,osm
alias_r12399777_11772,place_r12399777,ترمینال مسافربری مهربین,transit,osm
alias_r12399777_11773,place_r12399777,ترمینال باربری خمینی شهر,transit,osm
alias_r14055051_11776,place_r14055051,ایستگاه راه آهن پیشوا,transit,osm
alias_r17646929_11777,place_r17646929,پایانه مسافربری مبارکه,transit,osm
alias_r14148145_11778,place_r14148145,ترمینال مسافر بری,transit,osm
alias_r16717498_11779,place_r16717498,بیمارستان خورشید,transit,osm
alias_r16717498_11780,place_r16717498,ایستگاه خط ۷۹,transit,osm
alias_r16717498_11781,place_r16717498,مسجد حکیم,transit,osm
alias_r8321733_11782,place_r8321733,پایانه شهرک ولیعصر,transit,osm
alias_r9068586_11783,place_r9068586,ترمینال مشهد,transit,osm
alias_r8199755_11784,place_r8199755,میدان جرجانی,square,osm
alias_r13201074_11785,place_r13201074,پایانه مسافربری بروجرد,transit,osm
alias_r8692417_11786,place_r8692417,میدان گلستان,square,osm
alias_r15921821_11787,place_r15921821,میدان ولیعصر خمام,square,osm
alias_r8678394_11788,place_r8678394,پمپ بنزین بعثت,transit,osm
alias_r20190193_11789,place_r20190193,ایستگاه مترو آزادی,transit,osm
alias_r15574182_11790,place_r15574182,میدان مولوی,square,osm
alias_r8199755_11791,place_r8199755,میدان امیرکبیر,square,osm
alias_r8672786_11792,place_r8672786,چهارراه امام حسین علیه السلام,square,osm
alias_r19194802_11793,place_r19194802,پایانه مسافربری تعاونی ۱۴,transit,osm
alias_r19194802_11794,place_r19194802,ترمینال مسافربری تعاونی ۸,transit,osm
alias_r8673305_11795,place_r8673305,چهارراه قدس,transit,osm
alias_r8199755_11796,place_r8199755,میدان صنایع,square,osm
alias_r14553046_11797,place_r14553046,میدان حضرت ولیعصر,square,osm
alias_r16703147_11798,place_r16703147,پایانه مسافربری کنگان,transit,osm
alias_r20216460_11799,place_r20216460,میدان ابریشم,square,osm
alias_r14061508_11800,place_r14061508,میدان شهید فهمیده,square,osm
alias_r14061508_11801,place_r14061508,میدان شهید محسن فخری زاده,square,osm
alias_r14061508_11802,place_r14061508,میدان هومند,square,osm
alias_r14061508_11803,place_r14061508,میدان غدیر,square,osm
alias_r20193911_11804,place_r20193911,میدان دفاع مقدس,square,osm
alias_r8673011_11805,place_r8673011,میدان هما (ایران دوچرخ سابق),transit,osm
alias_r8672228_11806,place_r8672228,میدان هاشمی,square,osm
alias_r8321810_11807,place_r8321810,پل خاقانی,square,osm
alias_r17231348_11808,place_r17231348,ایستگاه مترو دفاع مقدس (صفه),transit,osm
alias_r8321683_11809,place_r8321683,میدان عالی قاپو,square,osm
alias_r8321800_11810,place_r8321800,پایانه سید خندان,transit,osm
alias_r8666277_11811,place_r8666277,ایستگاه مترو میدان کهن,transit,osm
alias_r10054099_11812,place_r10054099,ایستگاه مترو شهید دوران,transit,osm
alias_r8321763_11813,place_r8321763,پایانه قدس,transit,osm
alias_r8321882_11814,place_r8321882,میدان کمیل,square,osm
alias_r14151493_11815,place_r14151493,پایانه مسافربری سمیرم,transit,osm
alias_w623075669_11816,place_w623075669,ایستگاه مترو نور,transit,osm
alias_r9561738_11817,place_r9561738,شهر پرند,transit,osm
alias_r11141893_11818,place_r11141893,میدان الله,square,osm
alias_r17353299_11819,place_r17353299,ایستگاه راه آهن خرمشهر,transit,osm
alias_r6557021_11820,place_r6557021,حسينيه,transit,osm
alias_r8688514_11821,place_r8688514,کارون,transit,osm
alias_r7068962_11822,place_r7068962,ایستگاه راه آهن زاهدان,transit,osm
alias_r10053588_11823,place_r10053588,چهارراه هنگ,square,osm
alias_r6558865_11824,place_r6558865,میدان نیایش,square,osm
alias_r8818644_11825,place_r8818644,ایستگاه تله کابین کرمان,transit,osm
alias_r8321578_11827,place_r8321578,ایستگاه مترو امیرکبیر,transit,osm
alias_r11166650_11828,place_r11166650,پایانه اتوبوسرانی آباده طشک,transit,osm
alias_r8321777_11829,place_r8321777,کیان‌شهر,transit,osm
alias_r8199817_11830,place_r8199817,راه آهن سمنان,transit,osm
alias_r8683168_11831,place_r8683168,ایستگاه راه‌ آهن نیشابور,transit,osm
alias_r11506311_11832,place_r11506311,ایستگاه شاهرود,transit,osm
alias_r8682583_11833,place_r8682583,Bandar Abbas,transit,osm
alias_r14037178_11834,place_r14037178,ایستگاه مانوری قم,transit,osm
alias_r9561737_11835,place_r9561737,ایستگاه راه آهن رباط کریم,transit,osm
alias_r14055051_11836,place_r14055051,ایستگاه راه آهن امامزاده,transit,osm
alias_r8321700_11837,place_r8321700,ری,transit,osm
alias_r6558865_11838,place_r6558865,اسکله کیش,transit,osm
alias_r8678228_11839,place_r8678228,سه راه آب و فاضلاب,square,osm
alias_r6564175_11840,place_r6564175,ایستگاه مترو قونقا,transit,osm
alias_r6564175_11841,place_r6564175,ایستگاه مترو گازران,transit,osm
alias_r6564175_11842,place_r6564175,ایستگاه مترو میدان امام حسین,transit,osm
alias_r6564175_11843,place_r6564175,ایستگاه مترو لاله,transit,osm
alias_r6557252_11844,place_r6557252,نماز,transit,osm
alias_r6557252_11845,place_r6557252,نواب (سلمان فارسی),transit,osm
alias_r6557252_11846,place_r6557252,قائم,transit,osm
alias_r8792427_11847,place_r8792427,میدان قائم,square,osm
alias_r17231280_11848,place_r17231280,ایستگاه اتوبوس آبشار,transit,osm
alias_r17232497_11849,place_r17232497,پایانه ارغوانیه,transit,osm
alias_r16713340_11850,place_r16713340,پایانه خرم,transit,osm
alias_r12387154_11851,place_r12387154,ایستگاه فلاورجان,transit,osm
alias_r12390656_11852,place_r12390656,میدان چهارده معصوم,transit,osm
alias_r12400375_11853,place_r12400375,پایانه درچه,transit,osm
alias_r6606071_11854,place_r6606071,پایانه حافظ,transit,osm
alias_r12691862_11855,place_r12691862,میدان قدس (طوقچی),transit,osm
alias_r14125251_11856,place_r14125251,ترمینال دستگرد,transit,osm
alias_r17231348_11857,place_r17231348,پارک سوار صفه,transit,osm
alias_r12399777_11858,place_r12399777,پایانه دانشگاه صنعتی اصفهان,transit,osm
alias_r8679341_11859,place_r8679341,سه راه چمران,square,osm
alias_r8678258_11860,place_r8678258,چهارراه ولیعصر,square,osm
alias_r8678800_11861,place_r8678800,سه راه سرچشمه,square,osm
alias_r12657436_11862,place_r12657436,پایانه ولیعصر,transit,osm
alias_r14145156_11863,place_r14145156,پایانه شرق,transit,osm
alias_r6606071_11864,place_r6606071,پایانه مسافربری شاهین شهر,transit,osm
alias_r16464461_11865,place_r16464461,فلکه زندان,square,osm
alias_r8679958_11866,place_r8679958,مزار دیانتی,square,osm
alias_r17351911_11867,place_r17351911,ایستگاه راه آهن دورود,transit,osm
alias_r6558865_11868,place_r6558865,میدان قشم,square,osm
alias_r6558865_11869,place_r6558865,میدان دلفین,square,osm
alias_r6558865_11870,place_r6558865,میدان هنگام,square,osm
alias_r6558865_11871,place_r6558865,میدان اقتصاد,square,osm
alias_r6558865_11872,place_r6558865,میدان ملل,square,osm
alias_r6558865_11873,place_r6558865,میدان کاریز,square,osm
alias_r6558865_11874,place_r6558865,میدان نیلوفر,square,osm
alias_r6558865_11875,place_r6558865,میدان نوآوران,square,osm
alias_r6558865_11876,place_r6558865,میدان دلیران,square,osm
alias_r6558865_11877,place_r6558865,میدان پرواز,square,osm
alias_r6558865_11878,place_r6558865,اسکله ورودی و خروجی خودرو,transit,osm
alias_r12383192_11879,place_r12383192,ترمینال کاوه,transit,osm
alias_r17232173_11880,place_r17232173,ترمینال زاینده رود,transit,osm
alias_r8842282_11881,place_r8842282,قم,transit,osm
alias_r8321673_11882,place_r8321673,میرزای شیرازی,transit,osm
alias_r8321853_11883,place_r8321853,اقدسیه,transit,osm
alias_r8833769_11884,place_r8833769,چهارراه ورزش,square,osm
alias_r8321762_11885,place_r8321762,پایانه مترو جوانمرد قصاب,transit,osm
alias_r8321776_11886,place_r8321776,مرزداران,transit,osm
alias_r8321699_11887,place_r8321699,شهرری,transit,osm
alias_r10397212_11888,place_r10397212,میدان آزادی(گاراج),transit,osm
alias_r12946420_11889,place_r12946420,پارک فدک,transit,osm
alias_r12946459_11890,place_r12946459,پارک شاهد,transit,osm
alias_r12946459_11891,place_r12946459,سی متری دوم,transit,osm
alias_r12946569_11892,place_r12946569,چهارراه بسیج,transit,osm
alias_r12946521_11893,place_r12946521,بازار,transit,osm
alias_r12946597_11894,place_r12946597,میدان شهرداری سابق,transit,osm
alias_r12946597_11895,place_r12946597,میدان فردوسی,transit,osm
alias_r12946597_11896,place_r12946597,خیابان شورا,transit,osm
alias_r11092784_11897,place_r11092784,پایانه مسافربری آباده,transit,osm
alias_r8188592_11898,place_r8188592,پایانه مسافربری غدیر,transit,osm
alias_r10054143_11899,place_r10054143,ترمینال شهید کاراندیش,transit,osm
alias_r8900220_11900,place_r8900220,پایانه مسافربری کاشان,transit,osm
alias_r8321752_11901,place_r8321752,پایانه مسافربری جنوب,transit,osm
alias_r11174641_11902,place_r11174641,پایانه مسافری اقلید,transit,osm
alias_r8321662_11903,place_r8321662,پایانه کاوه,transit,osm
alias_r8321600_11904,place_r8321600,ایستگاه مترو شهید رضایی,transit,osm
alias_r8678162_11905,place_r8678162,چهارراه استانداری,square,osm
alias_r8678228_11906,place_r8678228,چهارراه توتونکاران,square,osm
alias_r8808822_11907,place_r8808822,پایانه مسافر بری بعثت,transit,osm
alias_r8670249_11908,place_r8670249,برج های یاس دو,square,osm
alias_r9125908_11909,place_r9125908,میدان مادر,square,osm
alias_r8678210_11910,place_r8678210,چاله,square,osm
alias_r8678210_11911,place_r8678210,دانشجو,square,osm
alias_r17341283_11912,place_r17341283,میدان شهدا,square,osm
alias_r17341283_11913,place_r17341283,ترمینال وکیلی,transit,osm
alias_r8321642_11914,place_r8321642,میدان مفتح,square,osm
alias_r8321594_11915,place_r8321594,میدان امام حسین (ع),square,osm
alias_w624030257_11916,place_w624030257,مجتمع ونک,square,osm
alias_r8677190_11917,place_r8677190,پایانه مسافربری خلیج فارس,transit,osm
alias_r8741480_11918,place_r8741480,ملکی,transit,osm
alias_r14122390_11919,place_r14122390,میدان دفاع مقدس,square,osm
alias_r8678159_11920,place_r8678159,ترمینال مرکزی خرم آباد,transit,osm
alias_r9068587_11921,place_r9068587,ایستگاه زائربر,transit,osm
alias_r8834224_11922,place_r8834224,ایستگاه زائربر,transit,osm
alias_r18797272_11923,place_r18797272,ترمینال خاوه,transit,osm
alias_r18797272_11924,place_r18797272,ترمینال مسافربری خرمآباد,transit,osm
alias_r13895268_11925,place_r13895268,پل صیدی,square,osm
alias_r9167439_11926,place_r9167439,مجتمع مسکونی شمس ولایت,square,osm
alias_r14037178_11927,place_r14037178,پایانه مونوریل قم ( خط اول ),transit,osm
alias_r9561737_11928,place_r9561737,پایانه اتوبوسرانی آبشناسان,transit,osm
alias_r8212055_11929,place_r8212055,چهارراه گنجینه,square,osm
alias_w201419439_11930,place_w201419439,ترمینال مسافربری دهدشت,transit,osm
alias_r17340930_11931,place_r17340930,ترمینال پیرانشهر,transit,osm
alias_r16027969_11932,place_r16027969,میدان وحدت _ دارایی,square,osm
alias_r12399779_11933,place_r12399779,ایستگاه کاج,transit,osm
alias_r16027969_11934,place_r16027969,میدان امامت,square,osm
alias_r6558865_11935,place_r6558865,Mir Mohanna Station,transit,osm
alias_r13887335_11936,place_r13887335,مسافربری سفرگسترتفرش,transit,osm
alias_r13887335_11937,place_r13887335,ترمینال آسیا گستر,transit,osm
alias_r13887335_11938,place_r13887335,پایانه اتوبوسرانی تفرش,transit,osm
alias_r8836223_11939,place_r8836223,ترمینال مسافربری بوکان,transit,osm
alias_r12946438_11940,place_r12946438,میدان امام حسین,square,osm
alias_r12946620_11941,place_r12946620,ترمینال راه کربلا,transit,osm
alias_r6564175_11942,place_r6564175,میدان رشادت,square,osm
alias_r8321734_11943,place_r8321734,میدان امام خمینی,square,osm
alias_r15955463_11944,place_r15955463,میدان غدیر (فلکه پمپ بنزین),square,osm
alias_r15574182_11945,place_r15574182,میدان بولود قاراچورلو,square,osm
alias_r8676632_11946,place_r8676632,ترمینال کوهدشت,transit,osm
alias_r12946459_11947,place_r12946459,پايانه مسافربری شهید کاویانی,transit,osm
alias_r6557252_11948,place_r6557252,پایانه اتوبوسرانی اسلامشهر,transit,osm
alias_r8691673_11949,place_r8691673,ایستگاه مترو ۴۵ متری گلشهر,transit,osm
alias_r8695200_11950,place_r8695200,ایستگاه مترو آیت الله طالقانی,transit,osm
alias_r13103318_11951,place_r13103318,فلکه هلیکوپتر,square,osm
alias_r8321683_11952,place_r8321683,کارگر,transit,osm
alias_r8321676_11953,place_r8321676,میدان حضرت ولی عصر(عج),transit,osm
alias_r14126053_11954,place_r14126053,میدان کبیر محمدیه,square,osm
alias_r16464041_11955,place_r16464041,پایانه مسافربری شوشتر,transit,osm
alias_r6557021_11956,place_r6557021,دروازه ورودی و خروجی منطقه آزاد اروند,square,osm
alias_r8321707_11957,place_r8321707,علامه جعفری,transit,osm
alias_r15574182_11958,place_r15574182,دروازا مئیدانی,square,osm
alias_r8321683_11959,place_r8321683,میدان فرشته,square,osm
alias_r12950613_11960,place_r12950613,تقاطع حافظ باکری,square,osm
alias_r8321573_11961,place_r8321573,میدان سرآسیاب,square,osm
alias_r9959271_11962,place_r9959271,میدان شهرداری,square,osm
alias_r8321607_11963,place_r8321607,مجتمع مسکونی غدیر,square,osm
alias_r8666248_11964,place_r8666248,میدان کوهنورد,square,osm
alias_r12946521_11965,place_r12946521,چهار راه مدرس,transit,osm
alias_r6558865_11966,place_r6558865,کشتی تفریحی رویای دریا,transit,osm
alias_r8677988_11967,place_r8677988,گرگان,transit,osm
alias_r9561738_11968,place_r9561738,چهار راه شهرک سلام,square,osm
alias_r8321862_11969,place_r8321862,ایستگاه جنگلبانی,transit,osm
alias_r8321699_11970,place_r8321699,پایانه مترو شهرری,transit,osm
alias_r8321775_11971,place_r8321775,Shahran Square,square,osm
alias_r16463801_11972,place_r16463801,میدان عاشورا,square,osm
alias_r8808854_11973,place_r8808854,میدان خاتم الانبیا,square,osm
alias_r21293263_11974,place_r21293263,ایستگاه راه آهن تهران,transit,osm
alias_r8321573_11975,place_r8321573,میدان کلانتری,square,osm
alias_r9569113_11976,place_r9569113,پایانه مسافربری قروه,transit,osm
alias_r10054750_11977,place_r10054750,ایستگاه مترو شهدای عادل آباد,transit,osm
alias_r10054694_11978,place_r10054694,ایستگاه مترو بسیج,transit,osm
alias_r10055195_11979,place_r10055195,ایستگاه مترو قهرمانان,transit,osm
alias_r18764470_11980,place_r18764470,میدان ۱۵ خرداد,square,osm
alias_r18764470_11981,place_r18764470,میدان معلم,square,osm
alias_r8321603_11982,place_r8321603,ایستگاه مترو مهدیه,transit,osm
alias_r8321778_11983,place_r8321778,ایستگاه مترو فرودگاه مهرآباد ترمینال‌های ۴ و ۶,transit,osm
alias_r8321778_11984,place_r8321778,ایستگاه مترو فرودگاه مهرآباد ترمینال‌های ۱ و ۲,transit,osm
alias_w623075669_11985,place_w623075669,ایستگاه مترو شهید باکری,transit,osm
alias_r8321789_11986,place_r8321789,پایانه شهید بهشتی,transit,osm
alias_r8919905_11987,place_r8919905,پایانه اتوبوس های درون شهری,transit,osm
alias_r8686117_11988,place_r8686117,ایستگاه مترو رجایی‌شهر,transit,osm
alias_r18764470_11989,place_r18764470,میدان امام رضا (ع),square,osm
alias_r18764470_11990,place_r18764470,میدان امام حسین (ع),square,osm
alias_r18764470_11991,place_r18764470,میدان امام خمینی (ره),square,osm
alias_r8321628_11992,place_r8321628,مجتمع ۲۲ بهمن,square,osm
alias_r17341189_11993,place_r17341189,منزل شخصی عبدالرضا چاروسائی,square,osm
alias_r10054750_11994,place_r10054750,ایستگاه مترو دولت,transit,osm
alias_r10054694_11995,place_r10054694,ایستگاه مترو رحمت,transit,osm
alias_r8673317_11996,place_r8673317,میدان شاهد,square,osm
alias_r8670171_11997,place_r8670171,میدان توحید,square,osm
alias_r21290235_11998,place_r21290235,بسیج,transit,osm
alias_r13006600_11999,place_r13006600,ساختمان تچرا,square,osm
alias_r14061509_12000,place_r14061509,میدان امیرکبیر,square,osm
alias_r8321583_12001,place_r8321583,پایانه ائمه اطهار,transit,osm
alias_r21290235_12002,place_r21290235,پایانه محلاتی,transit,osm
alias_r9167431_12003,place_r9167431,شهرک والفجر,transit,osm
alias_r8682600_12004,place_r8682600,میدان امام حسین,square,osm
alias_r8682443_12005,place_r8682443,میدان زندان,square,osm
alias_r8321759_12006,place_r8321759,مترو علی آباد,transit,osm
alias_r8321872_12007,place_r8321872,پایانه علم و صنعت شمالی,transit,osm
alias_r8677909_12008,place_r8677909,میدان سفیر امید,square,osm
alias_w625035928_12009,place_w625035928,میدان فلسطین,square,osm
alias_r16720415_12010,place_r16720415,میدان شهید رجایی,square,osm
alias_r16720415_12011,place_r16720415,_,square,osm
alias_r8321724_12012,place_r8321724,پایانه یافت آباد,transit,osm
alias_r8321762_12013,place_r8321762,میدان شهرداری,square,osm
alias_r8321720_12014,place_r8321720,پایانه شهرک آزادی,transit,osm
alias_r16720415_12015,place_r16720415,شهرداری ابهر,square,osm
alias_r16720415_12016,place_r16720415,میدان,square,osm
alias_r8321813_12017,place_r8321813,جنت آباد,transit,osm
alias_r8321773_12018,place_r8321773,المپیک,transit,osm
alias_r8321780_12019,place_r8321780,پایانه دریاچه,transit,osm
alias_r9167437_12020,place_r9167437,پل خاقانی,transit,osm
alias_r8321613_12021,place_r8321613,هاشم آباد,transit,osm
alias_r8321621_12022,place_r8321621,پارکینگ شهر ری,transit,osm
alias_r21293267_12023,place_r21293267,پایانه هفده شهریور,transit,osm
alias_r9518162_12024,place_r9518162,پیچ عیدیانی,square,osm
alias_r9518162_12025,place_r9518162,فلکه صنعت,square,osm
alias_r12452927_12026,place_r12452927,میدان معلم,square,osm
alias_r14060815_12027,place_r14060815,میدان بسیج,square,osm
alias_r17341508_12028,place_r17341508,میدان منتظری,square,osm
alias_r17341508_12029,place_r17341508,میدان امام,square,osm
alias_r14122461_12030,place_r14122461,میدان توحید,square,osm
alias_r14060815_12031,place_r14060815,میدان حجاب,square,osm
alias_r8919905_12032,place_r8919905,ایستگاه اتوبوس,transit,osm
alias_r14711716_12033,place_r14711716,میدان سردار شهید محمد سگوند,square,osm
alias_r12946521_12034,place_r12946521,میدان شهید رجایی,square,osm
alias_r8321709_12035,place_r8321709,برج میلاد تهران,transit,osm
alias_r17340930_12036,place_r17340930,میدان ماموستا هیمن,square,osm
alias_r17340930_12037,place_r17340930,میدان جمهوری اسلامی,square,osm
alias_r8919905_12038,place_r8919905,رشرکت حمل و نقل راه کوبان لیان,transit,osm
alias_r14059420_12039,place_r14059420,میدان امام‌ر ضا (ع),square,osm
alias_r8801878_12040,place_r8801878,شرکت تعاونی مسافربری مهر پیما,transit,osm
alias_r13063010_12041,place_r13063010,ترمینال مسافربری,transit,osm
alias_r9068586_12042,place_r9068586,شرکت حمل و نقل محمد ارسلان,transit,osm
alias_w825276476_12043,place_w825276476,میدان پرچم,square,osm
alias_r11167301_12044,place_r11167301,میدان مصلی,square,osm
alias_r9561738_12045,place_r9561738,میدان تخت جمشید,square,osm
alias_r9080271_12046,place_r9080271,کشتی تفریحی تارا دریا,transit,osm
alias_r13406527_12047,place_r13406527,حمل ونقل کوشابار اصفهان,transit,osm
alias_r17352312_12048,place_r17352312,ترمینال,transit,osm
alias_r11532828_12049,place_r11532828,ترمینال مسافربری,transit,osm
alias_r16463790_12050,place_r16463790,میدان یعقوب لیث,square,osm
alias_r17580861_12051,place_r17580861,ترمینال,transit,osm
alias_r11789912_12052,place_r11789912,اراک,transit,osm
alias_r6557105_12053,place_r6557105,میدان نبوت,square,osm
alias_r6557105_12054,place_r6557105,میدان امامت,square,osm
alias_r11226553_12055,place_r11226553,شرکت حمل ونقل بین المللی دریا نورد الماس,transit,osm
alias_r8321611_12056,place_r8321611,میدان خراسان,transit,osm
alias_r16736057_12057,place_r16736057,میدان معلم,square,osm
alias_r11803825_12058,place_r11803825,میدان آزادی,square,osm
alias_r8694597_12059,place_r8694597,مجتمع مسکونی ونک,square,osm
alias_r8321875_12060,place_r8321875,حمل و نقل - باربری دانش,transit,osm
alias_r11139560_12061,place_r11139560,میدان شهداء,square,osm
alias_r11139560_12062,place_r11139560,میدان امام خمینی,square,osm
alias_r11139560_12063,place_r11139560,میدان انقلاب,square,osm
alias_r11139560_12064,place_r11139560,میدان دانشجو,square,osm
alias_r11139560_12065,place_r11139560,میدان مادر,square,osm
alias_r10776079_12066,place_r10776079,ایستگاه مترو باب‌الجواد,transit,osm
alias_r8815671_12067,place_r8815671,خدمات ارسال بار هوایی حیدرزاده,transit,osm
alias_r11642885_12068,place_r11642885,میدان شهید دوران,square,osm
alias_r6564175_12069,place_r6564175,119,transit,osm
alias_r12967098_12072,place_r12967098,ایستگاه مترو شهید سلطانی,transit,osm
alias_r18800374_12073,place_r18800374,ترمینال الشتر,transit,osm
alias_r8688304_12074,place_r8688304,شرکت حمل و نقل نور اتحاد کارون,transit,osm
alias_r8814068_12075,place_r8814068,میدان فاطمیه,square,osm
alias_r8814068_12076,place_r8814068,میدان امام سجاد,square,osm
alias_r14132426_12077,place_r14132426,میدان بسیح,square,osm
alias_r10054869_12078,place_r10054869,ایستگاه مترو قصردشت,transit,osm
alias_r10054869_12079,place_r10054869,ایستگاه مترو شاهد,transit,osm
alias_r10055365_12080,place_r10055365,ایستگاه مترو غدیر,transit,osm
alias_r10055372_12081,place_r10055372,ایستگاه مترو جانبازان,transit,osm
alias_r10055372_12082,place_r10055372,ایستگاه مترو فرصت شیرازی,transit,osm
alias_r10053769_12083,place_r10053769,ایستگاه مترو زندیه,transit,osm
alias_r10054055_12084,place_r10054055,ایستگاه مترو شهید کاوه,transit,osm
alias_r10054055_12085,place_r10054055,ایستگاه مترو ولیعصر,transit,osm
alias_r11038732_12086,place_r11038732,ایستگاه مترو وکیل الرعایا,transit,osm
alias_r11042062_12087,place_r11042062,ایستگاه مترو فضیلت,transit,osm
alias_r8321672_12088,place_r8321672,فردوسی,transit,osm
alias_r14130278_12089,place_r14130278,شرکت حمل و نقل امین ترابر ایوانکی,transit,osm
alias_r8321775_12090,place_r8321775,شهید آرمان علی وردی,transit,osm
alias_r8321722_12091,place_r8321722,ایستگاه مترو شهرک اکباتان,transit,osm
alias_r8682730_12092,place_r8682730,امین بار,transit,osm
alias_r17231988_12093,place_r17231988,میدان میرزاطاهر نصرآبادی,square,osm
alias_r16464461_12094,place_r16464461,میلوار باغملی,square,osm
alias_r16464461_12095,place_r16464461,فلکه باغ ملی,square,osm
alias_r10385293_12096,place_r10385293,حمل ونقل مسافر درون شهری وبرون شهری,transit,osm
alias_r8321674_12097,place_r8321674,مریم مقدس(س),transit,osm
alias_r8321609_12098,place_r8321609,شهدای هفده شهریور,transit,osm
alias_r17351822_12099,place_r17351822,ترمینال مسافربری مرند,transit,osm
alias_r8741480_12100,place_r8741480,ایستگاه قطار شهرقدس,transit,osm
alias_r8321761_12101,place_r8321761,شهید بخارایی,transit,osm
alias_r8321752_12102,place_r8321752,پایانه جنوب,transit,osm
alias_r8321734_12104,place_r8321734,سعدی,transit,osm
alias_r8321672_12105,place_r8321672,آیت‌الله طالقانی,transit,osm
alias_r8321789_12106,place_r8321789,شهید مفتح,transit,osm
alias_r8321800_12107,place_r8321800,ایستگاه مترو مصلی امام خمینی(ره),transit,osm
alias_r8321833_12108,place_r8321833,شهید حقانی,transit,osm
alias_r8321835_12109,place_r8321835,دکتر شریعتی,transit,osm
alias_r8321844_12110,place_r8321844,شهید صدر,transit,osm
alias_r15436558_12111,place_r15436558,ایستگاه راه آهن تاکستان,transit,osm
alias_r9561738_12112,place_r9561738,ایستگاه قطار بین شهری پرند,transit,osm
alias_r12978212_12113,place_r12978212,مسکن مهر,square,osm
alias_r8321669_12114,place_r8321669,امام حسین(ع),transit,osm
alias_r8188592_12115,place_r8188592,میدان صلوات,square,osm
alias_r20216388_12116,place_r20216388,میدان تلاشگران,square,osm
alias_r20216388_12117,place_r20216388,میدان شهدا,square,osm
alias_r20216356_12118,place_r20216356,میدان لاله ها,square,osm
alias_r8188592_12119,place_r8188592,میدان پیامبر اعظم,square,osm
alias_r6639261_12120,place_r6639261,میدان غدیر,square,osm
alias_r6639261_12121,place_r6639261,میدان زرین,square,osm
alias_r8188592_12122,place_r8188592,میدان میلاد,square,osm
alias_r20216457_12123,place_r20216457,میدان دارالعباده,square,osm
alias_r8188592_12124,place_r8188592,فلکه ششم آزادشهر,square,osm
alias_r8682063_12125,place_r8682063,میدان بانوی شهید,square,osm
alias_r8812048_12126,place_r8812048,میدان سرامیک سازی,square,osm
alias_r11038737_12127,place_r11038737,ایستگاه مترو استقلال,transit,osm
alias_r9167430_12128,place_r9167430,ورزشگاه تختی,transit,osm
alias_r14161432_12129,place_r14161432,میدان آیت الله فاضل عقدایی,square,osm
alias_r14126053_12130,place_r14126053,میدان جمهوری اسلامی,square,osm
alias_r11139560_12131,place_r11139560,مجتمع مسکونی کیانوش,square,osm
alias_r8321721_12132,place_r8321721,پایانه آزادی,transit,osm
alias_r8321843_12133,place_r8321843,چهار راه غزه,square,osm
alias_r8321659_12134,place_r8321659,دانشگاه شریف,transit,osm
alias_r8321661_12135,place_r8321661,طرشت,transit,osm
alias_r8321744_12136,place_r8321744,دانشگاه امام علی(ع),transit,osm
alias_r8321734_12137,place_r8321734,حسن‌آباد,transit,osm
alias_r8321743_12138,place_r8321743,میدان حر,transit,osm
alias_r8321592_12139,place_r8321592,ملت,transit,osm
alias_r8321595_12140,place_r8321595,شهید مدنی,transit,osm
alias_r8321794_12141,place_r8321794,سبلان,transit,osm
alias_r8321805_12142,place_r8321805,جانبازان,transit,osm
alias_r8321872_12143,place_r8321872,سرسبز,transit,osm
alias_r8321872_12144,place_r8321872,دانشگاه علم و صنعت,transit,osm
alias_r8321612_12145,place_r8321612,چهل تن دولاب,transit,osm
alias_r8321609_12146,place_r8321609,ایستگاه مترو میدان قیام,transit,osm
alias_r8321675_12147,place_r8321675,میدان جهاد,transit,osm
alias_r8321784_12148,place_r8321784,سرباز وطن,transit,osm
alias_r8321849_12149,place_r8321849,نوبنیاد,transit,osm
alias_r9167408_12150,place_r9167408,آیت الله کاشانی,transit,osm
alias_r8321561_12151,place_r8321561,شهدای کن,transit,osm
alias_r8321560_12152,place_r8321560,شهران,transit,osm
alias_r8321556_12153,place_r8321556,شهید ستاری,transit,osm
alias_r9167414_12154,place_r9167414,دکتر حبیب اله,transit,osm
alias_r10054174_12155,place_r10054174,باربری نوین ترابر ایرانیان(بزرگ مقیاس),transit,osm
alias_r8321747_12156,place_r8321747,ایستگاه مترو مولوی,transit,osm
alias_r8321785_12157,place_r8321785,بهار شیراز,transit,osm
alias_r8321694_12158,place_r8321694,یادگار امام(ره),transit,osm
alias_r8321690_12159,place_r8321690,شهید اشرفی اصفهانی,transit,osm
alias_r19673419_12160,place_r19673419,شهید صیاد شیرازی,transit,osm
alias_r8321849_12161,place_r8321849,شهید زین الدین,transit,osm
alias_r8321850_12162,place_r8321850,حسین آباد,transit,osm
alias_r8321685_12163,place_r8321685,ایستگاه مترو مدافعان سلامت,transit,osm
alias_r8321571_12164,place_r8321571,ایستگاه مترو آهنگ,transit,osm
alias_r8321580_12165,place_r8321580,ایستگاه مترو پیروزی,transit,osm
alias_r8321709_12166,place_r8321709,بوستان گفتگو,transit,osm
alias_r8321819_12167,place_r8321819,میدان صنعت,transit,osm
alias_r8321820_12168,place_r8321820,شهید دادمان,transit,osm
alias_r8321823_12169,place_r8321823,میدان کتاب,transit,osm
alias_r8321633_12170,place_r8321633,شهرک شریعتی,transit,osm
alias_r8810554_12171,place_r8810554,ایستگاه مترو مفتح,transit,osm
alias_r8810563_12172,place_r8810563,ایستگاه مترو طبرسی,transit,osm
alias_r9068586_12173,place_r9068586,ایستگاه مترو امام رضا,transit,osm
alias_r8796699_12174,place_r8796699,ایستگاه مترو راه آهن,transit,osm
alias_r8810561_12175,place_r8810561,ایستگاه مترو فجر,transit,osm
alias_r8810557_12176,place_r8810557,ایستگاه مترو نبوت,transit,osm
alias_r8785951_12177,place_r8785951,ایستگاه مترو سعدی,transit,osm
alias_r8785944_12178,place_r8785944,ایستگاه مترو الندشت,transit,osm
alias_r8785944_12179,place_r8785944,ایستگاه مترو کوهسنگی,transit,osm
alias_r8833669_12180,place_r8833669,ایستگاه مترو شهید کاوه,transit,osm
alias_r10374717_12181,place_r10374717,ایستگاه مترو شهید فکوری,transit,osm
